tender_no,doc_label,doc_size_text,doc_url,local_html
968510,Construction of 'boundary' wall,,https://www.oil-india.com/download-tender-document?ten_detail=NkVXcjZXbmJvQWkx,data/raw/oil_india/tenders/detail_pages/968510.html
9874563,ttest,,https://www.oil-india.com/download-tender-document?ten_detail=NzBlcjZXbmJvQSswM3c9PQ%3D%3D,data/raw/oil_india/tenders/detail_pages/9874563.html
CBI0817P26,NIT,,https://www.oil-india.com/download-tender-document?ten_detail=NkVlL3VTSEw2RXFyM1FBPQ%3D%3D,data/raw/oil_india/tenders/detail_pages/CBI0817P26.html
CBI1002P26,NIT,,https://www.oil-india.com/download-tender-document?ten_detail=NkVhL3VTSEw2RXFyM1FBPQ%3D%3D,data/raw/oil_india/tenders/detail_pages/CBI1002P26.html
CBI1752P27,NIT,,https://www.oil-india.com/download-tender-document?ten_detail=NkVHeXVDSEw2RXFyM1FBPQ%3D%3D,data/raw/oil_india/tenders/detail_pages/CBI1752P27.html
CBI2228P27,NIT,,https://www.oil-india.com/download-tender-document?ten_detail=NkU2MXZpSEw2RXFyM1FBPQ%3D%3D,data/raw/oil_india/tenders/detail_pages/CBI2228P27.html
CBI5041P24,NIT,,https://www.oil-india.com/download-tender-document?ten_detail=N2xyaTZIaUN1dzA9,data/raw/oil_india/tenders/detail_pages/CBI5041P24.html
CBI5836P24,NIT,,https://www.oil-india.com/download-tender-document?ten_detail=NlVTd29HaksrUk93MkE9PQ%3D%3D,data/raw/oil_india/tenders/detail_pages/CBI5836P24.html
CBI6005P24,NIT,,https://www.oil-india.com/download-tender-document?ten_detail=NkVlL29HaksrUk93MkE9PQ%3D%3D,data/raw/oil_india/tenders/detail_pages/CBI6005P24.html
CBI6392P25,NIT,,https://www.oil-india.com/download-tender-document?ten_detail=N2tPK29HaksrUk93MkE9PQ%3D%3D,data/raw/oil_india/tenders/detail_pages/CBI6392P25.html
CBI6419P25,NIT,,https://www.oil-india.com/download-tender-document?ten_detail=N2tHeW9HaksrUk93MkE9PQ%3D%3D,data/raw/oil_india/tenders/detail_pages/CBI6419P25.html
CBI7368P25,NIT,,https://www.oil-india.com/download-tender-document?ten_detail=NmtlL3Z5SEw2RXFyM1FBPQ%3D%3D,data/raw/oil_india/tenders/detail_pages/CBI7368P25.html
CBI7417P25,NIT,,https://www.oil-india.com/download-tender-document?ten_detail=NmtheXZ5SEw2RXFyM1FBPQ%3D%3D,data/raw/oil_india/tenders/detail_pages/CBI7417P25.html
CBI7863P25,NIT,,https://www.oil-india.com/download-tender-document?ten_detail=NmtTeHZ5SEw2RXFyM1FBPQ%3D%3D,data/raw/oil_india/tenders/detail_pages/CBI7863P25.html
CBI8199P25,NIT,,https://www.oil-india.com/download-tender-document?ten_detail=NmtLd3Z5SEw2RXFyM1FBPQ%3D%3D,data/raw/oil_india/tenders/detail_pages/CBI8199P25.html
CBI8391P25,NIT,,https://www.oil-india.com/download-tender-document?ten_detail=NmtHeHRTSEw2RXFyM1FBPQ%3D%3D,data/raw/oil_india/tenders/detail_pages/CBI8391P25.html
CBI9334P26,NIT,,https://www.oil-india.com/download-tender-document?ten_detail=NlVXMnRDSEw2RXFyM1FBPQ%3D%3D,data/raw/oil_india/tenders/detail_pages/CBI9334P26.html
CBI9525P26,NIT,,https://www.oil-india.com/download-tender-document?ten_detail=NlVXL3VpSEw2RXFyM1FBPQ%3D%3D,data/raw/oil_india/tenders/detail_pages/CBI9525P26.html
CBI9671P26,NIT,,https://www.oil-india.com/download-tender-document?ten_detail=NlVTK3Z5SEw2RXFyM1FBPQ%3D%3D,data/raw/oil_india/tenders/detail_pages/CBI9671P26.html
CDC0019L26,NIT,,https://www.oil-india.com/download-tender-document?ten_detail=NlVHMnZDSEw2RXFyM1FZPQ%3D%3D,data/raw/oil_india/tenders/detail_pages/CDC0019L26.html
CDC0021L26,NIT,,https://www.oil-india.com/download-tender-document?ten_detail=NlVHMnZ5SEw2RXFyM1FZPQ%3D%3D,data/raw/oil_india/tenders/detail_pages/CDC0021L26.html
CDC0022L26,NIT,,https://www.oil-india.com/download-tender-document?ten_detail=NlVHMnZpSEw2RXFyM1FZPQ%3D%3D,data/raw/oil_india/tenders/detail_pages/CDC0022L26.html
CDC0049L26,NIT,,https://www.oil-india.com/download-tender-document?ten_detail=NlVHeXZDSEw2RXFyM1FZPQ%3D%3D,data/raw/oil_india/tenders/detail_pages/CDC0049L26.html
CDC0050P26,NIT,,https://www.oil-india.com/download-tender-document?ten_detail=NlVHMXZ5SEw2RXFyM1FBPQ%3D%3D,data/raw/oil_india/tenders/detail_pages/CDC0050P26.html
CDC0051P26,NIT,,https://www.oil-india.com/download-tender-document?ten_detail=NlVHMXZpSEw2RXFyM1FBPQ%3D%3D,data/raw/oil_india/tenders/detail_pages/CDC0051P26.html
CDC0098P26,NIT,,https://www.oil-india.com/download-tender-document?ten_detail=NlVHenZTSEw2RXFyM1FBPQ%3D%3D,data/raw/oil_india/tenders/detail_pages/CDC0098P26.html
CDC0099P26,NIT,,https://www.oil-india.com/download-tender-document?ten_detail=NlVHenZpSEw2RXFyM1FBPQ%3D%3D,data/raw/oil_india/tenders/detail_pages/CDC0099P26.html
CDC0105L26,NIT,,https://www.oil-india.com/download-tender-document?ten_detail=NlVHenVTSEw2RXFyM1FZPQ%3D%3D,data/raw/oil_india/tenders/detail_pages/CDC0105L26.html
CDC0133L26,NIT,,https://www.oil-india.com/download-tender-document?ten_detail=NlVHeHRDSEw2RXFyM1FZPQ%3D%3D,data/raw/oil_india/tenders/detail_pages/CDC0133L26.html
CDC0134L26,NIT,,https://www.oil-india.com/download-tender-document?ten_detail=NlVHK3ZTSEw2RXFyM1FZPQ%3D%3D,data/raw/oil_india/tenders/detail_pages/CDC0134L26.html
CDC0135P26,NIT,,https://www.oil-india.com/download-tender-document?ten_detail=NlVDM3ZTSEw2RXFyM1FBPQ%3D%3D,data/raw/oil_india/tenders/detail_pages/CDC0135P26.html
CDC0168L26,NIT,,https://www.oil-india.com/download-tender-document?ten_detail=NlVHK3V5SEw2RXFyM1FZPQ%3D%3D,data/raw/oil_india/tenders/detail_pages/CDC0168L26.html
CDC0169P26,NIT,,https://www.oil-india.com/download-tender-document?ten_detail=NlVHK3VpSEw2RXFyM1FBPQ%3D%3D,data/raw/oil_india/tenders/detail_pages/CDC0169P26.html
CDC0205L26,NIT,,https://www.oil-india.com/download-tender-document?ten_detail=NlVDM3ZDSEw2RXFyM1FZPQ%3D%3D,data/raw/oil_india/tenders/detail_pages/CDC0205L26.html
CDC0206L26,NIT,,https://www.oil-india.com/download-tender-document?ten_detail=NlVDM3Z5SEw2RXFyM1FZPQ%3D%3D,data/raw/oil_india/tenders/detail_pages/CDC0206L26.html
CDC0246P26,NIT,,https://www.oil-india.com/download-tender-document?ten_detail=NlVDenZpSEw2RXFyM1FBPQ%3D%3D,data/raw/oil_india/tenders/detail_pages/CDC0246P26.html
CDC0269L26,NIT,,https://www.oil-india.com/download-tender-document?ten_detail=NlVDenVTSEw2RXFyM1FZPQ%3D%3D,data/raw/oil_india/tenders/detail_pages/CDC0269L26.html
CDC0288L26,NIT,,https://www.oil-india.com/download-tender-document?ten_detail=NlVDeHVpSEw2RXFyM1FZPQ%3D%3D,data/raw/oil_india/tenders/detail_pages/CDC0288L26.html
CDC0289P26,NIT,,https://www.oil-india.com/download-tender-document?ten_detail=NlVDK3ZpSEw2RXFyM1FBPQ%3D%3D,data/raw/oil_india/tenders/detail_pages/CDC0289P26.html
CDC0303P26,NIT,,https://www.oil-india.com/download-tender-document?ten_detail=NlVDK3VpSEw2RXFyM1FBPQ%3D%3D,data/raw/oil_india/tenders/detail_pages/CDC0303P26.html
CDC0316P26,NIT,,https://www.oil-india.com/download-tender-document?ten_detail=NlUrMnRTSEw2RXFyM1FBPQ%3D%3D,data/raw/oil_india/tenders/detail_pages/CDC0316P26.html
CDC0334P26,NIT,,https://www.oil-india.com/download-tender-document?ten_detail=NlVDL3VpSEw2RXFyM1FBPQ%3D%3D,data/raw/oil_india/tenders/detail_pages/CDC0334P26.html
CDC0337L26,NIT,,https://www.oil-india.com/download-tender-document?ten_detail=NlVDL3V5SEw2RXFyM1FZPQ%3D%3D,data/raw/oil_india/tenders/detail_pages/CDC0337L26.html
CDC0354L26,NIT,,https://www.oil-india.com/download-tender-document?ten_detail=NlUrM3ZTSEw2RXFyM1FZPQ%3D%3D,data/raw/oil_india/tenders/detail_pages/CDC0354L26.html
CDC0355L26,NIT,,https://www.oil-india.com/download-tender-document?ten_detail=NlUrM3ZDSEw2RXFyM1FZPQ%3D%3D,data/raw/oil_india/tenders/detail_pages/CDC0355L26.html
CDC0356P26,NIT,,https://www.oil-india.com/download-tender-document?ten_detail=NlUrMnRDSEw2RXFyM1FBPQ%3D%3D,data/raw/oil_india/tenders/detail_pages/CDC0356P26.html
CDC0366P26,NIT,,https://www.oil-india.com/download-tender-document?ten_detail=NlUrMHZ5SEw2RXFyM1FBPQ%3D%3D,data/raw/oil_india/tenders/detail_pages/CDC0366P26.html
CDC0386P26,NIT,,https://www.oil-india.com/download-tender-document?ten_detail=NlUrMHRDSEw2RXFyM1FBPQ%3D%3D,data/raw/oil_india/tenders/detail_pages/CDC0386P26.html
CDC0387P26,NIT,,https://www.oil-india.com/download-tender-document?ten_detail=NlUrMXZTSEw2RXFyM1FBPQ%3D%3D,data/raw/oil_india/tenders/detail_pages/CDC0387P26.html
CDC0388P26,NIT,,https://www.oil-india.com/download-tender-document?ten_detail=NlUrMXZDSEw2RXFyM1FBPQ%3D%3D,data/raw/oil_india/tenders/detail_pages/CDC0388P26.html
CDC0400L26,NIT,,https://www.oil-india.com/download-tender-document?ten_detail=NlUrMXZ5SEw2RXFyM1FZPQ%3D%3D,data/raw/oil_india/tenders/detail_pages/CDC0400L26.html
CDC0412P26,NIT,,https://www.oil-india.com/download-tender-document?ten_detail=NlUreXV5SEw2RXFyM1FBPQ%3D%3D,data/raw/oil_india/tenders/detail_pages/CDC0412P26.html
CDC0415L26,NIT,,https://www.oil-india.com/download-tender-document?ten_detail=NlUrenRDSEw2RXFyM1FZPQ%3D%3D,data/raw/oil_india/tenders/detail_pages/CDC0415L26.html
CDC0421L26,NIT,,https://www.oil-india.com/download-tender-document?ten_detail=NlUreXRTSEw2RXFyM1FZPQ%3D%3D,data/raw/oil_india/tenders/detail_pages/CDC0421L26.html
CDC0422L26,NIT,,https://www.oil-india.com/download-tender-document?ten_detail=NlUreXRDSEw2RXFyM1FZPQ%3D%3D,data/raw/oil_india/tenders/detail_pages/CDC0422L26.html
CDC0423P26,NIT,,https://www.oil-india.com/download-tender-document?ten_detail=NlUreXVpSEw2RXFyM1FBPQ%3D%3D,data/raw/oil_india/tenders/detail_pages/CDC0423P26.html
CDC0430L26,NIT,,https://www.oil-india.com/download-tender-document?ten_detail=NlUrenRTSEw2RXFyM1FZPQ%3D%3D,data/raw/oil_india/tenders/detail_pages/CDC0430L26.html
CDC0431L26,NIT,,https://www.oil-india.com/download-tender-document?ten_detail=NlUrenZ5SEw2RXFyM1FZPQ%3D%3D,data/raw/oil_india/tenders/detail_pages/CDC0431L26.html
CDC0438L26,NIT,,https://www.oil-india.com/download-tender-document?ten_detail=NlUrenVpSEw2RXFyM1FZPQ%3D%3D,data/raw/oil_india/tenders/detail_pages/CDC0438L26.html
CDC0449L26,NIT,,https://www.oil-india.com/download-tender-document?ten_detail=NlUrenZDSEw2RXFyM1FZPQ%3D%3D,data/raw/oil_india/tenders/detail_pages/CDC0449L26.html
CDC0470P26,NIT,,https://www.oil-india.com/download-tender-document?ten_detail=NlUreHRTSEw2RXFyM1FBPQ%3D%3D,data/raw/oil_india/tenders/detail_pages/CDC0470P26.html
CDC0496L26,NIT,,https://www.oil-india.com/download-tender-document?ten_detail=NlU2MnZTSEw2RXFyM1FZPQ%3D%3D,data/raw/oil_india/tenders/detail_pages/CDC0496L26.html
CDC0497L26,NIT,,https://www.oil-india.com/download-tender-document?ten_detail=NlU2MnZDSEw2RXFyM1FZPQ%3D%3D,data/raw/oil_india/tenders/detail_pages/CDC0497L26.html
CDC0596P26,NIT,,https://www.oil-india.com/download-tender-document?ten_detail=NlU2K3ZTSEw2RXFyM1FBPQ%3D%3D,data/raw/oil_india/tenders/detail_pages/CDC0596P26.html
CDC0613P26,NIT,,https://www.oil-india.com/download-tender-document?ten_detail=NlU2L3VDSEw2RXFyM1FBPQ%3D%3D,data/raw/oil_india/tenders/detail_pages/CDC0613P26.html
CDC0699P26,NIT,,https://www.oil-india.com/download-tender-document?ten_detail=NkVlMHVTSEw2RXFyM1FBPQ%3D%3D,data/raw/oil_india/tenders/detail_pages/CDC0699P26.html
CDC0703P26,NIT,,https://www.oil-india.com/download-tender-document?ten_detail=NkVlMHZpSEw2RXFyM1FBPQ%3D%3D,data/raw/oil_india/tenders/detail_pages/CDC0703P26.html
CDC0814L26,NIT,,https://www.oil-india.com/download-tender-document?ten_detail=NkVhMXVDSEw2RXFyM1FZPQ%3D%3D,data/raw/oil_india/tenders/detail_pages/CDC0814L26.html
CDC0946P26,NIT,,https://www.oil-india.com/download-tender-document?ten_detail=NkVXMnZ5SEw2RXFyM1FBPQ%3D%3D,data/raw/oil_india/tenders/detail_pages/CDC0946P26.html
CDC0990L26,NIT,,https://www.oil-india.com/download-tender-document?ten_detail=NkVXMnVDSEw2RXFyM1FZPQ%3D%3D,data/raw/oil_india/tenders/detail_pages/CDC0990L26.html
CDC1001L26,NIT,,https://www.oil-india.com/download-tender-document?ten_detail=NkVXMnV5SEw2RXFyM1FZPQ%3D%3D,data/raw/oil_india/tenders/detail_pages/CDC1001L26.html
CDC1007L26,NIT,,https://www.oil-india.com/download-tender-document?ten_detail=NkVXM3VDSEw2RXFyM1FZPQ%3D%3D,data/raw/oil_india/tenders/detail_pages/CDC1007L26.html
CDC1008P26,NIT,,https://www.oil-india.com/download-tender-document?ten_detail=NkVXM3V5SEw2RXFyM1FBPQ%3D%3D,data/raw/oil_india/tenders/detail_pages/CDC1008P26.html
CDC1009P26,NIT,,https://www.oil-india.com/download-tender-document?ten_detail=NkVXM3VpSEw2RXFyM1FBPQ%3D%3D,data/raw/oil_india/tenders/detail_pages/CDC1009P26.html
CDC1090P26,NIT,,https://www.oil-india.com/download-tender-document?ten_detail=NkVXenZDSEw2RXFyM1FBPQ%3D%3D,data/raw/oil_india/tenders/detail_pages/CDC1090P26.html
CDC1130L26,NIT,,https://www.oil-india.com/download-tender-document?ten_detail=NkVXeHV5SEw2RXFyM1FZPQ%3D%3D,data/raw/oil_india/tenders/detail_pages/CDC1130L26.html
CDC1136P26,NIT,,https://www.oil-india.com/download-tender-document?ten_detail=NkVXK3VDSEw2RXFyM1FBPQ%3D%3D,data/raw/oil_india/tenders/detail_pages/CDC1136P26.html
CDC1148L26,NIT,,https://www.oil-india.com/download-tender-document?ten_detail=NkVXK3RDSEw2RXFyM1FZPQ%3D%3D,data/raw/oil_india/tenders/detail_pages/CDC1148L26.html
CDC1157L26,NIT,,https://www.oil-india.com/download-tender-document?ten_detail=NkVXK3ZpSEw2RXFyM1FZPQ%3D%3D,data/raw/oil_india/tenders/detail_pages/CDC1157L26.html
CDC1158L26,NIT,,https://www.oil-india.com/download-tender-document?ten_detail=NkVXL3V5SEw2RXFyM1FZPQ%3D%3D,data/raw/oil_india/tenders/detail_pages/CDC1158L26.html
CDC1159L26,NIT,,https://www.oil-india.com/download-tender-document?ten_detail=NkVTM3V5SEw2RXFyM1FZPQ%3D%3D,data/raw/oil_india/tenders/detail_pages/CDC1159L26.html
CDC1160L26,NIT,,https://www.oil-india.com/download-tender-document?ten_detail=NkVTM3VDSEw2RXFyM1FZPQ%3D%3D,data/raw/oil_india/tenders/detail_pages/CDC1160L26.html
CDC1188L26,NIT,,https://www.oil-india.com/download-tender-document?ten_detail=NkVTM3RTSEw2RXFyM1FZPQ%3D%3D,data/raw/oil_india/tenders/detail_pages/CDC1188L26.html
CDC1248L26,NIT,,https://www.oil-india.com/download-tender-document?ten_detail=NkVTeXV5SEw2RXFyM1FZPQ%3D%3D,data/raw/oil_india/tenders/detail_pages/CDC1248L26.html
CDC1293L26,NIT,,https://www.oil-india.com/download-tender-document?ten_detail=NkVTK3V5SEw2RXFyM1FZPQ%3D%3D,data/raw/oil_india/tenders/detail_pages/CDC1293L26.html
CDC1313P26,NIT,,https://www.oil-india.com/download-tender-document?ten_detail=NkVTK3ZTSEw2RXFyM1FBPQ%3D%3D,data/raw/oil_india/tenders/detail_pages/CDC1313P26.html
CDC1382L26,NIT,,https://www.oil-india.com/download-tender-document?ten_detail=NkVPMHVDSEw2RXFyM1FZPQ%3D%3D,data/raw/oil_india/tenders/detail_pages/CDC1382L26.html
CDC1409P26,NIT,,https://www.oil-india.com/download-tender-document?ten_detail=NkVPeXRTSEw2RXFyM1FBPQ%3D%3D,data/raw/oil_india/tenders/detail_pages/CDC1409P26.html
CDC1410L26,NIT,,https://www.oil-india.com/download-tender-document?ten_detail=NkVPd3ZTSEw2RXFyM1FZPQ%3D%3D,data/raw/oil_india/tenders/detail_pages/CDC1410L26.html
CDC1425L26,NIT,,https://www.oil-india.com/download-tender-document?ten_detail=NkVPenVDSEw2RXFyM1FZPQ%3D%3D,data/raw/oil_india/tenders/detail_pages/CDC1425L26.html
CDC1437L26,NIT,,https://www.oil-india.com/download-tender-document?ten_detail=NkVPd3VDSEw2RXFyM1FZPQ%3D%3D,data/raw/oil_india/tenders/detail_pages/CDC1437L26.html
CDC1438L26,NIT,,https://www.oil-india.com/download-tender-document?ten_detail=NkVPd3VTSEw2RXFyM1FZPQ%3D%3D,data/raw/oil_india/tenders/detail_pages/CDC1438L26.html
CDC1446L26,NIT,,https://www.oil-india.com/download-tender-document?ten_detail=NkVPd3ZpSEw2RXFyM1FZPQ%3D%3D,data/raw/oil_india/tenders/detail_pages/CDC1446L26.html
CDC1456P26,NIT,,https://www.oil-india.com/download-tender-document?ten_detail=NkVPd3V5SEw2RXFyM1FBPQ%3D%3D,data/raw/oil_india/tenders/detail_pages/CDC1456P26.html
CDC1470L26,NIT,,https://www.oil-india.com/download-tender-document?ten_detail=NkVPeHVDSEw2RXFyM1FZPQ%3D%3D,data/raw/oil_india/tenders/detail_pages/CDC1470L26.html
CDC1471L26,NIT,,https://www.oil-india.com/download-tender-document?ten_detail=NkVPeHVpSEw2RXFyM1FZPQ%3D%3D,data/raw/oil_india/tenders/detail_pages/CDC1471L26.html
CDC1479P26,NIT,,https://www.oil-india.com/download-tender-document?ten_detail=NkVPd3VpSEw2RXFyM1FBPQ%3D%3D,data/raw/oil_india/tenders/detail_pages/CDC1479P26.html
CDC1480L26,NIT,,https://www.oil-india.com/download-tender-document?ten_detail=NkVPeHV5SEw2RXFyM1FZPQ%3D%3D,data/raw/oil_india/tenders/detail_pages/CDC1480L26.html
CDC1482L26,NIT,,https://www.oil-india.com/download-tender-document?ten_detail=NkVPeHRTSEw2RXFyM1FZPQ%3D%3D,data/raw/oil_india/tenders/detail_pages/CDC1482L26.html
CDC1483P26,NIT,,https://www.oil-india.com/download-tender-document?ten_detail=NkVPK3ZDSEw2RXFyM1FBPQ%3D%3D,data/raw/oil_india/tenders/detail_pages/CDC1483P26.html
CDC1484P26,NIT,,https://www.oil-india.com/download-tender-document?ten_detail=NkVPK3Z5SEw2RXFyM1FBPQ%3D%3D,data/raw/oil_india/tenders/detail_pages/CDC1484P26.html
CDC1485P26,NIT,,https://www.oil-india.com/download-tender-document?ten_detail=NkVPK3ZpSEw2RXFyM1FBPQ%3D%3D,data/raw/oil_india/tenders/detail_pages/CDC1485P26.html
CDC1486L26,NIT,,https://www.oil-india.com/download-tender-document?ten_detail=NkVPeHRDSEw2RXFyM1FZPQ%3D%3D,data/raw/oil_india/tenders/detail_pages/CDC1486L26.html
CDC1513P26,NIT,,https://www.oil-india.com/download-tender-document?ten_detail=NkVPK3VpSEw2RXFyM1FBPQ%3D%3D,data/raw/oil_india/tenders/detail_pages/CDC1513P26.html
CDC1514L26,NIT,,https://www.oil-india.com/download-tender-document?ten_detail=NkVPK3V5SEw2RXFyM1FZPQ%3D%3D,data/raw/oil_india/tenders/detail_pages/CDC1514L26.html
CDC1530P26,NIT,,https://www.oil-india.com/download-tender-document?ten_detail=NkVPL3RTSEw2RXFyM1FBPQ%3D%3D,data/raw/oil_india/tenders/detail_pages/CDC1530P26.html
CDC1531P26,NIT,,https://www.oil-india.com/download-tender-document?ten_detail=NkVPL3RDSEw2RXFyM1FBPQ%3D%3D,data/raw/oil_india/tenders/detail_pages/CDC1531P26.html
CDC1532P26,NIT,,https://www.oil-india.com/download-tender-document?ten_detail=NkVLMnZTSEw2RXFyM1FBPQ%3D%3D,data/raw/oil_india/tenders/detail_pages/CDC1532P26.html
CDC1547P26,NIT,,https://www.oil-india.com/download-tender-document?ten_detail=NkVLMnVpSEw2RXFyM1FBPQ%3D%3D,data/raw/oil_india/tenders/detail_pages/CDC1547P26.html
CDC1548P26,NIT,,https://www.oil-india.com/download-tender-document?ten_detail=NkVLMnRTSEw2RXFyM1FBPQ%3D%3D,data/raw/oil_india/tenders/detail_pages/CDC1548P26.html
CDC1549P26,NIT,,https://www.oil-india.com/download-tender-document?ten_detail=NkVLMnRDSEw2RXFyM1FBPQ%3D%3D,data/raw/oil_india/tenders/detail_pages/CDC1549P26.html
CDC1560P26,NIT,,https://www.oil-india.com/download-tender-document?ten_detail=NkVLM3VpSEw2RXFyM1FBPQ%3D%3D,data/raw/oil_india/tenders/detail_pages/CDC1560P26.html
CDC1586L26,NIT,,https://www.oil-india.com/download-tender-document?ten_detail=NkVLM3RDSEw2RXFyM1FZPQ%3D%3D,data/raw/oil_india/tenders/detail_pages/CDC1586L26.html
CDC1602L27,NIT,,https://www.oil-india.com/download-tender-document?ten_detail=NkVLMHRDSEw2RXFyM1FZPQ%3D%3D,data/raw/oil_india/tenders/detail_pages/CDC1602L27.html
CDC1605P27,NIT,,https://www.oil-india.com/download-tender-document?ten_detail=NkVLeXZpSEw2RXFyM1FBPQ%3D%3D,data/raw/oil_india/tenders/detail_pages/CDC1605P27.html
CDC1652P27,NIT,,https://www.oil-india.com/download-tender-document?ten_detail=NkVLd3VDSEw2RXFyM1FBPQ%3D%3D,data/raw/oil_india/tenders/detail_pages/CDC1652P27.html
CDC1653P27,NIT,,https://www.oil-india.com/download-tender-document?ten_detail=NkVLd3V5SEw2RXFyM1FBPQ%3D%3D,data/raw/oil_india/tenders/detail_pages/CDC1653P27.html
CDC1655P27,NIT,,https://www.oil-india.com/download-tender-document?ten_detail=NkVHMnRDSEw2RXFyM1FBPQ%3D%3D,data/raw/oil_india/tenders/detail_pages/CDC1655P27.html
CDC1693P27,NIT,,https://www.oil-india.com/download-tender-document?ten_detail=NkVHMnZTSEw2RXFyM1FBPQ%3D%3D,data/raw/oil_india/tenders/detail_pages/CDC1693P27.html
CDC1694P27,NIT,,https://www.oil-india.com/download-tender-document?ten_detail=NkVHMnZDSEw2RXFyM1FBPQ%3D%3D,data/raw/oil_india/tenders/detail_pages/CDC1694P27.html
CDC1714L27,NIT,,https://www.oil-india.com/download-tender-document?ten_detail=NkVHMHRDSEw2RXFyM1FZPQ%3D%3D,data/raw/oil_india/tenders/detail_pages/CDC1714L27.html
CDC1721L27,NIT,,https://www.oil-india.com/download-tender-document?ten_detail=NkVHMXZDSEw2RXFyM1FZPQ%3D%3D,data/raw/oil_india/tenders/detail_pages/CDC1721L27.html
CDC1723L27,NIT,,https://www.oil-india.com/download-tender-document?ten_detail=NkVHMXZTSEw2RXFyM1FZPQ%3D%3D,data/raw/oil_india/tenders/detail_pages/CDC1723L27.html
CDC1736L27,NIT,,https://www.oil-india.com/download-tender-document?ten_detail=NkVHL3VTSEw2RXFyM1FZPQ%3D%3D,data/raw/oil_india/tenders/detail_pages/CDC1736L27.html
CDC1746P27,NIT,,https://www.oil-india.com/download-tender-document?ten_detail=NkVHeXZDSEw2RXFyM1FBPQ%3D%3D,data/raw/oil_india/tenders/detail_pages/CDC1746P27.html
CDC2067L27,NIT,,https://www.oil-india.com/download-tender-document?ten_detail=NkUrMXZpSEw2RXFyM1FZPQ%3D%3D,data/raw/oil_india/tenders/detail_pages/CDC2067L27.html
CDC2070L27,NIT,,https://www.oil-india.com/download-tender-document?ten_detail=NkUrMXVTSEw2RXFyM1FZPQ%3D%3D,data/raw/oil_india/tenders/detail_pages/CDC2070L27.html
CDC2137P27,NIT,,https://www.oil-india.com/download-tender-document?ten_detail=NkU2MHVTSEw2RXFyM1FBPQ%3D%3D,data/raw/oil_india/tenders/detail_pages/CDC2137P27.html
CDC2194P27,NIT,,https://www.oil-india.com/download-tender-document?ten_detail=NkU2MHVDSEw2RXFyM1FBPQ%3D%3D,data/raw/oil_india/tenders/detail_pages/CDC2194P27.html
CDC2220L27,NIT,,https://www.oil-india.com/download-tender-document?ten_detail=NkU2eHZTSEw2RXFyM1FZPQ%3D%3D,data/raw/oil_india/tenders/detail_pages/CDC2220L27.html
CDC2406P27,NIT,,https://www.oil-india.com/download-tender-document?ten_detail=NzBlenRDSEw2RXFyM1FBPQ%3D%3D,data/raw/oil_india/tenders/detail_pages/CDC2406P27.html
CDC2416P27,NIT,,https://www.oil-india.com/download-tender-document?ten_detail=NzBlMXZpSEw2RXFyM1FBPQ%3D%3D,data/raw/oil_india/tenders/detail_pages/CDC2416P27.html
CDC2440P27,NIT,,https://www.oil-india.com/download-tender-document?ten_detail=NzBlenV5SEw2RXFyM1FBPQ%3D%3D,data/raw/oil_india/tenders/detail_pages/CDC2440P27.html
CDC2446P27,NIT,,https://www.oil-india.com/download-tender-document?ten_detail=NzBld3RDSEw2RXFyM1FBPQ%3D%3D,data/raw/oil_india/tenders/detail_pages/CDC2446P27.html
CDC2448L27,NIT,,https://www.oil-india.com/download-tender-document?ten_detail=NzBlenVDSEw2RXFyM1FZPQ%3D%3D,data/raw/oil_india/tenders/detail_pages/CDC2448L27.html
CDC2497P27,NIT,,https://www.oil-india.com/download-tender-document?ten_detail=NzBld3VTSEw2RXFyM1FBPQ%3D%3D,data/raw/oil_india/tenders/detail_pages/CDC2497P27.html
CDC2498L27,NIT,,https://www.oil-india.com/download-tender-document?ten_detail=NzBhMnZpSEw2RXFyM1FZPQ%3D%3D,data/raw/oil_india/tenders/detail_pages/CDC2498L27.html
CDC2501P27,NIT,,https://www.oil-india.com/download-tender-document?ten_detail=NzBhMHZ5SEw2RXFyM1FBPQ%3D%3D,data/raw/oil_india/tenders/detail_pages/CDC2501P27.html
CDC2564L27,NIT,,https://www.oil-india.com/download-tender-document?ten_detail=NzBhMXV5SEw2RXFyM1FZPQ%3D%3D,data/raw/oil_india/tenders/detail_pages/CDC2564L27.html
CDC2565L27,NIT,,https://www.oil-india.com/download-tender-document?ten_detail=NzBhMHZDSEw2RXFyM1FZPQ%3D%3D,data/raw/oil_india/tenders/detail_pages/CDC2565L27.html
CDC2566L27,NIT,,https://www.oil-india.com/download-tender-document?ten_detail=NzBhM3V5SEw2RXFyM1FZPQ%3D%3D,data/raw/oil_india/tenders/detail_pages/CDC2566L27.html
CDC2576L27,NIT,,https://www.oil-india.com/download-tender-document?ten_detail=NzBhM3VDSEw2RXFyM1FZPQ%3D%3D,data/raw/oil_india/tenders/detail_pages/CDC2576L27.html
CDC2579L27,NIT,,https://www.oil-india.com/download-tender-document?ten_detail=NzBhM3VTSEw2RXFyM1FZPQ%3D%3D,data/raw/oil_india/tenders/detail_pages/CDC2579L27.html
CDC2632L27,NIT,,https://www.oil-india.com/download-tender-document?ten_detail=NzBXM3ZTSEw2RXFyM1FZPQ%3D%3D,data/raw/oil_india/tenders/detail_pages/CDC2632L27.html
CDC2633L27,NIT,,https://www.oil-india.com/download-tender-document?ten_detail=NzBXMnRDSEw2RXFyM1FZPQ%3D%3D,data/raw/oil_india/tenders/detail_pages/CDC2633L27.html
CDC2665L27,NIT,,https://www.oil-india.com/download-tender-document?ten_detail=NzBhK3VDSEw2RXFyM1FZPQ%3D%3D,data/raw/oil_india/tenders/detail_pages/CDC2665L27.html
CDC2694L27,NIT,,https://www.oil-india.com/download-tender-document?ten_detail=NzBhK3VTSEw2RXFyM1FZPQ%3D%3D,data/raw/oil_india/tenders/detail_pages/CDC2694L27.html
CDC2702L27,NIT,,https://www.oil-india.com/download-tender-document?ten_detail=NzBXM3ZDSEw2RXFyM1FZPQ%3D%3D,data/raw/oil_india/tenders/detail_pages/CDC2702L27.html
CDC2766P23,NIT,,https://www.oil-india.com/download-tender-document?ten_detail=NGs2eW9HaksrUk93MkE9PQ%3D%3D,data/raw/oil_india/tenders/detail_pages/CDC2766P23.html
CDC4827P24,NIT,,https://www.oil-india.com/download-tender-document?ten_detail=NmtHeG9HaksrUk93MkE9PQ%3D%3D,data/raw/oil_india/tenders/detail_pages/CDC4827P24.html
CDC4833P24,NIT,,https://www.oil-india.com/download-tender-document?ten_detail=NmtHK29HaksrUk93MkE9PQ%3D%3D,data/raw/oil_india/tenders/detail_pages/CDC4833P24.html
CDC4898L24,NIT,,https://www.oil-india.com/download-tender-document?ten_detail=N0VhcjZXbmJvQWl6,data/raw/oil_india/tenders/detail_pages/CDC4898L24.html
CDC4903L24,NIT,,https://www.oil-india.com/download-tender-document?ten_detail=NmtPK29HaksrUk93M2c9PQ%3D%3D,data/raw/oil_india/tenders/detail_pages/CDC4903L24.html
CDC5258L24,NIT,,https://www.oil-india.com/download-tender-document?ten_detail=NmtHM29HaksrUk93M2c9PQ%3D%3D,data/raw/oil_india/tenders/detail_pages/CDC5258L24.html
CDC5283L24,NIT,,https://www.oil-india.com/download-tender-document?ten_detail=NmtleG9HaksrUk93M2c9PQ%3D%3D,data/raw/oil_india/tenders/detail_pages/CDC5283L24.html
CDC5284L24,NIT,,https://www.oil-india.com/download-tender-document?ten_detail=Nmtld29HaksrUk93M2c9PQ%3D%3D,data/raw/oil_india/tenders/detail_pages/CDC5284L24.html
CDC5354P24,NIT,,https://www.oil-india.com/download-tender-document?ten_detail=N2tTcjZXbmJvQWkx,data/raw/oil_india/tenders/detail_pages/CDC5354P24.html
CDC5375L24,NIT,,https://www.oil-india.com/download-tender-document?ten_detail=N0VHcjZXbmJvQWl6,data/raw/oil_india/tenders/detail_pages/CDC5375L24.html
CDC5386L24,NIT,,https://www.oil-india.com/download-tender-document?ten_detail=N0VPcjZXbmJvQWl6,data/raw/oil_india/tenders/detail_pages/CDC5386L24.html
CDC5414P24,NIT,,https://www.oil-india.com/download-tender-document?ten_detail=N2tXcjZXbmJvQWkx,data/raw/oil_india/tenders/detail_pages/CDC5414P24.html
CDC5424P24,NIT,,https://www.oil-india.com/download-tender-document?ten_detail=NzBHcjZXbmJvQWkx,data/raw/oil_india/tenders/detail_pages/CDC5424P24.html
CDC5497P24,NIT,,https://www.oil-india.com/download-tender-document?ten_detail=NzBTcjZXbmJvQWkx,data/raw/oil_india/tenders/detail_pages/CDC5497P24.html
CDC5553L24,NIT,,https://www.oil-india.com/download-tender-document?ten_detail=N0VTcjZXbmJvQWl6,data/raw/oil_india/tenders/detail_pages/CDC5553L24.html
CDC5696L24,NIT,,https://www.oil-india.com/download-tender-document?ten_detail=NmtLMm9HaksrUk93M2c9PQ%3D%3D,data/raw/oil_india/tenders/detail_pages/CDC5696L24.html
CDC5709L24,NIT,,https://www.oil-india.com/download-tender-document?ten_detail=NmtLeG9HaksrUk93M2c9PQ%3D%3D,data/raw/oil_india/tenders/detail_pages/CDC5709L24.html
CDC5715L24,NIT,,https://www.oil-india.com/download-tender-document?ten_detail=NmtHMm9HaksrUk93M2c9PQ%3D%3D,data/raw/oil_india/tenders/detail_pages/CDC5715L24.html
CDC5719L24,NIT,,https://www.oil-india.com/download-tender-document?ten_detail=NmtHMG9HaksrUk93M2c9PQ%3D%3D,data/raw/oil_india/tenders/detail_pages/CDC5719L24.html
CDC5779L24,NIT,,https://www.oil-india.com/download-tender-document?ten_detail=NlVhL29HaksrUk93M2c9PQ%3D%3D,data/raw/oil_india/tenders/detail_pages/CDC5779L24.html
CDC5804L24,NIT,,https://www.oil-india.com/download-tender-document?ten_detail=NlVXem9HaksrUk93M2c9PQ%3D%3D,data/raw/oil_india/tenders/detail_pages/CDC5804L24.html
CDC5807P24,NIT,,https://www.oil-india.com/download-tender-document?ten_detail=NlVXeW9HaksrUk93MkE9PQ%3D%3D,data/raw/oil_india/tenders/detail_pages/CDC5807P24.html
CDC5814L24,NIT,,https://www.oil-india.com/download-tender-document?ten_detail=NlVXd29HaksrUk93M2c9PQ%3D%3D,data/raw/oil_india/tenders/detail_pages/CDC5814L24.html
CDC5918L24,NIT,,https://www.oil-india.com/download-tender-document?ten_detail=NlU2d29HaksrUk93M2c9PQ%3D%3D,data/raw/oil_india/tenders/detail_pages/CDC5918L24.html
CDC5919L24,NIT,,https://www.oil-india.com/download-tender-document?ten_detail=NlU2eG9HaksrUk93M2c9PQ%3D%3D,data/raw/oil_india/tenders/detail_pages/CDC5919L24.html
CDC5940L24,NIT,,https://www.oil-india.com/download-tender-document?ten_detail=NlU2L29HaksrUk93M2c9PQ%3D%3D,data/raw/oil_india/tenders/detail_pages/CDC5940L24.html
CDC5941L24,NIT,,https://www.oil-india.com/download-tender-document?ten_detail=NkVlMm9HaksrUk93M2c9PQ%3D%3D,data/raw/oil_india/tenders/detail_pages/CDC5941L24.html
CDC6066P25,NIT,,https://www.oil-india.com/download-tender-document?ten_detail=NkVPeG9HaksrUk93MkE9PQ%3D%3D,data/raw/oil_india/tenders/detail_pages/CDC6066P25.html
CDC6067P25,NIT,,https://www.oil-india.com/download-tender-document?ten_detail=NkVPK29HaksrUk93MkE9PQ%3D%3D,data/raw/oil_india/tenders/detail_pages/CDC6067P25.html
CDC6078L25,NIT,,https://www.oil-india.com/download-tender-document?ten_detail=N2tXMW9HaksrUk93M2c9PQ%3D%3D,data/raw/oil_india/tenders/detail_pages/CDC6078L25.html
CDC6091L25,NIT,,https://www.oil-india.com/download-tender-document?ten_detail=N2tXeW9HaksrUk93M2c9PQ%3D%3D,data/raw/oil_india/tenders/detail_pages/CDC6091L25.html
CDC6092P25,NIT,,https://www.oil-india.com/download-tender-document?ten_detail=N2tTem9HaksrUk93MkE9PQ%3D%3D,data/raw/oil_india/tenders/detail_pages/CDC6092P25.html
CDC6093L25,NIT,,https://www.oil-india.com/download-tender-document?ten_detail=N2tTK29HaksrUk93M2c9PQ%3D%3D,data/raw/oil_india/tenders/detail_pages/CDC6093L25.html
CDC6094L25,NIT,,https://www.oil-india.com/download-tender-document?ten_detail=N2tTL29HaksrUk93M2c9PQ%3D%3D,data/raw/oil_india/tenders/detail_pages/CDC6094L25.html
CDC6095L25,NIT,,https://www.oil-india.com/download-tender-document?ten_detail=N2tXem9HaksrUk93M2c9PQ%3D%3D,data/raw/oil_india/tenders/detail_pages/CDC6095L25.html
CDC6106P25,NIT,,https://www.oil-india.com/download-tender-document?ten_detail=N2tXd29HaksrUk93MkE9PQ%3D%3D,data/raw/oil_india/tenders/detail_pages/CDC6106P25.html
CDC6116P25,NIT,,https://www.oil-india.com/download-tender-document?ten_detail=N2tTeW9HaksrUk93MkE9PQ%3D%3D,data/raw/oil_india/tenders/detail_pages/CDC6116P25.html
CDC6135L25,NIT,,https://www.oil-india.com/download-tender-document?ten_detail=N2thL29HaksrUk93M2c9PQ%3D%3D,data/raw/oil_india/tenders/detail_pages/CDC6135L25.html
CDC6141P25,NIT,,https://www.oil-india.com/download-tender-document?ten_detail=N2tTd29HaksrUk93MkE9PQ%3D%3D,data/raw/oil_india/tenders/detail_pages/CDC6141P25.html
CDC6143P25,NIT,,https://www.oil-india.com/download-tender-document?ten_detail=N2tTeG9HaksrUk93MkE9PQ%3D%3D,data/raw/oil_india/tenders/detail_pages/CDC6143P25.html
CDC6144L25,NIT,,https://www.oil-india.com/download-tender-document?ten_detail=N2tPMm9HaksrUk93M2c9PQ%3D%3D,data/raw/oil_india/tenders/detail_pages/CDC6144L25.html
CDC6404L25,NIT,,https://www.oil-india.com/download-tender-document?ten_detail=N2tLMG9HaksrUk93M2c9PQ%3D%3D,data/raw/oil_india/tenders/detail_pages/CDC6404L25.html
CDC6436L25,NIT,,https://www.oil-india.com/download-tender-document?ten_detail=N2tDem9HaksrUk93M2c9PQ%3D%3D,data/raw/oil_india/tenders/detail_pages/CDC6436L25.html
CDC6455L25,NIT,,https://www.oil-india.com/download-tender-document?ten_detail=N2sreW9HaksrUk93M2c9PQ%3D%3D,data/raw/oil_india/tenders/detail_pages/CDC6455L25.html
CDC6457L25,NIT,,https://www.oil-india.com/download-tender-document?ten_detail=N1VhM29HaksrUk93M2c9PQ%3D%3D,data/raw/oil_india/tenders/detail_pages/CDC6457L25.html
CDC6482L25,NIT,,https://www.oil-india.com/download-tender-document?ten_detail=N1Vhd29HaksrUk93M2c9PQ%3D%3D,data/raw/oil_india/tenders/detail_pages/CDC6482L25.html
CDC6483P25,NIT,,https://www.oil-india.com/download-tender-document?ten_detail=N1VhMW9HaksrUk93MkE9PQ%3D%3D,data/raw/oil_india/tenders/detail_pages/CDC6483P25.html
CDC6484L25,NIT,,https://www.oil-india.com/download-tender-document?ten_detail=N1Vhem9HaksrUk93M2c9PQ%3D%3D,data/raw/oil_india/tenders/detail_pages/CDC6484L25.html
CDC6485L25,NIT,,https://www.oil-india.com/download-tender-document?ten_detail=N1VheW9HaksrUk93M2c9PQ%3D%3D,data/raw/oil_india/tenders/detail_pages/CDC6485L25.html
CDC6585P25,NIT,,https://www.oil-india.com/download-tender-document?ten_detail=N1VHem9HaksrUk93MkE9PQ%3D%3D,data/raw/oil_india/tenders/detail_pages/CDC6585P25.html
CDC6586P25,NIT,,https://www.oil-india.com/download-tender-document?ten_detail=N1VHd29HaksrUk93MkE9PQ%3D%3D,data/raw/oil_india/tenders/detail_pages/CDC6586P25.html
CDC6589L25,NIT,,https://www.oil-india.com/download-tender-document?ten_detail=N1VHMW9HaksrUk93M2c9PQ%3D%3D,data/raw/oil_india/tenders/detail_pages/CDC6589L25.html
CDC6683L25,NIT,,https://www.oil-india.com/download-tender-document?ten_detail=N0VlMG9HaksrUk93M2c9PQ%3D%3D,data/raw/oil_india/tenders/detail_pages/CDC6683L25.html
CDC6684L25,NIT,,https://www.oil-india.com/download-tender-document?ten_detail=N0VlMW9HaksrUk93M2c9PQ%3D%3D,data/raw/oil_india/tenders/detail_pages/CDC6684L25.html
CDC6775L25,NIT,,https://www.oil-india.com/download-tender-document?ten_detail=N0UrMW9HaksrUk93M2c9PQ%3D%3D,data/raw/oil_india/tenders/detail_pages/CDC6775L25.html
CDC6778L25,NIT,,https://www.oil-india.com/download-tender-document?ten_detail=N0UreW9HaksrUk93M2c9PQ%3D%3D,data/raw/oil_india/tenders/detail_pages/CDC6778L25.html
CDC6785L25,NIT,,https://www.oil-india.com/download-tender-document?ten_detail=N0Urem9HaksrUk93M2c9PQ%3D%3D,data/raw/oil_india/tenders/detail_pages/CDC6785L25.html
CDC6786P25,NIT,,https://www.oil-india.com/download-tender-document?ten_detail=N0VDd29HaksrUk93MkE9PQ%3D%3D,data/raw/oil_india/tenders/detail_pages/CDC6786P25.html
CDC6834P25,NIT,,https://www.oil-india.com/download-tender-document?ten_detail=NDBhd29HaksrUk93MkE9PQ%3D%3D,data/raw/oil_india/tenders/detail_pages/CDC6834P25.html
CDC6835P25,NIT,,https://www.oil-india.com/download-tender-document?ten_detail=NDBheG9HaksrUk93MkE9PQ%3D%3D,data/raw/oil_india/tenders/detail_pages/CDC6835P25.html
CDC6860P25,NIT,,https://www.oil-india.com/download-tender-document?ten_detail=NDA2d29HaksrUk93MkE9PQ%3D%3D,data/raw/oil_india/tenders/detail_pages/CDC6860P25.html
CDC6905P25,NIT,,https://www.oil-india.com/download-tender-document?ten_detail=NDA2eG9HaksrUk93MkE9PQ%3D%3D,data/raw/oil_india/tenders/detail_pages/CDC6905P25.html
CDC6906P25,NIT,,https://www.oil-india.com/download-tender-document?ten_detail=NDA2M29HaksrUk93MkE9PQ%3D%3D,data/raw/oil_india/tenders/detail_pages/CDC6906P25.html
CDC6907P25,NIT,,https://www.oil-india.com/download-tender-document?ten_detail=NDA2Mm9HaksrUk93MkE9PQ%3D%3D,data/raw/oil_india/tenders/detail_pages/CDC6907P25.html
CDC6908L25,NIT,,https://www.oil-india.com/download-tender-document?ten_detail=NDA2MG9HaksrUk93M2c9PQ%3D%3D,data/raw/oil_india/tenders/detail_pages/CDC6908L25.html
CDC6909P25,NIT,,https://www.oil-india.com/download-tender-document?ten_detail=NDArL29HaksrUk93MkE9PQ%3D%3D,data/raw/oil_india/tenders/detail_pages/CDC6909P25.html
CDC6993P25,NIT,,https://www.oil-india.com/download-tender-document?ten_detail=NGtlMW9HaksrUk93MkE9PQ%3D%3D,data/raw/oil_india/tenders/detail_pages/CDC6993P25.html
CDC7030L25,NIT,,https://www.oil-india.com/download-tender-document?ten_detail=NGtPeG9HaksrUk93M2c9PQ%3D%3D,data/raw/oil_india/tenders/detail_pages/CDC7030L25.html
CDC7032P25,NIT,,https://www.oil-india.com/download-tender-document?ten_detail=NGtPM29HaksrUk93MkE9PQ%3D%3D,data/raw/oil_india/tenders/detail_pages/CDC7032P25.html
CDC7033L25,NIT,,https://www.oil-india.com/download-tender-document?ten_detail=NGtPMG9HaksrUk93M2c9PQ%3D%3D,data/raw/oil_india/tenders/detail_pages/CDC7033L25.html
CDC7034L25,NIT,,https://www.oil-india.com/download-tender-document?ten_detail=NGtPem9HaksrUk93M2c9PQ%3D%3D,data/raw/oil_india/tenders/detail_pages/CDC7034L25.html
CDC7035P25,NIT,,https://www.oil-india.com/download-tender-document?ten_detail=NGtPMW9HaksrUk93MkE9PQ%3D%3D,data/raw/oil_india/tenders/detail_pages/CDC7035P25.html
CDC7036P25,NIT,,https://www.oil-india.com/download-tender-document?ten_detail=NGtPeW9HaksrUk93MkE9PQ%3D%3D,data/raw/oil_india/tenders/detail_pages/CDC7036P25.html
CDC7073L25,NIT,,https://www.oil-india.com/download-tender-document?ten_detail=NGtPK29HaksrUk93M2c9PQ%3D%3D,data/raw/oil_india/tenders/detail_pages/CDC7073L25.html
CDC7084L25,NIT,,https://www.oil-india.com/download-tender-document?ten_detail=NGtPL29HaksrUk93M2c9PQ%3D%3D,data/raw/oil_india/tenders/detail_pages/CDC7084L25.html
CDC7087P25,NIT,,https://www.oil-india.com/download-tender-document?ten_detail=NGtDeG9HaksrUk93MkE9PQ%3D%3D,data/raw/oil_india/tenders/detail_pages/CDC7087P25.html
CDC7088P25,NIT,,https://www.oil-india.com/download-tender-document?ten_detail=NGtDK29HaksrUk93MkE9PQ%3D%3D,data/raw/oil_india/tenders/detail_pages/CDC7088P25.html
CDC7091L25,NIT,,https://www.oil-india.com/download-tender-document?ten_detail=NGtLMm9HaksrUk93M2c9PQ%3D%3D,data/raw/oil_india/tenders/detail_pages/CDC7091L25.html
CDC7099L25,NIT,,https://www.oil-india.com/download-tender-document?ten_detail=NGtDL29HaksrUk93M2c9PQ%3D%3D,data/raw/oil_india/tenders/detail_pages/CDC7099L25.html
CDC7126P25,NIT,,https://www.oil-india.com/download-tender-document?ten_detail=NmtlMnVTSEw2RXFyM1FBPQ%3D%3D,data/raw/oil_india/tenders/detail_pages/CDC7126P25.html
CDC7127L25,NIT,,https://www.oil-india.com/download-tender-document?ten_detail=NmtlMnVDSEw2RXFyM1FZPQ%3D%3D,data/raw/oil_india/tenders/detail_pages/CDC7127L25.html
CDC7128L25,NIT,,https://www.oil-india.com/download-tender-document?ten_detail=NmtlMnV5SEw2RXFyM1FZPQ%3D%3D,data/raw/oil_india/tenders/detail_pages/CDC7128L25.html
CDC7129L25,NIT,,https://www.oil-india.com/download-tender-document?ten_detail=NmtlMnVpSEw2RXFyM1FZPQ%3D%3D,data/raw/oil_india/tenders/detail_pages/CDC7129L25.html
CDC7131L25,NIT,,https://www.oil-india.com/download-tender-document?ten_detail=NGsrMm9HaksrUk93M2c9PQ%3D%3D,data/raw/oil_india/tenders/detail_pages/CDC7131L25.html
CDC7136L25,NIT,,https://www.oil-india.com/download-tender-document?ten_detail=NGsrM29HaksrUk93M2c9PQ%3D%3D,data/raw/oil_india/tenders/detail_pages/CDC7136L25.html
CDC7174L25,NIT,,https://www.oil-india.com/download-tender-document?ten_detail=NmtlM3ZDSEw2RXFyM1FZPQ%3D%3D,data/raw/oil_india/tenders/detail_pages/CDC7174L25.html
CDC7183L25,NIT,,https://www.oil-india.com/download-tender-document?ten_detail=NmtleXVTSEw2RXFyM1FZPQ%3D%3D,data/raw/oil_india/tenders/detail_pages/CDC7183L25.html
CDC7184L25,NIT,,https://www.oil-india.com/download-tender-document?ten_detail=NmtleXVDSEw2RXFyM1FZPQ%3D%3D,data/raw/oil_india/tenders/detail_pages/CDC7184L25.html
CDC7267L25,NIT,,https://www.oil-india.com/download-tender-document?ten_detail=NmtleXV5SEw2RXFyM1FZPQ%3D%3D,data/raw/oil_india/tenders/detail_pages/CDC7267L25.html
CDC7272P25,NIT,,https://www.oil-india.com/download-tender-document?ten_detail=NmtleXVpSEw2RXFyM1FBPQ%3D%3D,data/raw/oil_india/tenders/detail_pages/CDC7272P25.html
CDC7275P25,NIT,,https://www.oil-india.com/download-tender-document?ten_detail=NmtleXRTSEw2RXFyM1FBPQ%3D%3D,data/raw/oil_india/tenders/detail_pages/CDC7275P25.html
CDC7307P25,NIT,,https://www.oil-india.com/download-tender-document?ten_detail=NmtXMnVpSEw2RXFyM1FBPQ%3D%3D,data/raw/oil_india/tenders/detail_pages/CDC7307P25.html
CDC7358L25,NIT,,https://www.oil-india.com/download-tender-document?ten_detail=NmthMHVDSEw2RXFyM1FZPQ%3D%3D,data/raw/oil_india/tenders/detail_pages/CDC7358L25.html
CDC7359L25,NIT,,https://www.oil-india.com/download-tender-document?ten_detail=NmthMHV5SEw2RXFyM1FZPQ%3D%3D,data/raw/oil_india/tenders/detail_pages/CDC7359L25.html
CDC7360L25,NIT,,https://www.oil-india.com/download-tender-document?ten_detail=NmthMHVpSEw2RXFyM1FZPQ%3D%3D,data/raw/oil_india/tenders/detail_pages/CDC7360L25.html
CDC7366L25,NIT,,https://www.oil-india.com/download-tender-document?ten_detail=NmthM3ZDSEw2RXFyM1FZPQ%3D%3D,data/raw/oil_india/tenders/detail_pages/CDC7366L25.html
CDC7389L25,NIT,,https://www.oil-india.com/download-tender-document?ten_detail=NmthMHRTSEw2RXFyM1FZPQ%3D%3D,data/raw/oil_india/tenders/detail_pages/CDC7389L25.html
CDC7590P25,NIT,,https://www.oil-india.com/download-tender-document?ten_detail=NmtXMXRTSEw2RXFyM1FBPQ%3D%3D,data/raw/oil_india/tenders/detail_pages/CDC7590P25.html
CDC7592L25,NIT,,https://www.oil-india.com/download-tender-document?ten_detail=NmtXMXRDSEw2RXFyM1FZPQ%3D%3D,data/raw/oil_india/tenders/detail_pages/CDC7592L25.html
CDC7593L25,NIT,,https://www.oil-india.com/download-tender-document?ten_detail=NmtXeXZTSEw2RXFyM1FZPQ%3D%3D,data/raw/oil_india/tenders/detail_pages/CDC7593L25.html
CDC7594L25,NIT,,https://www.oil-india.com/download-tender-document?ten_detail=NmtXeXZDSEw2RXFyM1FZPQ%3D%3D,data/raw/oil_india/tenders/detail_pages/CDC7594L25.html
CDC7634L25,NIT,,https://www.oil-india.com/download-tender-document?ten_detail=NmtXd3RDSEw2RXFyM1FZPQ%3D%3D,data/raw/oil_india/tenders/detail_pages/CDC7634L25.html
CDC7651P25,NIT,,https://www.oil-india.com/download-tender-document?ten_detail=NmtXeHZTSEw2RXFyM1FBPQ%3D%3D,data/raw/oil_india/tenders/detail_pages/CDC7651P25.html
CDC7652P25,NIT,,https://www.oil-india.com/download-tender-document?ten_detail=NmtXeHZDSEw2RXFyM1FBPQ%3D%3D,data/raw/oil_india/tenders/detail_pages/CDC7652P25.html
CDC7668L25,NIT,,https://www.oil-india.com/download-tender-document?ten_detail=NmtXL3VDSEw2RXFyM1FZPQ%3D%3D,data/raw/oil_india/tenders/detail_pages/CDC7668L25.html
CDC7814L25,NIT,,https://www.oil-india.com/download-tender-document?ten_detail=NmtTenZDSEw2RXFyM1FZPQ%3D%3D,data/raw/oil_india/tenders/detail_pages/CDC7814L25.html
CDC7888L25,NIT,,https://www.oil-india.com/download-tender-document?ten_detail=NmtPMnZpSEw2RXFyM1FZPQ%3D%3D,data/raw/oil_india/tenders/detail_pages/CDC7888L25.html
CDC8016L25,NIT,,https://www.oil-india.com/download-tender-document?ten_detail=NmtLMXVTSEw2RXFyM1FZPQ%3D%3D,data/raw/oil_india/tenders/detail_pages/CDC8016L25.html
CDC8120P25,NIT,,https://www.oil-india.com/download-tender-document?ten_detail=NmtLMHZ5SEw2RXFyM1FBPQ%3D%3D,data/raw/oil_india/tenders/detail_pages/CDC8120P25.html
CDC8145P25,NIT,,https://www.oil-india.com/download-tender-document?ten_detail=NmtLMXVDSEw2RXFyM1FBPQ%3D%3D,data/raw/oil_india/tenders/detail_pages/CDC8145P25.html
CDC8161L25,NIT,,https://www.oil-india.com/download-tender-document?ten_detail=NmtLenZpSEw2RXFyM1FZPQ%3D%3D,data/raw/oil_india/tenders/detail_pages/CDC8161L25.html
CDC8165L25,NIT,,https://www.oil-india.com/download-tender-document?ten_detail=NmtLenVTSEw2RXFyM1FZPQ%3D%3D,data/raw/oil_india/tenders/detail_pages/CDC8165L25.html
CDC8169P25,NIT,,https://www.oil-india.com/download-tender-document?ten_detail=NmtLenVDSEw2RXFyM1FBPQ%3D%3D,data/raw/oil_india/tenders/detail_pages/CDC8169P25.html
CDC8179P25,NIT,,https://www.oil-india.com/download-tender-document?ten_detail=NmtHMHRDSEw2RXFyM1FBPQ%3D%3D,data/raw/oil_india/tenders/detail_pages/CDC8179P25.html
CDC8273P25,NIT,,https://www.oil-india.com/download-tender-document?ten_detail=NmtHMnV5SEw2RXFyM1FBPQ%3D%3D,data/raw/oil_india/tenders/detail_pages/CDC8273P25.html
CDC8274P25,NIT,,https://www.oil-india.com/download-tender-document?ten_detail=NmtHMnVpSEw2RXFyM1FBPQ%3D%3D,data/raw/oil_india/tenders/detail_pages/CDC8274P25.html
CDC8280L25,NIT,,https://www.oil-india.com/download-tender-document?ten_detail=NmtHM3ZTSEw2RXFyM1FZPQ%3D%3D,data/raw/oil_india/tenders/detail_pages/CDC8280L25.html
CDC8283L25,NIT,,https://www.oil-india.com/download-tender-document?ten_detail=NmtHMnRDSEw2RXFyM1FZPQ%3D%3D,data/raw/oil_india/tenders/detail_pages/CDC8283L25.html
CDC8298L25,NIT,,https://www.oil-india.com/download-tender-document?ten_detail=NmtHM3VpSEw2RXFyM1FZPQ%3D%3D,data/raw/oil_india/tenders/detail_pages/CDC8298L25.html
CDC8309L25,NIT,,https://www.oil-india.com/download-tender-document?ten_detail=NmtHM3V5SEw2RXFyM1FZPQ%3D%3D,data/raw/oil_india/tenders/detail_pages/CDC8309L25.html
CDC8358L25,NIT,,https://www.oil-india.com/download-tender-document?ten_detail=NmtHenZpSEw2RXFyM1FZPQ%3D%3D,data/raw/oil_india/tenders/detail_pages/CDC8358L25.html
CDC8398L25,NIT,,https://www.oil-india.com/download-tender-document?ten_detail=NmtHeHRDSEw2RXFyM1FZPQ%3D%3D,data/raw/oil_india/tenders/detail_pages/CDC8398L25.html
CDC8531L25,NIT,,https://www.oil-india.com/download-tender-document?ten_detail=NmtDeXVDSEw2RXFyM1FZPQ%3D%3D,data/raw/oil_india/tenders/detail_pages/CDC8531L25.html
CDC8536L25,NIT,,https://www.oil-india.com/download-tender-document?ten_detail=NmtDenV5SEw2RXFyM1FZPQ%3D%3D,data/raw/oil_india/tenders/detail_pages/CDC8536L25.html
CDC8537L25,NIT,,https://www.oil-india.com/download-tender-document?ten_detail=NmtDenVpSEw2RXFyM1FZPQ%3D%3D,data/raw/oil_india/tenders/detail_pages/CDC8537L25.html
CDC8658L25,NIT,,https://www.oil-india.com/download-tender-document?ten_detail=NmsrMHZ5SEw2RXFyM1FZPQ%3D%3D,data/raw/oil_india/tenders/detail_pages/CDC8658L25.html
CDC8669L25,NIT,,https://www.oil-india.com/download-tender-document?ten_detail=NmsrM3ZTSEw2RXFyM1FZPQ%3D%3D,data/raw/oil_india/tenders/detail_pages/CDC8669L25.html
CDC8678L25,NIT,,https://www.oil-india.com/download-tender-document?ten_detail=NmsrenZTSEw2RXFyM1FZPQ%3D%3D,data/raw/oil_india/tenders/detail_pages/CDC8678L25.html
CDC8679P25,NIT,,https://www.oil-india.com/download-tender-document?ten_detail=NmsrL3ZTSEw2RXFyM1FBPQ%3D%3D,data/raw/oil_india/tenders/detail_pages/CDC8679P25.html
CDC8681L25,NIT,,https://www.oil-india.com/download-tender-document?ten_detail=NmsreXRTSEw2RXFyM1FZPQ%3D%3D,data/raw/oil_india/tenders/detail_pages/CDC8681L25.html
CDC8683P25,NIT,,https://www.oil-india.com/download-tender-document?ten_detail=NmsrL3ZDSEw2RXFyM1FBPQ%3D%3D,data/raw/oil_india/tenders/detail_pages/CDC8683P25.html
CDC8695L25,NIT,,https://www.oil-india.com/download-tender-document?ten_detail=NmsrMHZpSEw2RXFyM1FZPQ%3D%3D,data/raw/oil_india/tenders/detail_pages/CDC8695L25.html
CDC8697L25,NIT,,https://www.oil-india.com/download-tender-document?ten_detail=NmsreXRDSEw2RXFyM1FZPQ%3D%3D,data/raw/oil_india/tenders/detail_pages/CDC8697L25.html
CDC8742L25,NIT,,https://www.oil-india.com/download-tender-document?ten_detail=Nmsrd3RTSEw2RXFyM1FZPQ%3D%3D,data/raw/oil_india/tenders/detail_pages/CDC8742L25.html
CDC8750P25,NIT,,https://www.oil-india.com/download-tender-document?ten_detail=NmsrK3RDSEw2RXFyM1FBPQ%3D%3D,data/raw/oil_india/tenders/detail_pages/CDC8750P25.html
CDC8752P25,NIT,,https://www.oil-india.com/download-tender-document?ten_detail=NmsrL3Z5SEw2RXFyM1FBPQ%3D%3D,data/raw/oil_india/tenders/detail_pages/CDC8752P25.html
CDC8753P25,NIT,,https://www.oil-india.com/download-tender-document?ten_detail=NmsrL3ZpSEw2RXFyM1FBPQ%3D%3D,data/raw/oil_india/tenders/detail_pages/CDC8753P25.html
CDC8757L25,NIT,,https://www.oil-india.com/download-tender-document?ten_detail=NmsreHVDSEw2RXFyM1FZPQ%3D%3D,data/raw/oil_india/tenders/detail_pages/CDC8757L25.html
CDC8759L25,NIT,,https://www.oil-india.com/download-tender-document?ten_detail=NmsreHV5SEw2RXFyM1FZPQ%3D%3D,data/raw/oil_india/tenders/detail_pages/CDC8759L25.html
CDC8762P25,NIT,,https://www.oil-india.com/download-tender-document?ten_detail=Nms2MHZTSEw2RXFyM1FBPQ%3D%3D,data/raw/oil_india/tenders/detail_pages/CDC8762P25.html
CDC8763P25,NIT,,https://www.oil-india.com/download-tender-document?ten_detail=Nms2MHZDSEw2RXFyM1FBPQ%3D%3D,data/raw/oil_india/tenders/detail_pages/CDC8763P25.html
CDC8764P25,NIT,,https://www.oil-india.com/download-tender-document?ten_detail=Nms2MHZ5SEw2RXFyM1FBPQ%3D%3D,data/raw/oil_india/tenders/detail_pages/CDC8764P25.html
CDC8765L25,NIT,,https://www.oil-india.com/download-tender-document?ten_detail=Nms2M3RDSEw2RXFyM1FZPQ%3D%3D,data/raw/oil_india/tenders/detail_pages/CDC8765L25.html
CDC8768L25,NIT,,https://www.oil-india.com/download-tender-document?ten_detail=NmsreHVpSEw2RXFyM1FZPQ%3D%3D,data/raw/oil_india/tenders/detail_pages/CDC8768L25.html
CDC8771P25,NIT,,https://www.oil-india.com/download-tender-document?ten_detail=Nms2d3VTSEw2RXFyM1FBPQ%3D%3D,data/raw/oil_india/tenders/detail_pages/CDC8771P25.html
CDC8772P25,NIT,,https://www.oil-india.com/download-tender-document?ten_detail=Nms2d3VDSEw2RXFyM1FBPQ%3D%3D,data/raw/oil_india/tenders/detail_pages/CDC8772P25.html
CDC8773P25,NIT,,https://www.oil-india.com/download-tender-document?ten_detail=Nms2d3V5SEw2RXFyM1FBPQ%3D%3D,data/raw/oil_india/tenders/detail_pages/CDC8773P25.html
CDC8774P25,NIT,,https://www.oil-india.com/download-tender-document?ten_detail=Nms2eHZpSEw2RXFyM1FBPQ%3D%3D,data/raw/oil_india/tenders/detail_pages/CDC8774P25.html
CDC8794L25,NIT,,https://www.oil-india.com/download-tender-document?ten_detail=Nms2M3Z5SEw2RXFyM1FZPQ%3D%3D,data/raw/oil_india/tenders/detail_pages/CDC8794L25.html
CDC8844L25,NIT,,https://www.oil-india.com/download-tender-document?ten_detail=Nms2MHRDSEw2RXFyM1FZPQ%3D%3D,data/raw/oil_india/tenders/detail_pages/CDC8844L25.html
CDC8849L25,NIT,,https://www.oil-india.com/download-tender-document?ten_detail=Nms2MHRTSEw2RXFyM1FZPQ%3D%3D,data/raw/oil_india/tenders/detail_pages/CDC8849L25.html
CDC8860L25,NIT,,https://www.oil-india.com/download-tender-document?ten_detail=Nms2MHVpSEw2RXFyM1FZPQ%3D%3D,data/raw/oil_india/tenders/detail_pages/CDC8860L25.html
CDC8899L25,NIT,,https://www.oil-india.com/download-tender-document?ten_detail=Nms2enVDSEw2RXFyM1FZPQ%3D%3D,data/raw/oil_india/tenders/detail_pages/CDC8899L25.html
CDC8911L25,NIT,,https://www.oil-india.com/download-tender-document?ten_detail=Nms2eHRTSEw2RXFyM1FZPQ%3D%3D,data/raw/oil_india/tenders/detail_pages/CDC8911L25.html
CDC8918L25,NIT,,https://www.oil-india.com/download-tender-document?ten_detail=Nms2eHV5SEw2RXFyM1FZPQ%3D%3D,data/raw/oil_india/tenders/detail_pages/CDC8918L25.html
CDC8919P25,NIT,,https://www.oil-india.com/download-tender-document?ten_detail=Nms2eHVTSEw2RXFyM1FBPQ%3D%3D,data/raw/oil_india/tenders/detail_pages/CDC8919P25.html
CDC8920L25,NIT,,https://www.oil-india.com/download-tender-document?ten_detail=Nms2eHVpSEw2RXFyM1FZPQ%3D%3D,data/raw/oil_india/tenders/detail_pages/CDC8920L25.html
CDC8921P25,NIT,,https://www.oil-india.com/download-tender-document?ten_detail=Nms2eHVDSEw2RXFyM1FBPQ%3D%3D,data/raw/oil_india/tenders/detail_pages/CDC8921P25.html
CDC8991L26,NIT,,https://www.oil-india.com/download-tender-document?ten_detail=Nms2K3RDSEw2RXFyM1FZPQ%3D%3D,data/raw/oil_india/tenders/detail_pages/CDC8991L26.html
CDC9018P26,NIT,,https://www.oil-india.com/download-tender-document?ten_detail=NlVlMnVTSEw2RXFyM1FBPQ%3D%3D,data/raw/oil_india/tenders/detail_pages/CDC9018P26.html
CDC9032L26,NIT,,https://www.oil-india.com/download-tender-document?ten_detail=NlVlMnRTSEw2RXFyM1FZPQ%3D%3D,data/raw/oil_india/tenders/detail_pages/CDC9032L26.html
CDC9033P26,NIT,,https://www.oil-india.com/download-tender-document?ten_detail=NlVlMnRDSEw2RXFyM1FBPQ%3D%3D,data/raw/oil_india/tenders/detail_pages/CDC9033P26.html
CDC9042L26,NIT,,https://www.oil-india.com/download-tender-document?ten_detail=NlVlMHZTSEw2RXFyM1FZPQ%3D%3D,data/raw/oil_india/tenders/detail_pages/CDC9042L26.html
CDC9057L26,NIT,,https://www.oil-india.com/download-tender-document?ten_detail=NlVlMXRTSEw2RXFyM1FZPQ%3D%3D,data/raw/oil_india/tenders/detail_pages/CDC9057L26.html
CDC9058P26,NIT,,https://www.oil-india.com/download-tender-document?ten_detail=NlVlMXVpSEw2RXFyM1FBPQ%3D%3D,data/raw/oil_india/tenders/detail_pages/CDC9058P26.html
CDC9059L26,NIT,,https://www.oil-india.com/download-tender-document?ten_detail=NlVlMXRDSEw2RXFyM1FZPQ%3D%3D,data/raw/oil_india/tenders/detail_pages/CDC9059L26.html
CDC9068L26,NIT,,https://www.oil-india.com/download-tender-document?ten_detail=NlVleXZpSEw2RXFyM1FZPQ%3D%3D,data/raw/oil_india/tenders/detail_pages/CDC9068L26.html
CDC9069P26,NIT,,https://www.oil-india.com/download-tender-document?ten_detail=NlVleXRTSEw2RXFyM1FBPQ%3D%3D,data/raw/oil_india/tenders/detail_pages/CDC9069P26.html
CDC9076P26,NIT,,https://www.oil-india.com/download-tender-document?ten_detail=NlVleXRDSEw2RXFyM1FBPQ%3D%3D,data/raw/oil_india/tenders/detail_pages/CDC9076P26.html
CDC9143P26,NIT,,https://www.oil-india.com/download-tender-document?ten_detail=NlVhM3ZTSEw2RXFyM1FBPQ%3D%3D,data/raw/oil_india/tenders/detail_pages/CDC9143P26.html
CDC9158P26,NIT,,https://www.oil-india.com/download-tender-document?ten_detail=NlVhMXVDSEw2RXFyM1FBPQ%3D%3D,data/raw/oil_india/tenders/detail_pages/CDC9158P26.html
CDC9279P26,NIT,,https://www.oil-india.com/download-tender-document?ten_detail=NlVheHZpSEw2RXFyM1FBPQ%3D%3D,data/raw/oil_india/tenders/detail_pages/CDC9279P26.html
CDC9363L26,NIT,,https://www.oil-india.com/download-tender-document?ten_detail=NlVXM3VTSEw2RXFyM1FZPQ%3D%3D,data/raw/oil_india/tenders/detail_pages/CDC9363L26.html
CDC9364L26,NIT,,https://www.oil-india.com/download-tender-document?ten_detail=NlVXM3VDSEw2RXFyM1FZPQ%3D%3D,data/raw/oil_india/tenders/detail_pages/CDC9364L26.html
CDC9373P26,NIT,,https://www.oil-india.com/download-tender-document?ten_detail=NlVXMXRTSEw2RXFyM1FBPQ%3D%3D,data/raw/oil_india/tenders/detail_pages/CDC9373P26.html
CDC9471P26,NIT,,https://www.oil-india.com/download-tender-document?ten_detail=NlVXL3ZDSEw2RXFyM1FBPQ%3D%3D,data/raw/oil_india/tenders/detail_pages/CDC9471P26.html
CDC9474P26,NIT,,https://www.oil-india.com/download-tender-document?ten_detail=NlVXL3ZTSEw2RXFyM1FBPQ%3D%3D,data/raw/oil_india/tenders/detail_pages/CDC9474P26.html
CDC9513L26,NIT,,https://www.oil-india.com/download-tender-document?ten_detail=NlVTM3Z5SEw2RXFyM1FZPQ%3D%3D,data/raw/oil_india/tenders/detail_pages/CDC9513L26.html
CDC9515L26,NIT,,https://www.oil-india.com/download-tender-document?ten_detail=NlVTM3ZDSEw2RXFyM1FZPQ%3D%3D,data/raw/oil_india/tenders/detail_pages/CDC9515L26.html
CDC9557L26,NIT,,https://www.oil-india.com/download-tender-document?ten_detail=NlVTMHVDSEw2RXFyM1FZPQ%3D%3D,data/raw/oil_india/tenders/detail_pages/CDC9557L26.html
CDC9571P26,NIT,,https://www.oil-india.com/download-tender-document?ten_detail=NlVTeXZDSEw2RXFyM1FBPQ%3D%3D,data/raw/oil_india/tenders/detail_pages/CDC9571P26.html
CDC9596L26,NIT,,https://www.oil-india.com/download-tender-document?ten_detail=NlVTeXZ5SEw2RXFyM1FZPQ%3D%3D,data/raw/oil_india/tenders/detail_pages/CDC9596L26.html
CDC9607L26,NIT,,https://www.oil-india.com/download-tender-document?ten_detail=NlVTeXVpSEw2RXFyM1FZPQ%3D%3D,data/raw/oil_india/tenders/detail_pages/CDC9607L26.html
CDC9622P26,NIT,,https://www.oil-india.com/download-tender-document?ten_detail=NlVTenVDSEw2RXFyM1FBPQ%3D%3D,data/raw/oil_india/tenders/detail_pages/CDC9622P26.html
CDC9638L26,NIT,,https://www.oil-india.com/download-tender-document?ten_detail=NlVTd3RTSEw2RXFyM1FZPQ%3D%3D,data/raw/oil_india/tenders/detail_pages/CDC9638L26.html
CDC9658P26,NIT,,https://www.oil-india.com/download-tender-document?ten_detail=NlVTK3RTSEw2RXFyM1FBPQ%3D%3D,data/raw/oil_india/tenders/detail_pages/CDC9658P26.html
CDC9659P26,NIT,,https://www.oil-india.com/download-tender-document?ten_detail=NlVTK3RDSEw2RXFyM1FBPQ%3D%3D,data/raw/oil_india/tenders/detail_pages/CDC9659P26.html
CDC9660P26,NIT,,https://www.oil-india.com/download-tender-document?ten_detail=NlVTL3Z5SEw2RXFyM1FBPQ%3D%3D,data/raw/oil_india/tenders/detail_pages/CDC9660P26.html
CDC9661P26,NIT,,https://www.oil-india.com/download-tender-document?ten_detail=NlVTL3ZTSEw2RXFyM1FBPQ%3D%3D,data/raw/oil_india/tenders/detail_pages/CDC9661P26.html
CDC9662P26,NIT,,https://www.oil-india.com/download-tender-document?ten_detail=NlVTL3ZDSEw2RXFyM1FBPQ%3D%3D,data/raw/oil_india/tenders/detail_pages/CDC9662P26.html
CDC9691L26,NIT,,https://www.oil-india.com/download-tender-document?ten_detail=NlVPMHZ5SEw2RXFyM1FZPQ%3D%3D,data/raw/oil_india/tenders/detail_pages/CDC9691L26.html
CDC9734L26,NIT,,https://www.oil-india.com/download-tender-document?ten_detail=NlVPMHVDSEw2RXFyM1FZPQ%3D%3D,data/raw/oil_india/tenders/detail_pages/CDC9734L26.html
CDC9735L26,NIT,,https://www.oil-india.com/download-tender-document?ten_detail=NlVPMHVTSEw2RXFyM1FZPQ%3D%3D,data/raw/oil_india/tenders/detail_pages/CDC9735L26.html
CDC9761L26,NIT,,https://www.oil-india.com/download-tender-document?ten_detail=NlVPMXV5SEw2RXFyM1FZPQ%3D%3D,data/raw/oil_india/tenders/detail_pages/CDC9761L26.html
CDC9762L26,NIT,,https://www.oil-india.com/download-tender-document?ten_detail=NlUrenZTSEw2RXFyM1FZPQ%3D%3D,data/raw/oil_india/tenders/detail_pages/CDC9762L26.html
CDC9784L26,NIT,,https://www.oil-india.com/download-tender-document?ten_detail=NlVPd3VpSEw2RXFyM1FZPQ%3D%3D,data/raw/oil_india/tenders/detail_pages/CDC9784L26.html
CDC9817L26,NIT,,https://www.oil-india.com/download-tender-document?ten_detail=NlVPeHV5SEw2RXFyM1FZPQ%3D%3D,data/raw/oil_india/tenders/detail_pages/CDC9817L26.html
CDC9818L26,NIT,,https://www.oil-india.com/download-tender-document?ten_detail=NlVPK3VDSEw2RXFyM1FZPQ%3D%3D,data/raw/oil_india/tenders/detail_pages/CDC9818L26.html
CDC9913L26,NIT,,https://www.oil-india.com/download-tender-document?ten_detail=NlVLenVDSEw2RXFyM1FZPQ%3D%3D,data/raw/oil_india/tenders/detail_pages/CDC9913L26.html
CDC9914L26,NIT,,https://www.oil-india.com/download-tender-document?ten_detail=NlVLenV5SEw2RXFyM1FZPQ%3D%3D,data/raw/oil_india/tenders/detail_pages/CDC9914L26.html
CDC9915P26,NIT,,https://www.oil-india.com/download-tender-document?ten_detail=NlVLd3ZDSEw2RXFyM1FBPQ%3D%3D,data/raw/oil_india/tenders/detail_pages/CDC9915P26.html
CDC9916L26,NIT,,https://www.oil-india.com/download-tender-document?ten_detail=NlVLenVpSEw2RXFyM1FZPQ%3D%3D,data/raw/oil_india/tenders/detail_pages/CDC9916L26.html
CDC9944P26,NIT,,https://www.oil-india.com/download-tender-document?ten_detail=NlVLd3Z5SEw2RXFyM1FBPQ%3D%3D,data/raw/oil_india/tenders/detail_pages/CDC9944P26.html
CDC9983L26,NIT,,https://www.oil-india.com/download-tender-document?ten_detail=NlVLd3VDSEw2RXFyM1FZPQ%3D%3D,data/raw/oil_india/tenders/detail_pages/CDC9983L26.html
CDG0167P26,NIT,,https://www.oil-india.com/download-tender-document?ten_detail=NlVHK3ZpSEw2RXFyM1FjPQ%3D%3D,data/raw/oil_india/tenders/detail_pages/CDG0167P26.html
CDG0589P26,NIT,,https://www.oil-india.com/download-tender-document?ten_detail=NlU2enRTSEw2RXFyM1FjPQ%3D%3D,data/raw/oil_india/tenders/detail_pages/CDG0589P26.html
CDG0791P26,NIT,,https://www.oil-india.com/download-tender-document?ten_detail=NkVleHV5SEw2RXFyM1FjPQ%3D%3D,data/raw/oil_india/tenders/detail_pages/CDG0791P26.html
CDG0818P26,NIT,,https://www.oil-india.com/download-tender-document?ten_detail=NkVlL3V5SEw2RXFyM1FjPQ%3D%3D,data/raw/oil_india/tenders/detail_pages/CDG0818P26.html
CDG1754P27,NIT,,https://www.oil-india.com/download-tender-document?ten_detail=NkVHeXV5SEw2RXFyM1FjPQ%3D%3D,data/raw/oil_india/tenders/detail_pages/CDG1754P27.html
CDG1979P23,NIT,,https://www.oil-india.com/download-tender-document?ten_detail=NGthcjZXbmJvQWl5,data/raw/oil_india/tenders/detail_pages/CDG1979P23.html
CDG2048P27,NIT,,https://www.oil-india.com/download-tender-document?ten_detail=NkUrM3VpSEw2RXFyM1FjPQ%3D%3D,data/raw/oil_india/tenders/detail_pages/CDG2048P27.html
CDG2266P27,NIT,,https://www.oil-india.com/download-tender-document?ten_detail=NkU2eXZTSEw2RXFyM1FjPQ%3D%3D,data/raw/oil_india/tenders/detail_pages/CDG2266P27.html
CDG2300P27,NIT,,https://www.oil-india.com/download-tender-document?ten_detail=NkU2d3Z5SEw2RXFyM1FjPQ%3D%3D,data/raw/oil_india/tenders/detail_pages/CDG2300P27.html
CDG2397P27,NIT,,https://www.oil-india.com/download-tender-document?ten_detail=NkU2L3RTSEw2RXFyM1FjPQ%3D%3D,data/raw/oil_india/tenders/detail_pages/CDG2397P27.html
CDG2752P27,NIT,,https://www.oil-india.com/download-tender-document?ten_detail=NzBXMnZ5SEw2RXFyM1FjPQ%3D%3D,data/raw/oil_india/tenders/detail_pages/CDG2752P27.html
CDG4876P24,NIT,,https://www.oil-india.com/download-tender-document?ten_detail=NmtPM29HaksrUk93M3c9PQ%3D%3D,data/raw/oil_india/tenders/detail_pages/CDG4876P24.html
CDG5545P24,NIT,,https://www.oil-india.com/download-tender-document?ten_detail=NlVlL29HaksrUk93M3c9PQ%3D%3D,data/raw/oil_india/tenders/detail_pages/CDG5545P24.html
CDG5781P24,NIT,,https://www.oil-india.com/download-tender-document?ten_detail=NlVlMm9HaksrUk93M3c9PQ%3D%3D,data/raw/oil_india/tenders/detail_pages/CDG5781P24.html
CDG6858P25,NIT,,https://www.oil-india.com/download-tender-document?ten_detail=NDBleG9HaksrUk93M3c9PQ%3D%3D,data/raw/oil_india/tenders/detail_pages/CDG6858P25.html
CDG6898P25,NIT,,https://www.oil-india.com/download-tender-document?ten_detail=NDBXMW9HaksrUk93M3c9PQ%3D%3D,data/raw/oil_india/tenders/detail_pages/CDG6898P25.html
CDG7089P25,NIT,,https://www.oil-india.com/download-tender-document?ten_detail=NGtXK29HaksrUk93M3c9PQ%3D%3D,data/raw/oil_india/tenders/detail_pages/CDG7089P25.html
CDG7256P25,NIT,,https://www.oil-india.com/download-tender-document?ten_detail=NmtlMHZpSEw2RXFyM1FjPQ%3D%3D,data/raw/oil_india/tenders/detail_pages/CDG7256P25.html
CDG7880P25,NIT,,https://www.oil-india.com/download-tender-document?ten_detail=NmtTK3Z5SEw2RXFyM1FjPQ%3D%3D,data/raw/oil_india/tenders/detail_pages/CDG7880P25.html
CDG7907P25,NIT,,https://www.oil-india.com/download-tender-document?ten_detail=NmtPMnZ5SEw2RXFyM1FjPQ%3D%3D,data/raw/oil_india/tenders/detail_pages/CDG7907P25.html
CDG8235P25,NIT,,https://www.oil-india.com/download-tender-document?ten_detail=NmtLd3VpSEw2RXFyM1FjPQ%3D%3D,data/raw/oil_india/tenders/detail_pages/CDG8235P25.html
CDG8446P25,NIT,,https://www.oil-india.com/download-tender-document?ten_detail=NmtHL3V5SEw2RXFyM1FjPQ%3D%3D,data/raw/oil_india/tenders/detail_pages/CDG8446P25.html
CDG8869P25,NIT,,https://www.oil-india.com/download-tender-document?ten_detail=Nms2MXVTSEw2RXFyM1FjPQ%3D%3D,data/raw/oil_india/tenders/detail_pages/CDG8869P25.html
CDG9298P26,NIT,,https://www.oil-india.com/download-tender-document?ten_detail=NlVheHZ5SEw2RXFyM1FjPQ%3D%3D,data/raw/oil_india/tenders/detail_pages/CDG9298P26.html
CDG9342P26,NIT,,https://www.oil-india.com/download-tender-document?ten_detail=NlVhL3Z5SEw2RXFyM1FjPQ%3D%3D,data/raw/oil_india/tenders/detail_pages/CDG9342P26.html
CDH2516P27,NIT,,https://www.oil-india.com/download-tender-document?ten_detail=NzBlenRTSEw2RXFyM1FBPQ%3D%3D,data/raw/oil_india/tenders/detail_pages/CDH2516P27.html
CDH2624P27,NIT,,https://www.oil-india.com/download-tender-document?ten_detail=NzBhMnRTSEw2RXFyM1FBPQ%3D%3D,data/raw/oil_india/tenders/detail_pages/CDH2624P27.html
CDH8713P25,NIT,,https://www.oil-india.com/download-tender-document?ten_detail=NmsrMXVDSEw2RXFyM1FBPQ%3D%3D,data/raw/oil_india/tenders/detail_pages/CDH8713P25.html
CDI0243P26,NIT,,https://www.oil-india.com/download-tender-document?ten_detail=NlVDMXZ5SEw2RXFyM1FBPQ%3D%3D,data/raw/oil_india/tenders/detail_pages/CDI0243P26.html
CDI0290P26,NIT,,https://www.oil-india.com/download-tender-document?ten_detail=NlVDL3VDSEw2RXFyM1FBPQ%3D%3D,data/raw/oil_india/tenders/detail_pages/CDI0290P26.html
CDI0599P26,NIT,,https://www.oil-india.com/download-tender-document?ten_detail=NlU2d3RDSEw2RXFyM1FBPQ%3D%3D,data/raw/oil_india/tenders/detail_pages/CDI0599P26.html
CDI0741P26,NIT,,https://www.oil-india.com/download-tender-document?ten_detail=NkVlMXRDSEw2RXFyM1FBPQ%3D%3D,data/raw/oil_india/tenders/detail_pages/CDI0741P26.html
CDI0812P26,NIT,,https://www.oil-india.com/download-tender-document?ten_detail=NkVlK3V5SEw2RXFyM1FBPQ%3D%3D,data/raw/oil_india/tenders/detail_pages/CDI0812P26.html
CDI1488P26,NIT,,https://www.oil-india.com/download-tender-document?ten_detail=NkVPeHZ5SEw2RXFyM1FBPQ%3D%3D,data/raw/oil_india/tenders/detail_pages/CDI1488P26.html
CDI1510P26,NIT,,https://www.oil-india.com/download-tender-document?ten_detail=NkVLMHZTSEw2RXFyM1FBPQ%3D%3D,data/raw/oil_india/tenders/detail_pages/CDI1510P26.html
CDI2307P27,NIT,,https://www.oil-india.com/download-tender-document?ten_detail=NkU2K3ZDSEw2RXFyM1FBPQ%3D%3D,data/raw/oil_india/tenders/detail_pages/CDI2307P27.html
CDI2513P27,NIT,,https://www.oil-india.com/download-tender-document?ten_detail=NzBlenVTSEw2RXFyM1FBPQ%3D%3D,data/raw/oil_india/tenders/detail_pages/CDI2513P27.html
CDI2730P27,NIT,,https://www.oil-india.com/download-tender-document?ten_detail=NzBhK3RTSEw2RXFyM1FBPQ%3D%3D,data/raw/oil_india/tenders/detail_pages/CDI2730P27.html
CDI4651P24,NIT,,https://www.oil-india.com/download-tender-document?ten_detail=NzBTem9HaksrUk93MkE9PQ%3D%3D,data/raw/oil_india/tenders/detail_pages/CDI4651P24.html
CDI5381P24,NIT,,https://www.oil-india.com/download-tender-document?ten_detail=N2tPcjZXbmJvQWkx,data/raw/oil_india/tenders/detail_pages/CDI5381P24.html
CDI5748P24,NIT,,https://www.oil-india.com/download-tender-document?ten_detail=NlVPM29HaksrUk93MkE9PQ%3D%3D,data/raw/oil_india/tenders/detail_pages/CDI5748P24.html
CDI5861P24,NIT,,https://www.oil-india.com/download-tender-document?ten_detail=NlVDL29HaksrUk93MkE9PQ%3D%3D,data/raw/oil_india/tenders/detail_pages/CDI5861P24.html
CDI6453P25,NIT,,https://www.oil-india.com/download-tender-document?ten_detail=N2srK29HaksrUk93MkE9PQ%3D%3D,data/raw/oil_india/tenders/detail_pages/CDI6453P25.html
CDI6945P25,NIT,,https://www.oil-india.com/download-tender-document?ten_detail=NDBLMG9HaksrUk93MkE9PQ%3D%3D,data/raw/oil_india/tenders/detail_pages/CDI6945P25.html
CDI7302P25,NIT,,https://www.oil-india.com/download-tender-document?ten_detail=NmtlL3ZDSEw2RXFyM1FBPQ%3D%3D,data/raw/oil_india/tenders/detail_pages/CDI7302P25.html
CDI7354P25,NIT,,https://www.oil-india.com/download-tender-document?ten_detail=NmtlL3VpSEw2RXFyM1FBPQ%3D%3D,data/raw/oil_india/tenders/detail_pages/CDI7354P25.html
CDI7412P25,NIT,,https://www.oil-india.com/download-tender-document?ten_detail=NmtheXRDSEw2RXFyM1FBPQ%3D%3D,data/raw/oil_india/tenders/detail_pages/CDI7412P25.html
CDI7774P25,NIT,,https://www.oil-india.com/download-tender-document?ten_detail=NmtTenVTSEw2RXFyM1FBPQ%3D%3D,data/raw/oil_india/tenders/detail_pages/CDI7774P25.html
CDI7922P25,NIT,,https://www.oil-india.com/download-tender-document?ten_detail=NmtPd3ZTSEw2RXFyM1FBPQ%3D%3D,data/raw/oil_india/tenders/detail_pages/CDI7922P25.html
CDI8045P25,NIT,,https://www.oil-india.com/download-tender-document?ten_detail=NmtPd3VDSEw2RXFyM1FBPQ%3D%3D,data/raw/oil_india/tenders/detail_pages/CDI8045P25.html
CDI8246P25,NIT,,https://www.oil-india.com/download-tender-document?ten_detail=NmtLK3ZDSEw2RXFyM1FBPQ%3D%3D,data/raw/oil_india/tenders/detail_pages/CDI8246P25.html
CDI8708L25,NIT,,https://www.oil-india.com/download-tender-document?ten_detail=NmsrMHVDSEw2RXFyM1FZPQ%3D%3D,data/raw/oil_india/tenders/detail_pages/CDI8708L25.html
CDI8803P25,NIT,,https://www.oil-india.com/download-tender-document?ten_detail=Nms2MnZpSEw2RXFyM1FBPQ%3D%3D,data/raw/oil_india/tenders/detail_pages/CDI8803P25.html
CDI8845P25,NIT,,https://www.oil-india.com/download-tender-document?ten_detail=Nms2M3RTSEw2RXFyM1FBPQ%3D%3D,data/raw/oil_india/tenders/detail_pages/CDI8845P25.html
CDI9020P26,NIT,,https://www.oil-india.com/download-tender-document?ten_detail=Nms2L3V5SEw2RXFyM1FBPQ%3D%3D,data/raw/oil_india/tenders/detail_pages/CDI9020P26.html
CDI9026L26,NIT,,https://www.oil-india.com/download-tender-document?ten_detail=NlVlMnV5SEw2RXFyM1FZPQ%3D%3D,data/raw/oil_india/tenders/detail_pages/CDI9026L26.html
CDO0006P26,NIT,,https://www.oil-india.com/download-tender-document?ten_detail=NlVLeHRDSEw2RXFyM1FBPQ%3D%3D,data/raw/oil_india/tenders/detail_pages/CDO0006P26.html
CDO0408P26,NIT,,https://www.oil-india.com/download-tender-document?ten_detail=NlUrMXZpSEw2RXFyM1FBPQ%3D%3D,data/raw/oil_india/tenders/detail_pages/CDO0408P26.html
CDO0425P26,NIT,,https://www.oil-india.com/download-tender-document?ten_detail=NlUrMXVpSEw2RXFyM1FBPQ%3D%3D,data/raw/oil_india/tenders/detail_pages/CDO0425P26.html
CDO0437P26,NIT,,https://www.oil-india.com/download-tender-document?ten_detail=NlUreXVTSEw2RXFyM1FBPQ%3D%3D,data/raw/oil_india/tenders/detail_pages/CDO0437P26.html
CDO0455P26,NIT,,https://www.oil-india.com/download-tender-document?ten_detail=NlUrenVDSEw2RXFyM1FBPQ%3D%3D,data/raw/oil_india/tenders/detail_pages/CDO0455P26.html
CDO0503P26,NIT,,https://www.oil-india.com/download-tender-document?ten_detail=NlUrL3ZTSEw2RXFyM1FBPQ%3D%3D,data/raw/oil_india/tenders/detail_pages/CDO0503P26.html
CDO0884P26,NIT,,https://www.oil-india.com/download-tender-document?ten_detail=NkVhMXZTSEw2RXFyM1FBPQ%3D%3D,data/raw/oil_india/tenders/detail_pages/CDO0884P26.html
CDO1686P27,NIT,,https://www.oil-india.com/download-tender-document?ten_detail=NkVLL3ZpSEw2RXFyM1FBPQ%3D%3D,data/raw/oil_india/tenders/detail_pages/CDO1686P27.html
CDO1771P27,NIT,,https://www.oil-india.com/download-tender-document?ten_detail=NkVHd3ZpSEw2RXFyM1FBPQ%3D%3D,data/raw/oil_india/tenders/detail_pages/CDO1771P27.html
CDO2008P27,NIT,,https://www.oil-india.com/download-tender-document?ten_detail=NkVDL3VDSEw2RXFyM1FBPQ%3D%3D,data/raw/oil_india/tenders/detail_pages/CDO2008P27.html
CDO5226P24,NIT,,https://www.oil-india.com/download-tender-document?ten_detail=N0VlcjZXbmJvQWkx,data/raw/oil_india/tenders/detail_pages/CDO5226P24.html
CDO5292P24,NIT,,https://www.oil-india.com/download-tender-document?ten_detail=N2tLcjZXbmJvQWkx,data/raw/oil_india/tenders/detail_pages/CDO5292P24.html
CDO6063P25,NIT,,https://www.oil-india.com/download-tender-document?ten_detail=NkVXK29HaksrUk93MkE9PQ%3D%3D,data/raw/oil_india/tenders/detail_pages/CDO6063P25.html
CDO6272P25,NIT,,https://www.oil-india.com/download-tender-document?ten_detail=NzBXeW9HaksrUk93MkE9PQ%3D%3D,data/raw/oil_india/tenders/detail_pages/CDO6272P25.html
CDO6355P25,NIT,,https://www.oil-india.com/download-tender-document?ten_detail=NzBDeW9HaksrUk93MkE9PQ%3D%3D,data/raw/oil_india/tenders/detail_pages/CDO6355P25.html
CDO6573P25,NIT,,https://www.oil-india.com/download-tender-document?ten_detail=N1VTM29HaksrUk93MkE9PQ%3D%3D,data/raw/oil_india/tenders/detail_pages/CDO6573P25.html
CDO6639P25,NIT,,https://www.oil-india.com/download-tender-document?ten_detail=N1VLL29HaksrUk93MkE9PQ%3D%3D,data/raw/oil_india/tenders/detail_pages/CDO6639P25.html
CDO6731P25,NIT,,https://www.oil-india.com/download-tender-document?ten_detail=N0VXMW9HaksrUk93MkE9PQ%3D%3D,data/raw/oil_india/tenders/detail_pages/CDO6731P25.html
CDO6757P25,NIT,,https://www.oil-india.com/download-tender-document?ten_detail=N0VTMG9HaksrUk93MkE9PQ%3D%3D,data/raw/oil_india/tenders/detail_pages/CDO6757P25.html
CDO7115L25,NIT,,https://www.oil-india.com/download-tender-document?ten_detail=NGtHL29HaksrUk93M2c9PQ%3D%3D,data/raw/oil_india/tenders/detail_pages/CDO7115L25.html
CDO7485P25,NIT,,https://www.oil-india.com/download-tender-document?ten_detail=Nmthd3V5SEw2RXFyM1FBPQ%3D%3D,data/raw/oil_india/tenders/detail_pages/CDO7485P25.html
CDO7537P25,NIT,,https://www.oil-india.com/download-tender-document?ten_detail=NmtXM3ZTSEw2RXFyM1FBPQ%3D%3D,data/raw/oil_india/tenders/detail_pages/CDO7537P25.html
CDO7612P25,NIT,,https://www.oil-india.com/download-tender-document?ten_detail=NmtXMXZ5SEw2RXFyM1FBPQ%3D%3D,data/raw/oil_india/tenders/detail_pages/CDO7612P25.html
CDO7676P25,NIT,,https://www.oil-india.com/download-tender-document?ten_detail=NmtXeHZpSEw2RXFyM1FBPQ%3D%3D,data/raw/oil_india/tenders/detail_pages/CDO7676P25.html
CDO7690P25,NIT,,https://www.oil-india.com/download-tender-document?ten_detail=NmtXeHZ5SEw2RXFyM1FBPQ%3D%3D,data/raw/oil_india/tenders/detail_pages/CDO7690P25.html
CDO7703P25,NIT,,https://www.oil-india.com/download-tender-document?ten_detail=NmtXK3RDSEw2RXFyM1FBPQ%3D%3D,data/raw/oil_india/tenders/detail_pages/CDO7703P25.html
CDO7812P25,NIT,,https://www.oil-india.com/download-tender-document?ten_detail=NmtTeXVTSEw2RXFyM1FBPQ%3D%3D,data/raw/oil_india/tenders/detail_pages/CDO7812P25.html
CDO7945P25,NIT,,https://www.oil-india.com/download-tender-document?ten_detail=NmtPMXV5SEw2RXFyM1FBPQ%3D%3D,data/raw/oil_india/tenders/detail_pages/CDO7945P25.html
CDO8489P25,NIT,,https://www.oil-india.com/download-tender-document?ten_detail=NmtDMHZ5SEw2RXFyM1FBPQ%3D%3D,data/raw/oil_india/tenders/detail_pages/CDO8489P25.html
CDO8925P25,NIT,,https://www.oil-india.com/download-tender-document?ten_detail=Nms2enVTSEw2RXFyM1FBPQ%3D%3D,data/raw/oil_india/tenders/detail_pages/CDO8925P25.html
CDO9067L26,NIT,,https://www.oil-india.com/download-tender-document?ten_detail=NlVleXVDSEw2RXFyM1FZPQ%3D%3D,data/raw/oil_india/tenders/detail_pages/CDO9067L26.html
CDO9247P26,NIT,,https://www.oil-india.com/download-tender-document?ten_detail=NlVhenZ5SEw2RXFyM1FBPQ%3D%3D,data/raw/oil_india/tenders/detail_pages/CDO9247P26.html
CDO9444P26,NIT,,https://www.oil-india.com/download-tender-document?ten_detail=NlVXenVpSEw2RXFyM1FBPQ%3D%3D,data/raw/oil_india/tenders/detail_pages/CDO9444P26.html
CDO9966P26,NIT,,https://www.oil-india.com/download-tender-document?ten_detail=NlVLenVTSEw2RXFyM1FBPQ%3D%3D,data/raw/oil_india/tenders/detail_pages/CDO9966P26.html
CDT1540L26,NIT,,https://www.oil-india.com/download-tender-document?ten_detail=NkVPL3V5SEw2RXFyM1FZPQ%3D%3D,data/raw/oil_india/tenders/detail_pages/CDT1540L26.html
CDT1558L26,NIT,,https://www.oil-india.com/download-tender-document?ten_detail=NkVLM3VDSEw2RXFyM1FZPQ%3D%3D,data/raw/oil_india/tenders/detail_pages/CDT1558L26.html
CDT2187L27,NIT,,https://www.oil-india.com/download-tender-document?ten_detail=NkU2MnRDSEw2RXFyM1FZPQ%3D%3D,data/raw/oil_india/tenders/detail_pages/CDT2187L27.html
CDT7868P25,NIT,,https://www.oil-india.com/download-tender-document?ten_detail=NmtTeHVTSEw2RXFyM1FBPQ%3D%3D,data/raw/oil_india/tenders/detail_pages/CDT7868P25.html
CEG1335P26,NIT,,https://www.oil-india.com/download-tender-document?ten_detail=NkVTL3VDSEw2RXFyM1FjPQ%3D%3D,data/raw/oil_india/tenders/detail_pages/CEG1335P26.html
CEG1823P27,NIT,,https://www.oil-india.com/download-tender-document?ten_detail=NkVDMnZTSEw2RXFyM1FjPQ%3D%3D,data/raw/oil_india/tenders/detail_pages/CEG1823P27.html
CEG2068P27,NIT,,https://www.oil-india.com/download-tender-document?ten_detail=NkUrMXRDSEw2RXFyM1FjPQ%3D%3D,data/raw/oil_india/tenders/detail_pages/CEG2068P27.html
CEG2403P27,NIT,,https://www.oil-india.com/download-tender-document?ten_detail=NzBlMnZ5SEw2RXFyM1FjPQ%3D%3D,data/raw/oil_india/tenders/detail_pages/CEG2403P27.html
CEG2743P27,NIT,,https://www.oil-india.com/download-tender-document?ten_detail=NzBXMnZTSEw2RXFyM1FjPQ%3D%3D,data/raw/oil_india/tenders/detail_pages/CEG2743P27.html
CEG5287P24,NIT,,https://www.oil-india.com/download-tender-document?ten_detail=NmtTMW9HaksrUk93M3c9PQ%3D%3D,data/raw/oil_india/tenders/detail_pages/CEG5287P24.html
CEG5507P24,NIT,,https://www.oil-india.com/download-tender-document?ten_detail=NlVHM29HaksrUk93M3c9PQ%3D%3D,data/raw/oil_india/tenders/detail_pages/CEG5507P24.html
CEG7203P25,NIT,,https://www.oil-india.com/download-tender-document?ten_detail=NmtleHZTSEw2RXFyM1FjPQ%3D%3D,data/raw/oil_india/tenders/detail_pages/CEG7203P25.html
CEG7546P25,NIT,,https://www.oil-india.com/download-tender-document?ten_detail=NmtXM3VpSEw2RXFyM1FjPQ%3D%3D,data/raw/oil_india/tenders/detail_pages/CEG7546P25.html
CEG8433P25,NIT,,https://www.oil-india.com/download-tender-document?ten_detail=NmtHK3V5SEw2RXFyM1FjPQ%3D%3D,data/raw/oil_india/tenders/detail_pages/CEG8433P25.html
CEG9805P26,NIT,,https://www.oil-india.com/download-tender-document?ten_detail=NlVPd3V5SEw2RXFyM1FjPQ%3D%3D,data/raw/oil_india/tenders/detail_pages/CEG9805P26.html
CEI1161L26,NIT,,https://www.oil-india.com/download-tender-document?ten_detail=NkVXL3RTSEw2RXFyM1FZPQ%3D%3D,data/raw/oil_india/tenders/detail_pages/CEI1161L26.html
CGI,NIT,,https://www.oil-india.com/download-tender-document?ten_detail=NDBhcjZXbmJvQWkx,data/raw/oil_india/tenders/detail_pages/CGI.html
CGI0071L26,NIT,,https://www.oil-india.com/download-tender-document?ten_detail=NlVDenVpSEw2RXFyM1FZPQ%3D%3D,data/raw/oil_india/tenders/detail_pages/CGI0071L26.html
CGI0072L26,NIT,,https://www.oil-india.com/download-tender-document?ten_detail=NlVDMHVDSEw2RXFyM1FZPQ%3D%3D,data/raw/oil_india/tenders/detail_pages/CGI0072L26.html
CGI0107L26,NIT,,https://www.oil-india.com/download-tender-document?ten_detail=NlUreHZpSEw2RXFyM1FZPQ%3D%3D,data/raw/oil_india/tenders/detail_pages/CGI0107L26.html
CGI0137L26,NIT,,https://www.oil-india.com/download-tender-document?ten_detail=NlVDK3VTSEw2RXFyM1FZPQ%3D%3D,data/raw/oil_india/tenders/detail_pages/CGI0137L26.html
CGI0294L26,NIT,,https://www.oil-india.com/download-tender-document?ten_detail=NlVDeHRDSEw2RXFyM1FZPQ%3D%3D,data/raw/oil_india/tenders/detail_pages/CGI0294L26.html
CGI0332L26,NIT,,https://www.oil-india.com/download-tender-document?ten_detail=NkVlM3ZpSEw2RXFyM1FZPQ%3D%3D,data/raw/oil_india/tenders/detail_pages/CGI0332L26.html
CGI0333L26,NIT,,https://www.oil-india.com/download-tender-document?ten_detail=NkVlM3VDSEw2RXFyM1FZPQ%3D%3D,data/raw/oil_india/tenders/detail_pages/CGI0333L26.html
CGI0414L26,NIT,,https://www.oil-india.com/download-tender-document?ten_detail=NkVHL3ZTSEw2RXFyM1FZPQ%3D%3D,data/raw/oil_india/tenders/detail_pages/CGI0414L26.html
CGI0454P26,NIT,,https://www.oil-india.com/download-tender-document?ten_detail=NkVhM3VDSEw2RXFyM1FBPQ%3D%3D,data/raw/oil_india/tenders/detail_pages/CGI0454P26.html
CGI0570L26,NIT,,https://www.oil-india.com/download-tender-document?ten_detail=NlU2eHZ5SEw2RXFyM1FZPQ%3D%3D,data/raw/oil_india/tenders/detail_pages/CGI0570L26.html
CGI0571L26,NIT,,https://www.oil-india.com/download-tender-document?ten_detail=NlU2eXVpSEw2RXFyM1FZPQ%3D%3D,data/raw/oil_india/tenders/detail_pages/CGI0571L26.html
CGI0572L26,NIT,,https://www.oil-india.com/download-tender-document?ten_detail=NkVDMnVpSEw2RXFyM1FZPQ%3D%3D,data/raw/oil_india/tenders/detail_pages/CGI0572L26.html
CGI0573L26,NIT,,https://www.oil-india.com/download-tender-document?ten_detail=NlU2d3VpSEw2RXFyM1FZPQ%3D%3D,data/raw/oil_india/tenders/detail_pages/CGI0573L26.html
CGI0930P26,NIT,,https://www.oil-india.com/download-tender-document?ten_detail=NkVhL3Z5SEw2RXFyM1FBPQ%3D%3D,data/raw/oil_india/tenders/detail_pages/CGI0930P26.html
CGI1108P26,NIT,,https://www.oil-india.com/download-tender-document?ten_detail=NkVHeXZpSEw2RXFyM1FBPQ%3D%3D,data/raw/oil_india/tenders/detail_pages/CGI1108P26.html
CGI1124L26,NIT,,https://www.oil-india.com/download-tender-document?ten_detail=NkVXeHZTSEw2RXFyM1FZPQ%3D%3D,data/raw/oil_india/tenders/detail_pages/CGI1124L26.html
CGI1171P26,NIT,,https://www.oil-india.com/download-tender-document?ten_detail=NkVTeHZpSEw2RXFyM1FBPQ%3D%3D,data/raw/oil_india/tenders/detail_pages/CGI1171P26.html
CGI1519P26,NIT,,https://www.oil-india.com/download-tender-document?ten_detail=NkVLM3ZDSEw2RXFyM1FBPQ%3D%3D,data/raw/oil_india/tenders/detail_pages/CGI1519P26.html
CGI15367L26,NIT,,https://www.oil-india.com/download-tender-document?ten_detail=NkVLMXZpSEw2RXFyM1FZPQ%3D%3D,data/raw/oil_india/tenders/detail_pages/CGI15367L26.html
CGI1543L26,NIT,,https://www.oil-india.com/download-tender-document?ten_detail=NkVLK3VTSEw2RXFyM1FZPQ%3D%3D,data/raw/oil_india/tenders/detail_pages/CGI1543L26.html
CGI1576L26,NIT,,https://www.oil-india.com/download-tender-document?ten_detail=NkVHMHVTSEw2RXFyM1FZPQ%3D%3D,data/raw/oil_india/tenders/detail_pages/CGI1576L26.html
CGI1646L27,NIT,,https://www.oil-india.com/download-tender-document?ten_detail=NkVLd3ZTSEw2RXFyM1FZPQ%3D%3D,data/raw/oil_india/tenders/detail_pages/CGI1646L27.html
CGI1713P27,NIT,,https://www.oil-india.com/download-tender-document?ten_detail=NkVHeHVTSEw2RXFyM1FBPQ%3D%3D,data/raw/oil_india/tenders/detail_pages/CGI1713P27.html
CGI1774P27,NIT,,https://www.oil-india.com/download-tender-document?ten_detail=NkVHd3RDSEw2RXFyM1FBPQ%3D%3D,data/raw/oil_india/tenders/detail_pages/CGI1774P27.html
CGI1782L27,NIT,,https://www.oil-india.com/download-tender-document?ten_detail=NkVHeHZDSEw2RXFyM1FZPQ%3D%3D,data/raw/oil_india/tenders/detail_pages/CGI1782L27.html
CGI1809L27,NIT,,https://www.oil-india.com/download-tender-document?ten_detail=NkU2enZTSEw2RXFyM1FZPQ%3D%3D,data/raw/oil_india/tenders/detail_pages/CGI1809L27.html
CGI1973L27,NIT,,https://www.oil-india.com/download-tender-document?ten_detail=NkU2MHRTSEw2RXFyM1FZPQ%3D%3D,data/raw/oil_india/tenders/detail_pages/CGI1973L27.html
CGI2082L27,NIT,,https://www.oil-india.com/download-tender-document?ten_detail=NkUrMXRTSEw2RXFyM1FZPQ%3D%3D,data/raw/oil_india/tenders/detail_pages/CGI2082L27.html
CGI2150L27,NIT,,https://www.oil-india.com/download-tender-document?ten_detail=NkU2L3ZDSEw2RXFyM1FZPQ%3D%3D,data/raw/oil_india/tenders/detail_pages/CGI2150L27.html
CGI2382L27,NIT,,https://www.oil-india.com/download-tender-document?ten_detail=NkU2L3Z5SEw2RXFyM1FZPQ%3D%3D,data/raw/oil_india/tenders/detail_pages/CGI2382L27.html
CGI2396L27,NIT,,https://www.oil-india.com/download-tender-document?ten_detail=NzBleXRTSEw2RXFyM1FZPQ%3D%3D,data/raw/oil_india/tenders/detail_pages/CGI2396L27.html
CGI2557L27,NIT,,https://www.oil-india.com/download-tender-document?ten_detail=NzBlK3V5SEw2RXFyM1FZPQ%3D%3D,data/raw/oil_india/tenders/detail_pages/CGI2557L27.html
CGI2583L27,NIT,,https://www.oil-india.com/download-tender-document?ten_detail=NzBhMHVDSEw2RXFyM1FZPQ%3D%3D,data/raw/oil_india/tenders/detail_pages/CGI2583L27.html
CGI2585L27,NIT,,https://www.oil-india.com/download-tender-document?ten_detail=NzBhMHV5SEw2RXFyM1FZPQ%3D%3D,data/raw/oil_india/tenders/detail_pages/CGI2585L27.html
CGI2586L27,NIT,,https://www.oil-india.com/download-tender-document?ten_detail=NzBhM3Z5SEw2RXFyM1FZPQ%3D%3D,data/raw/oil_india/tenders/detail_pages/CGI2586L27.html
CGI2590L27,NIT,,https://www.oil-india.com/download-tender-document?ten_detail=NzBXM3ZpSEw2RXFyM1FZPQ%3D%3D,data/raw/oil_india/tenders/detail_pages/CGI2590L27.html
CGI4044L24,NIT,,https://www.oil-india.com/download-tender-document?ten_detail=NmtPeW9HaksrUk93M2c9PQ%3D%3D,data/raw/oil_india/tenders/detail_pages/CGI4044L24.html
CGI4163L24,NIT,,https://www.oil-india.com/download-tender-document?ten_detail=NmtXeW9HaksrUk93M2c9PQ%3D%3D,data/raw/oil_india/tenders/detail_pages/CGI4163L24.html
CGI4164L24,NIT,,https://www.oil-india.com/download-tender-document?ten_detail=NmtPMW9HaksrUk93M2c9PQ%3D%3D,data/raw/oil_india/tenders/detail_pages/CGI4164L24.html
CGI4797P24,NIT,,https://www.oil-india.com/download-tender-document?ten_detail=NDA2cjZXbmJvQWkx,data/raw/oil_india/tenders/detail_pages/CGI4797P24.html
CGI5108L24,NIT,,https://www.oil-india.com/download-tender-document?ten_detail=NmthK29HaksrUk93M2c9PQ%3D%3D,data/raw/oil_india/tenders/detail_pages/CGI5108L24.html
CGI5137P24,NIT,,https://www.oil-india.com/download-tender-document?ten_detail=NkVHcjZXbmJvQWkx,data/raw/oil_india/tenders/detail_pages/CGI5137P24.html
CGI5148P24,NIT,,https://www.oil-india.com/download-tender-document?ten_detail=N0UrcjZXbmJvQWkx,data/raw/oil_india/tenders/detail_pages/CGI5148P24.html
CGI5179,NIT,,https://www.oil-india.com/download-tender-document?ten_detail=N0VLcjZXbmJvQWkx,data/raw/oil_india/tenders/detail_pages/CGI5179.html
CGI5179P24,NIT,,https://www.oil-india.com/download-tender-document?ten_detail=NmtPeG9HaksrUk93MkE9PQ%3D%3D,data/raw/oil_india/tenders/detail_pages/CGI5179P24.html
CGI5180,NIT,,https://www.oil-india.com/download-tender-document?ten_detail=N1UrcjZXbmJvQWkx,data/raw/oil_india/tenders/detail_pages/CGI5180.html
CGI5180P24,NIT,,https://www.oil-india.com/download-tender-document?ten_detail=NmtPd29HaksrUk93MkE9PQ%3D%3D,data/raw/oil_india/tenders/detail_pages/CGI5180P24.html
CGI5183P24,NIT,,https://www.oil-india.com/download-tender-document?ten_detail=N0VXcjZXbmJvQWkx,data/raw/oil_india/tenders/detail_pages/CGI5183P24.html
CGI5236P24,NIT,,https://www.oil-india.com/download-tender-document?ten_detail=N1VDcjZXbmJvQWkx,data/raw/oil_india/tenders/detail_pages/CGI5236P24.html
CGI5334P24,NIT,,https://www.oil-india.com/download-tender-document?ten_detail=N2tlcjZXbmJvQWkx,data/raw/oil_india/tenders/detail_pages/CGI5334P24.html
CGI5396P24,NIT,,https://www.oil-india.com/download-tender-document?ten_detail=N2thcjZXbmJvQWkx,data/raw/oil_india/tenders/detail_pages/CGI5396P24.html
CGI5435P24,NIT,,https://www.oil-india.com/download-tender-document?ten_detail=NkVlMG9HaksrUk93MkE9PQ%3D%3D,data/raw/oil_india/tenders/detail_pages/CGI5435P24.html
CGI5440P24,NIT,,https://www.oil-india.com/download-tender-document?ten_detail=NzArcjZXbmJvQWkx,data/raw/oil_india/tenders/detail_pages/CGI5440P24.html
CGI5450P24,NIT,,https://www.oil-india.com/download-tender-document?ten_detail=NlVleG9HaksrUk93MkE9PQ%3D%3D,data/raw/oil_india/tenders/detail_pages/CGI5450P24.html
CGI5458L24,NIT,,https://www.oil-india.com/download-tender-document?ten_detail=N0U2cjZXbmJvQWl6,data/raw/oil_india/tenders/detail_pages/CGI5458L24.html
CGI5501P24,NIT,,https://www.oil-india.com/download-tender-document?ten_detail=NGtPcjZXbmJvQWkx,data/raw/oil_india/tenders/detail_pages/CGI5501P24.html
CGI5502P24,NIT,,https://www.oil-india.com/download-tender-document?ten_detail=NmtDK29HaksrUk93MkE9PQ%3D%3D,data/raw/oil_india/tenders/detail_pages/CGI5502P24.html
CGI5504P24,NIT,,https://www.oil-india.com/download-tender-document?ten_detail=NmtPem9HaksrUk93MkE9PQ%3D%3D,data/raw/oil_india/tenders/detail_pages/CGI5504P24.html
CGI5532L24,NIT,,https://www.oil-india.com/download-tender-document?ten_detail=NDBTcjZXbmJvQWl6,data/raw/oil_india/tenders/detail_pages/CGI5532L24.html
CGI5576L24,NIT,,https://www.oil-india.com/download-tender-document?ten_detail=N1U2K29HaksrUk93M2c9PQ%3D%3D,data/raw/oil_india/tenders/detail_pages/CGI5576L24.html
CGI5577L24,NIT,,https://www.oil-india.com/download-tender-document?ten_detail=NDBheW9HaksrUk93M2c9PQ%3D%3D,data/raw/oil_india/tenders/detail_pages/CGI5577L24.html
CGI5608P24,NIT,,https://www.oil-india.com/download-tender-document?ten_detail=NzBXcjZXbmJvQWkx,data/raw/oil_india/tenders/detail_pages/CGI5608P24.html
CGI5611P24,NIT,,https://www.oil-india.com/download-tender-document?ten_detail=N1VXcjZXbmJvQWkx,data/raw/oil_india/tenders/detail_pages/CGI5611P24.html
CGI5612P24,NIT,,https://www.oil-india.com/download-tender-document?ten_detail=NlVPL29HaksrUk93MkE9PQ%3D%3D,data/raw/oil_india/tenders/detail_pages/CGI5612P24.html
CGI5615P24,NIT,,https://www.oil-india.com/download-tender-document?ten_detail=NlVXMm9HaksrUk93MkE9PQ%3D%3D,data/raw/oil_india/tenders/detail_pages/CGI5615P24.html
CGI5616P24,NIT,,https://www.oil-india.com/download-tender-document?ten_detail=NlVPeW9HaksrUk93MkE9PQ%3D%3D,data/raw/oil_india/tenders/detail_pages/CGI5616P24.html
CGI5757P24,NIT,,https://www.oil-india.com/download-tender-document?ten_detail=NlVlM29HaksrUk93MkE9PQ%3D%3D,data/raw/oil_india/tenders/detail_pages/CGI5757P24.html
CGI5791P24,NIT,,https://www.oil-india.com/download-tender-document?ten_detail=NlVhK29HaksrUk93MkE9PQ%3D%3D,data/raw/oil_india/tenders/detail_pages/CGI5791P24.html
CGI5817P24,NIT,,https://www.oil-india.com/download-tender-document?ten_detail=NlVTeG9HaksrUk93MkE9PQ%3D%3D,data/raw/oil_india/tenders/detail_pages/CGI5817P24.html
CGI5818P24,NIT,,https://www.oil-india.com/download-tender-document?ten_detail=NlVTeW9HaksrUk93MkE9PQ%3D%3D,data/raw/oil_india/tenders/detail_pages/CGI5818P24.html
CGI5834P24,NIT,,https://www.oil-india.com/download-tender-document?ten_detail=N2tHd29HaksrUk93MkE9PQ%3D%3D,data/raw/oil_india/tenders/detail_pages/CGI5834P24.html
CGI5922P24,NIT,,https://www.oil-india.com/download-tender-document?ten_detail=NkVTd29HaksrUk93MkE9PQ%3D%3D,data/raw/oil_india/tenders/detail_pages/CGI5922P24.html
CGI5926L24,NIT,,https://www.oil-india.com/download-tender-document?ten_detail=N1UrMG9HaksrUk93M2c9PQ%3D%3D,data/raw/oil_india/tenders/detail_pages/CGI5926L24.html
CGI5927L24,NIT,,https://www.oil-india.com/download-tender-document?ten_detail=N1U2MG9HaksrUk93M2c9PQ%3D%3D,data/raw/oil_india/tenders/detail_pages/CGI5927L24.html
CGI5928L24,NIT,,https://www.oil-india.com/download-tender-document?ten_detail=N1U2MW9HaksrUk93M2c9PQ%3D%3D,data/raw/oil_india/tenders/detail_pages/CGI5928L24.html
CGI5929L24,NIT,,https://www.oil-india.com/download-tender-document?ten_detail=NmtDenRTSEw2RXFyM1FZPQ%3D%3D,data/raw/oil_india/tenders/detail_pages/CGI5929L24.html
CGI5930L24,NIT,,https://www.oil-india.com/download-tender-document?ten_detail=NmtDd3ZTSEw2RXFyM1FZPQ%3D%3D,data/raw/oil_india/tenders/detail_pages/CGI5930L24.html
CGI5931L24,NIT,,https://www.oil-india.com/download-tender-document?ten_detail=NmtTd3VDSEw2RXFyM1FZPQ%3D%3D,data/raw/oil_india/tenders/detail_pages/CGI5931L24.html
CGI5982P24,NIT,,https://www.oil-india.com/download-tender-document?ten_detail=NzBTK29HaksrUk93MkE9PQ%3D%3D,data/raw/oil_india/tenders/detail_pages/CGI5982P24.html
CGI5983P24,NIT,,https://www.oil-india.com/download-tender-document?ten_detail=N2tTMW9HaksrUk93MkE9PQ%3D%3D,data/raw/oil_india/tenders/detail_pages/CGI5983P24.html
CGI6060P25,NIT,,https://www.oil-india.com/download-tender-document?ten_detail=N2tXMm9HaksrUk93MkE9PQ%3D%3D,data/raw/oil_india/tenders/detail_pages/CGI6060P25.html
CGI6061P25,NIT,,https://www.oil-india.com/download-tender-document?ten_detail=NzBXMm9HaksrUk93MkE9PQ%3D%3D,data/raw/oil_india/tenders/detail_pages/CGI6061P25.html
CGI6205P25,NIT,,https://www.oil-india.com/download-tender-document?ten_detail=NzBXK29HaksrUk93MkE9PQ%3D%3D,data/raw/oil_india/tenders/detail_pages/CGI6205P25.html
CGI6206P25,NIT,,https://www.oil-india.com/download-tender-document?ten_detail=NGtXL29HaksrUk93MkE9PQ%3D%3D,data/raw/oil_india/tenders/detail_pages/CGI6206P25.html
CGI6224L25,NIT,,https://www.oil-india.com/download-tender-document?ten_detail=NGtXM29HaksrUk93M2c9PQ%3D%3D,data/raw/oil_india/tenders/detail_pages/CGI6224L25.html
CGI6270P25,NIT,,https://www.oil-india.com/download-tender-document?ten_detail=N2srem9HaksrUk93MkE9PQ%3D%3D,data/raw/oil_india/tenders/detail_pages/CGI6270P25.html
CGI6271P25,NIT,,https://www.oil-india.com/download-tender-document?ten_detail=N2tDM29HaksrUk93MkE9PQ%3D%3D,data/raw/oil_india/tenders/detail_pages/CGI6271P25.html
CGI6308L25,NIT,,https://www.oil-india.com/download-tender-document?ten_detail=NmtDd3VTSEw2RXFyM1FZPQ%3D%3D,data/raw/oil_india/tenders/detail_pages/CGI6308L25.html
CGI6309L25,NIT,,https://www.oil-india.com/download-tender-document?ten_detail=NGtLMG9HaksrUk93M2c9PQ%3D%3D,data/raw/oil_india/tenders/detail_pages/CGI6309L25.html
CGI6319P25,NIT,,https://www.oil-india.com/download-tender-document?ten_detail=N1VTMG9HaksrUk93MkE9PQ%3D%3D,data/raw/oil_india/tenders/detail_pages/CGI6319P25.html
CGI6378P25,NIT,,https://www.oil-india.com/download-tender-document?ten_detail=N2tPd29HaksrUk93MkE9PQ%3D%3D,data/raw/oil_india/tenders/detail_pages/CGI6378P25.html
CGI6382P25,NIT,,https://www.oil-india.com/download-tender-document?ten_detail=NDArMW9HaksrUk93MkE9PQ%3D%3D,data/raw/oil_india/tenders/detail_pages/CGI6382P25.html
CGI6395P25,NIT,,https://www.oil-india.com/download-tender-document?ten_detail=NmthMnVTSEw2RXFyM1FBPQ%3D%3D,data/raw/oil_india/tenders/detail_pages/CGI6395P25.html
CGI6397P25,NIT,,https://www.oil-india.com/download-tender-document?ten_detail=N2tLMW9HaksrUk93MkE9PQ%3D%3D,data/raw/oil_india/tenders/detail_pages/CGI6397P25.html
CGI6432P25,NIT,,https://www.oil-india.com/download-tender-document?ten_detail=N2tHMG9HaksrUk93MkE9PQ%3D%3D,data/raw/oil_india/tenders/detail_pages/CGI6432P25.html
CGI6438P25,NIT,,https://www.oil-india.com/download-tender-document?ten_detail=N1VPeG9HaksrUk93MkE9PQ%3D%3D,data/raw/oil_india/tenders/detail_pages/CGI6438P25.html
CGI6444P25,NIT,,https://www.oil-india.com/download-tender-document?ten_detail=N2tHem9HaksrUk93MkE9PQ%3D%3D,data/raw/oil_india/tenders/detail_pages/CGI6444P25.html
CGI6451L25,NIT,,https://www.oil-india.com/download-tender-document?ten_detail=N1U2M29HaksrUk93M2c9PQ%3D%3D,data/raw/oil_india/tenders/detail_pages/CGI6451L25.html
CGI6538P25,NIT,,https://www.oil-india.com/download-tender-document?ten_detail=N1VLK29HaksrUk93MkE9PQ%3D%3D,data/raw/oil_india/tenders/detail_pages/CGI6538P25.html
CGI6574P25,NIT,,https://www.oil-india.com/download-tender-document?ten_detail=N1U2eW9HaksrUk93MkE9PQ%3D%3D,data/raw/oil_india/tenders/detail_pages/CGI6574P25.html
CGI6615P25,NIT,,https://www.oil-india.com/download-tender-document?ten_detail=N1UreW9HaksrUk93MkE9PQ%3D%3D,data/raw/oil_india/tenders/detail_pages/CGI6615P25.html
CGI6655P25,NIT,,https://www.oil-india.com/download-tender-document?ten_detail=N0VleW9HaksrUk93MkE9PQ%3D%3D,data/raw/oil_india/tenders/detail_pages/CGI6655P25.html
CGI6669P25,NIT,,https://www.oil-india.com/download-tender-document?ten_detail=N1UrMW9HaksrUk93MkE9PQ%3D%3D,data/raw/oil_india/tenders/detail_pages/CGI6669P25.html
CGI6705P25,NIT,,https://www.oil-india.com/download-tender-document?ten_detail=NGtTL29HaksrUk93MkE9PQ%3D%3D,data/raw/oil_india/tenders/detail_pages/CGI6705P25.html
CGI6706P25,NIT,,https://www.oil-india.com/download-tender-document?ten_detail=NGtlMm9HaksrUk93MkE9PQ%3D%3D,data/raw/oil_india/tenders/detail_pages/CGI6706P25.html
CGI6796P25,NIT,,https://www.oil-india.com/download-tender-document?ten_detail=N0VHd29HaksrUk93MkE9PQ%3D%3D,data/raw/oil_india/tenders/detail_pages/CGI6796P25.html
CGI6798L25,NIT,,https://www.oil-india.com/download-tender-document?ten_detail=NDBLeW9HaksrUk93M2c9PQ%3D%3D,data/raw/oil_india/tenders/detail_pages/CGI6798L25.html
CGI6800L25,NIT,,https://www.oil-india.com/download-tender-document?ten_detail=N0VDeG9HaksrUk93M2c9PQ%3D%3D,data/raw/oil_india/tenders/detail_pages/CGI6800L25.html
CGI6824P25,NIT,,https://www.oil-india.com/download-tender-document?ten_detail=N0UrM29HaksrUk93MkE9PQ%3D%3D,data/raw/oil_india/tenders/detail_pages/CGI6824P25.html
CGI6879L25,NIT,,https://www.oil-india.com/download-tender-document?ten_detail=NDBhL29HaksrUk93M2c9PQ%3D%3D,data/raw/oil_india/tenders/detail_pages/CGI6879L25.html
CGI6884L25,NIT,,https://www.oil-india.com/download-tender-document?ten_detail=NGtlMG9HaksrUk93M2c9PQ%3D%3D,data/raw/oil_india/tenders/detail_pages/CGI6884L25.html
CGI6887L25,NIT,,https://www.oil-india.com/download-tender-document?ten_detail=NDArd29HaksrUk93M2c9PQ%3D%3D,data/raw/oil_india/tenders/detail_pages/CGI6887L25.html
CGI6923P25,NIT,,https://www.oil-india.com/download-tender-document?ten_detail=NGtDem9HaksrUk93MkE9PQ%3D%3D,data/raw/oil_india/tenders/detail_pages/CGI6923P25.html
CGI6933P25,NIT,,https://www.oil-india.com/download-tender-document?ten_detail=NmtlMXVDSEw2RXFyM1FBPQ%3D%3D,data/raw/oil_india/tenders/detail_pages/CGI6933P25.html
CGI7015P25,NIT,,https://www.oil-india.com/download-tender-document?ten_detail=NGtHMW9HaksrUk93MkE9PQ%3D%3D,data/raw/oil_india/tenders/detail_pages/CGI7015P25.html
CGI7080L25,NIT,,https://www.oil-india.com/download-tender-document?ten_detail=NGtXd29HaksrUk93M2c9PQ%3D%3D,data/raw/oil_india/tenders/detail_pages/CGI7080L25.html
CGI7106P25,NIT,,https://www.oil-india.com/download-tender-document?ten_detail=NmtPeHVTSEw2RXFyM1FBPQ%3D%3D,data/raw/oil_india/tenders/detail_pages/CGI7106P25.html
CGI7107P25,NIT,,https://www.oil-india.com/download-tender-document?ten_detail=NGtLK29HaksrUk93MkE9PQ%3D%3D,data/raw/oil_india/tenders/detail_pages/CGI7107P25.html
CGI7225P25,NIT,,https://www.oil-india.com/download-tender-document?ten_detail=NmtlenZDSEw2RXFyM1FBPQ%3D%3D,data/raw/oil_india/tenders/detail_pages/CGI7225P25.html
CGI7227P25,NIT,,https://www.oil-india.com/download-tender-document?ten_detail=NmthM3VDSEw2RXFyM1FBPQ%3D%3D,data/raw/oil_india/tenders/detail_pages/CGI7227P25.html
CGI7239P25,NIT,,https://www.oil-india.com/download-tender-document?ten_detail=NmtlMHZ5SEw2RXFyM1FBPQ%3D%3D,data/raw/oil_india/tenders/detail_pages/CGI7239P25.html
CGI7297L25,NIT,,https://www.oil-india.com/download-tender-document?ten_detail=NmtTMHZ5SEw2RXFyM1FZPQ%3D%3D,data/raw/oil_india/tenders/detail_pages/CGI7297L25.html
CGI7308P25,NIT,,https://www.oil-india.com/download-tender-document?ten_detail=Nmtld3V5SEw2RXFyM1FBPQ%3D%3D,data/raw/oil_india/tenders/detail_pages/CGI7308P25.html
CGI7315P25,NIT,,https://www.oil-india.com/download-tender-document?ten_detail=Nmtld3Z5SEw2RXFyM1FBPQ%3D%3D,data/raw/oil_india/tenders/detail_pages/CGI7315P25.html
CGI7338P25,NIT,,https://www.oil-india.com/download-tender-document?ten_detail=NmtXL3RTSEw2RXFyM1FBPQ%3D%3D,data/raw/oil_india/tenders/detail_pages/CGI7338P25.html
CGI7349L25,NIT,,https://www.oil-india.com/download-tender-document?ten_detail=NmtlK3VDSEw2RXFyM1FZPQ%3D%3D,data/raw/oil_india/tenders/detail_pages/CGI7349L25.html
CGI7391P25,NIT,,https://www.oil-india.com/download-tender-document?ten_detail=NmthM3VTSEw2RXFyM1FBPQ%3D%3D,data/raw/oil_india/tenders/detail_pages/CGI7391P25.html
CGI7393L25,NIT,,https://www.oil-india.com/download-tender-document?ten_detail=NmtXenVDSEw2RXFyM1FZPQ%3D%3D,data/raw/oil_india/tenders/detail_pages/CGI7393L25.html
CGI7429P25,NIT,,https://www.oil-india.com/download-tender-document?ten_detail=NmtheXRTSEw2RXFyM1FBPQ%3D%3D,data/raw/oil_india/tenders/detail_pages/CGI7429P25.html
CGI7460P25,NIT,,https://www.oil-india.com/download-tender-document?ten_detail=Nmthd3Z5SEw2RXFyM1FBPQ%3D%3D,data/raw/oil_india/tenders/detail_pages/CGI7460P25.html
CGI7776P25,NIT,,https://www.oil-india.com/download-tender-document?ten_detail=NmtTd3ZTSEw2RXFyM1FBPQ%3D%3D,data/raw/oil_india/tenders/detail_pages/CGI7776P25.html
CGI7847P25,NIT,,https://www.oil-india.com/download-tender-document?ten_detail=NmtPM3ZTSEw2RXFyM1FBPQ%3D%3D,data/raw/oil_india/tenders/detail_pages/CGI7847P25.html
CGI7858P25,NIT,,https://www.oil-india.com/download-tender-document?ten_detail=NmtTd3V5SEw2RXFyM1FBPQ%3D%3D,data/raw/oil_india/tenders/detail_pages/CGI7858P25.html
CGI7860P25,NIT,,https://www.oil-india.com/download-tender-document?ten_detail=Nms2MXV5SEw2RXFyM1FBPQ%3D%3D,data/raw/oil_india/tenders/detail_pages/CGI7860P25.html
CGI7968P25,NIT,,https://www.oil-india.com/download-tender-document?ten_detail=NmtPK3VDSEw2RXFyM1FBPQ%3D%3D,data/raw/oil_india/tenders/detail_pages/CGI7968P25.html
CGI7984L25,NIT,,https://www.oil-india.com/download-tender-document?ten_detail=NmtPd3RTSEw2RXFyM1FZPQ%3D%3D,data/raw/oil_india/tenders/detail_pages/CGI7984L25.html
CGI8108L25,NIT,,https://www.oil-india.com/download-tender-document?ten_detail=NmtPL3ZpSEw2RXFyM1FZPQ%3D%3D,data/raw/oil_india/tenders/detail_pages/CGI8108L25.html
CGI8117L25,NIT,,https://www.oil-india.com/download-tender-document?ten_detail=NmtLeHV5SEw2RXFyM1FZPQ%3D%3D,data/raw/oil_india/tenders/detail_pages/CGI8117L25.html
CGI8118L25,NIT,,https://www.oil-india.com/download-tender-document?ten_detail=NmtLMHVpSEw2RXFyM1FZPQ%3D%3D,data/raw/oil_india/tenders/detail_pages/CGI8118L25.html
CGI8151L25,NIT,,https://www.oil-india.com/download-tender-document?ten_detail=NmtHM3VTSEw2RXFyM1FZPQ%3D%3D,data/raw/oil_india/tenders/detail_pages/CGI8151L25.html
CGI8251L25,NIT,,https://www.oil-india.com/download-tender-document?ten_detail=NmtHL3RTSEw2RXFyM1FZPQ%3D%3D,data/raw/oil_india/tenders/detail_pages/CGI8251L25.html
CGI8265L25,NIT,,https://www.oil-india.com/download-tender-document?ten_detail=NmtDMnZTSEw2RXFyM1FZPQ%3D%3D,data/raw/oil_india/tenders/detail_pages/CGI8265L25.html
CGI8272P25,NIT,,https://www.oil-india.com/download-tender-document?ten_detail=NmtLL3VpSEw2RXFyM1FBPQ%3D%3D,data/raw/oil_india/tenders/detail_pages/CGI8272P25.html
CGI8302P25,NIT,,https://www.oil-india.com/download-tender-document?ten_detail=NmtHMHZDSEw2RXFyM1FBPQ%3D%3D,data/raw/oil_india/tenders/detail_pages/CGI8302P25.html
CGI8310L25,NIT,,https://www.oil-india.com/download-tender-document?ten_detail=NmtHM3ZpSEw2RXFyM1FZPQ%3D%3D,data/raw/oil_india/tenders/detail_pages/CGI8310L25.html
CGI8369P25,NIT,,https://www.oil-india.com/download-tender-document?ten_detail=NmtHenVDSEw2RXFyM1FBPQ%3D%3D,data/raw/oil_india/tenders/detail_pages/CGI8369P25.html
CGI8386P25,NIT,,https://www.oil-india.com/download-tender-document?ten_detail=NmtHd3ZpSEw2RXFyM1FBPQ%3D%3D,data/raw/oil_india/tenders/detail_pages/CGI8386P25.html
CGI8474L25,NIT,,https://www.oil-india.com/download-tender-document?ten_detail=NmtDM3VDSEw2RXFyM1FZPQ%3D%3D,data/raw/oil_india/tenders/detail_pages/CGI8474L25.html
CGI8492P25,NIT,,https://www.oil-india.com/download-tender-document?ten_detail=NlVTeHRTSEw2RXFyM1FBPQ%3D%3D,data/raw/oil_india/tenders/detail_pages/CGI8492P25.html
CGI8493P25,NIT,,https://www.oil-india.com/download-tender-document?ten_detail=NlVlMXZ5SEw2RXFyM1FBPQ%3D%3D,data/raw/oil_india/tenders/detail_pages/CGI8493P25.html
CGI8533L25,NIT,,https://www.oil-india.com/download-tender-document?ten_detail=NmtDeXZDSEw2RXFyM1FZPQ%3D%3D,data/raw/oil_india/tenders/detail_pages/CGI8533L25.html
CGI8578P25,NIT,,https://www.oil-india.com/download-tender-document?ten_detail=NmtDeHZTSEw2RXFyM1FBPQ%3D%3D,data/raw/oil_india/tenders/detail_pages/CGI8578P25.html
CGI8579P25,NIT,,https://www.oil-india.com/download-tender-document?ten_detail=NlVXMHZpSEw2RXFyM1FBPQ%3D%3D,data/raw/oil_india/tenders/detail_pages/CGI8579P25.html
CGI8586P25,NIT,,https://www.oil-india.com/download-tender-document?ten_detail=Nms2enRTSEw2RXFyM1FBPQ%3D%3D,data/raw/oil_india/tenders/detail_pages/CGI8586P25.html
CGI8610L25,NIT,,https://www.oil-india.com/download-tender-document?ten_detail=Nms2M3V5SEw2RXFyM1FZPQ%3D%3D,data/raw/oil_india/tenders/detail_pages/CGI8610L25.html
CGI8611L25,NIT,,https://www.oil-india.com/download-tender-document?ten_detail=Nms2MHVDSEw2RXFyM1FZPQ%3D%3D,data/raw/oil_india/tenders/detail_pages/CGI8611L25.html
CGI8612L25,NIT,,https://www.oil-india.com/download-tender-document?ten_detail=Nms2MXZpSEw2RXFyM1FZPQ%3D%3D,data/raw/oil_india/tenders/detail_pages/CGI8612L25.html
CGI8613L25,NIT,,https://www.oil-india.com/download-tender-document?ten_detail=NlVlMHRDSEw2RXFyM1FZPQ%3D%3D,data/raw/oil_india/tenders/detail_pages/CGI8613L25.html
CGI8614L25,NIT,,https://www.oil-india.com/download-tender-document?ten_detail=NmsrMXRDSEw2RXFyM1FZPQ%3D%3D,data/raw/oil_india/tenders/detail_pages/CGI8614L25.html
CGI8627P25,NIT,,https://www.oil-india.com/download-tender-document?ten_detail=Nms2enZDSEw2RXFyM1FBPQ%3D%3D,data/raw/oil_india/tenders/detail_pages/CGI8627P25.html
CGI8628P25,NIT,,https://www.oil-india.com/download-tender-document?ten_detail=NmsrK3VpSEw2RXFyM1FBPQ%3D%3D,data/raw/oil_india/tenders/detail_pages/CGI8628P25.html
CGI8702P25,NIT,,https://www.oil-india.com/download-tender-document?ten_detail=NmsrMXVTSEw2RXFyM1FBPQ%3D%3D,data/raw/oil_india/tenders/detail_pages/CGI8702P25.html
CGI8870P25,NIT,,https://www.oil-india.com/download-tender-document?ten_detail=Nms2MXVpSEw2RXFyM1FBPQ%3D%3D,data/raw/oil_india/tenders/detail_pages/CGI8870P25.html
CGI8871P25,NIT,,https://www.oil-india.com/download-tender-document?ten_detail=NlVleHRTSEw2RXFyM1FBPQ%3D%3D,data/raw/oil_india/tenders/detail_pages/CGI8871P25.html
CGI8933P25,NIT,,https://www.oil-india.com/download-tender-document?ten_detail=Nms2K3VpSEw2RXFyM1FBPQ%3D%3D,data/raw/oil_india/tenders/detail_pages/CGI8933P25.html
CGI8993P26,NIT,,https://www.oil-india.com/download-tender-document?ten_detail=NlVlMHVTSEw2RXFyM1FBPQ%3D%3D,data/raw/oil_india/tenders/detail_pages/CGI8993P26.html
CGI9007P26,NIT,,https://www.oil-india.com/download-tender-document?ten_detail=NlVlMHRTSEw2RXFyM1FBPQ%3D%3D,data/raw/oil_india/tenders/detail_pages/CGI9007P26.html
CGI9009P26,NIT,,https://www.oil-india.com/download-tender-document?ten_detail=NlVhMXZTSEw2RXFyM1FBPQ%3D%3D,data/raw/oil_india/tenders/detail_pages/CGI9009P26.html
CGI9010P26,NIT,,https://www.oil-india.com/download-tender-document?ten_detail=NlVlenZDSEw2RXFyM1FBPQ%3D%3D,data/raw/oil_india/tenders/detail_pages/CGI9010P26.html
CGI9045L26,NIT,,https://www.oil-india.com/download-tender-document?ten_detail=NlVHMnVTSEw2RXFyM1FZPQ%3D%3D,data/raw/oil_india/tenders/detail_pages/CGI9045L26.html
CGI9049L26,NIT,,https://www.oil-india.com/download-tender-document?ten_detail=NlVlM3VDSEw2RXFyM1FZPQ%3D%3D,data/raw/oil_india/tenders/detail_pages/CGI9049L26.html
CGI9051L26,NIT,,https://www.oil-india.com/download-tender-document?ten_detail=NlVlMHZDSEw2RXFyM1FZPQ%3D%3D,data/raw/oil_india/tenders/detail_pages/CGI9051L26.html
CGI9052L26,NIT,,https://www.oil-india.com/download-tender-document?ten_detail=NlVlMHZpSEw2RXFyM1FZPQ%3D%3D,data/raw/oil_india/tenders/detail_pages/CGI9052L26.html
CGI9081P26,NIT,,https://www.oil-india.com/download-tender-document?ten_detail=NlVXL3VDSEw2RXFyM1FBPQ%3D%3D,data/raw/oil_india/tenders/detail_pages/CGI9081P26.html
CGI9082P26,NIT,,https://www.oil-india.com/download-tender-document?ten_detail=NlVleHVDSEw2RXFyM1FBPQ%3D%3D,data/raw/oil_india/tenders/detail_pages/CGI9082P26.html
CGI9119P26,NIT,,https://www.oil-india.com/download-tender-document?ten_detail=NlVhM3ZDSEw2RXFyM1FBPQ%3D%3D,data/raw/oil_india/tenders/detail_pages/CGI9119P26.html
CGI9128P26,NIT,,https://www.oil-india.com/download-tender-document?ten_detail=NlVhMXVTSEw2RXFyM1FBPQ%3D%3D,data/raw/oil_india/tenders/detail_pages/CGI9128P26.html
CGI9152P26,NIT,,https://www.oil-india.com/download-tender-document?ten_detail=NlVhMnRDSEw2RXFyM1FBPQ%3D%3D,data/raw/oil_india/tenders/detail_pages/CGI9152P26.html
CGI9204P26,NIT,,https://www.oil-india.com/download-tender-document?ten_detail=NlVXMnZ5SEw2RXFyM1FBPQ%3D%3D,data/raw/oil_india/tenders/detail_pages/CGI9204P26.html
CGI9264L26,NIT,,https://www.oil-india.com/download-tender-document?ten_detail=NlVDMHRDSEw2RXFyM1FZPQ%3D%3D,data/raw/oil_india/tenders/detail_pages/CGI9264L26.html
CGI9265L26,NIT,,https://www.oil-india.com/download-tender-document?ten_detail=NlVLL3VDSEw2RXFyM1FZPQ%3D%3D,data/raw/oil_india/tenders/detail_pages/CGI9265L26.html
CGI9305P26,NIT,,https://www.oil-india.com/download-tender-document?ten_detail=NlVhK3ZpSEw2RXFyM1FBPQ%3D%3D,data/raw/oil_india/tenders/detail_pages/CGI9305P26.html
CGI9331L26,NIT,,https://www.oil-india.com/download-tender-document?ten_detail=NlVPMnVDSEw2RXFyM1FZPQ%3D%3D,data/raw/oil_india/tenders/detail_pages/CGI9331L26.html
CGI9353L26,NIT,,https://www.oil-india.com/download-tender-document?ten_detail=NlVPMHZDSEw2RXFyM1FZPQ%3D%3D,data/raw/oil_india/tenders/detail_pages/CGI9353L26.html
CGI9362P26,NIT,,https://www.oil-india.com/download-tender-document?ten_detail=NlVXeXVDSEw2RXFyM1FBPQ%3D%3D,data/raw/oil_india/tenders/detail_pages/CGI9362P26.html
CGI9443P26,NIT,,https://www.oil-india.com/download-tender-document?ten_detail=NlVXd3VpSEw2RXFyM1FBPQ%3D%3D,data/raw/oil_india/tenders/detail_pages/CGI9443P26.html
CGI9487P26,NIT,,https://www.oil-india.com/download-tender-document?ten_detail=NlVXK3Z5SEw2RXFyM1FBPQ%3D%3D,data/raw/oil_india/tenders/detail_pages/CGI9487P26.html
CGI9517P26,NIT,,https://www.oil-india.com/download-tender-document?ten_detail=NlVTMHV5SEw2RXFyM1FBPQ%3D%3D,data/raw/oil_india/tenders/detail_pages/CGI9517P26.html
CGI9538L26,NIT,,https://www.oil-india.com/download-tender-document?ten_detail=NlVPM3RTSEw2RXFyM1FZPQ%3D%3D,data/raw/oil_india/tenders/detail_pages/CGI9538L26.html
CGI9629L26,NIT,,https://www.oil-india.com/download-tender-document?ten_detail=NlVPd3VTSEw2RXFyM1FZPQ%3D%3D,data/raw/oil_india/tenders/detail_pages/CGI9629L26.html
CGI9687L26,NIT,,https://www.oil-india.com/download-tender-document?ten_detail=NlVPMnZTSEw2RXFyM1FZPQ%3D%3D,data/raw/oil_india/tenders/detail_pages/CGI9687L26.html
CGI9699P26,NIT,,https://www.oil-india.com/download-tender-document?ten_detail=NlVTL3ZpSEw2RXFyM1FBPQ%3D%3D,data/raw/oil_india/tenders/detail_pages/CGI9699P26.html
CGI9703P26,NIT,,https://www.oil-india.com/download-tender-document?ten_detail=NlVTL3VTSEw2RXFyM1FBPQ%3D%3D,data/raw/oil_india/tenders/detail_pages/CGI9703P26.html
CGI9704P26,NIT,,https://www.oil-india.com/download-tender-document?ten_detail=NlVTL3V5SEw2RXFyM1FBPQ%3D%3D,data/raw/oil_india/tenders/detail_pages/CGI9704P26.html
CGI9710P26,NIT,,https://www.oil-india.com/download-tender-document?ten_detail=NlVPeXZDSEw2RXFyM1FBPQ%3D%3D,data/raw/oil_india/tenders/detail_pages/CGI9710P26.html
CGI9712P26,NIT,,https://www.oil-india.com/download-tender-document?ten_detail=NlVPMnZ5SEw2RXFyM1FBPQ%3D%3D,data/raw/oil_india/tenders/detail_pages/CGI9712P26.html
CGI9716L26,NIT,,https://www.oil-india.com/download-tender-document?ten_detail=NlVPL3ZDSEw2RXFyM1FZPQ%3D%3D,data/raw/oil_india/tenders/detail_pages/CGI9716L26.html
CGI9717P26,NIT,,https://www.oil-india.com/download-tender-document?ten_detail=NlVPd3ZTSEw2RXFyM1FBPQ%3D%3D,data/raw/oil_india/tenders/detail_pages/CGI9717P26.html
CGI9720P26,NIT,,https://www.oil-india.com/download-tender-document?ten_detail=NlVPM3V5SEw2RXFyM1FBPQ%3D%3D,data/raw/oil_india/tenders/detail_pages/CGI9720P26.html
CGI9737L26,NIT,,https://www.oil-india.com/download-tender-document?ten_detail=NlVPeHVpSEw2RXFyM1FZPQ%3D%3D,data/raw/oil_india/tenders/detail_pages/CGI9737L26.html
CGI9738P26,NIT,,https://www.oil-india.com/download-tender-document?ten_detail=NlVPMXZDSEw2RXFyM1FBPQ%3D%3D,data/raw/oil_india/tenders/detail_pages/CGI9738P26.html
CGI9739P26,NIT,,https://www.oil-india.com/download-tender-document?ten_detail=NlVPMXZ5SEw2RXFyM1FBPQ%3D%3D,data/raw/oil_india/tenders/detail_pages/CGI9739P26.html
CGI9740P26,NIT,,https://www.oil-india.com/download-tender-document?ten_detail=NlVPMXZTSEw2RXFyM1FBPQ%3D%3D,data/raw/oil_india/tenders/detail_pages/CGI9740P26.html
CGI9746P26,NIT,,https://www.oil-india.com/download-tender-document?ten_detail=NlVPeXV5SEw2RXFyM1FBPQ%3D%3D,data/raw/oil_india/tenders/detail_pages/CGI9746P26.html
CGI9747P26,NIT,,https://www.oil-india.com/download-tender-document?ten_detail=NlVPM3VpSEw2RXFyM1FBPQ%3D%3D,data/raw/oil_india/tenders/detail_pages/CGI9747P26.html
CGI9750P26,NIT,,https://www.oil-india.com/download-tender-document?ten_detail=NlVPd3RDSEw2RXFyM1FBPQ%3D%3D,data/raw/oil_india/tenders/detail_pages/CGI9750P26.html
CGI9827P26,NIT,,https://www.oil-india.com/download-tender-document?ten_detail=NlVLMXZDSEw2RXFyM1FBPQ%3D%3D,data/raw/oil_india/tenders/detail_pages/CGI9827P26.html
CGI9829P26,NIT,,https://www.oil-india.com/download-tender-document?ten_detail=NlVPeHZTSEw2RXFyM1FBPQ%3D%3D,data/raw/oil_india/tenders/detail_pages/CGI9829P26.html
CGI9917L26,NIT,,https://www.oil-india.com/download-tender-document?ten_detail=NlVLMHV5SEw2RXFyM1FZPQ%3D%3D,data/raw/oil_india/tenders/detail_pages/CGI9917L26.html
CGI9973L26,NIT,,https://www.oil-india.com/download-tender-document?ten_detail=NlVLenZ5SEw2RXFyM1FZPQ%3D%3D,data/raw/oil_india/tenders/detail_pages/CGI9973L26.html
CIC1667P27,NIT,,https://www.oil-india.com/download-tender-document?ten_detail=NkVLK3ZDSEw2RXFyM1FBPQ%3D%3D,data/raw/oil_india/tenders/detail_pages/CIC1667P27.html
CIC1668P27,NIT,,https://www.oil-india.com/download-tender-document?ten_detail=NkVLK3ZpSEw2RXFyM1FBPQ%3D%3D,data/raw/oil_india/tenders/detail_pages/CIC1668P27.html
CIC5544P24,NIT,,https://www.oil-india.com/download-tender-document?ten_detail=NkU2cjZXbmJvQWkx,data/raw/oil_india/tenders/detail_pages/CIC5544P24.html
CIC6970P25,NIT,,https://www.oil-india.com/download-tender-document?ten_detail=NGtTM29HaksrUk93MkE9PQ%3D%3D,data/raw/oil_india/tenders/detail_pages/CIC6970P25.html
CIC7701P25,NIT,,https://www.oil-india.com/download-tender-document?ten_detail=NmtXL3ZTSEw2RXFyM1FBPQ%3D%3D,data/raw/oil_india/tenders/detail_pages/CIC7701P25.html
CIC8405P25,NIT,,https://www.oil-india.com/download-tender-document?ten_detail=NmtHeHVpSEw2RXFyM1FBPQ%3D%3D,data/raw/oil_india/tenders/detail_pages/CIC8405P25.html
CIP0326P26,NIT,,https://www.oil-india.com/download-tender-document?ten_detail=NlVDK3RTSEw2RXFyM1FBPQ%3D%3D,data/raw/oil_india/tenders/detail_pages/CIP0326P26.html
CIP5637P24,NIT,,https://www.oil-india.com/download-tender-document?ten_detail=Nmthd29HaksrUk93MkE9PQ%3D%3D,data/raw/oil_india/tenders/detail_pages/CIP5637P24.html
CJG0198P26,NIT,,https://www.oil-india.com/download-tender-document?ten_detail=NlVHL3VpSEw2RXFyM1FjPQ%3D%3D,data/raw/oil_india/tenders/detail_pages/CJG0198P26.html
CJG9730P26,NIT,,https://www.oil-india.com/download-tender-document?ten_detail=NlVPM3RDSEw2RXFyM1FjPQ%3D%3D,data/raw/oil_india/tenders/detail_pages/CJG9730P26.html
CJI0287P26,NIT,,https://www.oil-india.com/download-tender-document?ten_detail=NlVDd3V5SEw2RXFyM1FBPQ%3D%3D,data/raw/oil_india/tenders/detail_pages/CJI0287P26.html
CJI0901P26,NIT,,https://www.oil-india.com/download-tender-document?ten_detail=NkVheXRDSEw2RXFyM1FBPQ%3D%3D,data/raw/oil_india/tenders/detail_pages/CJI0901P26.html
CJI0960P26,NIT,,https://www.oil-india.com/download-tender-document?ten_detail=NkVhK3ZTSEw2RXFyM1FBPQ%3D%3D,data/raw/oil_india/tenders/detail_pages/CJI0960P26.html
CJI2007P27,NIT,,https://www.oil-india.com/download-tender-document?ten_detail=NkVDL3VTSEw2RXFyM1FBPQ%3D%3D,data/raw/oil_india/tenders/detail_pages/CJI2007P27.html
CJI2402P27,NIT,,https://www.oil-india.com/download-tender-document?ten_detail=NzBlM3RTSEw2RXFyM1FBPQ%3D%3D,data/raw/oil_india/tenders/detail_pages/CJI2402P27.html
CJI2569P27,NIT,,https://www.oil-india.com/download-tender-document?ten_detail=NzBlL3ZTSEw2RXFyM1FBPQ%3D%3D,data/raw/oil_india/tenders/detail_pages/CJI2569P27.html
CJI2628P27,NIT,,https://www.oil-india.com/download-tender-document?ten_detail=NzBheHVDSEw2RXFyM1FBPQ%3D%3D,data/raw/oil_india/tenders/detail_pages/CJI2628P27.html
CJI5483P24,NIT,,https://www.oil-india.com/download-tender-document?ten_detail=NDBHcjZXbmJvQWkx,data/raw/oil_india/tenders/detail_pages/CJI5483P24.html
CJI6256L25,NIT,,https://www.oil-india.com/download-tender-document?ten_detail=NzBhd29HaksrUk93M2c9PQ%3D%3D,data/raw/oil_india/tenders/detail_pages/CJI6256L25.html
CJI6257L25,NIT,,https://www.oil-india.com/download-tender-document?ten_detail=NzBhem9HaksrUk93M2c9PQ%3D%3D,data/raw/oil_india/tenders/detail_pages/CJI6257L25.html
CJI6258L25,NIT,,https://www.oil-india.com/download-tender-document?ten_detail=NzBheW9HaksrUk93M2c9PQ%3D%3D,data/raw/oil_india/tenders/detail_pages/CJI6258L25.html
CJI6259L25,NIT,,https://www.oil-india.com/download-tender-document?ten_detail=NzBhMW9HaksrUk93M2c9PQ%3D%3D,data/raw/oil_india/tenders/detail_pages/CJI6259L25.html
CJI7145L25,NIT,,https://www.oil-india.com/download-tender-document?ten_detail=NGs2MG9HaksrUk93M2c9PQ%3D%3D,data/raw/oil_india/tenders/detail_pages/CJI7145L25.html
CJI7611P25,NIT,,https://www.oil-india.com/download-tender-document?ten_detail=NmtXeHVDSEw2RXFyM1FBPQ%3D%3D,data/raw/oil_india/tenders/detail_pages/CJI7611P25.html
CJI8368P25,NIT,,https://www.oil-india.com/download-tender-document?ten_detail=NmtHeXRDSEw2RXFyM1FBPQ%3D%3D,data/raw/oil_india/tenders/detail_pages/CJI8368P25.html
CJI8429P25,NIT,,https://www.oil-india.com/download-tender-document?ten_detail=NmtHK3Z5SEw2RXFyM1FBPQ%3D%3D,data/raw/oil_india/tenders/detail_pages/CJI8429P25.html
CJI8540P25,NIT,,https://www.oil-india.com/download-tender-document?ten_detail=NmtDenZTSEw2RXFyM1FBPQ%3D%3D,data/raw/oil_india/tenders/detail_pages/CJI8540P25.html
CJI9017P26,NIT,,https://www.oil-india.com/download-tender-document?ten_detail=NlVlM3V5SEw2RXFyM1FBPQ%3D%3D,data/raw/oil_india/tenders/detail_pages/CJI9017P26.html
CJI9041P26,NIT,,https://www.oil-india.com/download-tender-document?ten_detail=NlVlMnVpSEw2RXFyM1FBPQ%3D%3D,data/raw/oil_india/tenders/detail_pages/CJI9041P26.html
CJI9285P26,NIT,,https://www.oil-india.com/download-tender-document?ten_detail=NlVheHZTSEw2RXFyM1FBPQ%3D%3D,data/raw/oil_india/tenders/detail_pages/CJI9285P26.html
CJI9357P26,NIT,,https://www.oil-india.com/download-tender-document?ten_detail=NlVXM3Z5SEw2RXFyM1FBPQ%3D%3D,data/raw/oil_india/tenders/detail_pages/CJI9357P26.html
CKI2539L27,NIT,,https://www.oil-india.com/download-tender-document?ten_detail=NzBleHVTSEw2RXFyM1FZPQ%3D%3D,data/raw/oil_india/tenders/detail_pages/CKI2539L27.html
CKI6423L25,NIT,,https://www.oil-india.com/download-tender-document?ten_detail=N2tLd29HaksrUk93M2c9PQ%3D%3D,data/raw/oil_india/tenders/detail_pages/CKI6423L25.html
CKI7284L25,NIT,,https://www.oil-india.com/download-tender-document?ten_detail=NmtleXZpSEw2RXFyM1FZPQ%3D%3D,data/raw/oil_india/tenders/detail_pages/CKI7284L25.html
CKI8525L25,NIT,,https://www.oil-india.com/download-tender-document?ten_detail=NmtDMXRTSEw2RXFyM1FZPQ%3D%3D,data/raw/oil_india/tenders/detail_pages/CKI8525L25.html
CLI0664L26,NIT,,https://www.oil-india.com/download-tender-document?ten_detail=NkVlMnZpSEw2RXFyM1FZPQ%3D%3D,data/raw/oil_india/tenders/detail_pages/CLI0664L26.html
CLI0881P26,NIT,,https://www.oil-india.com/download-tender-document?ten_detail=NkVhMHV5SEw2RXFyM1FBPQ%3D%3D,data/raw/oil_india/tenders/detail_pages/CLI0881P26.html
CLI1015P26,NIT,,https://www.oil-india.com/download-tender-document?ten_detail=NkVXMnVTSEw2RXFyM1FBPQ%3D%3D,data/raw/oil_india/tenders/detail_pages/CLI1015P26.html
CLI5237L24,NIT,,https://www.oil-india.com/download-tender-document?ten_detail=NmtlMG9HaksrUk93M2c9PQ%3D%3D,data/raw/oil_india/tenders/detail_pages/CLI5237L24.html
CLI5238L24,NIT,,https://www.oil-india.com/download-tender-document?ten_detail=NmtlM29HaksrUk93M2c9PQ%3D%3D,data/raw/oil_india/tenders/detail_pages/CLI5238L24.html
CLI6315L25,NIT,,https://www.oil-india.com/download-tender-document?ten_detail=NzBPL29HaksrUk93M2c9PQ%3D%3D,data/raw/oil_india/tenders/detail_pages/CLI6315L25.html
CLI6787P25,NIT,,https://www.oil-india.com/download-tender-document?ten_detail=N0VLMW9HaksrUk93MkE9PQ%3D%3D,data/raw/oil_india/tenders/detail_pages/CLI6787P25.html
CLI7640P25,NIT,,https://www.oil-india.com/download-tender-document?ten_detail=NmtTeXRTSEw2RXFyM1FBPQ%3D%3D,data/raw/oil_india/tenders/detail_pages/CLI7640P25.html
CLI9130P26,NIT,,https://www.oil-india.com/download-tender-document?ten_detail=NlVlK3V5SEw2RXFyM1FBPQ%3D%3D,data/raw/oil_india/tenders/detail_pages/CLI9130P26.html
CLI9286P26,NIT,,https://www.oil-india.com/download-tender-document?ten_detail=NlVXM3ZTSEw2RXFyM1FBPQ%3D%3D,data/raw/oil_india/tenders/detail_pages/CLI9286P26.html
CLI9417L26,NIT,,https://www.oil-india.com/download-tender-document?ten_detail=NlVXd3RTSEw2RXFyM1FBPQ%3D%3D,data/raw/oil_india/tenders/detail_pages/CLI9417L26.html
CNI6488P25,NIT,,https://www.oil-india.com/download-tender-document?ten_detail=N0VLMG9HaksrUk93MkE9PQ%3D%3D,data/raw/oil_india/tenders/detail_pages/CNI6488P25.html
CNI6661P25,NIT,,https://www.oil-india.com/download-tender-document?ten_detail=N1VDem9HaksrUk93MkE9PQ%3D%3D,data/raw/oil_india/tenders/detail_pages/CNI6661P25.html
CNI9986P26,NIT,,https://www.oil-india.com/download-tender-document?ten_detail=NlVLd3ZpSEw2RXFyM1FBPQ%3D%3D,data/raw/oil_india/tenders/detail_pages/CNI9986P26.html
CPG8266P25,NIT,,https://www.oil-india.com/download-tender-document?ten_detail=NmtLL3VDSEw2RXFyM1FjPQ%3D%3D,data/raw/oil_india/tenders/detail_pages/CPG8266P25.html
CPI1664P27,NIT,,https://www.oil-india.com/download-tender-document?ten_detail=NkVLd3RDSEw2RXFyM1FBPQ%3D%3D,data/raw/oil_india/tenders/detail_pages/CPI1664P27.html
CPI7832P25,NIT,,https://www.oil-india.com/download-tender-document?ten_detail=NmtTd3Z5SEw2RXFyM1FBPQ%3D%3D,data/raw/oil_india/tenders/detail_pages/CPI7832P25.html
CPI9118P26,NIT,,https://www.oil-india.com/download-tender-document?ten_detail=NlVhMXRDSEw2RXFyM1FBPQ%3D%3D,data/raw/oil_india/tenders/detail_pages/CPI9118P26.html
CQI2018P27,NIT,,https://www.oil-india.com/download-tender-document?ten_detail=NkUrMnZpSEw2RXFyM1FBPQ%3D%3D,data/raw/oil_india/tenders/detail_pages/CQI2018P27.html
CQI2639P27,NIT,,https://www.oil-india.com/download-tender-document?ten_detail=NzBhMXZTSEw2RXFyM1FBPQ%3D%3D,data/raw/oil_india/tenders/detail_pages/CQI2639P27.html
CQI4810P24,NIT,,https://www.oil-india.com/download-tender-document?ten_detail=N1U2cjZXbmJvQWkx,data/raw/oil_india/tenders/detail_pages/CQI4810P24.html
CQI5827L24,NIT,,https://www.oil-india.com/download-tender-document?ten_detail=NlVHMW9HaksrUk93M2c9PQ%3D%3D,data/raw/oil_india/tenders/detail_pages/CQI5827L24.html
CQI7687L25,NIT,,https://www.oil-india.com/download-tender-document?ten_detail=NmtXeHVTSEw2RXFyM1FZPQ%3D%3D,data/raw/oil_india/tenders/detail_pages/CQI7687L25.html
CQI8126P25,NIT,,https://www.oil-india.com/download-tender-document?ten_detail=NmtLMnRTSEw2RXFyM1FBPQ%3D%3D,data/raw/oil_india/tenders/detail_pages/CQI8126P25.html
CQI8171P25,NIT,,https://www.oil-india.com/download-tender-document?ten_detail=NmtLMXVpSEw2RXFyM1FBPQ%3D%3D,data/raw/oil_india/tenders/detail_pages/CQI8171P25.html
CQI9336P26,NIT,,https://www.oil-india.com/download-tender-document?ten_detail=NlVhL3ZTSEw2RXFyM1FBPQ%3D%3D,data/raw/oil_india/tenders/detail_pages/CQI9336P26.html
CQI9343P26,NIT,,https://www.oil-india.com/download-tender-document?ten_detail=NlVhL3VTSEw2RXFyM1FBPQ%3D%3D,data/raw/oil_india/tenders/detail_pages/CQI9343P26.html
CQI9359P26,NIT,,https://www.oil-india.com/download-tender-document?ten_detail=NlVXM3VpSEw2RXFyM1FBPQ%3D%3D,data/raw/oil_india/tenders/detail_pages/CQI9359P26.html
DCC7188L25,NIT,,https://www.oil-india.com/download-tender-document?ten_detail=NmtlMXRTSEw2RXFyM1FZPQ%3D%3D,data/raw/oil_india/tenders/detail_pages/DCC7188L25.html
DCC7189L25,NIT,,https://www.oil-india.com/download-tender-document?ten_detail=NmtlMXVpSEw2RXFyM1FZPQ%3D%3D,data/raw/oil_india/tenders/detail_pages/DCC7189L25.html
DCC7190L25,NIT,,https://www.oil-india.com/download-tender-document?ten_detail=NmtlMXV5SEw2RXFyM1FZPQ%3D%3D,data/raw/oil_india/tenders/detail_pages/DCC7190L25.html
DCC9488L26,NIT,,https://www.oil-india.com/download-tender-document?ten_detail=NlVTMXVTSEw2RXFyM1FZPQ%3D%3D,data/raw/oil_india/tenders/detail_pages/DCC9488L26.html
DCC9489L26,NIT,,https://www.oil-india.com/download-tender-document?ten_detail=NlVTMXVDSEw2RXFyM1FZPQ%3D%3D,data/raw/oil_india/tenders/detail_pages/DCC9489L26.html
DCI1062S26,NIT,,https://www.oil-india.com/download-tender-document?ten_detail=NkVXMXVTSEw2RXFyM1FZPQ%3D%3D,data/raw/oil_india/tenders/detail_pages/DCI1062S26.html
DCI5778P24,NIT,,https://www.oil-india.com/download-tender-document?ten_detail=Nms2K29HaksrUk93MkE9PQ%3D%3D,data/raw/oil_india/tenders/detail_pages/DCI5778P24.html
DCI6994P25,NIT,,https://www.oil-india.com/download-tender-document?ten_detail=NDA2MW9HaksrUk93MkE9PQ%3D%3D,data/raw/oil_india/tenders/detail_pages/DCI6994P25.html
DCT0524P26,NIT,,https://www.oil-india.com/download-tender-document?ten_detail=NlU2M3VpSEw2RXFyM1FBPQ%3D%3D,data/raw/oil_india/tenders/detail_pages/DCT0524P26.html
DCT0998P26,NIT,,https://www.oil-india.com/download-tender-document?ten_detail=NkVhL3V5SEw2RXFyM1FBPQ%3D%3D,data/raw/oil_india/tenders/detail_pages/DCT0998P26.html
DCT1940P27,NIT,,https://www.oil-india.com/download-tender-document?ten_detail=NkVDd3ZDSEw2RXFyM1FBPQ%3D%3D,data/raw/oil_india/tenders/detail_pages/DCT1940P27.html
DCT5178P24,NIT,,https://www.oil-india.com/download-tender-document?ten_detail=N0VDcjZXbmJvQWkx,data/raw/oil_india/tenders/detail_pages/DCT5178P24.html
DFS0700L26,NIT,,https://www.oil-india.com/download-tender-document?ten_detail=NkVlMXV5SEw2RXFyM1FZPQ%3D%3D,data/raw/oil_india/tenders/detail_pages/DFS0700L26.html
DFS6693L25,NIT,,https://www.oil-india.com/download-tender-document?ten_detail=NDArM29HaksrUk93M2c9PQ%3D%3D,data/raw/oil_india/tenders/detail_pages/DFS6693L25.html
DFS6695L25,NIT,,https://www.oil-india.com/download-tender-document?ten_detail=NDArMG9HaksrUk93M2c9PQ%3D%3D,data/raw/oil_india/tenders/detail_pages/DFS6695L25.html
DFS6699L25,NIT,,https://www.oil-india.com/download-tender-document?ten_detail=N0VTeW9HaksrUk93M2c9PQ%3D%3D,data/raw/oil_india/tenders/detail_pages/DFS6699L25.html
DFS6700L25,NIT,,https://www.oil-india.com/download-tender-document?ten_detail=N0VTem9HaksrUk93M2c9PQ%3D%3D,data/raw/oil_india/tenders/detail_pages/DFS6700L25.html
DFS6754L25,NIT,,https://www.oil-india.com/download-tender-document?ten_detail=N0VPMG9HaksrUk93M2c9PQ%3D%3D,data/raw/oil_india/tenders/detail_pages/DFS6754L25.html
DFS6866L25,NIT,,https://www.oil-india.com/download-tender-document?ten_detail=NDBTM29HaksrUk93M2c9PQ%3D%3D,data/raw/oil_india/tenders/detail_pages/DFS6866L25.html
DFS7619L25,NIT,,https://www.oil-india.com/download-tender-document?ten_detail=NmtXenVpSEw2RXFyM1FZPQ%3D%3D,data/raw/oil_india/tenders/detail_pages/DFS7619L25.html
DFS7620L25,NIT,,https://www.oil-india.com/download-tender-document?ten_detail=NmtXenRTSEw2RXFyM1FZPQ%3D%3D,data/raw/oil_india/tenders/detail_pages/DFS7620L25.html
DFS9062L26,NIT,,https://www.oil-india.com/download-tender-document?ten_detail=NlVlenV5SEw2RXFyM1FZPQ%3D%3D,data/raw/oil_india/tenders/detail_pages/DFS9062L26.html
DHS0244L26,NIT,,https://www.oil-india.com/download-tender-document?ten_detail=NlVDenVDSEw2RXFyM1FZPQ%3D%3D,data/raw/oil_india/tenders/detail_pages/DHS0244L26.html
DHS0245L26,NIT,,https://www.oil-india.com/download-tender-document?ten_detail=NlVDenZDSEw2RXFyM1FZPQ%3D%3D,data/raw/oil_india/tenders/detail_pages/DHS0245L26.html
DHS9984L26_L4,NIT,,https://www.oil-india.com/download-tender-document?ten_detail=NlVLK3RTSEw2RXFyM1FZPQ%3D%3D,data/raw/oil_india/tenders/detail_pages/DHS9984L26_L4.html
DID0002L26,NIT,,https://www.oil-india.com/download-tender-document?ten_detail=NlVLL3VpSEw2RXFyM1FZPQ%3D%3D,data/raw/oil_india/tenders/detail_pages/DID0002L26.html
DID0139L26,NIT,,https://www.oil-india.com/download-tender-document?ten_detail=NlVHeHZpSEw2RXFyM1FZPQ%3D%3D,data/raw/oil_india/tenders/detail_pages/DID0139L26.html
DID0210L26,NIT,,https://www.oil-india.com/download-tender-document?ten_detail=NlVDM3VDSEw2RXFyM1FZPQ%3D%3D,data/raw/oil_india/tenders/detail_pages/DID0210L26.html
DID0248L26,NIT,,https://www.oil-india.com/download-tender-document?ten_detail=NlVDMXRDSEw2RXFyM1FZPQ%3D%3D,data/raw/oil_india/tenders/detail_pages/DID0248L26.html
DID0293L26,NIT,,https://www.oil-india.com/download-tender-document?ten_detail=NlVDeHV5SEw2RXFyM1FZPQ%3D%3D,data/raw/oil_india/tenders/detail_pages/DID0293L26.html
DID0338L26,NIT,,https://www.oil-india.com/download-tender-document?ten_detail=NlVDL3VTSEw2RXFyM1FZPQ%3D%3D,data/raw/oil_india/tenders/detail_pages/DID0338L26.html
DID0374L26,NIT,,https://www.oil-india.com/download-tender-document?ten_detail=NlUrMHRTSEw2RXFyM1FZPQ%3D%3D,data/raw/oil_india/tenders/detail_pages/DID0374L26.html
DID0453L26,NIT,,https://www.oil-india.com/download-tender-document?ten_detail=NlUrd3VTSEw2RXFyM1FZPQ%3D%3D,data/raw/oil_india/tenders/detail_pages/DID0453L26.html
DID0465L26,NIT,,https://www.oil-india.com/download-tender-document?ten_detail=NlUrd3V5SEw2RXFyM1FZPQ%3D%3D,data/raw/oil_india/tenders/detail_pages/DID0465L26.html
DID0581L26,NIT,,https://www.oil-india.com/download-tender-document?ten_detail=NlU2L3ZpSEw2RXFyM1FZPQ%3D%3D,data/raw/oil_india/tenders/detail_pages/DID0581L26.html
DID0603L26,NIT,,https://www.oil-india.com/download-tender-document?ten_detail=NkVheXVTSEw2RXFyM1FZPQ%3D%3D,data/raw/oil_india/tenders/detail_pages/DID0603L26.html
DID0751L26,NIT,,https://www.oil-india.com/download-tender-document?ten_detail=NkVlenVpSEw2RXFyM1FZPQ%3D%3D,data/raw/oil_india/tenders/detail_pages/DID0751L26.html
DID0752L26,NIT,,https://www.oil-india.com/download-tender-document?ten_detail=NkVlenRTSEw2RXFyM1FZPQ%3D%3D,data/raw/oil_india/tenders/detail_pages/DID0752L26.html
DID0842L26,NIT,,https://www.oil-india.com/download-tender-document?ten_detail=NkVhMnRDSEw2RXFyM1FZPQ%3D%3D,data/raw/oil_india/tenders/detail_pages/DID0842L26.html
DID1097L26,NIT,,https://www.oil-india.com/download-tender-document?ten_detail=NkVXL3ZpSEw2RXFyM1FZPQ%3D%3D,data/raw/oil_india/tenders/detail_pages/DID1097L26.html
DID1098L26,NIT,,https://www.oil-india.com/download-tender-document?ten_detail=NkVXL3VDSEw2RXFyM1FZPQ%3D%3D,data/raw/oil_india/tenders/detail_pages/DID1098L26.html
DID1177L26,NIT,,https://www.oil-india.com/download-tender-document?ten_detail=NkVTM3ZTSEw2RXFyM1FZPQ%3D%3D,data/raw/oil_india/tenders/detail_pages/DID1177L26.html
DID1270L26,NIT,,https://www.oil-india.com/download-tender-document?ten_detail=NkVTd3ZpSEw2RXFyM1FZPQ%3D%3D,data/raw/oil_india/tenders/detail_pages/DID1270L26.html
DID1320L26,NIT,,https://www.oil-india.com/download-tender-document?ten_detail=NkVTK3VTSEw2RXFyM1FZPQ%3D%3D,data/raw/oil_india/tenders/detail_pages/DID1320L26.html
DID1472L26,NIT,,https://www.oil-india.com/download-tender-document?ten_detail=NkVPeHZTSEw2RXFyM1FZPQ%3D%3D,data/raw/oil_india/tenders/detail_pages/DID1472L26.html
DID1621L27,NIT,,https://www.oil-india.com/download-tender-document?ten_detail=NkVLMXZ5SEw2RXFyM1FZPQ%3D%3D,data/raw/oil_india/tenders/detail_pages/DID1621L27.html
DID1622L27,NIT,,https://www.oil-india.com/download-tender-document?ten_detail=NkVLd3ZDSEw2RXFyM1FZPQ%3D%3D,data/raw/oil_india/tenders/detail_pages/DID1622L27.html
DID1623L27,NIT,,https://www.oil-india.com/download-tender-document?ten_detail=NkVLeHZTSEw2RXFyM1FZPQ%3D%3D,data/raw/oil_india/tenders/detail_pages/DID1623L27.html
DID1631L27,NIT,,https://www.oil-india.com/download-tender-document?ten_detail=NkVLenZTSEw2RXFyM1FZPQ%3D%3D,data/raw/oil_india/tenders/detail_pages/DID1631L27.html
DID1738L27,NIT,,https://www.oil-india.com/download-tender-document?ten_detail=NkVHMXVpSEw2RXFyM1FZPQ%3D%3D,data/raw/oil_india/tenders/detail_pages/DID1738L27.html
DID2714L27,NIT,,https://www.oil-india.com/download-tender-document?ten_detail=NzBheHZ5SEw2RXFyM1FZPQ%3D%3D,data/raw/oil_india/tenders/detail_pages/DID2714L27.html
DID5964L24,NIT,,https://www.oil-india.com/download-tender-document?ten_detail=NkVHMG9HaksrUk93M2c9PQ%3D%3D,data/raw/oil_india/tenders/detail_pages/DID5964L24.html
DID6162L25,NIT,,https://www.oil-india.com/download-tender-document?ten_detail=N2tTM29HaksrUk93M2c9PQ%3D%3D,data/raw/oil_india/tenders/detail_pages/DID6162L25.html
DID6267L25,NIT,,https://www.oil-india.com/download-tender-document?ten_detail=NzBPem9HaksrUk93M2c9PQ%3D%3D,data/raw/oil_india/tenders/detail_pages/DID6267L25.html
DID6326L25,NIT,,https://www.oil-india.com/download-tender-document?ten_detail=N2tHK29HaksrUk93M2c9PQ%3D%3D,data/raw/oil_india/tenders/detail_pages/DID6326L25.html
DID6467L25,NIT,,https://www.oil-india.com/download-tender-document?ten_detail=N1UreG9HaksrUk93M2c9PQ%3D%3D,data/raw/oil_india/tenders/detail_pages/DID6467L25.html
DID6740L25,NIT,,https://www.oil-india.com/download-tender-document?ten_detail=N0VXL29HaksrUk93M2c9PQ%3D%3D,data/raw/oil_india/tenders/detail_pages/DID6740L25.html
DID6819L25,NIT,,https://www.oil-india.com/download-tender-document?ten_detail=N0U2M29HaksrUk93M2c9PQ%3D%3D,data/raw/oil_india/tenders/detail_pages/DID6819L25.html
DID6820L25,NIT,,https://www.oil-india.com/download-tender-document?ten_detail=N0U2MG9HaksrUk93M2c9PQ%3D%3D,data/raw/oil_india/tenders/detail_pages/DID6820L25.html
DID7092L25,NIT,,https://www.oil-india.com/download-tender-document?ten_detail=NGtLeW9HaksrUk93M2c9PQ%3D%3D,data/raw/oil_india/tenders/detail_pages/DID7092L25.html
DID7251L25,NIT,,https://www.oil-india.com/download-tender-document?ten_detail=NmtlMHVDSEw2RXFyM1FZPQ%3D%3D,data/raw/oil_india/tenders/detail_pages/DID7251L25.html
DID7321L25,NIT,,https://www.oil-india.com/download-tender-document?ten_detail=NmtleHZpSEw2RXFyM1FZPQ%3D%3D,data/raw/oil_india/tenders/detail_pages/DID7321L25.html
DID7534L25,NIT,,https://www.oil-india.com/download-tender-document?ten_detail=NmtXMHZ5SEw2RXFyM1FZPQ%3D%3D,data/raw/oil_india/tenders/detail_pages/DID7534L25.html
DID7581L25,NIT,,https://www.oil-india.com/download-tender-document?ten_detail=NmtXMXVDSEw2RXFyM1FZPQ%3D%3D,data/raw/oil_india/tenders/detail_pages/DID7581L25.html
DID7795L25,NIT,,https://www.oil-india.com/download-tender-document?ten_detail=NmtTMXRDSEw2RXFyM1FZPQ%3D%3D,data/raw/oil_india/tenders/detail_pages/DID7795L25.html
DID7821L25,NIT,,https://www.oil-india.com/download-tender-document?ten_detail=NmtTenZpSEw2RXFyM1FZPQ%3D%3D,data/raw/oil_india/tenders/detail_pages/DID7821L25.html
DID7853L25,NIT,,https://www.oil-india.com/download-tender-document?ten_detail=NmtTd3ZpSEw2RXFyM1FZPQ%3D%3D,data/raw/oil_india/tenders/detail_pages/DID7853L25.html
DID8185L25,NIT,,https://www.oil-india.com/download-tender-document?ten_detail=NmtLeHRTSEw2RXFyM1FZPQ%3D%3D,data/raw/oil_india/tenders/detail_pages/DID8185L25.html
DID8186L25,NIT,,https://www.oil-india.com/download-tender-document?ten_detail=NmtLK3VDSEw2RXFyM1FZPQ%3D%3D,data/raw/oil_india/tenders/detail_pages/DID8186L25.html
DID8359L25,NIT,,https://www.oil-india.com/download-tender-document?ten_detail=NmtHenVTSEw2RXFyM1FZPQ%3D%3D,data/raw/oil_india/tenders/detail_pages/DID8359L25.html
DID8462L25,NIT,,https://www.oil-india.com/download-tender-document?ten_detail=NmtDM3VTSEw2RXFyM1FZPQ%3D%3D,data/raw/oil_india/tenders/detail_pages/DID8462L25.html
DID8520L25,NIT,,https://www.oil-india.com/download-tender-document?ten_detail=NmtDeXZTSEw2RXFyM1FZPQ%3D%3D,data/raw/oil_india/tenders/detail_pages/DID8520L25.html
DID8566L25,NIT,,https://www.oil-india.com/download-tender-document?ten_detail=NmtDd3ZDSEw2RXFyM1FZPQ%3D%3D,data/raw/oil_india/tenders/detail_pages/DID8566L25.html
DID8666L25,NIT,,https://www.oil-india.com/download-tender-document?ten_detail=NmsrM3VpSEw2RXFyM1FZPQ%3D%3D,data/raw/oil_india/tenders/detail_pages/DID8666L25.html
DID8668L25,NIT,,https://www.oil-india.com/download-tender-document?ten_detail=NmsrM3RTSEw2RXFyM1FZPQ%3D%3D,data/raw/oil_india/tenders/detail_pages/DID8668L25.html
DID8712L25,NIT,,https://www.oil-india.com/download-tender-document?ten_detail=NmsrenRTSEw2RXFyM1FZPQ%3D%3D,data/raw/oil_india/tenders/detail_pages/DID8712L25.html
DID8724L25,NIT,,https://www.oil-india.com/download-tender-document?ten_detail=NmsrMXVpSEw2RXFyM1FZPQ%3D%3D,data/raw/oil_india/tenders/detail_pages/DID8724L25.html
DID8726L25,NIT,,https://www.oil-india.com/download-tender-document?ten_detail=NmsreXV5SEw2RXFyM1FZPQ%3D%3D,data/raw/oil_india/tenders/detail_pages/DID8726L25.html
DID9079L26,NIT,,https://www.oil-india.com/download-tender-document?ten_detail=NlVlMXVTSEw2RXFyM1FZPQ%3D%3D,data/raw/oil_india/tenders/detail_pages/DID9079L26.html
DID9192L26,NIT,,https://www.oil-india.com/download-tender-document?ten_detail=NlVhM3VTSEw2RXFyM1FZPQ%3D%3D,data/raw/oil_india/tenders/detail_pages/DID9192L26.html
DID9228L26,NIT,,https://www.oil-india.com/download-tender-document?ten_detail=NlVhenZDSEw2RXFyM1FZPQ%3D%3D,data/raw/oil_india/tenders/detail_pages/DID9228L26.html
DID9274L26,NIT,,https://www.oil-india.com/download-tender-document?ten_detail=NlVhd3ZpSEw2RXFyM1FZPQ%3D%3D,data/raw/oil_india/tenders/detail_pages/DID9274L26.html
DID9277L26,NIT,,https://www.oil-india.com/download-tender-document?ten_detail=NlVhd3Z5SEw2RXFyM1FZPQ%3D%3D,data/raw/oil_india/tenders/detail_pages/DID9277L26.html
DID9380L26,NIT,,https://www.oil-india.com/download-tender-document?ten_detail=NlVXMXRDSEw2RXFyM1FZPQ%3D%3D,data/raw/oil_india/tenders/detail_pages/DID9380L26.html
DID9428L26,NIT,,https://www.oil-india.com/download-tender-document?ten_detail=NlVXd3RDSEw2RXFyM1FZPQ%3D%3D,data/raw/oil_india/tenders/detail_pages/DID9428L26.html
DID9603L26,NIT,,https://www.oil-india.com/download-tender-document?ten_detail=NlVTd3VTSEw2RXFyM1FZPQ%3D%3D,data/raw/oil_india/tenders/detail_pages/DID9603L26.html
DID9604L26,NIT,,https://www.oil-india.com/download-tender-document?ten_detail=NlVTd3ZpSEw2RXFyM1FZPQ%3D%3D,data/raw/oil_india/tenders/detail_pages/DID9604L26.html
DID9614L26,NIT,,https://www.oil-india.com/download-tender-document?ten_detail=NlVTK3V5SEw2RXFyM1FZPQ%3D%3D,data/raw/oil_india/tenders/detail_pages/DID9614L26.html
DID9656L26,NIT,,https://www.oil-india.com/download-tender-document?ten_detail=NlVTK3VpSEw2RXFyM1FZPQ%3D%3D,data/raw/oil_india/tenders/detail_pages/DID9656L26.html
DID9766L26,NIT,,https://www.oil-india.com/download-tender-document?ten_detail=NlVPenZpSEw2RXFyM1FZPQ%3D%3D,data/raw/oil_india/tenders/detail_pages/DID9766L26.html
DID9833L26,NIT,,https://www.oil-india.com/download-tender-document?ten_detail=NlVPeHZDSEw2RXFyM1FZPQ%3D%3D,data/raw/oil_india/tenders/detail_pages/DID9833L26.html
DID9873L26,NIT,,https://www.oil-india.com/download-tender-document?ten_detail=NlVLMXZTSEw2RXFyM1FZPQ%3D%3D,data/raw/oil_india/tenders/detail_pages/DID9873L26.html
DID9902L26,NIT,,https://www.oil-india.com/download-tender-document?ten_detail=NlUreHZDSEw2RXFyM1FZPQ%3D%3D,data/raw/oil_india/tenders/detail_pages/DID9902L26.html
DID9905L26,NIT,,https://www.oil-india.com/download-tender-document?ten_detail=NlVLMHVpSEw2RXFyM1FZPQ%3D%3D,data/raw/oil_india/tenders/detail_pages/DID9905L26.html
DID9959L26,NIT,,https://www.oil-india.com/download-tender-document?ten_detail=NlVLeXZTSEw2RXFyM1FZPQ%3D%3D,data/raw/oil_india/tenders/detail_pages/DID9959L26.html
ECP2562L27,NIT,,https://www.oil-india.com/download-tender-document?ten_detail=NzBhenZDSEw2RXFyM1FZPQ%3D%3D,data/raw/oil_india/tenders/detail_pages/ECP2562L27.html
ECP6836P25,NIT,,https://www.oil-india.com/download-tender-document?ten_detail=N0U2eG9HaksrUk93MkE9PQ%3D%3D,data/raw/oil_india/tenders/detail_pages/ECP6836P25.html
ECP9858L26,NIT,,https://www.oil-india.com/download-tender-document?ten_detail=NlVPK3V5SEw2RXFyM1FZPQ%3D%3D,data/raw/oil_india/tenders/detail_pages/ECP9858L26.html
EIL1672P27,NIT,,https://www.oil-india.com/download-tender-document?ten_detail=NkVLK3ZTSEw2RXFyM1FBPQ%3D%3D,data/raw/oil_india/tenders/detail_pages/EIL1672P27.html
EIL8554P25,NIT,,https://www.oil-india.com/download-tender-document?ten_detail=NmtDK3RTSEw2RXFyM1FBPQ%3D%3D,data/raw/oil_india/tenders/detail_pages/EIL8554P25.html
G020127L26,NIT,,https://www.oil-india.com/download-tender-document?ten_detail=NlVHeHV5SEw2RXFyM1FZPQ%3D%3D,data/raw/oil_india/tenders/detail_pages/G020127L26.html
G020128L26,NIT,,https://www.oil-india.com/download-tender-document?ten_detail=NlVHeHVDSEw2RXFyM1FZPQ%3D%3D,data/raw/oil_india/tenders/detail_pages/G020128L26.html
G020129L26,NIT,,https://www.oil-india.com/download-tender-document?ten_detail=NlVHeHVpSEw2RXFyM1FZPQ%3D%3D,data/raw/oil_india/tenders/detail_pages/G020129L26.html
G020507L26,NIT,,https://www.oil-india.com/download-tender-document?ten_detail=NlU2MnZ5SEw2RXFyM1FZPQ%3D%3D,data/raw/oil_india/tenders/detail_pages/G020507L26.html
G020508L26,NIT,,https://www.oil-india.com/download-tender-document?ten_detail=NlU2MnZpSEw2RXFyM1FZPQ%3D%3D,data/raw/oil_india/tenders/detail_pages/G020508L26.html
G025135L24,NIT,,https://www.oil-india.com/download-tender-document?ten_detail=NmthMG9HaksrUk93M2c9PQ%3D%3D,data/raw/oil_india/tenders/detail_pages/G025135L24.html
G025136L24,NIT,,https://www.oil-india.com/download-tender-document?ten_detail=Nmthem9HaksrUk93M2c9PQ%3D%3D,data/raw/oil_india/tenders/detail_pages/G025136L24.html
G025597L24,NIT,,https://www.oil-india.com/download-tender-document?ten_detail=NmtTMm9HaksrUk93M2c9PQ%3D%3D,data/raw/oil_india/tenders/detail_pages/G025597L24.html
G025598L24,NIT,,https://www.oil-india.com/download-tender-document?ten_detail=NmtXd29HaksrUk93M2c9PQ%3D%3D,data/raw/oil_india/tenders/detail_pages/G025598L24.html
G025599L24,NIT,,https://www.oil-india.com/download-tender-document?ten_detail=NmtXL29HaksrUk93M2c9PQ%3D%3D,data/raw/oil_india/tenders/detail_pages/G025599L24.html
G025600L24,NIT,,https://www.oil-india.com/download-tender-document?ten_detail=NmtXK29HaksrUk93M2c9PQ%3D%3D,data/raw/oil_india/tenders/detail_pages/G025600L24.html
G025601L24,NIT,,https://www.oil-india.com/download-tender-document?ten_detail=NmtXeG9HaksrUk93M2c9PQ%3D%3D,data/raw/oil_india/tenders/detail_pages/G025601L24.html
G025602L24,NIT,,https://www.oil-india.com/download-tender-document?ten_detail=NmtTM29HaksrUk93M2c9PQ%3D%3D,data/raw/oil_india/tenders/detail_pages/G025602L24.html
G026335L25,NIT,,https://www.oil-india.com/download-tender-document?ten_detail=NzBHd29HaksrUk93M2c9PQ%3D%3D,data/raw/oil_india/tenders/detail_pages/G026335L25.html
G026469L25,NIT,,https://www.oil-india.com/download-tender-document?ten_detail=N2srL29HaksrUk93M2c9PQ%3D%3D,data/raw/oil_india/tenders/detail_pages/G026469L25.html
G026732L25,NIT,,https://www.oil-india.com/download-tender-document?ten_detail=N0VPd29HaksrUk93M2c9PQ%3D%3D,data/raw/oil_india/tenders/detail_pages/G026732L25.html
G026733L25,NIT,,https://www.oil-india.com/download-tender-document?ten_detail=N0VPMW9HaksrUk93M2c9PQ%3D%3D,data/raw/oil_india/tenders/detail_pages/G026733L25.html
G026734L25,NIT,,https://www.oil-india.com/download-tender-document?ten_detail=N0VPeW9HaksrUk93M2c9PQ%3D%3D,data/raw/oil_india/tenders/detail_pages/G026734L25.html
G026735L25,NIT,,https://www.oil-india.com/download-tender-document?ten_detail=N0VPem9HaksrUk93M2c9PQ%3D%3D,data/raw/oil_india/tenders/detail_pages/G026735L25.html
G027132L25,NIT,,https://www.oil-india.com/download-tender-document?ten_detail=NGsreW9HaksrUk93M2c9PQ%3D%3D,data/raw/oil_india/tenders/detail_pages/G027132L25.html
G027196L25,NIT,,https://www.oil-india.com/download-tender-document?ten_detail=NGs2L29HaksrUk93M2c9PQ%3D%3D,data/raw/oil_india/tenders/detail_pages/G027196L25.html
G027344L25,NIT,,https://www.oil-india.com/download-tender-document?ten_detail=NmtlK3RTSEw2RXFyM1FZPQ%3D%3D,data/raw/oil_india/tenders/detail_pages/G027344L25.html
G027345L25,NIT,,https://www.oil-india.com/download-tender-document?ten_detail=NmtlK3VpSEw2RXFyM1FZPQ%3D%3D,data/raw/oil_india/tenders/detail_pages/G027345L25.html
G027895L25,NIT,,https://www.oil-india.com/download-tender-document?ten_detail=NmtTL3ZTSEw2RXFyM1FZPQ%3D%3D,data/raw/oil_india/tenders/detail_pages/G027895L25.html
G027896L25,NIT,,https://www.oil-india.com/download-tender-document?ten_detail=NmtTL3ZDSEw2RXFyM1FZPQ%3D%3D,data/raw/oil_india/tenders/detail_pages/G027896L25.html
G028473L25,NIT,,https://www.oil-india.com/download-tender-document?ten_detail=NmtDK3VTSEw2RXFyM1FZPQ%3D%3D,data/raw/oil_india/tenders/detail_pages/G028473L25.html
G028563L25,NIT,,https://www.oil-india.com/download-tender-document?ten_detail=NmtDK3VDSEw2RXFyM1FZPQ%3D%3D,data/raw/oil_india/tenders/detail_pages/G028563L25.html
G028564L25,NIT,,https://www.oil-india.com/download-tender-document?ten_detail=NmtDK3V5SEw2RXFyM1FZPQ%3D%3D,data/raw/oil_india/tenders/detail_pages/G028564L25.html
G029055L26,NIT,,https://www.oil-india.com/download-tender-document?ten_detail=NlVlenZTSEw2RXFyM1FZPQ%3D%3D,data/raw/oil_india/tenders/detail_pages/G029055L26.html
G029181L26,NIT,,https://www.oil-india.com/download-tender-document?ten_detail=NlVhMnRTSEw2RXFyM1FZPQ%3D%3D,data/raw/oil_india/tenders/detail_pages/G029181L26.html
G029182L26,NIT,,https://www.oil-india.com/download-tender-document?ten_detail=NlVhMnV5SEw2RXFyM1FZPQ%3D%3D,data/raw/oil_india/tenders/detail_pages/G029182L26.html
G029183L26,NIT,,https://www.oil-india.com/download-tender-document?ten_detail=NlVhMnVpSEw2RXFyM1FZPQ%3D%3D,data/raw/oil_india/tenders/detail_pages/G029183L26.html
G029317L26,NIT,,https://www.oil-india.com/download-tender-document?ten_detail=NlVhK3V5SEw2RXFyM1FZPQ%3D%3D,data/raw/oil_india/tenders/detail_pages/G029317L26.html
G029706L26,NIT,,https://www.oil-india.com/download-tender-document?ten_detail=NlVPMnZpSEw2RXFyM1FZPQ%3D%3D,data/raw/oil_india/tenders/detail_pages/G029706L26.html
G029786L26,NIT,,https://www.oil-india.com/download-tender-document?ten_detail=NlVPenV5SEw2RXFyM1FZPQ%3D%3D,data/raw/oil_india/tenders/detail_pages/G029786L26.html
G029789L26,NIT,,https://www.oil-india.com/download-tender-document?ten_detail=NlVPenRDSEw2RXFyM1FZPQ%3D%3D,data/raw/oil_india/tenders/detail_pages/G029789L26.html
G029790L26,NIT,,https://www.oil-india.com/download-tender-document?ten_detail=NlVPenVpSEw2RXFyM1FZPQ%3D%3D,data/raw/oil_india/tenders/detail_pages/G029790L26.html
G029791L26,NIT,,https://www.oil-india.com/download-tender-document?ten_detail=NlVPenRTSEw2RXFyM1FZPQ%3D%3D,data/raw/oil_india/tenders/detail_pages/G029791L26.html
G212287L27,NIT,,https://www.oil-india.com/download-tender-document?ten_detail=NkU2enRTSEw2RXFyM1FZPQ%3D%3D,data/raw/oil_india/tenders/detail_pages/G212287L27.html
G212288L27,NIT,,https://www.oil-india.com/download-tender-document?ten_detail=NkU2enVpSEw2RXFyM1FZPQ%3D%3D,data/raw/oil_india/tenders/detail_pages/G212288L27.html
G216102L25,NIT,,https://www.oil-india.com/download-tender-document?ten_detail=NzA2K29HaksrUk93M2c9PQ%3D%3D,data/raw/oil_india/tenders/detail_pages/G216102L25.html
G216145L25,NIT,,https://www.oil-india.com/download-tender-document?ten_detail=NzA2eG9HaksrUk93M2c9PQ%3D%3D,data/raw/oil_india/tenders/detail_pages/G216145L25.html
G285382L24,NIT,,https://www.oil-india.com/download-tender-document?ten_detail=NGtLcjZXbmJvQWl6,data/raw/oil_india/tenders/detail_pages/G285382L24.html
G286563L25,NIT,,https://www.oil-india.com/download-tender-document?ten_detail=N1VDM29HaksrUk93M2c9PQ%3D%3D,data/raw/oil_india/tenders/detail_pages/G286563L25.html
G287969L25,NIT,,https://www.oil-india.com/download-tender-document?ten_detail=NmtPeXRDSEw2RXFyM1FZPQ%3D%3D,data/raw/oil_india/tenders/detail_pages/G287969L25.html
G296246L25,NIT,,https://www.oil-india.com/download-tender-document?ten_detail=NzBhL29HaksrUk93M2c9PQ%3D%3D,data/raw/oil_india/tenders/detail_pages/G296246L25.html
G297708L25,NIT,,https://www.oil-india.com/download-tender-document?ten_detail=NmtXK3VpSEw2RXFyM1FZPQ%3D%3D,data/raw/oil_india/tenders/detail_pages/G297708L25.html
G307707L25,NIT,,https://www.oil-india.com/download-tender-document?ten_detail=NmtXK3RTSEw2RXFyM1FZPQ%3D%3D,data/raw/oil_india/tenders/detail_pages/G307707L25.html
G349054L26,NIT,,https://www.oil-india.com/download-tender-document?ten_detail=NlVlenZpSEw2RXFyM1FZPQ%3D%3D,data/raw/oil_india/tenders/detail_pages/G349054L26.html
GCO0363L26,NIT,,https://www.oil-india.com/download-tender-document?ten_detail=NlUrMnVTSEw2RXFyM1FZPQ%3D%3D,data/raw/oil_india/tenders/detail_pages/GCO0363L26.html
GCO1048L26,NIT,,https://www.oil-india.com/download-tender-document?ten_detail=NkVXMXZDSEw2RXFyM1FZPQ%3D%3D,data/raw/oil_india/tenders/detail_pages/GCO1048L26.html
GCO5168P24,NIT,,https://www.oil-india.com/download-tender-document?ten_detail=N2tHcjZXbmJvQWkx,data/raw/oil_india/tenders/detail_pages/GCO5168P24.html
GCO5455P24,NIT,,https://www.oil-india.com/download-tender-document?ten_detail=NzBLcjZXbmJvQWkx,data/raw/oil_india/tenders/detail_pages/GCO5455P24.html
GCO5461P24,NIT,,https://www.oil-india.com/download-tender-document?ten_detail=NzBPcjZXbmJvQWkx,data/raw/oil_india/tenders/detail_pages/GCO5461P24.html
GCO5750P24,NIT,,https://www.oil-india.com/download-tender-document?ten_detail=NmsrMm9HaksrUk93MkE9PQ%3D%3D,data/raw/oil_india/tenders/detail_pages/GCO5750P24.html
GCO5938P24,NIT,,https://www.oil-india.com/download-tender-document?ten_detail=NkVTeG9HaksrUk93MkE9PQ%3D%3D,data/raw/oil_india/tenders/detail_pages/GCO5938P24.html
GCO5984P24,NIT,,https://www.oil-india.com/download-tender-document?ten_detail=N2tXM29HaksrUk93MkE9PQ%3D%3D,data/raw/oil_india/tenders/detail_pages/GCO5984P24.html
GCO6233P25,NIT,,https://www.oil-india.com/download-tender-document?ten_detail=NzBXMG9HaksrUk93MkE9PQ%3D%3D,data/raw/oil_india/tenders/detail_pages/GCO6233P25.html
GCO6883P25,NIT,,https://www.oil-india.com/download-tender-document?ten_detail=NmtlMnZDSEw2RXFyM1FBPQ%3D%3D,data/raw/oil_india/tenders/detail_pages/GCO6883P25.html
GCO6886P25,NIT,,https://www.oil-india.com/download-tender-document?ten_detail=NGtleG9HaksrUk93MkE9PQ%3D%3D,data/raw/oil_india/tenders/detail_pages/GCO6886P25.html
GCO7335L25,NIT,,https://www.oil-india.com/download-tender-document?ten_detail=NmtleHRTSEw2RXFyM1FZPQ%3D%3D,data/raw/oil_india/tenders/detail_pages/GCO7335L25.html
GCO7405P25,NIT,,https://www.oil-india.com/download-tender-document?ten_detail=NmtTMHVpSEw2RXFyM1FBPQ%3D%3D,data/raw/oil_india/tenders/detail_pages/GCO7405P25.html
GCO7407P25,NIT,,https://www.oil-india.com/download-tender-document?ten_detail=NmtTMHRDSEw2RXFyM1FBPQ%3D%3D,data/raw/oil_india/tenders/detail_pages/GCO7407P25.html
GCO8488P25,NIT,,https://www.oil-india.com/download-tender-document?ten_detail=NmtDM3RDSEw2RXFyM1FBPQ%3D%3D,data/raw/oil_india/tenders/detail_pages/GCO8488P25.html
GCO9012P26,NIT,,https://www.oil-india.com/download-tender-document?ten_detail=NlVTM3RDSEw2RXFyM1FBPQ%3D%3D,data/raw/oil_india/tenders/detail_pages/GCO9012P26.html
GCO9539P26,NIT,,https://www.oil-india.com/download-tender-document?ten_detail=NlVTMXZTSEw2RXFyM1FBPQ%3D%3D,data/raw/oil_india/tenders/detail_pages/GCO9539P26.html
GCO9540P26,NIT,,https://www.oil-india.com/download-tender-document?ten_detail=NlVTMXZDSEw2RXFyM1FBPQ%3D%3D,data/raw/oil_india/tenders/detail_pages/GCO9540P26.html
GCO9563L26,NIT,,https://www.oil-india.com/download-tender-document?ten_detail=NlVLM3VpSEw2RXFyM1FZPQ%3D%3D,data/raw/oil_india/tenders/detail_pages/GCO9563L26.html
GEM_2023_B_3509591,NIT,,https://www.oil-india.com/download-tender-document?ten_detail=NlVlMG9HaksrUk8zMlFjPQ%3D%3D,data/raw/oil_india/tenders/detail_pages/GEM_2023_B_3509591.html
GEM_2023_B_3785656,NIT,,https://www.oil-india.com/download-tender-document?ten_detail=NDArK29HaksrUk8zMlFjPQ%3D%3D,data/raw/oil_india/tenders/detail_pages/GEM_2023_B_3785656.html
GEM_2023_B_3791672,NIT,,https://www.oil-india.com/download-tender-document?ten_detail=NlVPeG9HaksrUk8zMlFjPQ%3D%3D,data/raw/oil_india/tenders/detail_pages/GEM_2023_B_3791672.html
GEM_2023_B_3961730,NIT,,https://www.oil-india.com/download-tender-document?ten_detail=NkUrMW9HaksrUk8zMlFjPQ%3D%3D,data/raw/oil_india/tenders/detail_pages/GEM_2023_B_3961730.html
GEM_2023_B_4117749,NIT,,https://www.oil-india.com/download-tender-document?ten_detail=NlVXK29HaksrUk8zMlFjPQ%3D%3D,data/raw/oil_india/tenders/detail_pages/GEM_2023_B_4117749.html
GEM_2023_B_4206426,NIT,,https://www.oil-india.com/download-tender-document?ten_detail=NzFyaTZIaUN2QXl5,data/raw/oil_india/tenders/detail_pages/GEM_2023_B_4206426.html
GEM_2023_B_4208099,NIT,,https://www.oil-india.com/download-tender-document?ten_detail=NGtDMm9HaksrUk8zMlFjPQ%3D%3D,data/raw/oil_india/tenders/detail_pages/GEM_2023_B_4208099.html
GEM_2023_B_4250572,NIT,,https://www.oil-india.com/download-tender-document?ten_detail=NlU2cjZXbmJvQSswM3c9PQ%3D%3D,data/raw/oil_india/tenders/detail_pages/GEM_2023_B_4250572.html
GEM_2023_B_4266781,NIT,,https://www.oil-india.com/download-tender-document?ten_detail=NkZyaTZIaUN2QXl5,data/raw/oil_india/tenders/detail_pages/GEM_2023_B_4266781.html
GEM_2023_B_4272422,NIT,,https://www.oil-india.com/download-tender-document?ten_detail=NmtHem9HaksrUk8zMlFjPQ%3D%3D,data/raw/oil_india/tenders/detail_pages/GEM_2023_B_4272422.html
GEM_2023_B_4278336,NIT,,https://www.oil-india.com/download-tender-document?ten_detail=NmtPMG9HaksrUk8zMlFjPQ%3D%3D,data/raw/oil_india/tenders/detail_pages/GEM_2023_B_4278336.html
GEM_2023_B_4362066,NIT,,https://www.oil-india.com/download-tender-document?ten_detail=NlVlK29HaksrUk8zMlFjPQ%3D%3D,data/raw/oil_india/tenders/detail_pages/GEM_2023_B_4362066.html
GEM_2023_B_4367066,NIT,,https://www.oil-india.com/download-tender-document?ten_detail=N1VhcjZXbmJvQSswM3c9PQ%3D%3D,data/raw/oil_india/tenders/detail_pages/GEM_2023_B_4367066.html
GEM_2023_B_4402900,NIT,,https://www.oil-india.com/download-tender-document?ten_detail=Nmsrd29HaksrUk8zMlFjPQ%3D%3D,data/raw/oil_india/tenders/detail_pages/GEM_2023_B_4402900.html
GEM_2024_B_4426678,NIT,,https://www.oil-india.com/download-tender-document?ten_detail=N1VTcjZXbmJvQSswM3c9PQ%3D%3D,data/raw/oil_india/tenders/detail_pages/GEM_2024_B_4426678.html
GEM_2024_B_4434358,NIT,,https://www.oil-india.com/download-tender-document?ten_detail=NmtLM29HaksrUk8zMlFjPQ%3D%3D,data/raw/oil_india/tenders/detail_pages/GEM_2024_B_4434358.html
GEM_2024_B_4438202,NIT,,https://www.oil-india.com/download-tender-document?ten_detail=NmtXcjZXbmJvQSswM3c9PQ%3D%3D,data/raw/oil_india/tenders/detail_pages/GEM_2024_B_4438202.html
GEM_2024_B_4440667,NIT,,https://www.oil-india.com/download-tender-document?ten_detail=NkVXeW9HaksrUk8zMlFjPQ%3D%3D,data/raw/oil_india/tenders/detail_pages/GEM_2024_B_4440667.html
GEM_2024_B_4444041,NIT,,https://www.oil-india.com/download-tender-document?ten_detail=NmsrK29HaksrUk8zMlFjPQ%3D%3D,data/raw/oil_india/tenders/detail_pages/GEM_2024_B_4444041.html
GEM_2024_B_4444688,NIT,,https://www.oil-india.com/download-tender-document?ten_detail=NlVlcjZXbmJvQSswM3c9PQ%3D%3D,data/raw/oil_india/tenders/detail_pages/GEM_2024_B_4444688.html
GEM_2024_B_4453567,NIT,,https://www.oil-india.com/download-tender-document?ten_detail=NmtTMG9HaksrUk8zMlFjPQ%3D%3D,data/raw/oil_india/tenders/detail_pages/GEM_2024_B_4453567.html
GEM_2024_B_4457716,NIT,,https://www.oil-india.com/download-tender-document?ten_detail=N1VLcjZXbmJvQSswM3c9PQ%3D%3D,data/raw/oil_india/tenders/detail_pages/GEM_2024_B_4457716.html
GEM_2024_B_4463097,NIT,,https://www.oil-india.com/download-tender-document?ten_detail=NkVLcjZXbmJvQSswM3c9PQ%3D%3D,data/raw/oil_india/tenders/detail_pages/GEM_2024_B_4463097.html
GEM_2024_B_4466735,NIT,,https://www.oil-india.com/download-tender-document?ten_detail=NGtlcjZXbmJvQSswM3c9PQ%3D%3D,data/raw/oil_india/tenders/detail_pages/GEM_2024_B_4466735.html
GEM_2024_B_4491053,NIT,,https://www.oil-india.com/download-tender-document?ten_detail=NmtlMW9HaksrUk8zMlFjPQ%3D%3D,data/raw/oil_india/tenders/detail_pages/GEM_2024_B_4491053.html
GEM_2024_B_4520446,NIT,,https://www.oil-india.com/download-tender-document?ten_detail=NkVPcjZXbmJvQSswM3c9PQ%3D%3D,data/raw/oil_india/tenders/detail_pages/GEM_2024_B_4520446.html
GEM_2024_B_4520517,NIT,,https://www.oil-india.com/download-tender-document?ten_detail=NlVhcjZXbmJvQSswM3c9PQ%3D%3D,data/raw/oil_india/tenders/detail_pages/GEM_2024_B_4520517.html
GEM_2024_B_4534650,NIT,,https://www.oil-india.com/download-tender-document?ten_detail=NlVHcjZXbmJvQSswM3c9PQ%3D%3D,data/raw/oil_india/tenders/detail_pages/GEM_2024_B_4534650.html
GEM_2024_B_4535242,NIT,,https://www.oil-india.com/download-tender-document?ten_detail=NDArcjZXbmJvQSswM3c9PQ%3D%3D,data/raw/oil_india/tenders/detail_pages/GEM_2024_B_4535242.html
GEM_2024_B_4537214,NIT,,https://www.oil-india.com/download-tender-document?ten_detail=NDBLcjZXbmJvQSswM3c9PQ%3D%3D,data/raw/oil_india/tenders/detail_pages/GEM_2024_B_4537214.html
GEM_2024_B_4540086,NIT,,https://www.oil-india.com/download-tender-document?ten_detail=NzA2cjZXbmJvQSswM3c9PQ%3D%3D,data/raw/oil_india/tenders/detail_pages/GEM_2024_B_4540086.html
GEM_2024_B_4540799,NIT,,https://www.oil-india.com/download-tender-document?ten_detail=Nms2cjZXbmJvQSswM3c9PQ%3D%3D,data/raw/oil_india/tenders/detail_pages/GEM_2024_B_4540799.html
GEM_2024_B_4544231,NIT,,https://www.oil-india.com/download-tender-document?ten_detail=NlVDcjZXbmJvQSswM3c9PQ%3D%3D,data/raw/oil_india/tenders/detail_pages/GEM_2024_B_4544231.html
GEM_2024_B_4544345,NIT,,https://www.oil-india.com/download-tender-document?ten_detail=NlUrcjZXbmJvQSswM3c9PQ%3D%3D,data/raw/oil_india/tenders/detail_pages/GEM_2024_B_4544345.html
GEM_2024_B_4548421,NIT,,https://www.oil-india.com/download-tender-document?ten_detail=NmsrcjZXbmJvQSswM3c9PQ%3D%3D,data/raw/oil_india/tenders/detail_pages/GEM_2024_B_4548421.html
GEM_2024_B_4550359,NIT,,https://www.oil-india.com/download-tender-document?ten_detail=NmthL29HaksrUk8zMlFjPQ%3D%3D,data/raw/oil_india/tenders/detail_pages/GEM_2024_B_4550359.html
GEM_2024_B_4551930,NIT,,https://www.oil-india.com/download-tender-document?ten_detail=NlVTcjZXbmJvQSswM3c9PQ%3D%3D,data/raw/oil_india/tenders/detail_pages/GEM_2024_B_4551930.html
GEM_2024_B_4553942,NIT,,https://www.oil-india.com/download-tender-document?ten_detail=NmtDcjZXbmJvQSswM3c9PQ%3D%3D,data/raw/oil_india/tenders/detail_pages/GEM_2024_B_4553942.html
GEM_2024_B_4554798,NIT,,https://www.oil-india.com/download-tender-document?ten_detail=NlVLcjZXbmJvQSswM3c9PQ%3D%3D,data/raw/oil_india/tenders/detail_pages/GEM_2024_B_4554798.html
GEM_2024_B_4555712,NIT,,https://www.oil-india.com/download-tender-document?ten_detail=NmtTcjZXbmJvQSswM3c9PQ%3D%3D,data/raw/oil_india/tenders/detail_pages/GEM_2024_B_4555712.html
GEM_2024_B_4555749,NIT,,https://www.oil-india.com/download-tender-document?ten_detail=NmtHcjZXbmJvQSswM3c9PQ%3D%3D,data/raw/oil_india/tenders/detail_pages/GEM_2024_B_4555749.html
GEM_2024_B_4555830,NIT,,https://www.oil-india.com/download-tender-document?ten_detail=NmtPcjZXbmJvQSswM3c9PQ%3D%3D,data/raw/oil_india/tenders/detail_pages/GEM_2024_B_4555830.html
GEM_2024_B_4555887,NIT,,https://www.oil-india.com/download-tender-document?ten_detail=NGsrcjZXbmJvQSswM3c9PQ%3D%3D,data/raw/oil_india/tenders/detail_pages/GEM_2024_B_4555887.html
GEM_2024_B_4558011,NIT,,https://www.oil-india.com/download-tender-document?ten_detail=NlZyaTZIaUN2QXl5,data/raw/oil_india/tenders/detail_pages/GEM_2024_B_4558011.html
GEM_2024_B_4559822,NIT,,https://www.oil-india.com/download-tender-document?ten_detail=NmtleW9HaksrUk8zMlFjPQ%3D%3D,data/raw/oil_india/tenders/detail_pages/GEM_2024_B_4559822.html
GEM_2024_B_4562495,NIT,,https://www.oil-india.com/download-tender-document?ten_detail=NmtLcjZXbmJvQSswM3c9PQ%3D%3D,data/raw/oil_india/tenders/detail_pages/GEM_2024_B_4562495.html
GEM_2024_B_4568617,NIT,,https://www.oil-india.com/download-tender-document?ten_detail=NDFyaTZIaUN2QXl5,data/raw/oil_india/tenders/detail_pages/GEM_2024_B_4568617.html
GEM_2024_B_4574686,NIT,,https://www.oil-india.com/download-tender-document?ten_detail=N0ZyaTZIaUN2QXl5,data/raw/oil_india/tenders/detail_pages/GEM_2024_B_4574686.html
GEM_2024_B_4574815,NIT,,https://www.oil-india.com/download-tender-document?ten_detail=NGtDcjZXbmJvQSswM3c9PQ%3D%3D,data/raw/oil_india/tenders/detail_pages/GEM_2024_B_4574815.html
GEM_2024_B_4575282,NIT,,https://www.oil-india.com/download-tender-document?ten_detail=NmtlcjZXbmJvQSswM3c9PQ%3D%3D,data/raw/oil_india/tenders/detail_pages/GEM_2024_B_4575282.html
GEM_2024_B_4577744,NIT,,https://www.oil-india.com/download-tender-document?ten_detail=NGxyaTZIaUN2QXl5,data/raw/oil_india/tenders/detail_pages/GEM_2024_B_4577744.html
GEM_2024_B_4579039,NIT,,https://www.oil-india.com/download-tender-document?ten_detail=NmthcjZXbmJvQSswM3c9PQ%3D%3D,data/raw/oil_india/tenders/detail_pages/GEM_2024_B_4579039.html
GEM_2024_B_4580960,NIT,,https://www.oil-india.com/download-tender-document?ten_detail=NkVDcjZXbmJvQSswM3c9PQ%3D%3D,data/raw/oil_india/tenders/detail_pages/GEM_2024_B_4580960.html
GEM_2024_B_4583330,NIT,,https://www.oil-india.com/download-tender-document?ten_detail=N2tDcjZXbmJvQSswM3c9PQ%3D%3D,data/raw/oil_india/tenders/detail_pages/GEM_2024_B_4583330.html
GEM_2024_B_4585918,NIT,,https://www.oil-india.com/download-tender-document?ten_detail=NkVTcjZXbmJvQSswM3c9PQ%3D%3D,data/raw/oil_india/tenders/detail_pages/GEM_2024_B_4585918.html
GEM_2024_B_4586589,NIT,,https://www.oil-india.com/download-tender-document?ten_detail=NGs2cjZXbmJvQSswM3c9PQ%3D%3D,data/raw/oil_india/tenders/detail_pages/GEM_2024_B_4586589.html
GEM_2024_B_4586973,NIT,,https://www.oil-india.com/download-tender-document?ten_detail=NmtlMm9HaksrUk8zMlFjPQ%3D%3D,data/raw/oil_india/tenders/detail_pages/GEM_2024_B_4586973.html
GEM_2024_B_4590401,NIT,,https://www.oil-india.com/download-tender-document?ten_detail=NkUrcjZXbmJvQSswM3c9PQ%3D%3D,data/raw/oil_india/tenders/detail_pages/GEM_2024_B_4590401.html
GEM_2024_B_4590826,NIT,,https://www.oil-india.com/download-tender-document?ten_detail=NzBhcjZXbmJvQSswM3c9PQ%3D%3D,data/raw/oil_india/tenders/detail_pages/GEM_2024_B_4590826.html
GEM_2024_B_4594621,NIT,,https://www.oil-india.com/download-tender-document?ten_detail=NzBDcjZXbmJvQSswM3c9PQ%3D%3D,data/raw/oil_india/tenders/detail_pages/GEM_2024_B_4594621.html
GEM_2024_B_4594793,NIT,,https://www.oil-india.com/download-tender-document?ten_detail=N1VlcjZXbmJvQSswM3c9PQ%3D%3D,data/raw/oil_india/tenders/detail_pages/GEM_2024_B_4594793.html
GEM_2024_B_4599561,NIT,,https://www.oil-india.com/download-tender-document?ten_detail=N2srcjZXbmJvQSswM3c9PQ%3D%3D,data/raw/oil_india/tenders/detail_pages/GEM_2024_B_4599561.html
GEM_2024_B_4599718,NIT,,https://www.oil-india.com/download-tender-document?ten_detail=NDBDcjZXbmJvQSswM3c9PQ%3D%3D,data/raw/oil_india/tenders/detail_pages/GEM_2024_B_4599718.html
GEM_2024_B_4600261,NIT,,https://www.oil-india.com/download-tender-document?ten_detail=NmtheW9HaksrUk8zMlFjPQ%3D%3D,data/raw/oil_india/tenders/detail_pages/GEM_2024_B_4600261.html
GEM_2024_B_4603013,NIT,,https://www.oil-india.com/download-tender-document?ten_detail=NmtXMm9HaksrUk8zMlFjPQ%3D%3D,data/raw/oil_india/tenders/detail_pages/GEM_2024_B_4603013.html
GEM_2024_B_4606562,NIT,,https://www.oil-india.com/download-tender-document?ten_detail=NmtheG9HaksrUk8zMlFjPQ%3D%3D,data/raw/oil_india/tenders/detail_pages/GEM_2024_B_4606562.html
GEM_2024_B_4609668,NIT,,https://www.oil-india.com/download-tender-document?ten_detail=NGtHcjZXbmJvQSswM3c9PQ%3D%3D,data/raw/oil_india/tenders/detail_pages/GEM_2024_B_4609668.html
GEM_2024_B_4610845,NIT,,https://www.oil-india.com/download-tender-document?ten_detail=NmthMW9HaksrUk8zMlFjPQ%3D%3D,data/raw/oil_india/tenders/detail_pages/GEM_2024_B_4610845.html
GEM_2024_B_4611268,NIT,,https://www.oil-india.com/download-tender-document?ten_detail=NlUrMG9HaksrUk8zMlFjPQ%3D%3D,data/raw/oil_india/tenders/detail_pages/GEM_2024_B_4611268.html
GEM_2024_B_4612861,NIT,,https://www.oil-india.com/download-tender-document?ten_detail=NmtHL29HaksrUk8zMlFjPQ%3D%3D,data/raw/oil_india/tenders/detail_pages/GEM_2024_B_4612861.html
GEM_2024_B_4612883,NIT,,https://www.oil-india.com/download-tender-document?ten_detail=NlVhem9HaksrUk8zMlFjPQ%3D%3D,data/raw/oil_india/tenders/detail_pages/GEM_2024_B_4612883.html
GEM_2024_B_4612904,NIT,,https://www.oil-india.com/download-tender-document?ten_detail=NDBPcjZXbmJvQSswM3c9PQ%3D%3D,data/raw/oil_india/tenders/detail_pages/GEM_2024_B_4612904.html
GEM_2024_B_4613033,NIT,,https://www.oil-india.com/download-tender-document?ten_detail=NmtXMW9HaksrUk8zMlFjPQ%3D%3D,data/raw/oil_india/tenders/detail_pages/GEM_2024_B_4613033.html
GEM_2024_B_4613382,NIT,,https://www.oil-india.com/download-tender-document?ten_detail=NlVheG9HaksrUk8zMlFjPQ%3D%3D,data/raw/oil_india/tenders/detail_pages/GEM_2024_B_4613382.html
GEM_2024_B_4620458,NIT,,https://www.oil-india.com/download-tender-document?ten_detail=NmsrMW9HaksrUk8zMlFjPQ%3D%3D,data/raw/oil_india/tenders/detail_pages/GEM_2024_B_4620458.html
GEM_2024_B_4620795,NIT,,https://www.oil-india.com/download-tender-document?ten_detail=NlVhd29HaksrUk8zMlFjPQ%3D%3D,data/raw/oil_india/tenders/detail_pages/GEM_2024_B_4620795.html
GEM_2024_B_4623371,NIT,,https://www.oil-india.com/download-tender-document?ten_detail=NmtDL29HaksrUk8zMlFjPQ%3D%3D,data/raw/oil_india/tenders/detail_pages/GEM_2024_B_4623371.html
GEM_2024_B_4623508,NIT,,https://www.oil-india.com/download-tender-document?ten_detail=NlVhMW9HaksrUk8zMlFjPQ%3D%3D,data/raw/oil_india/tenders/detail_pages/GEM_2024_B_4623508.html
GEM_2024_B_4624045,NIT,,https://www.oil-india.com/download-tender-document?ten_detail=NlVheW9HaksrUk8zMlFjPQ%3D%3D,data/raw/oil_india/tenders/detail_pages/GEM_2024_B_4624045.html
GEM_2024_B_4624174,NIT,,https://www.oil-india.com/download-tender-document?ten_detail=NmtXem9HaksrUk8zMlFjPQ%3D%3D,data/raw/oil_india/tenders/detail_pages/GEM_2024_B_4624174.html
GEM_2024_B_4624621,NIT,,https://www.oil-india.com/download-tender-document?ten_detail=NmtPL29HaksrUk8zMlFjPQ%3D%3D,data/raw/oil_india/tenders/detail_pages/GEM_2024_B_4624621.html
GEM_2024_B_4625580,NIT,,https://www.oil-india.com/download-tender-document?ten_detail=NmtLem9HaksrUk8zMlFjPQ%3D%3D,data/raw/oil_india/tenders/detail_pages/GEM_2024_B_4625580.html
GEM_2024_B_4626066,NIT,,https://www.oil-india.com/download-tender-document?ten_detail=NmtTd29HaksrUk8zMlFjPQ%3D%3D,data/raw/oil_india/tenders/detail_pages/GEM_2024_B_4626066.html
GEM_2024_B_4626080,NIT,,https://www.oil-india.com/download-tender-document?ten_detail=NmsrMG9HaksrUk8zMlFjPQ%3D%3D,data/raw/oil_india/tenders/detail_pages/GEM_2024_B_4626080.html
GEM_2024_B_4626726,NIT,,https://www.oil-india.com/download-tender-document?ten_detail=NmtTeG9HaksrUk8zMlFjPQ%3D%3D,data/raw/oil_india/tenders/detail_pages/GEM_2024_B_4626726.html
GEM_2024_B_4629755,NIT,,https://www.oil-india.com/download-tender-document?ten_detail=NmtTeW9HaksrUk8zMlFjPQ%3D%3D,data/raw/oil_india/tenders/detail_pages/GEM_2024_B_4629755.html
GEM_2024_B_4629829,NIT,,https://www.oil-india.com/download-tender-document?ten_detail=NmsreW9HaksrUk8zMlFjPQ%3D%3D,data/raw/oil_india/tenders/detail_pages/GEM_2024_B_4629829.html
GEM_2024_B_4630430,NIT,,https://www.oil-india.com/download-tender-document?ten_detail=NlVhMG9HaksrUk8zMlFjPQ%3D%3D,data/raw/oil_india/tenders/detail_pages/GEM_2024_B_4630430.html
GEM_2024_B_4633541,NIT,,https://www.oil-india.com/download-tender-document?ten_detail=NmtTL29HaksrUk8zMlFjPQ%3D%3D,data/raw/oil_india/tenders/detail_pages/GEM_2024_B_4633541.html
GEM_2024_B_4634510,NIT,,https://www.oil-india.com/download-tender-document?ten_detail=NmtPMm9HaksrUk8zMlFjPQ%3D%3D,data/raw/oil_india/tenders/detail_pages/GEM_2024_B_4634510.html
GEM_2024_B_4651348,NIT,,https://www.oil-india.com/download-tender-document?ten_detail=NmtLK29HaksrUk8zMlFjPQ%3D%3D,data/raw/oil_india/tenders/detail_pages/GEM_2024_B_4651348.html
GEM_2024_B_4655043,NIT,,https://www.oil-india.com/download-tender-document?ten_detail=NmtLMW9HaksrUk8zMlFjPQ%3D%3D,data/raw/oil_india/tenders/detail_pages/GEM_2024_B_4655043.html
GEM_2024_B_4655861,NIT,,https://www.oil-india.com/download-tender-document?ten_detail=NmtLeW9HaksrUk8zMlFjPQ%3D%3D,data/raw/oil_india/tenders/detail_pages/GEM_2024_B_4655861.html
GEM_2024_B_4657651,NIT,,https://www.oil-india.com/download-tender-document?ten_detail=NmtLd29HaksrUk8zMlFjPQ%3D%3D,data/raw/oil_india/tenders/detail_pages/GEM_2024_B_4657651.html
GEM_2024_B_4658173,NIT,,https://www.oil-india.com/download-tender-document?ten_detail=NmtHd29HaksrUk8zMlFjPQ%3D%3D,data/raw/oil_india/tenders/detail_pages/GEM_2024_B_4658173.html
GEM_2024_B_4662094,NIT,,https://www.oil-india.com/download-tender-document?ten_detail=NmtLL29HaksrUk8zMlFjPQ%3D%3D,data/raw/oil_india/tenders/detail_pages/GEM_2024_B_4662094.html
GEM_2024_B_4664943,NIT,,https://www.oil-india.com/download-tender-document?ten_detail=NmtHMW9HaksrUk8zMlFjPQ%3D%3D,data/raw/oil_india/tenders/detail_pages/GEM_2024_B_4664943.html
GEM_2024_B_4668035,NIT,,https://www.oil-india.com/download-tender-document?ten_detail=Nms2L29HaksrUk8zMlFjPQ%3D%3D,data/raw/oil_india/tenders/detail_pages/GEM_2024_B_4668035.html
GEM_2024_B_4672363,NIT,,https://www.oil-india.com/download-tender-document?ten_detail=NlVXMG9HaksrUk8zMlFjPQ%3D%3D,data/raw/oil_india/tenders/detail_pages/GEM_2024_B_4672363.html
GEM_2024_B_4676013,NIT,,https://www.oil-india.com/download-tender-document?ten_detail=NmtDMm9HaksrUk8zMlFjPQ%3D%3D,data/raw/oil_india/tenders/detail_pages/GEM_2024_B_4676013.html
GEM_2024_B_4676616,NIT,,https://www.oil-india.com/download-tender-document?ten_detail=NmsrM29HaksrUk8zMlFjPQ%3D%3D,data/raw/oil_india/tenders/detail_pages/GEM_2024_B_4676616.html
GEM_2024_B_4679152,NIT,,https://www.oil-india.com/download-tender-document?ten_detail=NlVXMW9HaksrUk8zMlFjPQ%3D%3D,data/raw/oil_india/tenders/detail_pages/GEM_2024_B_4679152.html
GEM_2024_B_4679175,NIT,,https://www.oil-india.com/download-tender-document?ten_detail=NlVDK29HaksrUk8zMlFjPQ%3D%3D,data/raw/oil_india/tenders/detail_pages/GEM_2024_B_4679175.html
GEM_2024_B_4680219,NIT,,https://www.oil-india.com/download-tender-document?ten_detail=NlVPMG9HaksrUk8zMlFjPQ%3D%3D,data/raw/oil_india/tenders/detail_pages/GEM_2024_B_4680219.html
GEM_2024_B_4680327,NIT,,https://www.oil-india.com/download-tender-document?ten_detail=NlVHem9HaksrUk8zMlFjPQ%3D%3D,data/raw/oil_india/tenders/detail_pages/GEM_2024_B_4680327.html
GEM_2024_B_4682547,NIT,,https://www.oil-india.com/download-tender-document?ten_detail=NkVhMW9HaksrUk8zMlFjPQ%3D%3D,data/raw/oil_india/tenders/detail_pages/GEM_2024_B_4682547.html
GEM_2024_B_4682718,NIT,,https://www.oil-india.com/download-tender-document?ten_detail=NlVXM29HaksrUk8zMlFjPQ%3D%3D,data/raw/oil_india/tenders/detail_pages/GEM_2024_B_4682718.html
GEM_2024_B_4682784,NIT,,https://www.oil-india.com/download-tender-document?ten_detail=NlVhMm9HaksrUk8zMlFjPQ%3D%3D,data/raw/oil_india/tenders/detail_pages/GEM_2024_B_4682784.html
GEM_2024_B_4686008,NIT,,https://www.oil-india.com/download-tender-document?ten_detail=Nmsrem9HaksrUk8zMlFjPQ%3D%3D,data/raw/oil_india/tenders/detail_pages/GEM_2024_B_4686008.html
GEM_2024_B_4686048,NIT,,https://www.oil-india.com/download-tender-document?ten_detail=NkVLK29HaksrUk8zMlFjPQ%3D%3D,data/raw/oil_india/tenders/detail_pages/GEM_2024_B_4686048.html
GEM_2024_B_4686801,NIT,,https://www.oil-india.com/download-tender-document?ten_detail=NmsreG9HaksrUk8zMlFjPQ%3D%3D,data/raw/oil_india/tenders/detail_pages/GEM_2024_B_4686801.html
GEM_2024_B_4686844,NIT,,https://www.oil-india.com/download-tender-document?ten_detail=Nms2em9HaksrUk8zMlFjPQ%3D%3D,data/raw/oil_india/tenders/detail_pages/GEM_2024_B_4686844.html
GEM_2024_B_4690536,NIT,,https://www.oil-india.com/download-tender-document?ten_detail=NlVHd29HaksrUk8zMlFjPQ%3D%3D,data/raw/oil_india/tenders/detail_pages/GEM_2024_B_4690536.html
GEM_2024_B_4691788,NIT,,https://www.oil-india.com/download-tender-document?ten_detail=NlVhM29HaksrUk8zMlFjPQ%3D%3D,data/raw/oil_india/tenders/detail_pages/GEM_2024_B_4691788.html
GEM_2024_B_4693229,NIT,,https://www.oil-india.com/download-tender-document?ten_detail=NkVTeW9HaksrUk8zMlFjPQ%3D%3D,data/raw/oil_india/tenders/detail_pages/GEM_2024_B_4693229.html
GEM_2024_B_4698174,NIT,,https://www.oil-india.com/download-tender-document?ten_detail=NlVlMW9HaksrUk8zMlFjPQ%3D%3D,data/raw/oil_india/tenders/detail_pages/GEM_2024_B_4698174.html
GEM_2024_B_4701113,NIT,,https://www.oil-india.com/download-tender-document?ten_detail=NlVTem9HaksrUk8zMlFjPQ%3D%3D,data/raw/oil_india/tenders/detail_pages/GEM_2024_B_4701113.html
GEM_2024_B_4703785,NIT,,https://www.oil-india.com/download-tender-document?ten_detail=NlVld29HaksrUk8zMlFjPQ%3D%3D,data/raw/oil_india/tenders/detail_pages/GEM_2024_B_4703785.html
GEM_2024_B_4711917,NIT,,https://www.oil-india.com/download-tender-document?ten_detail=NzBhMm9HaksrUk8zMlFjPQ%3D%3D,data/raw/oil_india/tenders/detail_pages/GEM_2024_B_4711917.html
GEM_2024_B_4719601,NIT,,https://www.oil-india.com/download-tender-document?ten_detail=NlVXeG9HaksrUk8zMlFjPQ%3D%3D,data/raw/oil_india/tenders/detail_pages/GEM_2024_B_4719601.html
GEM_2024_B_4722093,NIT,,https://www.oil-india.com/download-tender-document?ten_detail=NkU2em9HaksrUk8zMlFjPQ%3D%3D,data/raw/oil_india/tenders/detail_pages/GEM_2024_B_4722093.html
GEM_2024_B_4722297,NIT,,https://www.oil-india.com/download-tender-document?ten_detail=NlVPd29HaksrUk8zMlFjPQ%3D%3D,data/raw/oil_india/tenders/detail_pages/GEM_2024_B_4722297.html
GEM_2024_B_4723729,NIT,,https://www.oil-india.com/download-tender-document?ten_detail=NlVTMm9HaksrUk8zMlFjPQ%3D%3D,data/raw/oil_india/tenders/detail_pages/GEM_2024_B_4723729.html
GEM_2024_B_4726684,NIT,,https://www.oil-india.com/download-tender-document?ten_detail=NlVXL29HaksrUk8zMlFjPQ%3D%3D,data/raw/oil_india/tenders/detail_pages/GEM_2024_B_4726684.html
GEM_2024_B_4729947,NIT,,https://www.oil-india.com/download-tender-document?ten_detail=NlVPMW9HaksrUk8zMlFjPQ%3D%3D,data/raw/oil_india/tenders/detail_pages/GEM_2024_B_4729947.html
GEM_2024_B_4733196,NIT,,https://www.oil-india.com/download-tender-document?ten_detail=NlVTM29HaksrUk8zMlFjPQ%3D%3D,data/raw/oil_india/tenders/detail_pages/GEM_2024_B_4733196.html
GEM_2024_B_4734446,NIT,,https://www.oil-india.com/download-tender-document?ten_detail=NlVTMW9HaksrUk8zMlFjPQ%3D%3D,data/raw/oil_india/tenders/detail_pages/GEM_2024_B_4734446.html
GEM_2024_B_4734811,NIT,,https://www.oil-india.com/download-tender-document?ten_detail=NlVTMG9HaksrUk8zMlFjPQ%3D%3D,data/raw/oil_india/tenders/detail_pages/GEM_2024_B_4734811.html
GEM_2024_B_4735352,NIT,,https://www.oil-india.com/download-tender-document?ten_detail=NlVHL29HaksrUk8zMlFjPQ%3D%3D,data/raw/oil_india/tenders/detail_pages/GEM_2024_B_4735352.html
GEM_2024_B_4735532,NIT,,https://www.oil-india.com/download-tender-document?ten_detail=NlVDMG9HaksrUk8zMlFjPQ%3D%3D,data/raw/oil_india/tenders/detail_pages/GEM_2024_B_4735532.html
GEM_2024_B_4735861,NIT,,https://www.oil-india.com/download-tender-document?ten_detail=NlVDeW9HaksrUk8zMlFjPQ%3D%3D,data/raw/oil_india/tenders/detail_pages/GEM_2024_B_4735861.html
GEM_2024_B_4735954,NIT,,https://www.oil-india.com/download-tender-document?ten_detail=NlVDMW9HaksrUk8zMlFjPQ%3D%3D,data/raw/oil_india/tenders/detail_pages/GEM_2024_B_4735954.html
GEM_2024_B_4736975,NIT,,https://www.oil-india.com/download-tender-document?ten_detail=NlVDM29HaksrUk8zMlFjPQ%3D%3D,data/raw/oil_india/tenders/detail_pages/GEM_2024_B_4736975.html
GEM_2024_B_4740249,NIT,,https://www.oil-india.com/download-tender-document?ten_detail=NlVLK29HaksrUk8zMlFjPQ%3D%3D,data/raw/oil_india/tenders/detail_pages/GEM_2024_B_4740249.html
GEM_2024_B_4740421,NIT,,https://www.oil-india.com/download-tender-document?ten_detail=NlVLMW9HaksrUk8zMlFjPQ%3D%3D,data/raw/oil_india/tenders/detail_pages/GEM_2024_B_4740421.html
GEM_2024_B_4740980,NIT,,https://www.oil-india.com/download-tender-document?ten_detail=NlVHeW9HaksrUk8zMlFjPQ%3D%3D,data/raw/oil_india/tenders/detail_pages/GEM_2024_B_4740980.html
GEM_2024_B_4742871,NIT,,https://www.oil-india.com/download-tender-document?ten_detail=NlVPem9HaksrUk8zMlFjPQ%3D%3D,data/raw/oil_india/tenders/detail_pages/GEM_2024_B_4742871.html
GEM_2024_B_4743167,NIT,,https://www.oil-india.com/download-tender-document?ten_detail=NzBlK29HaksrUk8zMlFjPQ%3D%3D,data/raw/oil_india/tenders/detail_pages/GEM_2024_B_4743167.html
GEM_2024_B_4745938,NIT,,https://www.oil-india.com/download-tender-document?ten_detail=NlVPK29HaksrUk8zMlFjPQ%3D%3D,data/raw/oil_india/tenders/detail_pages/GEM_2024_B_4745938.html
GEM_2024_B_4745953,NIT,,https://www.oil-india.com/download-tender-document?ten_detail=NzBTM29HaksrUk8zMlFjPQ%3D%3D,data/raw/oil_india/tenders/detail_pages/GEM_2024_B_4745953.html
GEM_2024_B_4745963,NIT,,https://www.oil-india.com/download-tender-document?ten_detail=NlUrK29HaksrUk8zMlFjPQ%3D%3D,data/raw/oil_india/tenders/detail_pages/GEM_2024_B_4745963.html
GEM_2024_B_4746009,NIT,,https://www.oil-india.com/download-tender-document?ten_detail=NlUrL29HaksrUk8zMlFjPQ%3D%3D,data/raw/oil_india/tenders/detail_pages/GEM_2024_B_4746009.html
GEM_2024_B_4746077,NIT,,https://www.oil-india.com/download-tender-document?ten_detail=NlVLeW9HaksrUk8zMlFjPQ%3D%3D,data/raw/oil_india/tenders/detail_pages/GEM_2024_B_4746077.html
GEM_2024_B_4746325,NIT,,https://www.oil-india.com/download-tender-document?ten_detail=NlVLd29HaksrUk8zMlFjPQ%3D%3D,data/raw/oil_india/tenders/detail_pages/GEM_2024_B_4746325.html
GEM_2024_B_4747004,NIT,,https://www.oil-india.com/download-tender-document?ten_detail=NlVLeG9HaksrUk8zMlFjPQ%3D%3D,data/raw/oil_india/tenders/detail_pages/GEM_2024_B_4747004.html
GEM_2024_B_4747869,NIT,,https://www.oil-india.com/download-tender-document?ten_detail=NlVLem9HaksrUk8zMlFjPQ%3D%3D,data/raw/oil_india/tenders/detail_pages/GEM_2024_B_4747869.html
GEM_2024_B_4750263,NIT,,https://www.oil-india.com/download-tender-document?ten_detail=NlVLMm9HaksrUk8zMlFjPQ%3D%3D,data/raw/oil_india/tenders/detail_pages/GEM_2024_B_4750263.html
GEM_2024_B_4751222,NIT,,https://www.oil-india.com/download-tender-document?ten_detail=NlVLM29HaksrUk8zMlFjPQ%3D%3D,data/raw/oil_india/tenders/detail_pages/GEM_2024_B_4751222.html
GEM_2024_B_4751708,NIT,,https://www.oil-india.com/download-tender-document?ten_detail=NlUreG9HaksrUk8zMlFjPQ%3D%3D,data/raw/oil_india/tenders/detail_pages/GEM_2024_B_4751708.html
GEM_2024_B_4751867,NIT,,https://www.oil-india.com/download-tender-document?ten_detail=NlUrMW9HaksrUk8zMlFjPQ%3D%3D,data/raw/oil_india/tenders/detail_pages/GEM_2024_B_4751867.html
GEM_2024_B_4752634,NIT,,https://www.oil-india.com/download-tender-document?ten_detail=NlVLL29HaksrUk8zMlFjPQ%3D%3D,data/raw/oil_india/tenders/detail_pages/GEM_2024_B_4752634.html
GEM_2024_B_4753653,NIT,,https://www.oil-india.com/download-tender-document?ten_detail=NlVHMm9HaksrUk8zMlFjPQ%3D%3D,data/raw/oil_india/tenders/detail_pages/GEM_2024_B_4753653.html
GEM_2024_B_4754859,NIT,,https://www.oil-india.com/download-tender-document?ten_detail=NlVHMG9HaksrUk8zMlFjPQ%3D%3D,data/raw/oil_india/tenders/detail_pages/GEM_2024_B_4754859.html
GEM_2024_B_4754889,NIT,,https://www.oil-india.com/download-tender-document?ten_detail=NlU2eW9HaksrUk8zMlFjPQ%3D%3D,data/raw/oil_india/tenders/detail_pages/GEM_2024_B_4754889.html
GEM_2024_B_4756576,NIT,,https://www.oil-india.com/download-tender-document?ten_detail=NlU2MG9HaksrUk8zMlFjPQ%3D%3D,data/raw/oil_india/tenders/detail_pages/GEM_2024_B_4756576.html
GEM_2024_B_4760215,NIT,,https://www.oil-india.com/download-tender-document?ten_detail=NlVHK29HaksrUk8zMlFjPQ%3D%3D,data/raw/oil_india/tenders/detail_pages/GEM_2024_B_4760215.html
GEM_2024_B_4761319,NIT,,https://www.oil-india.com/download-tender-document?ten_detail=NlVHeG9HaksrUk8zMlFjPQ%3D%3D,data/raw/oil_india/tenders/detail_pages/GEM_2024_B_4761319.html
GEM_2024_B_4761421,NIT,,https://www.oil-india.com/download-tender-document?ten_detail=NlVDd29HaksrUk8zMlFjPQ%3D%3D,data/raw/oil_india/tenders/detail_pages/GEM_2024_B_4761421.html
GEM_2024_B_4761784,NIT,,https://www.oil-india.com/download-tender-document?ten_detail=NlVDMm9HaksrUk8zMlFjPQ%3D%3D,data/raw/oil_india/tenders/detail_pages/GEM_2024_B_4761784.html
GEM_2024_B_4763942,NIT,,https://www.oil-india.com/download-tender-document?ten_detail=NlUrMm9HaksrUk8zMlFjPQ%3D%3D,data/raw/oil_india/tenders/detail_pages/GEM_2024_B_4763942.html
GEM_2024_B_4763987,NIT,,https://www.oil-india.com/download-tender-document?ten_detail=NlVDeG9HaksrUk8zMlFjPQ%3D%3D,data/raw/oil_india/tenders/detail_pages/GEM_2024_B_4763987.html
GEM_2024_B_4764243,NIT,,https://www.oil-india.com/download-tender-document?ten_detail=NlUrd29HaksrUk8zMlFjPQ%3D%3D,data/raw/oil_india/tenders/detail_pages/GEM_2024_B_4764243.html
GEM_2024_B_4765172,NIT,,https://www.oil-india.com/download-tender-document?ten_detail=NlVDem9HaksrUk8zMlFjPQ%3D%3D,data/raw/oil_india/tenders/detail_pages/GEM_2024_B_4765172.html
GEM_2024_B_4766408,NIT,,https://www.oil-india.com/download-tender-document?ten_detail=NkVDem9HaksrUk8zMlFjPQ%3D%3D,data/raw/oil_india/tenders/detail_pages/GEM_2024_B_4766408.html
GEM_2024_B_4766693,NIT,,https://www.oil-india.com/download-tender-document?ten_detail=NkVhMm9HaksrUk8zMlFjPQ%3D%3D,data/raw/oil_india/tenders/detail_pages/GEM_2024_B_4766693.html
GEM_2024_B_4771834,NIT,,https://www.oil-india.com/download-tender-document?ten_detail=NlUrem9HaksrUk8zMlFjPQ%3D%3D,data/raw/oil_india/tenders/detail_pages/GEM_2024_B_4771834.html
GEM_2024_B_4772162,NIT,,https://www.oil-india.com/download-tender-document?ten_detail=NlUreW9HaksrUk8zMlFjPQ%3D%3D,data/raw/oil_india/tenders/detail_pages/GEM_2024_B_4772162.html
GEM_2024_B_4777429,NIT,,https://www.oil-india.com/download-tender-document?ten_detail=NkUrMG9HaksrUk8zMlFjPQ%3D%3D,data/raw/oil_india/tenders/detail_pages/GEM_2024_B_4777429.html
GEM_2024_B_4777523,NIT,,https://www.oil-india.com/download-tender-document?ten_detail=NkVTK29HaksrUk8zMlFjPQ%3D%3D,data/raw/oil_india/tenders/detail_pages/GEM_2024_B_4777523.html
GEM_2024_B_4777553,NIT,,https://www.oil-india.com/download-tender-document?ten_detail=NkVhem9HaksrUk8zMlFjPQ%3D%3D,data/raw/oil_india/tenders/detail_pages/GEM_2024_B_4777553.html
GEM_2024_B_4777599,NIT,,https://www.oil-india.com/download-tender-document?ten_detail=NkVTL29HaksrUk8zMlFjPQ%3D%3D,data/raw/oil_india/tenders/detail_pages/GEM_2024_B_4777599.html
GEM_2024_B_4777716,NIT,,https://www.oil-india.com/download-tender-document?ten_detail=NkVHeG9HaksrUk8zMlFjPQ%3D%3D,data/raw/oil_india/tenders/detail_pages/GEM_2024_B_4777716.html
GEM_2024_B_4782127,NIT,,https://www.oil-india.com/download-tender-document?ten_detail=NlU2Mm9HaksrUk8zMlFjPQ%3D%3D,data/raw/oil_india/tenders/detail_pages/GEM_2024_B_4782127.html
GEM_2024_B_4782982,NIT,,https://www.oil-india.com/download-tender-document?ten_detail=NlU2M29HaksrUk8zMlFjPQ%3D%3D,data/raw/oil_india/tenders/detail_pages/GEM_2024_B_4782982.html
GEM_2024_B_4785796,NIT,,https://www.oil-india.com/download-tender-document?ten_detail=NlU2MW9HaksrUk8zMlFjPQ%3D%3D,data/raw/oil_india/tenders/detail_pages/GEM_2024_B_4785796.html
GEM_2024_B_4795269,NIT,,https://www.oil-india.com/download-tender-document?ten_detail=NkVHem9HaksrUk8zMlFjPQ%3D%3D,data/raw/oil_india/tenders/detail_pages/GEM_2024_B_4795269.html
GEM_2024_B_4795355,NIT,,https://www.oil-india.com/download-tender-document?ten_detail=NkVDeW9HaksrUk8zMlFjPQ%3D%3D,data/raw/oil_india/tenders/detail_pages/GEM_2024_B_4795355.html
GEM_2024_B_4796800,NIT,,https://www.oil-india.com/download-tender-document?ten_detail=NkVDeG9HaksrUk8zMlFjPQ%3D%3D,data/raw/oil_india/tenders/detail_pages/GEM_2024_B_4796800.html
GEM_2024_B_4797003,NIT,,https://www.oil-india.com/download-tender-document?ten_detail=NlU2em9HaksrUk8zMlFjPQ%3D%3D,data/raw/oil_india/tenders/detail_pages/GEM_2024_B_4797003.html
GEM_2024_B_4797835,NIT,,https://www.oil-india.com/download-tender-document?ten_detail=NlU2K29HaksrUk8zMlFjPQ%3D%3D,data/raw/oil_india/tenders/detail_pages/GEM_2024_B_4797835.html
GEM_2024_B_4799189,NIT,,https://www.oil-india.com/download-tender-document?ten_detail=NkVHK29HaksrUk8zMlFjPQ%3D%3D,data/raw/oil_india/tenders/detail_pages/GEM_2024_B_4799189.html
GEM_2024_B_4799701,NIT,,https://www.oil-india.com/download-tender-document?ten_detail=NkUrM29HaksrUk8zMlFjPQ%3D%3D,data/raw/oil_india/tenders/detail_pages/GEM_2024_B_4799701.html
GEM_2024_B_4802884,NIT,,https://www.oil-india.com/download-tender-document?ten_detail=NkVlM29HaksrUk8zMlFjPQ%3D%3D,data/raw/oil_india/tenders/detail_pages/GEM_2024_B_4802884.html
GEM_2024_B_4803396,NIT,,https://www.oil-india.com/download-tender-document?ten_detail=NkVHd29HaksrUk8zMlFjPQ%3D%3D,data/raw/oil_india/tenders/detail_pages/GEM_2024_B_4803396.html
GEM_2024_B_4804734,NIT,,https://www.oil-india.com/download-tender-document?ten_detail=NkVHMW9HaksrUk8zMlFjPQ%3D%3D,data/raw/oil_india/tenders/detail_pages/GEM_2024_B_4804734.html
GEM_2024_B_4805010,NIT,,https://www.oil-india.com/download-tender-document?ten_detail=NkVlMW9HaksrUk8zMlFjPQ%3D%3D,data/raw/oil_india/tenders/detail_pages/GEM_2024_B_4805010.html
GEM_2024_B_4805688,NIT,,https://www.oil-india.com/download-tender-document?ten_detail=NkVXem9HaksrUk8zMlFjPQ%3D%3D,data/raw/oil_india/tenders/detail_pages/GEM_2024_B_4805688.html
GEM_2024_B_4806451,NIT,,https://www.oil-india.com/download-tender-document?ten_detail=NkVDL29HaksrUk8zMlFjPQ%3D%3D,data/raw/oil_india/tenders/detail_pages/GEM_2024_B_4806451.html
GEM_2024_B_4806566,NIT,,https://www.oil-india.com/download-tender-document?ten_detail=NkVDK29HaksrUk8zMlFjPQ%3D%3D,data/raw/oil_india/tenders/detail_pages/GEM_2024_B_4806566.html
GEM_2024_B_4806833,NIT,,https://www.oil-india.com/download-tender-document?ten_detail=NkVPd29HaksrUk8zMlFjPQ%3D%3D,data/raw/oil_india/tenders/detail_pages/GEM_2024_B_4806833.html
GEM_2024_B_4806854,NIT,,https://www.oil-india.com/download-tender-document?ten_detail=NkVLL29HaksrUk8zMlFjPQ%3D%3D,data/raw/oil_india/tenders/detail_pages/GEM_2024_B_4806854.html
GEM_2024_B_4807050,NIT,,https://www.oil-india.com/download-tender-document?ten_detail=NkVHeW9HaksrUk8zMlFjPQ%3D%3D,data/raw/oil_india/tenders/detail_pages/GEM_2024_B_4807050.html
GEM_2024_B_4807208,NIT,,https://www.oil-india.com/download-tender-document?ten_detail=NkVDd29HaksrUk8zMlFjPQ%3D%3D,data/raw/oil_india/tenders/detail_pages/GEM_2024_B_4807208.html
GEM_2024_B_4809136,NIT,,https://www.oil-india.com/download-tender-document?ten_detail=NkVHMm9HaksrUk8zMlFjPQ%3D%3D,data/raw/oil_india/tenders/detail_pages/GEM_2024_B_4809136.html
GEM_2024_B_4810638,NIT,,https://www.oil-india.com/download-tender-document?ten_detail=NkVPMm9HaksrUk8zMlFjPQ%3D%3D,data/raw/oil_india/tenders/detail_pages/GEM_2024_B_4810638.html
GEM_2024_B_4810650,NIT,,https://www.oil-india.com/download-tender-document?ten_detail=NkVXM29HaksrUk8zMlFjPQ%3D%3D,data/raw/oil_india/tenders/detail_pages/GEM_2024_B_4810650.html
GEM_2024_B_4810934,NIT,,https://www.oil-india.com/download-tender-document?ten_detail=NkVXd29HaksrUk8zMlFjPQ%3D%3D,data/raw/oil_india/tenders/detail_pages/GEM_2024_B_4810934.html
GEM_2024_B_4812666,NIT,,https://www.oil-india.com/download-tender-document?ten_detail=NkVTMW9HaksrUk8zMlFjPQ%3D%3D,data/raw/oil_india/tenders/detail_pages/GEM_2024_B_4812666.html
GEM_2024_B_4812843,NIT,,https://www.oil-india.com/download-tender-document?ten_detail=NkVTem9HaksrUk8zMlFjPQ%3D%3D,data/raw/oil_india/tenders/detail_pages/GEM_2024_B_4812843.html
GEM_2024_B_4813292,NIT,,https://www.oil-india.com/download-tender-document?ten_detail=NkVleG9HaksrUk8zMlFjPQ%3D%3D,data/raw/oil_india/tenders/detail_pages/GEM_2024_B_4813292.html
GEM_2024_B_4813848,NIT,,https://www.oil-india.com/download-tender-document?ten_detail=NkVXMm9HaksrUk8zMlFjPQ%3D%3D,data/raw/oil_india/tenders/detail_pages/GEM_2024_B_4813848.html
GEM_2024_B_4813960,NIT,,https://www.oil-india.com/download-tender-document?ten_detail=NkVhL29HaksrUk8zMlFjPQ%3D%3D,data/raw/oil_india/tenders/detail_pages/GEM_2024_B_4813960.html
GEM_2024_B_4814102,NIT,,https://www.oil-india.com/download-tender-document?ten_detail=NkVlK29HaksrUk8zMlFjPQ%3D%3D,data/raw/oil_india/tenders/detail_pages/GEM_2024_B_4814102.html
GEM_2024_B_4814111,NIT,,https://www.oil-india.com/download-tender-document?ten_detail=NkVhK29HaksrUk8zMlFjPQ%3D%3D,data/raw/oil_india/tenders/detail_pages/GEM_2024_B_4814111.html
GEM_2024_B_4814782,NIT,,https://www.oil-india.com/download-tender-document?ten_detail=NkVheG9HaksrUk8zMlFjPQ%3D%3D,data/raw/oil_india/tenders/detail_pages/GEM_2024_B_4814782.html
GEM_2024_B_4815395,NIT,,https://www.oil-india.com/download-tender-document?ten_detail=NkVhd29HaksrUk8zMlFjPQ%3D%3D,data/raw/oil_india/tenders/detail_pages/GEM_2024_B_4815395.html
GEM_2024_B_4816937,NIT,,https://www.oil-india.com/download-tender-document?ten_detail=NkVhM29HaksrUk8zMlFjPQ%3D%3D,data/raw/oil_india/tenders/detail_pages/GEM_2024_B_4816937.html
GEM_2024_B_4817027,NIT,,https://www.oil-india.com/download-tender-document?ten_detail=NkVhMG9HaksrUk8zMlFjPQ%3D%3D,data/raw/oil_india/tenders/detail_pages/GEM_2024_B_4817027.html
GEM_2024_B_4819523,NIT,,https://www.oil-india.com/download-tender-document?ten_detail=NkVlem9HaksrUk8zMlFjPQ%3D%3D,data/raw/oil_india/tenders/detail_pages/GEM_2024_B_4819523.html
GEM_2024_B_4820244,NIT,,https://www.oil-india.com/download-tender-document?ten_detail=NkVleW9HaksrUk8zMlFjPQ%3D%3D,data/raw/oil_india/tenders/detail_pages/GEM_2024_B_4820244.html
GEM_2024_B_4823356,NIT,,https://www.oil-india.com/download-tender-document?ten_detail=NkVheW9HaksrUk8zMlFjPQ%3D%3D,data/raw/oil_india/tenders/detail_pages/GEM_2024_B_4823356.html
GEM_2024_B_4825790,NIT,,https://www.oil-india.com/download-tender-document?ten_detail=NkVLMG9HaksrUk8zMlFjPQ%3D%3D,data/raw/oil_india/tenders/detail_pages/GEM_2024_B_4825790.html
GEM_2024_B_4825886,NIT,,https://www.oil-india.com/download-tender-document?ten_detail=NkVXMG9HaksrUk8zMlFjPQ%3D%3D,data/raw/oil_india/tenders/detail_pages/GEM_2024_B_4825886.html
GEM_2024_B_4826177,NIT,,https://www.oil-india.com/download-tender-document?ten_detail=NkVLMW9HaksrUk8zMlFjPQ%3D%3D,data/raw/oil_india/tenders/detail_pages/GEM_2024_B_4826177.html
GEM_2024_B_4828431,NIT,,https://www.oil-india.com/download-tender-document?ten_detail=NkVPeW9HaksrUk8zMlFjPQ%3D%3D,data/raw/oil_india/tenders/detail_pages/GEM_2024_B_4828431.html
GEM_2024_B_4828657,NIT,,https://www.oil-india.com/download-tender-document?ten_detail=NzBhM29HaksrUk8zMlFjPQ%3D%3D,data/raw/oil_india/tenders/detail_pages/GEM_2024_B_4828657.html
GEM_2024_B_4828768,NIT,,https://www.oil-india.com/download-tender-document?ten_detail=NkVTMm9HaksrUk8zMlFjPQ%3D%3D,data/raw/oil_india/tenders/detail_pages/GEM_2024_B_4828768.html
GEM_2024_B_4828771,NIT,,https://www.oil-india.com/download-tender-document?ten_detail=NkVXeG9HaksrUk8zMlFjPQ%3D%3D,data/raw/oil_india/tenders/detail_pages/GEM_2024_B_4828771.html
GEM_2024_B_4831097,NIT,,https://www.oil-india.com/download-tender-document?ten_detail=N2tPM29HaksrUk8zMlFjPQ%3D%3D,data/raw/oil_india/tenders/detail_pages/GEM_2024_B_4831097.html
GEM_2024_B_4832359,NIT,,https://www.oil-india.com/download-tender-document?ten_detail=NkUrL29HaksrUk8zMlFjPQ%3D%3D,data/raw/oil_india/tenders/detail_pages/GEM_2024_B_4832359.html
GEM_2024_B_4832834,NIT,,https://www.oil-india.com/download-tender-document?ten_detail=NzBlL29HaksrUk8zMlFjPQ%3D%3D,data/raw/oil_india/tenders/detail_pages/GEM_2024_B_4832834.html
GEM_2024_B_4833467,NIT,,https://www.oil-india.com/download-tender-document?ten_detail=NkVTM29HaksrUk8zMlFjPQ%3D%3D,data/raw/oil_india/tenders/detail_pages/GEM_2024_B_4833467.html
GEM_2024_B_4833791,NIT,,https://www.oil-india.com/download-tender-document?ten_detail=NkVPM29HaksrUk8zMlFjPQ%3D%3D,data/raw/oil_india/tenders/detail_pages/GEM_2024_B_4833791.html
GEM_2024_B_4834648,NIT,,https://www.oil-india.com/download-tender-document?ten_detail=NkVPMG9HaksrUk8zMlFjPQ%3D%3D,data/raw/oil_india/tenders/detail_pages/GEM_2024_B_4834648.html
GEM_2024_B_4836208,NIT,,https://www.oil-india.com/download-tender-document?ten_detail=NkVPMW9HaksrUk8zMlFjPQ%3D%3D,data/raw/oil_india/tenders/detail_pages/GEM_2024_B_4836208.html
GEM_2024_B_4840280,NIT,,https://www.oil-india.com/download-tender-document?ten_detail=NkVLM29HaksrUk8zMlFjPQ%3D%3D,data/raw/oil_india/tenders/detail_pages/GEM_2024_B_4840280.html
GEM_2024_B_4841988,NIT,,https://www.oil-india.com/download-tender-document?ten_detail=NkVDMG9HaksrUk8zMlFjPQ%3D%3D,data/raw/oil_india/tenders/detail_pages/GEM_2024_B_4841988.html
GEM_2024_B_4843396,NIT,,https://www.oil-india.com/download-tender-document?ten_detail=NkU2MG9HaksrUk8zMlFjPQ%3D%3D,data/raw/oil_india/tenders/detail_pages/GEM_2024_B_4843396.html
GEM_2024_B_4843420,NIT,,https://www.oil-india.com/download-tender-document?ten_detail=NkVLeG9HaksrUk8zMlFjPQ%3D%3D,data/raw/oil_india/tenders/detail_pages/GEM_2024_B_4843420.html
GEM_2024_B_4845479,NIT,,https://www.oil-india.com/download-tender-document?ten_detail=NkUreG9HaksrUk8zMlFjPQ%3D%3D,data/raw/oil_india/tenders/detail_pages/GEM_2024_B_4845479.html
GEM_2024_B_4845678,NIT,,https://www.oil-india.com/download-tender-document?ten_detail=NkVHL29HaksrUk8zMlFjPQ%3D%3D,data/raw/oil_india/tenders/detail_pages/GEM_2024_B_4845678.html
GEM_2024_B_4845752,NIT,,https://www.oil-india.com/download-tender-document?ten_detail=NkVDMm9HaksrUk8zMlFjPQ%3D%3D,data/raw/oil_india/tenders/detail_pages/GEM_2024_B_4845752.html
GEM_2024_B_4845785,NIT,,https://www.oil-india.com/download-tender-document?ten_detail=NzBlMG9HaksrUk8zMlFjPQ%3D%3D,data/raw/oil_india/tenders/detail_pages/GEM_2024_B_4845785.html
GEM_2024_B_4846131,NIT,,https://www.oil-india.com/download-tender-document?ten_detail=NzBPeG9HaksrUk8zMlFjPQ%3D%3D,data/raw/oil_india/tenders/detail_pages/GEM_2024_B_4846131.html
GEM_2024_B_4846185,NIT,,https://www.oil-india.com/download-tender-document?ten_detail=NzBLeW9HaksrUk8zMlFjPQ%3D%3D,data/raw/oil_india/tenders/detail_pages/GEM_2024_B_4846185.html
GEM_2024_B_4846337,NIT,,https://www.oil-india.com/download-tender-document?ten_detail=NzBPd29HaksrUk8zMlFjPQ%3D%3D,data/raw/oil_india/tenders/detail_pages/GEM_2024_B_4846337.html
GEM_2024_B_4847191,NIT,,https://www.oil-india.com/download-tender-document?ten_detail=NkVDM29HaksrUk8zMlFjPQ%3D%3D,data/raw/oil_india/tenders/detail_pages/GEM_2024_B_4847191.html
GEM_2024_B_4847458,Bends,,https://www.oil-india.com/download-tender-document?ten_detail=NkU2d29HaksrUk8zMlFjPQ%3D%3D,data/raw/oil_india/tenders/detail_pages/GEM_2024_B_4847458.html
GEM_2024_B_4847552,NIT,,https://www.oil-india.com/download-tender-document?ten_detail=NkU2Mm9HaksrUk8zMlFjPQ%3D%3D,data/raw/oil_india/tenders/detail_pages/GEM_2024_B_4847552.html
GEM_2024_B_4848962,NIT,,https://www.oil-india.com/download-tender-document?ten_detail=NkVDMW9HaksrUk8zMlFjPQ%3D%3D,data/raw/oil_india/tenders/detail_pages/GEM_2024_B_4848962.html
GEM_2024_B_4849022,NIT,,https://www.oil-india.com/download-tender-document?ten_detail=NkUrem9HaksrUk8zMlFjPQ%3D%3D,data/raw/oil_india/tenders/detail_pages/GEM_2024_B_4849022.html
GEM_2024_B_4849056,NIT,,https://www.oil-india.com/download-tender-document?ten_detail=NkUrd29HaksrUk8zMlFjPQ%3D%3D,data/raw/oil_india/tenders/detail_pages/GEM_2024_B_4849056.html
GEM_2024_B_4849140,NIT,,https://www.oil-india.com/download-tender-document?ten_detail=NkUrK29HaksrUk8zMlFjPQ%3D%3D,data/raw/oil_india/tenders/detail_pages/GEM_2024_B_4849140.html
GEM_2024_B_4849214,NIT,,https://www.oil-india.com/download-tender-document?ten_detail=NkU2MW9HaksrUk8zMlFjPQ%3D%3D,data/raw/oil_india/tenders/detail_pages/GEM_2024_B_4849214.html
GEM_2024_B_4850279,NIT,,https://www.oil-india.com/download-tender-document?ten_detail=NkU2M29HaksrUk8zMlFjPQ%3D%3D,data/raw/oil_india/tenders/detail_pages/GEM_2024_B_4850279.html
GEM_2024_B_4851353,NIT,,https://www.oil-india.com/download-tender-document?ten_detail=NkU2eW9HaksrUk8zMlFjPQ%3D%3D,data/raw/oil_india/tenders/detail_pages/GEM_2024_B_4851353.html
GEM_2024_B_4851984,NIT,,https://www.oil-india.com/download-tender-document?ten_detail=N2tTMG9HaksrUk8zMlFjPQ%3D%3D,data/raw/oil_india/tenders/detail_pages/GEM_2024_B_4851984.html
GEM_2024_B_4853339,NIT,,https://www.oil-india.com/download-tender-document?ten_detail=NzBPMW9HaksrUk8zMlFjPQ%3D%3D,data/raw/oil_india/tenders/detail_pages/GEM_2024_B_4853339.html
GEM_2024_B_4854852,NIT,,https://www.oil-india.com/download-tender-document?ten_detail=N2tXK29HaksrUk8zMlFjPQ%3D%3D,data/raw/oil_india/tenders/detail_pages/GEM_2024_B_4854852.html
GEM_2024_B_4855145,NIT,,https://www.oil-india.com/download-tender-document?ten_detail=NzBhMG9HaksrUk8zMlFjPQ%3D%3D,data/raw/oil_india/tenders/detail_pages/GEM_2024_B_4855145.html
GEM_2024_B_4855448,NIT,,https://www.oil-india.com/download-tender-document?ten_detail=N2tleG9HaksrUk8zMlFjPQ%3D%3D,data/raw/oil_india/tenders/detail_pages/GEM_2024_B_4855448.html
GEM_2024_B_4856444,NIT,,https://www.oil-india.com/download-tender-document?ten_detail=NzBHK29HaksrUk8zMlFjPQ%3D%3D,data/raw/oil_india/tenders/detail_pages/GEM_2024_B_4856444.html
GEM_2024_B_4856672,NIT,,https://www.oil-india.com/download-tender-document?ten_detail=NzBHMW9HaksrUk8zMlFjPQ%3D%3D,data/raw/oil_india/tenders/detail_pages/GEM_2024_B_4856672.html
GEM_2024_B_4857011,NIT,,https://www.oil-india.com/download-tender-document?ten_detail=N2tTMm9HaksrUk8zMlFjPQ%3D%3D,data/raw/oil_india/tenders/detail_pages/GEM_2024_B_4857011.html
GEM_2024_B_4857117,NIT,,https://www.oil-india.com/download-tender-document?ten_detail=N2tXL29HaksrUk8zMlFjPQ%3D%3D,data/raw/oil_india/tenders/detail_pages/GEM_2024_B_4857117.html
GEM_2024_B_4857146,NIT,,https://www.oil-india.com/download-tender-document?ten_detail=N2tXeG9HaksrUk8zMlFjPQ%3D%3D,data/raw/oil_india/tenders/detail_pages/GEM_2024_B_4857146.html
GEM_2024_B_4858983,NIT,,https://www.oil-india.com/download-tender-document?ten_detail=N2tXMG9HaksrUk8zMlFjPQ%3D%3D,data/raw/oil_india/tenders/detail_pages/GEM_2024_B_4858983.html
GEM_2024_B_4861123,NIT,,https://www.oil-india.com/download-tender-document?ten_detail=NzBHMm9HaksrUk8zMlFjPQ%3D%3D,data/raw/oil_india/tenders/detail_pages/GEM_2024_B_4861123.html
GEM_2024_B_4864001,NIT,,https://www.oil-india.com/download-tender-document?ten_detail=NzA2L29HaksrUk8zMlFjPQ%3D%3D,data/raw/oil_india/tenders/detail_pages/GEM_2024_B_4864001.html
GEM_2024_B_4864222,NIT,,https://www.oil-india.com/download-tender-document?ten_detail=N2tlK29HaksrUk8zMlFjPQ%3D%3D,data/raw/oil_india/tenders/detail_pages/GEM_2024_B_4864222.html
GEM_2024_B_4864500,NIT,,https://www.oil-india.com/download-tender-document?ten_detail=NzArK29HaksrUk8zMlFjPQ%3D%3D,data/raw/oil_india/tenders/detail_pages/GEM_2024_B_4864500.html
GEM_2024_B_4865943,NIT,,https://www.oil-india.com/download-tender-document?ten_detail=NzBleG9HaksrUk8zMlFjPQ%3D%3D,data/raw/oil_india/tenders/detail_pages/GEM_2024_B_4865943.html
GEM_2024_B_4866471,NIT,,https://www.oil-india.com/download-tender-document?ten_detail=NzArMm9HaksrUk8zMlFjPQ%3D%3D,data/raw/oil_india/tenders/detail_pages/GEM_2024_B_4866471.html
GEM_2024_B_4867534,NIT,,https://www.oil-india.com/download-tender-document?ten_detail=NzAreG9HaksrUk8zMlFjPQ%3D%3D,data/raw/oil_india/tenders/detail_pages/GEM_2024_B_4867534.html
GEM_2024_B_4867535,NIT,,https://www.oil-india.com/download-tender-document?ten_detail=NzBleW9HaksrUk8zMlFjPQ%3D%3D,data/raw/oil_india/tenders/detail_pages/GEM_2024_B_4867535.html
GEM_2024_B_4867556,NIT,,https://www.oil-india.com/download-tender-document?ten_detail=NzBDd29HaksrUk8zMlFjPQ%3D%3D,data/raw/oil_india/tenders/detail_pages/GEM_2024_B_4867556.html
GEM_2024_B_4867590,NIT,,https://www.oil-india.com/download-tender-document?ten_detail=NzBDMm9HaksrUk8zMlFjPQ%3D%3D,data/raw/oil_india/tenders/detail_pages/GEM_2024_B_4867590.html
GEM_2024_B_4867636,NIT,,https://www.oil-india.com/download-tender-document?ten_detail=NzBHL29HaksrUk8zMlFjPQ%3D%3D,data/raw/oil_india/tenders/detail_pages/GEM_2024_B_4867636.html
GEM_2024_B_4869272,NIT,,https://www.oil-india.com/download-tender-document?ten_detail=NzBXem9HaksrUk8zMlFjPQ%3D%3D,data/raw/oil_india/tenders/detail_pages/GEM_2024_B_4869272.html
GEM_2024_B_4870737,NIT,,https://www.oil-india.com/download-tender-document?ten_detail=NzBTMG9HaksrUk8zMlFjPQ%3D%3D,data/raw/oil_india/tenders/detail_pages/GEM_2024_B_4870737.html
GEM_2024_B_4873418,NIT,,https://www.oil-india.com/download-tender-document?ten_detail=NkU2L29HaksrUk8zMlFjPQ%3D%3D,data/raw/oil_india/tenders/detail_pages/GEM_2024_B_4873418.html
GEM_2024_B_4873885,NIT,,https://www.oil-india.com/download-tender-document?ten_detail=NzBlMm9HaksrUk8zMlFjPQ%3D%3D,data/raw/oil_india/tenders/detail_pages/GEM_2024_B_4873885.html
GEM_2024_B_4875695,NIT,,https://www.oil-india.com/download-tender-document?ten_detail=NzBDeG9HaksrUk8zMlFjPQ%3D%3D,data/raw/oil_india/tenders/detail_pages/GEM_2024_B_4875695.html
GEM_2024_B_4875717,NIT,,https://www.oil-india.com/download-tender-document?ten_detail=NkU2eG9HaksrUk8zMlFjPQ%3D%3D,data/raw/oil_india/tenders/detail_pages/GEM_2024_B_4875717.html
GEM_2024_B_4880002,NIT,,https://www.oil-india.com/download-tender-document?ten_detail=NzBld29HaksrUk8zMlFjPQ%3D%3D,data/raw/oil_india/tenders/detail_pages/GEM_2024_B_4880002.html
GEM_2024_B_4880140,NIT,,https://www.oil-india.com/download-tender-document?ten_detail=NzBDem9HaksrUk8zMlFjPQ%3D%3D,data/raw/oil_india/tenders/detail_pages/GEM_2024_B_4880140.html
GEM_2024_B_4881122,NIT,,https://www.oil-india.com/download-tender-document?ten_detail=NzBTMW9HaksrUk8zMlFjPQ%3D%3D,data/raw/oil_india/tenders/detail_pages/GEM_2024_B_4881122.html
GEM_2024_B_4882818,NIT,,https://www.oil-india.com/download-tender-document?ten_detail=NzBlM29HaksrUk8zMlFjPQ%3D%3D,data/raw/oil_india/tenders/detail_pages/GEM_2024_B_4882818.html
GEM_2024_B_4882942,NIT,,https://www.oil-india.com/download-tender-document?ten_detail=NzBXeG9HaksrUk8zMlFjPQ%3D%3D,data/raw/oil_india/tenders/detail_pages/GEM_2024_B_4882942.html
GEM_2024_B_4884035,NIT,,https://www.oil-india.com/download-tender-document?ten_detail=NzBlMW9HaksrUk8zMlFjPQ%3D%3D,data/raw/oil_india/tenders/detail_pages/GEM_2024_B_4884035.html
GEM_2024_B_4885631,NIT,,https://www.oil-india.com/download-tender-document?ten_detail=NzBXM29HaksrUk8zMlFjPQ%3D%3D,data/raw/oil_india/tenders/detail_pages/GEM_2024_B_4885631.html
GEM_2024_B_4886467,NIT,,https://www.oil-india.com/download-tender-document?ten_detail=NzBXd29HaksrUk8zMlFjPQ%3D%3D,data/raw/oil_india/tenders/detail_pages/GEM_2024_B_4886467.html
GEM_2024_B_4887393,NIT,,https://www.oil-india.com/download-tender-document?ten_detail=NzBheG9HaksrUk8zMlFjPQ%3D%3D,data/raw/oil_india/tenders/detail_pages/GEM_2024_B_4887393.html
GEM_2024_B_4889038,NIT,,https://www.oil-india.com/download-tender-document?ten_detail=NzBTMm9HaksrUk8zMlFjPQ%3D%3D,data/raw/oil_india/tenders/detail_pages/GEM_2024_B_4889038.html
GEM_2024_B_4889407,NIT,,https://www.oil-india.com/download-tender-document?ten_detail=NzBLMW9HaksrUk8zMlFjPQ%3D%3D,data/raw/oil_india/tenders/detail_pages/GEM_2024_B_4889407.html
GEM_2024_B_4889446,NIT,,https://www.oil-india.com/download-tender-document?ten_detail=NzBXMW9HaksrUk8zMlFjPQ%3D%3D,data/raw/oil_india/tenders/detail_pages/GEM_2024_B_4889446.html
GEM_2024_B_4889552,NIT,,https://www.oil-india.com/download-tender-document?ten_detail=NzBPMm9HaksrUk8zMlFjPQ%3D%3D,data/raw/oil_india/tenders/detail_pages/GEM_2024_B_4889552.html
GEM_2024_B_4889885,NIT,,https://www.oil-india.com/download-tender-document?ten_detail=NzBTeW9HaksrUk8zMlFjPQ%3D%3D,data/raw/oil_india/tenders/detail_pages/GEM_2024_B_4889885.html
GEM_2024_B_4889933,NIT,,https://www.oil-india.com/download-tender-document?ten_detail=NzBTL29HaksrUk8zMlFjPQ%3D%3D,data/raw/oil_india/tenders/detail_pages/GEM_2024_B_4889933.html
GEM_2024_B_4890956,NIT,,https://www.oil-india.com/download-tender-document?ten_detail=NzBXL29HaksrUk8zMlFjPQ%3D%3D,data/raw/oil_india/tenders/detail_pages/GEM_2024_B_4890956.html
GEM_2024_B_4892193,NIT,,https://www.oil-india.com/download-tender-document?ten_detail=NzBTeG9HaksrUk8zMlFjPQ%3D%3D,data/raw/oil_india/tenders/detail_pages/GEM_2024_B_4892193.html
GEM_2024_B_4892362,NIT,,https://www.oil-india.com/download-tender-document?ten_detail=NzBTd29HaksrUk8zMlFjPQ%3D%3D,data/raw/oil_india/tenders/detail_pages/GEM_2024_B_4892362.html
GEM_2024_B_4897106,NIT,,https://www.oil-india.com/download-tender-document?ten_detail=NzBLeG9HaksrUk8zMlFjPQ%3D%3D,data/raw/oil_india/tenders/detail_pages/GEM_2024_B_4897106.html
GEM_2024_B_4897165,NIT,,https://www.oil-india.com/download-tender-document?ten_detail=NzArd29HaksrUk8zMlFjPQ%3D%3D,data/raw/oil_india/tenders/detail_pages/GEM_2024_B_4897165.html
GEM_2024_B_4897456,NIT,,https://www.oil-india.com/download-tender-document?ten_detail=NzBPM29HaksrUk8zMlFjPQ%3D%3D,data/raw/oil_india/tenders/detail_pages/GEM_2024_B_4897456.html
GEM_2024_B_4897820,NIT,,https://www.oil-india.com/download-tender-document?ten_detail=NzBLM29HaksrUk8zMlFjPQ%3D%3D,data/raw/oil_india/tenders/detail_pages/GEM_2024_B_4897820.html
GEM_2024_B_4898078,NIT,,https://www.oil-india.com/download-tender-document?ten_detail=NzBPMG9HaksrUk8zMlFjPQ%3D%3D,data/raw/oil_india/tenders/detail_pages/GEM_2024_B_4898078.html
GEM_2024_B_4899064,NIT,,https://www.oil-india.com/download-tender-document?ten_detail=N2tlMG9HaksrUk8zMlFjPQ%3D%3D,data/raw/oil_india/tenders/detail_pages/GEM_2024_B_4899064.html
GEM_2024_B_4899092,NIT,,https://www.oil-india.com/download-tender-document?ten_detail=NzBPeW9HaksrUk8zMlFjPQ%3D%3D,data/raw/oil_india/tenders/detail_pages/GEM_2024_B_4899092.html
GEM_2024_B_4899096,NIT,,https://www.oil-india.com/download-tender-document?ten_detail=NzBLMG9HaksrUk8zMlFjPQ%3D%3D,data/raw/oil_india/tenders/detail_pages/GEM_2024_B_4899096.html
GEM_2024_B_4899168,NIT,,https://www.oil-india.com/download-tender-document?ten_detail=NzBHMG9HaksrUk8zMlFjPQ%3D%3D,data/raw/oil_india/tenders/detail_pages/GEM_2024_B_4899168.html
GEM_2024_B_4899500,NIT,,https://www.oil-india.com/download-tender-document?ten_detail=NzBLd29HaksrUk8zMlFjPQ%3D%3D,data/raw/oil_india/tenders/detail_pages/GEM_2024_B_4899500.html
GEM_2024_B_4900397,NIT,,https://www.oil-india.com/download-tender-document?ten_detail=NzBHeW9HaksrUk8zMlFjPQ%3D%3D,data/raw/oil_india/tenders/detail_pages/GEM_2024_B_4900397.html
GEM_2024_B_4901278,NIT,,https://www.oil-india.com/download-tender-document?ten_detail=NzBLK29HaksrUk8zMlFjPQ%3D%3D,data/raw/oil_india/tenders/detail_pages/GEM_2024_B_4901278.html
GEM_2024_B_4902121,NIT,,https://www.oil-india.com/download-tender-document?ten_detail=NzBPK29HaksrUk8zMlFjPQ%3D%3D,data/raw/oil_india/tenders/detail_pages/GEM_2024_B_4902121.html
GEM_2024_B_4903201,NIT,,https://www.oil-india.com/download-tender-document?ten_detail=NzBLMm9HaksrUk8zMlFjPQ%3D%3D,data/raw/oil_india/tenders/detail_pages/GEM_2024_B_4903201.html
GEM_2024_B_4905838,NIT,,https://www.oil-india.com/download-tender-document?ten_detail=NzBLL29HaksrUk8zMlFjPQ%3D%3D,data/raw/oil_india/tenders/detail_pages/GEM_2024_B_4905838.html
GEM_2024_B_4907736,NIT,,https://www.oil-india.com/download-tender-document?ten_detail=NzBHeG9HaksrUk8zMlFjPQ%3D%3D,data/raw/oil_india/tenders/detail_pages/GEM_2024_B_4907736.html
GEM_2024_B_4907887,NIT,,https://www.oil-india.com/download-tender-document?ten_detail=N2s2M29HaksrUk8zMlFjPQ%3D%3D,data/raw/oil_india/tenders/detail_pages/GEM_2024_B_4907887.html
GEM_2024_B_4909151,NIT,,https://www.oil-india.com/download-tender-document?ten_detail=NzBHem9HaksrUk8zMlFjPQ%3D%3D,data/raw/oil_india/tenders/detail_pages/GEM_2024_B_4909151.html
GEM_2024_B_4911711,NIT,,https://www.oil-india.com/download-tender-document?ten_detail=NzBHM29HaksrUk8zMlFjPQ%3D%3D,data/raw/oil_india/tenders/detail_pages/GEM_2024_B_4911711.html
GEM_2024_B_4912552,NIT,,https://www.oil-india.com/download-tender-document?ten_detail=NzBDK29HaksrUk8zMlFjPQ%3D%3D,data/raw/oil_india/tenders/detail_pages/GEM_2024_B_4912552.html
GEM_2024_B_4913133,NIT,,https://www.oil-india.com/download-tender-document?ten_detail=NzBDMG9HaksrUk8zMlFjPQ%3D%3D,data/raw/oil_india/tenders/detail_pages/GEM_2024_B_4913133.html
GEM_2024_B_4913138,NIT,,https://www.oil-india.com/download-tender-document?ten_detail=NzBDM29HaksrUk8zMlFjPQ%3D%3D,data/raw/oil_india/tenders/detail_pages/GEM_2024_B_4913138.html
GEM_2024_B_4913141,NIT,,https://www.oil-india.com/download-tender-document?ten_detail=N2tLMm9HaksrUk8zMlFjPQ%3D%3D,data/raw/oil_india/tenders/detail_pages/GEM_2024_B_4913141.html
GEM_2024_B_4915894,NIT,,https://www.oil-india.com/download-tender-document?ten_detail=N2tlem9HaksrUk8zMlFjPQ%3D%3D,data/raw/oil_india/tenders/detail_pages/GEM_2024_B_4915894.html
GEM_2024_B_4915899,NIT,,https://www.oil-india.com/download-tender-document?ten_detail=N0U2eW9HaksrUk8zMlFjPQ%3D%3D,data/raw/oil_india/tenders/detail_pages/GEM_2024_B_4915899.html
GEM_2024_B_4915997,NIT,,https://www.oil-india.com/download-tender-document?ten_detail=NzBDMW9HaksrUk8zMlFjPQ%3D%3D,data/raw/oil_india/tenders/detail_pages/GEM_2024_B_4915997.html
GEM_2024_B_4917167,NIT,,https://www.oil-india.com/download-tender-document?ten_detail=N2thMm9HaksrUk8zMlFjPQ%3D%3D,data/raw/oil_india/tenders/detail_pages/GEM_2024_B_4917167.html
GEM_2024_B_4917348,NIT,,https://www.oil-india.com/download-tender-document?ten_detail=N2thM29HaksrUk8zMlFjPQ%3D%3D,data/raw/oil_india/tenders/detail_pages/GEM_2024_B_4917348.html
GEM_2024_B_4917921,NIT,,https://www.oil-india.com/download-tender-document?ten_detail=NzA2MG9HaksrUk8zMlFjPQ%3D%3D,data/raw/oil_india/tenders/detail_pages/GEM_2024_B_4917921.html
GEM_2024_B_4918012,NIT,,https://www.oil-india.com/download-tender-document?ten_detail=NzBDL29HaksrUk8zMlFjPQ%3D%3D,data/raw/oil_india/tenders/detail_pages/GEM_2024_B_4918012.html
GEM_2024_B_4919219,NIT,,https://www.oil-india.com/download-tender-document?ten_detail=NzArL29HaksrUk8zMlFjPQ%3D%3D,data/raw/oil_india/tenders/detail_pages/GEM_2024_B_4919219.html
GEM_2024_B_4919225,NIT,,https://www.oil-india.com/download-tender-document?ten_detail=NzArM29HaksrUk8zMlFjPQ%3D%3D,data/raw/oil_india/tenders/detail_pages/GEM_2024_B_4919225.html
GEM_2024_B_4919320,NIT,,https://www.oil-india.com/download-tender-document?ten_detail=N1VHM29HaksrUk8zMlFjPQ%3D%3D,data/raw/oil_india/tenders/detail_pages/GEM_2024_B_4919320.html
GEM_2024_B_4919615,NIT,,https://www.oil-india.com/download-tender-document?ten_detail=N2tlMW9HaksrUk8zMlFjPQ%3D%3D,data/raw/oil_india/tenders/detail_pages/GEM_2024_B_4919615.html
GEM_2024_B_4920885,NIT,,https://www.oil-india.com/download-tender-document?ten_detail=N2tleW9HaksrUk8zMlFjPQ%3D%3D,data/raw/oil_india/tenders/detail_pages/GEM_2024_B_4920885.html
GEM_2024_B_4921411,NIT,,https://www.oil-india.com/download-tender-document?ten_detail=N2thK29HaksrUk8zMlFjPQ%3D%3D,data/raw/oil_india/tenders/detail_pages/GEM_2024_B_4921411.html
GEM_2024_B_4921530,NIT,,https://www.oil-india.com/download-tender-document?ten_detail=N2theG9HaksrUk8zMlFjPQ%3D%3D,data/raw/oil_india/tenders/detail_pages/GEM_2024_B_4921530.html
GEM_2024_B_4921536,NIT,,https://www.oil-india.com/download-tender-document?ten_detail=NzA2M29HaksrUk8zMlFjPQ%3D%3D,data/raw/oil_india/tenders/detail_pages/GEM_2024_B_4921536.html
GEM_2024_B_4922008,NIT,,https://www.oil-india.com/download-tender-document?ten_detail=N2thd29HaksrUk8zMlFjPQ%3D%3D,data/raw/oil_india/tenders/detail_pages/GEM_2024_B_4922008.html
GEM_2024_B_4922120,NIT,,https://www.oil-india.com/download-tender-document?ten_detail=N2theW9HaksrUk8zMlFjPQ%3D%3D,data/raw/oil_india/tenders/detail_pages/GEM_2024_B_4922120.html
GEM_2024_B_4922759,NIT,,https://www.oil-india.com/download-tender-document?ten_detail=N2tLeG9HaksrUk8zMlFjPQ%3D%3D,data/raw/oil_india/tenders/detail_pages/GEM_2024_B_4922759.html
GEM_2024_B_4922966,NIT,,https://www.oil-india.com/download-tender-document?ten_detail=N2them9HaksrUk8zMlFjPQ%3D%3D,data/raw/oil_india/tenders/detail_pages/GEM_2024_B_4922966.html
GEM_2024_B_4923080,NIT,,https://www.oil-india.com/download-tender-document?ten_detail=N2tPeG9HaksrUk8zMlFjPQ%3D%3D,data/raw/oil_india/tenders/detail_pages/GEM_2024_B_4923080.html
GEM_2024_B_4923151,NIT,,https://www.oil-india.com/download-tender-document?ten_detail=N2tld29HaksrUk8zMlFjPQ%3D%3D,data/raw/oil_india/tenders/detail_pages/GEM_2024_B_4923151.html
GEM_2024_B_4924605,NIT,,https://www.oil-india.com/download-tender-document?ten_detail=N2thMW9HaksrUk8zMlFjPQ%3D%3D,data/raw/oil_india/tenders/detail_pages/GEM_2024_B_4924605.html
GEM_2024_B_4924878,NIT,,https://www.oil-india.com/download-tender-document?ten_detail=N2thMG9HaksrUk8zMlFjPQ%3D%3D,data/raw/oil_india/tenders/detail_pages/GEM_2024_B_4924878.html
GEM_2024_B_4926612,NIT,,https://www.oil-india.com/download-tender-document?ten_detail=N2tPMW9HaksrUk8zMlFjPQ%3D%3D,data/raw/oil_india/tenders/detail_pages/GEM_2024_B_4926612.html
GEM_2024_B_4926621,NIT,,https://www.oil-india.com/download-tender-document?ten_detail=N2tPeW9HaksrUk8zMlFjPQ%3D%3D,data/raw/oil_india/tenders/detail_pages/GEM_2024_B_4926621.html
GEM_2024_B_4928516,NIT,,https://www.oil-india.com/download-tender-document?ten_detail=N2tLM29HaksrUk8zMlFjPQ%3D%3D,data/raw/oil_india/tenders/detail_pages/GEM_2024_B_4928516.html
GEM_2024_B_4930392,NIT,,https://www.oil-india.com/download-tender-document?ten_detail=N2tPL29HaksrUk8zMlFjPQ%3D%3D,data/raw/oil_india/tenders/detail_pages/GEM_2024_B_4930392.html
GEM_2024_B_4932676,NIT,,https://www.oil-india.com/download-tender-document?ten_detail=N2s2eG9HaksrUk8zMlFjPQ%3D%3D,data/raw/oil_india/tenders/detail_pages/GEM_2024_B_4932676.html
GEM_2024_B_4933088,NIT,,https://www.oil-india.com/download-tender-document?ten_detail=N2tLeW9HaksrUk8zMlFjPQ%3D%3D,data/raw/oil_india/tenders/detail_pages/GEM_2024_B_4933088.html
GEM_2024_B_4934061,NIT,,https://www.oil-india.com/download-tender-document?ten_detail=N2tLem9HaksrUk8zMlFjPQ%3D%3D,data/raw/oil_india/tenders/detail_pages/GEM_2024_B_4934061.html
GEM_2024_B_4934787,NIT,,https://www.oil-india.com/download-tender-document?ten_detail=N2tHMm9HaksrUk8zMlFjPQ%3D%3D,data/raw/oil_india/tenders/detail_pages/GEM_2024_B_4934787.html
GEM_2024_B_4935833,NIT,,https://www.oil-india.com/download-tender-document?ten_detail=N2tLK29HaksrUk8zMlFjPQ%3D%3D,data/raw/oil_india/tenders/detail_pages/GEM_2024_B_4935833.html
GEM_2024_B_4938254,NIT,,https://www.oil-india.com/download-tender-document?ten_detail=N2tHM29HaksrUk8zMlFjPQ%3D%3D,data/raw/oil_india/tenders/detail_pages/GEM_2024_B_4938254.html
GEM_2024_B_4938508,NIT,,https://www.oil-india.com/download-tender-document?ten_detail=N2tHMW9HaksrUk8zMlFjPQ%3D%3D,data/raw/oil_india/tenders/detail_pages/GEM_2024_B_4938508.html
GEM_2024_B_4945309,NIT,,https://www.oil-india.com/download-tender-document?ten_detail=N2tDMG9HaksrUk8zMlFjPQ%3D%3D,data/raw/oil_india/tenders/detail_pages/GEM_2024_B_4945309.html
GEM_2024_B_4945697,NIT,,https://www.oil-india.com/download-tender-document?ten_detail=N2tDMm9HaksrUk8zMlFjPQ%3D%3D,data/raw/oil_india/tenders/detail_pages/GEM_2024_B_4945697.html
GEM_2024_B_4948153,NIT,,https://www.oil-india.com/download-tender-document?ten_detail=N2srMG9HaksrUk8zMlFjPQ%3D%3D,data/raw/oil_india/tenders/detail_pages/GEM_2024_B_4948153.html
GEM_2024_B_4950415,NIT,,https://www.oil-india.com/download-tender-document?ten_detail=N2tDK29HaksrUk8zMlFjPQ%3D%3D,data/raw/oil_india/tenders/detail_pages/GEM_2024_B_4950415.html
GEM_2024_B_4950638,NIT,,https://www.oil-india.com/download-tender-document?ten_detail=N2srd29HaksrUk8zMlFjPQ%3D%3D,data/raw/oil_india/tenders/detail_pages/GEM_2024_B_4950638.html
GEM_2024_B_4950832,NIT,,https://www.oil-india.com/download-tender-document?ten_detail=N2tDd29HaksrUk8zMlFjPQ%3D%3D,data/raw/oil_india/tenders/detail_pages/GEM_2024_B_4950832.html
GEM_2024_B_4951333,NIT,,https://www.oil-india.com/download-tender-document?ten_detail=N2tDeG9HaksrUk8zMlFjPQ%3D%3D,data/raw/oil_india/tenders/detail_pages/GEM_2024_B_4951333.html
GEM_2024_B_4952263,NIT,,https://www.oil-india.com/download-tender-document?ten_detail=N2tDL29HaksrUk8zMlFjPQ%3D%3D,data/raw/oil_india/tenders/detail_pages/GEM_2024_B_4952263.html
GEM_2024_B_4952479,NIT,,https://www.oil-india.com/download-tender-document?ten_detail=N2sreG9HaksrUk8zMlFjPQ%3D%3D,data/raw/oil_india/tenders/detail_pages/GEM_2024_B_4952479.html
GEM_2024_B_4952891,NIT,,https://www.oil-india.com/download-tender-document?ten_detail=N2srM29HaksrUk8zMlFjPQ%3D%3D,data/raw/oil_india/tenders/detail_pages/GEM_2024_B_4952891.html
GEM_2024_B_4953890,NIT,,https://www.oil-india.com/download-tender-document?ten_detail=N1VPd29HaksrUk8zMlFjPQ%3D%3D,data/raw/oil_india/tenders/detail_pages/GEM_2024_B_4953890.html
GEM_2024_B_4954071,NIT,,https://www.oil-india.com/download-tender-document?ten_detail=N1VlMG9HaksrUk8zMlFjPQ%3D%3D,data/raw/oil_india/tenders/detail_pages/GEM_2024_B_4954071.html
GEM_2024_B_4954851,NIT,,https://www.oil-india.com/download-tender-document?ten_detail=N2s2L29HaksrUk8zMlFjPQ%3D%3D,data/raw/oil_india/tenders/detail_pages/GEM_2024_B_4954851.html
GEM_2024_B_4956344,NIT,,https://www.oil-india.com/download-tender-document?ten_detail=N2srMm9HaksrUk8zMlFjPQ%3D%3D,data/raw/oil_india/tenders/detail_pages/GEM_2024_B_4956344.html
GEM_2024_B_4957102,NIT,,https://www.oil-india.com/download-tender-document?ten_detail=N2srMW9HaksrUk8zMlFjPQ%3D%3D,data/raw/oil_india/tenders/detail_pages/GEM_2024_B_4957102.html
GEM_2024_B_4957112,NIT,,https://www.oil-india.com/download-tender-document?ten_detail=N1VlM29HaksrUk8zMlFjPQ%3D%3D,data/raw/oil_india/tenders/detail_pages/GEM_2024_B_4957112.html
GEM_2024_B_4957119,NIT,,https://www.oil-india.com/download-tender-document?ten_detail=N1VlMW9HaksrUk8zMlFjPQ%3D%3D,data/raw/oil_india/tenders/detail_pages/GEM_2024_B_4957119.html
GEM_2024_B_4957392,NIT,,https://www.oil-india.com/download-tender-document?ten_detail=N2s2d29HaksrUk8zMlFjPQ%3D%3D,data/raw/oil_india/tenders/detail_pages/GEM_2024_B_4957392.html
GEM_2024_B_4962074,NIT,,https://www.oil-india.com/download-tender-document?ten_detail=N1VlMm9HaksrUk8zMlFjPQ%3D%3D,data/raw/oil_india/tenders/detail_pages/GEM_2024_B_4962074.html
GEM_2024_B_4962202,NIT,,https://www.oil-india.com/download-tender-document?ten_detail=NDBHMG9HaksrUk8zMlFjPQ%3D%3D,data/raw/oil_india/tenders/detail_pages/GEM_2024_B_4962202.html
GEM_2024_B_4964719,NIT,,https://www.oil-india.com/download-tender-document?ten_detail=N2s2em9HaksrUk8zMlFjPQ%3D%3D,data/raw/oil_india/tenders/detail_pages/GEM_2024_B_4964719.html
GEM_2024_B_4964892,NIT,,https://www.oil-india.com/download-tender-document?ten_detail=N2s2Mm9HaksrUk8zMlFjPQ%3D%3D,data/raw/oil_india/tenders/detail_pages/GEM_2024_B_4964892.html
GEM_2024_B_4965205,NIT,,https://www.oil-india.com/download-tender-document?ten_detail=N2s2MG9HaksrUk8zMlFjPQ%3D%3D,data/raw/oil_india/tenders/detail_pages/GEM_2024_B_4965205.html
GEM_2024_B_4967137,NIT,,https://www.oil-india.com/download-tender-document?ten_detail=N2s2MW9HaksrUk8zMlFjPQ%3D%3D,data/raw/oil_india/tenders/detail_pages/GEM_2024_B_4967137.html
GEM_2024_B_4967208,NIT,,https://www.oil-india.com/download-tender-document?ten_detail=N1VlK29HaksrUk8zMlFjPQ%3D%3D,data/raw/oil_india/tenders/detail_pages/GEM_2024_B_4967208.html
GEM_2024_B_4969550,NIT,,https://www.oil-india.com/download-tender-document?ten_detail=N2s2K29HaksrUk8zMlFjPQ%3D%3D,data/raw/oil_india/tenders/detail_pages/GEM_2024_B_4969550.html
GEM_2024_B_4970361,NIT,,https://www.oil-india.com/download-tender-document?ten_detail=N1VPMG9HaksrUk8zMlFjPQ%3D%3D,data/raw/oil_india/tenders/detail_pages/GEM_2024_B_4970361.html
GEM_2024_B_4971099,NIT,,https://www.oil-india.com/download-tender-document?ten_detail=N1VTem9HaksrUk8zMlFjPQ%3D%3D,data/raw/oil_india/tenders/detail_pages/GEM_2024_B_4971099.html
GEM_2024_B_4971508,NIT,,https://www.oil-india.com/download-tender-document?ten_detail=N1VleG9HaksrUk8zMlFjPQ%3D%3D,data/raw/oil_india/tenders/detail_pages/GEM_2024_B_4971508.html
GEM_2024_B_4971901,NIT,,https://www.oil-india.com/download-tender-document?ten_detail=N1VXd29HaksrUk8zMlFjPQ%3D%3D,data/raw/oil_india/tenders/detail_pages/GEM_2024_B_4971901.html
GEM_2024_B_4973592,NIT,,https://www.oil-india.com/download-tender-document?ten_detail=N1VleW9HaksrUk8zMlFjPQ%3D%3D,data/raw/oil_india/tenders/detail_pages/GEM_2024_B_4973592.html
GEM_2024_B_4974621,NIT,,https://www.oil-india.com/download-tender-document?ten_detail=N1Vlem9HaksrUk8zMlFjPQ%3D%3D,data/raw/oil_india/tenders/detail_pages/GEM_2024_B_4974621.html
GEM_2024_B_4974809,NIT,,https://www.oil-india.com/download-tender-document?ten_detail=N1VhMG9HaksrUk8zMlFjPQ%3D%3D,data/raw/oil_india/tenders/detail_pages/GEM_2024_B_4974809.html
GEM_2024_B_4975447,NIT,,https://www.oil-india.com/download-tender-document?ten_detail=N1VhMm9HaksrUk8zMlFjPQ%3D%3D,data/raw/oil_india/tenders/detail_pages/GEM_2024_B_4975447.html
GEM_2024_B_4975454,NIT,,https://www.oil-india.com/download-tender-document?ten_detail=N1VTeW9HaksrUk8zMlFjPQ%3D%3D,data/raw/oil_india/tenders/detail_pages/GEM_2024_B_4975454.html
GEM_2024_B_4975690,NIT,,https://www.oil-india.com/download-tender-document?ten_detail=N1VlL29HaksrUk8zMlFjPQ%3D%3D,data/raw/oil_india/tenders/detail_pages/GEM_2024_B_4975690.html
GEM_2024_B_4978012,NIT,,https://www.oil-india.com/download-tender-document?ten_detail=N1VhL29HaksrUk8zMlFjPQ%3D%3D,data/raw/oil_india/tenders/detail_pages/GEM_2024_B_4978012.html
GEM_2024_B_4982235,NIT,,https://www.oil-india.com/download-tender-document?ten_detail=N1VXMm9HaksrUk8zMlFjPQ%3D%3D,data/raw/oil_india/tenders/detail_pages/GEM_2024_B_4982235.html
GEM_2024_B_4984029,NIT,,https://www.oil-india.com/download-tender-document?ten_detail=N1VXM29HaksrUk8zMlFjPQ%3D%3D,data/raw/oil_india/tenders/detail_pages/GEM_2024_B_4984029.html
GEM_2024_B_4984635,NIT,,https://www.oil-india.com/download-tender-document?ten_detail=NDBXK29HaksrUk8zMlFjPQ%3D%3D,data/raw/oil_india/tenders/detail_pages/GEM_2024_B_4984635.html
GEM_2024_B_4985162,NIT,,https://www.oil-india.com/download-tender-document?ten_detail=N1VXMG9HaksrUk8zMlFjPQ%3D%3D,data/raw/oil_india/tenders/detail_pages/GEM_2024_B_4985162.html
GEM_2024_B_4986227,NIT,,https://www.oil-india.com/download-tender-document?ten_detail=N1VLM29HaksrUk8zMlFjPQ%3D%3D,data/raw/oil_india/tenders/detail_pages/GEM_2024_B_4986227.html
GEM_2024_B_4988958,NIT,,https://www.oil-india.com/download-tender-document?ten_detail=N1VPeW9HaksrUk8zMlFjPQ%3D%3D,data/raw/oil_india/tenders/detail_pages/GEM_2024_B_4988958.html
GEM_2024_B_4990020,NIT,,https://www.oil-india.com/download-tender-document?ten_detail=N1VXMW9HaksrUk8zMlFjPQ%3D%3D,data/raw/oil_india/tenders/detail_pages/GEM_2024_B_4990020.html
GEM_2024_B_4990483,NIT,,https://www.oil-india.com/download-tender-document?ten_detail=N1VXeW9HaksrUk8zMlFjPQ%3D%3D,data/raw/oil_india/tenders/detail_pages/GEM_2024_B_4990483.html
GEM_2024_B_4990513,NIT,,https://www.oil-india.com/download-tender-document?ten_detail=N1VLMm9HaksrUk8zMlFjPQ%3D%3D,data/raw/oil_india/tenders/detail_pages/GEM_2024_B_4990513.html
GEM_2024_B_4990579,NIT,,https://www.oil-india.com/download-tender-document?ten_detail=N1VXem9HaksrUk8zMlFjPQ%3D%3D,data/raw/oil_india/tenders/detail_pages/GEM_2024_B_4990579.html
GEM_2024_B_4992415,NIT,,https://www.oil-india.com/download-tender-document?ten_detail=N1VXK29HaksrUk8zMlFjPQ%3D%3D,data/raw/oil_india/tenders/detail_pages/GEM_2024_B_4992415.html
GEM_2024_B_4992544,NIT,,https://www.oil-india.com/download-tender-document?ten_detail=NDBXeW9HaksrUk8zMlFjPQ%3D%3D,data/raw/oil_india/tenders/detail_pages/GEM_2024_B_4992544.html
GEM_2024_B_4992650,NIT,,https://www.oil-india.com/download-tender-document?ten_detail=N1VTMm9HaksrUk8zMlFjPQ%3D%3D,data/raw/oil_india/tenders/detail_pages/GEM_2024_B_4992650.html
GEM_2024_B_4992770,NIT,,https://www.oil-india.com/download-tender-document?ten_detail=N1VXeG9HaksrUk8zMlFjPQ%3D%3D,data/raw/oil_india/tenders/detail_pages/GEM_2024_B_4992770.html
GEM_2024_B_4994989,NIT,,https://www.oil-india.com/download-tender-document?ten_detail=N1VTK29HaksrUk8zMlFjPQ%3D%3D,data/raw/oil_india/tenders/detail_pages/GEM_2024_B_4994989.html
GEM_2024_B_4996474,NIT,,https://www.oil-india.com/download-tender-document?ten_detail=N1VTMW9HaksrUk8zMlFjPQ%3D%3D,data/raw/oil_india/tenders/detail_pages/GEM_2024_B_4996474.html
GEM_2024_B_4996606,NIT,,https://www.oil-india.com/download-tender-document?ten_detail=NDBXem9HaksrUk8zMlFjPQ%3D%3D,data/raw/oil_india/tenders/detail_pages/GEM_2024_B_4996606.html
GEM_2024_B_4996933,NIT,,https://www.oil-india.com/download-tender-document?ten_detail=NDBHMm9HaksrUk8zMlFjPQ%3D%3D,data/raw/oil_india/tenders/detail_pages/GEM_2024_B_4996933.html
GEM_2024_B_4998599,NIT,,https://www.oil-india.com/download-tender-document?ten_detail=N1VPMW9HaksrUk8zMlFjPQ%3D%3D,data/raw/oil_india/tenders/detail_pages/GEM_2024_B_4998599.html
GEM_2024_B_4998647,NIT,,https://www.oil-india.com/download-tender-document?ten_detail=N1VTeG9HaksrUk8zMlFjPQ%3D%3D,data/raw/oil_india/tenders/detail_pages/GEM_2024_B_4998647.html
GEM_2024_B_4998900,NIT,,https://www.oil-india.com/download-tender-document?ten_detail=NDBXeG9HaksrUk8zMlFjPQ%3D%3D,data/raw/oil_india/tenders/detail_pages/GEM_2024_B_4998900.html
GEM_2024_B_4999538,NIT,,https://www.oil-india.com/download-tender-document?ten_detail=N1VHMG9HaksrUk8zMlFjPQ%3D%3D,data/raw/oil_india/tenders/detail_pages/GEM_2024_B_4999538.html
GEM_2024_B_4999722,NIT,,https://www.oil-india.com/download-tender-document?ten_detail=N1VPM29HaksrUk8zMlFjPQ%3D%3D,data/raw/oil_india/tenders/detail_pages/GEM_2024_B_4999722.html
GEM_2024_B_5002478,NIT,,https://www.oil-india.com/download-tender-document?ten_detail=N1VPem9HaksrUk8zMlFjPQ%3D%3D,data/raw/oil_india/tenders/detail_pages/GEM_2024_B_5002478.html
GEM_2024_B_5002715,NIT,,https://www.oil-india.com/download-tender-document?ten_detail=N1VDeW9HaksrUk8zMlFjPQ%3D%3D,data/raw/oil_india/tenders/detail_pages/GEM_2024_B_5002715.html
GEM_2024_B_5002780,NIT,,https://www.oil-india.com/download-tender-document?ten_detail=N1VLMG9HaksrUk8zMlFjPQ%3D%3D,data/raw/oil_india/tenders/detail_pages/GEM_2024_B_5002780.html
GEM_2024_B_5004832,NIT,,https://www.oil-india.com/download-tender-document?ten_detail=N1VPK29HaksrUk8zMlFjPQ%3D%3D,data/raw/oil_india/tenders/detail_pages/GEM_2024_B_5004832.html
GEM_2024_B_5005239,NIT,,https://www.oil-india.com/download-tender-document?ten_detail=N1VPL29HaksrUk8zMlFjPQ%3D%3D,data/raw/oil_india/tenders/detail_pages/GEM_2024_B_5005239.html
GEM_2024_B_5005538,NIT,,https://www.oil-india.com/download-tender-document?ten_detail=N1VLeG9HaksrUk8zMlFjPQ%3D%3D,data/raw/oil_india/tenders/detail_pages/GEM_2024_B_5005538.html
GEM_2024_B_5005834,NIT,,https://www.oil-india.com/download-tender-document?ten_detail=N1VLd29HaksrUk8zMlFjPQ%3D%3D,data/raw/oil_india/tenders/detail_pages/GEM_2024_B_5005834.html
GEM_2024_B_5007917,NIT,,https://www.oil-india.com/download-tender-document?ten_detail=N1VLMW9HaksrUk8zMlFjPQ%3D%3D,data/raw/oil_india/tenders/detail_pages/GEM_2024_B_5007917.html
GEM_2024_B_5009223,NIT,,https://www.oil-india.com/download-tender-document?ten_detail=N1VLeW9HaksrUk8zMlFjPQ%3D%3D,data/raw/oil_india/tenders/detail_pages/GEM_2024_B_5009223.html
GEM_2024_B_5013080,NIT,,https://www.oil-india.com/download-tender-document?ten_detail=NmtheXV5SEw2RXFyMlFXdg%3D%3D,data/raw/oil_india/tenders/detail_pages/GEM_2024_B_5013080.html
GEM_2024_B_5013278,NIT,,https://www.oil-india.com/download-tender-document?ten_detail=N1VHeW9HaksrUk8zMlFjPQ%3D%3D,data/raw/oil_india/tenders/detail_pages/GEM_2024_B_5013278.html
GEM_2024_B_5013553,NIT,,https://www.oil-india.com/download-tender-document?ten_detail=N1VDMm9HaksrUk8zMlFjPQ%3D%3D,data/raw/oil_india/tenders/detail_pages/GEM_2024_B_5013553.html
GEM_2024_B_5013769,NIT,,https://www.oil-india.com/download-tender-document?ten_detail=N1VHL29HaksrUk8zMlFjPQ%3D%3D,data/raw/oil_india/tenders/detail_pages/GEM_2024_B_5013769.html
GEM_2024_B_5015343,NIT,,https://www.oil-india.com/download-tender-document?ten_detail=N1VDd29HaksrUk8zMlFjPQ%3D%3D,data/raw/oil_india/tenders/detail_pages/GEM_2024_B_5015343.html
GEM_2024_B_5016153,NIT,,https://www.oil-india.com/download-tender-document?ten_detail=N1VDMW9HaksrUk8zMlFjPQ%3D%3D,data/raw/oil_india/tenders/detail_pages/GEM_2024_B_5016153.html
GEM_2024_B_5016379,NIT,,https://www.oil-india.com/download-tender-document?ten_detail=N1VHK29HaksrUk8zMlFjPQ%3D%3D,data/raw/oil_india/tenders/detail_pages/GEM_2024_B_5016379.html
GEM_2024_B_5021942,NIT,,https://www.oil-india.com/download-tender-document?ten_detail=N0VLMm9HaksrUk8zMlFjPQ%3D%3D,data/raw/oil_india/tenders/detail_pages/GEM_2024_B_5021942.html
GEM_2024_B_5021990,NIT,,https://www.oil-india.com/download-tender-document?ten_detail=N1UrL29HaksrUk8zMlFjPQ%3D%3D,data/raw/oil_india/tenders/detail_pages/GEM_2024_B_5021990.html
GEM_2024_B_5024228,NIT,,https://www.oil-india.com/download-tender-document?ten_detail=N1UrMm9HaksrUk8zMlFjPQ%3D%3D,data/raw/oil_india/tenders/detail_pages/GEM_2024_B_5024228.html
GEM_2024_B_5025165,NIT,,https://www.oil-india.com/download-tender-document?ten_detail=N1VDL29HaksrUk8zMlFjPQ%3D%3D,data/raw/oil_india/tenders/detail_pages/GEM_2024_B_5025165.html
GEM_2024_B_5025288,NIT,,https://www.oil-india.com/download-tender-document?ten_detail=N1VDeG9HaksrUk8zMlFjPQ%3D%3D,data/raw/oil_india/tenders/detail_pages/GEM_2024_B_5025288.html
GEM_2024_B_5026264,NIT,,https://www.oil-india.com/download-tender-document?ten_detail=N1VDK29HaksrUk8zMlFjPQ%3D%3D,data/raw/oil_india/tenders/detail_pages/GEM_2024_B_5026264.html
GEM_2024_B_5026806,NIT,,https://www.oil-india.com/download-tender-document?ten_detail=N1Urem9HaksrUk8zMlFjPQ%3D%3D,data/raw/oil_india/tenders/detail_pages/GEM_2024_B_5026806.html
GEM_2024_B_5030308,NIT,,https://www.oil-india.com/download-tender-document?ten_detail=N0VXMm9HaksrUk8zMlFjPQ%3D%3D,data/raw/oil_india/tenders/detail_pages/GEM_2024_B_5030308.html
GEM_2024_B_5032037,NIT,,https://www.oil-india.com/download-tender-document?ten_detail=N1Urd29HaksrUk8zMlFjPQ%3D%3D,data/raw/oil_india/tenders/detail_pages/GEM_2024_B_5032037.html
GEM_2024_B_5032795,NIT,,https://www.oil-india.com/download-tender-document?ten_detail=N1U2L29HaksrUk8zMlFjPQ%3D%3D,data/raw/oil_india/tenders/detail_pages/GEM_2024_B_5032795.html
GEM_2024_B_5034751,NIT,,https://www.oil-india.com/download-tender-document?ten_detail=N1U2Mm9HaksrUk8zMlFjPQ%3D%3D,data/raw/oil_india/tenders/detail_pages/GEM_2024_B_5034751.html
GEM_2024_B_5034761,NIT,,https://www.oil-india.com/download-tender-document?ten_detail=N0Vld29HaksrUk8zMlFjPQ%3D%3D,data/raw/oil_india/tenders/detail_pages/GEM_2024_B_5034761.html
GEM_2024_B_5039020,NIT,,https://www.oil-india.com/download-tender-document?ten_detail=N1U2d29HaksrUk8zMlFjPQ%3D%3D,data/raw/oil_india/tenders/detail_pages/GEM_2024_B_5039020.html
GEM_2024_B_5039485,NIT,,https://www.oil-india.com/download-tender-document?ten_detail=N1U2eG9HaksrUk8zMlFjPQ%3D%3D,data/raw/oil_india/tenders/detail_pages/GEM_2024_B_5039485.html
GEM_2024_B_5039626,NIT,,https://www.oil-india.com/download-tender-document?ten_detail=N0VlM29HaksrUk8zMlFjPQ%3D%3D,data/raw/oil_india/tenders/detail_pages/GEM_2024_B_5039626.html
GEM_2024_B_5040271,NIT,,https://www.oil-india.com/download-tender-document?ten_detail=N0VlK29HaksrUk8zMlFjPQ%3D%3D,data/raw/oil_india/tenders/detail_pages/GEM_2024_B_5040271.html
GEM_2024_B_5041548,NIT,,https://www.oil-india.com/download-tender-document?ten_detail=N0VlMm9HaksrUk8zMlFjPQ%3D%3D,data/raw/oil_india/tenders/detail_pages/GEM_2024_B_5041548.html
GEM_2024_B_5042015,NIT,,https://www.oil-india.com/download-tender-document?ten_detail=N0Vlem9HaksrUk8zMlFjPQ%3D%3D,data/raw/oil_india/tenders/detail_pages/GEM_2024_B_5042015.html
GEM_2024_B_5042644,NIT,,https://www.oil-india.com/download-tender-document?ten_detail=NGtlM29HaksrUk8zMlFjPQ%3D%3D,data/raw/oil_india/tenders/detail_pages/GEM_2024_B_5042644.html
GEM_2024_B_5042819,NIT,,https://www.oil-india.com/download-tender-document?ten_detail=N0VPK29HaksrUk8zMlFjPQ%3D%3D,data/raw/oil_india/tenders/detail_pages/GEM_2024_B_5042819.html
GEM_2024_B_5044606,NIT,,https://www.oil-india.com/download-tender-document?ten_detail=N0VleG9HaksrUk8zMlFjPQ%3D%3D,data/raw/oil_india/tenders/detail_pages/GEM_2024_B_5044606.html
GEM_2024_B_5046646,NIT,,https://www.oil-india.com/download-tender-document?ten_detail=N0VhMm9HaksrUk8zMlFjPQ%3D%3D,data/raw/oil_india/tenders/detail_pages/GEM_2024_B_5046646.html
GEM_2024_B_5049313,NIT,,https://www.oil-india.com/download-tender-document?ten_detail=N0VlL29HaksrUk8zMlFjPQ%3D%3D,data/raw/oil_india/tenders/detail_pages/GEM_2024_B_5049313.html
GEM_2024_B_5049802,NIT,,https://www.oil-india.com/download-tender-document?ten_detail=N0VXK29HaksrUk8zMlFjPQ%3D%3D,data/raw/oil_india/tenders/detail_pages/GEM_2024_B_5049802.html
GEM_2024_B_5049991,NIT,,https://www.oil-india.com/download-tender-document?ten_detail=N0VXeG9HaksrUk8zMlFjPQ%3D%3D,data/raw/oil_india/tenders/detail_pages/GEM_2024_B_5049991.html
GEM_2024_B_5051406,NIT,,https://www.oil-india.com/download-tender-document?ten_detail=N0VhL29HaksrUk8zMlFjPQ%3D%3D,data/raw/oil_india/tenders/detail_pages/GEM_2024_B_5051406.html
GEM_2024_B_5053717,NIT,,https://www.oil-india.com/download-tender-document?ten_detail=N0VhM29HaksrUk8zMlFjPQ%3D%3D,data/raw/oil_india/tenders/detail_pages/GEM_2024_B_5053717.html
GEM_2024_B_5053774,NIT,,https://www.oil-india.com/download-tender-document?ten_detail=N0VhMG9HaksrUk8zMlFjPQ%3D%3D,data/raw/oil_india/tenders/detail_pages/GEM_2024_B_5053774.html
GEM_2024_B_5054278,NIT,,https://www.oil-india.com/download-tender-document?ten_detail=N0VTeG9HaksrUk8zMlFjPQ%3D%3D,data/raw/oil_india/tenders/detail_pages/GEM_2024_B_5054278.html
GEM_2024_B_5054871,NIT,,https://www.oil-india.com/download-tender-document?ten_detail=N0Vhd29HaksrUk8zMlFjPQ%3D%3D,data/raw/oil_india/tenders/detail_pages/GEM_2024_B_5054871.html
GEM_2024_B_5055208,NIT,,https://www.oil-india.com/download-tender-document?ten_detail=NDBLM29HaksrUk8zMlFjPQ%3D%3D,data/raw/oil_india/tenders/detail_pages/GEM_2024_B_5055208.html
GEM_2024_B_5055743,NIT,,https://www.oil-india.com/download-tender-document?ten_detail=N0VTMm9HaksrUk8zMlFjPQ%3D%3D,data/raw/oil_india/tenders/detail_pages/GEM_2024_B_5055743.html
GEM_2024_B_5056042,NIT,,https://www.oil-india.com/download-tender-document?ten_detail=N0VheG9HaksrUk8zMlFjPQ%3D%3D,data/raw/oil_india/tenders/detail_pages/GEM_2024_B_5056042.html
GEM_2024_B_5060377,NIT,,https://www.oil-india.com/download-tender-document?ten_detail=N0VhK29HaksrUk8zMlFjPQ%3D%3D,data/raw/oil_india/tenders/detail_pages/GEM_2024_B_5060377.html
GEM_2024_B_5060710,NIT,,https://www.oil-india.com/download-tender-document?ten_detail=NmtheXVDSEw2RXFyMlFXdg%3D%3D,data/raw/oil_india/tenders/detail_pages/GEM_2024_B_5060710.html
GEM_2024_B_5061487,NIT,,https://www.oil-india.com/download-tender-document?ten_detail=N0VXeW9HaksrUk8zMlFjPQ%3D%3D,data/raw/oil_india/tenders/detail_pages/GEM_2024_B_5061487.html
GEM_2024_B_5062334,NIT,,https://www.oil-india.com/download-tender-document?ten_detail=N0VDL29HaksrUk8zMlFjPQ%3D%3D,data/raw/oil_india/tenders/detail_pages/GEM_2024_B_5062334.html
GEM_2024_B_5064938,NIT,,https://www.oil-india.com/download-tender-document?ten_detail=N0VTK29HaksrUk8zMlFjPQ%3D%3D,data/raw/oil_india/tenders/detail_pages/GEM_2024_B_5064938.html
GEM_2024_B_5067422,NIT,,https://www.oil-india.com/download-tender-document?ten_detail=N0VTM29HaksrUk8zMlFjPQ%3D%3D,data/raw/oil_india/tenders/detail_pages/GEM_2024_B_5067422.html
GEM_2024_B_5068403,NIT,,https://www.oil-india.com/download-tender-document?ten_detail=N0VTMW9HaksrUk8zMlFjPQ%3D%3D,data/raw/oil_india/tenders/detail_pages/GEM_2024_B_5068403.html
GEM_2024_B_5070168,NIT,,https://www.oil-india.com/download-tender-document?ten_detail=N0VTd29HaksrUk8zMlFjPQ%3D%3D,data/raw/oil_india/tenders/detail_pages/GEM_2024_B_5070168.html
GEM_2024_B_5073856,NIT,,https://www.oil-india.com/download-tender-document?ten_detail=N0VLem9HaksrUk8zMlFjPQ%3D%3D,data/raw/oil_india/tenders/detail_pages/GEM_2024_B_5073856.html
GEM_2024_B_5073918,NIT,,https://www.oil-india.com/download-tender-document?ten_detail=N0VLK29HaksrUk8zMlFjPQ%3D%3D,data/raw/oil_india/tenders/detail_pages/GEM_2024_B_5073918.html
GEM_2024_B_5073973,NIT,,https://www.oil-india.com/download-tender-document?ten_detail=N0VPL29HaksrUk8zMlFjPQ%3D%3D,data/raw/oil_india/tenders/detail_pages/GEM_2024_B_5073973.html
GEM_2024_B_5074227,NIT,,https://www.oil-india.com/download-tender-document?ten_detail=N0VLeW9HaksrUk8zMlFjPQ%3D%3D,data/raw/oil_india/tenders/detail_pages/GEM_2024_B_5074227.html
GEM_2024_B_5074612,NIT,,https://www.oil-india.com/download-tender-document?ten_detail=N0VLM29HaksrUk8zMlFjPQ%3D%3D,data/raw/oil_india/tenders/detail_pages/GEM_2024_B_5074612.html
GEM_2024_B_5076532,NIT,,https://www.oil-india.com/download-tender-document?ten_detail=N0VHem9HaksrUk8zMlFjPQ%3D%3D,data/raw/oil_india/tenders/detail_pages/GEM_2024_B_5076532.html
GEM_2024_B_5076940,NIT,,https://www.oil-india.com/download-tender-document?ten_detail=NmtlenRTSEw2RXFyMmdHdQ%3D%3D,data/raw/oil_india/tenders/detail_pages/GEM_2024_B_5076940.html
GEM_2024_B_5077751,NIT,,https://www.oil-india.com/download-tender-document?ten_detail=NmtlenVpSEw2RXFyMmdHdQ%3D%3D,data/raw/oil_india/tenders/detail_pages/GEM_2024_B_5077751.html
GEM_2024_B_5078990,NIT,,https://www.oil-india.com/download-tender-document?ten_detail=NDBLd29HaksrUk8zMlFjPQ%3D%3D,data/raw/oil_india/tenders/detail_pages/GEM_2024_B_5078990.html
GEM_2024_B_5079890,NIT,,https://www.oil-india.com/download-tender-document?ten_detail=N0VHMW9HaksrUk8zMlFjPQ%3D%3D,data/raw/oil_india/tenders/detail_pages/GEM_2024_B_5079890.html
GEM_2024_B_5080440,NIT,,https://www.oil-india.com/download-tender-document?ten_detail=N0VDem9HaksrUk8zMlFjPQ%3D%3D,data/raw/oil_india/tenders/detail_pages/GEM_2024_B_5080440.html
GEM_2024_B_5082102,NIT,,https://www.oil-india.com/download-tender-document?ten_detail=N0VLeG9HaksrUk8zMlFjPQ%3D%3D,data/raw/oil_india/tenders/detail_pages/GEM_2024_B_5082102.html
GEM_2024_B_5082258,NIT,,https://www.oil-india.com/download-tender-document?ten_detail=N0VDMm9HaksrUk8zMlFjPQ%3D%3D,data/raw/oil_india/tenders/detail_pages/GEM_2024_B_5082258.html
GEM_2024_B_5082361,NIT,,https://www.oil-india.com/download-tender-document?ten_detail=N0VDM29HaksrUk8zMlFjPQ%3D%3D,data/raw/oil_india/tenders/detail_pages/GEM_2024_B_5082361.html
GEM_2024_B_5082479,NIT,,https://www.oil-india.com/download-tender-document?ten_detail=N0VDMW9HaksrUk8zMlFjPQ%3D%3D,data/raw/oil_india/tenders/detail_pages/GEM_2024_B_5082479.html
GEM_2024_B_5082510,NIT,,https://www.oil-india.com/download-tender-document?ten_detail=N0VDeW9HaksrUk8zMlFjPQ%3D%3D,data/raw/oil_india/tenders/detail_pages/GEM_2024_B_5082510.html
GEM_2024_B_5082526,NIT,,https://www.oil-india.com/download-tender-document?ten_detail=N0VDMG9HaksrUk8zMlFjPQ%3D%3D,data/raw/oil_india/tenders/detail_pages/GEM_2024_B_5082526.html
GEM_2024_B_5082580,NIT,,https://www.oil-india.com/download-tender-document?ten_detail=N0VHK29HaksrUk8zMlFjPQ%3D%3D,data/raw/oil_india/tenders/detail_pages/GEM_2024_B_5082580.html
GEM_2024_B_5082597,NIT,,https://www.oil-india.com/download-tender-document?ten_detail=N0VHL29HaksrUk8zMlFjPQ%3D%3D,data/raw/oil_india/tenders/detail_pages/GEM_2024_B_5082597.html
GEM_2024_B_5083094,NIT,,https://www.oil-india.com/download-tender-document?ten_detail=N0VHeW9HaksrUk8zMlFjPQ%3D%3D,data/raw/oil_india/tenders/detail_pages/GEM_2024_B_5083094.html
GEM_2024_B_5083306,NIT,,https://www.oil-india.com/download-tender-document?ten_detail=N0U2em9HaksrUk8zMlFjPQ%3D%3D,data/raw/oil_india/tenders/detail_pages/GEM_2024_B_5083306.html
GEM_2024_B_5085747,NIT,,https://www.oil-india.com/download-tender-document?ten_detail=N0VHeG9HaksrUk8zMlFjPQ%3D%3D,data/raw/oil_india/tenders/detail_pages/GEM_2024_B_5085747.html
GEM_2024_B_5086710,NIT,,https://www.oil-india.com/download-tender-document?ten_detail=N0Urd29HaksrUk8zMlFjPQ%3D%3D,data/raw/oil_india/tenders/detail_pages/GEM_2024_B_5086710.html
GEM_2024_B_5087650,NIT,,https://www.oil-india.com/download-tender-document?ten_detail=N0UreG9HaksrUk8zMlFjPQ%3D%3D,data/raw/oil_india/tenders/detail_pages/GEM_2024_B_5087650.html
GEM_2024_B_5090231,NIT,,https://www.oil-india.com/download-tender-document?ten_detail=N0UrL29HaksrUk8zMlFjPQ%3D%3D,data/raw/oil_india/tenders/detail_pages/GEM_2024_B_5090231.html
GEM_2024_B_5090512,NIT,,https://www.oil-india.com/download-tender-document?ten_detail=NDBld29HaksrUk8zMlFjPQ%3D%3D,data/raw/oil_india/tenders/detail_pages/GEM_2024_B_5090512.html
GEM_2024_B_5091674,NIT,,https://www.oil-india.com/download-tender-document?ten_detail=N0UrK29HaksrUk8zMlFjPQ%3D%3D,data/raw/oil_india/tenders/detail_pages/GEM_2024_B_5091674.html
GEM_2024_B_5092637,NIT,,https://www.oil-india.com/download-tender-document?ten_detail=N0U2d29HaksrUk8zMlFjPQ%3D%3D,data/raw/oil_india/tenders/detail_pages/GEM_2024_B_5092637.html
GEM_2024_B_5092913,NIT,,https://www.oil-india.com/download-tender-document?ten_detail=NDBXM29HaksrUk8zMlFjPQ%3D%3D,data/raw/oil_india/tenders/detail_pages/GEM_2024_B_5092913.html
GEM_2024_B_5094439,NIT,,https://www.oil-india.com/download-tender-document?ten_detail=N0U2K29HaksrUk8zMlFjPQ%3D%3D,data/raw/oil_india/tenders/detail_pages/GEM_2024_B_5094439.html
GEM_2024_B_5097471,NIT,,https://www.oil-india.com/download-tender-document?ten_detail=NDBhMG9HaksrUk8zMlFjPQ%3D%3D,data/raw/oil_india/tenders/detail_pages/GEM_2024_B_5097471.html
GEM_2024_B_5097488,NIT,,https://www.oil-india.com/download-tender-document?ten_detail=NmtlMXRDSEw2RXFyMmdHdQ%3D%3D,data/raw/oil_india/tenders/detail_pages/GEM_2024_B_5097488.html
GEM_2024_B_5097535,NIT,,https://www.oil-india.com/download-tender-document?ten_detail=N0U2L29HaksrUk8zMlFjPQ%3D%3D,data/raw/oil_india/tenders/detail_pages/GEM_2024_B_5097535.html
GEM_2024_B_5098509,NIT,,https://www.oil-india.com/download-tender-document?ten_detail=Nmtld3VpSEw2RXFyMmdHdQ%3D%3D,data/raw/oil_india/tenders/detail_pages/GEM_2024_B_5098509.html
GEM_2024_B_5099199,NIT,,https://www.oil-india.com/download-tender-document?ten_detail=NDBlM29HaksrUk8zMlFjPQ%3D%3D,data/raw/oil_india/tenders/detail_pages/GEM_2024_B_5099199.html
GEM_2024_B_5101436,NIT,,https://www.oil-india.com/download-tender-document?ten_detail=NDBlMW9HaksrUk8zMlFjPQ%3D%3D,data/raw/oil_india/tenders/detail_pages/GEM_2024_B_5101436.html
GEM_2024_B_5101482,NIT,,https://www.oil-india.com/download-tender-document?ten_detail=NDBlMG9HaksrUk8zMlFjPQ%3D%3D,data/raw/oil_india/tenders/detail_pages/GEM_2024_B_5101482.html
GEM_2024_B_5105767,NIT,,https://www.oil-india.com/download-tender-document?ten_detail=NDBhMW9HaksrUk8zMlFjPQ%3D%3D,data/raw/oil_india/tenders/detail_pages/GEM_2024_B_5105767.html
GEM_2024_B_5105776,NIT,,https://www.oil-india.com/download-tender-document?ten_detail=NDBlL29HaksrUk8zMlFjPQ%3D%3D,data/raw/oil_india/tenders/detail_pages/GEM_2024_B_5105776.html
GEM_2024_B_5105781,NIT,,https://www.oil-india.com/download-tender-document?ten_detail=NDBhem9HaksrUk8zMlFjPQ%3D%3D,data/raw/oil_india/tenders/detail_pages/GEM_2024_B_5105781.html
GEM_2024_B_5108889,NIT,,https://www.oil-india.com/download-tender-document?ten_detail=NDBhMm9HaksrUk8zMlFjPQ%3D%3D,data/raw/oil_india/tenders/detail_pages/GEM_2024_B_5108889.html
GEM_2024_B_5109886,NIT,,https://www.oil-india.com/download-tender-document?ten_detail=NDBTMm9HaksrUk8zMlFjPQ%3D%3D,data/raw/oil_india/tenders/detail_pages/GEM_2024_B_5109886.html
GEM_2024_B_5112120,NIT,,https://www.oil-india.com/download-tender-document?ten_detail=NGtLM29HaksrUk8zMlFjPQ%3D%3D,data/raw/oil_india/tenders/detail_pages/GEM_2024_B_5112120.html
GEM_2024_B_5114657,NIT,,https://www.oil-india.com/download-tender-document?ten_detail=NDBXMm9HaksrUk8zMlFjPQ%3D%3D,data/raw/oil_india/tenders/detail_pages/GEM_2024_B_5114657.html
GEM_2024_B_5114892,NIT,,https://www.oil-india.com/download-tender-document?ten_detail=NDBXd29HaksrUk8zMlFjPQ%3D%3D,data/raw/oil_india/tenders/detail_pages/GEM_2024_B_5114892.html
GEM_2024_B_5118625,NIT,,https://www.oil-india.com/download-tender-document?ten_detail=NDBXMG9HaksrUk8zMlFjPQ%3D%3D,data/raw/oil_india/tenders/detail_pages/GEM_2024_B_5118625.html
GEM_2024_B_5118747,NIT,,https://www.oil-india.com/download-tender-document?ten_detail=NDBTMG9HaksrUk8zMlFjPQ%3D%3D,data/raw/oil_india/tenders/detail_pages/GEM_2024_B_5118747.html
GEM_2024_B_5119050,NIT,,https://www.oil-india.com/download-tender-document?ten_detail=NDBXL29HaksrUk8zMlFjPQ%3D%3D,data/raw/oil_india/tenders/detail_pages/GEM_2024_B_5119050.html
GEM_2024_B_5119190,NIT,,https://www.oil-india.com/download-tender-document?ten_detail=NDBLMW9HaksrUk8zMlFjPQ%3D%3D,data/raw/oil_india/tenders/detail_pages/GEM_2024_B_5119190.html
GEM_2024_B_5123468,NIT,,https://www.oil-india.com/download-tender-document?ten_detail=NDBTMW9HaksrUk8zMlFjPQ%3D%3D,data/raw/oil_india/tenders/detail_pages/GEM_2024_B_5123468.html
GEM_2024_B_5125416,NIT,,https://www.oil-india.com/download-tender-document?ten_detail=NDBTeG9HaksrUk8zMlFjPQ%3D%3D,data/raw/oil_india/tenders/detail_pages/GEM_2024_B_5125416.html
GEM_2024_B_5125688,NIT,,https://www.oil-india.com/download-tender-document?ten_detail=NDBTd29HaksrUk8zMlFjPQ%3D%3D,data/raw/oil_india/tenders/detail_pages/GEM_2024_B_5125688.html
GEM_2024_B_5126385,NIT,,https://www.oil-india.com/download-tender-document?ten_detail=NDBTeW9HaksrUk8zMlFjPQ%3D%3D,data/raw/oil_india/tenders/detail_pages/GEM_2024_B_5126385.html
GEM_2024_B_5128293,NIT,,https://www.oil-india.com/download-tender-document?ten_detail=NDBPM29HaksrUk8zMlFjPQ%3D%3D,data/raw/oil_india/tenders/detail_pages/GEM_2024_B_5128293.html
GEM_2024_B_5128297,NIT,,https://www.oil-india.com/download-tender-document?ten_detail=NDBTem9HaksrUk8zMlFjPQ%3D%3D,data/raw/oil_india/tenders/detail_pages/GEM_2024_B_5128297.html
GEM_2024_B_5128498,NIT,,https://www.oil-india.com/download-tender-document?ten_detail=NDBTK29HaksrUk8zMlFjPQ%3D%3D,data/raw/oil_india/tenders/detail_pages/GEM_2024_B_5128498.html
GEM_2024_B_5128923,NIT,,https://www.oil-india.com/download-tender-document?ten_detail=NDBPMm9HaksrUk8zMlFjPQ%3D%3D,data/raw/oil_india/tenders/detail_pages/GEM_2024_B_5128923.html
GEM_2024_B_5129182,NIT,,https://www.oil-india.com/download-tender-document?ten_detail=NGsrMG9HaksrUk8zMlFjPQ%3D%3D,data/raw/oil_india/tenders/detail_pages/GEM_2024_B_5129182.html
GEM_2024_B_5132133,NIT,,https://www.oil-india.com/download-tender-document?ten_detail=NDBPMG9HaksrUk8zMlFjPQ%3D%3D,data/raw/oil_india/tenders/detail_pages/GEM_2024_B_5132133.html
GEM_2024_B_5132936,NIT,,https://www.oil-india.com/download-tender-document?ten_detail=NDBPeG9HaksrUk8zMlFjPQ%3D%3D,data/raw/oil_india/tenders/detail_pages/GEM_2024_B_5132936.html
GEM_2024_B_5132946,NIT,,https://www.oil-india.com/download-tender-document?ten_detail=NDBPK29HaksrUk8zMlFjPQ%3D%3D,data/raw/oil_india/tenders/detail_pages/GEM_2024_B_5132946.html
GEM_2024_B_5133173,NIT,,https://www.oil-india.com/download-tender-document?ten_detail=NDBPem9HaksrUk8zMlFjPQ%3D%3D,data/raw/oil_india/tenders/detail_pages/GEM_2024_B_5133173.html
GEM_2024_B_5133497,NIT,,https://www.oil-india.com/download-tender-document?ten_detail=NDBPd29HaksrUk8zMlFjPQ%3D%3D,data/raw/oil_india/tenders/detail_pages/GEM_2024_B_5133497.html
GEM_2024_B_5137217,NIT,,https://www.oil-india.com/download-tender-document?ten_detail=NDBPL29HaksrUk8zMlFjPQ%3D%3D,data/raw/oil_india/tenders/detail_pages/GEM_2024_B_5137217.html
GEM_2024_B_5137249,NIT,,https://www.oil-india.com/download-tender-document?ten_detail=NDBLMm9HaksrUk8zMlFjPQ%3D%3D,data/raw/oil_india/tenders/detail_pages/GEM_2024_B_5137249.html
GEM_2024_B_5137821,NIT,,https://www.oil-india.com/download-tender-document?ten_detail=NDBHL29HaksrUk8zMlFjPQ%3D%3D,data/raw/oil_india/tenders/detail_pages/GEM_2024_B_5137821.html
GEM_2024_B_5139286,NIT,,https://www.oil-india.com/download-tender-document?ten_detail=NDBHK29HaksrUk8zMlFjPQ%3D%3D,data/raw/oil_india/tenders/detail_pages/GEM_2024_B_5139286.html
GEM_2024_B_5140991,NIT,,https://www.oil-india.com/download-tender-document?ten_detail=NDBLem9HaksrUk8zMlFjPQ%3D%3D,data/raw/oil_india/tenders/detail_pages/GEM_2024_B_5140991.html
GEM_2024_B_5141246,NIT,,https://www.oil-india.com/download-tender-document?ten_detail=NDBHd29HaksrUk8zMlFjPQ%3D%3D,data/raw/oil_india/tenders/detail_pages/GEM_2024_B_5141246.html
GEM_2024_B_5142993,NIT,,https://www.oil-india.com/download-tender-document?ten_detail=NDBLeG9HaksrUk8zMlFjPQ%3D%3D,data/raw/oil_india/tenders/detail_pages/GEM_2024_B_5142993.html
GEM_2024_B_5145188,NIT,,https://www.oil-india.com/download-tender-document?ten_detail=NDBHMW9HaksrUk8zMlFjPQ%3D%3D,data/raw/oil_india/tenders/detail_pages/GEM_2024_B_5145188.html
GEM_2024_B_5145332,NIT,,https://www.oil-india.com/download-tender-document?ten_detail=NDBLL29HaksrUk8zMlFjPQ%3D%3D,data/raw/oil_india/tenders/detail_pages/GEM_2024_B_5145332.html
GEM_2024_B_5145440,NIT,,https://www.oil-india.com/download-tender-document?ten_detail=NDBLK29HaksrUk8zMlFjPQ%3D%3D,data/raw/oil_india/tenders/detail_pages/GEM_2024_B_5145440.html
GEM_2024_B_5145677,NIT,,https://www.oil-india.com/download-tender-document?ten_detail=NDArem9HaksrUk8zMlFjPQ%3D%3D,data/raw/oil_india/tenders/detail_pages/GEM_2024_B_5145677.html
GEM_2024_B_5145714,NIT,,https://www.oil-india.com/download-tender-document?ten_detail=NDBDMm9HaksrUk8zMlFjPQ%3D%3D,data/raw/oil_india/tenders/detail_pages/GEM_2024_B_5145714.html
GEM_2024_B_5145880,NIT,,https://www.oil-india.com/download-tender-document?ten_detail=NDBHeG9HaksrUk8zMlFjPQ%3D%3D,data/raw/oil_india/tenders/detail_pages/GEM_2024_B_5145880.html
GEM_2024_B_5148346,NIT,,https://www.oil-india.com/download-tender-document?ten_detail=NDBHM29HaksrUk8zMlFjPQ%3D%3D,data/raw/oil_india/tenders/detail_pages/GEM_2024_B_5148346.html
GEM_2024_B_5149648,NIT,,https://www.oil-india.com/download-tender-document?ten_detail=NDBHeW9HaksrUk8zMlFjPQ%3D%3D,data/raw/oil_india/tenders/detail_pages/GEM_2024_B_5149648.html
GEM_2024_B_5150788,NIT,,https://www.oil-india.com/download-tender-document?ten_detail=NDBHem9HaksrUk8zMlFjPQ%3D%3D,data/raw/oil_india/tenders/detail_pages/GEM_2024_B_5150788.html
GEM_2024_B_5152851,NIT,,https://www.oil-india.com/download-tender-document?ten_detail=NDBDeW9HaksrUk8zMlFjPQ%3D%3D,data/raw/oil_india/tenders/detail_pages/GEM_2024_B_5152851.html
GEM_2024_B_5153232,NIT,,https://www.oil-india.com/download-tender-document?ten_detail=NDBDMG9HaksrUk8zMlFjPQ%3D%3D,data/raw/oil_india/tenders/detail_pages/GEM_2024_B_5153232.html
GEM_2024_B_5153550,NIT,,https://www.oil-india.com/download-tender-document?ten_detail=NDBDd29HaksrUk8zMlFjPQ%3D%3D,data/raw/oil_india/tenders/detail_pages/GEM_2024_B_5153550.html
GEM_2024_B_5153623,NIT,,https://www.oil-india.com/download-tender-document?ten_detail=NDBDM29HaksrUk8zMlFjPQ%3D%3D,data/raw/oil_india/tenders/detail_pages/GEM_2024_B_5153623.html
GEM_2024_B_5153884,NIT,,https://www.oil-india.com/download-tender-document?ten_detail=NDBDeG9HaksrUk8zMlFjPQ%3D%3D,data/raw/oil_india/tenders/detail_pages/GEM_2024_B_5153884.html
GEM_2024_B_5154403,NIT,,https://www.oil-india.com/download-tender-document?ten_detail=NDBDMW9HaksrUk8zMlFjPQ%3D%3D,data/raw/oil_india/tenders/detail_pages/GEM_2024_B_5154403.html
GEM_2024_B_5156055,NIT,,https://www.oil-india.com/download-tender-document?ten_detail=NDBDem9HaksrUk8zMlFjPQ%3D%3D,data/raw/oil_india/tenders/detail_pages/GEM_2024_B_5156055.html
GEM_2024_B_5156570,NIT,,https://www.oil-india.com/download-tender-document?ten_detail=NDBDK29HaksrUk8zMlFjPQ%3D%3D,data/raw/oil_india/tenders/detail_pages/GEM_2024_B_5156570.html
GEM_2024_B_5156864,NIT,,https://www.oil-india.com/download-tender-document?ten_detail=NDBDL29HaksrUk8zMlFjPQ%3D%3D,data/raw/oil_india/tenders/detail_pages/GEM_2024_B_5156864.html
GEM_2024_B_5157272,NIT,,https://www.oil-india.com/download-tender-document?ten_detail=NDAreW9HaksrUk8zMlFjPQ%3D%3D,data/raw/oil_india/tenders/detail_pages/GEM_2024_B_5157272.html
GEM_2024_B_5157447,NIT,,https://www.oil-india.com/download-tender-document?ten_detail=NDArMm9HaksrUk8zMlFjPQ%3D%3D,data/raw/oil_india/tenders/detail_pages/GEM_2024_B_5157447.html
GEM_2024_B_5160902,NIT,,https://www.oil-india.com/download-tender-document?ten_detail=NGtlL29HaksrUk8zMlFjPQ%3D%3D,data/raw/oil_india/tenders/detail_pages/GEM_2024_B_5160902.html
GEM_2024_B_5168060,NIT,,https://www.oil-india.com/download-tender-document?ten_detail=NDAreG9HaksrUk8zMlFjPQ%3D%3D,data/raw/oil_india/tenders/detail_pages/GEM_2024_B_5168060.html
GEM_2024_B_5170084,NIT,,https://www.oil-india.com/download-tender-document?ten_detail=NDA2K29HaksrUk8zMlFjPQ%3D%3D,data/raw/oil_india/tenders/detail_pages/GEM_2024_B_5170084.html
GEM_2024_B_5172272,NIT,,https://www.oil-india.com/download-tender-document?ten_detail=NDA2em9HaksrUk8zMlFjPQ%3D%3D,data/raw/oil_india/tenders/detail_pages/GEM_2024_B_5172272.html
GEM_2024_B_5173303,NIT,,https://www.oil-india.com/download-tender-document?ten_detail=NGtXem9HaksrUk8zMlFjPQ%3D%3D,data/raw/oil_india/tenders/detail_pages/GEM_2024_B_5173303.html
GEM_2024_B_5175652,NIT,,https://www.oil-india.com/download-tender-document?ten_detail=NGtleW9HaksrUk8zMlFjPQ%3D%3D,data/raw/oil_india/tenders/detail_pages/GEM_2024_B_5175652.html
GEM_2024_B_5176308,NIT,,https://www.oil-india.com/download-tender-document?ten_detail=NGtLd29HaksrUk8zMlFjPQ%3D%3D,data/raw/oil_india/tenders/detail_pages/GEM_2024_B_5176308.html
GEM_2024_B_5178938,NIT,,https://www.oil-india.com/download-tender-document?ten_detail=NGtld29HaksrUk8zMlFjPQ%3D%3D,data/raw/oil_india/tenders/detail_pages/GEM_2024_B_5178938.html
GEM_2024_B_5179199,NIT,,https://www.oil-india.com/download-tender-document?ten_detail=NGthem9HaksrUk8zMlFjPQ%3D%3D,data/raw/oil_india/tenders/detail_pages/GEM_2024_B_5179199.html
GEM_2024_B_5179980,NIT,,https://www.oil-india.com/download-tender-document?ten_detail=NGthMm9HaksrUk8zMlFjPQ%3D%3D,data/raw/oil_india/tenders/detail_pages/GEM_2024_B_5179980.html
GEM_2024_B_5181608,NIT,,https://www.oil-india.com/download-tender-document?ten_detail=NGtheW9HaksrUk8zMlFjPQ%3D%3D,data/raw/oil_india/tenders/detail_pages/GEM_2024_B_5181608.html
GEM_2024_B_5181963,NIT,,https://www.oil-india.com/download-tender-document?ten_detail=NGtlK29HaksrUk8zMlFjPQ%3D%3D,data/raw/oil_india/tenders/detail_pages/GEM_2024_B_5181963.html
GEM_2024_B_5182926,NIT,,https://www.oil-india.com/download-tender-document?ten_detail=NGthM29HaksrUk8zMlFjPQ%3D%3D,data/raw/oil_india/tenders/detail_pages/GEM_2024_B_5182926.html
GEM_2024_B_5182970,NIT,,https://www.oil-india.com/download-tender-document?ten_detail=NGthMG9HaksrUk8zMlFjPQ%3D%3D,data/raw/oil_india/tenders/detail_pages/GEM_2024_B_5182970.html
GEM_2024_B_5183924,NIT,,https://www.oil-india.com/download-tender-document?ten_detail=NGthMW9HaksrUk8zMlFjPQ%3D%3D,data/raw/oil_india/tenders/detail_pages/GEM_2024_B_5183924.html
GEM_2024_B_5187183,NIT,,https://www.oil-india.com/download-tender-document?ten_detail=NGtHem9HaksrUk8zMlFjPQ%3D%3D,data/raw/oil_india/tenders/detail_pages/GEM_2024_B_5187183.html
GEM_2024_B_5188819,NIT,,https://www.oil-india.com/download-tender-document?ten_detail=NGtXMm9HaksrUk8zMlFjPQ%3D%3D,data/raw/oil_india/tenders/detail_pages/GEM_2024_B_5188819.html
GEM_2024_B_5188969,NIT,,https://www.oil-india.com/download-tender-document?ten_detail=NGtXMG9HaksrUk8zMlFjPQ%3D%3D,data/raw/oil_india/tenders/detail_pages/GEM_2024_B_5188969.html
GEM_2024_B_5189228,NIT,,https://www.oil-india.com/download-tender-document?ten_detail=NGtXMW9HaksrUk8zMlFjPQ%3D%3D,data/raw/oil_india/tenders/detail_pages/GEM_2024_B_5189228.html
GEM_2024_B_5190920,NIT,,https://www.oil-india.com/download-tender-document?ten_detail=NGtXeW9HaksrUk8zMlFjPQ%3D%3D,data/raw/oil_india/tenders/detail_pages/GEM_2024_B_5190920.html
GEM_2024_B_5193746,NIT,,https://www.oil-india.com/download-tender-document?ten_detail=NmtlenRDSEw2RXFyMmdHdQ%3D%3D,data/raw/oil_india/tenders/detail_pages/GEM_2024_B_5193746.html
GEM_2024_B_5193934,NIT,,https://www.oil-india.com/download-tender-document?ten_detail=NGtLem9HaksrUk8zMlFjPQ%3D%3D,data/raw/oil_india/tenders/detail_pages/GEM_2024_B_5193934.html
GEM_2024_B_5194071,NIT,,https://www.oil-india.com/download-tender-document?ten_detail=NGtHK29HaksrUk8zMlFjPQ%3D%3D,data/raw/oil_india/tenders/detail_pages/GEM_2024_B_5194071.html
GEM_2024_B_5196890,NIT,,https://www.oil-india.com/download-tender-document?ten_detail=NGtTMm9HaksrUk8zMlFjPQ%3D%3D,data/raw/oil_india/tenders/detail_pages/GEM_2024_B_5196890.html
GEM_2024_B_5196949,NIT,,https://www.oil-india.com/download-tender-document?ten_detail=NGtTeG9HaksrUk8zMlFjPQ%3D%3D,data/raw/oil_india/tenders/detail_pages/GEM_2024_B_5196949.html
GEM_2024_B_5196997,NIT,,https://www.oil-india.com/download-tender-document?ten_detail=NGs2em9HaksrUk8zMlFjPQ%3D%3D,data/raw/oil_india/tenders/detail_pages/GEM_2024_B_5196997.html
GEM_2024_B_5197658,NIT,,https://www.oil-india.com/download-tender-document?ten_detail=NGtTMG9HaksrUk8zMlFjPQ%3D%3D,data/raw/oil_india/tenders/detail_pages/GEM_2024_B_5197658.html
GEM_2024_B_5200390,NIT,,https://www.oil-india.com/download-tender-document?ten_detail=NGtTeW9HaksrUk8zMlFjPQ%3D%3D,data/raw/oil_india/tenders/detail_pages/GEM_2024_B_5200390.html
GEM_2024_B_5202044,NIT,,https://www.oil-india.com/download-tender-document?ten_detail=NGtTem9HaksrUk8zMlFjPQ%3D%3D,data/raw/oil_india/tenders/detail_pages/GEM_2024_B_5202044.html
GEM_2024_B_5203235,NIT,,https://www.oil-india.com/download-tender-document?ten_detail=NGtTd29HaksrUk8zMlFjPQ%3D%3D,data/raw/oil_india/tenders/detail_pages/GEM_2024_B_5203235.html
GEM_2024_B_5203836,NIT,,https://www.oil-india.com/download-tender-document?ten_detail=NGtTK29HaksrUk8zMlFjPQ%3D%3D,data/raw/oil_india/tenders/detail_pages/GEM_2024_B_5203836.html
GEM_2024_B_5204850,NIT,,https://www.oil-india.com/download-tender-document?ten_detail=NGtPMm9HaksrUk8zMlFjPQ%3D%3D,data/raw/oil_india/tenders/detail_pages/GEM_2024_B_5204850.html
GEM_2024_B_5205756,NIT,,https://www.oil-india.com/download-tender-document?ten_detail=Nmtld3ZDSEw2RXFyMmdHdQ%3D%3D,data/raw/oil_india/tenders/detail_pages/GEM_2024_B_5205756.html
GEM_2024_B_5206373,NIT,,https://www.oil-india.com/download-tender-document?ten_detail=NGtPd29HaksrUk8zMlFjPQ%3D%3D,data/raw/oil_india/tenders/detail_pages/GEM_2024_B_5206373.html
GEM_2024_B_5209494,NIT,,https://www.oil-india.com/download-tender-document?ten_detail=NGtDMG9HaksrUk8zMlFjPQ%3D%3D,data/raw/oil_india/tenders/detail_pages/GEM_2024_B_5209494.html
GEM_2024_B_5212307,NIT,,https://www.oil-india.com/download-tender-document?ten_detail=NGtDMW9HaksrUk8zMlFjPQ%3D%3D,data/raw/oil_india/tenders/detail_pages/GEM_2024_B_5212307.html
GEM_2024_B_5212568,NIT,,https://www.oil-india.com/download-tender-document?ten_detail=NGtHMm9HaksrUk8zMlFjPQ%3D%3D,data/raw/oil_india/tenders/detail_pages/GEM_2024_B_5212568.html
GEM_2024_B_5212599,NIT,,https://www.oil-india.com/download-tender-document?ten_detail=NGtLMW9HaksrUk8zMlFjPQ%3D%3D,data/raw/oil_india/tenders/detail_pages/GEM_2024_B_5212599.html
GEM_2024_B_5214610,NIT,,https://www.oil-india.com/download-tender-document?ten_detail=NGtHeW9HaksrUk8zMlFjPQ%3D%3D,data/raw/oil_india/tenders/detail_pages/GEM_2024_B_5214610.html
GEM_2024_B_5214642,NIT,,https://www.oil-india.com/download-tender-document?ten_detail=NGtLL29HaksrUk8zMlFjPQ%3D%3D,data/raw/oil_india/tenders/detail_pages/GEM_2024_B_5214642.html
GEM_2024_B_5218484,NIT,,https://www.oil-india.com/download-tender-document?ten_detail=NGtHMG9HaksrUk8zMlFjPQ%3D%3D,data/raw/oil_india/tenders/detail_pages/GEM_2024_B_5218484.html
GEM_2024_B_5228543,NIT,,https://www.oil-india.com/download-tender-document?ten_detail=NGtDM29HaksrUk8zMlFjPQ%3D%3D,data/raw/oil_india/tenders/detail_pages/GEM_2024_B_5228543.html
GEM_2024_B_5228604,NIT,,https://www.oil-india.com/download-tender-document?ten_detail=NmtlMXZ5SEw2RXFyMmdHdQ%3D%3D,data/raw/oil_india/tenders/detail_pages/GEM_2024_B_5228604.html
GEM_2024_B_5228625,NIT,,https://www.oil-india.com/download-tender-document?ten_detail=NGsrK29HaksrUk8zMlFjPQ%3D%3D,data/raw/oil_india/tenders/detail_pages/GEM_2024_B_5228625.html
GEM_2024_B_5228627,NIT,,https://www.oil-india.com/download-tender-document?ten_detail=NGtDeW9HaksrUk8zMlFjPQ%3D%3D,data/raw/oil_india/tenders/detail_pages/GEM_2024_B_5228627.html
GEM_2024_B_5229775,NIT,,https://www.oil-india.com/download-tender-document?ten_detail=NGtDd29HaksrUk8zMlFjPQ%3D%3D,data/raw/oil_india/tenders/detail_pages/GEM_2024_B_5229775.html
GEM_2024_B_5232468,NIT,,https://www.oil-india.com/download-tender-document?ten_detail=NGsreG9HaksrUk8zMlFjPQ%3D%3D,data/raw/oil_india/tenders/detail_pages/GEM_2024_B_5232468.html
GEM_2024_B_5233953,NIT,,https://www.oil-india.com/download-tender-document?ten_detail=NGsrL29HaksrUk8zMlFjPQ%3D%3D,data/raw/oil_india/tenders/detail_pages/GEM_2024_B_5233953.html
GEM_2024_B_5235162,NIT,,https://www.oil-india.com/download-tender-document?ten_detail=NGsrem9HaksrUk8zMlFjPQ%3D%3D,data/raw/oil_india/tenders/detail_pages/GEM_2024_B_5235162.html
GEM_2024_B_5237250,NIT,,https://www.oil-india.com/download-tender-document?ten_detail=NGs2Mm9HaksrUk8zMlFjPQ%3D%3D,data/raw/oil_india/tenders/detail_pages/GEM_2024_B_5237250.html
GEM_2024_B_5243124,NIT,,https://www.oil-india.com/download-tender-document?ten_detail=NGs2d29HaksrUk8zMlFjPQ%3D%3D,data/raw/oil_india/tenders/detail_pages/GEM_2024_B_5243124.html
GEM_2024_B_5244710,NIT,,https://www.oil-india.com/download-tender-document?ten_detail=NmtlMXZDSEw2RXFyMmdHdQ%3D%3D,data/raw/oil_india/tenders/detail_pages/GEM_2024_B_5244710.html
GEM_2024_B_5247526,NIT,,https://www.oil-india.com/download-tender-document?ten_detail=NGs2MW9HaksrUk8zMlFjPQ%3D%3D,data/raw/oil_india/tenders/detail_pages/GEM_2024_B_5247526.html
GEM_2024_B_5249706,NIT,,https://www.oil-india.com/download-tender-document?ten_detail=NGs2eG9HaksrUk8zMlFjPQ%3D%3D,data/raw/oil_india/tenders/detail_pages/GEM_2024_B_5249706.html
GEM_2024_B_5251444,NIT,,https://www.oil-india.com/download-tender-document?ten_detail=NmthMnZDSEw2RXFyMmdHdQ%3D%3D,data/raw/oil_india/tenders/detail_pages/GEM_2024_B_5251444.html
GEM_2024_B_5251857,NIT,,https://www.oil-india.com/download-tender-document?ten_detail=NmthMnZTSEw2RXFyMmdHdQ%3D%3D,data/raw/oil_india/tenders/detail_pages/GEM_2024_B_5251857.html
GEM_2024_B_5253838,NIT,,https://www.oil-india.com/download-tender-document?ten_detail=NmtlM3ZTSEw2RXFyMmdHdQ%3D%3D,data/raw/oil_india/tenders/detail_pages/GEM_2024_B_5253838.html
GEM_2024_B_5259418,NIT,,https://www.oil-india.com/download-tender-document?ten_detail=NmtlM3RTSEw2RXFyMmdHdQ%3D%3D,data/raw/oil_india/tenders/detail_pages/GEM_2024_B_5259418.html
GEM_2024_B_5262337,NIT,,https://www.oil-india.com/download-tender-document?ten_detail=NmtlMnZpSEw2RXFyMmdHdQ%3D%3D,data/raw/oil_india/tenders/detail_pages/GEM_2024_B_5262337.html
GEM_2024_B_5263005,NIT,,https://www.oil-india.com/download-tender-document?ten_detail=NmtlMnZTSEw2RXFyMmdHdQ%3D%3D,data/raw/oil_india/tenders/detail_pages/GEM_2024_B_5263005.html
GEM_2024_B_5264541,NIT,,https://www.oil-india.com/download-tender-document?ten_detail=NmtlM3ZpSEw2RXFyMmdHdQ%3D%3D,data/raw/oil_india/tenders/detail_pages/GEM_2024_B_5264541.html
GEM_2024_B_5264878,NIT,,https://www.oil-india.com/download-tender-document?ten_detail=NmtlMnZ5SEw2RXFyMmdHdQ%3D%3D,data/raw/oil_india/tenders/detail_pages/GEM_2024_B_5264878.html
GEM_2024_B_5266783,NIT,,https://www.oil-india.com/download-tender-document?ten_detail=NmtlMnRTSEw2RXFyMmdHdQ%3D%3D,data/raw/oil_india/tenders/detail_pages/GEM_2024_B_5266783.html
GEM_2024_B_5266871,NIT,,https://www.oil-india.com/download-tender-document?ten_detail=NmtlMnRDSEw2RXFyMmdHdQ%3D%3D,data/raw/oil_india/tenders/detail_pages/GEM_2024_B_5266871.html
GEM_2024_B_5267198,NIT,,https://www.oil-india.com/download-tender-document?ten_detail=NmtlM3V5SEw2RXFyMmdHdQ%3D%3D,data/raw/oil_india/tenders/detail_pages/GEM_2024_B_5267198.html
GEM_2024_B_5270049,NIT,,https://www.oil-india.com/download-tender-document?ten_detail=NmthM3RTSEw2RXFyMmdHdQ%3D%3D,data/raw/oil_india/tenders/detail_pages/GEM_2024_B_5270049.html
GEM_2024_B_5270065,NIT,,https://www.oil-india.com/download-tender-document?ten_detail=NmtlM3VTSEw2RXFyMmdHdQ%3D%3D,data/raw/oil_india/tenders/detail_pages/GEM_2024_B_5270065.html
GEM_2024_B_5270180,NIT,,https://www.oil-india.com/download-tender-document?ten_detail=NmtlM3Z5SEw2RXFyMmdHdQ%3D%3D,data/raw/oil_india/tenders/detail_pages/GEM_2024_B_5270180.html
GEM_2024_B_5272394,NIT,,https://www.oil-india.com/download-tender-document?ten_detail=NmtlMXZTSEw2RXFyMmdHdQ%3D%3D,data/raw/oil_india/tenders/detail_pages/GEM_2024_B_5272394.html
GEM_2024_B_5272901,NIT,,https://www.oil-india.com/download-tender-document?ten_detail=NmtlM3VDSEw2RXFyMmdHdQ%3D%3D,data/raw/oil_india/tenders/detail_pages/GEM_2024_B_5272901.html
GEM_2024_B_5273076,NIT,,https://www.oil-india.com/download-tender-document?ten_detail=NmtlM3VpSEw2RXFyMmdHdQ%3D%3D,data/raw/oil_india/tenders/detail_pages/GEM_2024_B_5273076.html
GEM_2024_B_5273262,NIT,,https://www.oil-india.com/download-tender-document?ten_detail=Nmtld3ZTSEw2RXFyMmdHdQ%3D%3D,data/raw/oil_india/tenders/detail_pages/GEM_2024_B_5273262.html
GEM_2024_B_5275255,NIT,,https://www.oil-india.com/download-tender-document?ten_detail=NmtlMHZDSEw2RXFyMmdHdQ%3D%3D,data/raw/oil_india/tenders/detail_pages/GEM_2024_B_5275255.html
GEM_2024_B_5275901,NIT,,https://www.oil-india.com/download-tender-document?ten_detail=NmtlM3RDSEw2RXFyMmdHdQ%3D%3D,data/raw/oil_india/tenders/detail_pages/GEM_2024_B_5275901.html
GEM_2024_B_5278158,NIT,,https://www.oil-india.com/download-tender-document?ten_detail=NmtleXRDSEw2RXFyMmdHdQ%3D%3D,data/raw/oil_india/tenders/detail_pages/GEM_2024_B_5278158.html
GEM_2024_B_5278519,NIT,,https://www.oil-india.com/download-tender-document?ten_detail=NmtlMHZTSEw2RXFyMmdHdQ%3D%3D,data/raw/oil_india/tenders/detail_pages/GEM_2024_B_5278519.html
GEM_2024_B_5278638,NIT,,https://www.oil-india.com/download-tender-document?ten_detail=NmtlMXZpSEw2RXFyMmdHdQ%3D%3D,data/raw/oil_india/tenders/detail_pages/GEM_2024_B_5278638.html
GEM_2024_B_5283718,NIT,,https://www.oil-india.com/download-tender-document?ten_detail=NmtlMHVpSEw2RXFyMmdHdQ%3D%3D,data/raw/oil_india/tenders/detail_pages/GEM_2024_B_5283718.html
GEM_2024_B_5284980,NIT,,https://www.oil-india.com/download-tender-document?ten_detail=NmtlMHRTSEw2RXFyMmdHdQ%3D%3D,data/raw/oil_india/tenders/detail_pages/GEM_2024_B_5284980.html
GEM_2024_B_5287677,NIT,,https://www.oil-india.com/download-tender-document?ten_detail=NmtlMXVTSEw2RXFyMmdHdQ%3D%3D,data/raw/oil_india/tenders/detail_pages/GEM_2024_B_5287677.html
GEM_2024_B_5287833,NIT,,https://www.oil-india.com/download-tender-document?ten_detail=NmtlMHRDSEw2RXFyMmdHdQ%3D%3D,data/raw/oil_india/tenders/detail_pages/GEM_2024_B_5287833.html
GEM_2024_B_5288259,NIT,,https://www.oil-india.com/download-tender-document?ten_detail=Nmtld3VDSEw2RXFyMmdHdQ%3D%3D,data/raw/oil_india/tenders/detail_pages/GEM_2024_B_5288259.html
GEM_2024_B_5290896,NIT,,https://www.oil-india.com/download-tender-document?ten_detail=NmtleXZ5SEw2RXFyMmdHdQ%3D%3D,data/raw/oil_india/tenders/detail_pages/GEM_2024_B_5290896.html
GEM_2024_B_5293842,NIT,,https://www.oil-india.com/download-tender-document?ten_detail=NmtleXZTSEw2RXFyMmdHdQ%3D%3D,data/raw/oil_india/tenders/detail_pages/GEM_2024_B_5293842.html
GEM_2024_B_5294061,NIT,,https://www.oil-india.com/download-tender-document?ten_detail=NmtlenVDSEw2RXFyMmdHdQ%3D%3D,data/raw/oil_india/tenders/detail_pages/GEM_2024_B_5294061.html
GEM_2024_B_5295165,NIT,,https://www.oil-india.com/download-tender-document?ten_detail=NmtleXZDSEw2RXFyMmdHdQ%3D%3D,data/raw/oil_india/tenders/detail_pages/GEM_2024_B_5295165.html
GEM_2024_B_5298258,NIT,,https://www.oil-india.com/download-tender-document?ten_detail=NmtlenZpSEw2RXFyMmdHdQ%3D%3D,data/raw/oil_india/tenders/detail_pages/GEM_2024_B_5298258.html
GEM_2024_B_5303066,NIT,,https://www.oil-india.com/download-tender-document?ten_detail=NmtlenV5SEw2RXFyMmdHdQ%3D%3D,data/raw/oil_india/tenders/detail_pages/GEM_2024_B_5303066.html
GEM_2024_B_5303891,NIT,,https://www.oil-india.com/download-tender-document?ten_detail=NmtlenVTSEw2RXFyMmdHdQ%3D%3D,data/raw/oil_india/tenders/detail_pages/GEM_2024_B_5303891.html
GEM_2024_B_5305532,NIT,,https://www.oil-india.com/download-tender-document?ten_detail=NmtleHVpSEw2RXFyMmdHdQ%3D%3D,data/raw/oil_india/tenders/detail_pages/GEM_2024_B_5305532.html
GEM_2024_B_5309835,NIT,,https://www.oil-india.com/download-tender-document?ten_detail=Nmtld3VTSEw2RXFyMmdHdQ%3D%3D,data/raw/oil_india/tenders/detail_pages/GEM_2024_B_5309835.html
GEM_2024_B_5313874,NIT,,https://www.oil-india.com/download-tender-document?ten_detail=NmtleHZ5SEw2RXFyMmdHdQ%3D%3D,data/raw/oil_india/tenders/detail_pages/GEM_2024_B_5313874.html
GEM_2024_B_5314188,NIT,,https://www.oil-india.com/download-tender-document?ten_detail=NmtleHVDSEw2RXFyMmdHdQ%3D%3D,data/raw/oil_india/tenders/detail_pages/GEM_2024_B_5314188.html
GEM_2024_B_5314238,NIT,,https://www.oil-india.com/download-tender-document?ten_detail=NmtleHZDSEw2RXFyMmdHdQ%3D%3D,data/raw/oil_india/tenders/detail_pages/GEM_2024_B_5314238.html
GEM_2024_B_5314246,NIT,,https://www.oil-india.com/download-tender-document?ten_detail=NmtlK3RDSEw2RXFyMmdHdQ%3D%3D,data/raw/oil_india/tenders/detail_pages/GEM_2024_B_5314246.html
GEM_2024_B_5314285,NIT,,https://www.oil-india.com/download-tender-document?ten_detail=Nmtld3RDSEw2RXFyMmdHdQ%3D%3D,data/raw/oil_india/tenders/detail_pages/GEM_2024_B_5314285.html
GEM_2024_B_5314344,NIT,,https://www.oil-india.com/download-tender-document?ten_detail=NmthMnVpSEw2RXFyMmdHdQ%3D%3D,data/raw/oil_india/tenders/detail_pages/GEM_2024_B_5314344.html
GEM_2024_B_5316213,NIT,,https://www.oil-india.com/download-tender-document?ten_detail=NmtleHVTSEw2RXFyMmdHdQ%3D%3D,data/raw/oil_india/tenders/detail_pages/GEM_2024_B_5316213.html
GEM_2024_B_5317112,NIT,,https://www.oil-india.com/download-tender-document?ten_detail=NmtlK3ZpSEw2RXFyMmdHdQ%3D%3D,data/raw/oil_india/tenders/detail_pages/GEM_2024_B_5317112.html
GEM_2024_B_5321391,NIT,,https://www.oil-india.com/download-tender-document?ten_detail=NmtlK3ZTSEw2RXFyMmdHdQ%3D%3D,data/raw/oil_india/tenders/detail_pages/GEM_2024_B_5321391.html
GEM_2024_B_5321507,NIT,,https://www.oil-india.com/download-tender-document?ten_detail=NmtleHRDSEw2RXFyMmdHdQ%3D%3D,data/raw/oil_india/tenders/detail_pages/GEM_2024_B_5321507.html
GEM_2024_B_5323138,NIT,,https://www.oil-india.com/download-tender-document?ten_detail=NmtlK3ZDSEw2RXFyMmdHdQ%3D%3D,data/raw/oil_india/tenders/detail_pages/GEM_2024_B_5323138.html
GEM_2024_B_5333884,NIT,,https://www.oil-india.com/download-tender-document?ten_detail=NmtlL3ZpSEw2RXFyMmdHdQ%3D%3D,data/raw/oil_india/tenders/detail_pages/GEM_2024_B_5333884.html
GEM_2024_B_5334004,NIT,,https://www.oil-india.com/download-tender-document?ten_detail=NmtlL3VDSEw2RXFyMmdHdQ%3D%3D,data/raw/oil_india/tenders/detail_pages/GEM_2024_B_5334004.html
GEM_2024_B_5334054,NIT,,https://www.oil-india.com/download-tender-document?ten_detail=NmtlL3RDSEw2RXFyMmdHdQ%3D%3D,data/raw/oil_india/tenders/detail_pages/GEM_2024_B_5334054.html
GEM_2024_B_5334389,NIT,,https://www.oil-india.com/download-tender-document?ten_detail=NmtlL3V5SEw2RXFyMmdHdQ%3D%3D,data/raw/oil_india/tenders/detail_pages/GEM_2024_B_5334389.html
GEM_2024_B_5334598,NIT,,https://www.oil-india.com/download-tender-document?ten_detail=NmtlL3VTSEw2RXFyMmdHdQ%3D%3D,data/raw/oil_india/tenders/detail_pages/GEM_2024_B_5334598.html
GEM_2024_B_5336764,NIT,,https://www.oil-india.com/download-tender-document?ten_detail=NmtlL3RTSEw2RXFyMmdHdQ%3D%3D,data/raw/oil_india/tenders/detail_pages/GEM_2024_B_5336764.html
GEM_2024_B_5337072,NIT,,https://www.oil-india.com/download-tender-document?ten_detail=NmthMnZpSEw2RXFyMmdHdQ%3D%3D,data/raw/oil_india/tenders/detail_pages/GEM_2024_B_5337072.html
GEM_2024_B_5338783,NIT,,https://www.oil-india.com/download-tender-document?ten_detail=NmtXM3VTSEw2RXFyMmdHdQ%3D%3D,data/raw/oil_india/tenders/detail_pages/GEM_2024_B_5338783.html
GEM_2024_B_5338977,NIT,,https://www.oil-india.com/download-tender-document?ten_detail=NmthMnV5SEw2RXFyMmdHdQ%3D%3D,data/raw/oil_india/tenders/detail_pages/GEM_2024_B_5338977.html
GEM_2024_B_5340284,NIT,,https://www.oil-india.com/download-tender-document?ten_detail=NmthMnRDSEw2RXFyMmdHdQ%3D%3D,data/raw/oil_india/tenders/detail_pages/GEM_2024_B_5340284.html
GEM_2024_B_5340893,NIT,,https://www.oil-india.com/download-tender-document?ten_detail=NmthMHVTSEw2RXFyMmdHdQ%3D%3D,data/raw/oil_india/tenders/detail_pages/GEM_2024_B_5340893.html
GEM_2024_B_5342890,NIT,,https://www.oil-india.com/download-tender-document?ten_detail=NmthM3Z5SEw2RXFyMmdHdQ%3D%3D,data/raw/oil_india/tenders/detail_pages/GEM_2024_B_5342890.html
GEM_2024_B_5343060,NIT,,https://www.oil-india.com/download-tender-document?ten_detail=NmthM3ZTSEw2RXFyMmdHdQ%3D%3D,data/raw/oil_india/tenders/detail_pages/GEM_2024_B_5343060.html
GEM_2024_B_5344955,NIT,,https://www.oil-india.com/download-tender-document?ten_detail=NmthMHZ5SEw2RXFyMmdHdQ%3D%3D,data/raw/oil_india/tenders/detail_pages/GEM_2024_B_5344955.html
GEM_2024_B_5346373,NIT,,https://www.oil-india.com/download-tender-document?ten_detail=NmthMXVpSEw2RXFyMmdHdQ%3D%3D,data/raw/oil_india/tenders/detail_pages/GEM_2024_B_5346373.html
GEM_2024_B_5347270,NIT,,https://www.oil-india.com/download-tender-document?ten_detail=NmtXMnZTSEw2RXFyMmdHdQ%3D%3D,data/raw/oil_india/tenders/detail_pages/GEM_2024_B_5347270.html
GEM_2024_B_5349069,NIT,,https://www.oil-india.com/download-tender-document?ten_detail=NmtheXZTSEw2RXFyMmdHdQ%3D%3D,data/raw/oil_india/tenders/detail_pages/GEM_2024_B_5349069.html
GEM_2024_B_5349082,NIT,,https://www.oil-india.com/download-tender-document?ten_detail=NmthMXVTSEw2RXFyMmdHdQ%3D%3D,data/raw/oil_india/tenders/detail_pages/GEM_2024_B_5349082.html
GEM_2024_B_5349300,NIT,,https://www.oil-india.com/download-tender-document?ten_detail=NmthM3ZpSEw2RXFyMmdHdQ%3D%3D,data/raw/oil_india/tenders/detail_pages/GEM_2024_B_5349300.html
GEM_2024_B_5350140,NIT,,https://www.oil-india.com/download-tender-document?ten_detail=NmtTMHRTSEw2RXFyMmdHdQ%3D%3D,data/raw/oil_india/tenders/detail_pages/GEM_2024_B_5350140.html
GEM_2024_B_5350731,NIT,,https://www.oil-india.com/download-tender-document?ten_detail=NmthM3V5SEw2RXFyMmdHdQ%3D%3D,data/raw/oil_india/tenders/detail_pages/GEM_2024_B_5350731.html
GEM_2024_B_5351258,NIT,,https://www.oil-india.com/download-tender-document?ten_detail=NmthMHZDSEw2RXFyMmdHdQ%3D%3D,data/raw/oil_india/tenders/detail_pages/GEM_2024_B_5351258.html
GEM_2024_B_5351506,NIT,,https://www.oil-india.com/download-tender-document?ten_detail=NmthMXZDSEw2RXFyMlFXdg%3D%3D,data/raw/oil_india/tenders/detail_pages/GEM_2024_B_5351506.html
GEM_2024_B_5351509,NIT,,https://www.oil-india.com/download-tender-document?ten_detail=NmtheHZpSEw2RXFyMmdHdQ%3D%3D,data/raw/oil_india/tenders/detail_pages/GEM_2024_B_5351509.html
GEM_2024_B_5353327,NIT,,https://www.oil-india.com/download-tender-document?ten_detail=NmthMXZ5SEw2RXFyMlFXdg%3D%3D,data/raw/oil_india/tenders/detail_pages/GEM_2024_B_5353327.html
GEM_2024_B_5355061,NIT,,https://www.oil-india.com/download-tender-document?ten_detail=NmthMXVDSEw2RXFyMmdHdQ%3D%3D,data/raw/oil_india/tenders/detail_pages/GEM_2024_B_5355061.html
GEM_2024_B_5356333,NIT,,https://www.oil-india.com/download-tender-document?ten_detail=NmthMHZpSEw2RXFyMmdHdQ%3D%3D,data/raw/oil_india/tenders/detail_pages/GEM_2024_B_5356333.html
GEM_2024_B_5356500,NIT,,https://www.oil-india.com/download-tender-document?ten_detail=NmtheXZDSEw2RXFyMmdHdQ%3D%3D,data/raw/oil_india/tenders/detail_pages/GEM_2024_B_5356500.html
GEM_2024_B_5356580,NIT,,https://www.oil-india.com/download-tender-document?ten_detail=NmthM3RDSEw2RXFyMmdHdQ%3D%3D,data/raw/oil_india/tenders/detail_pages/GEM_2024_B_5356580.html
GEM_2024_B_5356616,NIT,,https://www.oil-india.com/download-tender-document?ten_detail=NmthenVDSEw2RXFyMmdHdQ%3D%3D,data/raw/oil_india/tenders/detail_pages/GEM_2024_B_5356616.html
GEM_2024_B_5357204,NIT,,https://www.oil-india.com/download-tender-document?ten_detail=NmtXd3ZDSEw2RXFyMmdHdQ%3D%3D,data/raw/oil_india/tenders/detail_pages/GEM_2024_B_5357204.html
GEM_2024_B_5358081,NIT,,https://www.oil-india.com/download-tender-document?ten_detail=NmthMHZTSEw2RXFyMmdHdQ%3D%3D,data/raw/oil_india/tenders/detail_pages/GEM_2024_B_5358081.html
GEM_2024_B_5359040,NIT,,https://www.oil-india.com/download-tender-document?ten_detail=NmthMXV5SEw2RXFyMmdHdQ%3D%3D,data/raw/oil_india/tenders/detail_pages/GEM_2024_B_5359040.html
GEM_2024_B_5359210,NIT,,https://www.oil-india.com/download-tender-document?ten_detail=NmthMXZpSEw2RXFyMmdHdQ%3D%3D,data/raw/oil_india/tenders/detail_pages/GEM_2024_B_5359210.html
GEM_2024_B_5359410,NIT,,https://www.oil-india.com/download-tender-document?ten_detail=NmthMXRTSEw2RXFyMmdHdQ%3D%3D,data/raw/oil_india/tenders/detail_pages/GEM_2024_B_5359410.html
GEM_2024_B_5363447,NIT,,https://www.oil-india.com/download-tender-document?ten_detail=NmthK3RTSEw2RXFyMmdHdQ%3D%3D,data/raw/oil_india/tenders/detail_pages/GEM_2024_B_5363447.html
GEM_2024_B_5364583,NIT,,https://www.oil-india.com/download-tender-document?ten_detail=NmtheXZpSEw2RXFyMmdHdQ%3D%3D,data/raw/oil_india/tenders/detail_pages/GEM_2024_B_5364583.html
GEM_2024_B_5364598,NIT,,https://www.oil-india.com/download-tender-document?ten_detail=NmthK3VpSEw2RXFyMmdHdQ%3D%3D,data/raw/oil_india/tenders/detail_pages/GEM_2024_B_5364598.html
GEM_2024_B_5364937,NIT,,https://www.oil-india.com/download-tender-document?ten_detail=Nmthd3VTSEw2RXFyMmdHdQ%3D%3D,data/raw/oil_india/tenders/detail_pages/GEM_2024_B_5364937.html
GEM_2024_B_5365818,NIT,,https://www.oil-india.com/download-tender-document?ten_detail=NmtheXVTSEw2RXFyMlFXdg%3D%3D,data/raw/oil_india/tenders/detail_pages/GEM_2024_B_5365818.html
GEM_2024_B_5367189,NIT,,https://www.oil-india.com/download-tender-document?ten_detail=NmthMXRDSEw2RXFyMmdHdQ%3D%3D,data/raw/oil_india/tenders/detail_pages/GEM_2024_B_5367189.html
GEM_2024_B_5367803,NIT,,https://www.oil-india.com/download-tender-document?ten_detail=NmtheXVpSEw2RXFyMmdHdQ%3D%3D,data/raw/oil_india/tenders/detail_pages/GEM_2024_B_5367803.html
GEM_2024_B_5367936,NIT,,https://www.oil-india.com/download-tender-document?ten_detail=NmtheHZ5SEw2RXFyMmdHdQ%3D%3D,data/raw/oil_india/tenders/detail_pages/GEM_2024_B_5367936.html
GEM_2024_B_5369888,NIT,,https://www.oil-india.com/download-tender-document?ten_detail=NmthenV5SEw2RXFyMmdHdQ%3D%3D,data/raw/oil_india/tenders/detail_pages/GEM_2024_B_5369888.html
GEM_2024_B_5370486,NIT,,https://www.oil-india.com/download-tender-document?ten_detail=NmthenZTSEw2RXFyMmdHdQ%3D%3D,data/raw/oil_india/tenders/detail_pages/GEM_2024_B_5370486.html
GEM_2024_B_5371180,NIT,,https://www.oil-india.com/download-tender-document?ten_detail=NmtXenZDSEw2RXFyMmdHdQ%3D%3D,data/raw/oil_india/tenders/detail_pages/GEM_2024_B_5371180.html
GEM_2024_B_5373646,NIT,,https://www.oil-india.com/download-tender-document?ten_detail=NmthenZDSEw2RXFyMmdHdQ%3D%3D,data/raw/oil_india/tenders/detail_pages/GEM_2024_B_5373646.html
GEM_2024_B_5373958,NIT,,https://www.oil-india.com/download-tender-document?ten_detail=NmthK3ZDSEw2RXFyMmdHdQ%3D%3D,data/raw/oil_india/tenders/detail_pages/GEM_2024_B_5373958.html
GEM_2024_B_5375071,NIT,,https://www.oil-india.com/download-tender-document?ten_detail=NmtheHVDSEw2RXFyMmdHdQ%3D%3D,data/raw/oil_india/tenders/detail_pages/GEM_2024_B_5375071.html
GEM_2024_B_5375264,NIT,,https://www.oil-india.com/download-tender-document?ten_detail=NmthenZpSEw2RXFyMmdHdQ%3D%3D,data/raw/oil_india/tenders/detail_pages/GEM_2024_B_5375264.html
GEM_2024_B_5376450,NIT,,https://www.oil-india.com/download-tender-document?ten_detail=NmthenZ5SEw2RXFyMmdHdQ%3D%3D,data/raw/oil_india/tenders/detail_pages/GEM_2024_B_5376450.html
GEM_2024_B_5377052,NIT,,https://www.oil-india.com/download-tender-document?ten_detail=NmthenVTSEw2RXFyMmdHdQ%3D%3D,data/raw/oil_india/tenders/detail_pages/GEM_2024_B_5377052.html
GEM_2024_B_5379446,NIT,,https://www.oil-india.com/download-tender-document?ten_detail=NmthenRTSEw2RXFyMmdHdQ%3D%3D,data/raw/oil_india/tenders/detail_pages/GEM_2024_B_5379446.html
GEM_2024_B_5379514,NIT,,https://www.oil-india.com/download-tender-document?ten_detail=Nmthd3ZpSEw2RXFyMmdHdQ%3D%3D,data/raw/oil_india/tenders/detail_pages/GEM_2024_B_5379514.html
GEM_2024_B_5379566,NIT,,https://www.oil-india.com/download-tender-document?ten_detail=NmthenVpSEw2RXFyMmdHdQ%3D%3D,data/raw/oil_india/tenders/detail_pages/GEM_2024_B_5379566.html
GEM_2024_B_5379667,NIT,,https://www.oil-india.com/download-tender-document?ten_detail=NmtheHZDSEw2RXFyMmdHdQ%3D%3D,data/raw/oil_india/tenders/detail_pages/GEM_2024_B_5379667.html
GEM_2024_B_5382912,NIT,,https://www.oil-india.com/download-tender-document?ten_detail=NmthenRDSEw2RXFyMmdHdQ%3D%3D,data/raw/oil_india/tenders/detail_pages/GEM_2024_B_5382912.html
GEM_2024_B_5383618,NIT,,https://www.oil-india.com/download-tender-document?ten_detail=Nmthd3ZTSEw2RXFyMmdHdQ%3D%3D,data/raw/oil_india/tenders/detail_pages/GEM_2024_B_5383618.html
GEM_2024_B_5384065,NIT,,https://www.oil-india.com/download-tender-document?ten_detail=Nmthd3ZDSEw2RXFyMmdHdQ%3D%3D,data/raw/oil_india/tenders/detail_pages/GEM_2024_B_5384065.html
GEM_2024_B_5384569,NIT,,https://www.oil-india.com/download-tender-document?ten_detail=Nmthd3VpSEw2RXFyMmdHdQ%3D%3D,data/raw/oil_india/tenders/detail_pages/GEM_2024_B_5384569.html
GEM_2024_B_5384571,NIT,,https://www.oil-india.com/download-tender-document?ten_detail=Nmthd3RTSEw2RXFyMmdHdQ%3D%3D,data/raw/oil_india/tenders/detail_pages/GEM_2024_B_5384571.html
GEM_2024_B_5389604,NIT,,https://www.oil-india.com/download-tender-document?ten_detail=Nmthd3RDSEw2RXFyMmdHdQ%3D%3D,data/raw/oil_india/tenders/detail_pages/GEM_2024_B_5389604.html
GEM_2024_B_5392367,NIT,,https://www.oil-india.com/download-tender-document?ten_detail=NmtheHZTSEw2RXFyMmdHdQ%3D%3D,data/raw/oil_india/tenders/detail_pages/GEM_2024_B_5392367.html
GEM_2024_B_5394742,NIT,,https://www.oil-india.com/download-tender-document?ten_detail=NmtheHV5SEw2RXFyMmdHdQ%3D%3D,data/raw/oil_india/tenders/detail_pages/GEM_2024_B_5394742.html
GEM_2024_B_5396920,NIT,,https://www.oil-india.com/download-tender-document?ten_detail=NmtheHVTSEw2RXFyMmdHdQ%3D%3D,data/raw/oil_india/tenders/detail_pages/GEM_2024_B_5396920.html
GEM_2024_B_5398309,NIT,,https://www.oil-india.com/download-tender-document?ten_detail=NmtheHVpSEw2RXFyMmdHdQ%3D%3D,data/raw/oil_india/tenders/detail_pages/GEM_2024_B_5398309.html
GEM_2024_B_5398895,NIT,,https://www.oil-india.com/download-tender-document?ten_detail=NmtheHRTSEw2RXFyMmdHdQ%3D%3D,data/raw/oil_india/tenders/detail_pages/GEM_2024_B_5398895.html
GEM_2024_B_5399335,NIT,,https://www.oil-india.com/download-tender-document?ten_detail=NmtheHRDSEw2RXFyMmdHdQ%3D%3D,data/raw/oil_india/tenders/detail_pages/GEM_2024_B_5399335.html
GEM_2024_B_5399419,NIT,,https://www.oil-india.com/download-tender-document?ten_detail=NmthK3ZTSEw2RXFyMmdHdQ%3D%3D,data/raw/oil_india/tenders/detail_pages/GEM_2024_B_5399419.html
GEM_2024_B_5399516,NIT,,https://www.oil-india.com/download-tender-document?ten_detail=NmtXd3Z5SEw2RXFyMmdHdQ%3D%3D,data/raw/oil_india/tenders/detail_pages/GEM_2024_B_5399516.html
GEM_2024_B_5402939,NIT,,https://www.oil-india.com/download-tender-document?ten_detail=NmthK3ZpSEw2RXFyMmdHdQ%3D%3D,data/raw/oil_india/tenders/detail_pages/GEM_2024_B_5402939.html
GEM_2024_B_5404196,NIT,,https://www.oil-india.com/download-tender-document?ten_detail=NmthK3VTSEw2RXFyMmdHdQ%3D%3D,data/raw/oil_india/tenders/detail_pages/GEM_2024_B_5404196.html
GEM_2024_B_5404734,NIT,,https://www.oil-india.com/download-tender-document?ten_detail=NmtXMnVDSEw2RXFyMmdHdQ%3D%3D,data/raw/oil_india/tenders/detail_pages/GEM_2024_B_5404734.html
GEM_2024_B_5408848,NIT,,https://www.oil-india.com/download-tender-document?ten_detail=NmthL3VDSEw2RXFyMmdHdQ%3D%3D,data/raw/oil_india/tenders/detail_pages/GEM_2024_B_5408848.html
GEM_2024_B_5408932,NIT,,https://www.oil-india.com/download-tender-document?ten_detail=NmthL3VTSEw2RXFyMmdHdQ%3D%3D,data/raw/oil_india/tenders/detail_pages/GEM_2024_B_5408932.html
GEM_2024_B_5409342,NIT,,https://www.oil-india.com/download-tender-document?ten_detail=NmthL3ZDSEw2RXFyMmdHdQ%3D%3D,data/raw/oil_india/tenders/detail_pages/GEM_2024_B_5409342.html
GEM_2024_B_5410780,NIT,,https://www.oil-india.com/download-tender-document?ten_detail=NmthK3RDSEw2RXFyMmdHdQ%3D%3D,data/raw/oil_india/tenders/detail_pages/GEM_2024_B_5410780.html
GEM_2024_B_5413479,NIT,,https://www.oil-india.com/download-tender-document?ten_detail=NmthL3V5SEw2RXFyMmdHdQ%3D%3D,data/raw/oil_india/tenders/detail_pages/GEM_2024_B_5413479.html
GEM_2024_B_5413600,NIT,,https://www.oil-india.com/download-tender-document?ten_detail=NmthL3Z5SEw2RXFyMmdHdQ%3D%3D,data/raw/oil_india/tenders/detail_pages/GEM_2024_B_5413600.html
GEM_2024_B_5414355,NIT,,https://www.oil-india.com/download-tender-document?ten_detail=NmthL3ZpSEw2RXFyMmdHdQ%3D%3D,data/raw/oil_india/tenders/detail_pages/GEM_2024_B_5414355.html
GEM_2024_B_5416292,NIT,,https://www.oil-india.com/download-tender-document?ten_detail=NmthL3VpSEw2RXFyMmdHdQ%3D%3D,data/raw/oil_india/tenders/detail_pages/GEM_2024_B_5416292.html
GEM_2024_B_5422318,NIT,,https://www.oil-india.com/download-tender-document?ten_detail=NmtXMnRDSEw2RXFyMmdHdQ%3D%3D,data/raw/oil_india/tenders/detail_pages/GEM_2024_B_5422318.html
GEM_2024_B_5424228,NIT,,https://www.oil-india.com/download-tender-document?ten_detail=NmtXMnZDSEw2RXFyMmdHdQ%3D%3D,data/raw/oil_india/tenders/detail_pages/GEM_2024_B_5424228.html
GEM_2024_B_5424684,NIT,,https://www.oil-india.com/download-tender-document?ten_detail=NmtXMnZ5SEw2RXFyMmdHdQ%3D%3D,data/raw/oil_india/tenders/detail_pages/GEM_2024_B_5424684.html
GEM_2024_B_5429973,NIT,,https://www.oil-india.com/download-tender-document?ten_detail=NmtXMnZpSEw2RXFyMmdHdQ%3D%3D,data/raw/oil_india/tenders/detail_pages/GEM_2024_B_5429973.html
GEM_2024_B_5430433,NIT,,https://www.oil-india.com/download-tender-document?ten_detail=NmtXMnVTSEw2RXFyMmdHdQ%3D%3D,data/raw/oil_india/tenders/detail_pages/GEM_2024_B_5430433.html
GEM_2024_B_5430887,NIT,,https://www.oil-india.com/download-tender-document?ten_detail=NmtXMnV5SEw2RXFyMmdHdQ%3D%3D,data/raw/oil_india/tenders/detail_pages/GEM_2024_B_5430887.html
GEM_2024_B_5432131,NIT,,https://www.oil-india.com/download-tender-document?ten_detail=NmtXMnRTSEw2RXFyMmdHdQ%3D%3D,data/raw/oil_india/tenders/detail_pages/GEM_2024_B_5432131.html
GEM_2024_B_5432159,NIT,,https://www.oil-india.com/download-tender-document?ten_detail=NmtXM3Z5SEw2RXFyMmdHdQ%3D%3D,data/raw/oil_india/tenders/detail_pages/GEM_2024_B_5432159.html
GEM_2024_B_5432409,NIT,,https://www.oil-india.com/download-tender-document?ten_detail=NmtXM3ZDSEw2RXFyMmdHdQ%3D%3D,data/raw/oil_india/tenders/detail_pages/GEM_2024_B_5432409.html
GEM_2024_B_5433850,NIT,,https://www.oil-india.com/download-tender-document?ten_detail=NmtXM3VDSEw2RXFyMmdHdQ%3D%3D,data/raw/oil_india/tenders/detail_pages/GEM_2024_B_5433850.html
GEM_2024_B_5434382,NIT,,https://www.oil-india.com/download-tender-document?ten_detail=NmtXeHRDSEw2RXFyMmdHdQ%3D%3D,data/raw/oil_india/tenders/detail_pages/GEM_2024_B_5434382.html
GEM_2024_B_5437324,NIT,,https://www.oil-india.com/download-tender-document?ten_detail=NmtXK3ZDSEw2RXFyMmdHdQ%3D%3D,data/raw/oil_india/tenders/detail_pages/GEM_2024_B_5437324.html
GEM_2024_B_5439020,NIT,,https://www.oil-india.com/download-tender-document?ten_detail=NmtXM3RTSEw2RXFyMmdHdQ%3D%3D,data/raw/oil_india/tenders/detail_pages/GEM_2024_B_5439020.html
GEM_2024_B_5440036,NIT,,https://www.oil-india.com/download-tender-document?ten_detail=NmtXM3RDSEw2RXFyMmdHdQ%3D%3D,data/raw/oil_india/tenders/detail_pages/GEM_2024_B_5440036.html
GEM_2024_B_5445670,NIT,,https://www.oil-india.com/download-tender-document?ten_detail=NmtXMHZpSEw2RXFyMmdHdQ%3D%3D,data/raw/oil_india/tenders/detail_pages/GEM_2024_B_5445670.html
GEM_2024_B_5445695,NIT,,https://www.oil-india.com/download-tender-document?ten_detail=NmtXMHZDSEw2RXFyMmdHdQ%3D%3D,data/raw/oil_india/tenders/detail_pages/GEM_2024_B_5445695.html
GEM_2024_B_5446773,NIT,,https://www.oil-india.com/download-tender-document?ten_detail=NmtXMHV5SEw2RXFyMmdHdQ%3D%3D,data/raw/oil_india/tenders/detail_pages/GEM_2024_B_5446773.html
GEM_2024_B_5447921,NIT,,https://www.oil-india.com/download-tender-document?ten_detail=NmtXMHVpSEw2RXFyMmdHdQ%3D%3D,data/raw/oil_india/tenders/detail_pages/GEM_2024_B_5447921.html
GEM_2024_B_5448550,NIT,,https://www.oil-india.com/download-tender-document?ten_detail=NmtXMHRTSEw2RXFyMmdHdQ%3D%3D,data/raw/oil_india/tenders/detail_pages/GEM_2024_B_5448550.html
GEM_2024_B_5450379,NIT,,https://www.oil-india.com/download-tender-document?ten_detail=NmtXMHRDSEw2RXFyMmdHdQ%3D%3D,data/raw/oil_india/tenders/detail_pages/GEM_2024_B_5450379.html
GEM_2024_B_5450405,NIT,,https://www.oil-india.com/download-tender-document?ten_detail=NmtXMXZTSEw2RXFyMmdHdQ%3D%3D,data/raw/oil_india/tenders/detail_pages/GEM_2024_B_5450405.html
GEM_2024_B_5450683,NIT,,https://www.oil-india.com/download-tender-document?ten_detail=NmtXK3ZTSEw2RXFyMmdHdQ%3D%3D,data/raw/oil_india/tenders/detail_pages/GEM_2024_B_5450683.html
GEM_2024_B_5451015,NIT,,https://www.oil-india.com/download-tender-document?ten_detail=NmtXMXZDSEw2RXFyMmdHdQ%3D%3D,data/raw/oil_india/tenders/detail_pages/GEM_2024_B_5451015.html
GEM_2024_B_5454087,NIT,,https://www.oil-india.com/download-tender-document?ten_detail=NmtXenZTSEw2RXFyMmdHdQ%3D%3D,data/raw/oil_india/tenders/detail_pages/GEM_2024_B_5454087.html
GEM_2024_B_5456083,NIT,,https://www.oil-india.com/download-tender-document?ten_detail=NmtXMXVTSEw2RXFyMmdHdQ%3D%3D,data/raw/oil_india/tenders/detail_pages/GEM_2024_B_5456083.html
GEM_2024_B_5457953,NIT,,https://www.oil-india.com/download-tender-document?ten_detail=NmtXMXZpSEw2RXFyMmdHdQ%3D%3D,data/raw/oil_india/tenders/detail_pages/GEM_2024_B_5457953.html
GEM_2024_B_5458088,NIT,,https://www.oil-india.com/download-tender-document?ten_detail=NmtXMXVpSEw2RXFyMmdHdQ%3D%3D,data/raw/oil_india/tenders/detail_pages/GEM_2024_B_5458088.html
GEM_2024_B_5458250,NIT,,https://www.oil-india.com/download-tender-document?ten_detail=NmtXMXV5SEw2RXFyMmdHdQ%3D%3D,data/raw/oil_india/tenders/detail_pages/GEM_2024_B_5458250.html
GEM_2024_B_5460028,NIT,,https://www.oil-india.com/download-tender-document?ten_detail=NmtXeXZpSEw2RXFyMmdHdQ%3D%3D,data/raw/oil_india/tenders/detail_pages/GEM_2024_B_5460028.html
GEM_2024_B_5460226,NIT,,https://www.oil-india.com/download-tender-document?ten_detail=NmtXeXVTSEw2RXFyMmdHdQ%3D%3D,data/raw/oil_india/tenders/detail_pages/GEM_2024_B_5460226.html
GEM_2024_B_5460256,NIT,,https://www.oil-india.com/download-tender-document?ten_detail=NmtTMHZTSEw2RXFyMmdHdQ%3D%3D,data/raw/oil_india/tenders/detail_pages/GEM_2024_B_5460256.html
GEM_2024_B_5460540,NIT,,https://www.oil-india.com/download-tender-document?ten_detail=NmtXeXZ5SEw2RXFyMmdHdQ%3D%3D,data/raw/oil_india/tenders/detail_pages/GEM_2024_B_5460540.html
GEM_2024_B_5461681,NIT,,https://www.oil-india.com/download-tender-document?ten_detail=NmtXeXVpSEw2RXFyMmdHdQ%3D%3D,data/raw/oil_india/tenders/detail_pages/GEM_2024_B_5461681.html
GEM_2024_B_5468389,NIT,,https://www.oil-india.com/download-tender-document?ten_detail=NmtXd3RTSEw2RXFyMmdHdQ%3D%3D,data/raw/oil_india/tenders/detail_pages/GEM_2024_B_5468389.html
GEM_2024_B_5468607,NIT,,https://www.oil-india.com/download-tender-document?ten_detail=NmtXL3ZpSEw2RXFyMmdHdQ%3D%3D,data/raw/oil_india/tenders/detail_pages/GEM_2024_B_5468607.html
GEM_2024_B_5469567,NIT,,https://www.oil-india.com/download-tender-document?ten_detail=NmtXeHRTSEw2RXFyMmdHdQ%3D%3D,data/raw/oil_india/tenders/detail_pages/GEM_2024_B_5469567.html
GEM_2024_B_5469895,NIT,,https://www.oil-india.com/download-tender-document?ten_detail=NmtXeHVpSEw2RXFyMmdHdQ%3D%3D,data/raw/oil_india/tenders/detail_pages/GEM_2024_B_5469895.html
GEM_2024_B_5471630,NIT,,https://www.oil-india.com/download-tender-document?ten_detail=NmtXd3VpSEw2RXFyMmdHdQ%3D%3D,data/raw/oil_india/tenders/detail_pages/GEM_2024_B_5471630.html
GEM_2024_B_5472776,NIT,,https://www.oil-india.com/download-tender-document?ten_detail=NmtXenVTSEw2RXFyMmdHdQ%3D%3D,data/raw/oil_india/tenders/detail_pages/GEM_2024_B_5472776.html
GEM_2024_B_5472785,NIT,,https://www.oil-india.com/download-tender-document?ten_detail=NmtXenZpSEw2RXFyMmdHdQ%3D%3D,data/raw/oil_india/tenders/detail_pages/GEM_2024_B_5472785.html
GEM_2024_B_5476438,NIT,,https://www.oil-india.com/download-tender-document?ten_detail=NmtXenV5SEw2RXFyMmdHdQ%3D%3D,data/raw/oil_india/tenders/detail_pages/GEM_2024_B_5476438.html
GEM_2024_B_5477020,NIT,,https://www.oil-india.com/download-tender-document?ten_detail=NmtXenRDSEw2RXFyMmdHdQ%3D%3D,data/raw/oil_india/tenders/detail_pages/GEM_2024_B_5477020.html
GEM_2024_B_5477145,NIT,,https://www.oil-india.com/download-tender-document?ten_detail=NmtXd3ZTSEw2RXFyMmdHdQ%3D%3D,data/raw/oil_india/tenders/detail_pages/GEM_2024_B_5477145.html
GEM_2024_B_5490585,NIT,,https://www.oil-india.com/download-tender-document?ten_detail=NmtXK3VDSEw2RXFyMmdHdQ%3D%3D,data/raw/oil_india/tenders/detail_pages/GEM_2024_B_5490585.html
GEM_2024_B_5491073,NIT,,https://www.oil-india.com/download-tender-document?ten_detail=NmtXK3Z5SEw2RXFyMmdHdQ%3D%3D,data/raw/oil_india/tenders/detail_pages/GEM_2024_B_5491073.html
GEM_2024_B_5498510,NIT,,https://www.oil-india.com/download-tender-document?ten_detail=NmtXeHV5SEw2RXFyMmdHdQ%3D%3D,data/raw/oil_india/tenders/detail_pages/GEM_2024_B_5498510.html
GEM_2024_B_5499844,NIT,,https://www.oil-india.com/download-tender-document?ten_detail=NmtXL3Z5SEw2RXFyMmdHdQ%3D%3D,data/raw/oil_india/tenders/detail_pages/GEM_2024_B_5499844.html
GEM_2024_B_5499927,NIT,,https://www.oil-india.com/download-tender-document?ten_detail=NmtXL3ZDSEw2RXFyMmdHdQ%3D%3D,data/raw/oil_india/tenders/detail_pages/GEM_2024_B_5499927.html
GEM_2024_B_5503639,NIT,,https://www.oil-india.com/download-tender-document?ten_detail=NmtTMnZDSEw2RXFyMmdHdQ%3D%3D,data/raw/oil_india/tenders/detail_pages/GEM_2024_B_5503639.html
GEM_2024_B_5503650,NIT,,https://www.oil-india.com/download-tender-document?ten_detail=NmtXK3ZpSEw2RXFyMmdHdQ%3D%3D,data/raw/oil_india/tenders/detail_pages/GEM_2024_B_5503650.html
GEM_2024_B_5503699,NIT,,https://www.oil-india.com/download-tender-document?ten_detail=NmtXK3VTSEw2RXFyMmdHdQ%3D%3D,data/raw/oil_india/tenders/detail_pages/GEM_2024_B_5503699.html
GEM_2024_B_5504017,NIT,,https://www.oil-india.com/download-tender-document?ten_detail=NmtXK3V5SEw2RXFyMmdHdQ%3D%3D,data/raw/oil_india/tenders/detail_pages/GEM_2024_B_5504017.html
GEM_2024_B_5515455,NIT,,https://www.oil-india.com/download-tender-document?ten_detail=NmtTMnZ5SEw2RXFyMmdHdQ%3D%3D,data/raw/oil_india/tenders/detail_pages/GEM_2024_B_5515455.html
GEM_2024_B_5515624,NIT,,https://www.oil-india.com/download-tender-document?ten_detail=NmtXL3V5SEw2RXFyMmdHdQ%3D%3D,data/raw/oil_india/tenders/detail_pages/GEM_2024_B_5515624.html
GEM_2024_B_5517004,NIT,,https://www.oil-india.com/download-tender-document?ten_detail=NmtXL3RDSEw2RXFyMmdHdQ%3D%3D,data/raw/oil_india/tenders/detail_pages/GEM_2024_B_5517004.html
GEM_2024_B_5517020,NIT,,https://www.oil-india.com/download-tender-document?ten_detail=NmtTK3ZDSEw2RXFyMmdHdQ%3D%3D,data/raw/oil_india/tenders/detail_pages/GEM_2024_B_5517020.html
GEM_2024_B_5519250,NIT,,https://www.oil-india.com/download-tender-document?ten_detail=NmtXL3VpSEw2RXFyMmdHdQ%3D%3D,data/raw/oil_india/tenders/detail_pages/GEM_2024_B_5519250.html
GEM_2024_B_5521675,NIT,,https://www.oil-india.com/download-tender-document?ten_detail=NmtTMnZTSEw2RXFyMmdHdQ%3D%3D,data/raw/oil_india/tenders/detail_pages/GEM_2024_B_5521675.html
GEM_2024_B_5528059,NIT,,https://www.oil-india.com/download-tender-document?ten_detail=NmtPM3ZpSEw2RXFyMmdHdQ%3D%3D,data/raw/oil_india/tenders/detail_pages/GEM_2024_B_5528059.html
GEM_2024_B_5528546,NIT,,https://www.oil-india.com/download-tender-document?ten_detail=NmtTMnRTSEw2RXFyMmdHdQ%3D%3D,data/raw/oil_india/tenders/detail_pages/GEM_2024_B_5528546.html
GEM_2024_B_5528623,NIT,,https://www.oil-india.com/download-tender-document?ten_detail=NmtTMnZpSEw2RXFyMmdHdQ%3D%3D,data/raw/oil_india/tenders/detail_pages/GEM_2024_B_5528623.html
GEM_2024_B_5530633,NIT,,https://www.oil-india.com/download-tender-document?ten_detail=NmtTM3ZDSEw2RXFyMmdHdQ%3D%3D,data/raw/oil_india/tenders/detail_pages/GEM_2024_B_5530633.html
GEM_2024_B_5532778,NIT,,https://www.oil-india.com/download-tender-document?ten_detail=NmtTMnVDSEw2RXFyMmdHdQ%3D%3D,data/raw/oil_india/tenders/detail_pages/GEM_2024_B_5532778.html
GEM_2024_B_5532826,NIT,,https://www.oil-india.com/download-tender-document?ten_detail=NmtTMnV5SEw2RXFyMmdHdQ%3D%3D,data/raw/oil_india/tenders/detail_pages/GEM_2024_B_5532826.html
GEM_2024_B_5533234,NIT,,https://www.oil-india.com/download-tender-document?ten_detail=NmtTMnVpSEw2RXFyMmdHdQ%3D%3D,data/raw/oil_india/tenders/detail_pages/GEM_2024_B_5533234.html
GEM_2024_B_5533734,NIT,,https://www.oil-india.com/download-tender-document?ten_detail=NmtTMnRDSEw2RXFyMmdHdQ%3D%3D,data/raw/oil_india/tenders/detail_pages/GEM_2024_B_5533734.html
GEM_2024_B_5535204,NIT,,https://www.oil-india.com/download-tender-document?ten_detail=NmtTM3RDSEw2RXFyMmdHdQ%3D%3D,data/raw/oil_india/tenders/detail_pages/GEM_2024_B_5535204.html
GEM_2024_B_5535534,NIT,,https://www.oil-india.com/download-tender-document?ten_detail=NmtTM3VTSEw2RXFyMmdHdQ%3D%3D,data/raw/oil_india/tenders/detail_pages/GEM_2024_B_5535534.html
GEM_2024_B_5535636,NIT,,https://www.oil-india.com/download-tender-document?ten_detail=NmtTM3Z5SEw2RXFyMmdHdQ%3D%3D,data/raw/oil_india/tenders/detail_pages/GEM_2024_B_5535636.html
GEM_2024_B_5535638,NIT,,https://www.oil-india.com/download-tender-document?ten_detail=NmtTM3ZTSEw2RXFyMmdHdQ%3D%3D,data/raw/oil_india/tenders/detail_pages/GEM_2024_B_5535638.html
GEM_2024_B_5537464,NIT,,https://www.oil-india.com/download-tender-document?ten_detail=NmtTM3VDSEw2RXFyMmdHdQ%3D%3D,data/raw/oil_india/tenders/detail_pages/GEM_2024_B_5537464.html
GEM_2024_B_5537562,NIT,,https://www.oil-india.com/download-tender-document?ten_detail=NmtTM3V5SEw2RXFyMmdHdQ%3D%3D,data/raw/oil_india/tenders/detail_pages/GEM_2024_B_5537562.html
GEM_2024_B_5537733,NIT,,https://www.oil-india.com/download-tender-document?ten_detail=NmtTM3VpSEw2RXFyMmdHdQ%3D%3D,data/raw/oil_india/tenders/detail_pages/GEM_2024_B_5537733.html
GEM_2024_B_5537989,NIT,,https://www.oil-india.com/download-tender-document?ten_detail=NmtTMXZ5SEw2RXFyMmdHdQ%3D%3D,data/raw/oil_india/tenders/detail_pages/GEM_2024_B_5537989.html
GEM_2024_B_5539137,NIT,,https://www.oil-india.com/download-tender-document?ten_detail=NmtTM3ZpSEw2RXFyMmdHdQ%3D%3D,data/raw/oil_india/tenders/detail_pages/GEM_2024_B_5539137.html
GEM_2024_B_5539761,NIT,,https://www.oil-india.com/download-tender-document?ten_detail=NmtTMHZDSEw2RXFyMmdHdQ%3D%3D,data/raw/oil_india/tenders/detail_pages/GEM_2024_B_5539761.html
GEM_2024_B_5539773,NIT,,https://www.oil-india.com/download-tender-document?ten_detail=NmtTM3RTSEw2RXFyMmdHdQ%3D%3D,data/raw/oil_india/tenders/detail_pages/GEM_2024_B_5539773.html
GEM_2024_B_5540197,NIT,,https://www.oil-india.com/download-tender-document?ten_detail=NmtTd3VTSEw2RXFyMmdHdQ%3D%3D,data/raw/oil_india/tenders/detail_pages/GEM_2024_B_5540197.html
GEM_2024_B_5541788,NIT,,https://www.oil-india.com/download-tender-document?ten_detail=NmtTenV5SEw2RXFyMmdHdQ%3D%3D,data/raw/oil_india/tenders/detail_pages/GEM_2024_B_5541788.html
GEM_2024_B_5543015,NIT,,https://www.oil-india.com/download-tender-document?ten_detail=NmtTMXVTSEw2RXFyMmdHdQ%3D%3D,data/raw/oil_india/tenders/detail_pages/GEM_2024_B_5543015.html
GEM_2024_B_5544439,NIT,,https://www.oil-india.com/download-tender-document?ten_detail=NmtTMHZpSEw2RXFyMmdHdQ%3D%3D,data/raw/oil_india/tenders/detail_pages/GEM_2024_B_5544439.html
GEM_2024_B_5546491,NIT,,https://www.oil-india.com/download-tender-document?ten_detail=NmtTMXVDSEw2RXFyMmdHdQ%3D%3D,data/raw/oil_india/tenders/detail_pages/GEM_2024_B_5546491.html
GEM_2024_B_5546538,NIT,,https://www.oil-india.com/download-tender-document?ten_detail=NmtTMHVDSEw2RXFyMmdHdQ%3D%3D,data/raw/oil_india/tenders/detail_pages/GEM_2024_B_5546538.html
GEM_2024_B_5547263,NIT,,https://www.oil-india.com/download-tender-document?ten_detail=NmtTMHV5SEw2RXFyMmdHdQ%3D%3D,data/raw/oil_india/tenders/detail_pages/GEM_2024_B_5547263.html
GEM_2024_B_5547319,NIT,,https://www.oil-india.com/download-tender-document?ten_detail=NmtLenZDSEw2RXFyMmdHdQ%3D%3D,data/raw/oil_india/tenders/detail_pages/GEM_2024_B_5547319.html
GEM_2024_B_5547934,NIT,,https://www.oil-india.com/download-tender-document?ten_detail=NmtTMXZTSEw2RXFyMmdHdQ%3D%3D,data/raw/oil_india/tenders/detail_pages/GEM_2024_B_5547934.html
GEM_2024_B_5548488,NIT,,https://www.oil-india.com/download-tender-document?ten_detail=NmtTMXZDSEw2RXFyMmdHdQ%3D%3D,data/raw/oil_india/tenders/detail_pages/GEM_2024_B_5548488.html
GEM_2024_B_5552822,NIT,,https://www.oil-india.com/download-tender-document?ten_detail=NmtTMXZpSEw2RXFyMmdHdQ%3D%3D,data/raw/oil_india/tenders/detail_pages/GEM_2024_B_5552822.html
GEM_2024_B_5553350,NIT,,https://www.oil-india.com/download-tender-document?ten_detail=NmtTMXV5SEw2RXFyMmdHdQ%3D%3D,data/raw/oil_india/tenders/detail_pages/GEM_2024_B_5553350.html
GEM_2024_B_5556401,NIT,,https://www.oil-india.com/download-tender-document?ten_detail=NmtTenZTSEw2RXFyMmdHdQ%3D%3D,data/raw/oil_india/tenders/detail_pages/GEM_2024_B_5556401.html
GEM_2024_B_5556432,NIT,,https://www.oil-india.com/download-tender-document?ten_detail=NmtTeXZTSEw2RXFyMmdHdQ%3D%3D,data/raw/oil_india/tenders/detail_pages/GEM_2024_B_5556432.html
GEM_2024_B_5558178,NIT,,https://www.oil-india.com/download-tender-document?ten_detail=NmtTMXVpSEw2RXFyMmdHdQ%3D%3D,data/raw/oil_india/tenders/detail_pages/GEM_2024_B_5558178.html
GEM_2024_B_5558328,NIT,,https://www.oil-india.com/download-tender-document?ten_detail=NmtTMXRTSEw2RXFyMmdHdQ%3D%3D,data/raw/oil_india/tenders/detail_pages/GEM_2024_B_5558328.html
GEM_2024_B_5559190,NIT,,https://www.oil-india.com/download-tender-document?ten_detail=NmtTeXVpSEw2RXFyMmdHdQ%3D%3D,data/raw/oil_india/tenders/detail_pages/GEM_2024_B_5559190.html
GEM_2024_B_5559270,NIT,,https://www.oil-india.com/download-tender-document?ten_detail=NmtTeXV5SEw2RXFyMmdHdQ%3D%3D,data/raw/oil_india/tenders/detail_pages/GEM_2024_B_5559270.html
GEM_2024_B_5559388,NIT,,https://www.oil-india.com/download-tender-document?ten_detail=NmtTeXZpSEw2RXFyMmdHdQ%3D%3D,data/raw/oil_india/tenders/detail_pages/GEM_2024_B_5559388.html
GEM_2024_B_5559785,NIT,,https://www.oil-india.com/download-tender-document?ten_detail=NmtTeXVDSEw2RXFyMmdHdQ%3D%3D,data/raw/oil_india/tenders/detail_pages/GEM_2024_B_5559785.html
GEM_2024_B_5560778,NIT,,https://www.oil-india.com/download-tender-document?ten_detail=NmtTeXRDSEw2RXFyMmdHdQ%3D%3D,data/raw/oil_india/tenders/detail_pages/GEM_2024_B_5560778.html
GEM_2024_B_5560811,NIT,,https://www.oil-india.com/download-tender-document?ten_detail=NmtTeXZDSEw2RXFyMmdHdQ%3D%3D,data/raw/oil_india/tenders/detail_pages/GEM_2024_B_5560811.html
GEM_2024_B_5564484,NIT,,https://www.oil-india.com/download-tender-document?ten_detail=NmtPMHZTSEw2RXFyMmdHdQ%3D%3D,data/raw/oil_india/tenders/detail_pages/GEM_2024_B_5564484.html
GEM_2024_B_5564899,NIT,,https://www.oil-india.com/download-tender-document?ten_detail=NmtTeHZpSEw2RXFyMmdHdQ%3D%3D,data/raw/oil_india/tenders/detail_pages/GEM_2024_B_5564899.html
GEM_2024_B_5566010,NIT,,https://www.oil-india.com/download-tender-document?ten_detail=NmtTenZ5SEw2RXFyMmdHdQ%3D%3D,data/raw/oil_india/tenders/detail_pages/GEM_2024_B_5566010.html
GEM_2024_B_5571752,NIT,,https://www.oil-india.com/download-tender-document?ten_detail=NmtTenVDSEw2RXFyMmdHdQ%3D%3D,data/raw/oil_india/tenders/detail_pages/GEM_2024_B_5571752.html
GEM_2024_B_5573433,NIT,,https://www.oil-india.com/download-tender-document?ten_detail=NmtTenRDSEw2RXFyMmdHdQ%3D%3D,data/raw/oil_india/tenders/detail_pages/GEM_2024_B_5573433.html
GEM_2024_B_5575466,NIT,,https://www.oil-india.com/download-tender-document?ten_detail=NmtTenVpSEw2RXFyMmdHdQ%3D%3D,data/raw/oil_india/tenders/detail_pages/GEM_2024_B_5575466.html
GEM_2024_B_5575924,NIT,,https://www.oil-india.com/download-tender-document?ten_detail=NmtTenRTSEw2RXFyMmdHdQ%3D%3D,data/raw/oil_india/tenders/detail_pages/GEM_2024_B_5575924.html
GEM_2024_B_5580005,NIT,,https://www.oil-india.com/download-tender-document?ten_detail=NmtTd3ZDSEw2RXFyMmdHdQ%3D%3D,data/raw/oil_india/tenders/detail_pages/GEM_2024_B_5580005.html
GEM_2024_B_5583303,NIT,,https://www.oil-india.com/download-tender-document?ten_detail=NmtTd3RTSEw2RXFyMmdHdQ%3D%3D,data/raw/oil_india/tenders/detail_pages/GEM_2024_B_5583303.html
GEM_2024_B_5584701,NIT,,https://www.oil-india.com/download-tender-document?ten_detail=NmtTd3VpSEw2RXFyMmdHdQ%3D%3D,data/raw/oil_india/tenders/detail_pages/GEM_2024_B_5584701.html
GEM_2024_B_5585773,NIT,,https://www.oil-india.com/download-tender-document?ten_detail=NmtTd3RDSEw2RXFyMmdHdQ%3D%3D,data/raw/oil_india/tenders/detail_pages/GEM_2024_B_5585773.html
GEM_2024_B_5588172,NIT,,https://www.oil-india.com/download-tender-document?ten_detail=NmtTeHZTSEw2RXFyMmdHdQ%3D%3D,data/raw/oil_india/tenders/detail_pages/GEM_2024_B_5588172.html
GEM_2024_B_5588197,NIT,,https://www.oil-india.com/download-tender-document?ten_detail=NmtTeHV5SEw2RXFyMmdHdQ%3D%3D,data/raw/oil_india/tenders/detail_pages/GEM_2024_B_5588197.html
GEM_2024_B_5588918,NIT,,https://www.oil-india.com/download-tender-document?ten_detail=NmtTeHZDSEw2RXFyMmdHdQ%3D%3D,data/raw/oil_india/tenders/detail_pages/GEM_2024_B_5588918.html
GEM_2024_B_5590088,NIT,,https://www.oil-india.com/download-tender-document?ten_detail=NmtTL3ZpSEw2RXFyMmdHdQ%3D%3D,data/raw/oil_india/tenders/detail_pages/GEM_2024_B_5590088.html
GEM_2024_B_5590094,NIT,,https://www.oil-india.com/download-tender-document?ten_detail=NmtTeHVDSEw2RXFyMmdHdQ%3D%3D,data/raw/oil_india/tenders/detail_pages/GEM_2024_B_5590094.html
GEM_2024_B_5593516,NIT,,https://www.oil-india.com/download-tender-document?ten_detail=NmtTK3ZTSEw2RXFyMmdHdQ%3D%3D,data/raw/oil_india/tenders/detail_pages/GEM_2024_B_5593516.html
GEM_2024_B_5594833,NIT,,https://www.oil-india.com/download-tender-document?ten_detail=NmtTeHRDSEw2RXFyMmdHdQ%3D%3D,data/raw/oil_india/tenders/detail_pages/GEM_2024_B_5594833.html
GEM_2024_B_5595473,NIT,,https://www.oil-india.com/download-tender-document?ten_detail=NmtTK3VDSEw2RXFyMmdHdQ%3D%3D,data/raw/oil_india/tenders/detail_pages/GEM_2024_B_5595473.html
GEM_2024_B_5595976,NIT,,https://www.oil-india.com/download-tender-document?ten_detail=NmtTK3ZpSEw2RXFyMmdHdQ%3D%3D,data/raw/oil_india/tenders/detail_pages/GEM_2024_B_5595976.html
GEM_2024_B_5597001,NIT,,https://www.oil-india.com/download-tender-document?ten_detail=NmtTK3VTSEw2RXFyMmdHdQ%3D%3D,data/raw/oil_india/tenders/detail_pages/GEM_2024_B_5597001.html
GEM_2024_B_5597363,NIT,,https://www.oil-india.com/download-tender-document?ten_detail=NmtTK3V5SEw2RXFyMmdHdQ%3D%3D,data/raw/oil_india/tenders/detail_pages/GEM_2024_B_5597363.html
GEM_2024_B_5600350,NIT,,https://www.oil-india.com/download-tender-document?ten_detail=NmtTK3RDSEw2RXFyMmdHdQ%3D%3D,data/raw/oil_india/tenders/detail_pages/GEM_2024_B_5600350.html
GEM_2024_B_5603592,NIT,,https://www.oil-india.com/download-tender-document?ten_detail=NmtTL3Z5SEw2RXFyMmdHdQ%3D%3D,data/raw/oil_india/tenders/detail_pages/GEM_2024_B_5603592.html
GEM_2024_B_5603689,NIT,,https://www.oil-india.com/download-tender-document?ten_detail=NmtPMXVDSEw2RXFyMmdHdQ%3D%3D,data/raw/oil_india/tenders/detail_pages/GEM_2024_B_5603689.html
GEM_2024_B_5606639,NIT,,https://www.oil-india.com/download-tender-document?ten_detail=NmtPMnVTSEw2RXFyMmdHdQ%3D%3D,data/raw/oil_india/tenders/detail_pages/GEM_2024_B_5606639.html
GEM_2024_B_5606791,NIT,,https://www.oil-india.com/download-tender-document?ten_detail=NmtPMnVpSEw2RXFyMmdHdQ%3D%3D,data/raw/oil_india/tenders/detail_pages/GEM_2024_B_5606791.html
GEM_2024_B_5609052,NIT,,https://www.oil-india.com/download-tender-document?ten_detail=NmtPMnZTSEw2RXFyMmdHdQ%3D%3D,data/raw/oil_india/tenders/detail_pages/GEM_2024_B_5609052.html
GEM_2024_B_5609481,NIT,,https://www.oil-india.com/download-tender-document?ten_detail=NmtPenVDSEw2RXFyMmdHdQ%3D%3D,data/raw/oil_india/tenders/detail_pages/GEM_2024_B_5609481.html
GEM_2024_B_5613335,NIT,,https://www.oil-india.com/download-tender-document?ten_detail=NmtTL3VTSEw2RXFyMmdHdQ%3D%3D,data/raw/oil_india/tenders/detail_pages/GEM_2024_B_5613335.html
GEM_2024_B_5613351,NIT,,https://www.oil-india.com/download-tender-document?ten_detail=NmtPMXZTSEw2RXFyMmdHdQ%3D%3D,data/raw/oil_india/tenders/detail_pages/GEM_2024_B_5613351.html
GEM_2024_B_5613446,NIT,,https://www.oil-india.com/download-tender-document?ten_detail=NmtPM3RDSEw2RXFyMmdHdQ%3D%3D,data/raw/oil_india/tenders/detail_pages/GEM_2024_B_5613446.html
GEM_2024_B_5613533,NIT,,https://www.oil-india.com/download-tender-document?ten_detail=NmtPM3V5SEw2RXFyMmdHdQ%3D%3D,data/raw/oil_india/tenders/detail_pages/GEM_2024_B_5613533.html
GEM_2024_B_5614061,NIT,,https://www.oil-india.com/download-tender-document?ten_detail=NmtTL3VDSEw2RXFyMmdHdQ%3D%3D,data/raw/oil_india/tenders/detail_pages/GEM_2024_B_5614061.html
GEM_2024_B_5614714,NIT,,https://www.oil-india.com/download-tender-document?ten_detail=NmtTL3V5SEw2RXFyMmdHdQ%3D%3D,data/raw/oil_india/tenders/detail_pages/GEM_2024_B_5614714.html
GEM_2024_B_5616614,NIT,,https://www.oil-india.com/download-tender-document?ten_detail=NmtTL3VpSEw2RXFyMmdHdQ%3D%3D,data/raw/oil_india/tenders/detail_pages/GEM_2024_B_5616614.html
GEM_2024_B_5616953,NIT,,https://www.oil-india.com/download-tender-document?ten_detail=NmtTL3RTSEw2RXFyMmdHdQ%3D%3D,data/raw/oil_india/tenders/detail_pages/GEM_2024_B_5616953.html
GEM_2024_B_5617171,NIT,,https://www.oil-india.com/download-tender-document?ten_detail=NmtPMnZDSEw2RXFyMmdHdQ%3D%3D,data/raw/oil_india/tenders/detail_pages/GEM_2024_B_5617171.html
GEM_2024_B_5618012,NIT,,https://www.oil-india.com/download-tender-document?ten_detail=NmtPenVTSEw2RXFyMmdHdQ%3D%3D,data/raw/oil_india/tenders/detail_pages/GEM_2024_B_5618012.html
GEM_2024_B_5618309,NIT,,https://www.oil-india.com/download-tender-document?ten_detail=NmtPMnVDSEw2RXFyMmdHdQ%3D%3D,data/raw/oil_india/tenders/detail_pages/GEM_2024_B_5618309.html
GEM_2024_B_5619768,NIT,,https://www.oil-india.com/download-tender-document?ten_detail=NmtPeXRTSEw2RXFyMmdHdQ%3D%3D,data/raw/oil_india/tenders/detail_pages/GEM_2024_B_5619768.html
GEM_2024_B_5619921,NIT,,https://www.oil-india.com/download-tender-document?ten_detail=NmtPMnV5SEw2RXFyMmdHdQ%3D%3D,data/raw/oil_india/tenders/detail_pages/GEM_2024_B_5619921.html
GEM_2024_B_5620929,NIT,,https://www.oil-india.com/download-tender-document?ten_detail=NmtPMnRTSEw2RXFyMmdHdQ%3D%3D,data/raw/oil_india/tenders/detail_pages/GEM_2024_B_5620929.html
GEM_2024_B_5620936,NIT,,https://www.oil-india.com/download-tender-document?ten_detail=NmtPMnRDSEw2RXFyMmdHdQ%3D%3D,data/raw/oil_india/tenders/detail_pages/GEM_2024_B_5620936.html
GEM_2024_B_5620959,NIT,,https://www.oil-india.com/download-tender-document?ten_detail=NmtPMXVTSEw2RXFyMmdHdQ%3D%3D,data/raw/oil_india/tenders/detail_pages/GEM_2024_B_5620959.html
GEM_2024_B_5621101,NIT,,https://www.oil-india.com/download-tender-document?ten_detail=NmtPM3ZDSEw2RXFyMmdHdQ%3D%3D,data/raw/oil_india/tenders/detail_pages/GEM_2024_B_5621101.html
GEM_2024_B_5622090,NIT,,https://www.oil-india.com/download-tender-document?ten_detail=NmtPM3Z5SEw2RXFyMmdHdQ%3D%3D,data/raw/oil_india/tenders/detail_pages/GEM_2024_B_5622090.html
GEM_2024_B_5623134,NIT,,https://www.oil-india.com/download-tender-document?ten_detail=NmtPM3VTSEw2RXFyMmdHdQ%3D%3D,data/raw/oil_india/tenders/detail_pages/GEM_2024_B_5623134.html
GEM_2024_B_5623902,NIT,,https://www.oil-india.com/download-tender-document?ten_detail=NmtPM3RTSEw2RXFyMmdHdQ%3D%3D,data/raw/oil_india/tenders/detail_pages/GEM_2024_B_5623902.html
GEM_2024_B_5625865,NIT,,https://www.oil-india.com/download-tender-document?ten_detail=NmtPM3VDSEw2RXFyMmdHdQ%3D%3D,data/raw/oil_india/tenders/detail_pages/GEM_2024_B_5625865.html
GEM_2024_B_5626897,NIT,,https://www.oil-india.com/download-tender-document?ten_detail=NmtLenZ5SEw2RXFyMmdHdQ%3D%3D,data/raw/oil_india/tenders/detail_pages/GEM_2024_B_5626897.html
GEM_2024_B_5627664,NIT,,https://www.oil-india.com/download-tender-document?ten_detail=NmtPMHZ5SEw2RXFyMmdHdQ%3D%3D,data/raw/oil_india/tenders/detail_pages/GEM_2024_B_5627664.html
GEM_2024_B_5627928,NIT,,https://www.oil-india.com/download-tender-document?ten_detail=NmtPM3VpSEw2RXFyMmdHdQ%3D%3D,data/raw/oil_india/tenders/detail_pages/GEM_2024_B_5627928.html
GEM_2024_B_5628494,NIT,,https://www.oil-india.com/download-tender-document?ten_detail=NmtPeXVpSEw2RXFyMmdHdQ%3D%3D,data/raw/oil_india/tenders/detail_pages/GEM_2024_B_5628494.html
GEM_2024_B_5629396,NIT,,https://www.oil-india.com/download-tender-document?ten_detail=NmtPMHZDSEw2RXFyMmdHdQ%3D%3D,data/raw/oil_india/tenders/detail_pages/GEM_2024_B_5629396.html
GEM_2024_B_5630510,NIT,,https://www.oil-india.com/download-tender-document?ten_detail=NmtPenZpSEw2RXFyMmdHdQ%3D%3D,data/raw/oil_india/tenders/detail_pages/GEM_2024_B_5630510.html
GEM_2024_B_5630522,NIT,,https://www.oil-india.com/download-tender-document?ten_detail=NmtPMHV5SEw2RXFyMmdHdQ%3D%3D,data/raw/oil_india/tenders/detail_pages/GEM_2024_B_5630522.html
GEM_2024_B_5630889,NIT,,https://www.oil-india.com/download-tender-document?ten_detail=NmtPMXVpSEw2RXFyMmdHdQ%3D%3D,data/raw/oil_india/tenders/detail_pages/GEM_2024_B_5630889.html
GEM_2024_B_5632896,NIT,,https://www.oil-india.com/download-tender-document?ten_detail=NmtLd3VDSEw2RXFyMmdHdQ%3D%3D,data/raw/oil_india/tenders/detail_pages/GEM_2024_B_5632896.html
GEM_2024_B_5632964,NIT,,https://www.oil-india.com/download-tender-document?ten_detail=NmtPMHVpSEw2RXFyMmdHdQ%3D%3D,data/raw/oil_india/tenders/detail_pages/GEM_2024_B_5632964.html
GEM_2024_B_5633363,NIT,,https://www.oil-india.com/download-tender-document?ten_detail=NmtPMHZpSEw2RXFyMmdHdQ%3D%3D,data/raw/oil_india/tenders/detail_pages/GEM_2024_B_5633363.html
GEM_2024_B_5634085,NIT,,https://www.oil-india.com/download-tender-document?ten_detail=NmtPMHVTSEw2RXFyMmdHdQ%3D%3D,data/raw/oil_india/tenders/detail_pages/GEM_2024_B_5634085.html
GEM_2024_B_5634537,NIT,,https://www.oil-india.com/download-tender-document?ten_detail=NmtPMHVDSEw2RXFyMmdHdQ%3D%3D,data/raw/oil_india/tenders/detail_pages/GEM_2024_B_5634537.html
GEM_2024_B_5635104,NIT,,https://www.oil-india.com/download-tender-document?ten_detail=NmtPMHRTSEw2RXFyMmdHdQ%3D%3D,data/raw/oil_india/tenders/detail_pages/GEM_2024_B_5635104.html
GEM_2024_B_5637142,NIT,,https://www.oil-india.com/download-tender-document?ten_detail=NmtPMHRDSEw2RXFyMmdHdQ%3D%3D,data/raw/oil_india/tenders/detail_pages/GEM_2024_B_5637142.html
GEM_2024_B_5637953,NIT,,https://www.oil-india.com/download-tender-document?ten_detail=NmtPMXZpSEw2RXFyMmdHdQ%3D%3D,data/raw/oil_india/tenders/detail_pages/GEM_2024_B_5637953.html
GEM_2024_B_5638349,NIT,,https://www.oil-india.com/download-tender-document?ten_detail=NmtPMXRTSEw2RXFyMmdHdQ%3D%3D,data/raw/oil_india/tenders/detail_pages/GEM_2024_B_5638349.html
GEM_2024_B_5640099,NIT,,https://www.oil-india.com/download-tender-document?ten_detail=NmtPeXZpSEw2RXFyMmdHdQ%3D%3D,data/raw/oil_india/tenders/detail_pages/GEM_2024_B_5640099.html
GEM_2024_B_5640155,NIT,,https://www.oil-india.com/download-tender-document?ten_detail=NmtPeXZ5SEw2RXFyMmdHdQ%3D%3D,data/raw/oil_india/tenders/detail_pages/GEM_2024_B_5640155.html
GEM_2024_B_5640354,NIT,,https://www.oil-india.com/download-tender-document?ten_detail=NmtPeXZDSEw2RXFyMmdHdQ%3D%3D,data/raw/oil_india/tenders/detail_pages/GEM_2024_B_5640354.html
GEM_2024_B_5642875,NIT,,https://www.oil-india.com/download-tender-document?ten_detail=NmtPMXRDSEw2RXFyMmdHdQ%3D%3D,data/raw/oil_india/tenders/detail_pages/GEM_2024_B_5642875.html
GEM_2024_B_5643586,NIT,,https://www.oil-india.com/download-tender-document?ten_detail=NmtPeXVTSEw2RXFyMmdHdQ%3D%3D,data/raw/oil_india/tenders/detail_pages/GEM_2024_B_5643586.html
GEM_2024_B_5645643,NIT,,https://www.oil-india.com/download-tender-document?ten_detail=NmtPenVpSEw2RXFyMmdHdQ%3D%3D,data/raw/oil_india/tenders/detail_pages/GEM_2024_B_5645643.html
GEM_2024_B_5645829,NIT,,https://www.oil-india.com/download-tender-document?ten_detail=NmtPenV5SEw2RXFyMmdHdQ%3D%3D,data/raw/oil_india/tenders/detail_pages/GEM_2024_B_5645829.html
GEM_2024_B_5646058,NIT,,https://www.oil-india.com/download-tender-document?ten_detail=NmtPenZTSEw2RXFyMmdHdQ%3D%3D,data/raw/oil_india/tenders/detail_pages/GEM_2024_B_5646058.html
GEM_2024_B_5647351,NIT,,https://www.oil-india.com/download-tender-document?ten_detail=NmtPeXVDSEw2RXFyMmdHdQ%3D%3D,data/raw/oil_india/tenders/detail_pages/GEM_2024_B_5647351.html
GEM_2024_B_5648347,NIT,,https://www.oil-india.com/download-tender-document?ten_detail=NmtPeXV5SEw2RXFyMmdHdQ%3D%3D,data/raw/oil_india/tenders/detail_pages/GEM_2024_B_5648347.html
GEM_2024_B_5652862,NIT,,https://www.oil-india.com/download-tender-document?ten_detail=NmtPenZDSEw2RXFyMmdHdQ%3D%3D,data/raw/oil_india/tenders/detail_pages/GEM_2024_B_5652862.html
GEM_2024_B_5653641,NIT,,https://www.oil-india.com/download-tender-document?ten_detail=NmtPenZ5SEw2RXFyMmdHdQ%3D%3D,data/raw/oil_india/tenders/detail_pages/GEM_2024_B_5653641.html
GEM_2024_B_5655106,NIT,,https://www.oil-india.com/download-tender-document?ten_detail=NmtPenRTSEw2RXFyMmdHdQ%3D%3D,data/raw/oil_india/tenders/detail_pages/GEM_2024_B_5655106.html
GEM_2024_B_5655999,NIT,,https://www.oil-india.com/download-tender-document?ten_detail=NmtPeHVDSEw2RXFyMmdHdQ%3D%3D,data/raw/oil_india/tenders/detail_pages/GEM_2024_B_5655999.html
GEM_2024_B_5658370,NIT,,https://www.oil-india.com/download-tender-document?ten_detail=NmtPenRDSEw2RXFyMmdHdQ%3D%3D,data/raw/oil_india/tenders/detail_pages/GEM_2024_B_5658370.html
GEM_2024_B_5660567,NIT,,https://www.oil-india.com/download-tender-document?ten_detail=NmtLMXZTSEw2RXFyMmdHdQ%3D%3D,data/raw/oil_india/tenders/detail_pages/GEM_2024_B_5660567.html
GEM_2024_B_5662430,NIT,,https://www.oil-india.com/download-tender-document?ten_detail=NmtPeHZTSEw2RXFyMmdHdQ%3D%3D,data/raw/oil_india/tenders/detail_pages/GEM_2024_B_5662430.html
GEM_2024_B_5662461,NIT,,https://www.oil-india.com/download-tender-document?ten_detail=NmtPd3RDSEw2RXFyMmdHdQ%3D%3D,data/raw/oil_india/tenders/detail_pages/GEM_2024_B_5662461.html
GEM_2024_B_5662510,NIT,,https://www.oil-india.com/download-tender-document?ten_detail=NmtLM3V5SEw2RXFyMmdHdQ%3D%3D,data/raw/oil_india/tenders/detail_pages/GEM_2024_B_5662510.html
GEM_2024_B_5664265,NIT,,https://www.oil-india.com/download-tender-document?ten_detail=NmtPeHZDSEw2RXFyMlFXdg%3D%3D,data/raw/oil_india/tenders/detail_pages/GEM_2024_B_5664265.html
GEM_2024_B_5664588,NIT,,https://www.oil-india.com/download-tender-document?ten_detail=NmtPeHZ5SEw2RXFyMmdHdQ%3D%3D,data/raw/oil_india/tenders/detail_pages/GEM_2024_B_5664588.html
GEM_2024_B_5664974,NIT,,https://www.oil-india.com/download-tender-document?ten_detail=NmtPK3Z5SEw2RXFyMmdHdQ%3D%3D,data/raw/oil_india/tenders/detail_pages/GEM_2024_B_5664974.html
GEM_2024_B_5667363,NIT,,https://www.oil-india.com/download-tender-document?ten_detail=NmtPeHV5SEw2RXFyMmdHdQ%3D%3D,data/raw/oil_india/tenders/detail_pages/GEM_2024_B_5667363.html
GEM_2024_B_5667784,NIT,,https://www.oil-india.com/download-tender-document?ten_detail=NmtLMXRDSEw2RXFyMmdHdQ%3D%3D,data/raw/oil_india/tenders/detail_pages/GEM_2024_B_5667784.html
GEM_2024_B_5670994,NIT,,https://www.oil-india.com/download-tender-document?ten_detail=NmtPeHVpSEw2RXFyMmdHdQ%3D%3D,data/raw/oil_india/tenders/detail_pages/GEM_2024_B_5670994.html
GEM_2024_B_5673209,NIT,,https://www.oil-india.com/download-tender-document?ten_detail=NmtPK3ZDSEw2RXFyMmdHdQ%3D%3D,data/raw/oil_india/tenders/detail_pages/GEM_2024_B_5673209.html
GEM_2024_B_5674827,NIT,,https://www.oil-india.com/download-tender-document?ten_detail=NmtPK3ZTSEw2RXFyMmdHdQ%3D%3D,data/raw/oil_india/tenders/detail_pages/GEM_2024_B_5674827.html
GEM_2024_B_5677225,NIT,,https://www.oil-india.com/download-tender-document?ten_detail=NmtPeHRTSEw2RXFyMmdHdQ%3D%3D,data/raw/oil_india/tenders/detail_pages/GEM_2024_B_5677225.html
GEM_2024_B_5678609,NIT,,https://www.oil-india.com/download-tender-document?ten_detail=NmtPK3VTSEw2RXFyMmdHdQ%3D%3D,data/raw/oil_india/tenders/detail_pages/GEM_2024_B_5678609.html
GEM_2024_B_5678858,NIT,,https://www.oil-india.com/download-tender-document?ten_detail=NmtPeHRDSEw2RXFyMmdHdQ%3D%3D,data/raw/oil_india/tenders/detail_pages/GEM_2024_B_5678858.html
GEM_2024_B_5680669,NIT,,https://www.oil-india.com/download-tender-document?ten_detail=NmtLMnVTSEw2RXFyMmdHdQ%3D%3D,data/raw/oil_india/tenders/detail_pages/GEM_2024_B_5680669.html
GEM_2024_B_5680829,NIT,,https://www.oil-india.com/download-tender-document?ten_detail=NmtPK3ZpSEw2RXFyMmdHdQ%3D%3D,data/raw/oil_india/tenders/detail_pages/GEM_2024_B_5680829.html
GEM_2024_B_5684076,NIT,,https://www.oil-india.com/download-tender-document?ten_detail=NmtPL3ZTSEw2RXFyMmdHdQ%3D%3D,data/raw/oil_india/tenders/detail_pages/GEM_2024_B_5684076.html
GEM_2024_B_5684110,NIT,,https://www.oil-india.com/download-tender-document?ten_detail=NmtPK3V5SEw2RXFyMmdHdQ%3D%3D,data/raw/oil_india/tenders/detail_pages/GEM_2024_B_5684110.html
GEM_2024_B_5685465,NIT,,https://www.oil-india.com/download-tender-document?ten_detail=NmtPL3ZDSEw2RXFyMmdHdQ%3D%3D,data/raw/oil_india/tenders/detail_pages/GEM_2024_B_5685465.html
GEM_2024_B_5685576,NIT,,https://www.oil-india.com/download-tender-document?ten_detail=NmtPK3RTSEw2RXFyMmdHdQ%3D%3D,data/raw/oil_india/tenders/detail_pages/GEM_2024_B_5685576.html
GEM_2024_B_5685687,NIT,,https://www.oil-india.com/download-tender-document?ten_detail=NmtPK3VpSEw2RXFyMmdHdQ%3D%3D,data/raw/oil_india/tenders/detail_pages/GEM_2024_B_5685687.html
GEM_2024_B_5685804,NIT,,https://www.oil-india.com/download-tender-document?ten_detail=NmtLMnVpSEw2RXFyMmdHdQ%3D%3D,data/raw/oil_india/tenders/detail_pages/GEM_2024_B_5685804.html
GEM_2024_B_5686076,NIT,,https://www.oil-india.com/download-tender-document?ten_detail=NmtPL3V5SEw2RXFyMmdHdQ%3D%3D,data/raw/oil_india/tenders/detail_pages/GEM_2024_B_5686076.html
GEM_2024_B_5686334,NIT,,https://www.oil-india.com/download-tender-document?ten_detail=NmtPK3RDSEw2RXFyMmdHdQ%3D%3D,data/raw/oil_india/tenders/detail_pages/GEM_2024_B_5686334.html
GEM_2024_B_5686858,NIT,,https://www.oil-india.com/download-tender-document?ten_detail=NmtLMnZDSEw2RXFyMmdHdQ%3D%3D,data/raw/oil_india/tenders/detail_pages/GEM_2024_B_5686858.html
GEM_2024_B_5687306,NIT,,https://www.oil-india.com/download-tender-document?ten_detail=NmtLMnZ5SEw2RXFyMmdHdQ%3D%3D,data/raw/oil_india/tenders/detail_pages/GEM_2024_B_5687306.html
GEM_2024_B_5687666,NIT,,https://www.oil-india.com/download-tender-document?ten_detail=NmtLMnZTSEw2RXFyMmdHdQ%3D%3D,data/raw/oil_india/tenders/detail_pages/GEM_2024_B_5687666.html
GEM_2024_B_5689725,NIT,,https://www.oil-india.com/download-tender-document?ten_detail=NmtPL3VDSEw2RXFyMmdHdQ%3D%3D,data/raw/oil_india/tenders/detail_pages/GEM_2024_B_5689725.html
GEM_2024_B_5689754,NIT,,https://www.oil-india.com/download-tender-document?ten_detail=NmtPL3VTSEw2RXFyMmdHdQ%3D%3D,data/raw/oil_india/tenders/detail_pages/GEM_2024_B_5689754.html
GEM_2024_B_5689961,NIT,,https://www.oil-india.com/download-tender-document?ten_detail=NmtPL3Z5SEw2RXFyMmdHdQ%3D%3D,data/raw/oil_india/tenders/detail_pages/GEM_2024_B_5689961.html
GEM_2024_B_5690035,NIT,,https://www.oil-india.com/download-tender-document?ten_detail=NmtLMXZDSEw2RXFyMmdHdQ%3D%3D,data/raw/oil_india/tenders/detail_pages/GEM_2024_B_5690035.html
GEM_2024_B_5692510,NIT,,https://www.oil-india.com/download-tender-document?ten_detail=NmtLM3ZpSEw2RXFyMmdHdQ%3D%3D,data/raw/oil_india/tenders/detail_pages/GEM_2024_B_5692510.html
GEM_2024_B_5692561,NIT,,https://www.oil-india.com/download-tender-document?ten_detail=NmtPL3VpSEw2RXFyMmdHdQ%3D%3D,data/raw/oil_india/tenders/detail_pages/GEM_2024_B_5692561.html
GEM_2024_B_5692785,NIT,,https://www.oil-india.com/download-tender-document?ten_detail=NmtLMnZpSEw2RXFyMmdHdQ%3D%3D,data/raw/oil_india/tenders/detail_pages/GEM_2024_B_5692785.html
GEM_2024_B_5693645,NIT,,https://www.oil-india.com/download-tender-document?ten_detail=NmtPL3RDSEw2RXFyMmdHdQ%3D%3D,data/raw/oil_india/tenders/detail_pages/GEM_2024_B_5693645.html
GEM_2024_B_5697688,NIT,,https://www.oil-india.com/download-tender-document?ten_detail=NmtPL3RTSEw2RXFyMmdHdQ%3D%3D,data/raw/oil_india/tenders/detail_pages/GEM_2024_B_5697688.html
GEM_2024_B_5700973,NIT,,https://www.oil-india.com/download-tender-document?ten_detail=NmtLMnVDSEw2RXFyMmdHdQ%3D%3D,data/raw/oil_india/tenders/detail_pages/GEM_2024_B_5700973.html
GEM_2024_B_5701138,NIT,,https://www.oil-india.com/download-tender-document?ten_detail=NmtLMXV5SEw2RXFyMmdHdQ%3D%3D,data/raw/oil_india/tenders/detail_pages/GEM_2024_B_5701138.html
GEM_2024_B_5703416,NIT,,https://www.oil-india.com/download-tender-document?ten_detail=NmtLMnV5SEw2RXFyMmdHdQ%3D%3D,data/raw/oil_india/tenders/detail_pages/GEM_2024_B_5703416.html
GEM_2024_B_5704191,NIT,,https://www.oil-india.com/download-tender-document?ten_detail=NmtLM3VpSEw2RXFyMmdHdQ%3D%3D,data/raw/oil_india/tenders/detail_pages/GEM_2024_B_5704191.html
GEM_2024_B_5705264,NIT,,https://www.oil-india.com/download-tender-document?ten_detail=NmtLM3ZTSEw2RXFyMmdHdQ%3D%3D,data/raw/oil_india/tenders/detail_pages/GEM_2024_B_5705264.html
GEM_2024_B_5705992,NIT,,https://www.oil-india.com/download-tender-document?ten_detail=NmtLM3ZDSEw2RXFyMmdHdQ%3D%3D,data/raw/oil_india/tenders/detail_pages/GEM_2024_B_5705992.html
GEM_2024_B_5706525,NIT,,https://www.oil-india.com/download-tender-document?ten_detail=NmtLM3VTSEw2RXFyMmdHdQ%3D%3D,data/raw/oil_india/tenders/detail_pages/GEM_2024_B_5706525.html
GEM_2024_B_5710064,NIT,,https://www.oil-india.com/download-tender-document?ten_detail=NmtLMXZ5SEw2RXFyMmdHdQ%3D%3D,data/raw/oil_india/tenders/detail_pages/GEM_2024_B_5710064.html
GEM_2024_B_5715606,NIT,,https://www.oil-india.com/download-tender-document?ten_detail=NmtLM3VDSEw2RXFyMmdHdQ%3D%3D,data/raw/oil_india/tenders/detail_pages/GEM_2024_B_5715606.html
GEM_2024_B_5715903,NIT,,https://www.oil-india.com/download-tender-document?ten_detail=NmtLMXRTSEw2RXFyMmdHdQ%3D%3D,data/raw/oil_india/tenders/detail_pages/GEM_2024_B_5715903.html
GEM_2024_B_5717156,NIT,,https://www.oil-india.com/download-tender-document?ten_detail=NmtLM3RDSEw2RXFyMmdHdQ%3D%3D,data/raw/oil_india/tenders/detail_pages/GEM_2024_B_5717156.html
GEM_2024_B_5717264,NIT,,https://www.oil-india.com/download-tender-document?ten_detail=NmtLMHZTSEw2RXFyMmdHdQ%3D%3D,data/raw/oil_india/tenders/detail_pages/GEM_2024_B_5717264.html
GEM_2024_B_5717561,NIT,,https://www.oil-india.com/download-tender-document?ten_detail=NmtLM3RTSEw2RXFyMmdHdQ%3D%3D,data/raw/oil_india/tenders/detail_pages/GEM_2024_B_5717561.html
GEM_2024_B_5720438,NIT,,https://www.oil-india.com/download-tender-document?ten_detail=NmtLMHRDSEw2RXFyMmdHdQ%3D%3D,data/raw/oil_india/tenders/detail_pages/GEM_2024_B_5720438.html
GEM_2024_B_5720987,NIT,,https://www.oil-india.com/download-tender-document?ten_detail=NmtLMHZpSEw2RXFyMmdHdQ%3D%3D,data/raw/oil_india/tenders/detail_pages/GEM_2024_B_5720987.html
GEM_2024_B_5724768,NIT,,https://www.oil-india.com/download-tender-document?ten_detail=NmtLMHRTSEw2RXFyMmdHdQ%3D%3D,data/raw/oil_india/tenders/detail_pages/GEM_2024_B_5724768.html
GEM_2024_B_5725768,NIT,,https://www.oil-india.com/download-tender-document?ten_detail=NmtLMHVDSEw2RXFyMmdHdQ%3D%3D,data/raw/oil_india/tenders/detail_pages/GEM_2024_B_5725768.html
GEM_2024_B_5727693,NIT,,https://www.oil-india.com/download-tender-document?ten_detail=NmtLenVpSEw2RXFyMmdHdQ%3D%3D,data/raw/oil_india/tenders/detail_pages/GEM_2024_B_5727693.html
GEM_2024_B_5729417,NIT,,https://www.oil-india.com/download-tender-document?ten_detail=NmtLeHZpSEw2RXFyMmdHdQ%3D%3D,data/raw/oil_india/tenders/detail_pages/GEM_2024_B_5729417.html
GEM_2024_B_5731530,NIT,,https://www.oil-india.com/download-tender-document?ten_detail=NmtLMXZpSEw2RXFyMmdHdQ%3D%3D,data/raw/oil_india/tenders/detail_pages/GEM_2024_B_5731530.html
GEM_2024_B_5732773,NIT,,https://www.oil-india.com/download-tender-document?ten_detail=NmtLeHVTSEw2RXFyMmdHdQ%3D%3D,data/raw/oil_india/tenders/detail_pages/GEM_2024_B_5732773.html
GEM_2024_B_5733685,NIT,,https://www.oil-india.com/download-tender-document?ten_detail=NmtLeXRDSEw2RXFyMmdHdQ%3D%3D,data/raw/oil_india/tenders/detail_pages/GEM_2024_B_5733685.html
GEM_2024_B_5735599,NIT,,https://www.oil-india.com/download-tender-document?ten_detail=NmtLeXZ5SEw2RXFyMmdHdQ%3D%3D,data/raw/oil_india/tenders/detail_pages/GEM_2024_B_5735599.html
GEM_2024_B_5736629,NIT,,https://www.oil-india.com/download-tender-document?ten_detail=NmtLd3ZDSEw2RXFyMmdHdQ%3D%3D,data/raw/oil_india/tenders/detail_pages/GEM_2024_B_5736629.html
GEM_2024_B_5736826,NIT,,https://www.oil-india.com/download-tender-document?ten_detail=NmtLeXZTSEw2RXFyMmdHdQ%3D%3D,data/raw/oil_india/tenders/detail_pages/GEM_2024_B_5736826.html
GEM_2024_B_5739650,NIT,,https://www.oil-india.com/download-tender-document?ten_detail=NmtLeXZDSEw2RXFyMmdHdQ%3D%3D,data/raw/oil_india/tenders/detail_pages/GEM_2024_B_5739650.html
GEM_2024_B_5740631,NIT,,https://www.oil-india.com/download-tender-document?ten_detail=NmtLeXZpSEw2RXFyMmdHdQ%3D%3D,data/raw/oil_india/tenders/detail_pages/GEM_2024_B_5740631.html
GEM_2024_B_5741679,NIT,,https://www.oil-india.com/download-tender-document?ten_detail=NmtLenZTSEw2RXFyMmdHdQ%3D%3D,data/raw/oil_india/tenders/detail_pages/GEM_2024_B_5741679.html
GEM_2024_B_5742172,NIT,,https://www.oil-india.com/download-tender-document?ten_detail=NmtLeXV5SEw2RXFyMmdHdQ%3D%3D,data/raw/oil_india/tenders/detail_pages/GEM_2024_B_5742172.html
GEM_2024_B_5742744,NIT,,https://www.oil-india.com/download-tender-document?ten_detail=NmtLeXVTSEw2RXFyMmdHdQ%3D%3D,data/raw/oil_india/tenders/detail_pages/GEM_2024_B_5742744.html
GEM_2024_B_5742866,NIT,,https://www.oil-india.com/download-tender-document?ten_detail=NmtLenV5SEw2RXFyMmdHdQ%3D%3D,data/raw/oil_india/tenders/detail_pages/GEM_2024_B_5742866.html
GEM_2024_B_5742892,NIT,,https://www.oil-india.com/download-tender-document?ten_detail=NmtLd3ZTSEw2RXFyMmdHdQ%3D%3D,data/raw/oil_india/tenders/detail_pages/GEM_2024_B_5742892.html
GEM_2024_B_5742932,NIT,,https://www.oil-india.com/download-tender-document?ten_detail=NmtLenRDSEw2RXFyMmdHdQ%3D%3D,data/raw/oil_india/tenders/detail_pages/GEM_2024_B_5742932.html
GEM_2024_B_5745587,NIT,,https://www.oil-india.com/download-tender-document?ten_detail=NmtLeXVpSEw2RXFyMmdHdQ%3D%3D,data/raw/oil_india/tenders/detail_pages/GEM_2024_B_5745587.html
GEM_2024_B_5745594,NIT,,https://www.oil-india.com/download-tender-document?ten_detail=NmtLeXRTSEw2RXFyMmdHdQ%3D%3D,data/raw/oil_india/tenders/detail_pages/GEM_2024_B_5745594.html
GEM_2024_B_5745677,NIT,,https://www.oil-india.com/download-tender-document?ten_detail=NmtLK3RTSEw2RXFyMmdHdQ%3D%3D,data/raw/oil_india/tenders/detail_pages/GEM_2024_B_5745677.html
GEM_2024_B_5747708,NIT,,https://www.oil-india.com/download-tender-document?ten_detail=NmtLeHVpSEw2RXFyMmdHdQ%3D%3D,data/raw/oil_india/tenders/detail_pages/GEM_2024_B_5747708.html
GEM_2024_B_5750236,NIT,,https://www.oil-india.com/download-tender-document?ten_detail=NmtLenRTSEw2RXFyMmdHdQ%3D%3D,data/raw/oil_india/tenders/detail_pages/GEM_2024_B_5750236.html
GEM_2024_B_5752415,NIT,,https://www.oil-india.com/download-tender-document?ten_detail=NmtHd3VTSEw2RXFyMmdHdQ%3D%3D,data/raw/oil_india/tenders/detail_pages/GEM_2024_B_5752415.html
GEM_2024_B_5753520,NIT,,https://www.oil-india.com/download-tender-document?ten_detail=NmtLeHVDSEw2RXFyMmdHdQ%3D%3D,data/raw/oil_india/tenders/detail_pages/GEM_2024_B_5753520.html
GEM_2024_B_5754077,NIT,,https://www.oil-india.com/download-tender-document?ten_detail=NmtLd3ZpSEw2RXFyMmdHdQ%3D%3D,data/raw/oil_india/tenders/detail_pages/GEM_2024_B_5754077.html
GEM_2024_B_5754308,NIT,,https://www.oil-india.com/download-tender-document?ten_detail=NmtHM3ZDSEw2RXFyMmdHdQ%3D%3D,data/raw/oil_india/tenders/detail_pages/GEM_2024_B_5754308.html
GEM_2024_B_5755845,NIT,,https://www.oil-india.com/download-tender-document?ten_detail=NmtLd3V5SEw2RXFyMmdHdQ%3D%3D,data/raw/oil_india/tenders/detail_pages/GEM_2024_B_5755845.html
GEM_2024_B_5761487,NIT,,https://www.oil-india.com/download-tender-document?ten_detail=NmtLd3RTSEw2RXFyMmdHdQ%3D%3D,data/raw/oil_india/tenders/detail_pages/GEM_2024_B_5761487.html
GEM_2024_B_5763849,NIT,,https://www.oil-india.com/download-tender-document?ten_detail=NmtLd3RDSEw2RXFyMmdHdQ%3D%3D,data/raw/oil_india/tenders/detail_pages/GEM_2024_B_5763849.html
GEM_2024_B_5763998,NIT,,https://www.oil-india.com/download-tender-document?ten_detail=NmtLeHZTSEw2RXFyMmdHdQ%3D%3D,data/raw/oil_india/tenders/detail_pages/GEM_2024_B_5763998.html
GEM_2024_B_5764613,NIT,,https://www.oil-india.com/download-tender-document?ten_detail=NmtHMnVDSEw2RXFyMmdHdQ%3D%3D,data/raw/oil_india/tenders/detail_pages/GEM_2024_B_5764613.html
GEM_2024_B_5766596,NIT,,https://www.oil-india.com/download-tender-document?ten_detail=NmtLeHZDSEw2RXFyMmdHdQ%3D%3D,data/raw/oil_india/tenders/detail_pages/GEM_2024_B_5766596.html
GEM_2024_B_5766675,NIT,,https://www.oil-india.com/download-tender-document?ten_detail=NmtLL3Z5SEw2RXFyMmdHdQ%3D%3D,data/raw/oil_india/tenders/detail_pages/GEM_2024_B_5766675.html
GEM_2024_B_5766706,NIT,,https://www.oil-india.com/download-tender-document?ten_detail=NmtLeHZ5SEw2RXFyMmdHdQ%3D%3D,data/raw/oil_india/tenders/detail_pages/GEM_2024_B_5766706.html
GEM_2024_B_5769333,NIT,,https://www.oil-india.com/download-tender-document?ten_detail=NmtDeHRDSEw2RXFyMmdHdQ%3D%3D,data/raw/oil_india/tenders/detail_pages/GEM_2024_B_5769333.html
GEM_2025_B_,NIT,,https://www.oil-india.com/download-tender-document?ten_detail=NlVLK3Z5SEw2RXFyMmdHdQ%3D%3D,data/raw/oil_india/tenders/detail_pages/GEM_2025_B_.html
GEM_2025_B_5773952,NIT,,https://www.oil-india.com/download-tender-document?ten_detail=NmtHenRDSEw2RXFyMmdHdQ%3D%3D,data/raw/oil_india/tenders/detail_pages/GEM_2025_B_5773952.html
GEM_2025_B_5775488,NIT,,https://www.oil-india.com/download-tender-document?ten_detail=NmtLK3ZTSEw2RXFyMmdHdQ%3D%3D,data/raw/oil_india/tenders/detail_pages/GEM_2025_B_5775488.html
GEM_2025_B_5775515,NIT,,https://www.oil-india.com/download-tender-document?ten_detail=NmtHMnZpSEw2RXFyMmdHdQ%3D%3D,data/raw/oil_india/tenders/detail_pages/GEM_2025_B_5775515.html
GEM_2025_B_5776069,NIT,,https://www.oil-india.com/download-tender-document?ten_detail=NmtLeHRDSEw2RXFyMmdHdQ%3D%3D,data/raw/oil_india/tenders/detail_pages/GEM_2025_B_5776069.html
GEM_2025_B_5776275,NIT,,https://www.oil-india.com/download-tender-document?ten_detail=NmtLL3RTSEw2RXFyMmdHdQ%3D%3D,data/raw/oil_india/tenders/detail_pages/GEM_2025_B_5776275.html
GEM_2025_B_5778865,NIT,,https://www.oil-india.com/download-tender-document?ten_detail=NmtHMnRTSEw2RXFyMmdHdQ%3D%3D,data/raw/oil_india/tenders/detail_pages/GEM_2025_B_5778865.html
GEM_2025_B_5781160,NIT,,https://www.oil-india.com/download-tender-document?ten_detail=NmtLL3ZDSEw2RXFyMmdHdQ%3D%3D,data/raw/oil_india/tenders/detail_pages/GEM_2025_B_5781160.html
GEM_2025_B_5781215,NIT,,https://www.oil-india.com/download-tender-document?ten_detail=NmtLK3RDSEw2RXFyMmdHdQ%3D%3D,data/raw/oil_india/tenders/detail_pages/GEM_2025_B_5781215.html
GEM_2025_B_5783755,NIT,,https://www.oil-india.com/download-tender-document?ten_detail=NmtLK3V5SEw2RXFyMmdHdQ%3D%3D,data/raw/oil_india/tenders/detail_pages/GEM_2025_B_5783755.html
GEM_2025_B_5783763,NIT,,https://www.oil-india.com/download-tender-document?ten_detail=NmtLK3VpSEw2RXFyMmdHdQ%3D%3D,data/raw/oil_india/tenders/detail_pages/GEM_2025_B_5783763.html
GEM_2025_B_5784963,NIT,,https://www.oil-india.com/download-tender-document?ten_detail=NmtLL3ZTSEw2RXFyMmdHdQ%3D%3D,data/raw/oil_india/tenders/detail_pages/GEM_2025_B_5784963.html
GEM_2025_B_5785089,NIT,,https://www.oil-india.com/download-tender-document?ten_detail=NmtLL3ZpSEw2RXFyMmdHdQ%3D%3D,data/raw/oil_india/tenders/detail_pages/GEM_2025_B_5785089.html
GEM_2025_B_5786709,NIT,,https://www.oil-india.com/download-tender-document?ten_detail=NmtHMHZpSEw2RXFyMmdHdQ%3D%3D,data/raw/oil_india/tenders/detail_pages/GEM_2025_B_5786709.html
GEM_2025_B_5786815,NIT,,https://www.oil-india.com/download-tender-document?ten_detail=NmtLL3RDSEw2RXFyMmdHdQ%3D%3D,data/raw/oil_india/tenders/detail_pages/GEM_2025_B_5786815.html
GEM_2025_B_5787570,NIT,,https://www.oil-india.com/download-tender-document?ten_detail=NmtLL3VTSEw2RXFyMmdHdQ%3D%3D,data/raw/oil_india/tenders/detail_pages/GEM_2025_B_5787570.html
GEM_2025_B_5787630,NIT,,https://www.oil-india.com/download-tender-document?ten_detail=NmtLL3V5SEw2RXFyMmdHdQ%3D%3D,data/raw/oil_india/tenders/detail_pages/GEM_2025_B_5787630.html
GEM_2025_B_5788661,NIT,,https://www.oil-india.com/download-tender-document?ten_detail=NmtHeXVTSEw2RXFyMmdHdQ%3D%3D,data/raw/oil_india/tenders/detail_pages/GEM_2025_B_5788661.html
GEM_2025_B_5789335,NIT,,https://www.oil-india.com/download-tender-document?ten_detail=NmtHMnZ5SEw2RXFyMmdHdQ%3D%3D,data/raw/oil_india/tenders/detail_pages/GEM_2025_B_5789335.html
GEM_2025_B_5790518,NIT,,https://www.oil-india.com/download-tender-document?ten_detail=NmtHMnZTSEw2RXFyMmdHdQ%3D%3D,data/raw/oil_india/tenders/detail_pages/GEM_2025_B_5790518.html
GEM_2025_B_5790612,NIT,,https://www.oil-india.com/download-tender-document?ten_detail=NmtHMnZDSEw2RXFyMmdHdQ%3D%3D,data/raw/oil_india/tenders/detail_pages/GEM_2025_B_5790612.html
GEM_2025_B_5791023,NIT,,https://www.oil-india.com/download-tender-document?ten_detail=NmtHMnVTSEw2RXFyMmdHdQ%3D%3D,data/raw/oil_india/tenders/detail_pages/GEM_2025_B_5791023.html
GEM_2025_B_5794812,NIT,,https://www.oil-india.com/download-tender-document?ten_detail=NmtHMHZTSEw2RXFyMmdHdQ%3D%3D,data/raw/oil_india/tenders/detail_pages/GEM_2025_B_5794812.html
GEM_2025_B_5795916,NIT,,https://www.oil-india.com/download-tender-document?ten_detail=NmtHM3Z5SEw2RXFyMmdHdQ%3D%3D,data/raw/oil_india/tenders/detail_pages/GEM_2025_B_5795916.html
GEM_2025_B_5797016,NIT,,https://www.oil-india.com/download-tender-document?ten_detail=NmtHM3RTSEw2RXFyMmdHdQ%3D%3D,data/raw/oil_india/tenders/detail_pages/GEM_2025_B_5797016.html
GEM_2025_B_5797238,NIT,,https://www.oil-india.com/download-tender-document?ten_detail=NmtHM3VDSEw2RXFyMmdHdQ%3D%3D,data/raw/oil_india/tenders/detail_pages/GEM_2025_B_5797238.html
GEM_2025_B_5798562,NIT,,https://www.oil-india.com/download-tender-document?ten_detail=NmtHMXRDSEw2RXFyMmdHdQ%3D%3D,data/raw/oil_india/tenders/detail_pages/GEM_2025_B_5798562.html
GEM_2025_B_5799156,NIT,,https://www.oil-india.com/download-tender-document?ten_detail=NmtDK3ZDSEw2RXFyMmdHdQ%3D%3D,data/raw/oil_india/tenders/detail_pages/GEM_2025_B_5799156.html
GEM_2025_B_5799332,NIT,,https://www.oil-india.com/download-tender-document?ten_detail=NmtDeHRTSEw2RXFyMmdHdQ%3D%3D,data/raw/oil_india/tenders/detail_pages/GEM_2025_B_5799332.html
GEM_2025_B_5799720,NIT,,https://www.oil-india.com/download-tender-document?ten_detail=NmtHMXVpSEw2RXFyMmdHdQ%3D%3D,data/raw/oil_india/tenders/detail_pages/GEM_2025_B_5799720.html
GEM_2025_B_5799774,NIT,,https://www.oil-india.com/download-tender-document?ten_detail=NmtDMnVpSEw2RXFyMmdHdQ%3D%3D,data/raw/oil_india/tenders/detail_pages/GEM_2025_B_5799774.html
GEM_2025_B_5800066,NIT,,https://www.oil-india.com/download-tender-document?ten_detail=NmtDeHVDSEw2RXFyMmdHdQ%3D%3D,data/raw/oil_india/tenders/detail_pages/GEM_2025_B_5800066.html
GEM_2025_B_5800456,NIT,,https://www.oil-india.com/download-tender-document?ten_detail=NmtHM3RDSEw2RXFyMmdHdQ%3D%3D,data/raw/oil_india/tenders/detail_pages/GEM_2025_B_5800456.html
GEM_2025_B_5800941,NIT,,https://www.oil-india.com/download-tender-document?ten_detail=NmtDK3Z5SEw2RXFyMmdHdQ%3D%3D,data/raw/oil_india/tenders/detail_pages/GEM_2025_B_5800941.html
GEM_2025_B_5802054,NIT,,https://www.oil-india.com/download-tender-document?ten_detail=NmtHMXZDSEw2RXFyMmdHdQ%3D%3D,data/raw/oil_india/tenders/detail_pages/GEM_2025_B_5802054.html
GEM_2025_B_5802883,NIT,,https://www.oil-india.com/download-tender-document?ten_detail=NmtHMHRTSEw2RXFyMmdHdQ%3D%3D,data/raw/oil_india/tenders/detail_pages/GEM_2025_B_5802883.html
GEM_2025_B_5803380,NIT,,https://www.oil-india.com/download-tender-document?ten_detail=NmtHMXRTSEw2RXFyMmdHdQ%3D%3D,data/raw/oil_india/tenders/detail_pages/GEM_2025_B_5803380.html
GEM_2025_B_5803599,NIT,,https://www.oil-india.com/download-tender-document?ten_detail=NmtHMXZTSEw2RXFyMmdHdQ%3D%3D,data/raw/oil_india/tenders/detail_pages/GEM_2025_B_5803599.html
GEM_2025_B_5803668,NIT,,https://www.oil-india.com/download-tender-document?ten_detail=NmtHMHV5SEw2RXFyMmdHdQ%3D%3D,data/raw/oil_india/tenders/detail_pages/GEM_2025_B_5803668.html
GEM_2025_B_5803759,NIT,,https://www.oil-india.com/download-tender-document?ten_detail=NmtHMHVTSEw2RXFyMmdHdQ%3D%3D,data/raw/oil_india/tenders/detail_pages/GEM_2025_B_5803759.html
GEM_2025_B_5804125,NIT,,https://www.oil-india.com/download-tender-document?ten_detail=NmtHMHZ5SEw2RXFyMmdHdQ%3D%3D,data/raw/oil_india/tenders/detail_pages/GEM_2025_B_5804125.html
GEM_2025_B_5805320,NIT,,https://www.oil-india.com/download-tender-document?ten_detail=NmtHeXV5SEw2RXFyMmdHdQ%3D%3D,data/raw/oil_india/tenders/detail_pages/GEM_2025_B_5805320.html
GEM_2025_B_5805327,NIT,,https://www.oil-india.com/download-tender-document?ten_detail=NmtHMXVTSEw2RXFyMmdHdQ%3D%3D,data/raw/oil_india/tenders/detail_pages/GEM_2025_B_5805327.html
GEM_2025_B_5805596,NIT,,https://www.oil-india.com/download-tender-document?ten_detail=NmtHMHVDSEw2RXFyMmdHdQ%3D%3D,data/raw/oil_india/tenders/detail_pages/GEM_2025_B_5805596.html
GEM_2025_B_5807565,NIT,,https://www.oil-india.com/download-tender-document?ten_detail=NmtHMHVpSEw2RXFyMmdHdQ%3D%3D,data/raw/oil_india/tenders/detail_pages/GEM_2025_B_5807565.html
GEM_2025_B_5808768,NIT,,https://www.oil-india.com/download-tender-document?ten_detail=NmtHMXZpSEw2RXFyMmdHdQ%3D%3D,data/raw/oil_india/tenders/detail_pages/GEM_2025_B_5808768.html
GEM_2025_B_5809776,NIT,,https://www.oil-india.com/download-tender-document?ten_detail=NmtHMXV5SEw2RXFyMmdHdQ%3D%3D,data/raw/oil_india/tenders/detail_pages/GEM_2025_B_5809776.html
GEM_2025_B_5811983,NIT,,https://www.oil-india.com/download-tender-document?ten_detail=NmtHMXVDSEw2RXFyMmdHdQ%3D%3D,data/raw/oil_india/tenders/detail_pages/GEM_2025_B_5811983.html
GEM_2025_B_5814477,NIT,,https://www.oil-india.com/download-tender-document?ten_detail=NmtHeXZDSEw2RXFyMmdHdQ%3D%3D,data/raw/oil_india/tenders/detail_pages/GEM_2025_B_5814477.html
GEM_2025_B_5820604,NIT,,https://www.oil-india.com/download-tender-document?ten_detail=NmtHeXZTSEw2RXFyMmdHdQ%3D%3D,data/raw/oil_india/tenders/detail_pages/GEM_2025_B_5820604.html
GEM_2025_B_5821785,NIT,,https://www.oil-india.com/download-tender-document?ten_detail=NmtHeXZpSEw2RXFyMmdHdQ%3D%3D,data/raw/oil_india/tenders/detail_pages/GEM_2025_B_5821785.html
GEM_2025_B_5825597,NIT,,https://www.oil-india.com/download-tender-document?ten_detail=NmtHeXZ5SEw2RXFyMmdHdQ%3D%3D,data/raw/oil_india/tenders/detail_pages/GEM_2025_B_5825597.html
GEM_2025_B_5825799,NIT,,https://www.oil-india.com/download-tender-document?ten_detail=NmtHd3RDSEw2RXFyMmdHdQ%3D%3D,data/raw/oil_india/tenders/detail_pages/GEM_2025_B_5825799.html
GEM_2025_B_5827350,NIT,,https://www.oil-india.com/download-tender-document?ten_detail=NmtHenZTSEw2RXFyMmdHdQ%3D%3D,data/raw/oil_india/tenders/detail_pages/GEM_2025_B_5827350.html
GEM_2025_B_5830913,NIT,,https://www.oil-india.com/download-tender-document?ten_detail=NmtHd3RTSEw2RXFyMmdHdQ%3D%3D,data/raw/oil_india/tenders/detail_pages/GEM_2025_B_5830913.html
GEM_2025_B_5831331,NIT,,https://www.oil-india.com/download-tender-document?ten_detail=NmtHeXVDSEw2RXFyMmdHdQ%3D%3D,data/raw/oil_india/tenders/detail_pages/GEM_2025_B_5831331.html
GEM_2025_B_5833182,NIT,,https://www.oil-india.com/download-tender-document?ten_detail=NmtHeXRTSEw2RXFyMmdHdQ%3D%3D,data/raw/oil_india/tenders/detail_pages/GEM_2025_B_5833182.html
GEM_2025_B_5833619,TenderDoc,,https://www.oil-india.com/download-tender-document?ten_detail=NmtHenZDSEw2RXFyMmdHdQ%3D%3D,data/raw/oil_india/tenders/detail_pages/GEM_2025_B_5833619.html
GEM_2025_B_5833797,NIT,,https://www.oil-india.com/download-tender-document?ten_detail=NmtHeXVpSEw2RXFyMmdHdQ%3D%3D,data/raw/oil_india/tenders/detail_pages/GEM_2025_B_5833797.html
GEM_2025_B_5838793,NIT,,https://www.oil-india.com/download-tender-document?ten_detail=NmtHenZ5SEw2RXFyMmdHdQ%3D%3D,data/raw/oil_india/tenders/detail_pages/GEM_2025_B_5838793.html
GEM_2025_B_5840967,NIT,,https://www.oil-india.com/download-tender-document?ten_detail=NmtHeHVDSEw2RXFyMmdHdQ%3D%3D,data/raw/oil_india/tenders/detail_pages/GEM_2025_B_5840967.html
GEM_2025_B_5841319,NIT,,https://www.oil-india.com/download-tender-document?ten_detail=NmtHenV5SEw2RXFyMmdHdQ%3D%3D,data/raw/oil_india/tenders/detail_pages/GEM_2025_B_5841319.html
GEM_2025_B_5842474,NIT,,https://www.oil-india.com/download-tender-document?ten_detail=NmtHenRTSEw2RXFyMmdHdQ%3D%3D,data/raw/oil_india/tenders/detail_pages/GEM_2025_B_5842474.html
GEM_2025_B_5842644,NIT,,https://www.oil-india.com/download-tender-document?ten_detail=NmtHenVpSEw2RXFyMmdHdQ%3D%3D,data/raw/oil_india/tenders/detail_pages/GEM_2025_B_5842644.html
GEM_2025_B_5844314,NIT,,https://www.oil-india.com/download-tender-document?ten_detail=NmtHeHVTSEw2RXFyMmdHdQ%3D%3D,data/raw/oil_india/tenders/detail_pages/GEM_2025_B_5844314.html
GEM_2025_B_5844870,NIT,,https://www.oil-india.com/download-tender-document?ten_detail=NmtHeHZpSEw2RXFyMmdHdQ%3D%3D,data/raw/oil_india/tenders/detail_pages/GEM_2025_B_5844870.html
GEM_2025_B_5845421,NIT,,https://www.oil-india.com/download-tender-document?ten_detail=NmtHeHZ5SEw2RXFyMmdHdQ%3D%3D,data/raw/oil_india/tenders/detail_pages/GEM_2025_B_5845421.html
GEM_2025_B_5847176,NIT,,https://www.oil-india.com/download-tender-document?ten_detail=NmtHL3ZTSEw2RXFyMmdHdQ%3D%3D,data/raw/oil_india/tenders/detail_pages/GEM_2025_B_5847176.html
GEM_2025_B_5847565,NIT,,https://www.oil-india.com/download-tender-document?ten_detail=NmtHd3Z5SEw2RXFyMmdHdQ%3D%3D,data/raw/oil_india/tenders/detail_pages/GEM_2025_B_5847565.html
GEM_2025_B_5849117,NIT,,https://www.oil-india.com/download-tender-document?ten_detail=NmtHd3ZTSEw2RXFyMmdHdQ%3D%3D,data/raw/oil_india/tenders/detail_pages/GEM_2025_B_5849117.html
GEM_2025_B_5850232,NIT,,https://www.oil-india.com/download-tender-document?ten_detail=NmtHd3ZDSEw2RXFyMmdHdQ%3D%3D,data/raw/oil_india/tenders/detail_pages/GEM_2025_B_5850232.html
GEM_2025_B_5850820,NIT,,https://www.oil-india.com/download-tender-document?ten_detail=NmtHd3VDSEw2RXFyMmdHdQ%3D%3D,data/raw/oil_india/tenders/detail_pages/GEM_2025_B_5850820.html
GEM_2025_B_5851969,NIT,,https://www.oil-india.com/download-tender-document?ten_detail=NmtDMnRTSEw2RXFyMmdHdQ%3D%3D,data/raw/oil_india/tenders/detail_pages/GEM_2025_B_5851969.html
GEM_2025_B_5852048,NIT,,https://www.oil-india.com/download-tender-document?ten_detail=NmtHd3V5SEw2RXFyMmdHdQ%3D%3D,data/raw/oil_india/tenders/detail_pages/GEM_2025_B_5852048.html
GEM_2025_B_5853170,NIT,,https://www.oil-india.com/download-tender-document?ten_detail=NmtHd3VpSEw2RXFyMmdHdQ%3D%3D,data/raw/oil_india/tenders/detail_pages/GEM_2025_B_5853170.html
GEM_2025_B_5855988,NIT,,https://www.oil-india.com/download-tender-document?ten_detail=NmtHeHZDSEw2RXFyMmdHdQ%3D%3D,data/raw/oil_india/tenders/detail_pages/GEM_2025_B_5855988.html
GEM_2025_B_5859471,NIT,,https://www.oil-india.com/download-tender-document?ten_detail=NmtHeHV5SEw2RXFyMmdHdQ%3D%3D,data/raw/oil_india/tenders/detail_pages/GEM_2025_B_5859471.html
GEM_2025_B_5861891,NIT,,https://www.oil-india.com/download-tender-document?ten_detail=NmtHK3ZDSEw2RXFyMmdHdQ%3D%3D,data/raw/oil_india/tenders/detail_pages/GEM_2025_B_5861891.html
GEM_2025_B_5864327,NIT,,https://www.oil-india.com/download-tender-document?ten_detail=NmtHK3ZpSEw2RXFyMmdHdQ%3D%3D,data/raw/oil_india/tenders/detail_pages/GEM_2025_B_5864327.html
GEM_2025_B_5866815,NIT,,https://www.oil-india.com/download-tender-document?ten_detail=NmtHK3RDSEw2RXFyMmdHdQ%3D%3D,data/raw/oil_india/tenders/detail_pages/GEM_2025_B_5866815.html
GEM_2025_B_5866853,NIT,,https://www.oil-india.com/download-tender-document?ten_detail=NmtHK3RTSEw2RXFyMmdHdQ%3D%3D,data/raw/oil_india/tenders/detail_pages/GEM_2025_B_5866853.html
GEM_2025_B_5866857,NIT,,https://www.oil-india.com/download-tender-document?ten_detail=NmtHK3VTSEw2RXFyMmdHdQ%3D%3D,data/raw/oil_india/tenders/detail_pages/GEM_2025_B_5866857.html
GEM_2025_B_5867036,NIT,,https://www.oil-india.com/download-tender-document?ten_detail=NmtHL3VDSEw2RXFyMmdHdQ%3D%3D,data/raw/oil_india/tenders/detail_pages/GEM_2025_B_5867036.html
GEM_2025_B_5867460,NIT,,https://www.oil-india.com/download-tender-document?ten_detail=NmtHK3VpSEw2RXFyMmdHdQ%3D%3D,data/raw/oil_india/tenders/detail_pages/GEM_2025_B_5867460.html
GEM_2025_B_5867479,NIT,,https://www.oil-india.com/download-tender-document?ten_detail=NmtHL3ZDSEw2RXFyMmdHdQ%3D%3D,data/raw/oil_india/tenders/detail_pages/GEM_2025_B_5867479.html
GEM_2025_B_5868094,NIT,,https://www.oil-india.com/download-tender-document?ten_detail=NmtHK3VDSEw2RXFyMmdHdQ%3D%3D,data/raw/oil_india/tenders/detail_pages/GEM_2025_B_5868094.html
GEM_2025_B_5870321,NIT,,https://www.oil-india.com/download-tender-document?ten_detail=NmtHL3ZpSEw2RXFyMmdHdQ%3D%3D,data/raw/oil_india/tenders/detail_pages/GEM_2025_B_5870321.html
GEM_2025_B_5870344,NIT,,https://www.oil-india.com/download-tender-document?ten_detail=NmtHL3VTSEw2RXFyMmdHdQ%3D%3D,data/raw/oil_india/tenders/detail_pages/GEM_2025_B_5870344.html
GEM_2025_B_5870799,NIT,,https://www.oil-india.com/download-tender-document?ten_detail=NmtHL3VpSEw2RXFyMmdHdQ%3D%3D,data/raw/oil_india/tenders/detail_pages/GEM_2025_B_5870799.html
GEM_2025_B_5871616,NIT,,https://www.oil-india.com/download-tender-document?ten_detail=NmtHL3Z5SEw2RXFyMmdHdQ%3D%3D,data/raw/oil_india/tenders/detail_pages/GEM_2025_B_5871616.html
GEM_2025_B_5875728,NIT,,https://www.oil-india.com/download-tender-document?ten_detail=NmtHL3RDSEw2RXFyMmdHdQ%3D%3D,data/raw/oil_india/tenders/detail_pages/GEM_2025_B_5875728.html
GEM_2025_B_5876186,NIT,,https://www.oil-india.com/download-tender-document?ten_detail=NmtDM3ZDSEw2RXFyMmdHdQ%3D%3D,data/raw/oil_india/tenders/detail_pages/GEM_2025_B_5876186.html
GEM_2025_B_5876249,NIT,,https://www.oil-india.com/download-tender-document?ten_detail=NmtDMnRDSEw2RXFyMmdHdQ%3D%3D,data/raw/oil_india/tenders/detail_pages/GEM_2025_B_5876249.html
GEM_2025_B_5878038,NIT,,https://www.oil-india.com/download-tender-document?ten_detail=NmtDMnVDSEw2RXFyMmdHdQ%3D%3D,data/raw/oil_india/tenders/detail_pages/GEM_2025_B_5878038.html
GEM_2025_B_5878424,NIT,,https://www.oil-india.com/download-tender-document?ten_detail=NmtDMnZ5SEw2RXFyMmdHdQ%3D%3D,data/raw/oil_india/tenders/detail_pages/GEM_2025_B_5878424.html
GEM_2025_B_5879171,NIT,,https://www.oil-india.com/download-tender-document?ten_detail=NmtDMnVTSEw2RXFyMmdHdQ%3D%3D,data/raw/oil_india/tenders/detail_pages/GEM_2025_B_5879171.html
GEM_2025_B_5879289,NIT,,https://www.oil-india.com/download-tender-document?ten_detail=NmtDMnZpSEw2RXFyMmdHdQ%3D%3D,data/raw/oil_india/tenders/detail_pages/GEM_2025_B_5879289.html
GEM_2025_B_5881176,NIT,,https://www.oil-india.com/download-tender-document?ten_detail=NmtDMnV5SEw2RXFyMmdHdQ%3D%3D,data/raw/oil_india/tenders/detail_pages/GEM_2025_B_5881176.html
GEM_2025_B_5882381,NIT,,https://www.oil-india.com/download-tender-document?ten_detail=NmtDd3V5SEw2RXFyMmdHdQ%3D%3D,data/raw/oil_india/tenders/detail_pages/GEM_2025_B_5882381.html
GEM_2025_B_5885163,NIT,,https://www.oil-india.com/download-tender-document?ten_detail=NmtDM3ZTSEw2RXFyMmdHdQ%3D%3D,data/raw/oil_india/tenders/detail_pages/GEM_2025_B_5885163.html
GEM_2025_B_5886551,NIT,,https://www.oil-india.com/download-tender-document?ten_detail=NmtDM3Z5SEw2RXFyMmdHdQ%3D%3D,data/raw/oil_india/tenders/detail_pages/GEM_2025_B_5886551.html
GEM_2025_B_5886657,NIT,,https://www.oil-india.com/download-tender-document?ten_detail=NmtDM3ZpSEw2RXFyMmdHdQ%3D%3D,data/raw/oil_india/tenders/detail_pages/GEM_2025_B_5886657.html
GEM_2025_B_5888545,NIT,,https://www.oil-india.com/download-tender-document?ten_detail=NmtDMHRTSEw2RXFyMmdHdQ%3D%3D,data/raw/oil_india/tenders/detail_pages/GEM_2025_B_5888545.html
GEM_2025_B_5890637,NIT,,https://www.oil-india.com/download-tender-document?ten_detail=NmtDM3V5SEw2RXFyMmdHdQ%3D%3D,data/raw/oil_india/tenders/detail_pages/GEM_2025_B_5890637.html
GEM_2025_B_5891588,NIT,,https://www.oil-india.com/download-tender-document?ten_detail=NmtDMHVpSEw2RXFyMmdHdQ%3D%3D,data/raw/oil_india/tenders/detail_pages/GEM_2025_B_5891588.html
GEM_2025_B_5891797,NIT,,https://www.oil-india.com/download-tender-document?ten_detail=NmtDMHZDSEw2RXFyMmdHdQ%3D%3D,data/raw/oil_india/tenders/detail_pages/GEM_2025_B_5891797.html
GEM_2025_B_5892055,NIT,,https://www.oil-india.com/download-tender-document?ten_detail=NmtDM3VpSEw2RXFyMmdHdQ%3D%3D,data/raw/oil_india/tenders/detail_pages/GEM_2025_B_5892055.html
GEM_2025_B_5893942,NIT,,https://www.oil-india.com/download-tender-document?ten_detail=NmtDMHZTSEw2RXFyMmdHdQ%3D%3D,data/raw/oil_india/tenders/detail_pages/GEM_2025_B_5893942.html
GEM_2025_B_5894014,NIT,,https://www.oil-india.com/download-tender-document?ten_detail=NmtDMHVTSEw2RXFyMmdHdQ%3D%3D,data/raw/oil_india/tenders/detail_pages/GEM_2025_B_5894014.html
GEM_2025_B_5896463,NIT,,https://www.oil-india.com/download-tender-document?ten_detail=NmtDMXZpSEw2RXFyMmdHdQ%3D%3D,data/raw/oil_india/tenders/detail_pages/GEM_2025_B_5896463.html
GEM_2025_B_5899257,NIT,,https://www.oil-india.com/download-tender-document?ten_detail=NmtDMHVDSEw2RXFyMmdHdQ%3D%3D,data/raw/oil_india/tenders/detail_pages/GEM_2025_B_5899257.html
GEM_2025_B_5900631,NIT,,https://www.oil-india.com/download-tender-document?ten_detail=NmtDd3RDSEw2RXFyMmdHdQ%3D%3D,data/raw/oil_india/tenders/detail_pages/GEM_2025_B_5900631.html
GEM_2025_B_5901075,NIT,,https://www.oil-india.com/download-tender-document?ten_detail=NmtDMXZ5SEw2RXFyMmdHdQ%3D%3D,data/raw/oil_india/tenders/detail_pages/GEM_2025_B_5901075.html
GEM_2025_B_5902847,NIT,,https://www.oil-india.com/download-tender-document?ten_detail=NmtDMHRDSEw2RXFyMmdHdQ%3D%3D,data/raw/oil_india/tenders/detail_pages/GEM_2025_B_5902847.html
GEM_2025_B_5907307,NIT,,https://www.oil-india.com/download-tender-document?ten_detail=NmtDMXZTSEw2RXFyMmdHdQ%3D%3D,data/raw/oil_india/tenders/detail_pages/GEM_2025_B_5907307.html
GEM_2025_B_5907583,NIT,,https://www.oil-india.com/download-tender-document?ten_detail=NmtDMXZDSEw2RXFyMmdHdQ%3D%3D,data/raw/oil_india/tenders/detail_pages/GEM_2025_B_5907583.html
GEM_2025_B_5908111,NIT,,https://www.oil-india.com/download-tender-document?ten_detail=NmtDeXV5SEw2RXFyMmdHdQ%3D%3D,data/raw/oil_india/tenders/detail_pages/GEM_2025_B_5908111.html
GEM_2025_B_5910331,NIT,,https://www.oil-india.com/download-tender-document?ten_detail=NmtDMXV5SEw2RXFyMmdHdQ%3D%3D,data/raw/oil_india/tenders/detail_pages/GEM_2025_B_5910331.html
GEM_2025_B_5910567,NIT,,https://www.oil-india.com/download-tender-document?ten_detail=NmtDMXVTSEw2RXFyMmdHdQ%3D%3D,data/raw/oil_india/tenders/detail_pages/GEM_2025_B_5910567.html
GEM_2025_B_5910856,NIT,,https://www.oil-india.com/download-tender-document?ten_detail=NmtDMXVDSEw2RXFyMmdHdQ%3D%3D,data/raw/oil_india/tenders/detail_pages/GEM_2025_B_5910856.html
GEM_2025_B_5915417,NIT,,https://www.oil-india.com/download-tender-document?ten_detail=NmtDd3RTSEw2RXFyMmdHdQ%3D%3D,data/raw/oil_india/tenders/detail_pages/GEM_2025_B_5915417.html
GEM_2025_B_5915444,NIT,,https://www.oil-india.com/download-tender-document?ten_detail=NmtDeXVTSEw2RXFyMmdHdQ%3D%3D,data/raw/oil_india/tenders/detail_pages/GEM_2025_B_5915444.html
GEM_2025_B_5915766,NIT,,https://www.oil-india.com/download-tender-document?ten_detail=NmtDMXRDSEw2RXFyMmdHdQ%3D%3D,data/raw/oil_india/tenders/detail_pages/GEM_2025_B_5915766.html
GEM_2025_B_5915987,NIT,,https://www.oil-india.com/download-tender-document?ten_detail=Nmsrd3ZTSEw2RXFyMmdHdQ%3D%3D,data/raw/oil_india/tenders/detail_pages/GEM_2025_B_5915987.html
GEM_2025_B_5917379,NIT,,https://www.oil-india.com/download-tender-document?ten_detail=NmtDenZ5SEw2RXFyMmdHdQ%3D%3D,data/raw/oil_india/tenders/detail_pages/GEM_2025_B_5917379.html
GEM_2025_B_5920950,NIT,,https://www.oil-india.com/download-tender-document?ten_detail=NmtDeXZ5SEw2RXFyMmdHdQ%3D%3D,data/raw/oil_india/tenders/detail_pages/GEM_2025_B_5920950.html
GEM_2025_B_5920976,NIT,,https://www.oil-india.com/download-tender-document?ten_detail=NmtDeXZpSEw2RXFyMmdHdQ%3D%3D,data/raw/oil_india/tenders/detail_pages/GEM_2025_B_5920976.html
GEM_2025_B_5923409,NIT,,https://www.oil-india.com/download-tender-document?ten_detail=NmtDK3ZpSEw2RXFyMmdHdQ%3D%3D,data/raw/oil_india/tenders/detail_pages/GEM_2025_B_5923409.html
GEM_2025_B_5926067,NIT,,https://www.oil-india.com/download-tender-document?ten_detail=NmsrenZDSEw2RXFyMmdHdQ%3D%3D,data/raw/oil_india/tenders/detail_pages/GEM_2025_B_5926067.html
GEM_2025_B_5926110,NIT,,https://www.oil-india.com/download-tender-document?ten_detail=NmtDeXVpSEw2RXFyMmdHdQ%3D%3D,data/raw/oil_india/tenders/detail_pages/GEM_2025_B_5926110.html
GEM_2025_B_5926137,NIT,,https://www.oil-india.com/download-tender-document?ten_detail=NmtDeXRTSEw2RXFyMmdHdQ%3D%3D,data/raw/oil_india/tenders/detail_pages/GEM_2025_B_5926137.html
GEM_2025_B_5926514,NIT,,https://www.oil-india.com/download-tender-document?ten_detail=NmtDeXRDSEw2RXFyMmdHdQ%3D%3D,data/raw/oil_india/tenders/detail_pages/GEM_2025_B_5926514.html
GEM_2025_B_5929674,NIT,,https://www.oil-india.com/download-tender-document?ten_detail=NmtDenVDSEw2RXFyMmdHdQ%3D%3D,data/raw/oil_india/tenders/detail_pages/GEM_2025_B_5929674.html
GEM_2025_B_5929865,NIT,,https://www.oil-india.com/download-tender-document?ten_detail=NmtDenZDSEw2RXFyMmdHdQ%3D%3D,data/raw/oil_india/tenders/detail_pages/GEM_2025_B_5929865.html
GEM_2025_B_5931685,NIT,,https://www.oil-india.com/download-tender-document?ten_detail=NmtDenVTSEw2RXFyMmdHdQ%3D%3D,data/raw/oil_india/tenders/detail_pages/GEM_2025_B_5931685.html
GEM_2025_B_5935755,NIT,,https://www.oil-india.com/download-tender-document?ten_detail=NmtDenRDSEw2RXFyMmdHdQ%3D%3D,data/raw/oil_india/tenders/detail_pages/GEM_2025_B_5935755.html
GEM_2025_B_5937766,NIT,,https://www.oil-india.com/download-tender-document?ten_detail=NmtDd3Z5SEw2RXFyMmdHdQ%3D%3D,data/raw/oil_india/tenders/detail_pages/GEM_2025_B_5937766.html
GEM_2025_B_5942341,NIT,,https://www.oil-india.com/download-tender-document?ten_detail=NmtDd3ZpSEw2RXFyMmdHdQ%3D%3D,data/raw/oil_india/tenders/detail_pages/GEM_2025_B_5942341.html
GEM_2025_B_5946819,NIT,,https://www.oil-india.com/download-tender-document?ten_detail=NmtDd3VDSEw2RXFyMmdHdQ%3D%3D,data/raw/oil_india/tenders/detail_pages/GEM_2025_B_5946819.html
GEM_2025_B_5947119,NIT,,https://www.oil-india.com/download-tender-document?ten_detail=NmtDd3VpSEw2RXFyMmdHdQ%3D%3D,data/raw/oil_india/tenders/detail_pages/GEM_2025_B_5947119.html
GEM_2025_B_5950023,NIT,,https://www.oil-india.com/download-tender-document?ten_detail=NmtDL3VpSEw2RXFyMmdHdQ%3D%3D,data/raw/oil_india/tenders/detail_pages/GEM_2025_B_5950023.html
GEM_2025_B_5950109,NIT,,https://www.oil-india.com/download-tender-document?ten_detail=NlVlenZ5SEw2RXFyMmdHdQ%3D%3D,data/raw/oil_india/tenders/detail_pages/GEM_2025_B_5950109.html
GEM_2025_B_5950185,NIT,,https://www.oil-india.com/download-tender-document?ten_detail=NmtDL3RDSEw2RXFyMmdHdQ%3D%3D,data/raw/oil_india/tenders/detail_pages/GEM_2025_B_5950185.html
GEM_2025_B_5952292,NIT,,https://www.oil-india.com/download-tender-document?ten_detail=NmsrMnRDSEw2RXFyMmdHdQ%3D%3D,data/raw/oil_india/tenders/detail_pages/GEM_2025_B_5952292.html
GEM_2025_B_5953015,NIT,,https://www.oil-india.com/download-tender-document?ten_detail=NmtDeHZpSEw2RXFyMmdHdQ%3D%3D,data/raw/oil_india/tenders/detail_pages/GEM_2025_B_5953015.html
GEM_2025_B_5955306,NIT,,https://www.oil-india.com/download-tender-document?ten_detail=NmtDeHZDSEw2RXFyMmdHdQ%3D%3D,data/raw/oil_india/tenders/detail_pages/GEM_2025_B_5955306.html
GEM_2025_B_5959866,NIT,,https://www.oil-india.com/download-tender-document?ten_detail=NmsrMnZTSEw2RXFyMmdHdQ%3D%3D,data/raw/oil_india/tenders/detail_pages/GEM_2025_B_5959866.html
GEM_2025_B_5961716,NIT,,https://www.oil-india.com/download-tender-document?ten_detail=NmtDeHVpSEw2RXFyMmdHdQ%3D%3D,data/raw/oil_india/tenders/detail_pages/GEM_2025_B_5961716.html
GEM_2025_B_5961936,NIT,,https://www.oil-india.com/download-tender-document?ten_detail=NmtDeHVTSEw2RXFyMmdHdQ%3D%3D,data/raw/oil_india/tenders/detail_pages/GEM_2025_B_5961936.html
GEM_2025_B_5963696,NIT,,https://www.oil-india.com/download-tender-document?ten_detail=NmtDeHV5SEw2RXFyMmdHdQ%3D%3D,data/raw/oil_india/tenders/detail_pages/GEM_2025_B_5963696.html
GEM_2025_B_5966879,NIT,,https://www.oil-india.com/download-tender-document?ten_detail=NmtDK3ZTSEw2RXFyMmdHdQ%3D%3D,data/raw/oil_india/tenders/detail_pages/GEM_2025_B_5966879.html
GEM_2025_B_5966940,NIT,,https://www.oil-india.com/download-tender-document?ten_detail=NmtDL3ZDSEw2RXFyMmdHdQ%3D%3D,data/raw/oil_india/tenders/detail_pages/GEM_2025_B_5966940.html
GEM_2025_B_5968882,NIT,,https://www.oil-india.com/download-tender-document?ten_detail=NmtDK3VpSEw2RXFyMmdHdQ%3D%3D,data/raw/oil_india/tenders/detail_pages/GEM_2025_B_5968882.html
GEM_2025_B_5969984,NIT,,https://www.oil-india.com/download-tender-document?ten_detail=NmtDK3RDSEw2RXFyMmdHdQ%3D%3D,data/raw/oil_india/tenders/detail_pages/GEM_2025_B_5969984.html
GEM_2025_B_5971506,NIT,,https://www.oil-india.com/download-tender-document?ten_detail=NmtDL3ZTSEw2RXFyMmdHdQ%3D%3D,data/raw/oil_india/tenders/detail_pages/GEM_2025_B_5971506.html
GEM_2025_B_5972959,NIT,,https://www.oil-india.com/download-tender-document?ten_detail=NmtDL3Z5SEw2RXFyMmdHdQ%3D%3D,data/raw/oil_india/tenders/detail_pages/GEM_2025_B_5972959.html
GEM_2025_B_5974972,NIT,,https://www.oil-india.com/download-tender-document?ten_detail=NmtDL3ZpSEw2RXFyMmdHdQ%3D%3D,data/raw/oil_india/tenders/detail_pages/GEM_2025_B_5974972.html
GEM_2025_B_5975220,NIT,,https://www.oil-india.com/download-tender-document?ten_detail=NmtDL3V5SEw2RXFyMmdHdQ%3D%3D,data/raw/oil_india/tenders/detail_pages/GEM_2025_B_5975220.html
GEM_2025_B_5976600,NIT,,https://www.oil-india.com/download-tender-document?ten_detail=NmtDL3RTSEw2RXFyMmdHdQ%3D%3D,data/raw/oil_india/tenders/detail_pages/GEM_2025_B_5976600.html
GEM_2025_B_5977665,NIT,,https://www.oil-india.com/download-tender-document?ten_detail=NmtDL3VDSEw2RXFyMmdHdQ%3D%3D,data/raw/oil_india/tenders/detail_pages/GEM_2025_B_5977665.html
GEM_2025_B_5988185,NIT,,https://www.oil-india.com/download-tender-document?ten_detail=NmsrK3Z5SEw2RXFyMmdHdQ%3D%3D,data/raw/oil_india/tenders/detail_pages/GEM_2025_B_5988185.html
GEM_2025_B_5992836,NIT,,https://www.oil-india.com/download-tender-document?ten_detail=NmsrMnVDSEw2RXFyMmdHdQ%3D%3D,data/raw/oil_india/tenders/detail_pages/GEM_2025_B_5992836.html
GEM_2025_B_5994935,NIT,,https://www.oil-india.com/download-tender-document?ten_detail=NmsrMnV5SEw2RXFyMmdHdQ%3D%3D,data/raw/oil_india/tenders/detail_pages/GEM_2025_B_5994935.html
GEM_2025_B_5995068,NIT,,https://www.oil-india.com/download-tender-document?ten_detail=NmsrMnVpSEw2RXFyMmdHdQ%3D%3D,data/raw/oil_india/tenders/detail_pages/GEM_2025_B_5995068.html
GEM_2025_B_5995196,NIT,,https://www.oil-india.com/download-tender-document?ten_detail=NmsrMnZpSEw2RXFyMmdHdQ%3D%3D,data/raw/oil_india/tenders/detail_pages/GEM_2025_B_5995196.html
GEM_2025_B_5996520,NIT,,https://www.oil-india.com/download-tender-document?ten_detail=NmsrMnVTSEw2RXFyMmdHdQ%3D%3D,data/raw/oil_india/tenders/detail_pages/GEM_2025_B_5996520.html
GEM_2025_B_5997362,NIT,,https://www.oil-india.com/download-tender-document?ten_detail=NmsrMnRTSEw2RXFyMmdHdQ%3D%3D,data/raw/oil_india/tenders/detail_pages/GEM_2025_B_5997362.html
GEM_2025_B_5997531,NIT,,https://www.oil-india.com/download-tender-document?ten_detail=NmsrM3ZDSEw2RXFyMmdHdQ%3D%3D,data/raw/oil_india/tenders/detail_pages/GEM_2025_B_5997531.html
GEM_2025_B_5999952,NIT,,https://www.oil-india.com/download-tender-document?ten_detail=NmsrMHZTSEw2RXFyMmdHdQ%3D%3D,data/raw/oil_india/tenders/detail_pages/GEM_2025_B_5999952.html
GEM_2025_B_6000029,NIT,,https://www.oil-india.com/download-tender-document?ten_detail=NmsrM3V5SEw2RXFyMmdHdQ%3D%3D,data/raw/oil_india/tenders/detail_pages/GEM_2025_B_6000029.html
GEM_2025_B_6000045,NIT,,https://www.oil-india.com/download-tender-document?ten_detail=NmsrM3Z5SEw2RXFyMmdHdQ%3D%3D,data/raw/oil_india/tenders/detail_pages/GEM_2025_B_6000045.html
GEM_2025_B_6000370,NIT,,https://www.oil-india.com/download-tender-document?ten_detail=NmsrM3ZpSEw2RXFyMmdHdQ%3D%3D,data/raw/oil_india/tenders/detail_pages/GEM_2025_B_6000370.html
GEM_2025_B_6001715,NIT,,https://www.oil-india.com/download-tender-document?ten_detail=NmsrM3VTSEw2RXFyMmdHdQ%3D%3D,data/raw/oil_india/tenders/detail_pages/GEM_2025_B_6001715.html
GEM_2025_B_6002401,NIT,,https://www.oil-india.com/download-tender-document?ten_detail=NmsrM3VDSEw2RXFyMmdHdQ%3D%3D,data/raw/oil_india/tenders/detail_pages/GEM_2025_B_6002401.html
GEM_2025_B_6003290,NIT,,https://www.oil-india.com/download-tender-document?ten_detail=NmsrMHZDSEw2RXFyMmdHdQ%3D%3D,data/raw/oil_india/tenders/detail_pages/GEM_2025_B_6003290.html
GEM_2025_B_6009669,NIT,,https://www.oil-india.com/download-tender-document?ten_detail=NmsrM3RDSEw2RXFyMmdHdQ%3D%3D,data/raw/oil_india/tenders/detail_pages/GEM_2025_B_6009669.html
GEM_2025_B_6013617,NIT,,https://www.oil-india.com/download-tender-document?ten_detail=NmsrMHVTSEw2RXFyMmdHdQ%3D%3D,data/raw/oil_india/tenders/detail_pages/GEM_2025_B_6013617.html
GEM_2025_B_6013717,NIT,,https://www.oil-india.com/download-tender-document?ten_detail=NmsrMHVpSEw2RXFyMmdHdQ%3D%3D,data/raw/oil_india/tenders/detail_pages/GEM_2025_B_6013717.html
GEM_2025_B_6013729,NIT,,https://www.oil-india.com/download-tender-document?ten_detail=NmsrMHV5SEw2RXFyMmdHdQ%3D%3D,data/raw/oil_india/tenders/detail_pages/GEM_2025_B_6013729.html
GEM_2025_B_6013888,NIT,,https://www.oil-india.com/download-tender-document?ten_detail=NmsrMHRTSEw2RXFyMmdHdQ%3D%3D,data/raw/oil_india/tenders/detail_pages/GEM_2025_B_6013888.html
GEM_2025_B_6015026,NIT,,https://www.oil-india.com/download-tender-document?ten_detail=NmsrMXZTSEw2RXFyMmdHdQ%3D%3D,data/raw/oil_india/tenders/detail_pages/GEM_2025_B_6015026.html
GEM_2025_B_6015220,NIT,,https://www.oil-india.com/download-tender-document?ten_detail=NmsrMHRDSEw2RXFyMmdHdQ%3D%3D,data/raw/oil_india/tenders/detail_pages/GEM_2025_B_6015220.html
GEM_2025_B_6015476,NIT,,https://www.oil-india.com/download-tender-document?ten_detail=Nmsrd3Z5SEw2RXFyMmdHdQ%3D%3D,data/raw/oil_india/tenders/detail_pages/GEM_2025_B_6015476.html
GEM_2025_B_6016159,NIT,,https://www.oil-india.com/download-tender-document?ten_detail=NmsrMXZDSEw2RXFyMmdHdQ%3D%3D,data/raw/oil_india/tenders/detail_pages/GEM_2025_B_6016159.html
GEM_2025_B_6016734,NIT,,https://www.oil-india.com/download-tender-document?ten_detail=NmsrMXZ5SEw2RXFyMmdHdQ%3D%3D,data/raw/oil_india/tenders/detail_pages/GEM_2025_B_6016734.html
GEM_2025_B_6018048,NIT,,https://www.oil-india.com/download-tender-document?ten_detail=Nmsrd3ZDSEw2RXFyMmdHdQ%3D%3D,data/raw/oil_india/tenders/detail_pages/GEM_2025_B_6018048.html
GEM_2025_B_6018049,NIT,,https://www.oil-india.com/download-tender-document?ten_detail=NmsrMXZpSEw2RXFyMmdHdQ%3D%3D,data/raw/oil_india/tenders/detail_pages/GEM_2025_B_6018049.html
GEM_2025_B_6020130,NIT,,https://www.oil-india.com/download-tender-document?ten_detail=NmsrMXV5SEw2RXFyMmdHdQ%3D%3D,data/raw/oil_india/tenders/detail_pages/GEM_2025_B_6020130.html
GEM_2025_B_6020520,NIT,,https://www.oil-india.com/download-tender-document?ten_detail=NmsrMXRTSEw2RXFyMmdHdQ%3D%3D,data/raw/oil_india/tenders/detail_pages/GEM_2025_B_6020520.html
GEM_2025_B_6022953,NIT,,https://www.oil-india.com/download-tender-document?ten_detail=NmsreXVTSEw2RXFyMmdHdQ%3D%3D,data/raw/oil_india/tenders/detail_pages/GEM_2025_B_6022953.html
GEM_2025_B_6023220,NIT,,https://www.oil-india.com/download-tender-document?ten_detail=NmsreXZTSEw2RXFyMmdHdQ%3D%3D,data/raw/oil_india/tenders/detail_pages/GEM_2025_B_6023220.html
GEM_2025_B_6023251,NIT,,https://www.oil-india.com/download-tender-document?ten_detail=NmsreXVDSEw2RXFyMmdHdQ%3D%3D,data/raw/oil_india/tenders/detail_pages/GEM_2025_B_6023251.html
GEM_2025_B_6023338,NIT,,https://www.oil-india.com/download-tender-document?ten_detail=NmsrenVTSEw2RXFyMmdHdQ%3D%3D,data/raw/oil_india/tenders/detail_pages/GEM_2025_B_6023338.html
GEM_2025_B_6023569,NIT,,https://www.oil-india.com/download-tender-document?ten_detail=NmsrenZ5SEw2RXFyMmdHdQ%3D%3D,data/raw/oil_india/tenders/detail_pages/GEM_2025_B_6023569.html
GEM_2025_B_6025574,NIT,,https://www.oil-india.com/download-tender-document?ten_detail=NmsreXVpSEw2RXFyMmdHdQ%3D%3D,data/raw/oil_india/tenders/detail_pages/GEM_2025_B_6025574.html
GEM_2025_B_6027726,NIT,,https://www.oil-india.com/download-tender-document?ten_detail=NmsrenZpSEw2RXFyMmdHdQ%3D%3D,data/raw/oil_india/tenders/detail_pages/GEM_2025_B_6027726.html
GEM_2025_B_6029939,NIT,,https://www.oil-india.com/download-tender-document?ten_detail=NmsrenV5SEw2RXFyMmdHdQ%3D%3D,data/raw/oil_india/tenders/detail_pages/GEM_2025_B_6029939.html
GEM_2025_B_6030737,NIT,,https://www.oil-india.com/download-tender-document?ten_detail=NmsrenVDSEw2RXFyMmdHdQ%3D%3D,data/raw/oil_india/tenders/detail_pages/GEM_2025_B_6030737.html
GEM_2025_B_6030940,NIT,,https://www.oil-india.com/download-tender-document?ten_detail=Nms2MnVDSEw2RXFyMmdHdQ%3D%3D,data/raw/oil_india/tenders/detail_pages/GEM_2025_B_6030940.html
GEM_2025_B_6030982,NIT,,https://www.oil-india.com/download-tender-document?ten_detail=NmsrenVpSEw2RXFyMmdHdQ%3D%3D,data/raw/oil_india/tenders/detail_pages/GEM_2025_B_6030982.html
GEM_2025_B_6032178,NIT,,https://www.oil-india.com/download-tender-document?ten_detail=Nmsrd3VTSEw2RXFyMmdHdQ%3D%3D,data/raw/oil_india/tenders/detail_pages/GEM_2025_B_6032178.html
GEM_2025_B_6032388,NIT,,https://www.oil-india.com/download-tender-document?ten_detail=Nmsrd3V5SEw2RXFyMmdHdQ%3D%3D,data/raw/oil_india/tenders/detail_pages/GEM_2025_B_6032388.html
GEM_2025_B_6033058,NIT,,https://www.oil-india.com/download-tender-document?ten_detail=NmsreHZDSEw2RXFyMmdHdQ%3D%3D,data/raw/oil_india/tenders/detail_pages/GEM_2025_B_6033058.html
GEM_2025_B_6034633,NIT,,https://www.oil-india.com/download-tender-document?ten_detail=Nmsrd3VpSEw2RXFyMmdHdQ%3D%3D,data/raw/oil_india/tenders/detail_pages/GEM_2025_B_6034633.html
GEM_2025_B_6034761,NIT,,https://www.oil-india.com/download-tender-document?ten_detail=Nmsrd3RDSEw2RXFyMmdHdQ%3D%3D,data/raw/oil_india/tenders/detail_pages/GEM_2025_B_6034761.html
GEM_2025_B_6035232,NIT,,https://www.oil-india.com/download-tender-document?ten_detail=Nmsrd3VDSEw2RXFyMmdHdQ%3D%3D,data/raw/oil_india/tenders/detail_pages/GEM_2025_B_6035232.html
GEM_2025_B_6035539,NIT,,https://www.oil-india.com/download-tender-document?ten_detail=Nmsrd3ZpSEw2RXFyMmdHdQ%3D%3D,data/raw/oil_india/tenders/detail_pages/GEM_2025_B_6035539.html
GEM_2025_B_6037371,NIT,,https://www.oil-india.com/download-tender-document?ten_detail=Nms2eXVDSEw2RXFyMmdHdQ%3D%3D,data/raw/oil_india/tenders/detail_pages/GEM_2025_B_6037371.html
GEM_2025_B_6037780,NIT,,https://www.oil-india.com/download-tender-document?ten_detail=NmsreHZTSEw2RXFyMmdHdQ%3D%3D,data/raw/oil_india/tenders/detail_pages/GEM_2025_B_6037780.html
GEM_2025_B_6037799,NIT,,https://www.oil-india.com/download-tender-document?ten_detail=Nms2eXV5SEw2RXFyMmdHdQ%3D%3D,data/raw/oil_india/tenders/detail_pages/GEM_2025_B_6037799.html
GEM_2025_B_6040196,NIT,,https://www.oil-india.com/download-tender-document?ten_detail=NmsreHZpSEw2RXFyMmdHdQ%3D%3D,data/raw/oil_india/tenders/detail_pages/GEM_2025_B_6040196.html
GEM_2025_B_6043990,NIT,,https://www.oil-india.com/download-tender-document?ten_detail=NmsreHZ5SEw2RXFyMmdHdQ%3D%3D,data/raw/oil_india/tenders/detail_pages/GEM_2025_B_6043990.html
GEM_2025_B_6045874,NIT,,https://www.oil-india.com/download-tender-document?ten_detail=NmsreHVTSEw2RXFyMmdHdQ%3D%3D,data/raw/oil_india/tenders/detail_pages/GEM_2025_B_6045874.html
GEM_2025_B_6045971,NIT,,https://www.oil-india.com/download-tender-document?ten_detail=Nms2M3ZDSEw2RXFyMmdHdQ%3D%3D,data/raw/oil_india/tenders/detail_pages/GEM_2025_B_6045971.html
GEM_2025_B_6047778,NIT,,https://www.oil-india.com/download-tender-document?ten_detail=NmsrK3V5SEw2RXFyMmdHdQ%3D%3D,data/raw/oil_india/tenders/detail_pages/GEM_2025_B_6047778.html
GEM_2025_B_6047784,NIT,,https://www.oil-india.com/download-tender-document?ten_detail=NmsrL3VTSEw2RXFyMmdHdQ%3D%3D,data/raw/oil_india/tenders/detail_pages/GEM_2025_B_6047784.html
GEM_2025_B_6047790,NIT,,https://www.oil-india.com/download-tender-document?ten_detail=Nms2eXVTSEw2RXFyMmdHdQ%3D%3D,data/raw/oil_india/tenders/detail_pages/GEM_2025_B_6047790.html
GEM_2025_B_6047796,NIT,,https://www.oil-india.com/download-tender-document?ten_detail=NmsreHRDSEw2RXFyMmdHdQ%3D%3D,data/raw/oil_india/tenders/detail_pages/GEM_2025_B_6047796.html
GEM_2025_B_6047801,NIT,,https://www.oil-india.com/download-tender-document?ten_detail=NmsreHRTSEw2RXFyMmdHdQ%3D%3D,data/raw/oil_india/tenders/detail_pages/GEM_2025_B_6047801.html
GEM_2025_B_6047804,NIT,,https://www.oil-india.com/download-tender-document?ten_detail=NmsrK3ZTSEw2RXFyMmdHdQ%3D%3D,data/raw/oil_india/tenders/detail_pages/GEM_2025_B_6047804.html
GEM_2025_B_6047820,NIT,,https://www.oil-india.com/download-tender-document?ten_detail=NmsrK3VDSEw2RXFyMmdHdQ%3D%3D,data/raw/oil_india/tenders/detail_pages/GEM_2025_B_6047820.html
GEM_2025_B_6047922,NIT,,https://www.oil-india.com/download-tender-document?ten_detail=Nms2MnVTSEw2RXFyMmdHdQ%3D%3D,data/raw/oil_india/tenders/detail_pages/GEM_2025_B_6047922.html
GEM_2025_B_6048199,NIT,,https://www.oil-india.com/download-tender-document?ten_detail=NmsrL3VpSEw2RXFyMmdHdQ%3D%3D,data/raw/oil_india/tenders/detail_pages/GEM_2025_B_6048199.html
GEM_2025_B_6048327,NIT,,https://www.oil-india.com/download-tender-document?ten_detail=NmsrK3ZDSEw2RXFyMmdHdQ%3D%3D,data/raw/oil_india/tenders/detail_pages/GEM_2025_B_6048327.html
GEM_2025_B_6050014,NIT,,https://www.oil-india.com/download-tender-document?ten_detail=NmsrK3VTSEw2RXFyMmdHdQ%3D%3D,data/raw/oil_india/tenders/detail_pages/GEM_2025_B_6050014.html
GEM_2025_B_6050085,NIT,,https://www.oil-india.com/download-tender-document?ten_detail=NmsrK3ZpSEw2RXFyMmdHdQ%3D%3D,data/raw/oil_india/tenders/detail_pages/GEM_2025_B_6050085.html
GEM_2025_B_6050970,NIT,,https://www.oil-india.com/download-tender-document?ten_detail=NmsrK3RTSEw2RXFyMmdHdQ%3D%3D,data/raw/oil_india/tenders/detail_pages/GEM_2025_B_6050970.html
GEM_2025_B_6051015,NIT,,https://www.oil-india.com/download-tender-document?ten_detail=Nms2M3VDSEw2RXFyMmdHdQ%3D%3D,data/raw/oil_india/tenders/detail_pages/GEM_2025_B_6051015.html
GEM_2025_B_6051327,NIT,,https://www.oil-india.com/download-tender-document?ten_detail=Nms2M3ZTSEw2RXFyMmdHdQ%3D%3D,data/raw/oil_india/tenders/detail_pages/GEM_2025_B_6051327.html
GEM_2025_B_6053228,NIT,,https://www.oil-india.com/download-tender-document?ten_detail=NmsrL3V5SEw2RXFyMmdHdQ%3D%3D,data/raw/oil_india/tenders/detail_pages/GEM_2025_B_6053228.html
GEM_2025_B_6053250,NIT,,https://www.oil-india.com/download-tender-document?ten_detail=Nms2M3VpSEw2RXFyMmdHdQ%3D%3D,data/raw/oil_india/tenders/detail_pages/GEM_2025_B_6053250.html
GEM_2025_B_6053311,NIT,,https://www.oil-india.com/download-tender-document?ten_detail=NmsrL3VDSEw2RXFyMmdHdQ%3D%3D,data/raw/oil_india/tenders/detail_pages/GEM_2025_B_6053311.html
GEM_2025_B_6053521,NIT,,https://www.oil-india.com/download-tender-document?ten_detail=Nms2MXZTSEw2RXFyMmdHdQ%3D%3D,data/raw/oil_india/tenders/detail_pages/GEM_2025_B_6053521.html
GEM_2025_B_6054687,NIT,,https://www.oil-india.com/download-tender-document?ten_detail=Nms2MnV5SEw2RXFyMmdHdQ%3D%3D,data/raw/oil_india/tenders/detail_pages/GEM_2025_B_6054687.html
GEM_2025_B_6054771,NIT,,https://www.oil-india.com/download-tender-document?ten_detail=NmsrL3RDSEw2RXFyMmdHdQ%3D%3D,data/raw/oil_india/tenders/detail_pages/GEM_2025_B_6054771.html
GEM_2025_B_6054888,NIT,,https://www.oil-india.com/download-tender-document?ten_detail=Nms2MnZTSEw2RXFyMmdHdQ%3D%3D,data/raw/oil_india/tenders/detail_pages/GEM_2025_B_6054888.html
GEM_2025_B_6055348,NIT,,https://www.oil-india.com/download-tender-document?ten_detail=Nms2MnZDSEw2RXFyMmdHdQ%3D%3D,data/raw/oil_india/tenders/detail_pages/GEM_2025_B_6055348.html
GEM_2025_B_6055590,NIT,,https://www.oil-india.com/download-tender-document?ten_detail=Nms2MnZ5SEw2RXFyMmdHdQ%3D%3D,data/raw/oil_india/tenders/detail_pages/GEM_2025_B_6055590.html
GEM_2025_B_6060333,NIT,,https://www.oil-india.com/download-tender-document?ten_detail=Nms2d3Z5SEw2RXFyMmdHdQ%3D%3D,data/raw/oil_india/tenders/detail_pages/GEM_2025_B_6060333.html
GEM_2025_B_6060533,NIT,,https://www.oil-india.com/download-tender-document?ten_detail=Nms2d3RTSEw2RXFyMmdHdQ%3D%3D,data/raw/oil_india/tenders/detail_pages/GEM_2025_B_6060533.html
GEM_2025_B_6060628,NIT,,https://www.oil-india.com/download-tender-document?ten_detail=Nms2MnVpSEw2RXFyMmdHdQ%3D%3D,data/raw/oil_india/tenders/detail_pages/GEM_2025_B_6060628.html
GEM_2025_B_6060796,NIT,,https://www.oil-india.com/download-tender-document?ten_detail=Nms2MnRTSEw2RXFyMmdHdQ%3D%3D,data/raw/oil_india/tenders/detail_pages/GEM_2025_B_6060796.html
GEM_2025_B_6061977,NIT,,https://www.oil-india.com/download-tender-document?ten_detail=Nms2MnRDSEw2RXFyMmdHdQ%3D%3D,data/raw/oil_india/tenders/detail_pages/GEM_2025_B_6061977.html
GEM_2025_B_6062348,NIT,,https://www.oil-india.com/download-tender-document?ten_detail=Nms2d3ZDSEw2RXFyMmdHdQ%3D%3D,data/raw/oil_india/tenders/detail_pages/GEM_2025_B_6062348.html
GEM_2025_B_6066460,NIT,,https://www.oil-india.com/download-tender-document?ten_detail=Nms2M3ZpSEw2RXFyMmdHdQ%3D%3D,data/raw/oil_india/tenders/detail_pages/GEM_2025_B_6066460.html
GEM_2025_B_6066491,NIT,,https://www.oil-india.com/download-tender-document?ten_detail=Nms2M3VTSEw2RXFyMmdHdQ%3D%3D,data/raw/oil_india/tenders/detail_pages/GEM_2025_B_6066491.html
GEM_2025_B_6071331,NIT,,https://www.oil-india.com/download-tender-document?ten_detail=Nms2MHVTSEw2RXFyMmdHdQ%3D%3D,data/raw/oil_india/tenders/detail_pages/GEM_2025_B_6071331.html
GEM_2025_B_6071572,NIT,,https://www.oil-india.com/download-tender-document?ten_detail=Nms2MHZpSEw2RXFyMmdHdQ%3D%3D,data/raw/oil_india/tenders/detail_pages/GEM_2025_B_6071572.html
GEM_2025_B_6071683,NIT,,https://www.oil-india.com/download-tender-document?ten_detail=Nms2MXZDSEw2RXFyMmdHdQ%3D%3D,data/raw/oil_india/tenders/detail_pages/GEM_2025_B_6071683.html
GEM_2025_B_6071795,NIT,,https://www.oil-india.com/download-tender-document?ten_detail=Nms2MXRTSEw2RXFyMmdHdQ%3D%3D,data/raw/oil_india/tenders/detail_pages/GEM_2025_B_6071795.html
GEM_2025_B_6073595,NIT,,https://www.oil-india.com/download-tender-document?ten_detail=Nms2MHV5SEw2RXFyMmdHdQ%3D%3D,data/raw/oil_india/tenders/detail_pages/GEM_2025_B_6073595.html
GEM_2025_B_6075591,NIT,,https://www.oil-india.com/download-tender-document?ten_detail=Nms2MXZ5SEw2RXFyMmdHdQ%3D%3D,data/raw/oil_india/tenders/detail_pages/GEM_2025_B_6075591.html
GEM_2025_B_6078311,NIT,,https://www.oil-india.com/download-tender-document?ten_detail=Nms2MXVDSEw2RXFyMmdHdQ%3D%3D,data/raw/oil_india/tenders/detail_pages/GEM_2025_B_6078311.html
GEM_2025_B_6079037,NIT,,https://www.oil-india.com/download-tender-document?ten_detail=Nms2MXRDSEw2RXFyMmdHdQ%3D%3D,data/raw/oil_india/tenders/detail_pages/GEM_2025_B_6079037.html
GEM_2025_B_6083784,NIT,,https://www.oil-india.com/download-tender-document?ten_detail=Nms2eXZTSEw2RXFyMmdHdQ%3D%3D,data/raw/oil_india/tenders/detail_pages/GEM_2025_B_6083784.html
GEM_2025_B_6084588,NIT,,https://www.oil-india.com/download-tender-document?ten_detail=Nms2eXRTSEw2RXFyMmdHdQ%3D%3D,data/raw/oil_india/tenders/detail_pages/GEM_2025_B_6084588.html
GEM_2025_B_6084778,NIT,,https://www.oil-india.com/download-tender-document?ten_detail=Nms2d3ZTSEw2RXFyMmdHdQ%3D%3D,data/raw/oil_india/tenders/detail_pages/GEM_2025_B_6084778.html
GEM_2025_B_6086276,NIT,,https://www.oil-india.com/download-tender-document?ten_detail=Nms2eXVpSEw2RXFyMmdHdQ%3D%3D,data/raw/oil_india/tenders/detail_pages/GEM_2025_B_6086276.html
GEM_2025_B_6088130,NIT,,https://www.oil-india.com/download-tender-document?ten_detail=Nms2eXRDSEw2RXFyMmdHdQ%3D%3D,data/raw/oil_india/tenders/detail_pages/GEM_2025_B_6088130.html
GEM_2025_B_6088232,NIT,,https://www.oil-india.com/download-tender-document?ten_detail=Nms2enZTSEw2RXFyMmdHdQ%3D%3D,data/raw/oil_india/tenders/detail_pages/GEM_2025_B_6088232.html
GEM_2025_B_6088507,NIT,,https://www.oil-india.com/download-tender-document?ten_detail=Nms2enZpSEw2RXFyMmdHdQ%3D%3D,data/raw/oil_india/tenders/detail_pages/GEM_2025_B_6088507.html
GEM_2025_B_6089338,NIT,,https://www.oil-india.com/download-tender-document?ten_detail=Nms2enZ5SEw2RXFyMmdHdQ%3D%3D,data/raw/oil_india/tenders/detail_pages/GEM_2025_B_6089338.html
GEM_2025_B_6091146,NIT,,https://www.oil-india.com/download-tender-document?ten_detail=NlVleHVpSEw2RXFyMmdHdQ%3D%3D,data/raw/oil_india/tenders/detail_pages/GEM_2025_B_6091146.html
GEM_2025_B_6091314,NIT,,https://www.oil-india.com/download-tender-document?ten_detail=Nms2enV5SEw2RXFyMmdHdQ%3D%3D,data/raw/oil_india/tenders/detail_pages/GEM_2025_B_6091314.html
GEM_2025_B_6091504,NIT,,https://www.oil-india.com/download-tender-document?ten_detail=Nms2enVpSEw2RXFyMmdHdQ%3D%3D,data/raw/oil_india/tenders/detail_pages/GEM_2025_B_6091504.html
GEM_2025_B_6093085,NIT,,https://www.oil-india.com/download-tender-document?ten_detail=Nms2enRDSEw2RXFyMmdHdQ%3D%3D,data/raw/oil_india/tenders/detail_pages/GEM_2025_B_6093085.html
GEM_2025_B_6093376,NIT,,https://www.oil-india.com/download-tender-document?ten_detail=Nms2d3ZpSEw2RXFyMmdHdQ%3D%3D,data/raw/oil_india/tenders/detail_pages/GEM_2025_B_6093376.html
GEM_2025_B_6094747,NIT,,https://www.oil-india.com/download-tender-document?ten_detail=Nms2eHRDSEw2RXFyMmdHdQ%3D%3D,data/raw/oil_india/tenders/detail_pages/GEM_2025_B_6094747.html
GEM_2025_B_6094794,NIT,,https://www.oil-india.com/download-tender-document?ten_detail=Nms2K3ZpSEw2RXFyMmdHdQ%3D%3D,data/raw/oil_india/tenders/detail_pages/GEM_2025_B_6094794.html
GEM_2025_B_6097818,NIT,,https://www.oil-india.com/download-tender-document?ten_detail=Nms2K3Z5SEw2RXFyMmdHdQ%3D%3D,data/raw/oil_india/tenders/detail_pages/GEM_2025_B_6097818.html
GEM_2025_B_6097857,NIT,,https://www.oil-india.com/download-tender-document?ten_detail=Nms2d3VpSEw2RXFyMmdHdQ%3D%3D,data/raw/oil_india/tenders/detail_pages/GEM_2025_B_6097857.html
GEM_2025_B_6098128,NIT,,https://www.oil-india.com/download-tender-document?ten_detail=Nms2eHZ5SEw2RXFyMmdHdQ%3D%3D,data/raw/oil_india/tenders/detail_pages/GEM_2025_B_6098128.html
GEM_2025_B_6101143,NIT,,https://www.oil-india.com/download-tender-document?ten_detail=Nms2eHZTSEw2RXFyMmdHdQ%3D%3D,data/raw/oil_india/tenders/detail_pages/GEM_2025_B_6101143.html
GEM_2025_B_6101458,NIT,,https://www.oil-india.com/download-tender-document?ten_detail=Nms2K3ZTSEw2RXFyMmdHdQ%3D%3D,data/raw/oil_india/tenders/detail_pages/GEM_2025_B_6101458.html
GEM_2025_B_6102476,NIT,,https://www.oil-india.com/download-tender-document?ten_detail=NlVlM3Z5SEw2RXFyMmdHdQ%3D%3D,data/raw/oil_india/tenders/detail_pages/GEM_2025_B_6102476.html
GEM_2025_B_6102932,NIT,,https://www.oil-india.com/download-tender-document?ten_detail=Nms2K3ZDSEw2RXFyMmdHdQ%3D%3D,data/raw/oil_india/tenders/detail_pages/GEM_2025_B_6102932.html
GEM_2025_B_6104172,NIT,,https://www.oil-india.com/download-tender-document?ten_detail=Nms2K3V5SEw2RXFyMmdHdQ%3D%3D,data/raw/oil_india/tenders/detail_pages/GEM_2025_B_6104172.html
GEM_2025_B_6105513,NIT,,https://www.oil-india.com/download-tender-document?ten_detail=NlVlMnVDSEw2RXFyMmdHdQ%3D%3D,data/raw/oil_india/tenders/detail_pages/GEM_2025_B_6105513.html
GEM_2025_B_6105571,NIT,,https://www.oil-india.com/download-tender-document?ten_detail=NlVheHRTSEw2RXFyMmdHdQ%3D%3D,data/raw/oil_india/tenders/detail_pages/GEM_2025_B_6105571.html
GEM_2025_B_6105683,NIT,,https://www.oil-india.com/download-tender-document?ten_detail=NlVlK3Z5SEw2RXFyMmdHdQ%3D%3D,data/raw/oil_india/tenders/detail_pages/GEM_2025_B_6105683.html
GEM_2025_B_6105816,NIT,,https://www.oil-india.com/download-tender-document?ten_detail=NlVhd3RTSEw2RXFyMmdHdQ%3D%3D,data/raw/oil_india/tenders/detail_pages/GEM_2025_B_6105816.html
GEM_2025_B_6106530,NIT,,https://www.oil-india.com/download-tender-document?ten_detail=Nms2K3VDSEw2RXFyMmdHdQ%3D%3D,data/raw/oil_india/tenders/detail_pages/GEM_2025_B_6106530.html
GEM_2025_B_6106873,NIT,,https://www.oil-india.com/download-tender-document?ten_detail=Nms2K3VTSEw2RXFyMmdHdQ%3D%3D,data/raw/oil_india/tenders/detail_pages/GEM_2025_B_6106873.html
GEM_2025_B_6107418,NIT,,https://www.oil-india.com/download-tender-document?ten_detail=Nms2K3RTSEw2RXFyMmdHdQ%3D%3D,data/raw/oil_india/tenders/detail_pages/GEM_2025_B_6107418.html
GEM_2025_B_6109905,NIT,,https://www.oil-india.com/download-tender-document?ten_detail=NlVlMnZ5SEw2RXFyMmdHdQ%3D%3D,data/raw/oil_india/tenders/detail_pages/GEM_2025_B_6109905.html
GEM_2025_B_6110513,NIT,,https://www.oil-india.com/download-tender-document?ten_detail=Nms2L3ZpSEw2RXFyMmdHdQ%3D%3D,data/raw/oil_india/tenders/detail_pages/GEM_2025_B_6110513.html
GEM_2025_B_6111223,NIT,,https://www.oil-india.com/download-tender-document?ten_detail=Nms2L3ZDSEw2RXFyMmdHdQ%3D%3D,data/raw/oil_india/tenders/detail_pages/GEM_2025_B_6111223.html
GEM_2025_B_6111228,NIT,,https://www.oil-india.com/download-tender-document?ten_detail=Nms2L3ZTSEw2RXFyMmdHdQ%3D%3D,data/raw/oil_india/tenders/detail_pages/GEM_2025_B_6111228.html
GEM_2025_B_6111577,NIT,,https://www.oil-india.com/download-tender-document?ten_detail=Nms2L3Z5SEw2RXFyMmdHdQ%3D%3D,data/raw/oil_india/tenders/detail_pages/GEM_2025_B_6111577.html
GEM_2025_B_6112083,NIT,,https://www.oil-india.com/download-tender-document?ten_detail=NlVlMXZTSEw2RXFyMmdHdQ%3D%3D,data/raw/oil_india/tenders/detail_pages/GEM_2025_B_6112083.html
GEM_2025_B_6113023,NIT,,https://www.oil-india.com/download-tender-document?ten_detail=Nms2L3VpSEw2RXFyMmdHdQ%3D%3D,data/raw/oil_india/tenders/detail_pages/GEM_2025_B_6113023.html
GEM_2025_B_6114867,NIT,,https://www.oil-india.com/download-tender-document?ten_detail=Nms2L3RDSEw2RXFyMmdHdQ%3D%3D,data/raw/oil_india/tenders/detail_pages/GEM_2025_B_6114867.html
GEM_2025_B_6114898,NIT,,https://www.oil-india.com/download-tender-document?ten_detail=NlVlMnZpSEw2RXFyMmdHdQ%3D%3D,data/raw/oil_india/tenders/detail_pages/GEM_2025_B_6114898.html
GEM_2025_B_6115083,NIT,,https://www.oil-india.com/download-tender-document?ten_detail=Nms2L3RTSEw2RXFyMmdHdQ%3D%3D,data/raw/oil_india/tenders/detail_pages/GEM_2025_B_6115083.html
GEM_2025_B_6115121,NIT,,https://www.oil-india.com/download-tender-document?ten_detail=Nms2L3VDSEw2RXFyMmdHdQ%3D%3D,data/raw/oil_india/tenders/detail_pages/GEM_2025_B_6115121.html
GEM_2025_B_6117426,NIT,,https://www.oil-india.com/download-tender-document?ten_detail=NlVlMnZTSEw2RXFyMmdHdQ%3D%3D,data/raw/oil_india/tenders/detail_pages/GEM_2025_B_6117426.html
GEM_2025_B_6117436,NIT,,https://www.oil-india.com/download-tender-document?ten_detail=NlVlMnZDSEw2RXFyMmdHdQ%3D%3D,data/raw/oil_india/tenders/detail_pages/GEM_2025_B_6117436.html
GEM_2025_B_6117642,NIT,,https://www.oil-india.com/download-tender-document?ten_detail=NlVld3V5SEw2RXFyMmdHdQ%3D%3D,data/raw/oil_india/tenders/detail_pages/GEM_2025_B_6117642.html
GEM_2025_B_6119039,NIT,,https://www.oil-india.com/download-tender-document?ten_detail=NlVlM3ZpSEw2RXFyMmdHdQ%3D%3D,data/raw/oil_india/tenders/detail_pages/GEM_2025_B_6119039.html
GEM_2025_B_6119578,NIT,,https://www.oil-india.com/download-tender-document?ten_detail=NlVld3VpSEw2RXFyMmdHdQ%3D%3D,data/raw/oil_india/tenders/detail_pages/GEM_2025_B_6119578.html
GEM_2025_B_6120956,NIT,,https://www.oil-india.com/download-tender-document?ten_detail=NlVlL3ZTSEw2RXFyMmdHdQ%3D%3D,data/raw/oil_india/tenders/detail_pages/GEM_2025_B_6120956.html
GEM_2025_B_6121066,NIT,,https://www.oil-india.com/download-tender-document?ten_detail=NlVlM3ZTSEw2RXFyMmdHdQ%3D%3D,data/raw/oil_india/tenders/detail_pages/GEM_2025_B_6121066.html
GEM_2025_B_6121164,NIT,,https://www.oil-india.com/download-tender-document?ten_detail=NlVlMHVDSEw2RXFyMmdHdQ%3D%3D,data/raw/oil_india/tenders/detail_pages/GEM_2025_B_6121164.html
GEM_2025_B_6121359,NIT,,https://www.oil-india.com/download-tender-document?ten_detail=NlVlM3ZDSEw2RXFyMmdHdQ%3D%3D,data/raw/oil_india/tenders/detail_pages/GEM_2025_B_6121359.html
GEM_2025_B_6125376,NIT,,https://www.oil-india.com/download-tender-document?ten_detail=NlVlM3RTSEw2RXFyMmdHdQ%3D%3D,data/raw/oil_india/tenders/detail_pages/GEM_2025_B_6125376.html
GEM_2025_B_6125412,NIT,,https://www.oil-india.com/download-tender-document?ten_detail=NlVlMHV5SEw2RXFyMmdHdQ%3D%3D,data/raw/oil_india/tenders/detail_pages/GEM_2025_B_6125412.html
GEM_2025_B_6125543,NIT,,https://www.oil-india.com/download-tender-document?ten_detail=NlVlMHZ5SEw2RXFyMmdHdQ%3D%3D,data/raw/oil_india/tenders/detail_pages/GEM_2025_B_6125543.html
GEM_2025_B_6125793,NIT,,https://www.oil-india.com/download-tender-document?ten_detail=NlVld3RTSEw2RXFyMmdHdQ%3D%3D,data/raw/oil_india/tenders/detail_pages/GEM_2025_B_6125793.html
GEM_2025_B_6127701,NIT,,https://www.oil-india.com/download-tender-document?ten_detail=NlVlenRTSEw2RXFyMmdHdQ%3D%3D,data/raw/oil_india/tenders/detail_pages/GEM_2025_B_6127701.html
GEM_2025_B_6127810,NIT,,https://www.oil-india.com/download-tender-document?ten_detail=NlVleXVpSEw2RXFyMmdHdQ%3D%3D,data/raw/oil_india/tenders/detail_pages/GEM_2025_B_6127810.html
GEM_2025_B_6130226,NIT,,https://www.oil-india.com/download-tender-document?ten_detail=NlVlM3VpSEw2RXFyMmdHdQ%3D%3D,data/raw/oil_india/tenders/detail_pages/GEM_2025_B_6130226.html
GEM_2025_B_6130252,NIT,,https://www.oil-india.com/download-tender-document?ten_detail=NlVlM3RDSEw2RXFyMmdHdQ%3D%3D,data/raw/oil_india/tenders/detail_pages/GEM_2025_B_6130252.html
GEM_2025_B_6131334,NIT,,https://www.oil-india.com/download-tender-document?ten_detail=NlVlMHVpSEw2RXFyMmdHdQ%3D%3D,data/raw/oil_india/tenders/detail_pages/GEM_2025_B_6131334.html
GEM_2025_B_6131438,NIT,,https://www.oil-india.com/download-tender-document?ten_detail=NlVleHZDSEw2RXFyMmdHdQ%3D%3D,data/raw/oil_india/tenders/detail_pages/GEM_2025_B_6131438.html
GEM_2025_B_6132578,NIT,,https://www.oil-india.com/download-tender-document?ten_detail=NlVlMXZDSEw2RXFyMmdHdQ%3D%3D,data/raw/oil_india/tenders/detail_pages/GEM_2025_B_6132578.html
GEM_2025_B_6132663,NIT,,https://www.oil-india.com/download-tender-document?ten_detail=NlVlMXZpSEw2RXFyMmdHdQ%3D%3D,data/raw/oil_india/tenders/detail_pages/GEM_2025_B_6132663.html
GEM_2025_B_6133069,NIT,,https://www.oil-india.com/download-tender-document?ten_detail=NlVleXZ5SEw2RXFyMmdHdQ%3D%3D,data/raw/oil_india/tenders/detail_pages/GEM_2025_B_6133069.html
GEM_2025_B_6133717,NIT,,https://www.oil-india.com/download-tender-document?ten_detail=NlVleHZTSEw2RXFyMmdHdQ%3D%3D,data/raw/oil_india/tenders/detail_pages/GEM_2025_B_6133717.html
GEM_2025_B_6135674,NIT,,https://www.oil-india.com/download-tender-document?ten_detail=NlVlMXVDSEw2RXFyMmdHdQ%3D%3D,data/raw/oil_india/tenders/detail_pages/GEM_2025_B_6135674.html
GEM_2025_B_6135751,NIT,,https://www.oil-india.com/download-tender-document?ten_detail=NlVlMXV5SEw2RXFyMmdHdQ%3D%3D,data/raw/oil_india/tenders/detail_pages/GEM_2025_B_6135751.html
GEM_2025_B_6135932,NIT,,https://www.oil-india.com/download-tender-document?ten_detail=NlVld3RDSEw2RXFyMmdHdQ%3D%3D,data/raw/oil_india/tenders/detail_pages/GEM_2025_B_6135932.html
GEM_2025_B_6136631,NIT,,https://www.oil-india.com/download-tender-document?ten_detail=NlVleXZTSEw2RXFyMmdHdQ%3D%3D,data/raw/oil_india/tenders/detail_pages/GEM_2025_B_6136631.html
GEM_2025_B_6137068,NIT,,https://www.oil-india.com/download-tender-document?ten_detail=NlVleXZDSEw2RXFyMmdHdQ%3D%3D,data/raw/oil_india/tenders/detail_pages/GEM_2025_B_6137068.html
GEM_2025_B_6143455,NIT,,https://www.oil-india.com/download-tender-document?ten_detail=NlVleXVTSEw2RXFyMmdHdQ%3D%3D,data/raw/oil_india/tenders/detail_pages/GEM_2025_B_6143455.html
GEM_2025_B_6143983,NIT,,https://www.oil-india.com/download-tender-document?ten_detail=NlVleXV5SEw2RXFyMmdHdQ%3D%3D,data/raw/oil_india/tenders/detail_pages/GEM_2025_B_6143983.html
GEM_2025_B_6150034,NIT,,https://www.oil-india.com/download-tender-document?ten_detail=NlVlenVDSEw2RXFyMmdHdQ%3D%3D,data/raw/oil_india/tenders/detail_pages/GEM_2025_B_6150034.html
GEM_2025_B_6150056,NIT,,https://www.oil-india.com/download-tender-document?ten_detail=NlVlenVTSEw2RXFyMmdHdQ%3D%3D,data/raw/oil_india/tenders/detail_pages/GEM_2025_B_6150056.html
GEM_2025_B_6150493,NIT,,https://www.oil-india.com/download-tender-document?ten_detail=NlVlL3VDSEw2RXFyMmdHdQ%3D%3D,data/raw/oil_india/tenders/detail_pages/GEM_2025_B_6150493.html
GEM_2025_B_6150882,NIT,,https://www.oil-india.com/download-tender-document?ten_detail=NlVld3ZTSEw2RXFyMmdHdQ%3D%3D,data/raw/oil_india/tenders/detail_pages/GEM_2025_B_6150882.html
GEM_2025_B_6151029,NIT,,https://www.oil-india.com/download-tender-document?ten_detail=NlVlenVpSEw2RXFyMmdHdQ%3D%3D,data/raw/oil_india/tenders/detail_pages/GEM_2025_B_6151029.html
GEM_2025_B_6153547,NIT,,https://www.oil-india.com/download-tender-document?ten_detail=NlVld3ZDSEw2RXFyMmdHdQ%3D%3D,data/raw/oil_india/tenders/detail_pages/GEM_2025_B_6153547.html
GEM_2025_B_6154254,NIT,,https://www.oil-india.com/download-tender-document?ten_detail=NlVld3ZpSEw2RXFyMmdHdQ%3D%3D,data/raw/oil_india/tenders/detail_pages/GEM_2025_B_6154254.html
GEM_2025_B_6154815,NIT,,https://www.oil-india.com/download-tender-document?ten_detail=NlVlenRDSEw2RXFyMmdHdQ%3D%3D,data/raw/oil_india/tenders/detail_pages/GEM_2025_B_6154815.html
GEM_2025_B_6155455,NIT,,https://www.oil-india.com/download-tender-document?ten_detail=NlVleHRDSEw2RXFyMmdHdQ%3D%3D,data/raw/oil_india/tenders/detail_pages/GEM_2025_B_6155455.html
GEM_2025_B_6157118,NIT,,https://www.oil-india.com/download-tender-document?ten_detail=NlVhd3VTSEw2RXFyMmdHdQ%3D%3D,data/raw/oil_india/tenders/detail_pages/GEM_2025_B_6157118.html
GEM_2025_B_6157130,NIT,,https://www.oil-india.com/download-tender-document?ten_detail=NlVld3VTSEw2RXFyMmdHdQ%3D%3D,data/raw/oil_india/tenders/detail_pages/GEM_2025_B_6157130.html
GEM_2025_B_6157433,NIT,,https://www.oil-india.com/download-tender-document?ten_detail=NlVld3VDSEw2RXFyMmdHdQ%3D%3D,data/raw/oil_india/tenders/detail_pages/GEM_2025_B_6157433.html
GEM_2025_B_6157440,NIT,,https://www.oil-india.com/download-tender-document?ten_detail=NlVlL3VTSEw2RXFyMmdHdQ%3D%3D,data/raw/oil_india/tenders/detail_pages/GEM_2025_B_6157440.html
GEM_2025_B_6157528,NIT,,https://www.oil-india.com/download-tender-document?ten_detail=NlVlL3ZpSEw2RXFyMmdHdQ%3D%3D,data/raw/oil_india/tenders/detail_pages/GEM_2025_B_6157528.html
GEM_2025_B_6158804,NIT,,https://www.oil-india.com/download-tender-document?ten_detail=NlVleHZ5SEw2RXFyMmdHdQ%3D%3D,data/raw/oil_india/tenders/detail_pages/GEM_2025_B_6158804.html
GEM_2025_B_6159091,NIT,,https://www.oil-india.com/download-tender-document?ten_detail=NlVleHZpSEw2RXFyMmdHdQ%3D%3D,data/raw/oil_india/tenders/detail_pages/GEM_2025_B_6159091.html
GEM_2025_B_6161507,NIT,,https://www.oil-india.com/download-tender-document?ten_detail=NlVleHVTSEw2RXFyMmdHdQ%3D%3D,data/raw/oil_india/tenders/detail_pages/GEM_2025_B_6161507.html
GEM_2025_B_6165110,NIT,,https://www.oil-india.com/download-tender-document?ten_detail=NlVleHV5SEw2RXFyMmdHdQ%3D%3D,data/raw/oil_india/tenders/detail_pages/GEM_2025_B_6165110.html
GEM_2025_B_6165138,NIT,,https://www.oil-india.com/download-tender-document?ten_detail=NlVlK3ZTSEw2RXFyMmdHdQ%3D%3D,data/raw/oil_india/tenders/detail_pages/GEM_2025_B_6165138.html
GEM_2025_B_6165193,NIT,,https://www.oil-india.com/download-tender-document?ten_detail=NlVlK3ZDSEw2RXFyMmdHdQ%3D%3D,data/raw/oil_india/tenders/detail_pages/GEM_2025_B_6165193.html
GEM_2025_B_6167934,NIT,,https://www.oil-india.com/download-tender-document?ten_detail=NlVlK3VTSEw2RXFyMmdHdQ%3D%3D,data/raw/oil_india/tenders/detail_pages/GEM_2025_B_6167934.html
GEM_2025_B_6168001,NIT,,https://www.oil-india.com/download-tender-document?ten_detail=NlVlL3RTSEw2RXFyMmdHdQ%3D%3D,data/raw/oil_india/tenders/detail_pages/GEM_2025_B_6168001.html
GEM_2025_B_6168147,NIT,,https://www.oil-india.com/download-tender-document?ten_detail=NlVhMnZTSEw2RXFyMmdHdQ%3D%3D,data/raw/oil_india/tenders/detail_pages/GEM_2025_B_6168147.html
GEM_2025_B_6169271,NIT,,https://www.oil-india.com/download-tender-document?ten_detail=NlVlK3ZpSEw2RXFyMmdHdQ%3D%3D,data/raw/oil_india/tenders/detail_pages/GEM_2025_B_6169271.html
GEM_2025_B_6169274,NIT,,https://www.oil-india.com/download-tender-document?ten_detail=NlVlK3VDSEw2RXFyMmdHdQ%3D%3D,data/raw/oil_india/tenders/detail_pages/GEM_2025_B_6169274.html
GEM_2025_B_6169341,NIT,,https://www.oil-india.com/download-tender-document?ten_detail=NlVlL3ZDSEw2RXFyMmdHdQ%3D%3D,data/raw/oil_india/tenders/detail_pages/GEM_2025_B_6169341.html
GEM_2025_B_6169473,NIT,,https://www.oil-india.com/download-tender-document?ten_detail=NlVlK3VpSEw2RXFyMmdHdQ%3D%3D,data/raw/oil_india/tenders/detail_pages/GEM_2025_B_6169473.html
GEM_2025_B_6169479,NIT,,https://www.oil-india.com/download-tender-document?ten_detail=NlVlK3RTSEw2RXFyMmdHdQ%3D%3D,data/raw/oil_india/tenders/detail_pages/GEM_2025_B_6169479.html
GEM_2025_B_6169490,NIT,,https://www.oil-india.com/download-tender-document?ten_detail=NlVlK3RDSEw2RXFyMmdHdQ%3D%3D,data/raw/oil_india/tenders/detail_pages/GEM_2025_B_6169490.html
GEM_2025_B_6171296,NIT,,https://www.oil-india.com/download-tender-document?ten_detail=NlVlL3VpSEw2RXFyMmdHdQ%3D%3D,data/raw/oil_india/tenders/detail_pages/GEM_2025_B_6171296.html
GEM_2025_B_6172809,NIT,,https://www.oil-india.com/download-tender-document?ten_detail=NlVlL3Z5SEw2RXFyMmdHdQ%3D%3D,data/raw/oil_india/tenders/detail_pages/GEM_2025_B_6172809.html
GEM_2025_B_6173278,NIT,,https://www.oil-india.com/download-tender-document?ten_detail=NlVlL3V5SEw2RXFyMmdHdQ%3D%3D,data/raw/oil_india/tenders/detail_pages/GEM_2025_B_6173278.html
GEM_2025_B_6173304,NIT,,https://www.oil-india.com/download-tender-document?ten_detail=NlVhMnZDSEw2RXFyMmdHdQ%3D%3D,data/raw/oil_india/tenders/detail_pages/GEM_2025_B_6173304.html
GEM_2025_B_6173649,NIT,,https://www.oil-india.com/download-tender-document?ten_detail=NlVlL3RDSEw2RXFyMmdHdQ%3D%3D,data/raw/oil_india/tenders/detail_pages/GEM_2025_B_6173649.html
GEM_2025_B_6176136,NIT,,https://www.oil-india.com/download-tender-document?ten_detail=NlVhMnZ5SEw2RXFyMmdHdQ%3D%3D,data/raw/oil_india/tenders/detail_pages/GEM_2025_B_6176136.html
GEM_2025_B_6178138,NIT,,https://www.oil-india.com/download-tender-document?ten_detail=NlVhMnVTSEw2RXFyMmdHdQ%3D%3D,data/raw/oil_india/tenders/detail_pages/GEM_2025_B_6178138.html
GEM_2025_B_6178272,NIT,,https://www.oil-india.com/download-tender-document?ten_detail=NlVhMnZpSEw2RXFyMmdHdQ%3D%3D,data/raw/oil_india/tenders/detail_pages/GEM_2025_B_6178272.html
GEM_2025_B_6178895,NIT,,https://www.oil-india.com/download-tender-document?ten_detail=NlVhMnVDSEw2RXFyMmdHdQ%3D%3D,data/raw/oil_india/tenders/detail_pages/GEM_2025_B_6178895.html
GEM_2025_B_6180178,NIT,,https://www.oil-india.com/download-tender-document?ten_detail=NlVhMXV5SEw2RXFyMmdHdQ%3D%3D,data/raw/oil_india/tenders/detail_pages/GEM_2025_B_6180178.html
GEM_2025_B_6180356,NIT,,https://www.oil-india.com/download-tender-document?ten_detail=NlVhM3Z5SEw2RXFyMmdHdQ%3D%3D,data/raw/oil_india/tenders/detail_pages/GEM_2025_B_6180356.html
GEM_2025_B_6180564,NIT,,https://www.oil-india.com/download-tender-document?ten_detail=NlVhM3ZpSEw2RXFyMmdHdQ%3D%3D,data/raw/oil_india/tenders/detail_pages/GEM_2025_B_6180564.html
GEM_2025_B_6180646,NIT,,https://www.oil-india.com/download-tender-document?ten_detail=NlVheXZTSEw2RXFyMmdHdQ%3D%3D,data/raw/oil_india/tenders/detail_pages/GEM_2025_B_6180646.html
GEM_2025_B_6182236,NIT,,https://www.oil-india.com/download-tender-document?ten_detail=NlVhMXRTSEw2RXFyMmdHdQ%3D%3D,data/raw/oil_india/tenders/detail_pages/GEM_2025_B_6182236.html
GEM_2025_B_6182623,NIT,,https://www.oil-india.com/download-tender-document?ten_detail=NlVhMHZpSEw2RXFyMmdHdQ%3D%3D,data/raw/oil_india/tenders/detail_pages/GEM_2025_B_6182623.html
GEM_2025_B_6183169,NIT,,https://www.oil-india.com/download-tender-document?ten_detail=NlVhM3VDSEw2RXFyMmdHdQ%3D%3D,data/raw/oil_india/tenders/detail_pages/GEM_2025_B_6183169.html
GEM_2025_B_6184266,NIT,,https://www.oil-india.com/download-tender-document?ten_detail=NlVhM3V5SEw2RXFyMmdHdQ%3D%3D,data/raw/oil_india/tenders/detail_pages/GEM_2025_B_6184266.html
GEM_2025_B_6184384,NIT,,https://www.oil-india.com/download-tender-document?ten_detail=NlVhMXZ5SEw2RXFyMmdHdQ%3D%3D,data/raw/oil_india/tenders/detail_pages/GEM_2025_B_6184384.html
GEM_2025_B_6184427,NIT,,https://www.oil-india.com/download-tender-document?ten_detail=NlVhMHZDSEw2RXFyMmdHdQ%3D%3D,data/raw/oil_india/tenders/detail_pages/GEM_2025_B_6184427.html
GEM_2025_B_6184454,NIT,,https://www.oil-india.com/download-tender-document?ten_detail=NlVhM3VpSEw2RXFyMmdHdQ%3D%3D,data/raw/oil_india/tenders/detail_pages/GEM_2025_B_6184454.html
GEM_2025_B_6184513,NIT,,https://www.oil-india.com/download-tender-document?ten_detail=NlVhM3RTSEw2RXFyMmdHdQ%3D%3D,data/raw/oil_india/tenders/detail_pages/GEM_2025_B_6184513.html
GEM_2025_B_6184664,NIT,,https://www.oil-india.com/download-tender-document?ten_detail=NlVhMXZpSEw2RXFyMmdHdQ%3D%3D,data/raw/oil_india/tenders/detail_pages/GEM_2025_B_6184664.html
GEM_2025_B_6184846,NIT,,https://www.oil-india.com/download-tender-document?ten_detail=NlVhMHZTSEw2RXFyMmdHdQ%3D%3D,data/raw/oil_india/tenders/detail_pages/GEM_2025_B_6184846.html
GEM_2025_B_6186045,NIT,,https://www.oil-india.com/download-tender-document?ten_detail=NlVhM3RDSEw2RXFyMmdHdQ%3D%3D,data/raw/oil_india/tenders/detail_pages/GEM_2025_B_6186045.html
GEM_2025_B_6186201,NIT,,https://www.oil-india.com/download-tender-document?ten_detail=NlVheXV5SEw2RXFyMmdHdQ%3D%3D,data/raw/oil_india/tenders/detail_pages/GEM_2025_B_6186201.html
GEM_2025_B_6186420,NIT,,https://www.oil-india.com/download-tender-document?ten_detail=NlVheXVpSEw2RXFyMmdHdQ%3D%3D,data/raw/oil_india/tenders/detail_pages/GEM_2025_B_6186420.html
GEM_2025_B_6186536,NIT,,https://www.oil-india.com/download-tender-document?ten_detail=NlVhMHZ5SEw2RXFyMmdHdQ%3D%3D,data/raw/oil_india/tenders/detail_pages/GEM_2025_B_6186536.html
GEM_2025_B_6187438,NIT,,https://www.oil-india.com/download-tender-document?ten_detail=NlVhMHVTSEw2RXFyMmdHdQ%3D%3D,data/raw/oil_india/tenders/detail_pages/GEM_2025_B_6187438.html
GEM_2025_B_6189739,NIT,,https://www.oil-india.com/download-tender-document?ten_detail=NlVhMHV5SEw2RXFyMmdHdQ%3D%3D,data/raw/oil_india/tenders/detail_pages/GEM_2025_B_6189739.html
GEM_2025_B_6190469,NIT,,https://www.oil-india.com/download-tender-document?ten_detail=NlVhMHRTSEw2RXFyMmdHdQ%3D%3D,data/raw/oil_india/tenders/detail_pages/GEM_2025_B_6190469.html
GEM_2025_B_6191936,NIT,,https://www.oil-india.com/download-tender-document?ten_detail=NlVhMHVpSEw2RXFyMmdHdQ%3D%3D,data/raw/oil_india/tenders/detail_pages/GEM_2025_B_6191936.html
GEM_2025_B_6197458,NIT,,https://www.oil-india.com/download-tender-document?ten_detail=NlVhMXVpSEw2RXFyMmdHdQ%3D%3D,data/raw/oil_india/tenders/detail_pages/GEM_2025_B_6197458.html
GEM_2025_B_6200674,NIT,,https://www.oil-india.com/download-tender-document?ten_detail=NlVheXZpSEw2RXFyMmdHdQ%3D%3D,data/raw/oil_india/tenders/detail_pages/GEM_2025_B_6200674.html
GEM_2025_B_6200744,NIT,,https://www.oil-india.com/download-tender-document?ten_detail=NlVheXZ5SEw2RXFyMmdHdQ%3D%3D,data/raw/oil_india/tenders/detail_pages/GEM_2025_B_6200744.html
GEM_2025_B_6204098,NIT,,https://www.oil-india.com/download-tender-document?ten_detail=NlVXMXVDSEw2RXFyMmdHdQ%3D%3D,data/raw/oil_india/tenders/detail_pages/GEM_2025_B_6204098.html
GEM_2025_B_6204492,NIT,,https://www.oil-india.com/download-tender-document?ten_detail=NlVXMXVTSEw2RXFyMmdHdQ%3D%3D,data/raw/oil_india/tenders/detail_pages/GEM_2025_B_6204492.html
GEM_2025_B_6204564,NIT,,https://www.oil-india.com/download-tender-document?ten_detail=NlVXMXV5SEw2RXFyMmdHdQ%3D%3D,data/raw/oil_india/tenders/detail_pages/GEM_2025_B_6204564.html
GEM_2025_B_6205732,NIT,,https://www.oil-india.com/download-tender-document?ten_detail=NlVheXZDSEw2RXFyMmdHdQ%3D%3D,data/raw/oil_india/tenders/detail_pages/GEM_2025_B_6205732.html
GEM_2025_B_6208480,NIT,,https://www.oil-india.com/download-tender-document?ten_detail=NlVhL3VDSEw2RXFyMmdHdQ%3D%3D,data/raw/oil_india/tenders/detail_pages/GEM_2025_B_6208480.html
GEM_2025_B_6211530,NIT,,https://www.oil-india.com/download-tender-document?ten_detail=NlVheXRTSEw2RXFyMmdHdQ%3D%3D,data/raw/oil_india/tenders/detail_pages/GEM_2025_B_6211530.html
GEM_2025_B_6212055,NIT,,https://www.oil-india.com/download-tender-document?ten_detail=NlVhd3VDSEw2RXFyMmdHdQ%3D%3D,data/raw/oil_india/tenders/detail_pages/GEM_2025_B_6212055.html
GEM_2025_B_6213907,NIT,,https://www.oil-india.com/download-tender-document?ten_detail=NlVheXRDSEw2RXFyMmdHdQ%3D%3D,data/raw/oil_india/tenders/detail_pages/GEM_2025_B_6213907.html
GEM_2025_B_6221001,NIT,,https://www.oil-india.com/download-tender-document?ten_detail=NlVhenZTSEw2RXFyMmdHdQ%3D%3D,data/raw/oil_india/tenders/detail_pages/GEM_2025_B_6221001.html
GEM_2025_B_6222290,NIT,,https://www.oil-india.com/download-tender-document?ten_detail=NlVhenZpSEw2RXFyMmdHdQ%3D%3D,data/raw/oil_india/tenders/detail_pages/GEM_2025_B_6222290.html
GEM_2025_B_6223469,NIT,,https://www.oil-india.com/download-tender-document?ten_detail=NlVhenVTSEw2RXFyMmdHdQ%3D%3D,data/raw/oil_india/tenders/detail_pages/GEM_2025_B_6223469.html
GEM_2025_B_6225600,NIT,,https://www.oil-india.com/download-tender-document?ten_detail=NlVhenV5SEw2RXFyMmdHdQ%3D%3D,data/raw/oil_india/tenders/detail_pages/GEM_2025_B_6225600.html
GEM_2025_B_6225639,NIT,,https://www.oil-india.com/download-tender-document?ten_detail=NlVhenVDSEw2RXFyMmdHdQ%3D%3D,data/raw/oil_india/tenders/detail_pages/GEM_2025_B_6225639.html
GEM_2025_B_6227733,NIT,,https://www.oil-india.com/download-tender-document?ten_detail=NlVhenVpSEw2RXFyMmdHdQ%3D%3D,data/raw/oil_india/tenders/detail_pages/GEM_2025_B_6227733.html
GEM_2025_B_6227805,NIT,,https://www.oil-india.com/download-tender-document?ten_detail=NlVhenRDSEw2RXFyMmdHdQ%3D%3D,data/raw/oil_india/tenders/detail_pages/GEM_2025_B_6227805.html
GEM_2025_B_6227827,NIT,,https://www.oil-india.com/download-tender-document?ten_detail=NlVhenRTSEw2RXFyMmdHdQ%3D%3D,data/raw/oil_india/tenders/detail_pages/GEM_2025_B_6227827.html
GEM_2025_B_6228206,NIT,,https://www.oil-india.com/download-tender-document?ten_detail=NlVhd3ZDSEw2RXFyMmdHdQ%3D%3D,data/raw/oil_india/tenders/detail_pages/GEM_2025_B_6228206.html
GEM_2025_B_6235082,NIT,,https://www.oil-india.com/download-tender-document?ten_detail=NlVhL3ZpSEw2RXFyMmdHdQ%3D%3D,data/raw/oil_india/tenders/detail_pages/GEM_2025_B_6235082.html
GEM_2025_B_6235344,NIT,,https://www.oil-india.com/download-tender-document?ten_detail=NlVhd3VpSEw2RXFyMmdHdQ%3D%3D,data/raw/oil_india/tenders/detail_pages/GEM_2025_B_6235344.html
GEM_2025_B_6237548,NIT,,https://www.oil-india.com/download-tender-document?ten_detail=NlVhd3V5SEw2RXFyMmdHdQ%3D%3D,data/raw/oil_india/tenders/detail_pages/GEM_2025_B_6237548.html
GEM_2025_B_6237615,NIT,,https://www.oil-india.com/download-tender-document?ten_detail=NlVXeXZ5SEw2RXFyMmdHdQ%3D%3D,data/raw/oil_india/tenders/detail_pages/GEM_2025_B_6237615.html
GEM_2025_B_6239762,NIT,,https://www.oil-india.com/download-tender-document?ten_detail=NlVhd3RDSEw2RXFyMmdHdQ%3D%3D,data/raw/oil_india/tenders/detail_pages/GEM_2025_B_6239762.html
GEM_2025_B_6242387,NIT,,https://www.oil-india.com/download-tender-document?ten_detail=NlVheHZDSEw2RXFyMmdHdQ%3D%3D,data/raw/oil_india/tenders/detail_pages/GEM_2025_B_6242387.html
GEM_2025_B_6246311,NIT,,https://www.oil-india.com/download-tender-document?ten_detail=NlVheHVTSEw2RXFyMmdHdQ%3D%3D,data/raw/oil_india/tenders/detail_pages/GEM_2025_B_6246311.html
GEM_2025_B_6246368,NIT,,https://www.oil-india.com/download-tender-document?ten_detail=NlVXeXZDSEw2RXFyMmdHdQ%3D%3D,data/raw/oil_india/tenders/detail_pages/GEM_2025_B_6246368.html
GEM_2025_B_6248614,NIT,,https://www.oil-india.com/download-tender-document?ten_detail=NlVheHVpSEw2RXFyMmdHdQ%3D%3D,data/raw/oil_india/tenders/detail_pages/GEM_2025_B_6248614.html
GEM_2025_B_6250860,NIT,,https://www.oil-india.com/download-tender-document?ten_detail=NlVheHVDSEw2RXFyMmdHdQ%3D%3D,data/raw/oil_india/tenders/detail_pages/GEM_2025_B_6250860.html
GEM_2025_B_6251570,NIT,,https://www.oil-india.com/download-tender-document?ten_detail=NlVhL3VpSEw2RXFyMmdHdQ%3D%3D,data/raw/oil_india/tenders/detail_pages/GEM_2025_B_6251570.html
GEM_2025_B_6251814,NIT,,https://www.oil-india.com/download-tender-document?ten_detail=NlVhL3RTSEw2RXFyMmdHdQ%3D%3D,data/raw/oil_india/tenders/detail_pages/GEM_2025_B_6251814.html
GEM_2025_B_6252552,NIT,,https://www.oil-india.com/download-tender-document?ten_detail=NlVXL3ZpSEw2RXFyMmdHdQ%3D%3D,data/raw/oil_india/tenders/detail_pages/GEM_2025_B_6252552.html
GEM_2025_B_6252832,NIT,,https://www.oil-india.com/download-tender-document?ten_detail=NlVXMnZpSEw2RXFyMmdHdQ%3D%3D,data/raw/oil_india/tenders/detail_pages/GEM_2025_B_6252832.html
GEM_2025_B_6252972,NIT,,https://www.oil-india.com/download-tender-document?ten_detail=NlVXM3ZDSEw2RXFyMmdHdQ%3D%3D,data/raw/oil_india/tenders/detail_pages/GEM_2025_B_6252972.html
GEM_2025_B_6254176,NIT,,https://www.oil-india.com/download-tender-document?ten_detail=NlVPM3ZTSEw2RXFyMmdHdQ%3D%3D,data/raw/oil_india/tenders/detail_pages/GEM_2025_B_6254176.html
GEM_2025_B_6255815,NIT,,https://www.oil-india.com/download-tender-document?ten_detail=NlVhL3V5SEw2RXFyMmdHdQ%3D%3D,data/raw/oil_india/tenders/detail_pages/GEM_2025_B_6255815.html
GEM_2025_B_6256429,NIT,,https://www.oil-india.com/download-tender-document?ten_detail=NlVhK3ZTSEw2RXFyMmdHdQ%3D%3D,data/raw/oil_india/tenders/detail_pages/GEM_2025_B_6256429.html
GEM_2025_B_6257978,NIT,,https://www.oil-india.com/download-tender-document?ten_detail=NlVheHV5SEw2RXFyMmdHdQ%3D%3D,data/raw/oil_india/tenders/detail_pages/GEM_2025_B_6257978.html
GEM_2025_B_6260530,NIT,,https://www.oil-india.com/download-tender-document?ten_detail=NlVheHRDSEw2RXFyMmdHdQ%3D%3D,data/raw/oil_india/tenders/detail_pages/GEM_2025_B_6260530.html
GEM_2025_B_6260577,NIT,,https://www.oil-india.com/download-tender-document?ten_detail=NlVhK3ZDSEw2RXFyMmdHdQ%3D%3D,data/raw/oil_india/tenders/detail_pages/GEM_2025_B_6260577.html
GEM_2025_B_6260867,NIT,,https://www.oil-india.com/download-tender-document?ten_detail=NlVXMHZ5SEw2RXFyMmdHdQ%3D%3D,data/raw/oil_india/tenders/detail_pages/GEM_2025_B_6260867.html
GEM_2025_B_6262510,NIT,,https://www.oil-india.com/download-tender-document?ten_detail=NlVhK3Z5SEw2RXFyMmdHdQ%3D%3D,data/raw/oil_india/tenders/detail_pages/GEM_2025_B_6262510.html
GEM_2025_B_6263732,NIT,,https://www.oil-india.com/download-tender-document?ten_detail=NlVhK3VDSEw2RXFyMmdHdQ%3D%3D,data/raw/oil_india/tenders/detail_pages/GEM_2025_B_6263732.html
GEM_2025_B_6263811,NIT,,https://www.oil-india.com/download-tender-document?ten_detail=NlVhK3VTSEw2RXFyMmdHdQ%3D%3D,data/raw/oil_india/tenders/detail_pages/GEM_2025_B_6263811.html
GEM_2025_B_6264142,NIT,,https://www.oil-india.com/download-tender-document?ten_detail=NlVXL3RTSEw2RXFyMmdHdQ%3D%3D,data/raw/oil_india/tenders/detail_pages/GEM_2025_B_6264142.html
GEM_2025_B_6265721,NIT,,https://www.oil-india.com/download-tender-document?ten_detail=NlVhK3VpSEw2RXFyMmdHdQ%3D%3D,data/raw/oil_india/tenders/detail_pages/GEM_2025_B_6265721.html
GEM_2025_B_6268295,NIT,,https://www.oil-india.com/download-tender-document?ten_detail=NlVhK3RTSEw2RXFyMmdHdQ%3D%3D,data/raw/oil_india/tenders/detail_pages/GEM_2025_B_6268295.html
GEM_2025_B_6273186,NIT,,https://www.oil-india.com/download-tender-document?ten_detail=NlVXMnZTSEw2RXFyMmdHdQ%3D%3D,data/raw/oil_india/tenders/detail_pages/GEM_2025_B_6273186.html
GEM_2025_B_6275912,NIT,,https://www.oil-india.com/download-tender-document?ten_detail=NlVhL3RDSEw2RXFyMmdHdQ%3D%3D,data/raw/oil_india/tenders/detail_pages/GEM_2025_B_6275912.html
GEM_2025_B_6277179,NIT,,https://www.oil-india.com/download-tender-document?ten_detail=NlVXMnZDSEw2RXFyMmdHdQ%3D%3D,data/raw/oil_india/tenders/detail_pages/GEM_2025_B_6277179.html
GEM_2025_B_6277232,NIT,,https://www.oil-india.com/download-tender-document?ten_detail=NlVXMnVpSEw2RXFyMmdHdQ%3D%3D,data/raw/oil_india/tenders/detail_pages/GEM_2025_B_6277232.html
GEM_2025_B_6277293,NIT,,https://www.oil-india.com/download-tender-document?ten_detail=NlVXMnV5SEw2RXFyMmdHdQ%3D%3D,data/raw/oil_india/tenders/detail_pages/GEM_2025_B_6277293.html
GEM_2025_B_6277591,NIT,,https://www.oil-india.com/download-tender-document?ten_detail=NlVXMnVDSEw2RXFyMmdHdQ%3D%3D,data/raw/oil_india/tenders/detail_pages/GEM_2025_B_6277591.html
GEM_2025_B_6279744,NIT,,https://www.oil-india.com/download-tender-document?ten_detail=NlVXM3RTSEw2RXFyMmdHdQ%3D%3D,data/raw/oil_india/tenders/detail_pages/GEM_2025_B_6279744.html
GEM_2025_B_6280066,NIT,,https://www.oil-india.com/download-tender-document?ten_detail=NlVXMnVTSEw2RXFyMmdHdQ%3D%3D,data/raw/oil_india/tenders/detail_pages/GEM_2025_B_6280066.html
GEM_2025_B_6281540,NIT,,https://www.oil-india.com/download-tender-document?ten_detail=NlVXMnRTSEw2RXFyMmdHdQ%3D%3D,data/raw/oil_india/tenders/detail_pages/GEM_2025_B_6281540.html
GEM_2025_B_6284605,NIT,,https://www.oil-india.com/download-tender-document?ten_detail=NlVXM3ZpSEw2RXFyMmdHdQ%3D%3D,data/raw/oil_india/tenders/detail_pages/GEM_2025_B_6284605.html
GEM_2025_B_6285572,NIT,,https://www.oil-india.com/download-tender-document?ten_detail=NlVXM3V5SEw2RXFyMmdHdQ%3D%3D,data/raw/oil_india/tenders/detail_pages/GEM_2025_B_6285572.html
GEM_2025_B_6288415,NIT,,https://www.oil-india.com/download-tender-document?ten_detail=NlVXMHZDSEw2RXFyMmdHdQ%3D%3D,data/raw/oil_india/tenders/detail_pages/GEM_2025_B_6288415.html
GEM_2025_B_6289221,NIT,,https://www.oil-india.com/download-tender-document?ten_detail=NlVXM3RDSEw2RXFyMmdHdQ%3D%3D,data/raw/oil_india/tenders/detail_pages/GEM_2025_B_6289221.html
GEM_2025_B_6289671,NIT,,https://www.oil-india.com/download-tender-document?ten_detail=NlVXMHZTSEw2RXFyMmdHdQ%3D%3D,data/raw/oil_india/tenders/detail_pages/GEM_2025_B_6289671.html
GEM_2025_B_6290327,NIT,,https://www.oil-india.com/download-tender-document?ten_detail=NlVXMHVTSEw2RXFyMmdHdQ%3D%3D,data/raw/oil_india/tenders/detail_pages/GEM_2025_B_6290327.html
GEM_2025_B_6290458,NIT,,https://www.oil-india.com/download-tender-document?ten_detail=NlVXMHVpSEw2RXFyMmdHdQ%3D%3D,data/raw/oil_india/tenders/detail_pages/GEM_2025_B_6290458.html
GEM_2025_B_6290513,NIT,,https://www.oil-india.com/download-tender-document?ten_detail=NlVXeHRDSEw2RXFyMmdHdQ%3D%3D,data/raw/oil_india/tenders/detail_pages/GEM_2025_B_6290513.html
GEM_2025_B_6290694,NIT,,https://www.oil-india.com/download-tender-document?ten_detail=NlVXMHVDSEw2RXFyMmdHdQ%3D%3D,data/raw/oil_india/tenders/detail_pages/GEM_2025_B_6290694.html
GEM_2025_B_6294616,NIT,,https://www.oil-india.com/download-tender-document?ten_detail=NlVXMHRTSEw2RXFyMmdHdQ%3D%3D,data/raw/oil_india/tenders/detail_pages/GEM_2025_B_6294616.html
GEM_2025_B_6294650,NIT,,https://www.oil-india.com/download-tender-document?ten_detail=NlVXMHV5SEw2RXFyMmdHdQ%3D%3D,data/raw/oil_india/tenders/detail_pages/GEM_2025_B_6294650.html
GEM_2025_B_6294941,NIT,,https://www.oil-india.com/download-tender-document?ten_detail=NlVXd3ZpSEw2RXFyMmdHdQ%3D%3D,data/raw/oil_india/tenders/detail_pages/GEM_2025_B_6294941.html
GEM_2025_B_6295316,NIT,,https://www.oil-india.com/download-tender-document?ten_detail=NlVXMHRDSEw2RXFyMmdHdQ%3D%3D,data/raw/oil_india/tenders/detail_pages/GEM_2025_B_6295316.html
GEM_2025_B_6298719,NIT,,https://www.oil-india.com/download-tender-document?ten_detail=NlVXMXZDSEw2RXFyMmdHdQ%3D%3D,data/raw/oil_india/tenders/detail_pages/GEM_2025_B_6298719.html
GEM_2025_B_6300223,NIT,,https://www.oil-india.com/download-tender-document?ten_detail=NlVXMXZ5SEw2RXFyMmdHdQ%3D%3D,data/raw/oil_india/tenders/detail_pages/GEM_2025_B_6300223.html
GEM_2025_B_6300347,NIT,,https://www.oil-india.com/download-tender-document?ten_detail=NlVXMXZTSEw2RXFyMmdHdQ%3D%3D,data/raw/oil_india/tenders/detail_pages/GEM_2025_B_6300347.html
GEM_2025_B_6302167,NIT,,https://www.oil-india.com/download-tender-document?ten_detail=NlVXK3VTSEw2RXFyMmdHdQ%3D%3D,data/raw/oil_india/tenders/detail_pages/GEM_2025_B_6302167.html
GEM_2025_B_6302204,NIT,,https://www.oil-india.com/download-tender-document?ten_detail=NlVXMXZpSEw2RXFyMmdHdQ%3D%3D,data/raw/oil_india/tenders/detail_pages/GEM_2025_B_6302204.html
GEM_2025_B_6302222,NIT,,https://www.oil-india.com/download-tender-document?ten_detail=NlVXenZpSEw2RXFyMmdHdQ%3D%3D,data/raw/oil_india/tenders/detail_pages/GEM_2025_B_6302222.html
GEM_2025_B_6302408,NIT,,https://www.oil-india.com/download-tender-document?ten_detail=NlVXeXVTSEw2RXFyMmdHdQ%3D%3D,data/raw/oil_india/tenders/detail_pages/GEM_2025_B_6302408.html
GEM_2025_B_6306482,NIT,,https://www.oil-india.com/download-tender-document?ten_detail=NlVXMXVpSEw2RXFyMmdHdQ%3D%3D,data/raw/oil_india/tenders/detail_pages/GEM_2025_B_6306482.html
GEM_2025_B_6311101,NIT,,https://www.oil-india.com/download-tender-document?ten_detail=NlVXeXZpSEw2RXFyMmdHdQ%3D%3D,data/raw/oil_india/tenders/detail_pages/GEM_2025_B_6311101.html
GEM_2025_B_6311321,NIT,,https://www.oil-india.com/download-tender-document?ten_detail=NlVTM3V5SEw2RXFyMmdHdQ%3D%3D,data/raw/oil_india/tenders/detail_pages/GEM_2025_B_6311321.html
GEM_2025_B_6311372,NIT,,https://www.oil-india.com/download-tender-document?ten_detail=NlVTM3RTSEw2RXFyMmdHdQ%3D%3D,data/raw/oil_india/tenders/detail_pages/GEM_2025_B_6311372.html
GEM_2025_B_6311409,NIT,,https://www.oil-india.com/download-tender-document?ten_detail=NlVTM3VpSEw2RXFyMmdHdQ%3D%3D,data/raw/oil_india/tenders/detail_pages/GEM_2025_B_6311409.html
GEM_2025_B_6311525,NIT,,https://www.oil-india.com/download-tender-document?ten_detail=NlVXd3V5SEw2RXFyMmdHdQ%3D%3D,data/raw/oil_india/tenders/detail_pages/GEM_2025_B_6311525.html
GEM_2025_B_6311702,NIT,,https://www.oil-india.com/download-tender-document?ten_detail=NlVXeXVpSEw2RXFyMmdHdQ%3D%3D,data/raw/oil_india/tenders/detail_pages/GEM_2025_B_6311702.html
GEM_2025_B_6311863,NIT,,https://www.oil-india.com/download-tender-document?ten_detail=NlVXeXRTSEw2RXFyMmdHdQ%3D%3D,data/raw/oil_india/tenders/detail_pages/GEM_2025_B_6311863.html
GEM_2025_B_6312087,NIT,,https://www.oil-india.com/download-tender-document?ten_detail=NlVXeXV5SEw2RXFyMmdHdQ%3D%3D,data/raw/oil_india/tenders/detail_pages/GEM_2025_B_6312087.html
GEM_2025_B_6313026,NIT,,https://www.oil-india.com/download-tender-document?ten_detail=NlVXenZDSEw2RXFyMmdHdQ%3D%3D,data/raw/oil_india/tenders/detail_pages/GEM_2025_B_6313026.html
GEM_2025_B_6313270,NIT,,https://www.oil-india.com/download-tender-document?ten_detail=NlVXenVDSEw2RXFyMmdHdQ%3D%3D,data/raw/oil_india/tenders/detail_pages/GEM_2025_B_6313270.html
GEM_2025_B_6314385,NIT,,https://www.oil-india.com/download-tender-document?ten_detail=NlVXeXRDSEw2RXFyMmdHdQ%3D%3D,data/raw/oil_india/tenders/detail_pages/GEM_2025_B_6314385.html
GEM_2025_B_6314433,NIT,,https://www.oil-india.com/download-tender-document?ten_detail=NlVXenZTSEw2RXFyMmdHdQ%3D%3D,data/raw/oil_india/tenders/detail_pages/GEM_2025_B_6314433.html
GEM_2025_B_6315191,NIT,,https://www.oil-india.com/download-tender-document?ten_detail=NlVXenZ5SEw2RXFyMmdHdQ%3D%3D,data/raw/oil_india/tenders/detail_pages/GEM_2025_B_6315191.html
GEM_2025_B_6315857,NIT,,https://www.oil-india.com/download-tender-document?ten_detail=NlVXenVTSEw2RXFyMmdHdQ%3D%3D,data/raw/oil_india/tenders/detail_pages/GEM_2025_B_6315857.html
GEM_2025_B_6315990,NIT,,https://www.oil-india.com/download-tender-document?ten_detail=NlVXd3VDSEw2RXFyMmdHdQ%3D%3D,data/raw/oil_india/tenders/detail_pages/GEM_2025_B_6315990.html
GEM_2025_B_6318417,NIT,,https://www.oil-india.com/download-tender-document?ten_detail=NlVXeHZ5SEw2RXFyMmdHdQ%3D%3D,data/raw/oil_india/tenders/detail_pages/GEM_2025_B_6318417.html
GEM_2025_B_6319200,NIT,,https://www.oil-india.com/download-tender-document?ten_detail=NlVXenRTSEw2RXFyMmdHdQ%3D%3D,data/raw/oil_india/tenders/detail_pages/GEM_2025_B_6319200.html
GEM_2025_B_6319459,NIT,,https://www.oil-india.com/download-tender-document?ten_detail=NlVXenRDSEw2RXFyMmdHdQ%3D%3D,data/raw/oil_india/tenders/detail_pages/GEM_2025_B_6319459.html
GEM_2025_B_6320406,NIT,,https://www.oil-india.com/download-tender-document?ten_detail=NlVXd3ZTSEw2RXFyMmdHdQ%3D%3D,data/raw/oil_india/tenders/detail_pages/GEM_2025_B_6320406.html
GEM_2025_B_6320458,NIT,,https://www.oil-india.com/download-tender-document?ten_detail=NlVTenZ5SEw2RXFyMmdHdQ%3D%3D,data/raw/oil_india/tenders/detail_pages/GEM_2025_B_6320458.html
GEM_2025_B_6320476,NIT,,https://www.oil-india.com/download-tender-document?ten_detail=NlVTenZpSEw2RXFyMmdHdQ%3D%3D,data/raw/oil_india/tenders/detail_pages/GEM_2025_B_6320476.html
GEM_2025_B_6320818,NIT,,https://www.oil-india.com/download-tender-document?ten_detail=NlVXd3ZDSEw2RXFyMmdHdQ%3D%3D,data/raw/oil_india/tenders/detail_pages/GEM_2025_B_6320818.html
GEM_2025_B_6322880,NIT,,https://www.oil-india.com/download-tender-document?ten_detail=NlVXd3VTSEw2RXFyMmdHdQ%3D%3D,data/raw/oil_india/tenders/detail_pages/GEM_2025_B_6322880.html
GEM_2025_B_6324276,NIT,,https://www.oil-india.com/download-tender-document?ten_detail=NlVXeHZTSEw2RXFyMmdHdQ%3D%3D,data/raw/oil_india/tenders/detail_pages/GEM_2025_B_6324276.html
GEM_2025_B_6326451,NIT,,https://www.oil-india.com/download-tender-document?ten_detail=NlVTMHZ5SEw2RXFyMmdHdQ%3D%3D,data/raw/oil_india/tenders/detail_pages/GEM_2025_B_6326451.html
GEM_2025_B_6326452,NIT,,https://www.oil-india.com/download-tender-document?ten_detail=NlVXK3VpSEw2RXFyMmdHdQ%3D%3D,data/raw/oil_india/tenders/detail_pages/GEM_2025_B_6326452.html
GEM_2025_B_6326695,NIT,,https://www.oil-india.com/download-tender-document?ten_detail=NlVXeHVpSEw2RXFyMmdHdQ%3D%3D,data/raw/oil_india/tenders/detail_pages/GEM_2025_B_6326695.html
GEM_2025_B_6326699,NIT,,https://www.oil-india.com/download-tender-document?ten_detail=NlVXeHV5SEw2RXFyMmdHdQ%3D%3D,data/raw/oil_india/tenders/detail_pages/GEM_2025_B_6326699.html
GEM_2025_B_6326783,NIT,,https://www.oil-india.com/download-tender-document?ten_detail=NlVXeHZDSEw2RXFyMmdHdQ%3D%3D,data/raw/oil_india/tenders/detail_pages/GEM_2025_B_6326783.html
GEM_2025_B_6328433,NIT,,https://www.oil-india.com/download-tender-document?ten_detail=NlVXeHZpSEw2RXFyMmdHdQ%3D%3D,data/raw/oil_india/tenders/detail_pages/GEM_2025_B_6328433.html
GEM_2025_B_6330311,NIT,,https://www.oil-india.com/download-tender-document?ten_detail=NlVXeHVTSEw2RXFyMmdHdQ%3D%3D,data/raw/oil_india/tenders/detail_pages/GEM_2025_B_6330311.html
GEM_2025_B_6330726,NIT,,https://www.oil-india.com/download-tender-document?ten_detail=NlVXeHRTSEw2RXFyMmdHdQ%3D%3D,data/raw/oil_india/tenders/detail_pages/GEM_2025_B_6330726.html
GEM_2025_B_6330865,NIT,,https://www.oil-india.com/download-tender-document?ten_detail=NlVTMnZDSEw2RXFyMmdHdQ%3D%3D,data/raw/oil_india/tenders/detail_pages/GEM_2025_B_6330865.html
GEM_2025_B_6330867,NIT,,https://www.oil-india.com/download-tender-document?ten_detail=NlVTMnZ5SEw2RXFyMmdHdQ%3D%3D,data/raw/oil_india/tenders/detail_pages/GEM_2025_B_6330867.html
GEM_2025_B_6330938,NIT,,https://www.oil-india.com/download-tender-document?ten_detail=NlVXeHVDSEw2RXFyMmdHdQ%3D%3D,data/raw/oil_india/tenders/detail_pages/GEM_2025_B_6330938.html
GEM_2025_B_6331217,NIT,,https://www.oil-india.com/download-tender-document?ten_detail=NlVTeXVDSEw2RXFyMmdHdQ%3D%3D,data/raw/oil_india/tenders/detail_pages/GEM_2025_B_6331217.html
GEM_2025_B_6331701,NIT,,https://www.oil-india.com/download-tender-document?ten_detail=NlVXK3ZTSEw2RXFyMmdHdQ%3D%3D,data/raw/oil_india/tenders/detail_pages/GEM_2025_B_6331701.html
GEM_2025_B_6332213,NIT,,https://www.oil-india.com/download-tender-document?ten_detail=NlVXK3ZDSEw2RXFyMmdHdQ%3D%3D,data/raw/oil_india/tenders/detail_pages/GEM_2025_B_6332213.html
GEM_2025_B_6333008,NIT,,https://www.oil-india.com/download-tender-document?ten_detail=NlVXL3Z5SEw2RXFyMmdHdQ%3D%3D,data/raw/oil_india/tenders/detail_pages/GEM_2025_B_6333008.html
GEM_2025_B_6333013,NIT,,https://www.oil-india.com/download-tender-document?ten_detail=NlVXK3ZpSEw2RXFyMmdHdQ%3D%3D,data/raw/oil_india/tenders/detail_pages/GEM_2025_B_6333013.html
GEM_2025_B_6333094,NIT,,https://www.oil-india.com/download-tender-document?ten_detail=NlVXK3VDSEw2RXFyMmdHdQ%3D%3D,data/raw/oil_india/tenders/detail_pages/GEM_2025_B_6333094.html
GEM_2025_B_6333586,NIT,,https://www.oil-india.com/download-tender-document?ten_detail=NlVXL3V5SEw2RXFyMmdHdQ%3D%3D,data/raw/oil_india/tenders/detail_pages/GEM_2025_B_6333586.html
GEM_2025_B_6333777,NIT,,https://www.oil-india.com/download-tender-document?ten_detail=NlVXK3V5SEw2RXFyMmdHdQ%3D%3D,data/raw/oil_india/tenders/detail_pages/GEM_2025_B_6333777.html
GEM_2025_B_6334952,NIT,,https://www.oil-india.com/download-tender-document?ten_detail=NlVXK3RTSEw2RXFyMmdHdQ%3D%3D,data/raw/oil_india/tenders/detail_pages/GEM_2025_B_6334952.html
GEM_2025_B_6336581,NIT,,https://www.oil-india.com/download-tender-document?ten_detail=NlVXL3VTSEw2RXFyMmdHdQ%3D%3D,data/raw/oil_india/tenders/detail_pages/GEM_2025_B_6336581.html
GEM_2025_B_6337399,NIT,,https://www.oil-india.com/download-tender-document?ten_detail=NlVTMHZpSEw2RXFyMmdHdQ%3D%3D,data/raw/oil_india/tenders/detail_pages/GEM_2025_B_6337399.html
GEM_2025_B_6337678,NIT,,https://www.oil-india.com/download-tender-document?ten_detail=NlVTMnVTSEw2RXFyMmdHdQ%3D%3D,data/raw/oil_india/tenders/detail_pages/GEM_2025_B_6337678.html
GEM_2025_B_6337896,NIT,,https://www.oil-india.com/download-tender-document?ten_detail=NlVTMnVDSEw2RXFyMmdHdQ%3D%3D,data/raw/oil_india/tenders/detail_pages/GEM_2025_B_6337896.html
GEM_2025_B_6339412,NIT,,https://www.oil-india.com/download-tender-document?ten_detail=NlVTMnZpSEw2RXFyMmdHdQ%3D%3D,data/raw/oil_india/tenders/detail_pages/GEM_2025_B_6339412.html
GEM_2025_B_6339612,NIT,,https://www.oil-india.com/download-tender-document?ten_detail=NlVXL3RDSEw2RXFyMmdHdQ%3D%3D,data/raw/oil_india/tenders/detail_pages/GEM_2025_B_6339612.html
GEM_2025_B_6341502,NIT,,https://www.oil-india.com/download-tender-document?ten_detail=NlVTMnZTSEw2RXFyMmdHdQ%3D%3D,data/raw/oil_india/tenders/detail_pages/GEM_2025_B_6341502.html
GEM_2025_B_6342396,NIT,,https://www.oil-india.com/download-tender-document?ten_detail=NlVTMnVpSEw2RXFyMmdHdQ%3D%3D,data/raw/oil_india/tenders/detail_pages/GEM_2025_B_6342396.html
GEM_2025_B_6343596,NIT,,https://www.oil-india.com/download-tender-document?ten_detail=NlVTMnV5SEw2RXFyMmdHdQ%3D%3D,data/raw/oil_india/tenders/detail_pages/GEM_2025_B_6343596.html
GEM_2025_B_6344875,NIT,,https://www.oil-india.com/download-tender-document?ten_detail=NlVTMnRTSEw2RXFyMmdHdQ%3D%3D,data/raw/oil_india/tenders/detail_pages/GEM_2025_B_6344875.html
GEM_2025_B_6347750,NIT,,https://www.oil-india.com/download-tender-document?ten_detail=NlVTd3Z5SEw2RXFyMmdHdQ%3D%3D,data/raw/oil_india/tenders/detail_pages/GEM_2025_B_6347750.html
GEM_2025_B_6348478,NIT,,https://www.oil-india.com/download-tender-document?ten_detail=NlVTMXRDSEw2RXFyMmdHdQ%3D%3D,data/raw/oil_india/tenders/detail_pages/GEM_2025_B_6348478.html
GEM_2025_B_6349078,NIT,,https://www.oil-india.com/download-tender-document?ten_detail=NlVTMnRDSEw2RXFyMmdHdQ%3D%3D,data/raw/oil_india/tenders/detail_pages/GEM_2025_B_6349078.html
GEM_2025_B_6349527,NIT,,https://www.oil-india.com/download-tender-document?ten_detail=NlVTM3ZTSEw2RXFyMmdHdQ%3D%3D,data/raw/oil_india/tenders/detail_pages/GEM_2025_B_6349527.html
GEM_2025_B_6351260,NIT,,https://www.oil-india.com/download-tender-document?ten_detail=NlVTenVTSEw2RXFyMmdHdQ%3D%3D,data/raw/oil_india/tenders/detail_pages/GEM_2025_B_6351260.html
GEM_2025_B_6352801,NIT,,https://www.oil-india.com/download-tender-document?ten_detail=NlVTMHRTSEw2RXFyMmdHdQ%3D%3D,data/raw/oil_india/tenders/detail_pages/GEM_2025_B_6352801.html
GEM_2025_B_6352813,NIT,,https://www.oil-india.com/download-tender-document?ten_detail=NlVTeXRTSEw2RXFyMmdHdQ%3D%3D,data/raw/oil_india/tenders/detail_pages/GEM_2025_B_6352813.html
GEM_2025_B_6352844,NIT,,https://www.oil-india.com/download-tender-document?ten_detail=NlVTM3VTSEw2RXFyMmdHdQ%3D%3D,data/raw/oil_india/tenders/detail_pages/GEM_2025_B_6352844.html
GEM_2025_B_6353038,NIT,,https://www.oil-india.com/download-tender-document?ten_detail=NlVTL3VpSEw2RXFyMmdHdQ%3D%3D,data/raw/oil_india/tenders/detail_pages/GEM_2025_B_6353038.html
GEM_2025_B_6353120,NIT,,https://www.oil-india.com/download-tender-document?ten_detail=NlVTM3VDSEw2RXFyMmdHdQ%3D%3D,data/raw/oil_india/tenders/detail_pages/GEM_2025_B_6353120.html
GEM_2025_B_6353142,NIT,,https://www.oil-india.com/download-tender-document?ten_detail=NlVTL3RTSEw2RXFyMmdHdQ%3D%3D,data/raw/oil_india/tenders/detail_pages/GEM_2025_B_6353142.html
GEM_2025_B_6355539,NIT,,https://www.oil-india.com/download-tender-document?ten_detail=NlVTMHZDSEw2RXFyMmdHdQ%3D%3D,data/raw/oil_india/tenders/detail_pages/GEM_2025_B_6355539.html
GEM_2025_B_6355552,NIT,,https://www.oil-india.com/download-tender-document?ten_detail=NlVTMHZTSEw2RXFyMmdHdQ%3D%3D,data/raw/oil_india/tenders/detail_pages/GEM_2025_B_6355552.html
GEM_2025_B_6355634,NIT,,https://www.oil-india.com/download-tender-document?ten_detail=NlVTMHVTSEw2RXFyMmdHdQ%3D%3D,data/raw/oil_india/tenders/detail_pages/GEM_2025_B_6355634.html
GEM_2025_B_6357394,NIT,,https://www.oil-india.com/download-tender-document?ten_detail=NlVTMXV5SEw2RXFyMmdHdQ%3D%3D,data/raw/oil_india/tenders/detail_pages/GEM_2025_B_6357394.html
GEM_2025_B_6359093,NIT,,https://www.oil-india.com/download-tender-document?ten_detail=NlVTMHVpSEw2RXFyMmdHdQ%3D%3D,data/raw/oil_india/tenders/detail_pages/GEM_2025_B_6359093.html
GEM_2025_B_6359740,NIT,,https://www.oil-india.com/download-tender-document?ten_detail=NlVTMHRDSEw2RXFyMmdHdQ%3D%3D,data/raw/oil_india/tenders/detail_pages/GEM_2025_B_6359740.html
GEM_2025_B_6359910,NIT,,https://www.oil-india.com/download-tender-document?ten_detail=NlVTMXZpSEw2RXFyMmdHdQ%3D%3D,data/raw/oil_india/tenders/detail_pages/GEM_2025_B_6359910.html
GEM_2025_B_6359998,NIT,,https://www.oil-india.com/download-tender-document?ten_detail=NlVTMXZ5SEw2RXFyMmdHdQ%3D%3D,data/raw/oil_india/tenders/detail_pages/GEM_2025_B_6359998.html
GEM_2025_B_6360153,NIT,,https://www.oil-india.com/download-tender-document?ten_detail=NlVTeXZTSEw2RXFyMmdHdQ%3D%3D,data/raw/oil_india/tenders/detail_pages/GEM_2025_B_6360153.html
GEM_2025_B_6362011,NIT,,https://www.oil-india.com/download-tender-document?ten_detail=NlVTMXVpSEw2RXFyMmdHdQ%3D%3D,data/raw/oil_india/tenders/detail_pages/GEM_2025_B_6362011.html
GEM_2025_B_6362226,NIT,,https://www.oil-india.com/download-tender-document?ten_detail=NlVTeXVTSEw2RXFyMmdHdQ%3D%3D,data/raw/oil_india/tenders/detail_pages/GEM_2025_B_6362226.html
GEM_2025_B_6362727,NIT,,https://www.oil-india.com/download-tender-document?ten_detail=NlVTMXRTSEw2RXFyMmdHdQ%3D%3D,data/raw/oil_india/tenders/detail_pages/GEM_2025_B_6362727.html
GEM_2025_B_6364502,NIT,,https://www.oil-india.com/download-tender-document?ten_detail=NlVLL3ZDSEw2RXFyMmdHdQ%3D%3D,data/raw/oil_india/tenders/detail_pages/GEM_2025_B_6364502.html
GEM_2025_B_6364575,NIT,,https://www.oil-india.com/download-tender-document?ten_detail=NlVTenRTSEw2RXFyMmdHdQ%3D%3D,data/raw/oil_india/tenders/detail_pages/GEM_2025_B_6364575.html
GEM_2025_B_6364916,NIT,,https://www.oil-india.com/download-tender-document?ten_detail=NlVTd3ZDSEw2RXFyMmdHdQ%3D%3D,data/raw/oil_india/tenders/detail_pages/GEM_2025_B_6364916.html
GEM_2025_B_6365675,NIT,,https://www.oil-india.com/download-tender-document?ten_detail=NlVTeXZpSEw2RXFyMmdHdQ%3D%3D,data/raw/oil_india/tenders/detail_pages/GEM_2025_B_6365675.html
GEM_2025_B_6366563,NIT,,https://www.oil-india.com/download-tender-document?ten_detail=NlVTeHZ5SEw2RXFyMmdHdQ%3D%3D,data/raw/oil_india/tenders/detail_pages/GEM_2025_B_6366563.html
GEM_2025_B_6367158,NIT,,https://www.oil-india.com/download-tender-document?ten_detail=NlVTeXV5SEw2RXFyMmdHdQ%3D%3D,data/raw/oil_india/tenders/detail_pages/GEM_2025_B_6367158.html
GEM_2025_B_6368736,NIT,,https://www.oil-india.com/download-tender-document?ten_detail=NlVTd3V5SEw2RXFyMmdHdQ%3D%3D,data/raw/oil_india/tenders/detail_pages/GEM_2025_B_6368736.html
GEM_2025_B_6371458,NIT,,https://www.oil-india.com/download-tender-document?ten_detail=NlVTeXRDSEw2RXFyMmdHdQ%3D%3D,data/raw/oil_india/tenders/detail_pages/GEM_2025_B_6371458.html
GEM_2025_B_6371962,NIT,,https://www.oil-india.com/download-tender-document?ten_detail=NlVTenZTSEw2RXFyMmdHdQ%3D%3D,data/raw/oil_india/tenders/detail_pages/GEM_2025_B_6371962.html
GEM_2025_B_6372256,NIT,,https://www.oil-india.com/download-tender-document?ten_detail=NlVTenZDSEw2RXFyMmdHdQ%3D%3D,data/raw/oil_india/tenders/detail_pages/GEM_2025_B_6372256.html
GEM_2025_B_6372393,NIT,,https://www.oil-india.com/download-tender-document?ten_detail=NlVTenRDSEw2RXFyMmdHdQ%3D%3D,data/raw/oil_india/tenders/detail_pages/GEM_2025_B_6372393.html
GEM_2025_B_6372489,NIT,,https://www.oil-india.com/download-tender-document?ten_detail=NlVTd3ZTSEw2RXFyMmdHdQ%3D%3D,data/raw/oil_india/tenders/detail_pages/GEM_2025_B_6372489.html
GEM_2025_B_6373926,NIT,,https://www.oil-india.com/download-tender-document?ten_detail=NlVTenV5SEw2RXFyMmdHdQ%3D%3D,data/raw/oil_india/tenders/detail_pages/GEM_2025_B_6373926.html
GEM_2025_B_6375207,NIT,,https://www.oil-india.com/download-tender-document?ten_detail=NlVTenVpSEw2RXFyMmdHdQ%3D%3D,data/raw/oil_india/tenders/detail_pages/GEM_2025_B_6375207.html
GEM_2025_B_6377237,NIT,,https://www.oil-india.com/download-tender-document?ten_detail=NlVTd3VDSEw2RXFyMmdHdQ%3D%3D,data/raw/oil_india/tenders/detail_pages/GEM_2025_B_6377237.html
GEM_2025_B_6377371,NIT,,https://www.oil-india.com/download-tender-document?ten_detail=NlVTK3VDSEw2RXFyMmdHdQ%3D%3D,data/raw/oil_india/tenders/detail_pages/GEM_2025_B_6377371.html
GEM_2025_B_6378096,NIT,,https://www.oil-india.com/download-tender-document?ten_detail=NlVPeXRDSEw2RXFyMmdHdQ%3D%3D,data/raw/oil_india/tenders/detail_pages/GEM_2025_B_6378096.html
GEM_2025_B_6379778,NIT,,https://www.oil-india.com/download-tender-document?ten_detail=NlVTd3VpSEw2RXFyMmdHdQ%3D%3D,data/raw/oil_india/tenders/detail_pages/GEM_2025_B_6379778.html
GEM_2025_B_6380520,NIT,,https://www.oil-india.com/download-tender-document?ten_detail=NlVTeHZDSEw2RXFyMmdHdQ%3D%3D,data/raw/oil_india/tenders/detail_pages/GEM_2025_B_6380520.html
GEM_2025_B_6380664,NIT,,https://www.oil-india.com/download-tender-document?ten_detail=NlVTd3RDSEw2RXFyMmdHdQ%3D%3D,data/raw/oil_india/tenders/detail_pages/GEM_2025_B_6380664.html
GEM_2025_B_6380746,NIT,,https://www.oil-india.com/download-tender-document?ten_detail=NlVTeHZTSEw2RXFyMmdHdQ%3D%3D,data/raw/oil_india/tenders/detail_pages/GEM_2025_B_6380746.html
GEM_2025_B_6380770,NIT,,https://www.oil-india.com/download-tender-document?ten_detail=NlVTK3ZpSEw2RXFyMmdHdQ%3D%3D,data/raw/oil_india/tenders/detail_pages/GEM_2025_B_6380770.html
GEM_2025_B_6385097,NIT,,https://www.oil-india.com/download-tender-document?ten_detail=NlVTeHZpSEw2RXFyMmdHdQ%3D%3D,data/raw/oil_india/tenders/detail_pages/GEM_2025_B_6385097.html
GEM_2025_B_6387061,NIT,,https://www.oil-india.com/download-tender-document?ten_detail=NlVTeHVTSEw2RXFyMmdHdQ%3D%3D,data/raw/oil_india/tenders/detail_pages/GEM_2025_B_6387061.html
GEM_2025_B_6387834,NIT,,https://www.oil-india.com/download-tender-document?ten_detail=NlVPeXRTSEw2RXFyMmdHdQ%3D%3D,data/raw/oil_india/tenders/detail_pages/GEM_2025_B_6387834.html
GEM_2025_B_6387953,NIT,,https://www.oil-india.com/download-tender-document?ten_detail=NlVTeHVDSEw2RXFyMmdHdQ%3D%3D,data/raw/oil_india/tenders/detail_pages/GEM_2025_B_6387953.html
GEM_2025_B_6388500,NIT,,https://www.oil-india.com/download-tender-document?ten_detail=NlVTeHV5SEw2RXFyMmdHdQ%3D%3D,data/raw/oil_india/tenders/detail_pages/GEM_2025_B_6388500.html
GEM_2025_B_6389358,NIT,,https://www.oil-india.com/download-tender-document?ten_detail=NlVTK3VTSEw2RXFyMmdHdQ%3D%3D,data/raw/oil_india/tenders/detail_pages/GEM_2025_B_6389358.html
GEM_2025_B_6389408,NIT,,https://www.oil-india.com/download-tender-document?ten_detail=NlVTeHRDSEw2RXFyMmdHdQ%3D%3D,data/raw/oil_india/tenders/detail_pages/GEM_2025_B_6389408.html
GEM_2025_B_6389838,NIT,,https://www.oil-india.com/download-tender-document?ten_detail=NlVTeHVpSEw2RXFyMmdHdQ%3D%3D,data/raw/oil_india/tenders/detail_pages/GEM_2025_B_6389838.html
GEM_2025_B_6391069,NIT,,https://www.oil-india.com/download-tender-document?ten_detail=NlVTK3ZDSEw2RXFyMmdHdQ%3D%3D,data/raw/oil_india/tenders/detail_pages/GEM_2025_B_6391069.html
GEM_2025_B_6391399,NIT,,https://www.oil-india.com/download-tender-document?ten_detail=NlVTK3ZTSEw2RXFyMmdHdQ%3D%3D,data/raw/oil_india/tenders/detail_pages/GEM_2025_B_6391399.html
GEM_2025_B_6392072,NIT,,https://www.oil-india.com/download-tender-document?ten_detail=NlVPenVDSEw2RXFyMmdHdQ%3D%3D,data/raw/oil_india/tenders/detail_pages/GEM_2025_B_6392072.html
GEM_2025_B_6398032,NIT,,https://www.oil-india.com/download-tender-document?ten_detail=NlVPMnRDSEw2RXFyMmdHdQ%3D%3D,data/raw/oil_india/tenders/detail_pages/GEM_2025_B_6398032.html
GEM_2025_B_6398841,NIT,,https://www.oil-india.com/download-tender-document?ten_detail=NlVLeXV5SEw2RXFyMmdHdQ%3D%3D,data/raw/oil_india/tenders/detail_pages/GEM_2025_B_6398841.html
GEM_2025_B_6400060,NIT,,https://www.oil-india.com/download-tender-document?ten_detail=NlVLd3ZTSEw2RXFyMmdHdQ%3D%3D,data/raw/oil_india/tenders/detail_pages/GEM_2025_B_6400060.html
GEM_2025_B_6400870,NIT,,https://www.oil-india.com/download-tender-document?ten_detail=NlVPMnRTSEw2RXFyMmdHdQ%3D%3D,data/raw/oil_india/tenders/detail_pages/GEM_2025_B_6400870.html
GEM_2025_B_6401029,NIT,,https://www.oil-india.com/download-tender-document?ten_detail=NlVPMnVpSEw2RXFyMmdHdQ%3D%3D,data/raw/oil_india/tenders/detail_pages/GEM_2025_B_6401029.html
GEM_2025_B_6403005,NIT,,https://www.oil-india.com/download-tender-document?ten_detail=NlVPeXVTSEw2RXFyMmdHdQ%3D%3D,data/raw/oil_india/tenders/detail_pages/GEM_2025_B_6403005.html
GEM_2025_B_6404774,NIT,,https://www.oil-india.com/download-tender-document?ten_detail=NlVPeXZ5SEw2RXFyMlFXdg%3D%3D,data/raw/oil_india/tenders/detail_pages/GEM_2025_B_6404774.html
GEM_2025_B_6404868,NIT,,https://www.oil-india.com/download-tender-document?ten_detail=NlVPeXVDSEw2RXFyMmdHdQ%3D%3D,data/raw/oil_india/tenders/detail_pages/GEM_2025_B_6404868.html
GEM_2025_B_6406447,NIT,,https://www.oil-india.com/download-tender-document?ten_detail=NlVTL3RDSEw2RXFyMmdHdQ%3D%3D,data/raw/oil_india/tenders/detail_pages/GEM_2025_B_6406447.html
GEM_2025_B_6406685,NIT,,https://www.oil-india.com/download-tender-document?ten_detail=NlVPMnZDSEw2RXFyMmdHdQ%3D%3D,data/raw/oil_india/tenders/detail_pages/GEM_2025_B_6406685.html
GEM_2025_B_6409182,NIT,,https://www.oil-india.com/download-tender-document?ten_detail=NlVLenZTSEw2RXFyMmdHdQ%3D%3D,data/raw/oil_india/tenders/detail_pages/GEM_2025_B_6409182.html
GEM_2025_B_6410002,NIT,,https://www.oil-india.com/download-tender-document?ten_detail=NlVPMnVTSEw2RXFyMmdHdQ%3D%3D,data/raw/oil_india/tenders/detail_pages/GEM_2025_B_6410002.html
GEM_2025_B_6410217,NIT,,https://www.oil-india.com/download-tender-document?ten_detail=NlVPMnV5SEw2RXFyMmdHdQ%3D%3D,data/raw/oil_india/tenders/detail_pages/GEM_2025_B_6410217.html
GEM_2025_B_6410896,NIT,,https://www.oil-india.com/download-tender-document?ten_detail=NlVPM3ZDSEw2RXFyMmdHdQ%3D%3D,data/raw/oil_india/tenders/detail_pages/GEM_2025_B_6410896.html
GEM_2025_B_6411577,NIT,,https://www.oil-india.com/download-tender-document?ten_detail=NlVPM3VDSEw2RXFyMmdHdQ%3D%3D,data/raw/oil_india/tenders/detail_pages/GEM_2025_B_6411577.html
GEM_2025_B_6411752,NIT,,https://www.oil-india.com/download-tender-document?ten_detail=NlVPM3Z5SEw2RXFyMmdHdQ%3D%3D,data/raw/oil_india/tenders/detail_pages/GEM_2025_B_6411752.html
GEM_2025_B_6412188,NIT,,https://www.oil-india.com/download-tender-document?ten_detail=NlVPM3ZpSEw2RXFyMmdHdQ%3D%3D,data/raw/oil_india/tenders/detail_pages/GEM_2025_B_6412188.html
GEM_2025_B_6412308,NIT,,https://www.oil-india.com/download-tender-document?ten_detail=NlVPM3VTSEw2RXFyMmdHdQ%3D%3D,data/raw/oil_india/tenders/detail_pages/GEM_2025_B_6412308.html
GEM_2025_B_6415642,NIT,,https://www.oil-india.com/download-tender-document?ten_detail=NlVLenZpSEw2RXFyMmdHdQ%3D%3D,data/raw/oil_india/tenders/detail_pages/GEM_2025_B_6415642.html
GEM_2025_B_6415715,NIT,,https://www.oil-india.com/download-tender-document?ten_detail=NlVPeXZpSEw2RXFyMmdHdQ%3D%3D,data/raw/oil_india/tenders/detail_pages/GEM_2025_B_6415715.html
GEM_2025_B_6416620,NIT,,https://www.oil-india.com/download-tender-document?ten_detail=NlVPeXVpSEw2RXFyMmdHdQ%3D%3D,data/raw/oil_india/tenders/detail_pages/GEM_2025_B_6416620.html
GEM_2025_B_6421224,NIT,,https://www.oil-india.com/download-tender-document?ten_detail=NlVPMHZTSEw2RXFyMmdHdQ%3D%3D,data/raw/oil_india/tenders/detail_pages/GEM_2025_B_6421224.html
GEM_2025_B_6426460,NIT,,https://www.oil-india.com/download-tender-document?ten_detail=NlVLMHZDSEw2RXFyMmdHdQ%3D%3D,data/raw/oil_india/tenders/detail_pages/GEM_2025_B_6426460.html
GEM_2025_B_6426730,NIT,,https://www.oil-india.com/download-tender-document?ten_detail=NlVPMHZpSEw2RXFyMmdHdQ%3D%3D,data/raw/oil_india/tenders/detail_pages/GEM_2025_B_6426730.html
GEM_2025_B_6429456,NIT,,https://www.oil-india.com/download-tender-document?ten_detail=NlVPMHV5SEw2RXFyMmdHdQ%3D%3D,data/raw/oil_india/tenders/detail_pages/GEM_2025_B_6429456.html
GEM_2025_B_6430397,NIT,,https://www.oil-india.com/download-tender-document?ten_detail=NlVPMHVpSEw2RXFyMmdHdQ%3D%3D,data/raw/oil_india/tenders/detail_pages/GEM_2025_B_6430397.html
GEM_2025_B_6431791,NIT,,https://www.oil-india.com/download-tender-document?ten_detail=NlVLeXVpSEw2RXFyMmdHdQ%3D%3D,data/raw/oil_india/tenders/detail_pages/GEM_2025_B_6431791.html
GEM_2025_B_6431871,NIT,,https://www.oil-india.com/download-tender-document?ten_detail=NlVPenZ5SEw2RXFyMmdHdQ%3D%3D,data/raw/oil_india/tenders/detail_pages/GEM_2025_B_6431871.html
GEM_2025_B_6433575,NIT,,https://www.oil-india.com/download-tender-document?ten_detail=NlVPMHRDSEw2RXFyMmdHdQ%3D%3D,data/raw/oil_india/tenders/detail_pages/GEM_2025_B_6433575.html
GEM_2025_B_6433747,NIT,,https://www.oil-india.com/download-tender-document?ten_detail=NlVPMHRTSEw2RXFyMmdHdQ%3D%3D,data/raw/oil_india/tenders/detail_pages/GEM_2025_B_6433747.html
GEM_2025_B_6438809,NIT,,https://www.oil-india.com/download-tender-document?ten_detail=NlVPMXRTSEw2RXFyMmdHdQ%3D%3D,data/raw/oil_india/tenders/detail_pages/GEM_2025_B_6438809.html
GEM_2025_B_6438822,NIT,,https://www.oil-india.com/download-tender-document?ten_detail=NlVPMXZpSEw2RXFyMmdHdQ%3D%3D,data/raw/oil_india/tenders/detail_pages/GEM_2025_B_6438822.html
GEM_2025_B_6442612,NIT,,https://www.oil-india.com/download-tender-document?ten_detail=NlVPK3RTSEw2RXFyMmdHdQ%3D%3D,data/raw/oil_india/tenders/detail_pages/GEM_2025_B_6442612.html
GEM_2025_B_6443119,NIT,,https://www.oil-india.com/download-tender-document?ten_detail=NlVPMXRDSEw2RXFyMmdHdQ%3D%3D,data/raw/oil_india/tenders/detail_pages/GEM_2025_B_6443119.html
GEM_2025_B_6446163,NIT,,https://www.oil-india.com/download-tender-document?ten_detail=NlVPMXVTSEw2RXFyMmdHdQ%3D%3D,data/raw/oil_india/tenders/detail_pages/GEM_2025_B_6446163.html
GEM_2025_B_6448798,NIT,,https://www.oil-india.com/download-tender-document?ten_detail=NlVPMXVDSEw2RXFyMmdHdQ%3D%3D,data/raw/oil_india/tenders/detail_pages/GEM_2025_B_6448798.html
GEM_2025_B_6450928,NIT,,https://www.oil-india.com/download-tender-document?ten_detail=NlVPMXVpSEw2RXFyMmdHdQ%3D%3D,data/raw/oil_india/tenders/detail_pages/GEM_2025_B_6450928.html
GEM_2025_B_6453318,NIT,,https://www.oil-india.com/download-tender-document?ten_detail=NlVPeXZTSEw2RXFyMmdHdQ%3D%3D,data/raw/oil_india/tenders/detail_pages/GEM_2025_B_6453318.html
GEM_2025_B_6458977,NIT,,https://www.oil-india.com/download-tender-document?ten_detail=NlVPenZTSEw2RXFyMmdHdQ%3D%3D,data/raw/oil_india/tenders/detail_pages/GEM_2025_B_6458977.html
GEM_2025_B_6459497,NIT,,https://www.oil-india.com/download-tender-document?ten_detail=NlVLM3ZDSEw2RXFyMmdHdQ%3D%3D,data/raw/oil_india/tenders/detail_pages/GEM_2025_B_6459497.html
GEM_2025_B_6470998,NIT,,https://www.oil-india.com/download-tender-document?ten_detail=NlVLMHZ5SEw2RXFyMmdHdQ%3D%3D,data/raw/oil_india/tenders/detail_pages/GEM_2025_B_6470998.html
GEM_2025_B_6471013,NIT,,https://www.oil-india.com/download-tender-document?ten_detail=NlVPd3Z5SEw2RXFyMmdHdQ%3D%3D,data/raw/oil_india/tenders/detail_pages/GEM_2025_B_6471013.html
GEM_2025_B_6471193,NIT,,https://www.oil-india.com/download-tender-document?ten_detail=NlVLMnVpSEw2RXFyMmdHdQ%3D%3D,data/raw/oil_india/tenders/detail_pages/GEM_2025_B_6471193.html
GEM_2025_B_6471633,NIT,,https://www.oil-india.com/download-tender-document?ten_detail=NlVPd3VDSEw2RXFyMmdHdQ%3D%3D,data/raw/oil_india/tenders/detail_pages/GEM_2025_B_6471633.html
GEM_2025_B_6471851,NIT,,https://www.oil-india.com/download-tender-document?ten_detail=NlVPeHVTSEw2RXFyMmdHdQ%3D%3D,data/raw/oil_india/tenders/detail_pages/GEM_2025_B_6471851.html
GEM_2025_B_6478232,NIT,,https://www.oil-india.com/download-tender-document?ten_detail=NlVPeHRTSEw2RXFyMmdHdQ%3D%3D,data/raw/oil_india/tenders/detail_pages/GEM_2025_B_6478232.html
GEM_2025_B_6480371,NIT,,https://www.oil-india.com/download-tender-document?ten_detail=NlVHd3V5SEw2RXFyMmdHdQ%3D%3D,data/raw/oil_india/tenders/detail_pages/GEM_2025_B_6480371.html
GEM_2025_B_6482413,NIT,,https://www.oil-india.com/download-tender-document?ten_detail=NlVPeHZ5SEw2RXFyMmdHdQ%3D%3D,data/raw/oil_india/tenders/detail_pages/GEM_2025_B_6482413.html
GEM_2025_B_6484393,NIT,,https://www.oil-india.com/download-tender-document?ten_detail=NlVPeHZpSEw2RXFyMmdHdQ%3D%3D,data/raw/oil_india/tenders/detail_pages/GEM_2025_B_6484393.html
GEM_2025_B_6485189,NIT,,https://www.oil-india.com/download-tender-document?ten_detail=NlVPK3VpSEw2RXFyMmdHdQ%3D%3D,data/raw/oil_india/tenders/detail_pages/GEM_2025_B_6485189.html
GEM_2025_B_6487751,NIT,,https://www.oil-india.com/download-tender-document?ten_detail=NlVPeHVDSEw2RXFyMmdHdQ%3D%3D,data/raw/oil_india/tenders/detail_pages/GEM_2025_B_6487751.html
GEM_2025_B_6494358,NIT,,https://www.oil-india.com/download-tender-document?ten_detail=NlVPL3VTSEw2RXFyMmdHdQ%3D%3D,data/raw/oil_india/tenders/detail_pages/GEM_2025_B_6494358.html
GEM_2025_B_6494974,NIT,,https://www.oil-india.com/download-tender-document?ten_detail=NlVPK3Z5SEw2RXFyMmdHdQ%3D%3D,data/raw/oil_india/tenders/detail_pages/GEM_2025_B_6494974.html
GEM_2025_B_6496292,NIT,,https://www.oil-india.com/download-tender-document?ten_detail=NlVLeXRTSEw2RXFyMmdHdQ%3D%3D,data/raw/oil_india/tenders/detail_pages/GEM_2025_B_6496292.html
GEM_2025_B_6497134,NIT,,https://www.oil-india.com/download-tender-document?ten_detail=NlVPK3ZpSEw2RXFyMmdHdQ%3D%3D,data/raw/oil_india/tenders/detail_pages/GEM_2025_B_6497134.html
GEM_2025_B_6498420,NIT,,https://www.oil-india.com/download-tender-document?ten_detail=NlVPK3VTSEw2RXFyMmdHdQ%3D%3D,data/raw/oil_india/tenders/detail_pages/GEM_2025_B_6498420.html
GEM_2025_B_6504620,NIT,,https://www.oil-india.com/download-tender-document?ten_detail=NlVPL3VDSEw2RXFyMmdHdQ%3D%3D,data/raw/oil_india/tenders/detail_pages/GEM_2025_B_6504620.html
GEM_2025_B_6505029,NIT,,https://www.oil-india.com/download-tender-document?ten_detail=NlVPL3VpSEw2RXFyMmdHdQ%3D%3D,data/raw/oil_india/tenders/detail_pages/GEM_2025_B_6505029.html
GEM_2025_B_6506904,NIT,,https://www.oil-india.com/download-tender-document?ten_detail=NlVPK3RDSEw2RXFyMmdHdQ%3D%3D,data/raw/oil_india/tenders/detail_pages/GEM_2025_B_6506904.html
GEM_2025_B_6506936,NIT,,https://www.oil-india.com/download-tender-document?ten_detail=NlVPL3V5SEw2RXFyMmdHdQ%3D%3D,data/raw/oil_india/tenders/detail_pages/GEM_2025_B_6506936.html
GEM_2025_B_6507322,NIT,,https://www.oil-india.com/download-tender-document?ten_detail=NlVPL3RTSEw2RXFyMmdHdQ%3D%3D,data/raw/oil_india/tenders/detail_pages/GEM_2025_B_6507322.html
GEM_2025_B_6508701,NIT,,https://www.oil-india.com/download-tender-document?ten_detail=NlVPL3ZTSEw2RXFyMmdHdQ%3D%3D,data/raw/oil_india/tenders/detail_pages/GEM_2025_B_6508701.html
GEM_2025_B_6508959,NIT,,https://www.oil-india.com/download-tender-document?ten_detail=NlVPL3ZpSEw2RXFyMmdHdQ%3D%3D,data/raw/oil_india/tenders/detail_pages/GEM_2025_B_6508959.html
GEM_2025_B_6509747,NIT,,https://www.oil-india.com/download-tender-document?ten_detail=NlVPL3Z5SEw2RXFyMmdHdQ%3D%3D,data/raw/oil_india/tenders/detail_pages/GEM_2025_B_6509747.html
GEM_2025_B_6511522,NIT,,https://www.oil-india.com/download-tender-document?ten_detail=NlVPL3RDSEw2RXFyMmdHdQ%3D%3D,data/raw/oil_india/tenders/detail_pages/GEM_2025_B_6511522.html
GEM_2025_B_6511635,NIT,,https://www.oil-india.com/download-tender-document?ten_detail=NlVLMnRDSEw2RXFyMmdHdQ%3D%3D,data/raw/oil_india/tenders/detail_pages/GEM_2025_B_6511635.html
GEM_2025_B_6512692,NIT,,https://www.oil-india.com/download-tender-document?ten_detail=NlVLMXZ5SEw2RXFyMmdHdQ%3D%3D,data/raw/oil_india/tenders/detail_pages/GEM_2025_B_6512692.html
GEM_2025_B_6513929,NIT,,https://www.oil-india.com/download-tender-document?ten_detail=NlVLMnVDSEw2RXFyMmdHdQ%3D%3D,data/raw/oil_india/tenders/detail_pages/GEM_2025_B_6513929.html
GEM_2025_B_6514127,NIT,,https://www.oil-india.com/download-tender-document?ten_detail=NlVLMnZDSEw2RXFyMmdHdQ%3D%3D,data/raw/oil_india/tenders/detail_pages/GEM_2025_B_6514127.html
GEM_2025_B_6514185,NIT,,https://www.oil-india.com/download-tender-document?ten_detail=NlVLMnZTSEw2RXFyMmdHdQ%3D%3D,data/raw/oil_india/tenders/detail_pages/GEM_2025_B_6514185.html
GEM_2025_B_6514625,NIT,,https://www.oil-india.com/download-tender-document?ten_detail=NlVLMnVTSEw2RXFyMmdHdQ%3D%3D,data/raw/oil_india/tenders/detail_pages/GEM_2025_B_6514625.html
GEM_2025_B_6516132,NIT,,https://www.oil-india.com/download-tender-document?ten_detail=NlVLMnZ5SEw2RXFyMmdHdQ%3D%3D,data/raw/oil_india/tenders/detail_pages/GEM_2025_B_6516132.html
GEM_2025_B_6516271,NIT,,https://www.oil-india.com/download-tender-document?ten_detail=NlVLMnZpSEw2RXFyMmdHdQ%3D%3D,data/raw/oil_india/tenders/detail_pages/GEM_2025_B_6516271.html
GEM_2025_B_6518110,NIT,,https://www.oil-india.com/download-tender-document?ten_detail=NlVLMnV5SEw2RXFyMmdHdQ%3D%3D,data/raw/oil_india/tenders/detail_pages/GEM_2025_B_6518110.html
GEM_2025_B_6518978,NIT,,https://www.oil-india.com/download-tender-document?ten_detail=NlVLMnRTSEw2RXFyMmdHdQ%3D%3D,data/raw/oil_india/tenders/detail_pages/GEM_2025_B_6518978.html
GEM_2025_B_6520833,NIT,,https://www.oil-india.com/download-tender-document?ten_detail=NlVLM3ZTSEw2RXFyMmdHdQ%3D%3D,data/raw/oil_india/tenders/detail_pages/GEM_2025_B_6520833.html
GEM_2025_B_6520925,NIT,,https://www.oil-india.com/download-tender-document?ten_detail=NlVLMHVTSEw2RXFyMmdHdQ%3D%3D,data/raw/oil_india/tenders/detail_pages/GEM_2025_B_6520925.html
GEM_2025_B_6521209,NIT,,https://www.oil-india.com/download-tender-document?ten_detail=NlVLM3Z5SEw2RXFyMmdHdQ%3D%3D,data/raw/oil_india/tenders/detail_pages/GEM_2025_B_6521209.html
GEM_2025_B_6521365,NIT,,https://www.oil-india.com/download-tender-document?ten_detail=NlVLMHRDSEw2RXFyMmdHdQ%3D%3D,data/raw/oil_india/tenders/detail_pages/GEM_2025_B_6521365.html
GEM_2025_B_6521711,NIT,,https://www.oil-india.com/download-tender-document?ten_detail=NlVLM3RDSEw2RXFyMmdHdQ%3D%3D,data/raw/oil_india/tenders/detail_pages/GEM_2025_B_6521711.html
GEM_2025_B_6523011,NIT,,https://www.oil-india.com/download-tender-document?ten_detail=NlVLM3ZpSEw2RXFyMmdHdQ%3D%3D,data/raw/oil_india/tenders/detail_pages/GEM_2025_B_6523011.html
GEM_2025_B_6523245,NIT,,https://www.oil-india.com/download-tender-document?ten_detail=NlVLM3VTSEw2RXFyMmdHdQ%3D%3D,data/raw/oil_india/tenders/detail_pages/GEM_2025_B_6523245.html
GEM_2025_B_6523834,NIT,,https://www.oil-india.com/download-tender-document?ten_detail=NlVLMHRTSEw2RXFyMmdHdQ%3D%3D,data/raw/oil_india/tenders/detail_pages/GEM_2025_B_6523834.html
GEM_2025_B_6524276,NIT,,https://www.oil-india.com/download-tender-document?ten_detail=NlVLMHVDSEw2RXFyMmdHdQ%3D%3D,data/raw/oil_india/tenders/detail_pages/GEM_2025_B_6524276.html
GEM_2025_B_6525414,NIT,,https://www.oil-india.com/download-tender-document?ten_detail=NlVLMHZpSEw2RXFyMmdHdQ%3D%3D,data/raw/oil_india/tenders/detail_pages/GEM_2025_B_6525414.html
GEM_2025_B_6525588,NIT,,https://www.oil-india.com/download-tender-document?ten_detail=NlVLM3V5SEw2RXFyMmdHdQ%3D%3D,data/raw/oil_india/tenders/detail_pages/GEM_2025_B_6525588.html
GEM_2025_B_6525685,NIT,,https://www.oil-india.com/download-tender-document?ten_detail=NlVLMXZpSEw2RXFyMmdHdQ%3D%3D,data/raw/oil_india/tenders/detail_pages/GEM_2025_B_6525685.html
GEM_2025_B_6525739,NIT,,https://www.oil-india.com/download-tender-document?ten_detail=NlVLM3RTSEw2RXFyMmdHdQ%3D%3D,data/raw/oil_india/tenders/detail_pages/GEM_2025_B_6525739.html
GEM_2025_B_6526059,NIT,,https://www.oil-india.com/download-tender-document?ten_detail=NlVLMHZTSEw2RXFyMmdHdQ%3D%3D,data/raw/oil_india/tenders/detail_pages/GEM_2025_B_6526059.html
GEM_2025_B_6527169,NIT,,https://www.oil-india.com/download-tender-document?ten_detail=NlVLM3VDSEw2RXFyMmdHdQ%3D%3D,data/raw/oil_india/tenders/detail_pages/GEM_2025_B_6527169.html
GEM_2025_B_6530275,NIT,,https://www.oil-india.com/download-tender-document?ten_detail=NlVLMXVTSEw2RXFyMmdHdQ%3D%3D,data/raw/oil_india/tenders/detail_pages/GEM_2025_B_6530275.html
GEM_2025_B_6531994,NIT,,https://www.oil-india.com/download-tender-document?ten_detail=NlVLMXVDSEw2RXFyMmdHdQ%3D%3D,data/raw/oil_india/tenders/detail_pages/GEM_2025_B_6531994.html
GEM_2025_B_6532097,NIT,,https://www.oil-india.com/download-tender-document?ten_detail=NlVLMXRTSEw2RXFyMmdHdQ%3D%3D,data/raw/oil_india/tenders/detail_pages/GEM_2025_B_6532097.html
GEM_2025_B_6534290,NIT,,https://www.oil-india.com/download-tender-document?ten_detail=NlVLMXVpSEw2RXFyMmdHdQ%3D%3D,data/raw/oil_india/tenders/detail_pages/GEM_2025_B_6534290.html
GEM_2025_B_6534347,NIT,,https://www.oil-india.com/download-tender-document?ten_detail=NlVLMXV5SEw2RXFyMmdHdQ%3D%3D,data/raw/oil_india/tenders/detail_pages/GEM_2025_B_6534347.html
GEM_2025_B_6535636,NIT,,https://www.oil-india.com/download-tender-document?ten_detail=NlVLeXZ5SEw2RXFyMmdHdQ%3D%3D,data/raw/oil_india/tenders/detail_pages/GEM_2025_B_6535636.html
GEM_2025_B_6536325,NIT,,https://www.oil-india.com/download-tender-document?ten_detail=NlVLd3RTSEw2RXFyMmdHdQ%3D%3D,data/raw/oil_india/tenders/detail_pages/GEM_2025_B_6536325.html
GEM_2025_B_6536377,NIT,,https://www.oil-india.com/download-tender-document?ten_detail=NlVDMnRDSEw2RXFyMmdHdQ%3D%3D,data/raw/oil_india/tenders/detail_pages/GEM_2025_B_6536377.html
GEM_2025_B_6536507,NIT,,https://www.oil-india.com/download-tender-document?ten_detail=NlVLMXRDSEw2RXFyMmdHdQ%3D%3D,data/raw/oil_india/tenders/detail_pages/GEM_2025_B_6536507.html
GEM_2025_B_6536748,NIT,,https://www.oil-india.com/download-tender-document?ten_detail=NlVLeXZDSEw2RXFyMmdHdQ%3D%3D,data/raw/oil_india/tenders/detail_pages/GEM_2025_B_6536748.html
GEM_2025_B_6537121,NIT,,https://www.oil-india.com/download-tender-document?ten_detail=NlVLeXZpSEw2RXFyMmdHdQ%3D%3D,data/raw/oil_india/tenders/detail_pages/GEM_2025_B_6537121.html
GEM_2025_B_6537354,NIT,,https://www.oil-india.com/download-tender-document?ten_detail=NlVLeXVDSEw2RXFyMmdHdQ%3D%3D,data/raw/oil_india/tenders/detail_pages/GEM_2025_B_6537354.html
GEM_2025_B_6539380,NIT,,https://www.oil-india.com/download-tender-document?ten_detail=NlVLeXVTSEw2RXFyMmdHdQ%3D%3D,data/raw/oil_india/tenders/detail_pages/GEM_2025_B_6539380.html
GEM_2025_B_6539898,NIT,,https://www.oil-india.com/download-tender-document?ten_detail=NlVLd3RDSEw2RXFyMmdHdQ%3D%3D,data/raw/oil_india/tenders/detail_pages/GEM_2025_B_6539898.html
GEM_2025_B_6541798,NIT,,https://www.oil-india.com/download-tender-document?ten_detail=NlVLK3VTSEw2RXFyMmdHdQ%3D%3D,data/raw/oil_india/tenders/detail_pages/GEM_2025_B_6541798.html
GEM_2025_B_6542300,NIT,,https://www.oil-india.com/download-tender-document?ten_detail=NlVDMXZDSEw2RXFyMmdHdQ%3D%3D,data/raw/oil_india/tenders/detail_pages/GEM_2025_B_6542300.html
GEM_2025_B_6544328,NIT,,https://www.oil-india.com/download-tender-document?ten_detail=NlVLenZDSEw2RXFyMmdHdQ%3D%3D,data/raw/oil_india/tenders/detail_pages/GEM_2025_B_6544328.html
GEM_2025_B_6547357,NIT,,https://www.oil-india.com/download-tender-document?ten_detail=NlVLenRDSEw2RXFyMmdHdQ%3D%3D,data/raw/oil_india/tenders/detail_pages/GEM_2025_B_6547357.html
GEM_2025_B_6547910,NIT,,https://www.oil-india.com/download-tender-document?ten_detail=NlVLenRTSEw2RXFyMmdHdQ%3D%3D,data/raw/oil_india/tenders/detail_pages/GEM_2025_B_6547910.html
GEM_2025_B_6549262,NIT,,https://www.oil-india.com/download-tender-document?ten_detail=NlVLeHZ5SEw2RXFyMmdHdQ%3D%3D,data/raw/oil_india/tenders/detail_pages/GEM_2025_B_6549262.html
GEM_2025_B_6549795,NIT,,https://www.oil-india.com/download-tender-document?ten_detail=NlVHM3RTSEw2RXFyMmdHdQ%3D%3D,data/raw/oil_india/tenders/detail_pages/GEM_2025_B_6549795.html
GEM_2025_B_6549989,NIT,,https://www.oil-india.com/download-tender-document?ten_detail=NlVHM3VpSEw2RXFyMmdHdQ%3D%3D,data/raw/oil_india/tenders/detail_pages/GEM_2025_B_6549989.html
GEM_2025_B_6551311,NIT,,https://www.oil-india.com/download-tender-document?ten_detail=NlVLd3V5SEw2RXFyMmdHdQ%3D%3D,data/raw/oil_india/tenders/detail_pages/GEM_2025_B_6551311.html
GEM_2025_B_6551390,NIT,,https://www.oil-india.com/download-tender-document?ten_detail=NlVLd3VpSEw2RXFyMmdHdQ%3D%3D,data/raw/oil_india/tenders/detail_pages/GEM_2025_B_6551390.html
GEM_2025_B_6552661,NIT,,https://www.oil-india.com/download-tender-document?ten_detail=NlVLd3VTSEw2RXFyMmdHdQ%3D%3D,data/raw/oil_india/tenders/detail_pages/GEM_2025_B_6552661.html
GEM_2025_B_6554024,NIT,,https://www.oil-india.com/download-tender-document?ten_detail=NlVLeHZDSEw2RXFyMmdHdQ%3D%3D,data/raw/oil_india/tenders/detail_pages/GEM_2025_B_6554024.html
GEM_2025_B_6554127,NIT,,https://www.oil-india.com/download-tender-document?ten_detail=NlVLeHZTSEw2RXFyMmdHdQ%3D%3D,data/raw/oil_india/tenders/detail_pages/GEM_2025_B_6554127.html
GEM_2025_B_6554674,NIT,,https://www.oil-india.com/download-tender-document?ten_detail=NlVLL3Z5SEw2RXFyMmdHdQ%3D%3D,data/raw/oil_india/tenders/detail_pages/GEM_2025_B_6554674.html
GEM_2025_B_6554687,NIT,,https://www.oil-india.com/download-tender-document?ten_detail=NlVLeHZpSEw2RXFyMmdHdQ%3D%3D,data/raw/oil_india/tenders/detail_pages/GEM_2025_B_6554687.html
GEM_2025_B_6554899,NIT,,https://www.oil-india.com/download-tender-document?ten_detail=NlVLeHVTSEw2RXFyMmdHdQ%3D%3D,data/raw/oil_india/tenders/detail_pages/GEM_2025_B_6554899.html
GEM_2025_B_6557190,NIT,,https://www.oil-india.com/download-tender-document?ten_detail=NlVLeHVDSEw2RXFyMmdHdQ%3D%3D,data/raw/oil_india/tenders/detail_pages/GEM_2025_B_6557190.html
GEM_2025_B_6558258,NIT,,https://www.oil-india.com/download-tender-document?ten_detail=NlVLeHV5SEw2RXFyMmdHdQ%3D%3D,data/raw/oil_india/tenders/detail_pages/GEM_2025_B_6558258.html
GEM_2025_B_6558300,NIT,,https://www.oil-india.com/download-tender-document?ten_detail=NlVLeHRTSEw2RXFyMmdHdQ%3D%3D,data/raw/oil_india/tenders/detail_pages/GEM_2025_B_6558300.html
GEM_2025_B_6559876,NIT,,https://www.oil-india.com/download-tender-document?ten_detail=NlVLeHVpSEw2RXFyMmdHdQ%3D%3D,data/raw/oil_india/tenders/detail_pages/GEM_2025_B_6559876.html
GEM_2025_B_6561160,NIT,,https://www.oil-india.com/download-tender-document?ten_detail=NlVLL3ZpSEw2RXFyMmdHdQ%3D%3D,data/raw/oil_india/tenders/detail_pages/GEM_2025_B_6561160.html
GEM_2025_B_6561358,NIT,,https://www.oil-india.com/download-tender-document?ten_detail=NlVLK3RDSEw2RXFyMmdHdQ%3D%3D,data/raw/oil_india/tenders/detail_pages/GEM_2025_B_6561358.html
GEM_2025_B_6563365,NIT,,https://www.oil-india.com/download-tender-document?ten_detail=NlVHMHZTSEw2RXFyMmdHdQ%3D%3D,data/raw/oil_india/tenders/detail_pages/GEM_2025_B_6563365.html
GEM_2025_B_6563731,NIT,,https://www.oil-india.com/download-tender-document?ten_detail=NlVLK3VDSEw2RXFyMmdHdQ%3D%3D,data/raw/oil_india/tenders/detail_pages/GEM_2025_B_6563731.html
GEM_2025_B_6563986,NIT,,https://www.oil-india.com/download-tender-document?ten_detail=NlVLK3V5SEw2RXFyMmdHdQ%3D%3D,data/raw/oil_india/tenders/detail_pages/GEM_2025_B_6563986.html
GEM_2025_B_6567082,NIT,,https://www.oil-india.com/download-tender-document?ten_detail=NlVLL3VTSEw2RXFyMmdHdQ%3D%3D,data/raw/oil_india/tenders/detail_pages/GEM_2025_B_6567082.html
GEM_2025_B_6569509,NIT,,https://www.oil-india.com/download-tender-document?ten_detail=NlVLL3V5SEw2RXFyMmdHdQ%3D%3D,data/raw/oil_india/tenders/detail_pages/GEM_2025_B_6569509.html
GEM_2025_B_6570405,NIT,,https://www.oil-india.com/download-tender-document?ten_detail=NlVHM3ZDSEw2RXFyMmdHdQ%3D%3D,data/raw/oil_india/tenders/detail_pages/GEM_2025_B_6570405.html
GEM_2025_B_6570527,NIT,,https://www.oil-india.com/download-tender-document?ten_detail=NlVDeHZTSEw2RXFyMmdHdQ%3D%3D,data/raw/oil_india/tenders/detail_pages/GEM_2025_B_6570527.html
GEM_2025_B_6570658,NIT,,https://www.oil-india.com/download-tender-document?ten_detail=NlVHMnZTSEw2RXFyMmdHdQ%3D%3D,data/raw/oil_india/tenders/detail_pages/GEM_2025_B_6570658.html
GEM_2025_B_6570846,NIT,,https://www.oil-india.com/download-tender-document?ten_detail=NlVLL3RTSEw2RXFyMmdHdQ%3D%3D,data/raw/oil_india/tenders/detail_pages/GEM_2025_B_6570846.html
GEM_2025_B_6572510,NIT,,https://www.oil-india.com/download-tender-document?ten_detail=NlVLL3RDSEw2RXFyMmdHdQ%3D%3D,data/raw/oil_india/tenders/detail_pages/GEM_2025_B_6572510.html
GEM_2025_B_6573932,NIT,,https://www.oil-india.com/download-tender-document?ten_detail=NlVHMnV5SEw2RXFyMmdHdQ%3D%3D,data/raw/oil_india/tenders/detail_pages/GEM_2025_B_6573932.html
GEM_2025_B_6574050,NIT,,https://www.oil-india.com/download-tender-document?ten_detail=NlVHMnVDSEw2RXFyMmdHdQ%3D%3D,data/raw/oil_india/tenders/detail_pages/GEM_2025_B_6574050.html
GEM_2025_B_6576092,NIT,,https://www.oil-india.com/download-tender-document?ten_detail=NlVHMnVpSEw2RXFyMmdHdQ%3D%3D,data/raw/oil_india/tenders/detail_pages/GEM_2025_B_6576092.html
GEM_2025_B_6576111,NIT,,https://www.oil-india.com/download-tender-document?ten_detail=NlVHMnRDSEw2RXFyMmdHdQ%3D%3D,data/raw/oil_india/tenders/detail_pages/GEM_2025_B_6576111.html
GEM_2025_B_6576144,NIT,,https://www.oil-india.com/download-tender-document?ten_detail=NlVHM3RDSEw2RXFyMmdHdQ%3D%3D,data/raw/oil_india/tenders/detail_pages/GEM_2025_B_6576144.html
GEM_2025_B_6576163,NIT,,https://www.oil-india.com/download-tender-document?ten_detail=NlVHM3ZTSEw2RXFyMmdHdQ%3D%3D,data/raw/oil_india/tenders/detail_pages/GEM_2025_B_6576163.html
GEM_2025_B_6576174,NIT,,https://www.oil-india.com/download-tender-document?ten_detail=NlVHM3V5SEw2RXFyMmdHdQ%3D%3D,data/raw/oil_india/tenders/detail_pages/GEM_2025_B_6576174.html
GEM_2025_B_6576240,NIT,,https://www.oil-india.com/download-tender-document?ten_detail=NlVHM3VDSEw2RXFyMmdHdQ%3D%3D,data/raw/oil_india/tenders/detail_pages/GEM_2025_B_6576240.html
GEM_2025_B_6578643,NIT,,https://www.oil-india.com/download-tender-document?ten_detail=NlVHM3Z5SEw2RXFyMmdHdQ%3D%3D,data/raw/oil_india/tenders/detail_pages/GEM_2025_B_6578643.html
GEM_2025_B_6578962,NIT,,https://www.oil-india.com/download-tender-document?ten_detail=NlVHM3ZpSEw2RXFyMmdHdQ%3D%3D,data/raw/oil_india/tenders/detail_pages/GEM_2025_B_6578962.html
GEM_2025_B_6579903,NIT,,https://www.oil-india.com/download-tender-document?ten_detail=NlVHM3VTSEw2RXFyMmdHdQ%3D%3D,data/raw/oil_india/tenders/detail_pages/GEM_2025_B_6579903.html
GEM_2025_B_6582280,NIT,,https://www.oil-india.com/download-tender-document?ten_detail=NlVHMXVTSEw2RXFyMmdHdQ%3D%3D,data/raw/oil_india/tenders/detail_pages/GEM_2025_B_6582280.html
GEM_2025_B_6582675,NIT,,https://www.oil-india.com/download-tender-document?ten_detail=NlVHMHZDSEw2RXFyMmdHdQ%3D%3D,data/raw/oil_india/tenders/detail_pages/GEM_2025_B_6582675.html
GEM_2025_B_6587112,NIT,,https://www.oil-india.com/download-tender-document?ten_detail=NlVHMHZ5SEw2RXFyMmdHdQ%3D%3D,data/raw/oil_india/tenders/detail_pages/GEM_2025_B_6587112.html
GEM_2025_B_6587130,NIT,,https://www.oil-india.com/download-tender-document?ten_detail=NlVHMHVDSEw2RXFyMmdHdQ%3D%3D,data/raw/oil_india/tenders/detail_pages/GEM_2025_B_6587130.html
GEM_2025_B_6587475,NIT,,https://www.oil-india.com/download-tender-document?ten_detail=NlVHMHVpSEw2RXFyMmdHdQ%3D%3D,data/raw/oil_india/tenders/detail_pages/GEM_2025_B_6587475.html
GEM_2025_B_6587742,NIT,,https://www.oil-india.com/download-tender-document?ten_detail=NlVHMHV5SEw2RXFyMmdHdQ%3D%3D,data/raw/oil_india/tenders/detail_pages/GEM_2025_B_6587742.html
GEM_2025_B_6593679,NIT,,https://www.oil-india.com/download-tender-document?ten_detail=NlVHMXZDSEw2RXFyMmdHdQ%3D%3D,data/raw/oil_india/tenders/detail_pages/GEM_2025_B_6593679.html
GEM_2025_B_6594306,NIT,,https://www.oil-india.com/download-tender-document?ten_detail=NlVHMXZTSEw2RXFyMmdHdQ%3D%3D,data/raw/oil_india/tenders/detail_pages/GEM_2025_B_6594306.html
GEM_2025_B_6594607,NIT,,https://www.oil-india.com/download-tender-document?ten_detail=NlVHMXRTSEw2RXFyMmdHdQ%3D%3D,data/raw/oil_india/tenders/detail_pages/GEM_2025_B_6594607.html
GEM_2025_B_6594907,NIT,,https://www.oil-india.com/download-tender-document?ten_detail=NlVHMHRDSEw2RXFyMmdHdQ%3D%3D,data/raw/oil_india/tenders/detail_pages/GEM_2025_B_6594907.html
GEM_2025_B_6595766,NIT,,https://www.oil-india.com/download-tender-document?ten_detail=NlVHMXV5SEw2RXFyMmdHdQ%3D%3D,data/raw/oil_india/tenders/detail_pages/GEM_2025_B_6595766.html
GEM_2025_B_6596987,NIT,,https://www.oil-india.com/download-tender-document?ten_detail=NlVHMXVpSEw2RXFyMmdHdQ%3D%3D,data/raw/oil_india/tenders/detail_pages/GEM_2025_B_6596987.html
GEM_2025_B_6598940,NIT,,https://www.oil-india.com/download-tender-document?ten_detail=NlVHeXVDSEw2RXFyMmdHdQ%3D%3D,data/raw/oil_india/tenders/detail_pages/GEM_2025_B_6598940.html
GEM_2025_B_6599452,NIT,,https://www.oil-india.com/download-tender-document?ten_detail=NlVHMXRDSEw2RXFyMmdHdQ%3D%3D,data/raw/oil_india/tenders/detail_pages/GEM_2025_B_6599452.html
GEM_2025_B_6601508,NIT,,https://www.oil-india.com/download-tender-document?ten_detail=NlVHeXZTSEw2RXFyMmdHdQ%3D%3D,data/raw/oil_india/tenders/detail_pages/GEM_2025_B_6601508.html
GEM_2025_B_6601649,NIT,,https://www.oil-india.com/download-tender-document?ten_detail=NlVHeXRDSEw2RXFyMmdHdQ%3D%3D,data/raw/oil_india/tenders/detail_pages/GEM_2025_B_6601649.html
GEM_2025_B_6605667,NIT,,https://www.oil-india.com/download-tender-document?ten_detail=NlVHeXV5SEw2RXFyMmdHdQ%3D%3D,data/raw/oil_india/tenders/detail_pages/GEM_2025_B_6605667.html
GEM_2025_B_6606977,NIT,,https://www.oil-india.com/download-tender-document?ten_detail=NlVHeXZ5SEw2RXFyMmdHdQ%3D%3D,data/raw/oil_india/tenders/detail_pages/GEM_2025_B_6606977.html
GEM_2025_B_6608292,NIT,,https://www.oil-india.com/download-tender-document?ten_detail=NlVHeXZpSEw2RXFyMmdHdQ%3D%3D,data/raw/oil_india/tenders/detail_pages/GEM_2025_B_6608292.html
GEM_2025_B_6608368,NIT,,https://www.oil-india.com/download-tender-document?ten_detail=NlVHeXVTSEw2RXFyMmdHdQ%3D%3D,data/raw/oil_india/tenders/detail_pages/GEM_2025_B_6608368.html
GEM_2025_B_6609749,NIT,,https://www.oil-india.com/download-tender-document?ten_detail=NlVHeXVpSEw2RXFyMmdHdQ%3D%3D,data/raw/oil_india/tenders/detail_pages/GEM_2025_B_6609749.html
GEM_2025_B_6609936,NIT,,https://www.oil-india.com/download-tender-document?ten_detail=NlVHenV5SEw2RXFyMmdHdQ%3D%3D,data/raw/oil_india/tenders/detail_pages/GEM_2025_B_6609936.html
GEM_2025_B_6612861,NIT,,https://www.oil-india.com/download-tender-document?ten_detail=NlVHenZDSEw2RXFyMmdHdQ%3D%3D,data/raw/oil_india/tenders/detail_pages/GEM_2025_B_6612861.html
GEM_2025_B_6616014,NIT,,https://www.oil-india.com/download-tender-document?ten_detail=NlVHenZ5SEw2RXFyMmdHdQ%3D%3D,data/raw/oil_india/tenders/detail_pages/GEM_2025_B_6616014.html
GEM_2025_B_6619445,NIT,,https://www.oil-india.com/download-tender-document?ten_detail=NlVHd3RTSEw2RXFyMmdHdQ%3D%3D,data/raw/oil_india/tenders/detail_pages/GEM_2025_B_6619445.html
GEM_2025_B_6621777,NIT,,https://www.oil-india.com/download-tender-document?ten_detail=NlVHd3ZpSEw2RXFyMmdHdQ%3D%3D,data/raw/oil_india/tenders/detail_pages/GEM_2025_B_6621777.html
GEM_2025_B_6622094,NIT,,https://www.oil-india.com/download-tender-document?ten_detail=NlVHd3VTSEw2RXFyMmdHdQ%3D%3D,data/raw/oil_india/tenders/detail_pages/GEM_2025_B_6622094.html
GEM_2025_B_6622809,NIT,,https://www.oil-india.com/download-tender-document?ten_detail=NlVHd3VDSEw2RXFyMmdHdQ%3D%3D,data/raw/oil_india/tenders/detail_pages/GEM_2025_B_6622809.html
GEM_2025_B_6623757,NIT,,https://www.oil-india.com/download-tender-document?ten_detail=NlVHd3VpSEw2RXFyMmdHdQ%3D%3D,data/raw/oil_india/tenders/detail_pages/GEM_2025_B_6623757.html
GEM_2025_B_6623870,NIT,,https://www.oil-india.com/download-tender-document?ten_detail=NlVHd3RDSEw2RXFyMmdHdQ%3D%3D,data/raw/oil_india/tenders/detail_pages/GEM_2025_B_6623870.html
GEM_2025_B_6623948,NIT,,https://www.oil-india.com/download-tender-document?ten_detail=NlVHL3V5SEw2RXFyMmdHdQ%3D%3D,data/raw/oil_india/tenders/detail_pages/GEM_2025_B_6623948.html
GEM_2025_B_6626408,NIT,,https://www.oil-india.com/download-tender-document?ten_detail=NlVHeHZDSEw2RXFyMmdHdQ%3D%3D,data/raw/oil_india/tenders/detail_pages/GEM_2025_B_6626408.html
GEM_2025_B_6626430,NIT,,https://www.oil-india.com/download-tender-document?ten_detail=NlVHeHZTSEw2RXFyMmdHdQ%3D%3D,data/raw/oil_india/tenders/detail_pages/GEM_2025_B_6626430.html
GEM_2025_B_6626554,NIT,,https://www.oil-india.com/download-tender-document?ten_detail=NlVHeHZ5SEw2RXFyMmdHdQ%3D%3D,data/raw/oil_india/tenders/detail_pages/GEM_2025_B_6626554.html
GEM_2025_B_6626948,NIT,,https://www.oil-india.com/download-tender-document?ten_detail=NlVDK3V5SEw2RXFyMmdHdQ%3D%3D,data/raw/oil_india/tenders/detail_pages/GEM_2025_B_6626948.html
GEM_2025_B_6627932,NIT,,https://www.oil-india.com/download-tender-document?ten_detail=NlVHeHRTSEw2RXFyMmdHdQ%3D%3D,data/raw/oil_india/tenders/detail_pages/GEM_2025_B_6627932.html
GEM_2025_B_6630475,NIT,,https://www.oil-india.com/download-tender-document?ten_detail=NlVHL3Z5SEw2RXFyMmdHdQ%3D%3D,data/raw/oil_india/tenders/detail_pages/GEM_2025_B_6630475.html
GEM_2025_B_6630542,NIT,,https://www.oil-india.com/download-tender-document?ten_detail=NlVDd3ZpSEw2RXFyMmdHdQ%3D%3D,data/raw/oil_india/tenders/detail_pages/GEM_2025_B_6630542.html
GEM_2025_B_6630612,NIT,,https://www.oil-india.com/download-tender-document?ten_detail=NlVDd3VTSEw2RXFyMmdHdQ%3D%3D,data/raw/oil_india/tenders/detail_pages/GEM_2025_B_6630612.html
GEM_2025_B_6631005,NIT,,https://www.oil-india.com/download-tender-document?ten_detail=NlVHL3ZTSEw2RXFyMmdHdQ%3D%3D,data/raw/oil_india/tenders/detail_pages/GEM_2025_B_6631005.html
GEM_2025_B_6633908,NIT,,https://www.oil-india.com/download-tender-document?ten_detail=NlVHeHVTSEw2RXFyMmdHdQ%3D%3D,data/raw/oil_india/tenders/detail_pages/GEM_2025_B_6633908.html
GEM_2025_B_6634290,NIT,,https://www.oil-india.com/download-tender-document?ten_detail=NlVHK3ZDSEw2RXFyMmdHdQ%3D%3D,data/raw/oil_india/tenders/detail_pages/GEM_2025_B_6634290.html
GEM_2025_B_6639158,NIT,,https://www.oil-india.com/download-tender-document?ten_detail=NlVDM3RDSEw2RXFyMmdHdQ%3D%3D,data/raw/oil_india/tenders/detail_pages/GEM_2025_B_6639158.html
GEM_2025_B_6639271,NIT,,https://www.oil-india.com/download-tender-document?ten_detail=NlVHL3ZDSEw2RXFyMmdHdQ%3D%3D,data/raw/oil_india/tenders/detail_pages/GEM_2025_B_6639271.html
GEM_2025_B_6639354,NIT,,https://www.oil-india.com/download-tender-document?ten_detail=NlVHK3VTSEw2RXFyMmdHdQ%3D%3D,data/raw/oil_india/tenders/detail_pages/GEM_2025_B_6639354.html
GEM_2025_B_6639464,NIT,,https://www.oil-india.com/download-tender-document?ten_detail=NlVHK3Z5SEw2RXFyMmdHdQ%3D%3D,data/raw/oil_india/tenders/detail_pages/GEM_2025_B_6639464.html
GEM_2025_B_6640840,NIT,,https://www.oil-india.com/download-tender-document?ten_detail=NlVHK3RTSEw2RXFyMmdHdQ%3D%3D,data/raw/oil_india/tenders/detail_pages/GEM_2025_B_6640840.html
GEM_2025_B_6642635,NIT,,https://www.oil-india.com/download-tender-document?ten_detail=NlVHK3VDSEw2RXFyMmdHdQ%3D%3D,data/raw/oil_india/tenders/detail_pages/GEM_2025_B_6642635.html
GEM_2025_B_6644259,NIT,,https://www.oil-india.com/download-tender-document?ten_detail=NlVHK3RDSEw2RXFyMmdHdQ%3D%3D,data/raw/oil_india/tenders/detail_pages/GEM_2025_B_6644259.html
GEM_2025_B_6648432,NIT,,https://www.oil-india.com/download-tender-document?ten_detail=NlVHL3RDSEw2RXFyMmdHdQ%3D%3D,data/raw/oil_india/tenders/detail_pages/GEM_2025_B_6648432.html
GEM_2025_B_6648653,NIT,,https://www.oil-india.com/download-tender-document?ten_detail=NlVDMXZTSEw2RXFyMmdHdQ%3D%3D,data/raw/oil_india/tenders/detail_pages/GEM_2025_B_6648653.html
GEM_2025_B_6650618,NIT,,https://www.oil-india.com/download-tender-document?ten_detail=NlVHL3RTSEw2RXFyMmdHdQ%3D%3D,data/raw/oil_india/tenders/detail_pages/GEM_2025_B_6650618.html
GEM_2025_B_6650862,NIT,,https://www.oil-india.com/download-tender-document?ten_detail=NlVDd3ZDSEw2RXFyMmdHdQ%3D%3D,data/raw/oil_india/tenders/detail_pages/GEM_2025_B_6650862.html
GEM_2025_B_6650906,NIT,,https://www.oil-india.com/download-tender-document?ten_detail=NlVDd3ZTSEw2RXFyMmdHdQ%3D%3D,data/raw/oil_india/tenders/detail_pages/GEM_2025_B_6650906.html
GEM_2025_B_6650935,NIT,,https://www.oil-india.com/download-tender-document?ten_detail=NlVDenRDSEw2RXFyMmdHdQ%3D%3D,data/raw/oil_india/tenders/detail_pages/GEM_2025_B_6650935.html
GEM_2025_B_6650968,NIT,,https://www.oil-india.com/download-tender-document?ten_detail=NlVDMnZDSEw2RXFyMmdHdQ%3D%3D,data/raw/oil_india/tenders/detail_pages/GEM_2025_B_6650968.html
GEM_2025_B_6651090,NIT,,https://www.oil-india.com/download-tender-document?ten_detail=NlVDMnZTSEw2RXFyMmdHdQ%3D%3D,data/raw/oil_india/tenders/detail_pages/GEM_2025_B_6651090.html
GEM_2025_B_6654967,NIT,,https://www.oil-india.com/download-tender-document?ten_detail=NlVDMnVTSEw2RXFyMmdHdQ%3D%3D,data/raw/oil_india/tenders/detail_pages/GEM_2025_B_6654967.html
GEM_2025_B_6655212,NIT,,https://www.oil-india.com/download-tender-document?ten_detail=NlVDMnZ5SEw2RXFyMmdHdQ%3D%3D,data/raw/oil_india/tenders/detail_pages/GEM_2025_B_6655212.html
GEM_2025_B_6655682,NIT,,https://www.oil-india.com/download-tender-document?ten_detail=NlVDMnZpSEw2RXFyMmdHdQ%3D%3D,data/raw/oil_india/tenders/detail_pages/GEM_2025_B_6655682.html
GEM_2025_B_6657611,NIT,,https://www.oil-india.com/download-tender-document?ten_detail=NlVDMnV5SEw2RXFyMmdHdQ%3D%3D,data/raw/oil_india/tenders/detail_pages/GEM_2025_B_6657611.html
GEM_2025_B_6657756,NIT,,https://www.oil-india.com/download-tender-document?ten_detail=NlVDMnVDSEw2RXFyMmdHdQ%3D%3D,data/raw/oil_india/tenders/detail_pages/GEM_2025_B_6657756.html
GEM_2025_B_6658905,NIT,,https://www.oil-india.com/download-tender-document?ten_detail=NlVDMnVpSEw2RXFyMmdHdQ%3D%3D,data/raw/oil_india/tenders/detail_pages/GEM_2025_B_6658905.html
GEM_2025_B_6659135,NIT,,https://www.oil-india.com/download-tender-document?ten_detail=NlVDMnRTSEw2RXFyMmdHdQ%3D%3D,data/raw/oil_india/tenders/detail_pages/GEM_2025_B_6659135.html
GEM_2025_B_6659282,NIT,,https://www.oil-india.com/download-tender-document?ten_detail=NlVDMHVpSEw2RXFyMmdHdQ%3D%3D,data/raw/oil_india/tenders/detail_pages/GEM_2025_B_6659282.html
GEM_2025_B_6659683,NIT,,https://www.oil-india.com/download-tender-document?ten_detail=NlVDM3VTSEw2RXFyMmdHdQ%3D%3D,data/raw/oil_india/tenders/detail_pages/GEM_2025_B_6659683.html
GEM_2025_B_6659765,NIT,,https://www.oil-india.com/download-tender-document?ten_detail=NlVDMHRTSEw2RXFyMmdHdQ%3D%3D,data/raw/oil_india/tenders/detail_pages/GEM_2025_B_6659765.html
GEM_2025_B_6661574,NIT,,https://www.oil-india.com/download-tender-document?ten_detail=NlVDM3ZpSEw2RXFyMmdHdQ%3D%3D,data/raw/oil_india/tenders/detail_pages/GEM_2025_B_6661574.html
GEM_2025_B_6662366,NIT,,https://www.oil-india.com/download-tender-document?ten_detail=NlVDM3V5SEw2RXFyMmdHdQ%3D%3D,data/raw/oil_india/tenders/detail_pages/GEM_2025_B_6662366.html
GEM_2025_B_6662370,NIT,,https://www.oil-india.com/download-tender-document?ten_detail=NlVDM3VpSEw2RXFyMmdHdQ%3D%3D,data/raw/oil_india/tenders/detail_pages/GEM_2025_B_6662370.html
GEM_2025_B_6662929,NIT,,https://www.oil-india.com/download-tender-document?ten_detail=NlVDMHZTSEw2RXFyMmdHdQ%3D%3D,data/raw/oil_india/tenders/detail_pages/GEM_2025_B_6662929.html
GEM_2025_B_6663444,NIT,,https://www.oil-india.com/download-tender-document?ten_detail=NlVDMHZDSEw2RXFyMmdHdQ%3D%3D,data/raw/oil_india/tenders/detail_pages/GEM_2025_B_6663444.html
GEM_2025_B_6663537,NIT,,https://www.oil-india.com/download-tender-document?ten_detail=NlVDM3RTSEw2RXFyMmdHdQ%3D%3D,data/raw/oil_india/tenders/detail_pages/GEM_2025_B_6663537.html
GEM_2025_B_6666667,NIT,,https://www.oil-india.com/download-tender-document?ten_detail=NlVDMHZ5SEw2RXFyMmdHdQ%3D%3D,data/raw/oil_india/tenders/detail_pages/GEM_2025_B_6666667.html
GEM_2025_B_6667077,NIT,,https://www.oil-india.com/download-tender-document?ten_detail=NlVDMHZpSEw2RXFyMmdHdQ%3D%3D,data/raw/oil_india/tenders/detail_pages/GEM_2025_B_6667077.html
GEM_2025_B_6667343,NIT,,https://www.oil-india.com/download-tender-document?ten_detail=NlVDMHVTSEw2RXFyMmdHdQ%3D%3D,data/raw/oil_india/tenders/detail_pages/GEM_2025_B_6667343.html
GEM_2025_B_6669004,NIT,,https://www.oil-india.com/download-tender-document?ten_detail=NlVDMHV5SEw2RXFyMmdHdQ%3D%3D,data/raw/oil_india/tenders/detail_pages/GEM_2025_B_6669004.html
GEM_2025_B_6669126,NIT,,https://www.oil-india.com/download-tender-document?ten_detail=NlVDMXVTSEw2RXFyMmdHdQ%3D%3D,data/raw/oil_india/tenders/detail_pages/GEM_2025_B_6669126.html
GEM_2025_B_6669136,NIT,,https://www.oil-india.com/download-tender-document?ten_detail=NlVDenZTSEw2RXFyMmdHdQ%3D%3D,data/raw/oil_india/tenders/detail_pages/GEM_2025_B_6669136.html
GEM_2025_B_6669221,NIT,,https://www.oil-india.com/download-tender-document?ten_detail=NlVDMXV5SEw2RXFyMmdHdQ%3D%3D,data/raw/oil_india/tenders/detail_pages/GEM_2025_B_6669221.html
GEM_2025_B_6669356,NIT,,https://www.oil-india.com/download-tender-document?ten_detail=NlVDeXV5SEw2RXFyMmdHdQ%3D%3D,data/raw/oil_india/tenders/detail_pages/GEM_2025_B_6669356.html
GEM_2025_B_6669622,NIT,,https://www.oil-india.com/download-tender-document?ten_detail=NlVDeXZTSEw2RXFyMmdHdQ%3D%3D,data/raw/oil_india/tenders/detail_pages/GEM_2025_B_6669622.html
GEM_2025_B_6669710,NIT,,https://www.oil-india.com/download-tender-document?ten_detail=NlVDeXZDSEw2RXFyMmdHdQ%3D%3D,data/raw/oil_india/tenders/detail_pages/GEM_2025_B_6669710.html
GEM_2025_B_6670640,NIT,,https://www.oil-india.com/download-tender-document?ten_detail=NlVDeXVDSEw2RXFyMmdHdQ%3D%3D,data/raw/oil_india/tenders/detail_pages/GEM_2025_B_6670640.html
GEM_2025_B_6672018,NIT,,https://www.oil-india.com/download-tender-document?ten_detail=NlVDMXVDSEw2RXFyMmdHdQ%3D%3D,data/raw/oil_india/tenders/detail_pages/GEM_2025_B_6672018.html
GEM_2025_B_6672037,NIT,,https://www.oil-india.com/download-tender-document?ten_detail=NlVDMXZpSEw2RXFyMmdHdQ%3D%3D,data/raw/oil_india/tenders/detail_pages/GEM_2025_B_6672037.html
GEM_2025_B_6674049,NIT,,https://www.oil-india.com/download-tender-document?ten_detail=NlVDMXRTSEw2RXFyMmdHdQ%3D%3D,data/raw/oil_india/tenders/detail_pages/GEM_2025_B_6674049.html
GEM_2025_B_6674076,NIT,,https://www.oil-india.com/download-tender-document?ten_detail=NlVDeXRTSEw2RXFyMmdHdQ%3D%3D,data/raw/oil_india/tenders/detail_pages/GEM_2025_B_6674076.html
GEM_2025_B_6676339,NIT,,https://www.oil-india.com/download-tender-document?ten_detail=NlVDeXVTSEw2RXFyMmdHdQ%3D%3D,data/raw/oil_india/tenders/detail_pages/GEM_2025_B_6676339.html
GEM_2025_B_6676879,NIT,,https://www.oil-india.com/download-tender-document?ten_detail=NlVDeXZ5SEw2RXFyMmdHdQ%3D%3D,data/raw/oil_india/tenders/detail_pages/GEM_2025_B_6676879.html
GEM_2025_B_6676929,NIT,,https://www.oil-india.com/download-tender-document?ten_detail=NlVDeXZpSEw2RXFyMmdHdQ%3D%3D,data/raw/oil_india/tenders/detail_pages/GEM_2025_B_6676929.html
GEM_2025_B_6677771,NIT,,https://www.oil-india.com/download-tender-document?ten_detail=NlVDd3Z5SEw2RXFyMmdHdQ%3D%3D,data/raw/oil_india/tenders/detail_pages/GEM_2025_B_6677771.html
GEM_2025_B_6679236,NIT,,https://www.oil-india.com/download-tender-document?ten_detail=NlVDeXVpSEw2RXFyMmdHdQ%3D%3D,data/raw/oil_india/tenders/detail_pages/GEM_2025_B_6679236.html
GEM_2025_B_6679838,NIT,,https://www.oil-india.com/download-tender-document?ten_detail=NlVDeXRDSEw2RXFyMmdHdQ%3D%3D,data/raw/oil_india/tenders/detail_pages/GEM_2025_B_6679838.html
GEM_2025_B_6690293,NIT,,https://www.oil-india.com/download-tender-document?ten_detail=NlVDenZ5SEw2RXFyMmdHdQ%3D%3D,data/raw/oil_india/tenders/detail_pages/GEM_2025_B_6690293.html
GEM_2025_B_6699306,NIT,,https://www.oil-india.com/download-tender-document?ten_detail=NlVDenV5SEw2RXFyMmdHdQ%3D%3D,data/raw/oil_india/tenders/detail_pages/GEM_2025_B_6699306.html
GEM_2025_B_6700575,NIT,,https://www.oil-india.com/download-tender-document?ten_detail=NlVDenRTSEw2RXFyMmdHdQ%3D%3D,data/raw/oil_india/tenders/detail_pages/GEM_2025_B_6700575.html
GEM_2025_B_6701765,NIT,,https://www.oil-india.com/download-tender-document?ten_detail=NlVDd3VpSEw2RXFyMmdHdQ%3D%3D,data/raw/oil_india/tenders/detail_pages/GEM_2025_B_6701765.html
GEM_2025_B_6702441,NIT,,https://www.oil-india.com/download-tender-document?ten_detail=NlVDeHZDSEw2RXFyMmdHdQ%3D%3D,data/raw/oil_india/tenders/detail_pages/GEM_2025_B_6702441.html
GEM_2025_B_6704951,NIT,,https://www.oil-india.com/download-tender-document?ten_detail=NlVDd3VDSEw2RXFyMmdHdQ%3D%3D,data/raw/oil_india/tenders/detail_pages/GEM_2025_B_6704951.html
GEM_2025_B_6710905,NIT,,https://www.oil-india.com/download-tender-document?ten_detail=NlVDd3RTSEw2RXFyMmdHdQ%3D%3D,data/raw/oil_india/tenders/detail_pages/GEM_2025_B_6710905.html
GEM_2025_B_6711086,NIT,,https://www.oil-india.com/download-tender-document?ten_detail=NlVDeHZ5SEw2RXFyMmdHdQ%3D%3D,data/raw/oil_india/tenders/detail_pages/GEM_2025_B_6711086.html
GEM_2025_B_6713725,NIT,,https://www.oil-india.com/download-tender-document?ten_detail=NlVDeHZpSEw2RXFyMmdHdQ%3D%3D,data/raw/oil_india/tenders/detail_pages/GEM_2025_B_6713725.html
GEM_2025_B_6713908,NIT,,https://www.oil-india.com/download-tender-document?ten_detail=NlVDL3Z5SEw2RXFyMmdHdQ%3D%3D,data/raw/oil_india/tenders/detail_pages/GEM_2025_B_6713908.html
GEM_2025_B_6716692,NIT,,https://www.oil-india.com/download-tender-document?ten_detail=NlVDeHVTSEw2RXFyMmdHdQ%3D%3D,data/raw/oil_india/tenders/detail_pages/GEM_2025_B_6716692.html
GEM_2025_B_6717383,NIT,,https://www.oil-india.com/download-tender-document?ten_detail=NlVDL3RDSEw2RXFyMmdHdQ%3D%3D,data/raw/oil_india/tenders/detail_pages/GEM_2025_B_6717383.html
GEM_2025_B_6718320,NIT,,https://www.oil-india.com/download-tender-document?ten_detail=NlVDeHVDSEw2RXFyMmdHdQ%3D%3D,data/raw/oil_india/tenders/detail_pages/GEM_2025_B_6718320.html
GEM_2025_B_6722791,NIT,,https://www.oil-india.com/download-tender-document?ten_detail=NlVDeHRTSEw2RXFyMmdHdQ%3D%3D,data/raw/oil_india/tenders/detail_pages/GEM_2025_B_6722791.html
GEM_2025_B_6725818,NIT,,https://www.oil-india.com/download-tender-document?ten_detail=NlVDK3RDSEw2RXFyMmdHdQ%3D%3D,data/raw/oil_india/tenders/detail_pages/GEM_2025_B_6725818.html
GEM_2025_B_6726891,NIT,,https://www.oil-india.com/download-tender-document?ten_detail=NlVDK3VDSEw2RXFyMmdHdQ%3D%3D,data/raw/oil_india/tenders/detail_pages/GEM_2025_B_6726891.html
GEM_2025_B_6734545,NIT,,https://www.oil-india.com/download-tender-document?ten_detail=NlUrMnZpSEw2RXFyMmdHdQ%3D%3D,data/raw/oil_india/tenders/detail_pages/GEM_2025_B_6734545.html
GEM_2025_B_6734847,NIT,,https://www.oil-india.com/download-tender-document?ten_detail=NlVDL3ZDSEw2RXFyMmdHdQ%3D%3D,data/raw/oil_india/tenders/detail_pages/GEM_2025_B_6734847.html
GEM_2025_B_6739013,NIT,,https://www.oil-india.com/download-tender-document?ten_detail=NlVDL3ZTSEw2RXFyMmdHdQ%3D%3D,data/raw/oil_india/tenders/detail_pages/GEM_2025_B_6739013.html
GEM_2025_B_6742169,NIT,,https://www.oil-india.com/download-tender-document?ten_detail=NlVDL3RTSEw2RXFyMmdHdQ%3D%3D,data/raw/oil_india/tenders/detail_pages/GEM_2025_B_6742169.html
GEM_2025_B_6748816,NIT,,https://www.oil-india.com/download-tender-document?ten_detail=NlUrMnZ5SEw2RXFyMmdHdQ%3D%3D,data/raw/oil_india/tenders/detail_pages/GEM_2025_B_6748816.html
GEM_2025_B_6752172,NIT,,https://www.oil-india.com/download-tender-document?ten_detail=NlUrMnZTSEw2RXFyMmdHdQ%3D%3D,data/raw/oil_india/tenders/detail_pages/GEM_2025_B_6752172.html
GEM_2025_B_6755709,NIT,,https://www.oil-india.com/download-tender-document?ten_detail=NlUrL3V5SEw2RXFyMmdHdQ%3D%3D,data/raw/oil_india/tenders/detail_pages/GEM_2025_B_6755709.html
GEM_2025_B_6756192,NIT,,https://www.oil-india.com/download-tender-document?ten_detail=NlUrMnVDSEw2RXFyMmdHdQ%3D%3D,data/raw/oil_india/tenders/detail_pages/GEM_2025_B_6756192.html
GEM_2025_B_6757266,NIT,,https://www.oil-india.com/download-tender-document?ten_detail=NlUrMnVpSEw2RXFyMmdHdQ%3D%3D,data/raw/oil_india/tenders/detail_pages/GEM_2025_B_6757266.html
GEM_2025_B_6761341,NIT,,https://www.oil-india.com/download-tender-document?ten_detail=NlUrM3VpSEw2RXFyMmdHdQ%3D%3D,data/raw/oil_india/tenders/detail_pages/GEM_2025_B_6761341.html
GEM_2025_B_6764853,NIT,,https://www.oil-india.com/download-tender-document?ten_detail=NlUrMnV5SEw2RXFyMmdHdQ%3D%3D,data/raw/oil_india/tenders/detail_pages/GEM_2025_B_6764853.html
GEM_2025_B_6766300,NIT,,https://www.oil-india.com/download-tender-document?ten_detail=NlUrM3VDSEw2RXFyMmdHdQ%3D%3D,data/raw/oil_india/tenders/detail_pages/GEM_2025_B_6766300.html
GEM_2025_B_6766994,NIT,,https://www.oil-india.com/download-tender-document?ten_detail=NlUrMHZTSEw2RXFyMmdHdQ%3D%3D,data/raw/oil_india/tenders/detail_pages/GEM_2025_B_6766994.html
GEM_2025_B_6767225,NIT,,https://www.oil-india.com/download-tender-document?ten_detail=NlUrM3ZpSEw2RXFyMmdHdQ%3D%3D,data/raw/oil_india/tenders/detail_pages/GEM_2025_B_6767225.html
GEM_2025_B_6767525,NIT,,https://www.oil-india.com/download-tender-document?ten_detail=NlUrM3VTSEw2RXFyMmdHdQ%3D%3D,data/raw/oil_india/tenders/detail_pages/GEM_2025_B_6767525.html
GEM_2025_B_6769197,NIT,,https://www.oil-india.com/download-tender-document?ten_detail=NlUrMHZDSEw2RXFyMmdHdQ%3D%3D,data/raw/oil_india/tenders/detail_pages/GEM_2025_B_6769197.html
GEM_2025_B_6769488,NIT,,https://www.oil-india.com/download-tender-document?ten_detail=NlUrM3RDSEw2RXFyMmdHdQ%3D%3D,data/raw/oil_india/tenders/detail_pages/GEM_2025_B_6769488.html
GEM_2025_B_6769777,NIT,,https://www.oil-india.com/download-tender-document?ten_detail=NlUrM3V5SEw2RXFyMmdHdQ%3D%3D,data/raw/oil_india/tenders/detail_pages/GEM_2025_B_6769777.html
GEM_2025_B_6771257,NIT,,https://www.oil-india.com/download-tender-document?ten_detail=NlUrM3RTSEw2RXFyMmdHdQ%3D%3D,data/raw/oil_india/tenders/detail_pages/GEM_2025_B_6771257.html
GEM_2025_B_6771683,NIT,,https://www.oil-india.com/download-tender-document?ten_detail=NlUrMXRDSEw2RXFyMmdHdQ%3D%3D,data/raw/oil_india/tenders/detail_pages/GEM_2025_B_6771683.html
GEM_2025_B_6774366,NIT,,https://www.oil-india.com/download-tender-document?ten_detail=NlUrMHZpSEw2RXFyMmdHdQ%3D%3D,data/raw/oil_india/tenders/detail_pages/GEM_2025_B_6774366.html
GEM_2025_B_6776517,NIT,,https://www.oil-india.com/download-tender-document?ten_detail=NlUrd3VpSEw2RXFyMmdHdQ%3D%3D,data/raw/oil_india/tenders/detail_pages/GEM_2025_B_6776517.html
GEM_2025_B_6778667,NIT,,https://www.oil-india.com/download-tender-document?ten_detail=NlUrMHVTSEw2RXFyMmdHdQ%3D%3D,data/raw/oil_india/tenders/detail_pages/GEM_2025_B_6778667.html
GEM_2025_B_6778714,NIT,,https://www.oil-india.com/download-tender-document?ten_detail=NlUrMHV5SEw2RXFyMmdHdQ%3D%3D,data/raw/oil_india/tenders/detail_pages/GEM_2025_B_6778714.html
GEM_2025_B_6778737,NIT,,https://www.oil-india.com/download-tender-document?ten_detail=NlUrMHVDSEw2RXFyMmdHdQ%3D%3D,data/raw/oil_india/tenders/detail_pages/GEM_2025_B_6778737.html
GEM_2025_B_6779100,NIT,,https://www.oil-india.com/download-tender-document?ten_detail=NlU2enZ5SEw2RXFyMmdHdQ%3D%3D,data/raw/oil_india/tenders/detail_pages/GEM_2025_B_6779100.html
GEM_2025_B_6781658,NIT,,https://www.oil-india.com/download-tender-document?ten_detail=NlUrMHVpSEw2RXFyMmdHdQ%3D%3D,data/raw/oil_india/tenders/detail_pages/GEM_2025_B_6781658.html
GEM_2025_B_6782403,NIT,,https://www.oil-india.com/download-tender-document?ten_detail=NlUrL3RTSEw2RXFyMmdHdQ%3D%3D,data/raw/oil_india/tenders/detail_pages/GEM_2025_B_6782403.html
GEM_2025_B_6782897,NIT,,https://www.oil-india.com/download-tender-document?ten_detail=NlUrMXVTSEw2RXFyMmdHdQ%3D%3D,data/raw/oil_india/tenders/detail_pages/GEM_2025_B_6782897.html
GEM_2025_B_6786310,NIT,,https://www.oil-india.com/download-tender-document?ten_detail=NlUrL3RDSEw2RXFyMmdHdQ%3D%3D,data/raw/oil_india/tenders/detail_pages/GEM_2025_B_6786310.html
GEM_2025_B_6786335,NIT,,https://www.oil-india.com/download-tender-document?ten_detail=NlUrMXV5SEw2RXFyMlFXdg%3D%3D,data/raw/oil_india/tenders/detail_pages/GEM_2025_B_6786335.html
GEM_2025_B_6787966,NIT,,https://www.oil-india.com/download-tender-document?ten_detail=NlUrMXRTSEw2RXFyMmdHdQ%3D%3D,data/raw/oil_india/tenders/detail_pages/GEM_2025_B_6787966.html
GEM_2025_B_6788660,NIT,,https://www.oil-india.com/download-tender-document?ten_detail=NlUrMXVDSEw2RXFyMmdHdQ%3D%3D,data/raw/oil_india/tenders/detail_pages/GEM_2025_B_6788660.html
GEM_2025_B_6790562,NIT,,https://www.oil-india.com/download-tender-document?ten_detail=NlUrd3RDSEw2RXFyMmdHdQ%3D%3D,data/raw/oil_india/tenders/detail_pages/GEM_2025_B_6790562.html
GEM_2025_B_6791551,NIT,,https://www.oil-india.com/download-tender-document?ten_detail=NlUreXZ5SEw2RXFyMmdHdQ%3D%3D,data/raw/oil_india/tenders/detail_pages/GEM_2025_B_6791551.html
GEM_2025_B_6791738,NIT,,https://www.oil-india.com/download-tender-document?ten_detail=NlUreXZTSEw2RXFyMmdHdQ%3D%3D,data/raw/oil_india/tenders/detail_pages/GEM_2025_B_6791738.html
GEM_2025_B_6791881,NIT,,https://www.oil-india.com/download-tender-document?ten_detail=NlUreHVTSEw2RXFyMmdHdQ%3D%3D,data/raw/oil_india/tenders/detail_pages/GEM_2025_B_6791881.html
GEM_2025_B_6793376,NIT,,https://www.oil-india.com/download-tender-document?ten_detail=NlUreXZpSEw2RXFyMmdHdQ%3D%3D,data/raw/oil_india/tenders/detail_pages/GEM_2025_B_6793376.html
GEM_2025_B_6793459,NIT,,https://www.oil-india.com/download-tender-document?ten_detail=NlUreXVDSEw2RXFyMmdHdQ%3D%3D,data/raw/oil_india/tenders/detail_pages/GEM_2025_B_6793459.html
GEM_2025_B_6794253,NIT,,https://www.oil-india.com/download-tender-document?ten_detail=NlUrenZpSEw2RXFyMmdHdQ%3D%3D,data/raw/oil_india/tenders/detail_pages/GEM_2025_B_6794253.html
GEM_2025_B_6798669,NIT,,https://www.oil-india.com/download-tender-document?ten_detail=NlUrenVTSEw2RXFyMmdHdQ%3D%3D,data/raw/oil_india/tenders/detail_pages/GEM_2025_B_6798669.html
GEM_2025_B_6799779,NIT,,https://www.oil-india.com/download-tender-document?ten_detail=NlUrenV5SEw2RXFyMmdHdQ%3D%3D,data/raw/oil_india/tenders/detail_pages/GEM_2025_B_6799779.html
GEM_2025_B_6800157,NIT,,https://www.oil-india.com/download-tender-document?ten_detail=NlUrd3ZTSEw2RXFyMmdHdQ%3D%3D,data/raw/oil_india/tenders/detail_pages/GEM_2025_B_6800157.html
GEM_2025_B_6800873,NIT,,https://www.oil-india.com/download-tender-document?ten_detail=NlUrd3ZDSEw2RXFyMmdHdQ%3D%3D,data/raw/oil_india/tenders/detail_pages/GEM_2025_B_6800873.html
GEM_2025_B_6801430,NIT,,https://www.oil-india.com/download-tender-document?ten_detail=NlUrL3VDSEw2RXFyMmdHdQ%3D%3D,data/raw/oil_india/tenders/detail_pages/GEM_2025_B_6801430.html
GEM_2025_B_6801738,NIT,,https://www.oil-india.com/download-tender-document?ten_detail=NlUreHZ5SEw2RXFyMmdHdQ%3D%3D,data/raw/oil_india/tenders/detail_pages/GEM_2025_B_6801738.html
GEM_2025_B_6803579,NIT,,https://www.oil-india.com/download-tender-document?ten_detail=NlUrd3VDSEw2RXFyMmdHdQ%3D%3D,data/raw/oil_india/tenders/detail_pages/GEM_2025_B_6803579.html
GEM_2025_B_6810685,NIT,,https://www.oil-india.com/download-tender-document?ten_detail=NlUrd3RTSEw2RXFyMmdHdQ%3D%3D,data/raw/oil_india/tenders/detail_pages/GEM_2025_B_6810685.html
GEM_2025_B_6812376,NIT,,https://www.oil-india.com/download-tender-document?ten_detail=NlUreHVDSEw2RXFyMmdHdQ%3D%3D,data/raw/oil_india/tenders/detail_pages/GEM_2025_B_6812376.html
GEM_2025_B_6812898,NIT,,https://www.oil-india.com/download-tender-document?ten_detail=NlUreHV5SEw2RXFyMmdHdQ%3D%3D,data/raw/oil_india/tenders/detail_pages/GEM_2025_B_6812898.html
GEM_2025_B_6815804,NIT,,https://www.oil-india.com/download-tender-document?ten_detail=NlUrK3ZDSEw2RXFyMmdHdQ%3D%3D,data/raw/oil_india/tenders/detail_pages/GEM_2025_B_6815804.html
GEM_2025_B_6817241,NIT,,https://www.oil-india.com/download-tender-document?ten_detail=NlUrK3ZTSEw2RXFyMmdHdQ%3D%3D,data/raw/oil_india/tenders/detail_pages/GEM_2025_B_6817241.html
GEM_2025_B_6817389,NIT,,https://www.oil-india.com/download-tender-document?ten_detail=NlUreHVpSEw2RXFyMmdHdQ%3D%3D,data/raw/oil_india/tenders/detail_pages/GEM_2025_B_6817389.html
GEM_2025_B_6819678,NIT,,https://www.oil-india.com/download-tender-document?ten_detail=NlUreHRDSEw2RXFyMmdHdQ%3D%3D,data/raw/oil_india/tenders/detail_pages/GEM_2025_B_6819678.html
GEM_2025_B_6820581,NIT,,https://www.oil-india.com/download-tender-document?ten_detail=NkVlenRDSEw2RXFyMmdHdQ%3D%3D,data/raw/oil_india/tenders/detail_pages/GEM_2025_B_6820581.html
GEM_2025_B_6821120,NIT,,https://www.oil-india.com/download-tender-document?ten_detail=NlUrK3V5SEw2RXFyMmdHdQ%3D%3D,data/raw/oil_india/tenders/detail_pages/GEM_2025_B_6821120.html
GEM_2025_B_6822771,NIT,,https://www.oil-india.com/download-tender-document?ten_detail=NlUrK3ZpSEw2RXFyMmdHdQ%3D%3D,data/raw/oil_india/tenders/detail_pages/GEM_2025_B_6822771.html
GEM_2025_B_6822787,NIT,,https://www.oil-india.com/download-tender-document?ten_detail=NkVld3ZTSEw2RXFyMmdHdQ%3D%3D,data/raw/oil_india/tenders/detail_pages/GEM_2025_B_6822787.html
GEM_2025_B_6822841,NIT,,https://www.oil-india.com/download-tender-document?ten_detail=NlUrK3Z5SEw2RXFyMmdHdQ%3D%3D,data/raw/oil_india/tenders/detail_pages/GEM_2025_B_6822841.html
GEM_2025_B_6822929,NIT,,https://www.oil-india.com/download-tender-document?ten_detail=NlUrK3VTSEw2RXFyMmdHdQ%3D%3D,data/raw/oil_india/tenders/detail_pages/GEM_2025_B_6822929.html
GEM_2025_B_6826032,NIT,,https://www.oil-india.com/download-tender-document?ten_detail=NlUrK3VDSEw2RXFyMmdHdQ%3D%3D,data/raw/oil_india/tenders/detail_pages/GEM_2025_B_6826032.html
GEM_2025_B_6827734,NIT,,https://www.oil-india.com/download-tender-document?ten_detail=NlUrL3ZpSEw2RXFyMmdHdQ%3D%3D,data/raw/oil_india/tenders/detail_pages/GEM_2025_B_6827734.html
GEM_2025_B_6829017,NIT,,https://www.oil-india.com/download-tender-document?ten_detail=NlUrK3VpSEw2RXFyMmdHdQ%3D%3D,data/raw/oil_india/tenders/detail_pages/GEM_2025_B_6829017.html
GEM_2025_B_6830263,NIT,,https://www.oil-india.com/download-tender-document?ten_detail=NlUrK3RDSEw2RXFyMmdHdQ%3D%3D,data/raw/oil_india/tenders/detail_pages/GEM_2025_B_6830263.html
GEM_2025_B_6831244,NIT,,https://www.oil-india.com/download-tender-document?ten_detail=NlUrK3RTSEw2RXFyM1FZPQ%3D%3D,data/raw/oil_india/tenders/detail_pages/GEM_2025_B_6831244.html
GEM_2025_B_6831761,NIT,,https://www.oil-india.com/download-tender-document?ten_detail=NlUrL3ZDSEw2RXFyMmdHdQ%3D%3D,data/raw/oil_india/tenders/detail_pages/GEM_2025_B_6831761.html
GEM_2025_B_6832638,NIT,,https://www.oil-india.com/download-tender-document?ten_detail=NlUrL3Z5SEw2RXFyMmdHdQ%3D%3D,data/raw/oil_india/tenders/detail_pages/GEM_2025_B_6832638.html
GEM_2025_B_6833679,NIT,,https://www.oil-india.com/download-tender-document?ten_detail=NlUrL3VTSEw2RXFyMmdHdQ%3D%3D,data/raw/oil_india/tenders/detail_pages/GEM_2025_B_6833679.html
GEM_2025_B_6835610,NIT,,https://www.oil-india.com/download-tender-document?ten_detail=NlU2MnVTSEw2RXFyMmdHdQ%3D%3D,data/raw/oil_india/tenders/detail_pages/GEM_2025_B_6835610.html
GEM_2025_B_6843911,NIT,,https://www.oil-india.com/download-tender-document?ten_detail=NlU2MHZDSEw2RXFyMmdHdQ%3D%3D,data/raw/oil_india/tenders/detail_pages/GEM_2025_B_6843911.html
GEM_2025_B_6844211,NIT,,https://www.oil-india.com/download-tender-document?ten_detail=NlU2MnVpSEw2RXFyMmdHdQ%3D%3D,data/raw/oil_india/tenders/detail_pages/GEM_2025_B_6844211.html
GEM_2025_B_6844261,NIT,,https://www.oil-india.com/download-tender-document?ten_detail=NlU2MnV5SEw2RXFyMmdHdQ%3D%3D,data/raw/oil_india/tenders/detail_pages/GEM_2025_B_6844261.html
GEM_2025_B_6844530,NIT,,https://www.oil-india.com/download-tender-document?ten_detail=NlU2M3ZDSEw2RXFyMmdHdQ%3D%3D,data/raw/oil_india/tenders/detail_pages/GEM_2025_B_6844530.html
GEM_2025_B_6845598,NIT,,https://www.oil-india.com/download-tender-document?ten_detail=NlU2M3Z5SEw2RXFyMmdHdQ%3D%3D,data/raw/oil_india/tenders/detail_pages/GEM_2025_B_6845598.html
GEM_2025_B_6846416,NIT,,https://www.oil-india.com/download-tender-document?ten_detail=NlU2M3ZTSEw2RXFyMmdHdQ%3D%3D,data/raw/oil_india/tenders/detail_pages/GEM_2025_B_6846416.html
GEM_2025_B_6850404,NIT,,https://www.oil-india.com/download-tender-document?ten_detail=NlU2M3VTSEw2RXFyMmdHdQ%3D%3D,data/raw/oil_india/tenders/detail_pages/GEM_2025_B_6850404.html
GEM_2025_B_6850563,NIT,,https://www.oil-india.com/download-tender-document?ten_detail=NlU2M3ZpSEw2RXFyMmdHdQ%3D%3D,data/raw/oil_india/tenders/detail_pages/GEM_2025_B_6850563.html
GEM_2025_B_6850955,NIT,,https://www.oil-india.com/download-tender-document?ten_detail=NlU2M3VDSEw2RXFyMmdHdQ%3D%3D,data/raw/oil_india/tenders/detail_pages/GEM_2025_B_6850955.html
GEM_2025_B_6852861,NIT,,https://www.oil-india.com/download-tender-document?ten_detail=NlU2M3RTSEw2RXFyMmdHdQ%3D%3D,data/raw/oil_india/tenders/detail_pages/GEM_2025_B_6852861.html
GEM_2025_B_6852927,NIT,,https://www.oil-india.com/download-tender-document?ten_detail=NlU2M3V5SEw2RXFyMmdHdQ%3D%3D,data/raw/oil_india/tenders/detail_pages/GEM_2025_B_6852927.html
GEM_2025_B_6853233,NIT,,https://www.oil-india.com/download-tender-document?ten_detail=NlU2MXZ5SEw2RXFyMmdHdQ%3D%3D,data/raw/oil_india/tenders/detail_pages/GEM_2025_B_6853233.html
GEM_2025_B_6853541,NIT,,https://www.oil-india.com/download-tender-document?ten_detail=NlU2MHZpSEw2RXFyMmdHdQ%3D%3D,data/raw/oil_india/tenders/detail_pages/GEM_2025_B_6853541.html
GEM_2025_B_6856155,NIT,,https://www.oil-india.com/download-tender-document?ten_detail=NlU2MXRTSEw2RXFyMmdHdQ%3D%3D,data/raw/oil_india/tenders/detail_pages/GEM_2025_B_6856155.html
GEM_2025_B_6857412,NIT,,https://www.oil-india.com/download-tender-document?ten_detail=NlU2MHZ5SEw2RXFyMmdHdQ%3D%3D,data/raw/oil_india/tenders/detail_pages/GEM_2025_B_6857412.html
GEM_2025_B_6857925,NIT,,https://www.oil-india.com/download-tender-document?ten_detail=NlU2MHVDSEw2RXFyMmdHdQ%3D%3D,data/raw/oil_india/tenders/detail_pages/GEM_2025_B_6857925.html
GEM_2025_B_6858424,NIT,,https://www.oil-india.com/download-tender-document?ten_detail=NlU2M3RDSEw2RXFyMmdHdQ%3D%3D,data/raw/oil_india/tenders/detail_pages/GEM_2025_B_6858424.html
GEM_2025_B_6859529,NIT,,https://www.oil-india.com/download-tender-document?ten_detail=NlU2MXZpSEw2RXFyMmdHdQ%3D%3D,data/raw/oil_india/tenders/detail_pages/GEM_2025_B_6859529.html
GEM_2025_B_6859625,NIT,,https://www.oil-india.com/download-tender-document?ten_detail=NlU2eHZpSEw2RXFyMmdHdQ%3D%3D,data/raw/oil_india/tenders/detail_pages/GEM_2025_B_6859625.html
GEM_2025_B_6859978,NIT,,https://www.oil-india.com/download-tender-document?ten_detail=NlU2MXVpSEw2RXFyMmdHdQ%3D%3D,data/raw/oil_india/tenders/detail_pages/GEM_2025_B_6859978.html
GEM_2025_B_6860475,NIT,,https://www.oil-india.com/download-tender-document?ten_detail=NlU2MHVTSEw2RXFyMmdHdQ%3D%3D,data/raw/oil_india/tenders/detail_pages/GEM_2025_B_6860475.html
GEM_2025_B_6861153,NIT,,https://www.oil-india.com/download-tender-document?ten_detail=NlU2MHV5SEw2RXFyMmdHdQ%3D%3D,data/raw/oil_india/tenders/detail_pages/GEM_2025_B_6861153.html
GEM_2025_B_6863422,NIT,,https://www.oil-india.com/download-tender-document?ten_detail=NlU2MXZDSEw2RXFyMmdHdQ%3D%3D,data/raw/oil_india/tenders/detail_pages/GEM_2025_B_6863422.html
GEM_2025_B_6863427,NIT,,https://www.oil-india.com/download-tender-document?ten_detail=NlU2MHRTSEw2RXFyMmdHdQ%3D%3D,data/raw/oil_india/tenders/detail_pages/GEM_2025_B_6863427.html
GEM_2025_B_6863436,NIT,,https://www.oil-india.com/download-tender-document?ten_detail=NlU2MHRDSEw2RXFyMmdHdQ%3D%3D,data/raw/oil_india/tenders/detail_pages/GEM_2025_B_6863436.html
GEM_2025_B_6863439,NIT,,https://www.oil-india.com/download-tender-document?ten_detail=NlU2MXZTSEw2RXFyMmdHdQ%3D%3D,data/raw/oil_india/tenders/detail_pages/GEM_2025_B_6863439.html
GEM_2025_B_6863452,NIT,,https://www.oil-india.com/download-tender-document?ten_detail=NlU2K3VDSEw2RXFyMmdHdQ%3D%3D,data/raw/oil_india/tenders/detail_pages/GEM_2025_B_6863452.html
GEM_2025_B_6863453,NIT,,https://www.oil-india.com/download-tender-document?ten_detail=NlU2eXRTSEw2RXFyMmdHdQ%3D%3D,data/raw/oil_india/tenders/detail_pages/GEM_2025_B_6863453.html
GEM_2025_B_6863608,NIT,,https://www.oil-india.com/download-tender-document?ten_detail=NlU2eXZpSEw2RXFyMmdHdQ%3D%3D,data/raw/oil_india/tenders/detail_pages/GEM_2025_B_6863608.html
GEM_2025_B_6863876,NIT,,https://www.oil-india.com/download-tender-document?ten_detail=NlU2eXV5SEw2RXFyMmdHdQ%3D%3D,data/raw/oil_india/tenders/detail_pages/GEM_2025_B_6863876.html
GEM_2025_B_6864279,NIT,,https://www.oil-india.com/download-tender-document?ten_detail=NlU2MXVTSEw2RXFyMmdHdQ%3D%3D,data/raw/oil_india/tenders/detail_pages/GEM_2025_B_6864279.html
GEM_2025_B_6865572,NIT,,https://www.oil-india.com/download-tender-document?ten_detail=NlU2MXVDSEw2RXFyMmdHdQ%3D%3D,data/raw/oil_india/tenders/detail_pages/GEM_2025_B_6865572.html
GEM_2025_B_6865594,NIT,,https://www.oil-india.com/download-tender-document?ten_detail=NlU2MXV5SEw2RXFyMmdHdQ%3D%3D,data/raw/oil_india/tenders/detail_pages/GEM_2025_B_6865594.html
GEM_2025_B_6865845,NIT,,https://www.oil-india.com/download-tender-document?ten_detail=NlU2eXZDSEw2RXFyMmdHdQ%3D%3D,data/raw/oil_india/tenders/detail_pages/GEM_2025_B_6865845.html
GEM_2025_B_6868702,NIT,,https://www.oil-india.com/download-tender-document?ten_detail=NkVlMnVTSEw2RXFyMmdHdQ%3D%3D,data/raw/oil_india/tenders/detail_pages/GEM_2025_B_6868702.html
GEM_2025_B_6870962,NIT,,https://www.oil-india.com/download-tender-document?ten_detail=NlU2MXRDSEw2RXFyMmdHdQ%3D%3D,data/raw/oil_india/tenders/detail_pages/GEM_2025_B_6870962.html
GEM_2025_B_6871229,NIT,,https://www.oil-india.com/download-tender-document?ten_detail=NlU2eXZTSEw2RXFyMmdHdQ%3D%3D,data/raw/oil_india/tenders/detail_pages/GEM_2025_B_6871229.html
GEM_2025_B_6873179,NIT,,https://www.oil-india.com/download-tender-document?ten_detail=NlU2d3ZpSEw2RXFyMmdHdQ%3D%3D,data/raw/oil_india/tenders/detail_pages/GEM_2025_B_6873179.html
GEM_2025_B_6874131,NIT,,https://www.oil-india.com/download-tender-document?ten_detail=NlU2enZDSEw2RXFyMmdHdQ%3D%3D,data/raw/oil_india/tenders/detail_pages/GEM_2025_B_6874131.html
GEM_2025_B_6875533,NIT,,https://www.oil-india.com/download-tender-document?ten_detail=NlU2eXRDSEw2RXFyMmdHdQ%3D%3D,data/raw/oil_india/tenders/detail_pages/GEM_2025_B_6875533.html
GEM_2025_B_6875544,NIT,,https://www.oil-india.com/download-tender-document?ten_detail=NlU2eXZ5SEw2RXFyMmdHdQ%3D%3D,data/raw/oil_india/tenders/detail_pages/GEM_2025_B_6875544.html
GEM_2025_B_6875627,NIT,,https://www.oil-india.com/download-tender-document?ten_detail=NlU2enZTSEw2RXFyMmdHdQ%3D%3D,data/raw/oil_india/tenders/detail_pages/GEM_2025_B_6875627.html
GEM_2025_B_6875736,NIT,,https://www.oil-india.com/download-tender-document?ten_detail=NlU2eXVTSEw2RXFyMmdHdQ%3D%3D,data/raw/oil_india/tenders/detail_pages/GEM_2025_B_6875736.html
GEM_2025_B_6876277,NIT,,https://www.oil-india.com/download-tender-document?ten_detail=NlU2eXVDSEw2RXFyMmdHdQ%3D%3D,data/raw/oil_india/tenders/detail_pages/GEM_2025_B_6876277.html
GEM_2025_B_6877431,NIT,,https://www.oil-india.com/download-tender-document?ten_detail=NkVlenZDSEw2RXFyMmdHdQ%3D%3D,data/raw/oil_india/tenders/detail_pages/GEM_2025_B_6877431.html
GEM_2025_B_6877635,NIT,,https://www.oil-india.com/download-tender-document?ten_detail=NlU2enVTSEw2RXFyMmdHdQ%3D%3D,data/raw/oil_india/tenders/detail_pages/GEM_2025_B_6877635.html
GEM_2025_B_6877749,NIT,,https://www.oil-india.com/download-tender-document?ten_detail=NlU2d3ZTSEw2RXFyMmdHdQ%3D%3D,data/raw/oil_india/tenders/detail_pages/GEM_2025_B_6877749.html
GEM_2025_B_6880663,NIT,,https://www.oil-india.com/download-tender-document?ten_detail=NkVlMnVDSEw2RXFyMmdHdQ%3D%3D,data/raw/oil_india/tenders/detail_pages/GEM_2025_B_6880663.html
GEM_2025_B_6881107,NIT,,https://www.oil-india.com/download-tender-document?ten_detail=NlU2d3Z5SEw2RXFyMmdHdQ%3D%3D,data/raw/oil_india/tenders/detail_pages/GEM_2025_B_6881107.html
GEM_2025_B_6882369,NIT,,https://www.oil-india.com/download-tender-document?ten_detail=NlU2d3V5SEw2RXFyMmdHdQ%3D%3D,data/raw/oil_india/tenders/detail_pages/GEM_2025_B_6882369.html
GEM_2025_B_6882570,NIT,,https://www.oil-india.com/download-tender-document?ten_detail=NlU2enRDSEw2RXFyMmdHdQ%3D%3D,data/raw/oil_india/tenders/detail_pages/GEM_2025_B_6882570.html
GEM_2025_B_6882715,NIT,,https://www.oil-india.com/download-tender-document?ten_detail=NlU2d3VTSEw2RXFyMmdHdQ%3D%3D,data/raw/oil_india/tenders/detail_pages/GEM_2025_B_6882715.html
GEM_2025_B_6882718,NIT,,https://www.oil-india.com/download-tender-document?ten_detail=NlU2enZpSEw2RXFyMmdHdQ%3D%3D,data/raw/oil_india/tenders/detail_pages/GEM_2025_B_6882718.html
GEM_2025_B_6882727,NIT,,https://www.oil-india.com/download-tender-document?ten_detail=NlU2enV5SEw2RXFyMmdHdQ%3D%3D,data/raw/oil_india/tenders/detail_pages/GEM_2025_B_6882727.html
GEM_2025_B_6883094,NIT,,https://www.oil-india.com/download-tender-document?ten_detail=NlU2enVDSEw2RXFyMmdHdQ%3D%3D,data/raw/oil_india/tenders/detail_pages/GEM_2025_B_6883094.html
GEM_2025_B_6883714,NIT,,https://www.oil-india.com/download-tender-document?ten_detail=NlU2enVpSEw2RXFyMmdHdQ%3D%3D,data/raw/oil_india/tenders/detail_pages/GEM_2025_B_6883714.html
GEM_2025_B_6884281,NIT,,https://www.oil-india.com/download-tender-document?ten_detail=NlU2d3ZDSEw2RXFyMmdHdQ%3D%3D,data/raw/oil_india/tenders/detail_pages/GEM_2025_B_6884281.html
GEM_2025_B_6885596,NIT,,https://www.oil-india.com/download-tender-document?ten_detail=NlU2L3ZTSEw2RXFyMmdHdQ%3D%3D,data/raw/oil_india/tenders/detail_pages/GEM_2025_B_6885596.html
GEM_2025_B_6887230,NIT,,https://www.oil-india.com/download-tender-document?ten_detail=NlU2d3RTSEw2RXFyMmdHdQ%3D%3D,data/raw/oil_india/tenders/detail_pages/GEM_2025_B_6887230.html
GEM_2025_B_6887620,NIT,,https://www.oil-india.com/download-tender-document?ten_detail=NlU2d3VDSEw2RXFyMmdHdQ%3D%3D,data/raw/oil_india/tenders/detail_pages/GEM_2025_B_6887620.html
GEM_2025_B_6890938,NIT,,https://www.oil-india.com/download-tender-document?ten_detail=NlU2eHZTSEw2RXFyMmdHdQ%3D%3D,data/raw/oil_india/tenders/detail_pages/GEM_2025_B_6890938.html
GEM_2025_B_6893135,NIT,,https://www.oil-india.com/download-tender-document?ten_detail=NlU2K3ZpSEw2RXFyMmdHdQ%3D%3D,data/raw/oil_india/tenders/detail_pages/GEM_2025_B_6893135.html
GEM_2025_B_6894042,NIT,,https://www.oil-india.com/download-tender-document?ten_detail=NlU2K3Z5SEw2RXFyMmdHdQ%3D%3D,data/raw/oil_india/tenders/detail_pages/GEM_2025_B_6894042.html
GEM_2025_B_6894655,NIT,,https://www.oil-india.com/download-tender-document?ten_detail=NlU2eHVDSEw2RXFyMmdHdQ%3D%3D,data/raw/oil_india/tenders/detail_pages/GEM_2025_B_6894655.html
GEM_2025_B_6894732,NIT,,https://www.oil-india.com/download-tender-document?ten_detail=NlU2eHVTSEw2RXFyMmdHdQ%3D%3D,data/raw/oil_india/tenders/detail_pages/GEM_2025_B_6894732.html
GEM_2025_B_6894749,NIT,,https://www.oil-india.com/download-tender-document?ten_detail=NlU2eHVpSEw2RXFyMmdHdQ%3D%3D,data/raw/oil_india/tenders/detail_pages/GEM_2025_B_6894749.html
GEM_2025_B_6895919,NIT,,https://www.oil-india.com/download-tender-document?ten_detail=NlU2eHRTSEw2RXFyMmdHdQ%3D%3D,data/raw/oil_india/tenders/detail_pages/GEM_2025_B_6895919.html
GEM_2025_B_6897492,NIT,,https://www.oil-india.com/download-tender-document?ten_detail=NlU2K3RTSEw2RXFyMmdHdQ%3D%3D,data/raw/oil_india/tenders/detail_pages/GEM_2025_B_6897492.html
GEM_2025_B_6897771,NIT,,https://www.oil-india.com/download-tender-document?ten_detail=NlU2eHRDSEw2RXFyMmdHdQ%3D%3D,data/raw/oil_india/tenders/detail_pages/GEM_2025_B_6897771.html
GEM_2025_B_6898187,NIT,,https://www.oil-india.com/download-tender-document?ten_detail=NlU2L3Z5SEw2RXFyMmdHdQ%3D%3D,data/raw/oil_india/tenders/detail_pages/GEM_2025_B_6898187.html
GEM_2025_B_6898248,NIT,,https://www.oil-india.com/download-tender-document?ten_detail=NlU2K3ZDSEw2RXFyMmdHdQ%3D%3D,data/raw/oil_india/tenders/detail_pages/GEM_2025_B_6898248.html
GEM_2025_B_6898275,NIT,,https://www.oil-india.com/download-tender-document?ten_detail=NlU2K3VTSEw2RXFyMmdHdQ%3D%3D,data/raw/oil_india/tenders/detail_pages/GEM_2025_B_6898275.html
GEM_2025_B_6898521,NIT,,https://www.oil-india.com/download-tender-document?ten_detail=NlU2L3ZDSEw2RXFyMmdHdQ%3D%3D,data/raw/oil_india/tenders/detail_pages/GEM_2025_B_6898521.html
GEM_2025_B_6898541,NIT,,https://www.oil-india.com/download-tender-document?ten_detail=NlU2L3VpSEw2RXFyMmdHdQ%3D%3D,data/raw/oil_india/tenders/detail_pages/GEM_2025_B_6898541.html
GEM_2025_B_6899210,NIT,,https://www.oil-india.com/download-tender-document?ten_detail=NlU2K3V5SEw2RXFyMmdHdQ%3D%3D,data/raw/oil_india/tenders/detail_pages/GEM_2025_B_6899210.html
GEM_2025_B_6899577,NIT,,https://www.oil-india.com/download-tender-document?ten_detail=NkVheHRDSEw2RXFyMmdHdQ%3D%3D,data/raw/oil_india/tenders/detail_pages/GEM_2025_B_6899577.html
GEM_2025_B_6900375,NIT,,https://www.oil-india.com/download-tender-document?ten_detail=NlU2K3VpSEw2RXFyMmdHdQ%3D%3D,data/raw/oil_india/tenders/detail_pages/GEM_2025_B_6900375.html
GEM_2025_B_6900600,NIT,,https://www.oil-india.com/download-tender-document?ten_detail=NlU2K3RDSEw2RXFyMmdHdQ%3D%3D,data/raw/oil_india/tenders/detail_pages/GEM_2025_B_6900600.html
GEM_2025_B_6901791,NIT,,https://www.oil-india.com/download-tender-document?ten_detail=NkVlMXVpSEw2RXFyMmdHdQ%3D%3D,data/raw/oil_india/tenders/detail_pages/GEM_2025_B_6901791.html
GEM_2025_B_6901799,NIT,,https://www.oil-india.com/download-tender-document?ten_detail=NkVld3ZDSEw2RXFyMmdHdQ%3D%3D,data/raw/oil_india/tenders/detail_pages/GEM_2025_B_6901799.html
GEM_2025_B_6901863,NIT,,https://www.oil-india.com/download-tender-document?ten_detail=NlU2L3VTSEw2RXFyMmdHdQ%3D%3D,data/raw/oil_india/tenders/detail_pages/GEM_2025_B_6901863.html
GEM_2025_B_6902459,NIT,,https://www.oil-india.com/download-tender-document?ten_detail=NlU2L3RDSEw2RXFyMmdHdQ%3D%3D,data/raw/oil_india/tenders/detail_pages/GEM_2025_B_6902459.html
GEM_2025_B_6906865,NIT,,https://www.oil-india.com/download-tender-document?ten_detail=NlU2L3V5SEw2RXFyMmdHdQ%3D%3D,data/raw/oil_india/tenders/detail_pages/GEM_2025_B_6906865.html
GEM_2025_B_6908499,NIT,,https://www.oil-india.com/download-tender-document?ten_detail=NkVlMnZTSEw2RXFyMmdHdQ%3D%3D,data/raw/oil_india/tenders/detail_pages/GEM_2025_B_6908499.html
GEM_2025_B_6908770,NIT,,https://www.oil-india.com/download-tender-document?ten_detail=NlU2L3RTSEw2RXFyMmdHdQ%3D%3D,data/raw/oil_india/tenders/detail_pages/GEM_2025_B_6908770.html
GEM_2025_B_6909366,NIT,,https://www.oil-india.com/download-tender-document?ten_detail=NkVlMnZDSEw2RXFyMmdHdQ%3D%3D,data/raw/oil_india/tenders/detail_pages/GEM_2025_B_6909366.html
GEM_2025_B_6909793,NIT,,https://www.oil-india.com/download-tender-document?ten_detail=NkVlMnZ5SEw2RXFyMmdHdQ%3D%3D,data/raw/oil_india/tenders/detail_pages/GEM_2025_B_6909793.html
GEM_2025_B_6909851,NIT,,https://www.oil-india.com/download-tender-document?ten_detail=NkVlMnRDSEw2RXFyMmdHdQ%3D%3D,data/raw/oil_india/tenders/detail_pages/GEM_2025_B_6909851.html
GEM_2025_B_6911823,NIT,,https://www.oil-india.com/download-tender-document?ten_detail=NkVlM3Z5SEw2RXFyMmdHdQ%3D%3D,data/raw/oil_india/tenders/detail_pages/GEM_2025_B_6911823.html
GEM_2025_B_6912473,NIT,,https://www.oil-india.com/download-tender-document?ten_detail=NkVlMXZDSEw2RXFyMmdHdQ%3D%3D,data/raw/oil_india/tenders/detail_pages/GEM_2025_B_6912473.html
GEM_2025_B_6912976,NIT,,https://www.oil-india.com/download-tender-document?ten_detail=NkVlMnVpSEw2RXFyMmdHdQ%3D%3D,data/raw/oil_india/tenders/detail_pages/GEM_2025_B_6912976.html
GEM_2025_B_6913072,NIT,,https://www.oil-india.com/download-tender-document?ten_detail=NkVlMnV5SEw2RXFyMmdHdQ%3D%3D,data/raw/oil_india/tenders/detail_pages/GEM_2025_B_6913072.html
GEM_2025_B_6913198,NIT,,https://www.oil-india.com/download-tender-document?ten_detail=NkVlMnRTSEw2RXFyMmdHdQ%3D%3D,data/raw/oil_india/tenders/detail_pages/GEM_2025_B_6913198.html
GEM_2025_B_6913259,NIT,,https://www.oil-india.com/download-tender-document?ten_detail=NkVlMHRDSEw2RXFyMmdHdQ%3D%3D,data/raw/oil_india/tenders/detail_pages/GEM_2025_B_6913259.html
GEM_2025_B_6913693,NIT,,https://www.oil-india.com/download-tender-document?ten_detail=NkVlMXZTSEw2RXFyMmdHdQ%3D%3D,data/raw/oil_india/tenders/detail_pages/GEM_2025_B_6913693.html
GEM_2025_B_6918023,NIT,,https://www.oil-india.com/download-tender-document?ten_detail=NkVlM3VTSEw2RXFyMmdHdQ%3D%3D,data/raw/oil_india/tenders/detail_pages/GEM_2025_B_6918023.html
GEM_2025_B_6919047,NIT,,https://www.oil-india.com/download-tender-document?ten_detail=NkVlMHZ5SEw2RXFyMmdHdQ%3D%3D,data/raw/oil_india/tenders/detail_pages/GEM_2025_B_6919047.html
GEM_2025_B_6920033,NIT,,https://www.oil-india.com/download-tender-document?ten_detail=NkVlM3V5SEw2RXFyMmdHdQ%3D%3D,data/raw/oil_india/tenders/detail_pages/GEM_2025_B_6920033.html
GEM_2025_B_6923828,NIT,,https://www.oil-india.com/download-tender-document?ten_detail=NkVlM3VpSEw2RXFyMmdHdQ%3D%3D,data/raw/oil_india/tenders/detail_pages/GEM_2025_B_6923828.html
GEM_2025_B_6926145,NIT,,https://www.oil-india.com/download-tender-document?ten_detail=NkVlMHZTSEw2RXFyMmdHdQ%3D%3D,data/raw/oil_india/tenders/detail_pages/GEM_2025_B_6926145.html
GEM_2025_B_6926362,NIT,,https://www.oil-india.com/download-tender-document?ten_detail=NkVlM3RDSEw2RXFyMmdHdQ%3D%3D,data/raw/oil_india/tenders/detail_pages/GEM_2025_B_6926362.html
GEM_2025_B_6927739,NIT,,https://www.oil-india.com/download-tender-document?ten_detail=NkVlMHVpSEw2RXFyMmdHdQ%3D%3D,data/raw/oil_india/tenders/detail_pages/GEM_2025_B_6927739.html
GEM_2025_B_6928289,NIT,,https://www.oil-india.com/download-tender-document?ten_detail=NkVlM3RTSEw2RXFyMmdHdQ%3D%3D,data/raw/oil_india/tenders/detail_pages/GEM_2025_B_6928289.html
GEM_2025_B_6928499,NIT,,https://www.oil-india.com/download-tender-document?ten_detail=NkVlMHZDSEw2RXFyMmdHdQ%3D%3D,data/raw/oil_india/tenders/detail_pages/GEM_2025_B_6928499.html
GEM_2025_B_6932471,NIT,,https://www.oil-india.com/download-tender-document?ten_detail=NkVlMHRTSEw2RXFyMmdHdQ%3D%3D,data/raw/oil_india/tenders/detail_pages/GEM_2025_B_6932471.html
GEM_2025_B_6936849,NIT,,https://www.oil-india.com/download-tender-document?ten_detail=NkVlMXVTSEw2RXFyMmdHdQ%3D%3D,data/raw/oil_india/tenders/detail_pages/GEM_2025_B_6936849.html
GEM_2025_B_6936955,NIT,,https://www.oil-india.com/download-tender-document?ten_detail=NkVlMXVDSEw2RXFyMmdHdQ%3D%3D,data/raw/oil_india/tenders/detail_pages/GEM_2025_B_6936955.html
GEM_2025_B_6939712,NIT,,https://www.oil-india.com/download-tender-document?ten_detail=NkVlMXZ5SEw2RXFyMmdHdQ%3D%3D,data/raw/oil_india/tenders/detail_pages/GEM_2025_B_6939712.html
GEM_2025_B_6943539,NIT,,https://www.oil-india.com/download-tender-document?ten_detail=NkVleXZ5SEw2RXFyMmdHdQ%3D%3D,data/raw/oil_india/tenders/detail_pages/GEM_2025_B_6943539.html
GEM_2025_B_6944188,NIT,,https://www.oil-india.com/download-tender-document?ten_detail=NkVlMXRTSEw2RXFyMmdHdQ%3D%3D,data/raw/oil_india/tenders/detail_pages/GEM_2025_B_6944188.html
GEM_2025_B_6949473,NIT,,https://www.oil-india.com/download-tender-document?ten_detail=NkVleXZTSEw2RXFyMmdHdQ%3D%3D,data/raw/oil_india/tenders/detail_pages/GEM_2025_B_6949473.html
GEM_2025_B_6951986,NIT,,https://www.oil-india.com/download-tender-document?ten_detail=NkVleXZDSEw2RXFyMmdHdQ%3D%3D,data/raw/oil_india/tenders/detail_pages/GEM_2025_B_6951986.html
GEM_2025_B_6954349,NIT,,https://www.oil-india.com/download-tender-document?ten_detail=NkVlenVDSEw2RXFyMmdHdQ%3D%3D,data/raw/oil_india/tenders/detail_pages/GEM_2025_B_6954349.html
GEM_2025_B_6955492,NIT,,https://www.oil-india.com/download-tender-document?ten_detail=NkVleXRTSEw2RXFyMmdHdQ%3D%3D,data/raw/oil_india/tenders/detail_pages/GEM_2025_B_6955492.html
GEM_2025_B_6955796,NIT,,https://www.oil-india.com/download-tender-document?ten_detail=NkVleXVDSEw2RXFyMmdHdQ%3D%3D,data/raw/oil_india/tenders/detail_pages/GEM_2025_B_6955796.html
GEM_2025_B_6956258,NIT,,https://www.oil-india.com/download-tender-document?ten_detail=NkVleXV5SEw2RXFyMmdHdQ%3D%3D,data/raw/oil_india/tenders/detail_pages/GEM_2025_B_6956258.html
GEM_2025_B_6957134,NIT,,https://www.oil-india.com/download-tender-document?ten_detail=NkVleXVpSEw2RXFyMmdHdQ%3D%3D,data/raw/oil_india/tenders/detail_pages/GEM_2025_B_6957134.html
GEM_2025_B_6958340,NIT,,https://www.oil-india.com/download-tender-document?ten_detail=NkVld3VTSEw2RXFyMmdHdQ%3D%3D,data/raw/oil_india/tenders/detail_pages/GEM_2025_B_6958340.html
GEM_2025_B_6958497,NIT,,https://www.oil-india.com/download-tender-document?ten_detail=NkVld3VDSEw2RXFyMmdHdQ%3D%3D,data/raw/oil_india/tenders/detail_pages/GEM_2025_B_6958497.html
GEM_2025_B_6958690,NIT,,https://www.oil-india.com/download-tender-document?ten_detail=NkVleHZpSEw2RXFyMmdHdQ%3D%3D,data/raw/oil_india/tenders/detail_pages/GEM_2025_B_6958690.html
GEM_2025_B_6958881,NIT,,https://www.oil-india.com/download-tender-document?ten_detail=NkVlenZ5SEw2RXFyMmdHdQ%3D%3D,data/raw/oil_india/tenders/detail_pages/GEM_2025_B_6958881.html
GEM_2025_B_6959204,NIT,,https://www.oil-india.com/download-tender-document?ten_detail=NkVleXRDSEw2RXFyMmdHdQ%3D%3D,data/raw/oil_india/tenders/detail_pages/GEM_2025_B_6959204.html
GEM_2025_B_6960176,NIT,,https://www.oil-india.com/download-tender-document?ten_detail=NkVlenZTSEw2RXFyMmdHdQ%3D%3D,data/raw/oil_india/tenders/detail_pages/GEM_2025_B_6960176.html
GEM_2025_B_6960402,NIT,,https://www.oil-india.com/download-tender-document?ten_detail=NkVleHVTSEw2RXFyMmdHdQ%3D%3D,data/raw/oil_india/tenders/detail_pages/GEM_2025_B_6960402.html
GEM_2025_B_6960516,NIT,,https://www.oil-india.com/download-tender-document?ten_detail=NkVleHZ5SEw2RXFyMmdHdQ%3D%3D,data/raw/oil_india/tenders/detail_pages/GEM_2025_B_6960516.html
GEM_2025_B_6963071,NIT,,https://www.oil-india.com/download-tender-document?ten_detail=NkVlenVTSEw2RXFyMmdHdQ%3D%3D,data/raw/oil_india/tenders/detail_pages/GEM_2025_B_6963071.html
GEM_2025_B_6963468,NIT,,https://www.oil-india.com/download-tender-document?ten_detail=NkVlenV5SEw2RXFyMmdHdQ%3D%3D,data/raw/oil_india/tenders/detail_pages/GEM_2025_B_6963468.html
GEM_2025_B_6965349,NIT,,https://www.oil-india.com/download-tender-document?ten_detail=NkVlK3VpSEw2RXFyMmdHdQ%3D%3D,data/raw/oil_india/tenders/detail_pages/GEM_2025_B_6965349.html
GEM_2025_B_6967365,NIT,,https://www.oil-india.com/download-tender-document?ten_detail=NkVld3ZpSEw2RXFyMmdHdQ%3D%3D,data/raw/oil_india/tenders/detail_pages/GEM_2025_B_6967365.html
GEM_2025_B_6977311,NIT,,https://www.oil-india.com/download-tender-document?ten_detail=NkVld3VpSEw2RXFyMmdHdQ%3D%3D,data/raw/oil_india/tenders/detail_pages/GEM_2025_B_6977311.html
GEM_2025_B_6980768,NIT,,https://www.oil-india.com/download-tender-document?ten_detail=NkVld3RDSEw2RXFyMmdHdQ%3D%3D,data/raw/oil_india/tenders/detail_pages/GEM_2025_B_6980768.html
GEM_2025_B_6981172,NIT,,https://www.oil-india.com/download-tender-document?ten_detail=NkVlK3VTSEw2RXFyMmdHdQ%3D%3D,data/raw/oil_india/tenders/detail_pages/GEM_2025_B_6981172.html
GEM_2025_B_6981622,NIT,,https://www.oil-india.com/download-tender-document?ten_detail=NkVleHZTSEw2RXFyMmdHdQ%3D%3D,data/raw/oil_india/tenders/detail_pages/GEM_2025_B_6981622.html
GEM_2025_B_6984355,NIT,,https://www.oil-india.com/download-tender-document?ten_detail=NkVleHVpSEw2RXFyMmdHdQ%3D%3D,data/raw/oil_india/tenders/detail_pages/GEM_2025_B_6984355.html
GEM_2025_B_6984501,NIT,,https://www.oil-india.com/download-tender-document?ten_detail=NkVlK3ZTSEw2RXFyMmdHdQ%3D%3D,data/raw/oil_india/tenders/detail_pages/GEM_2025_B_6984501.html
GEM_2025_B_6985045,NIT,,https://www.oil-india.com/download-tender-document?ten_detail=NkVlK3Z5SEw2RXFyMmdHdQ%3D%3D,data/raw/oil_india/tenders/detail_pages/GEM_2025_B_6985045.html
GEM_2025_B_6985242,NIT,,https://www.oil-india.com/download-tender-document?ten_detail=NkVleHRTSEw2RXFyMmdHdQ%3D%3D,data/raw/oil_india/tenders/detail_pages/GEM_2025_B_6985242.html
GEM_2025_B_6986935,NIT,,https://www.oil-india.com/download-tender-document?ten_detail=NkVlL3ZTSEw2RXFyMmdHdQ%3D%3D,data/raw/oil_india/tenders/detail_pages/GEM_2025_B_6986935.html
GEM_2025_B_6987047,NIT,,https://www.oil-india.com/download-tender-document?ten_detail=NkVleHRDSEw2RXFyMmdHdQ%3D%3D,data/raw/oil_india/tenders/detail_pages/GEM_2025_B_6987047.html
GEM_2025_B_6987239,NIT,,https://www.oil-india.com/download-tender-document?ten_detail=NkVlK3ZDSEw2RXFyMmdHdQ%3D%3D,data/raw/oil_india/tenders/detail_pages/GEM_2025_B_6987239.html
GEM_2025_B_6989608,NIT,,https://www.oil-india.com/download-tender-document?ten_detail=NkVlK3ZpSEw2RXFyMmdHdQ%3D%3D,data/raw/oil_india/tenders/detail_pages/GEM_2025_B_6989608.html
GEM_2025_B_6989810,NIT,,https://www.oil-india.com/download-tender-document?ten_detail=NkVlK3VDSEw2RXFyMmdHdQ%3D%3D,data/raw/oil_india/tenders/detail_pages/GEM_2025_B_6989810.html
GEM_2025_B_6990329,NIT,,https://www.oil-india.com/download-tender-document?ten_detail=NkVlK3RTSEw2RXFyMmdHdQ%3D%3D,data/raw/oil_india/tenders/detail_pages/GEM_2025_B_6990329.html
GEM_2025_B_6992598,NIT,,https://www.oil-india.com/download-tender-document?ten_detail=NkVlK3RDSEw2RXFyMmdHdQ%3D%3D,data/raw/oil_india/tenders/detail_pages/GEM_2025_B_6992598.html
GEM_2025_B_6992608,NIT,,https://www.oil-india.com/download-tender-document?ten_detail=NkVlL3ZDSEw2RXFyMmdHdQ%3D%3D,data/raw/oil_india/tenders/detail_pages/GEM_2025_B_6992608.html
GEM_2025_B_6992617,NIT,,https://www.oil-india.com/download-tender-document?ten_detail=NkVlL3ZpSEw2RXFyMmdHdQ%3D%3D,data/raw/oil_india/tenders/detail_pages/GEM_2025_B_6992617.html
GEM_2025_B_6992625,NIT,,https://www.oil-india.com/download-tender-document?ten_detail=NkVlL3Z5SEw2RXFyMmdHdQ%3D%3D,data/raw/oil_india/tenders/detail_pages/GEM_2025_B_6992625.html
GEM_2025_B_6994316,NIT,,https://www.oil-india.com/download-tender-document?ten_detail=NkVlL3VDSEw2RXFyMmdHdQ%3D%3D,data/raw/oil_india/tenders/detail_pages/GEM_2025_B_6994316.html
GEM_2025_B_6997599,NIT,,https://www.oil-india.com/download-tender-document?ten_detail=NkVhMnVpSEw2RXFyMmdHdQ%3D%3D,data/raw/oil_india/tenders/detail_pages/GEM_2025_B_6997599.html
GEM_2025_B_6997655,NIT,,https://www.oil-india.com/download-tender-document?ten_detail=NkVhMnV5SEw2RXFyMmdHdQ%3D%3D,data/raw/oil_india/tenders/detail_pages/GEM_2025_B_6997655.html
GEM_2025_B_6997658,NIT,,https://www.oil-india.com/download-tender-document?ten_detail=NkVlL3RTSEw2RXFyMmdHdQ%3D%3D,data/raw/oil_india/tenders/detail_pages/GEM_2025_B_6997658.html
GEM_2025_B_6997751,NIT,,https://www.oil-india.com/download-tender-document?ten_detail=NkVhMnZpSEw2RXFyMmdHdQ%3D%3D,data/raw/oil_india/tenders/detail_pages/GEM_2025_B_6997751.html
GEM_2025_B_6997786,NIT,,https://www.oil-india.com/download-tender-document?ten_detail=NkVhMnZTSEw2RXFyMmdHdQ%3D%3D,data/raw/oil_india/tenders/detail_pages/GEM_2025_B_6997786.html
GEM_2025_B_6997882,NIT,,https://www.oil-india.com/download-tender-document?ten_detail=NkVhMnZ5SEw2RXFyMmdHdQ%3D%3D,data/raw/oil_india/tenders/detail_pages/GEM_2025_B_6997882.html
GEM_2025_B_6997947,NIT,,https://www.oil-india.com/download-tender-document?ten_detail=NkVhM3ZDSEw2RXFyMmdHdQ%3D%3D,data/raw/oil_india/tenders/detail_pages/GEM_2025_B_6997947.html
GEM_2025_B_6997995,NIT,,https://www.oil-india.com/download-tender-document?ten_detail=NkVhMnZDSEw2RXFyMmdHdQ%3D%3D,data/raw/oil_india/tenders/detail_pages/GEM_2025_B_6997995.html
GEM_2025_B_6998169,NIT,,https://www.oil-india.com/download-tender-document?ten_detail=NkVlL3RDSEw2RXFyMmdHdQ%3D%3D,data/raw/oil_india/tenders/detail_pages/GEM_2025_B_6998169.html
GEM_2025_B_7001325,NIT,,https://www.oil-india.com/download-tender-document?ten_detail=NkVhMnRTSEw2RXFyMmdHdQ%3D%3D,data/raw/oil_india/tenders/detail_pages/GEM_2025_B_7001325.html
GEM_2025_B_7003883,NIT,,https://www.oil-india.com/download-tender-document?ten_detail=NkVhM3ZTSEw2RXFyMmdHdQ%3D%3D,data/raw/oil_india/tenders/detail_pages/GEM_2025_B_7003883.html
GEM_2025_B_7005865,NIT,,https://www.oil-india.com/download-tender-document?ten_detail=NkVhMnVTSEw2RXFyMmdHdQ%3D%3D,data/raw/oil_india/tenders/detail_pages/GEM_2025_B_7005865.html
GEM_2025_B_7005950,NIT,,https://www.oil-india.com/download-tender-document?ten_detail=NkVhMnVDSEw2RXFyMmdHdQ%3D%3D,data/raw/oil_india/tenders/detail_pages/GEM_2025_B_7005950.html
GEM_2025_B_7008584,NIT,,https://www.oil-india.com/download-tender-document?ten_detail=NkVhM3Z5SEw2RXFyMmdHdQ%3D%3D,data/raw/oil_india/tenders/detail_pages/GEM_2025_B_7008584.html
GEM_2025_B_7008770,NIT,,https://www.oil-india.com/download-tender-document?ten_detail=NkVhM3VpSEw2RXFyMmdHdQ%3D%3D,data/raw/oil_india/tenders/detail_pages/GEM_2025_B_7008770.html
GEM_2025_B_7010661,NIT,,https://www.oil-india.com/download-tender-document?ten_detail=NkVheXZpSEw2RXFyMmdHdQ%3D%3D,data/raw/oil_india/tenders/detail_pages/GEM_2025_B_7010661.html
GEM_2025_B_7010876,NIT,,https://www.oil-india.com/download-tender-document?ten_detail=NkVhM3ZpSEw2RXFyMmdHdQ%3D%3D,data/raw/oil_india/tenders/detail_pages/GEM_2025_B_7010876.html
GEM_2025_B_7013159,NIT,,https://www.oil-india.com/download-tender-document?ten_detail=NkVhM3RDSEw2RXFyMmdHdQ%3D%3D,data/raw/oil_india/tenders/detail_pages/GEM_2025_B_7013159.html
GEM_2025_B_7013208,NIT,,https://www.oil-india.com/download-tender-document?ten_detail=NkVhMHVDSEw2RXFyMmdHdQ%3D%3D,data/raw/oil_india/tenders/detail_pages/GEM_2025_B_7013208.html
GEM_2025_B_7013321,NIT,,https://www.oil-india.com/download-tender-document?ten_detail=NkVhK3Z5SEw2RXFyMmdHdQ%3D%3D,data/raw/oil_india/tenders/detail_pages/GEM_2025_B_7013321.html
GEM_2025_B_7013511,NIT,,https://www.oil-india.com/download-tender-document?ten_detail=NkVhM3RTSEw2RXFyMmdHdQ%3D%3D,data/raw/oil_india/tenders/detail_pages/GEM_2025_B_7013511.html
GEM_2025_B_7013797,NIT,,https://www.oil-india.com/download-tender-document?ten_detail=NkVhMHZTSEw2RXFyMmdHdQ%3D%3D,data/raw/oil_india/tenders/detail_pages/GEM_2025_B_7013797.html
GEM_2025_B_7013983,NIT,,https://www.oil-india.com/download-tender-document?ten_detail=NkVhMHZ5SEw2RXFyMmdHdQ%3D%3D,data/raw/oil_india/tenders/detail_pages/GEM_2025_B_7013983.html
GEM_2025_B_7014156,NIT,,https://www.oil-india.com/download-tender-document?ten_detail=NkVhMHZDSEw2RXFyMmdHdQ%3D%3D,data/raw/oil_india/tenders/detail_pages/GEM_2025_B_7014156.html
GEM_2025_B_7015802,NIT,,https://www.oil-india.com/download-tender-document?ten_detail=NkVhMXZ5SEw2RXFyMmdHdQ%3D%3D,data/raw/oil_india/tenders/detail_pages/GEM_2025_B_7015802.html
GEM_2025_B_7015819,NIT,,https://www.oil-india.com/download-tender-document?ten_detail=NkVheHZpSEw2RXFyMmdHdQ%3D%3D,data/raw/oil_india/tenders/detail_pages/GEM_2025_B_7015819.html
GEM_2025_B_7015991,NIT,,https://www.oil-india.com/download-tender-document?ten_detail=NkVhMXZpSEw2RXFyMmdHdQ%3D%3D,data/raw/oil_india/tenders/detail_pages/GEM_2025_B_7015991.html
GEM_2025_B_7016015,NIT,,https://www.oil-india.com/download-tender-document?ten_detail=NkVhMHVTSEw2RXFyMmdHdQ%3D%3D,data/raw/oil_india/tenders/detail_pages/GEM_2025_B_7016015.html
GEM_2025_B_7016034,NIT,,https://www.oil-india.com/download-tender-document?ten_detail=NkVhMHZpSEw2RXFyMmdHdQ%3D%3D,data/raw/oil_india/tenders/detail_pages/GEM_2025_B_7016034.html
GEM_2025_B_7016192,NIT,,https://www.oil-india.com/download-tender-document?ten_detail=NkVhMXVTSEw2RXFyMmdHdQ%3D%3D,data/raw/oil_india/tenders/detail_pages/GEM_2025_B_7016192.html
GEM_2025_B_7016653,NIT,,https://www.oil-india.com/download-tender-document?ten_detail=NkVhMHVpSEw2RXFyM1FZPQ%3D%3D,data/raw/oil_india/tenders/detail_pages/GEM_2025_B_7016653.html
GEM_2025_B_7017812,NIT,,https://www.oil-india.com/download-tender-document?ten_detail=NkVhMXZDSEw2RXFyMmdHdQ%3D%3D,data/raw/oil_india/tenders/detail_pages/GEM_2025_B_7017812.html
GEM_2025_B_7018025,NIT,,https://www.oil-india.com/download-tender-document?ten_detail=NkVhMHRDSEw2RXFyMmdHdQ%3D%3D,data/raw/oil_india/tenders/detail_pages/GEM_2025_B_7018025.html
GEM_2025_B_7018031,NIT,,https://www.oil-india.com/download-tender-document?ten_detail=NkVhMHRTSEw2RXFyMmdHdQ%3D%3D,data/raw/oil_india/tenders/detail_pages/GEM_2025_B_7018031.html
GEM_2025_B_7021159,NIT,,https://www.oil-india.com/download-tender-document?ten_detail=NkVhL3ZDSEw2RXFyMmdHdQ%3D%3D,data/raw/oil_india/tenders/detail_pages/GEM_2025_B_7021159.html
GEM_2025_B_7023005,NIT,,https://www.oil-india.com/download-tender-document?ten_detail=NkVhMXRDSEw2RXFyMmdHdQ%3D%3D,data/raw/oil_india/tenders/detail_pages/GEM_2025_B_7023005.html
GEM_2025_B_7023318,NIT,,https://www.oil-india.com/download-tender-document?ten_detail=NkVheXZTSEw2RXFyMmdHdQ%3D%3D,data/raw/oil_india/tenders/detail_pages/GEM_2025_B_7023318.html
GEM_2025_B_7023665,NIT,,https://www.oil-india.com/download-tender-document?ten_detail=NkVheXZDSEw2RXFyMmdHdQ%3D%3D,data/raw/oil_india/tenders/detail_pages/GEM_2025_B_7023665.html
GEM_2025_B_7024121,NIT,,https://www.oil-india.com/download-tender-document?ten_detail=NkVheXZ5SEw2RXFyMmdHdQ%3D%3D,data/raw/oil_india/tenders/detail_pages/GEM_2025_B_7024121.html
GEM_2025_B_7024552,NIT,,https://www.oil-india.com/download-tender-document?ten_detail=NkVheXV5SEw2RXFyMlFXdg%3D%3D,data/raw/oil_india/tenders/detail_pages/GEM_2025_B_7024552.html
GEM_2025_B_7029511,NIT,,https://www.oil-india.com/download-tender-document?ten_detail=NkVheXRTSEw2RXFyMmdHdQ%3D%3D,data/raw/oil_india/tenders/detail_pages/GEM_2025_B_7029511.html
GEM_2025_B_7029527,NIT,,https://www.oil-india.com/download-tender-document?ten_detail=NkVheXVpSEw2RXFyMmdHdQ%3D%3D,data/raw/oil_india/tenders/detail_pages/GEM_2025_B_7029527.html
GEM_2025_B_7031226,NIT,,https://www.oil-india.com/download-tender-document?ten_detail=NkVhenZTSEw2RXFyMmdHdQ%3D%3D,data/raw/oil_india/tenders/detail_pages/GEM_2025_B_7031226.html
GEM_2025_B_7031284,NIT,,https://www.oil-india.com/download-tender-document?ten_detail=NkVhenZDSEw2RXFyMmdHdQ%3D%3D,data/raw/oil_india/tenders/detail_pages/GEM_2025_B_7031284.html
GEM_2025_B_7031298,NIT,,https://www.oil-india.com/download-tender-document?ten_detail=NkVhd3ZDSEw2RXFyMmdHdQ%3D%3D,data/raw/oil_india/tenders/detail_pages/GEM_2025_B_7031298.html
GEM_2025_B_7031396,NIT,,https://www.oil-india.com/download-tender-document?ten_detail=NkVhenZpSEw2RXFyMlFXdg%3D%3D,data/raw/oil_india/tenders/detail_pages/GEM_2025_B_7031396.html
GEM_2025_B_7031528,NIT,,https://www.oil-india.com/download-tender-document?ten_detail=NkVhenRTSEw2RXFyMmdHdQ%3D%3D,data/raw/oil_india/tenders/detail_pages/GEM_2025_B_7031528.html
GEM_2025_B_7032256,NIT,,https://www.oil-india.com/download-tender-document?ten_detail=NkVhenVTSEw2RXFyMmdHdQ%3D%3D,data/raw/oil_india/tenders/detail_pages/GEM_2025_B_7032256.html
GEM_2025_B_7033591,NIT,,https://www.oil-india.com/download-tender-document?ten_detail=NkVhenVDSEw2RXFyMmdHdQ%3D%3D,data/raw/oil_india/tenders/detail_pages/GEM_2025_B_7033591.html
GEM_2025_B_7033592,NIT,,https://www.oil-india.com/download-tender-document?ten_detail=NkVhenVpSEw2RXFyMmdHdQ%3D%3D,data/raw/oil_india/tenders/detail_pages/GEM_2025_B_7033592.html
GEM_2025_B_7033598,NIT,,https://www.oil-india.com/download-tender-document?ten_detail=NkVhenV5SEw2RXFyMmdHdQ%3D%3D,data/raw/oil_india/tenders/detail_pages/GEM_2025_B_7033598.html
GEM_2025_B_7033606,NIT,,https://www.oil-india.com/download-tender-document?ten_detail=NkVhenRDSEw2RXFyMmdHdQ%3D%3D,data/raw/oil_india/tenders/detail_pages/GEM_2025_B_7033606.html
GEM_2025_B_7033757,NIT,,https://www.oil-india.com/download-tender-document?ten_detail=NkVhd3ZTSEw2RXFyMmdHdQ%3D%3D,data/raw/oil_india/tenders/detail_pages/GEM_2025_B_7033757.html
GEM_2025_B_7036040,NIT,,https://www.oil-india.com/download-tender-document?ten_detail=NkVheHVpSEw2RXFyMmdHdQ%3D%3D,data/raw/oil_india/tenders/detail_pages/GEM_2025_B_7036040.html
GEM_2025_B_7036159,NIT,,https://www.oil-india.com/download-tender-document?ten_detail=NkVhd3Z5SEw2RXFyMmdHdQ%3D%3D,data/raw/oil_india/tenders/detail_pages/GEM_2025_B_7036159.html
GEM_2025_B_7036309,NIT,,https://www.oil-india.com/download-tender-document?ten_detail=NkVhd3VTSEw2RXFyMmdHdQ%3D%3D,data/raw/oil_india/tenders/detail_pages/GEM_2025_B_7036309.html
GEM_2025_B_7036351,NIT,,https://www.oil-india.com/download-tender-document?ten_detail=NkVhd3V5SEw2RXFyMmdHdQ%3D%3D,data/raw/oil_india/tenders/detail_pages/GEM_2025_B_7036351.html
GEM_2025_B_7037748,NIT,,https://www.oil-india.com/download-tender-document?ten_detail=NkVhd3ZpSEw2RXFyMmdHdQ%3D%3D,data/raw/oil_india/tenders/detail_pages/GEM_2025_B_7037748.html
GEM_2025_B_7038591,NIT,,https://www.oil-india.com/download-tender-document?ten_detail=NkVhd3VDSEw2RXFyMmdHdQ%3D%3D,data/raw/oil_india/tenders/detail_pages/GEM_2025_B_7038591.html
GEM_2025_B_7040398,NIT,,https://www.oil-india.com/download-tender-document?ten_detail=NkVheHZ5SEw2RXFyMmdHdQ%3D%3D,data/raw/oil_india/tenders/detail_pages/GEM_2025_B_7040398.html
GEM_2025_B_7044016,NIT,,https://www.oil-india.com/download-tender-document?ten_detail=NkVhd3RDSEw2RXFyMmdHdQ%3D%3D,data/raw/oil_india/tenders/detail_pages/GEM_2025_B_7044016.html
GEM_2025_B_7044198,NIT,,https://www.oil-india.com/download-tender-document?ten_detail=NkVXd3Z5SEw2RXFyMmdHdQ%3D%3D,data/raw/oil_india/tenders/detail_pages/GEM_2025_B_7044198.html
GEM_2025_B_7050810,NIT,,https://www.oil-india.com/download-tender-document?ten_detail=NkVheHVDSEw2RXFyMmdHdQ%3D%3D,data/raw/oil_india/tenders/detail_pages/GEM_2025_B_7050810.html
GEM_2025_B_7052622,NIT,,https://www.oil-india.com/download-tender-document?ten_detail=NkVheHV5SEw2RXFyMmdHdQ%3D%3D,data/raw/oil_india/tenders/detail_pages/GEM_2025_B_7052622.html
GEM_2025_B_7052811,NIT,,https://www.oil-india.com/download-tender-document?ten_detail=NkVheHVTSEw2RXFyMmdHdQ%3D%3D,data/raw/oil_india/tenders/detail_pages/GEM_2025_B_7052811.html
GEM_2025_B_7054368,NIT,,https://www.oil-india.com/download-tender-document?ten_detail=NkVhK3ZpSEw2RXFyMmdHdQ%3D%3D,data/raw/oil_india/tenders/detail_pages/GEM_2025_B_7054368.html
GEM_2025_B_7055883,NIT,,https://www.oil-india.com/download-tender-document?ten_detail=NkVheHRTSEw2RXFyMmdHdQ%3D%3D,data/raw/oil_india/tenders/detail_pages/GEM_2025_B_7055883.html
GEM_2025_B_7057803,NIT,,https://www.oil-india.com/download-tender-document?ten_detail=NkVhK3ZDSEw2RXFyMmdHdQ%3D%3D,data/raw/oil_india/tenders/detail_pages/GEM_2025_B_7057803.html
GEM_2026_B_,NIT,,https://www.oil-india.com/download-tender-document?ten_detail=NkVLMHVDSEw2RXFyMmdHdQ%3D%3D,data/raw/oil_india/tenders/detail_pages/GEM_2026_B_.html
GEM_2026_B_7008414,NIT,,https://www.oil-india.com/download-tender-document?ten_detail=NkVXeHRTSEw2RXFyMmdHdQ%3D%3D,data/raw/oil_india/tenders/detail_pages/GEM_2026_B_7008414.html
GEM_2026_B_7063035,NIT,,https://www.oil-india.com/download-tender-document?ten_detail=NkVhL3ZpSEw2RXFyM1FZPQ%3D%3D,data/raw/oil_india/tenders/detail_pages/GEM_2026_B_7063035.html
GEM_2026_B_7065994,NIT,,https://www.oil-india.com/download-tender-document?ten_detail=NkVhK3V5SEw2RXFyMmdHdQ%3D%3D,data/raw/oil_india/tenders/detail_pages/GEM_2026_B_7065994.html
GEM_2026_B_7066214,NIT,,https://www.oil-india.com/download-tender-document?ten_detail=NkVhK3VTSEw2RXFyMmdHdQ%3D%3D,data/raw/oil_india/tenders/detail_pages/GEM_2026_B_7066214.html
GEM_2026_B_7075139,NIT,,https://www.oil-india.com/download-tender-document?ten_detail=NkVhK3VpSEw2RXFyMmdHdQ%3D%3D,data/raw/oil_india/tenders/detail_pages/GEM_2026_B_7075139.html
GEM_2026_B_7075142,NIT,,https://www.oil-india.com/download-tender-document?ten_detail=NkVXMnRDSEw2RXFyMmdHdQ%3D%3D,data/raw/oil_india/tenders/detail_pages/GEM_2026_B_7075142.html
GEM_2026_B_7075207,NIT,,https://www.oil-india.com/download-tender-document?ten_detail=NkVhK3RDSEw2RXFyMmdHdQ%3D%3D,data/raw/oil_india/tenders/detail_pages/GEM_2026_B_7075207.html
GEM_2026_B_7075240,NIT,,https://www.oil-india.com/download-tender-document?ten_detail=NkVhK3RTSEw2RXFyMmdHdQ%3D%3D,data/raw/oil_india/tenders/detail_pages/GEM_2026_B_7075240.html
GEM_2026_B_7075477,NIT,,https://www.oil-india.com/download-tender-document?ten_detail=NkVhL3ZTSEw2RXFyMmdHdQ%3D%3D,data/raw/oil_india/tenders/detail_pages/GEM_2026_B_7075477.html
GEM_2026_B_7077999,NIT,,https://www.oil-india.com/download-tender-document?ten_detail=NkVXMnZDSEw2RXFyMmdHdQ%3D%3D,data/raw/oil_india/tenders/detail_pages/GEM_2026_B_7077999.html
GEM_2026_B_7081303,NIT,,https://www.oil-india.com/download-tender-document?ten_detail=NkVhL3VDSEw2RXFyMmdHdQ%3D%3D,data/raw/oil_india/tenders/detail_pages/GEM_2026_B_7081303.html
GEM_2026_B_7084528,NIT,,https://www.oil-india.com/download-tender-document?ten_detail=NkVhL3RDSEw2RXFyMmdHdQ%3D%3D,data/raw/oil_india/tenders/detail_pages/GEM_2026_B_7084528.html
GEM_2026_B_7086119,NIT,,https://www.oil-india.com/download-tender-document?ten_detail=NkVhL3RTSEw2RXFyMmdHdQ%3D%3D,data/raw/oil_india/tenders/detail_pages/GEM_2026_B_7086119.html
GEM_2026_B_7086297,NIT,,https://www.oil-india.com/download-tender-document?ten_detail=NkVXeXZTSEw2RXFyMmdHdQ%3D%3D,data/raw/oil_india/tenders/detail_pages/GEM_2026_B_7086297.html
GEM_2026_B_7086470,NIT,,https://www.oil-india.com/download-tender-document?ten_detail=NkVXMnZTSEw2RXFyMmdHdQ%3D%3D,data/raw/oil_india/tenders/detail_pages/GEM_2026_B_7086470.html
GEM_2026_B_7089213,NIT,,https://www.oil-india.com/download-tender-document?ten_detail=NkVXMnZpSEw2RXFyMmdHdQ%3D%3D,data/raw/oil_india/tenders/detail_pages/GEM_2026_B_7089213.html
GEM_2026_B_7092165,NIT,,https://www.oil-india.com/download-tender-document?ten_detail=NkVXMXV5SEw2RXFyMmdHdQ%3D%3D,data/raw/oil_india/tenders/detail_pages/GEM_2026_B_7092165.html
GEM_2026_B_7093943,NIT,,https://www.oil-india.com/download-tender-document?ten_detail=NkVXMXVpSEw2RXFyMmdHdQ%3D%3D,data/raw/oil_india/tenders/detail_pages/GEM_2026_B_7093943.html
GEM_2026_B_7096775,NIT,,https://www.oil-india.com/download-tender-document?ten_detail=NkVXMXVDSEw2RXFyMmdHdQ%3D%3D,data/raw/oil_india/tenders/detail_pages/GEM_2026_B_7096775.html
GEM_2026_B_7096782,NIT,,https://www.oil-india.com/download-tender-document?ten_detail=NkVXMnRTSEw2RXFyMmdHdQ%3D%3D,data/raw/oil_india/tenders/detail_pages/GEM_2026_B_7096782.html
GEM_2026_B_7100298,NIT,,https://www.oil-india.com/download-tender-document?ten_detail=NkVXMHZpSEw2RXFyMmdHdQ%3D%3D,data/raw/oil_india/tenders/detail_pages/GEM_2026_B_7100298.html
GEM_2026_B_7100320,NIT,,https://www.oil-india.com/download-tender-document?ten_detail=NkVXMHVTSEw2RXFyMmdHdQ%3D%3D,data/raw/oil_india/tenders/detail_pages/GEM_2026_B_7100320.html
GEM_2026_B_7100364,NIT,,https://www.oil-india.com/download-tender-document?ten_detail=NkVXM3ZpSEw2RXFyMmdHdQ%3D%3D,data/raw/oil_india/tenders/detail_pages/GEM_2026_B_7100364.html
GEM_2026_B_7101948,NIT,,https://www.oil-india.com/download-tender-document?ten_detail=NkVXeXVpSEw2RXFyMmdHdQ%3D%3D,data/raw/oil_india/tenders/detail_pages/GEM_2026_B_7101948.html
GEM_2026_B_7102434,NIT,,https://www.oil-india.com/download-tender-document?ten_detail=NkVXMHVDSEw2RXFyMmdHdQ%3D%3D,data/raw/oil_india/tenders/detail_pages/GEM_2026_B_7102434.html
GEM_2026_B_7102471,NIT,,https://www.oil-india.com/download-tender-document?ten_detail=NkVXM3Z5SEw2RXFyMmdHdQ%3D%3D,data/raw/oil_india/tenders/detail_pages/GEM_2026_B_7102471.html
GEM_2026_B_7102577,NIT,,https://www.oil-india.com/download-tender-document?ten_detail=NkVXMHVpSEw2RXFyMmdHdQ%3D%3D,data/raw/oil_india/tenders/detail_pages/GEM_2026_B_7102577.html
GEM_2026_B_7102585,NIT,,https://www.oil-india.com/download-tender-document?ten_detail=NkVXM3RTSEw2RXFyMlFXdg%3D%3D,data/raw/oil_india/tenders/detail_pages/GEM_2026_B_7102585.html
GEM_2026_B_7102763,NIT,,https://www.oil-india.com/download-tender-document?ten_detail=NkVTMnVTSEw2RXFyMmdHdQ%3D%3D,data/raw/oil_india/tenders/detail_pages/GEM_2026_B_7102763.html
GEM_2026_B_7103351,NIT,,https://www.oil-india.com/download-tender-document?ten_detail=NkVXM3VTSEw2RXFyMmdHdQ%3D%3D,data/raw/oil_india/tenders/detail_pages/GEM_2026_B_7103351.html
GEM_2026_B_7103836,NIT,,https://www.oil-india.com/download-tender-document?ten_detail=NkVXM3ZDSEw2RXFyMmdHdQ%3D%3D,data/raw/oil_india/tenders/detail_pages/GEM_2026_B_7103836.html
GEM_2026_B_7104447,NIT,,https://www.oil-india.com/download-tender-document?ten_detail=NkVXMHV5SEw2RXFyMmdHdQ%3D%3D,data/raw/oil_india/tenders/detail_pages/GEM_2026_B_7104447.html
GEM_2026_B_7104577,NIT,,https://www.oil-india.com/download-tender-document?ten_detail=NkVXMHRTSEw2RXFyMmdHdQ%3D%3D,data/raw/oil_india/tenders/detail_pages/GEM_2026_B_7104577.html
GEM_2026_B_7104582,NIT,,https://www.oil-india.com/download-tender-document?ten_detail=NkVXMHRDSEw2RXFyMmdHdQ%3D%3D,data/raw/oil_india/tenders/detail_pages/GEM_2026_B_7104582.html
GEM_2026_B_7104787,NIT,,https://www.oil-india.com/download-tender-document?ten_detail=NkVXeXV5SEw2RXFyMmdHdQ%3D%3D,data/raw/oil_india/tenders/detail_pages/GEM_2026_B_7104787.html
GEM_2026_B_7115623,NIT,,https://www.oil-india.com/download-tender-document?ten_detail=NkVXMHZTSEw2RXFyMmdHdQ%3D%3D,data/raw/oil_india/tenders/detail_pages/GEM_2026_B_7115623.html
GEM_2026_B_7116852,NIT,,https://www.oil-india.com/download-tender-document?ten_detail=NkVXMHZDSEw2RXFyMmdHdQ%3D%3D,data/raw/oil_india/tenders/detail_pages/GEM_2026_B_7116852.html
GEM_2026_B_7117941,NIT,,https://www.oil-india.com/download-tender-document?ten_detail=NkVXMHZ5SEw2RXFyMmdHdQ%3D%3D,data/raw/oil_india/tenders/detail_pages/GEM_2026_B_7117941.html
GEM_2026_B_7118504,NIT,,https://www.oil-india.com/download-tender-document?ten_detail=NkVXMXZTSEw2RXFyMmdHdQ%3D%3D,data/raw/oil_india/tenders/detail_pages/GEM_2026_B_7118504.html
GEM_2026_B_7120000,NIT,,https://www.oil-india.com/download-tender-document?ten_detail=NkVXd3ZpSEw2RXFyMmdHdQ%3D%3D,data/raw/oil_india/tenders/detail_pages/GEM_2026_B_7120000.html
GEM_2026_B_7120001,NIT,,https://www.oil-india.com/download-tender-document?ten_detail=NkVXMXZ5SEw2RXFyMmdHdQ%3D%3D,data/raw/oil_india/tenders/detail_pages/GEM_2026_B_7120001.html
GEM_2026_B_7120249,NIT,,https://www.oil-india.com/download-tender-document?ten_detail=NkVXMXZpSEw2RXFyMmdHdQ%3D%3D,data/raw/oil_india/tenders/detail_pages/GEM_2026_B_7120249.html
GEM_2026_B_7120296,NIT,,https://www.oil-india.com/download-tender-document?ten_detail=NkVXenV5SEw2RXFyMmdHdQ%3D%3D,data/raw/oil_india/tenders/detail_pages/GEM_2026_B_7120296.html
GEM_2026_B_7124961,NIT,,https://www.oil-india.com/download-tender-document?ten_detail=NkVXMXRTSEw2RXFyMmdHdQ%3D%3D,data/raw/oil_india/tenders/detail_pages/GEM_2026_B_7124961.html
GEM_2026_B_7126620,NIT,,https://www.oil-india.com/download-tender-document?ten_detail=NkVXMXRDSEw2RXFyMmdHdQ%3D%3D,data/raw/oil_india/tenders/detail_pages/GEM_2026_B_7126620.html
GEM_2026_B_7127510,NIT,,https://www.oil-india.com/download-tender-document?ten_detail=NkVXeXZDSEw2RXFyMmdHdQ%3D%3D,data/raw/oil_india/tenders/detail_pages/GEM_2026_B_7127510.html
GEM_2026_B_7127553,NIT,,https://www.oil-india.com/download-tender-document?ten_detail=NkVXeXZ5SEw2RXFyMmdHdQ%3D%3D,data/raw/oil_india/tenders/detail_pages/GEM_2026_B_7127553.html
GEM_2026_B_7128355,NIT,,https://www.oil-india.com/download-tender-document?ten_detail=NkVXeXVDSEw2RXFyMmdHdQ%3D%3D,data/raw/oil_india/tenders/detail_pages/GEM_2026_B_7128355.html
GEM_2026_B_7128624,NIT,,https://www.oil-india.com/download-tender-document?ten_detail=NkVXenZpSEw2RXFyMmdHdQ%3D%3D,data/raw/oil_india/tenders/detail_pages/GEM_2026_B_7128624.html
GEM_2026_B_7131443,NIT,,https://www.oil-india.com/download-tender-document?ten_detail=NkVXeXZpSEw2RXFyMmdHdQ%3D%3D,data/raw/oil_india/tenders/detail_pages/GEM_2026_B_7131443.html
GEM_2026_B_7131614,NIT,,https://www.oil-india.com/download-tender-document?ten_detail=NkVXeXVTSEw2RXFyMmdHdQ%3D%3D,data/raw/oil_india/tenders/detail_pages/GEM_2026_B_7131614.html
GEM_2026_B_7136256,NIT,,https://www.oil-india.com/download-tender-document?ten_detail=NkVXeXRDSEw2RXFyMmdHdQ%3D%3D,data/raw/oil_india/tenders/detail_pages/GEM_2026_B_7136256.html
GEM_2026_B_7136599,NIT,,https://www.oil-india.com/download-tender-document?ten_detail=NkVXeXRTSEw2RXFyMmdHdQ%3D%3D,data/raw/oil_india/tenders/detail_pages/GEM_2026_B_7136599.html
GEM_2026_B_7137087,NIT,,https://www.oil-india.com/download-tender-document?ten_detail=NkVXenZTSEw2RXFyMmdHdQ%3D%3D,data/raw/oil_india/tenders/detail_pages/GEM_2026_B_7137087.html
GEM_2026_B_7138231,NIT,,https://www.oil-india.com/download-tender-document?ten_detail=NkVXenVTSEw2RXFyMmdHdQ%3D%3D,data/raw/oil_india/tenders/detail_pages/GEM_2026_B_7138231.html
GEM_2026_B_7139834,NIT,,https://www.oil-india.com/download-tender-document?ten_detail=NkVXenRDSEw2RXFyMmdHdQ%3D%3D,data/raw/oil_india/tenders/detail_pages/GEM_2026_B_7139834.html
GEM_2026_B_7141375,NIT,,https://www.oil-india.com/download-tender-document?ten_detail=NkVXenZ5SEw2RXFyMmdHdQ%3D%3D,data/raw/oil_india/tenders/detail_pages/GEM_2026_B_7141375.html
GEM_2026_B_7141695,NIT,,https://www.oil-india.com/download-tender-document?ten_detail=NkVXeHVpSEw2RXFyMmdHdQ%3D%3D,data/raw/oil_india/tenders/detail_pages/GEM_2026_B_7141695.html
GEM_2026_B_7144558,NIT,,https://www.oil-india.com/download-tender-document?ten_detail=NkVTMnZ5SEw2RXFyMmdHdQ%3D%3D,data/raw/oil_india/tenders/detail_pages/GEM_2026_B_7144558.html
GEM_2026_B_7145006,NIT,,https://www.oil-india.com/download-tender-document?ten_detail=NkVXenVDSEw2RXFyMmdHdQ%3D%3D,data/raw/oil_india/tenders/detail_pages/GEM_2026_B_7145006.html
GEM_2026_B_7147382,NIT,,https://www.oil-india.com/download-tender-document?ten_detail=NkVXenVpSEw2RXFyMmdHdQ%3D%3D,data/raw/oil_india/tenders/detail_pages/GEM_2026_B_7147382.html
GEM_2026_B_7153922,NIT,,https://www.oil-india.com/download-tender-document?ten_detail=NkVTeXRTSEw2RXFyMmdHdQ%3D%3D,data/raw/oil_india/tenders/detail_pages/GEM_2026_B_7153922.html
GEM_2026_B_7153974,NIT,,https://www.oil-india.com/download-tender-document?ten_detail=NkVXeHZpSEw2RXFyMmdHdQ%3D%3D,data/raw/oil_india/tenders/detail_pages/GEM_2026_B_7153974.html
GEM_2026_B_7154008,NIT,,https://www.oil-india.com/download-tender-document?ten_detail=NkVXd3V5SEw2RXFyMmdHdQ%3D%3D,data/raw/oil_india/tenders/detail_pages/GEM_2026_B_7154008.html
GEM_2026_B_7154768,NIT,,https://www.oil-india.com/download-tender-document?ten_detail=NkVXenRTSEw2RXFyMmdHdQ%3D%3D,data/raw/oil_india/tenders/detail_pages/GEM_2026_B_7154768.html
GEM_2026_B_7154901,NIT,,https://www.oil-india.com/download-tender-document?ten_detail=NkVTMHVDSEw2RXFyMmdHdQ%3D%3D,data/raw/oil_india/tenders/detail_pages/GEM_2026_B_7154901.html
GEM_2026_B_7154981,NIT,,https://www.oil-india.com/download-tender-document?ten_detail=NkVXd3ZTSEw2RXFyMmdHdQ%3D%3D,data/raw/oil_india/tenders/detail_pages/GEM_2026_B_7154981.html
GEM_2026_B_7156921,NIT,,https://www.oil-india.com/download-tender-document?ten_detail=NkVXd3ZDSEw2RXFyMmdHdQ%3D%3D,data/raw/oil_india/tenders/detail_pages/GEM_2026_B_7156921.html
GEM_2026_B_7156942,NIT,,https://www.oil-india.com/download-tender-document?ten_detail=NkVXeHVTSEw2RXFyMmdHdQ%3D%3D,data/raw/oil_india/tenders/detail_pages/GEM_2026_B_7156942.html
GEM_2026_B_7157226,NIT,,https://www.oil-india.com/download-tender-document?ten_detail=NkVTMnV5SEw2RXFyMmdHdQ%3D%3D,data/raw/oil_india/tenders/detail_pages/GEM_2026_B_7157226.html
GEM_2026_B_7162249,NIT,,https://www.oil-india.com/download-tender-document?ten_detail=NkVXL3ZTSEw2RXFyMmdHdQ%3D%3D,data/raw/oil_india/tenders/detail_pages/GEM_2026_B_7162249.html
GEM_2026_B_7164187,NIT,,https://www.oil-india.com/download-tender-document?ten_detail=NkVXd3RDSEw2RXFyMmdHdQ%3D%3D,data/raw/oil_india/tenders/detail_pages/GEM_2026_B_7164187.html
GEM_2026_B_7164518,NIT,,https://www.oil-india.com/download-tender-document?ten_detail=NkVXeHZDSEw2RXFyMmdHdQ%3D%3D,data/raw/oil_india/tenders/detail_pages/GEM_2026_B_7164518.html
GEM_2026_B_7164694,NIT,,https://www.oil-india.com/download-tender-document?ten_detail=NkVXK3ZDSEw2RXFyMmdHdQ%3D%3D,data/raw/oil_india/tenders/detail_pages/GEM_2026_B_7164694.html
GEM_2026_B_7164717,NIT,,https://www.oil-india.com/download-tender-document?ten_detail=NkVXd3VDSEw2RXFyMmdHdQ%3D%3D,data/raw/oil_india/tenders/detail_pages/GEM_2026_B_7164717.html
GEM_2026_B_7166016,NIT,,https://www.oil-india.com/download-tender-document?ten_detail=NkVTMXVTSEw2RXFyMmdHdQ%3D%3D,data/raw/oil_india/tenders/detail_pages/GEM_2026_B_7166016.html
GEM_2026_B_7167872,NIT,,https://www.oil-india.com/download-tender-document?ten_detail=NkVXeHZ5SEw2RXFyMmdHdQ%3D%3D,data/raw/oil_india/tenders/detail_pages/GEM_2026_B_7167872.html
GEM_2026_B_7167890,NIT,,https://www.oil-india.com/download-tender-document?ten_detail=NkVXK3Z5SEw2RXFyMmdHdQ%3D%3D,data/raw/oil_india/tenders/detail_pages/GEM_2026_B_7167890.html
GEM_2026_B_7170351,NIT,,https://www.oil-india.com/download-tender-document?ten_detail=NkVXeHRDSEw2RXFyMmdHdQ%3D%3D,data/raw/oil_india/tenders/detail_pages/GEM_2026_B_7170351.html
GEM_2026_B_7173327,NIT,,https://www.oil-india.com/download-tender-document?ten_detail=NkVXK3VTSEw2RXFyMmdHdQ%3D%3D,data/raw/oil_india/tenders/detail_pages/GEM_2026_B_7173327.html
GEM_2026_B_7173656,NIT,,https://www.oil-india.com/download-tender-document?ten_detail=NkVTMnZpSEw2RXFyMmdHdQ%3D%3D,data/raw/oil_india/tenders/detail_pages/GEM_2026_B_7173656.html
GEM_2026_B_7177821,NIT,,https://www.oil-india.com/download-tender-document?ten_detail=NkVTMHVTSEw2RXFyMmdHdQ%3D%3D,data/raw/oil_india/tenders/detail_pages/GEM_2026_B_7177821.html
GEM_2026_B_7179442,NIT,,https://www.oil-india.com/download-tender-document?ten_detail=NkVXK3ZTSEw2RXFyMmdHdQ%3D%3D,data/raw/oil_india/tenders/detail_pages/GEM_2026_B_7179442.html
GEM_2026_B_7179989,NIT,,https://www.oil-india.com/download-tender-document?ten_detail=NkVXK3VpSEw2RXFyMmdHdQ%3D%3D,data/raw/oil_india/tenders/detail_pages/GEM_2026_B_7179989.html
GEM_2026_B_7182808,NIT,,https://www.oil-india.com/download-tender-document?ten_detail=NkVXK3V5SEw2RXFyMmdHdQ%3D%3D,data/raw/oil_india/tenders/detail_pages/GEM_2026_B_7182808.html
GEM_2026_B_7182971,NIT,,https://www.oil-india.com/download-tender-document?ten_detail=NkVXK3RTSEw2RXFyMmdHdQ%3D%3D,data/raw/oil_india/tenders/detail_pages/GEM_2026_B_7182971.html
GEM_2026_B_7185133,NIT,,https://www.oil-india.com/download-tender-document?ten_detail=NkVXL3VTSEw2RXFyMmdHdQ%3D%3D,data/raw/oil_india/tenders/detail_pages/GEM_2026_B_7185133.html
GEM_2026_B_7185445,NIT,,https://www.oil-india.com/download-tender-document?ten_detail=NkVXL3ZDSEw2RXFyMmdHdQ%3D%3D,data/raw/oil_india/tenders/detail_pages/GEM_2026_B_7185445.html
GEM_2026_B_7188566,NIT,,https://www.oil-india.com/download-tender-document?ten_detail=NkVXL3Z5SEw2RXFyMmdHdQ%3D%3D,data/raw/oil_india/tenders/detail_pages/GEM_2026_B_7188566.html
GEM_2026_B_7191043,NIT,,https://www.oil-india.com/download-tender-document?ten_detail=NkVXL3RDSEw2RXFyMmdHdQ%3D%3D,data/raw/oil_india/tenders/detail_pages/GEM_2026_B_7191043.html
GEM_2026_B_7191205,NIT,,https://www.oil-india.com/download-tender-document?ten_detail=NkVTMnZDSEw2RXFyMmdHdQ%3D%3D,data/raw/oil_india/tenders/detail_pages/GEM_2026_B_7191205.html
GEM_2026_B_7192303,NIT,,https://www.oil-india.com/download-tender-document?ten_detail=NkVXL3VpSEw2RXFyMmdHdQ%3D%3D,data/raw/oil_india/tenders/detail_pages/GEM_2026_B_7192303.html
GEM_2026_B_7192583,NIT,,https://www.oil-india.com/download-tender-document?ten_detail=NkVTMHZDSEw2RXFyMmdHdQ%3D%3D,data/raw/oil_india/tenders/detail_pages/GEM_2026_B_7192583.html
GEM_2026_B_7197394,NIT,,https://www.oil-india.com/download-tender-document?ten_detail=NkVTMnZTSEw2RXFyMmdHdQ%3D%3D,data/raw/oil_india/tenders/detail_pages/GEM_2026_B_7197394.html
GEM_2026_B_7198618,NIT,,https://www.oil-india.com/download-tender-document?ten_detail=NkVTMHZ5SEw2RXFyMmdHdQ%3D%3D,data/raw/oil_india/tenders/detail_pages/GEM_2026_B_7198618.html
GEM_2026_B_7199648,NIT,,https://www.oil-india.com/download-tender-document?ten_detail=NkVTMnVDSEw2RXFyMmdHdQ%3D%3D,data/raw/oil_india/tenders/detail_pages/GEM_2026_B_7199648.html
GEM_2026_B_7200062,NIT,,https://www.oil-india.com/download-tender-document?ten_detail=NkVTM3VTSEw2RXFyMmdHdQ%3D%3D,data/raw/oil_india/tenders/detail_pages/GEM_2026_B_7200062.html
GEM_2026_B_7202285,NIT,,https://www.oil-india.com/download-tender-document?ten_detail=NkVTMnVpSEw2RXFyMmdHdQ%3D%3D,data/raw/oil_india/tenders/detail_pages/GEM_2026_B_7202285.html
GEM_2026_B_7203074,NIT,,https://www.oil-india.com/download-tender-document?ten_detail=NkVTMnRDSEw2RXFyMmdHdQ%3D%3D,data/raw/oil_india/tenders/detail_pages/GEM_2026_B_7203074.html
GEM_2026_B_7208543,NIT,,https://www.oil-india.com/download-tender-document?ten_detail=NkVTMnRTSEw2RXFyMmdHdQ%3D%3D,data/raw/oil_india/tenders/detail_pages/GEM_2026_B_7208543.html
GEM_2026_B_7209742,NIT,,https://www.oil-india.com/download-tender-document?ten_detail=NkVTM3Z5SEw2RXFyMmdHdQ%3D%3D,data/raw/oil_india/tenders/detail_pages/GEM_2026_B_7209742.html
GEM_2026_B_7211126,NIT,,https://www.oil-india.com/download-tender-document?ten_detail=NkVTM3ZDSEw2RXFyMmdHdQ%3D%3D,data/raw/oil_india/tenders/detail_pages/GEM_2026_B_7211126.html
GEM_2026_B_7211802,NIT,,https://www.oil-india.com/download-tender-document?ten_detail=NkVTM3ZpSEw2RXFyMmdHdQ%3D%3D,data/raw/oil_india/tenders/detail_pages/GEM_2026_B_7211802.html
GEM_2026_B_7212343,NIT,,https://www.oil-india.com/download-tender-document?ten_detail=NkVTM3VpSEw2RXFyMmdHdQ%3D%3D,data/raw/oil_india/tenders/detail_pages/GEM_2026_B_7212343.html
GEM_2026_B_7214935,NIT,,https://www.oil-india.com/download-tender-document?ten_detail=NkVTeXRDSEw2RXFyM1FZPQ%3D%3D,data/raw/oil_india/tenders/detail_pages/GEM_2026_B_7214935.html
GEM_2026_B_7217352,NIT,,https://www.oil-india.com/download-tender-document?ten_detail=NkVTeXZDSEw2RXFyMmdHdQ%3D%3D,data/raw/oil_india/tenders/detail_pages/GEM_2026_B_7217352.html
GEM_2026_B_7218643,NIT,,https://www.oil-india.com/download-tender-document?ten_detail=NkVTM3RDSEw2RXFyMmdHdQ%3D%3D,data/raw/oil_india/tenders/detail_pages/GEM_2026_B_7218643.html
GEM_2026_B_7220530,NIT,,https://www.oil-india.com/download-tender-document?ten_detail=NkVTMXZTSEw2RXFyMmdHdQ%3D%3D,data/raw/oil_india/tenders/detail_pages/GEM_2026_B_7220530.html
GEM_2026_B_7220600,NIT,,https://www.oil-india.com/download-tender-document?ten_detail=NkVTMHRDSEw2RXFyMmdHdQ%3D%3D,data/raw/oil_india/tenders/detail_pages/GEM_2026_B_7220600.html
GEM_2026_B_7220802,NIT,,https://www.oil-india.com/download-tender-document?ten_detail=NkVTeXZpSEw2RXFyMmdHdQ%3D%3D,data/raw/oil_india/tenders/detail_pages/GEM_2026_B_7220802.html
GEM_2026_B_7220837,NIT,,https://www.oil-india.com/download-tender-document?ten_detail=NkVTMHVpSEw2RXFyMmdHdQ%3D%3D,data/raw/oil_india/tenders/detail_pages/GEM_2026_B_7220837.html
GEM_2026_B_7220982,NIT,,https://www.oil-india.com/download-tender-document?ten_detail=NkVTMXZpSEw2RXFyMmdHdQ%3D%3D,data/raw/oil_india/tenders/detail_pages/GEM_2026_B_7220982.html
GEM_2026_B_7221066,NIT,,https://www.oil-india.com/download-tender-document?ten_detail=NkVTMHZTSEw2RXFyMmdHdQ%3D%3D,data/raw/oil_india/tenders/detail_pages/GEM_2026_B_7221066.html
GEM_2026_B_7223850,NIT,,https://www.oil-india.com/download-tender-document?ten_detail=NkVTMHZpSEw2RXFyMmdHdQ%3D%3D,data/raw/oil_india/tenders/detail_pages/GEM_2026_B_7223850.html
GEM_2026_B_7225297,NIT,,https://www.oil-india.com/download-tender-document?ten_detail=NkVTMHRTSEw2RXFyMmdHdQ%3D%3D,data/raw/oil_india/tenders/detail_pages/GEM_2026_B_7225297.html
GEM_2026_B_7226304,NIT,,https://www.oil-india.com/download-tender-document?ten_detail=NkVTMXZ5SEw2RXFyMmdHdQ%3D%3D,data/raw/oil_india/tenders/detail_pages/GEM_2026_B_7226304.html
GEM_2026_B_7228584,NIT,,https://www.oil-india.com/download-tender-document?ten_detail=NkVTMHV5SEw2RXFyMmdHdQ%3D%3D,data/raw/oil_india/tenders/detail_pages/GEM_2026_B_7228584.html
GEM_2026_B_7229151,NIT,,https://www.oil-india.com/download-tender-document?ten_detail=NkVTMXZDSEw2RXFyMmdHdQ%3D%3D,data/raw/oil_india/tenders/detail_pages/GEM_2026_B_7229151.html
GEM_2026_B_7235778,NIT,,https://www.oil-india.com/download-tender-document?ten_detail=NkVTeXZ5SEw2RXFyMmdHdQ%3D%3D,data/raw/oil_india/tenders/detail_pages/GEM_2026_B_7235778.html
GEM_2026_B_7236764,NIT,,https://www.oil-india.com/download-tender-document?ten_detail=NkVTMXVpSEw2RXFyMmdHdQ%3D%3D,data/raw/oil_india/tenders/detail_pages/GEM_2026_B_7236764.html
GEM_2026_B_7238981,NIT,,https://www.oil-india.com/download-tender-document?ten_detail=NkVTeXVTSEw2RXFyMmdHdQ%3D%3D,data/raw/oil_india/tenders/detail_pages/GEM_2026_B_7238981.html
GEM_2026_B_7239276,NIT,,https://www.oil-india.com/download-tender-document?ten_detail=NkVTMXVDSEw2RXFyMmdHdQ%3D%3D,data/raw/oil_india/tenders/detail_pages/GEM_2026_B_7239276.html
GEM_2026_B_7243309,NIT,,https://www.oil-india.com/download-tender-document?ten_detail=NkVTMXRTSEw2RXFyMmdHdQ%3D%3D,data/raw/oil_india/tenders/detail_pages/GEM_2026_B_7243309.html
GEM_2026_B_7243977,NIT,,https://www.oil-india.com/download-tender-document?ten_detail=NkVTMXRDSEw2RXFyMmdHdQ%3D%3D,data/raw/oil_india/tenders/detail_pages/GEM_2026_B_7243977.html
GEM_2026_B_7244581,NIT,,https://www.oil-india.com/download-tender-document?ten_detail=NkVTeXVpSEw2RXFyMmdHdQ%3D%3D,data/raw/oil_india/tenders/detail_pages/GEM_2026_B_7244581.html
GEM_2026_B_7245660,NIT,,https://www.oil-india.com/download-tender-document?ten_detail=NkVTeXZTSEw2RXFyMmdHdQ%3D%3D,data/raw/oil_india/tenders/detail_pages/GEM_2026_B_7245660.html
GEM_2026_B_7246163,NIT,,https://www.oil-india.com/download-tender-document?ten_detail=NkVTenZTSEw2RXFyMmdHdQ%3D%3D,data/raw/oil_india/tenders/detail_pages/GEM_2026_B_7246163.html
GEM_2026_B_7246985,NIT,,https://www.oil-india.com/download-tender-document?ten_detail=NkVTeXVDSEw2RXFyMmdHdQ%3D%3D,data/raw/oil_india/tenders/detail_pages/GEM_2026_B_7246985.html
GEM_2026_B_7248630,NIT,,https://www.oil-india.com/download-tender-document?ten_detail=NkVTenZDSEw2RXFyMmdHdQ%3D%3D,data/raw/oil_india/tenders/detail_pages/GEM_2026_B_7248630.html
GEM_2026_B_7249034,NIT,,https://www.oil-india.com/download-tender-document?ten_detail=NkVTenZ5SEw2RXFyMmdHdQ%3D%3D,data/raw/oil_india/tenders/detail_pages/GEM_2026_B_7249034.html
GEM_2026_B_7251550,NIT,,https://www.oil-india.com/download-tender-document?ten_detail=NkVTenV5SEw2RXFyMmdHdQ%3D%3D,data/raw/oil_india/tenders/detail_pages/GEM_2026_B_7251550.html
GEM_2026_B_7252128,NIT,,https://www.oil-india.com/download-tender-document?ten_detail=NkVTenZpSEw2RXFyMmdHdQ%3D%3D,data/raw/oil_india/tenders/detail_pages/GEM_2026_B_7252128.html
GEM_2026_B_7254218,NIT,,https://www.oil-india.com/download-tender-document?ten_detail=NkVTenVDSEw2RXFyMmdHdQ%3D%3D,data/raw/oil_india/tenders/detail_pages/GEM_2026_B_7254218.html
GEM_2026_B_7254462,NIT,,https://www.oil-india.com/download-tender-document?ten_detail=NkVTd3ZDSEw2RXFyMmdHdQ%3D%3D,data/raw/oil_india/tenders/detail_pages/GEM_2026_B_7254462.html
GEM_2026_B_7256723,NIT,,https://www.oil-india.com/download-tender-document?ten_detail=NkVTenVpSEw2RXFyMmdHdQ%3D%3D,data/raw/oil_india/tenders/detail_pages/GEM_2026_B_7256723.html
GEM_2026_B_7259001,NIT,,https://www.oil-india.com/download-tender-document?ten_detail=NkVTenRTSEw2RXFyMmdHdQ%3D%3D,data/raw/oil_india/tenders/detail_pages/GEM_2026_B_7259001.html
GEM_2026_B_7259862,NIT,,https://www.oil-india.com/download-tender-document?ten_detail=NkVTd3ZTSEw2RXFyMmdHdQ%3D%3D,data/raw/oil_india/tenders/detail_pages/GEM_2026_B_7259862.html
GEM_2026_B_7260046,NIT,,https://www.oil-india.com/download-tender-document?ten_detail=NkVPenZ5SEw2RXFyMmdHdQ%3D%3D,data/raw/oil_india/tenders/detail_pages/GEM_2026_B_7260046.html
GEM_2026_B_7260267,NIT,,https://www.oil-india.com/download-tender-document?ten_detail=NkVPMnRDSEw2RXFyMmdHdQ%3D%3D,data/raw/oil_india/tenders/detail_pages/GEM_2026_B_7260267.html
GEM_2026_B_7260468,NIT,,https://www.oil-india.com/download-tender-document?ten_detail=NkVTenRDSEw2RXFyM1FZPQ%3D%3D,data/raw/oil_india/tenders/detail_pages/GEM_2026_B_7260468.html
GEM_2026_B_7261898,NIT,,https://www.oil-india.com/download-tender-document?ten_detail=NkVTd3Z5SEw2RXFyMmdHdQ%3D%3D,data/raw/oil_india/tenders/detail_pages/GEM_2026_B_7261898.html
GEM_2026_B_7263545,NIT,,https://www.oil-india.com/download-tender-document?ten_detail=NkVTd3RDSEw2RXFyMmdHdQ%3D%3D,data/raw/oil_india/tenders/detail_pages/GEM_2026_B_7263545.html
GEM_2026_B_7264242,NIT,,https://www.oil-india.com/download-tender-document?ten_detail=NkVTd3VTSEw2RXFyMmdHdQ%3D%3D,data/raw/oil_india/tenders/detail_pages/GEM_2026_B_7264242.html
GEM_2026_B_7265486,NIT,,https://www.oil-india.com/download-tender-document?ten_detail=NkVTd3VDSEw2RXFyMmdHdQ%3D%3D,data/raw/oil_india/tenders/detail_pages/GEM_2026_B_7265486.html
GEM_2026_B_7265534,NIT,,https://www.oil-india.com/download-tender-document?ten_detail=NkVTeHZ5SEw2RXFyMmdHdQ%3D%3D,data/raw/oil_india/tenders/detail_pages/GEM_2026_B_7265534.html
GEM_2026_B_7266741,NIT,,https://www.oil-india.com/download-tender-document?ten_detail=NkVTd3V5SEw2RXFyMmdHdQ%3D%3D,data/raw/oil_india/tenders/detail_pages/GEM_2026_B_7266741.html
GEM_2026_B_7267651,NIT,,https://www.oil-india.com/download-tender-document?ten_detail=NkVTd3VpSEw2RXFyMmdHdQ%3D%3D,data/raw/oil_india/tenders/detail_pages/GEM_2026_B_7267651.html
GEM_2026_B_7268200,NIT,,https://www.oil-india.com/download-tender-document?ten_detail=NkVTd3RTSEw2RXFyMmdHdQ%3D%3D,data/raw/oil_india/tenders/detail_pages/GEM_2026_B_7268200.html
GEM_2026_B_7268393,NIT,,https://www.oil-india.com/download-tender-document?ten_detail=NkVTeHZTSEw2RXFyMmdHdQ%3D%3D,data/raw/oil_india/tenders/detail_pages/GEM_2026_B_7268393.html
GEM_2026_B_7271360,NIT,,https://www.oil-india.com/download-tender-document?ten_detail=NkVTeHZDSEw2RXFyMmdHdQ%3D%3D,data/raw/oil_india/tenders/detail_pages/GEM_2026_B_7271360.html
GEM_2026_B_7272763,NIT,,https://www.oil-india.com/download-tender-document?ten_detail=NkVTeHVTSEw2RXFyMmdHdQ%3D%3D,data/raw/oil_india/tenders/detail_pages/GEM_2026_B_7272763.html
GEM_2026_B_7276112,NIT,,https://www.oil-india.com/download-tender-document?ten_detail=NkVTeHVDSEw2RXFyMmdHdQ%3D%3D,data/raw/oil_india/tenders/detail_pages/GEM_2026_B_7276112.html
GEM_2026_B_7276317,NIT,,https://www.oil-india.com/download-tender-document?ten_detail=NkVTK3RTSEw2RXFyMmdHdQ%3D%3D,data/raw/oil_india/tenders/detail_pages/GEM_2026_B_7276317.html
GEM_2026_B_7276358,NIT,,https://www.oil-india.com/download-tender-document?ten_detail=NkVTeHV5SEw2RXFyMmdHdQ%3D%3D,data/raw/oil_india/tenders/detail_pages/GEM_2026_B_7276358.html
GEM_2026_B_7278303,NIT,,https://www.oil-india.com/download-tender-document?ten_detail=NkVPeXVTSEw2RXFyMmdHdQ%3D%3D,data/raw/oil_india/tenders/detail_pages/GEM_2026_B_7278303.html
GEM_2026_B_7281116,NIT,,https://www.oil-india.com/download-tender-document?ten_detail=NkVTeHVpSEw2RXFyMmdHdQ%3D%3D,data/raw/oil_india/tenders/detail_pages/GEM_2026_B_7281116.html
GEM_2026_B_7281726,NIT,,https://www.oil-india.com/download-tender-document?ten_detail=NkVTeHRTSEw2RXFyMmdHdQ%3D%3D,data/raw/oil_india/tenders/detail_pages/GEM_2026_B_7281726.html
GEM_2026_B_7281760,NIT,,https://www.oil-india.com/download-tender-document?ten_detail=NkVTeHRDSEw2RXFyMmdHdQ%3D%3D,data/raw/oil_india/tenders/detail_pages/GEM_2026_B_7281760.html
GEM_2026_B_7281901,NIT,,https://www.oil-india.com/download-tender-document?ten_detail=NkVTK3RDSEw2RXFyMmdHdQ%3D%3D,data/raw/oil_india/tenders/detail_pages/GEM_2026_B_7281901.html
GEM_2026_B_7281973,NIT,,https://www.oil-india.com/download-tender-document?ten_detail=NkVPMHVpSEw2RXFyMmdHdQ%3D%3D,data/raw/oil_india/tenders/detail_pages/GEM_2026_B_7281973.html
GEM_2026_B_7282051,NIT,,https://www.oil-india.com/download-tender-document?ten_detail=NkVTL3ZTSEw2RXFyMmdHdQ%3D%3D,data/raw/oil_india/tenders/detail_pages/GEM_2026_B_7282051.html
GEM_2026_B_7282245,NIT,,https://www.oil-india.com/download-tender-document?ten_detail=NkVTL3Z5SEw2RXFyMmdHdQ%3D%3D,data/raw/oil_india/tenders/detail_pages/GEM_2026_B_7282245.html
GEM_2026_B_7282361,NIT,,https://www.oil-india.com/download-tender-document?ten_detail=NkVTL3ZDSEw2RXFyMmdHdQ%3D%3D,data/raw/oil_india/tenders/detail_pages/GEM_2026_B_7282361.html
GEM_2026_B_7283583,NIT,,https://www.oil-india.com/download-tender-document?ten_detail=NkVTK3ZpSEw2RXFyMmdHdQ%3D%3D,data/raw/oil_india/tenders/detail_pages/GEM_2026_B_7283583.html
GEM_2026_B_7284521,NIT,,https://www.oil-india.com/download-tender-document?ten_detail=NkVTK3Z5SEw2RXFyMmdHdQ%3D%3D,data/raw/oil_india/tenders/detail_pages/GEM_2026_B_7284521.html
GEM_2026_B_7284859,NIT,,https://www.oil-india.com/download-tender-document?ten_detail=NkVTK3VpSEw2RXFyMmdHdQ%3D%3D,data/raw/oil_india/tenders/detail_pages/GEM_2026_B_7284859.html
GEM_2026_B_7285321,NIT,,https://www.oil-india.com/download-tender-document?ten_detail=NkVTK3ZDSEw2RXFyMmdHdQ%3D%3D,data/raw/oil_india/tenders/detail_pages/GEM_2026_B_7285321.html
GEM_2026_B_7285577,NIT,,https://www.oil-india.com/download-tender-document?ten_detail=NkVTK3VDSEw2RXFyMmdHdQ%3D%3D,data/raw/oil_india/tenders/detail_pages/GEM_2026_B_7285577.html
GEM_2026_B_7289429,NIT,,https://www.oil-india.com/download-tender-document?ten_detail=NkVTL3VpSEw2RXFyMmdHdQ%3D%3D,data/raw/oil_india/tenders/detail_pages/GEM_2026_B_7289429.html
GEM_2026_B_7289771,NIT,,https://www.oil-india.com/download-tender-document?ten_detail=NkVTL3ZpSEw2RXFyMmdHdQ%3D%3D,data/raw/oil_india/tenders/detail_pages/GEM_2026_B_7289771.html
GEM_2026_B_7290070,NIT,,https://www.oil-india.com/download-tender-document?ten_detail=NkVTL3VTSEw2RXFyMmdHdQ%3D%3D,data/raw/oil_india/tenders/detail_pages/GEM_2026_B_7290070.html
GEM_2026_B_7290098,NIT,,https://www.oil-india.com/download-tender-document?ten_detail=NkVPM3ZDSEw2RXFyM1FZPQ%3D%3D,data/raw/oil_india/tenders/detail_pages/GEM_2026_B_7290098.html
GEM_2026_B_7293042,NIT,,https://www.oil-india.com/download-tender-document?ten_detail=NkVTL3RTSEw2RXFyMmdHdQ%3D%3D,data/raw/oil_india/tenders/detail_pages/GEM_2026_B_7293042.html
GEM_2026_B_7293046,NIT,,https://www.oil-india.com/download-tender-document?ten_detail=NkVTL3V5SEw2RXFyMmdHdQ%3D%3D,data/raw/oil_india/tenders/detail_pages/GEM_2026_B_7293046.html
GEM_2026_B_7293451,NIT,,https://www.oil-india.com/download-tender-document?ten_detail=NkVTL3RDSEw2RXFyM1FZPQ%3D%3D,data/raw/oil_india/tenders/detail_pages/GEM_2026_B_7293451.html
GEM_2026_B_7293632,NIT,,https://www.oil-india.com/download-tender-document?ten_detail=NkVPMnZTSEw2RXFyMmdHdQ%3D%3D,data/raw/oil_india/tenders/detail_pages/GEM_2026_B_7293632.html
GEM_2026_B_7295407,NIT,,https://www.oil-india.com/download-tender-document?ten_detail=NkVPMHZDSEw2RXFyMmdHdQ%3D%3D,data/raw/oil_india/tenders/detail_pages/GEM_2026_B_7295407.html
GEM_2026_B_7295422,NIT,,https://www.oil-india.com/download-tender-document?ten_detail=NkVPMnZDSEw2RXFyMmdHdQ%3D%3D,data/raw/oil_india/tenders/detail_pages/GEM_2026_B_7295422.html
GEM_2026_B_7295663,NIT,,https://www.oil-india.com/download-tender-document?ten_detail=NkVPMnZ5SEw2RXFyMmdHdQ%3D%3D,data/raw/oil_india/tenders/detail_pages/GEM_2026_B_7295663.html
GEM_2026_B_7297708,NIT,,https://www.oil-india.com/download-tender-document?ten_detail=NkVPMnZpSEw2RXFyMmdHdQ%3D%3D,data/raw/oil_india/tenders/detail_pages/GEM_2026_B_7297708.html
GEM_2026_B_7298440,NIT,,https://www.oil-india.com/download-tender-document?ten_detail=NkVPMnV5SEw2RXFyMmdHdQ%3D%3D,data/raw/oil_india/tenders/detail_pages/GEM_2026_B_7298440.html
GEM_2026_B_7299070,NIT,,https://www.oil-india.com/download-tender-document?ten_detail=NkVPM3V5SEw2RXFyMmdHdQ%3D%3D,data/raw/oil_india/tenders/detail_pages/GEM_2026_B_7299070.html
GEM_2026_B_7300511,NIT,,https://www.oil-india.com/download-tender-document?ten_detail=NkVPM3Z5SEw2RXFyMmdHdQ%3D%3D,data/raw/oil_india/tenders/detail_pages/GEM_2026_B_7300511.html
GEM_2026_B_7300728,NIT,,https://www.oil-india.com/download-tender-document?ten_detail=NkVPMnVpSEw2RXFyMmdHdQ%3D%3D,data/raw/oil_india/tenders/detail_pages/GEM_2026_B_7300728.html
GEM_2026_B_7303934,NIT,,https://www.oil-india.com/download-tender-document?ten_detail=NkVPM3ZpSEw2RXFyMmdHdQ%3D%3D,data/raw/oil_india/tenders/detail_pages/GEM_2026_B_7303934.html
GEM_2026_B_7304171,NIT,,https://www.oil-india.com/download-tender-document?ten_detail=NkVPM3ZTSEw2RXFyMmdHdQ%3D%3D,data/raw/oil_india/tenders/detail_pages/GEM_2026_B_7304171.html
GEM_2026_B_7307344,NIT,,https://www.oil-india.com/download-tender-document?ten_detail=NkVPM3VpSEw2RXFyMmdHdQ%3D%3D,data/raw/oil_india/tenders/detail_pages/GEM_2026_B_7307344.html
GEM_2026_B_7307464,NIT,,https://www.oil-india.com/download-tender-document?ten_detail=NkVPM3RDSEw2RXFyMmdHdQ%3D%3D,data/raw/oil_india/tenders/detail_pages/GEM_2026_B_7307464.html
GEM_2026_B_7308323,NIT,,https://www.oil-india.com/download-tender-document?ten_detail=NkVPM3VTSEw2RXFyMmdHdQ%3D%3D,data/raw/oil_india/tenders/detail_pages/GEM_2026_B_7308323.html
GEM_2026_B_7308646,NIT,,https://www.oil-india.com/download-tender-document?ten_detail=NkVPM3VDSEw2RXFyMmdHdQ%3D%3D,data/raw/oil_india/tenders/detail_pages/GEM_2026_B_7308646.html
GEM_2026_B_7308745,NIT,,https://www.oil-india.com/download-tender-document?ten_detail=NkVPL3ZpSEw2RXFyMmdHdQ%3D%3D,data/raw/oil_india/tenders/detail_pages/GEM_2026_B_7308745.html
GEM_2026_B_7311298,NIT,,https://www.oil-india.com/download-tender-document?ten_detail=NkVPeXV5SEw2RXFyMmdHdQ%3D%3D,data/raw/oil_india/tenders/detail_pages/GEM_2026_B_7311298.html
GEM_2026_B_7312022,NIT,,https://www.oil-india.com/download-tender-document?ten_detail=NkVPMHZTSEw2RXFyMmdHdQ%3D%3D,data/raw/oil_india/tenders/detail_pages/GEM_2026_B_7312022.html
GEM_2026_B_7312676,NIT,,https://www.oil-india.com/download-tender-document?ten_detail=NkVPM3RTSEw2RXFyMmdHdQ%3D%3D,data/raw/oil_india/tenders/detail_pages/GEM_2026_B_7312676.html
GEM_2026_B_7317025,NIT,,https://www.oil-india.com/download-tender-document?ten_detail=NkVPMHZ5SEw2RXFyMmdHdQ%3D%3D,data/raw/oil_india/tenders/detail_pages/GEM_2026_B_7317025.html
GEM_2026_B_7317097,NIT,,https://www.oil-india.com/download-tender-document?ten_detail=NkVPMXRTSEw2RXFyMmdHdQ%3D%3D,data/raw/oil_india/tenders/detail_pages/GEM_2026_B_7317097.html
GEM_2026_B_7318004,NIT,,https://www.oil-india.com/download-tender-document?ten_detail=NkVPMHVTSEw2RXFyMmdHdQ%3D%3D,data/raw/oil_india/tenders/detail_pages/GEM_2026_B_7318004.html
GEM_2026_B_7318206,NIT,,https://www.oil-india.com/download-tender-document?ten_detail=NkVPMHZpSEw2RXFyMmdHdQ%3D%3D,data/raw/oil_india/tenders/detail_pages/GEM_2026_B_7318206.html
GEM_2026_B_7318467,NIT,,https://www.oil-india.com/download-tender-document?ten_detail=NkVPMXVTSEw2RXFyMmdHdQ%3D%3D,data/raw/oil_india/tenders/detail_pages/GEM_2026_B_7318467.html
GEM_2026_B_7318514,NIT,,https://www.oil-india.com/download-tender-document?ten_detail=NkVPMHV5SEw2RXFyMmdHdQ%3D%3D,data/raw/oil_india/tenders/detail_pages/GEM_2026_B_7318514.html
GEM_2026_B_7318542,NIT,,https://www.oil-india.com/download-tender-document?ten_detail=NkVPeXVDSEw2RXFyMmdHdQ%3D%3D,data/raw/oil_india/tenders/detail_pages/GEM_2026_B_7318542.html
GEM_2026_B_7320134,NIT,,https://www.oil-india.com/download-tender-document?ten_detail=NkVPMXZTSEw2RXFyMmdHdQ%3D%3D,data/raw/oil_india/tenders/detail_pages/GEM_2026_B_7320134.html
GEM_2026_B_7320995,NIT,,https://www.oil-india.com/download-tender-document?ten_detail=NkVPMHRTSEw2RXFyMmdHdQ%3D%3D,data/raw/oil_india/tenders/detail_pages/GEM_2026_B_7320995.html
GEM_2026_B_7323181,NIT,,https://www.oil-india.com/download-tender-document?ten_detail=NkVPenRTSEw2RXFyM1FZPQ%3D%3D,data/raw/oil_india/tenders/detail_pages/GEM_2026_B_7323181.html
GEM_2026_B_7323218,NIT,,https://www.oil-india.com/download-tender-document?ten_detail=NkVPMXVDSEw2RXFyMmdHdQ%3D%3D,data/raw/oil_india/tenders/detail_pages/GEM_2026_B_7323218.html
GEM_2026_B_7323407,NIT,,https://www.oil-india.com/download-tender-document?ten_detail=NkVPMXZDSEw2RXFyMmdHdQ%3D%3D,data/raw/oil_india/tenders/detail_pages/GEM_2026_B_7323407.html
GEM_2026_B_7323429,NIT,,https://www.oil-india.com/download-tender-document?ten_detail=NkVPMXZpSEw2RXFyMmdHdQ%3D%3D,data/raw/oil_india/tenders/detail_pages/GEM_2026_B_7323429.html
GEM_2026_B_7324311,NIT,,https://www.oil-india.com/download-tender-document?ten_detail=NkVPMXZ5SEw2RXFyMmdHdQ%3D%3D,data/raw/oil_india/tenders/detail_pages/GEM_2026_B_7324311.html
GEM_2026_B_7325284,NIT,,https://www.oil-india.com/download-tender-document?ten_detail=NkVPMXVpSEw2RXFyMmdHdQ%3D%3D,data/raw/oil_india/tenders/detail_pages/GEM_2026_B_7325284.html
GEM_2026_B_7326662,NIT,,https://www.oil-india.com/download-tender-document?ten_detail=NkVPMXV5SEw2RXFyMmdHdQ%3D%3D,data/raw/oil_india/tenders/detail_pages/GEM_2026_B_7326662.html
GEM_2026_B_7327080,NIT,,https://www.oil-india.com/download-tender-document?ten_detail=NkVPeXZ5SEw2RXFyMmdHdQ%3D%3D,data/raw/oil_india/tenders/detail_pages/GEM_2026_B_7327080.html
GEM_2026_B_7328375,NIT,,https://www.oil-india.com/download-tender-document?ten_detail=NkVPenZpSEw2RXFyMmdHdQ%3D%3D,data/raw/oil_india/tenders/detail_pages/GEM_2026_B_7328375.html
GEM_2026_B_7333383,NIT,,https://www.oil-india.com/download-tender-document?ten_detail=NkVPeXZTSEw2RXFyMmdHdQ%3D%3D,data/raw/oil_india/tenders/detail_pages/GEM_2026_B_7333383.html
GEM_2026_B_7334168,NIT,,https://www.oil-india.com/download-tender-document?ten_detail=NkVLMXRDSEw2RXFyMmdHdQ%3D%3D,data/raw/oil_india/tenders/detail_pages/GEM_2026_B_7334168.html
GEM_2026_B_7335205,NIT,,https://www.oil-india.com/download-tender-document?ten_detail=NkVPeXZDSEw2RXFyMmdHdQ%3D%3D,data/raw/oil_india/tenders/detail_pages/GEM_2026_B_7335205.html
GEM_2026_B_7337674,NIT,,https://www.oil-india.com/download-tender-document?ten_detail=NkVPenVpSEw2RXFyMmdHdQ%3D%3D,data/raw/oil_india/tenders/detail_pages/GEM_2026_B_7337674.html
GEM_2026_B_7337705,NIT,,https://www.oil-india.com/download-tender-document?ten_detail=NkVPeXZpSEw2RXFyMmdHdQ%3D%3D,data/raw/oil_india/tenders/detail_pages/GEM_2026_B_7337705.html
GEM_2026_B_7339798,NIT,,https://www.oil-india.com/download-tender-document?ten_detail=NkVPenZDSEw2RXFyMmdHdQ%3D%3D,data/raw/oil_india/tenders/detail_pages/GEM_2026_B_7339798.html
GEM_2026_B_7340018,NIT,,https://www.oil-india.com/download-tender-document?ten_detail=NkVPenZTSEw2RXFyMmdHdQ%3D%3D,data/raw/oil_india/tenders/detail_pages/GEM_2026_B_7340018.html
GEM_2026_B_7340206,NIT,,https://www.oil-india.com/download-tender-document?ten_detail=NkVPeXRDSEw2RXFyMmdHdQ%3D%3D,data/raw/oil_india/tenders/detail_pages/GEM_2026_B_7340206.html
GEM_2026_B_7340615,NIT,,https://www.oil-india.com/download-tender-document?ten_detail=NkVPeXVpSEw2RXFyMmdHdQ%3D%3D,data/raw/oil_india/tenders/detail_pages/GEM_2026_B_7340615.html
GEM_2026_B_7342626,NIT,,https://www.oil-india.com/download-tender-document?ten_detail=NkVPenV5SEw2RXFyMmdHdQ%3D%3D,data/raw/oil_india/tenders/detail_pages/GEM_2026_B_7342626.html
GEM_2026_B_7344762,NIT,,https://www.oil-india.com/download-tender-document?ten_detail=NkVPenVTSEw2RXFyMmdHdQ%3D%3D,data/raw/oil_india/tenders/detail_pages/GEM_2026_B_7344762.html
GEM_2026_B_7345434,NIT,,https://www.oil-india.com/download-tender-document?ten_detail=NkVPenRDSEw2RXFyMmdHdQ%3D%3D,data/raw/oil_india/tenders/detail_pages/GEM_2026_B_7345434.html
GEM_2026_B_7347179,NIT,,https://www.oil-india.com/download-tender-document?ten_detail=NkVPd3Z5SEw2RXFyMmdHdQ%3D%3D,data/raw/oil_india/tenders/detail_pages/GEM_2026_B_7347179.html
GEM_2026_B_7348018,NIT,,https://www.oil-india.com/download-tender-document?ten_detail=NkVPd3ZDSEw2RXFyMmdHdQ%3D%3D,data/raw/oil_india/tenders/detail_pages/GEM_2026_B_7348018.html
GEM_2026_B_7352708,NIT,,https://www.oil-india.com/download-tender-document?ten_detail=NkVPeHVTSEw2RXFyMmdHdQ%3D%3D,data/raw/oil_india/tenders/detail_pages/GEM_2026_B_7352708.html
GEM_2026_B_7353430,NIT,,https://www.oil-india.com/download-tender-document?ten_detail=NkVPd3RDSEw2RXFyM1FZPQ%3D%3D,data/raw/oil_india/tenders/detail_pages/GEM_2026_B_7353430.html
GEM_2026_B_7353996,NIT,,https://www.oil-india.com/download-tender-document?ten_detail=NkVPd3RTSEw2RXFyMmdHdQ%3D%3D,data/raw/oil_india/tenders/detail_pages/GEM_2026_B_7353996.html
GEM_2026_B_7356479,NIT,,https://www.oil-india.com/download-tender-document?ten_detail=NkVPeHZDSEw2RXFyMmdHdQ%3D%3D,data/raw/oil_india/tenders/detail_pages/GEM_2026_B_7356479.html
GEM_2026_B_7359918,NIT,,https://www.oil-india.com/download-tender-document?ten_detail=NkVPL3Z5SEw2RXFyMmdHdQ%3D%3D,data/raw/oil_india/tenders/detail_pages/GEM_2026_B_7359918.html
GEM_2026_B_7364314,NIT,,https://www.oil-india.com/download-tender-document?ten_detail=NkVPK3ZTSEw2RXFyMmdHdQ%3D%3D,data/raw/oil_india/tenders/detail_pages/GEM_2026_B_7364314.html
GEM_2026_B_7371058,NIT,,https://www.oil-india.com/download-tender-document?ten_detail=NkVPK3VDSEw2RXFyMmdHdQ%3D%3D,data/raw/oil_india/tenders/detail_pages/GEM_2026_B_7371058.html
GEM_2026_B_7371062,NIT,,https://www.oil-india.com/download-tender-document?ten_detail=NkVPK3VTSEw2RXFyMmdHdQ%3D%3D,data/raw/oil_india/tenders/detail_pages/GEM_2026_B_7371062.html
GEM_2026_B_7373189,NIT,,https://www.oil-india.com/download-tender-document?ten_detail=NkVPL3VTSEw2RXFyMmdHdQ%3D%3D,data/raw/oil_india/tenders/detail_pages/GEM_2026_B_7373189.html
GEM_2026_B_7375019,NIT,,https://www.oil-india.com/download-tender-document?ten_detail=NkVPK3RTSEw2RXFyMmdHdQ%3D%3D,data/raw/oil_india/tenders/detail_pages/GEM_2026_B_7375019.html
GEM_2026_B_7375706,NIT,,https://www.oil-india.com/download-tender-document?ten_detail=NkVPK3RDSEw2RXFyMmdHdQ%3D%3D,data/raw/oil_india/tenders/detail_pages/GEM_2026_B_7375706.html
GEM_2026_B_7376577,NIT,,https://www.oil-india.com/download-tender-document?ten_detail=NkVPL3ZTSEw2RXFyMmdHdQ%3D%3D,data/raw/oil_india/tenders/detail_pages/GEM_2026_B_7376577.html
GEM_2026_B_7376818,NIT,,https://www.oil-india.com/download-tender-document?ten_detail=NkVPL3ZDSEw2RXFyMmdHdQ%3D%3D,data/raw/oil_india/tenders/detail_pages/GEM_2026_B_7376818.html
GEM_2026_B_7381881,NIT,,https://www.oil-india.com/download-tender-document?ten_detail=NkVLMnZ5SEw2RXFyMmdHdQ%3D%3D,data/raw/oil_india/tenders/detail_pages/GEM_2026_B_7381881.html
GEM_2026_B_7383577,NIT,,https://www.oil-india.com/download-tender-document?ten_detail=NkVLMnVDSEw2RXFyMmdHdQ%3D%3D,data/raw/oil_india/tenders/detail_pages/GEM_2026_B_7383577.html
GEM_2026_B_7383910,NIT,,https://www.oil-india.com/download-tender-document?ten_detail=NkVPL3VDSEw2RXFyMmdHdQ%3D%3D,data/raw/oil_india/tenders/detail_pages/GEM_2026_B_7383910.html
GEM_2026_B_7384963,NIT,,https://www.oil-india.com/download-tender-document?ten_detail=NkVLMnV5SEw2RXFyMmdHdQ%3D%3D,data/raw/oil_india/tenders/detail_pages/GEM_2026_B_7384963.html
GEM_2026_B_7388974,NIT,,https://www.oil-india.com/download-tender-document?ten_detail=NkVPL3VpSEw2RXFyMmdHdQ%3D%3D,data/raw/oil_india/tenders/detail_pages/GEM_2026_B_7388974.html
GEM_2026_B_7391479,NIT,,https://www.oil-india.com/download-tender-document?ten_detail=NkVLMnZDSEw2RXFyMmdHdQ%3D%3D,data/raw/oil_india/tenders/detail_pages/GEM_2026_B_7391479.html
GEM_2026_B_7392765,NIT,,https://www.oil-india.com/download-tender-document?ten_detail=NkVLMnZpSEw2RXFyMmdHdQ%3D%3D,data/raw/oil_india/tenders/detail_pages/GEM_2026_B_7392765.html
GEM_2026_B_7392794,NIT,,https://www.oil-india.com/download-tender-document?ten_detail=NkVLMnVTSEw2RXFyMmdHdQ%3D%3D,data/raw/oil_india/tenders/detail_pages/GEM_2026_B_7392794.html
GEM_2026_B_7394582,NIT,,https://www.oil-india.com/download-tender-document?ten_detail=NkVLd3ZpSEw2RXFyMmdHdQ%3D%3D,data/raw/oil_india/tenders/detail_pages/GEM_2026_B_7394582.html
GEM_2026_B_7394686,NIT,,https://www.oil-india.com/download-tender-document?ten_detail=NkVLM3ZTSEw2RXFyM1FZPQ%3D%3D,data/raw/oil_india/tenders/detail_pages/GEM_2026_B_7394686.html
GEM_2026_B_7402228,NIT,,https://www.oil-india.com/download-tender-document?ten_detail=NkVLM3Z5SEw2RXFyMmdHdQ%3D%3D,data/raw/oil_india/tenders/detail_pages/GEM_2026_B_7402228.html
GEM_2026_B_7403730,NIT,,https://www.oil-india.com/download-tender-document?ten_detail=NkVLM3VTSEw2RXFyMmdHdQ%3D%3D,data/raw/oil_india/tenders/detail_pages/GEM_2026_B_7403730.html
GEM_2026_B_7404107,NIT,,https://www.oil-india.com/download-tender-document?ten_detail=NkVLMHZ5SEw2RXFyMmdHdQ%3D%3D,data/raw/oil_india/tenders/detail_pages/GEM_2026_B_7404107.html
GEM_2026_B_7404299,NIT,,https://www.oil-india.com/download-tender-document?ten_detail=NkVLM3RTSEw2RXFyMmdHdQ%3D%3D,data/raw/oil_india/tenders/detail_pages/GEM_2026_B_7404299.html
GEM_2026_B_7404306,NIT,,https://www.oil-india.com/download-tender-document?ten_detail=NkVDMHZpSEw2RXFyMmdHdQ%3D%3D,data/raw/oil_india/tenders/detail_pages/GEM_2026_B_7404306.html
GEM_2026_B_7404873,NIT,,https://www.oil-india.com/download-tender-document?ten_detail=NkVLenZpSEw2RXFyMmdHdQ%3D%3D,data/raw/oil_india/tenders/detail_pages/GEM_2026_B_7404873.html
GEM_2026_B_7404882,NIT,,https://www.oil-india.com/download-tender-document?ten_detail=NkVLM3V5SEw2RXFyMmdHdQ%3D%3D,data/raw/oil_india/tenders/detail_pages/GEM_2026_B_7404882.html
GEM_2026_B_7406069,NIT,,https://www.oil-india.com/download-tender-document?ten_detail=NkVLMHZpSEw2RXFyMmdHdQ%3D%3D,data/raw/oil_india/tenders/detail_pages/GEM_2026_B_7406069.html
GEM_2026_B_7407086,NIT,,https://www.oil-india.com/download-tender-document?ten_detail=NkVLMHRTSEw2RXFyMmdHdQ%3D%3D,data/raw/oil_india/tenders/detail_pages/GEM_2026_B_7407086.html
GEM_2026_B_7409340,NIT,,https://www.oil-india.com/download-tender-document?ten_detail=NkVLMHZDSEw2RXFyMmdHdQ%3D%3D,data/raw/oil_india/tenders/detail_pages/GEM_2026_B_7409340.html
GEM_2026_B_7409773,NIT,,https://www.oil-india.com/download-tender-document?ten_detail=NkVLenV5SEw2RXFyMmdHdQ%3D%3D,data/raw/oil_india/tenders/detail_pages/GEM_2026_B_7409773.html
GEM_2026_B_7409950,NIT,,https://www.oil-india.com/download-tender-document?ten_detail=NkVLMHVTSEw2RXFyMmdHdQ%3D%3D,data/raw/oil_india/tenders/detail_pages/GEM_2026_B_7409950.html
GEM_2026_B_7409958,NIT,,https://www.oil-india.com/download-tender-document?ten_detail=NkVLenVDSEw2RXFyMmdHdQ%3D%3D,data/raw/oil_india/tenders/detail_pages/GEM_2026_B_7409958.html
GEM_2026_B_7410157,NIT,,https://www.oil-india.com/download-tender-document?ten_detail=NkVLenVTSEw2RXFyMmdHdQ%3D%3D,data/raw/oil_india/tenders/detail_pages/GEM_2026_B_7410157.html
GEM_2026_B_7411267,NIT,,https://www.oil-india.com/download-tender-document?ten_detail=NkVLMHV5SEw2RXFyMmdHdQ%3D%3D,data/raw/oil_india/tenders/detail_pages/GEM_2026_B_7411267.html
GEM_2026_B_7411388,NIT,,https://www.oil-india.com/download-tender-document?ten_detail=NkVLMHVpSEw2RXFyMmdHdQ%3D%3D,data/raw/oil_india/tenders/detail_pages/GEM_2026_B_7411388.html
GEM_2026_B_7411406,NIT,,https://www.oil-india.com/download-tender-document?ten_detail=NkVDMnRDSEw2RXFyMmdHdQ%3D%3D,data/raw/oil_india/tenders/detail_pages/GEM_2026_B_7411406.html
GEM_2026_B_7411513,NIT,,https://www.oil-india.com/download-tender-document?ten_detail=NkVLMXVTSEw2RXFyMmdHdQ%3D%3D,data/raw/oil_india/tenders/detail_pages/GEM_2026_B_7411513.html
GEM_2026_B_7411930,NIT,,https://www.oil-india.com/download-tender-document?ten_detail=NkVLMXVpSEw2RXFyMmdHdQ%3D%3D,data/raw/oil_india/tenders/detail_pages/GEM_2026_B_7411930.html
GEM_2026_B_7412921,NIT,,https://www.oil-india.com/download-tender-document?ten_detail=NkVLMXZTSEw2RXFyMmdHdQ%3D%3D,data/raw/oil_india/tenders/detail_pages/GEM_2026_B_7412921.html
GEM_2026_B_7413550,NIT,,https://www.oil-india.com/download-tender-document?ten_detail=NkVLMXZDSEw2RXFyMmdHdQ%3D%3D,data/raw/oil_india/tenders/detail_pages/GEM_2026_B_7413550.html
GEM_2026_B_7413690,NIT,,https://www.oil-india.com/download-tender-document?ten_detail=NkVDK3VTSEw2RXFyMmdHdQ%3D%3D,data/raw/oil_india/tenders/detail_pages/GEM_2026_B_7413690.html
GEM_2026_B_7414106,NIT,,https://www.oil-india.com/download-tender-document?ten_detail=NkVLMXVDSEw2RXFyMmdHdQ%3D%3D,data/raw/oil_india/tenders/detail_pages/GEM_2026_B_7414106.html
GEM_2026_B_7414242,NIT,,https://www.oil-india.com/download-tender-document?ten_detail=NkVLeHZ5SEw2RXFyMmdHdQ%3D%3D,data/raw/oil_india/tenders/detail_pages/GEM_2026_B_7414242.html
GEM_2026_B_7415804,NIT,,https://www.oil-india.com/download-tender-document?ten_detail=NkVLMXV5SEw2RXFyMmdHdQ%3D%3D,data/raw/oil_india/tenders/detail_pages/GEM_2026_B_7415804.html
GEM_2026_B_7417125,NIT,,https://www.oil-india.com/download-tender-document?ten_detail=NkVLMXRTSEw2RXFyMmdHdQ%3D%3D,data/raw/oil_india/tenders/detail_pages/GEM_2026_B_7417125.html
GEM_2026_B_7417475,NIT,,https://www.oil-india.com/download-tender-document?ten_detail=NkVLeXVpSEw2RXFyMmdHdQ%3D%3D,data/raw/oil_india/tenders/detail_pages/GEM_2026_B_7417475.html
GEM_2026_B_7417545,NIT,,https://www.oil-india.com/download-tender-document?ten_detail=NkVLL3VTSEw2RXFyMmdHdQ%3D%3D,data/raw/oil_india/tenders/detail_pages/GEM_2026_B_7417545.html
GEM_2026_B_7419244,NIT,,https://www.oil-india.com/download-tender-document?ten_detail=NkVLeXZDSEw2RXFyMmdHdQ%3D%3D,data/raw/oil_india/tenders/detail_pages/GEM_2026_B_7419244.html
GEM_2026_B_7419736,NIT,,https://www.oil-india.com/download-tender-document?ten_detail=NkVLeXZ5SEw2RXFyMmdHdQ%3D%3D,data/raw/oil_india/tenders/detail_pages/GEM_2026_B_7419736.html
GEM_2026_B_7420620,NIT,,https://www.oil-india.com/download-tender-document?ten_detail=NkVLeXRDSEw2RXFyMmdHdQ%3D%3D,data/raw/oil_india/tenders/detail_pages/GEM_2026_B_7420620.html
GEM_2026_B_7420705,NIT,,https://www.oil-india.com/download-tender-document?ten_detail=NkVLenVpSEw2RXFyMmdHdQ%3D%3D,data/raw/oil_india/tenders/detail_pages/GEM_2026_B_7420705.html
GEM_2026_B_7420737,NIT,,https://www.oil-india.com/download-tender-document?ten_detail=NkVLeXVDSEw2RXFyMmdHdQ%3D%3D,data/raw/oil_india/tenders/detail_pages/GEM_2026_B_7420737.html
GEM_2026_B_7421232,NIT,,https://www.oil-india.com/download-tender-document?ten_detail=NkVLeXV5SEw2RXFyMmdHdQ%3D%3D,data/raw/oil_india/tenders/detail_pages/GEM_2026_B_7421232.html
GEM_2026_B_7422245,NIT,,https://www.oil-india.com/download-tender-document?ten_detail=NkVLL3Z5SEw2RXFyMmdHdQ%3D%3D,data/raw/oil_india/tenders/detail_pages/GEM_2026_B_7422245.html
GEM_2026_B_7422858,NIT,,https://www.oil-india.com/download-tender-document?ten_detail=NkVDeXZTSEw2RXFyMmdHdQ%3D%3D,data/raw/oil_india/tenders/detail_pages/GEM_2026_B_7422858.html
GEM_2026_B_7423291,NIT,,https://www.oil-india.com/download-tender-document?ten_detail=NkVLd3Z5SEw2RXFyMmdHdQ%3D%3D,data/raw/oil_india/tenders/detail_pages/GEM_2026_B_7423291.html
GEM_2026_B_7423397,NIT,,https://www.oil-india.com/download-tender-document?ten_detail=NkVHMXZpSEw2RXFyMmdHdQ%3D%3D,data/raw/oil_india/tenders/detail_pages/GEM_2026_B_7423397.html
GEM_2026_B_7423803,NIT,,https://www.oil-india.com/download-tender-document?ten_detail=NkVLeXRTSEw2RXFyMmdHdQ%3D%3D,data/raw/oil_india/tenders/detail_pages/GEM_2026_B_7423803.html
GEM_2026_B_7424677,NIT,,https://www.oil-india.com/download-tender-document?ten_detail=NkVLenRTSEw2RXFyMmdHdQ%3D%3D,data/raw/oil_india/tenders/detail_pages/GEM_2026_B_7424677.html
GEM_2026_B_7424771,NIT,,https://www.oil-india.com/download-tender-document?ten_detail=NkVLenRDSEw2RXFyMmdHdQ%3D%3D,data/raw/oil_india/tenders/detail_pages/GEM_2026_B_7424771.html
GEM_2026_B_7425082,NIT,,https://www.oil-india.com/download-tender-document?ten_detail=NkVHMXVDSEw2RXFyMmdHdQ%3D%3D,data/raw/oil_india/tenders/detail_pages/GEM_2026_B_7425082.html
GEM_2026_B_7425366,NIT,,https://www.oil-india.com/download-tender-document?ten_detail=NkVLenZ5SEw2RXFyMmdHdQ%3D%3D,data/raw/oil_india/tenders/detail_pages/GEM_2026_B_7425366.html
GEM_2026_B_7427721,NIT,,https://www.oil-india.com/download-tender-document?ten_detail=NkVLenZDSEw2RXFyMmdHdQ%3D%3D,data/raw/oil_india/tenders/detail_pages/GEM_2026_B_7427721.html
GEM_2026_B_7431149,NIT,,https://www.oil-india.com/download-tender-document?ten_detail=NkVHeHZTSEw2RXFyMmdHdQ%3D%3D,data/raw/oil_india/tenders/detail_pages/GEM_2026_B_7431149.html
GEM_2026_B_7433351,NIT,,https://www.oil-india.com/download-tender-document?ten_detail=NkVLeHVpSEw2RXFyMmdHdQ%3D%3D,data/raw/oil_india/tenders/detail_pages/GEM_2026_B_7433351.html
GEM_2026_B_7433513,NIT,,https://www.oil-india.com/download-tender-document?ten_detail=NkVLd3VTSEw2RXFyMmdHdQ%3D%3D,data/raw/oil_india/tenders/detail_pages/GEM_2026_B_7433513.html
GEM_2026_B_7433959,NIT,,https://www.oil-india.com/download-tender-document?ten_detail=NkVHeHVpSEw2RXFyMmdHdQ%3D%3D,data/raw/oil_india/tenders/detail_pages/GEM_2026_B_7433959.html
GEM_2026_B_7434954,NIT,,https://www.oil-india.com/download-tender-document?ten_detail=NkVLeHZDSEw2RXFyMmdHdQ%3D%3D,data/raw/oil_india/tenders/detail_pages/GEM_2026_B_7434954.html
GEM_2026_B_7434960,NIT,,https://www.oil-india.com/download-tender-document?ten_detail=NkVLd3VpSEw2RXFyMmdHdQ%3D%3D,data/raw/oil_india/tenders/detail_pages/GEM_2026_B_7434960.html
GEM_2026_B_7435066,NIT,,https://www.oil-india.com/download-tender-document?ten_detail=NkVLd3RTSEw2RXFyMmdHdQ%3D%3D,data/raw/oil_india/tenders/detail_pages/GEM_2026_B_7435066.html
GEM_2026_B_7435179,NIT,,https://www.oil-india.com/download-tender-document?ten_detail=NkVLL3VDSEw2RXFyMmdHdQ%3D%3D,data/raw/oil_india/tenders/detail_pages/GEM_2026_B_7435179.html
GEM_2026_B_7435255,NIT,,https://www.oil-india.com/download-tender-document?ten_detail=NkVLL3ZDSEw2RXFyMmdHdQ%3D%3D,data/raw/oil_india/tenders/detail_pages/GEM_2026_B_7435255.html
GEM_2026_B_7435354,NIT,,https://www.oil-india.com/download-tender-document?ten_detail=NkVLeHZpSEw2RXFyMmdHdQ%3D%3D,data/raw/oil_india/tenders/detail_pages/GEM_2026_B_7435354.html
GEM_2026_B_7436615,NIT,,https://www.oil-india.com/download-tender-document?ten_detail=NkVLeHV5SEw2RXFyMmdHdQ%3D%3D,data/raw/oil_india/tenders/detail_pages/GEM_2026_B_7436615.html
GEM_2026_B_7437193,NIT,,https://www.oil-india.com/download-tender-document?ten_detail=NkVHM3RTSEw2RXFyMmdHdQ%3D%3D,data/raw/oil_india/tenders/detail_pages/GEM_2026_B_7437193.html
GEM_2026_B_7437258,NIT,,https://www.oil-india.com/download-tender-document?ten_detail=NkVLL3ZTSEw2RXFyMmdHdQ%3D%3D,data/raw/oil_india/tenders/detail_pages/GEM_2026_B_7437258.html
GEM_2026_B_7437353,NIT,,https://www.oil-india.com/download-tender-document?ten_detail=NkVLeHVTSEw2RXFyMmdHdQ%3D%3D,data/raw/oil_india/tenders/detail_pages/GEM_2026_B_7437353.html
GEM_2026_B_7437879,NIT,,https://www.oil-india.com/download-tender-document?ten_detail=NkVLeHVDSEw2RXFyMmdHdQ%3D%3D,data/raw/oil_india/tenders/detail_pages/GEM_2026_B_7437879.html
GEM_2026_B_7438445,NIT,,https://www.oil-india.com/download-tender-document?ten_detail=NkVHMnZ5SEw2RXFyMmdHdQ%3D%3D,data/raw/oil_india/tenders/detail_pages/GEM_2026_B_7438445.html
GEM_2026_B_7438599,NIT,,https://www.oil-india.com/download-tender-document?ten_detail=NkVHM3VpSEw2RXFyMmdHdQ%3D%3D,data/raw/oil_india/tenders/detail_pages/GEM_2026_B_7438599.html
GEM_2026_B_7438678,NIT,,https://www.oil-india.com/download-tender-document?ten_detail=NkVHMnZpSEw2RXFyMmdHdQ%3D%3D,data/raw/oil_india/tenders/detail_pages/GEM_2026_B_7438678.html
GEM_2026_B_7440969,NIT,,https://www.oil-india.com/download-tender-document?ten_detail=NkVLeHRTSEw2RXFyMmdHdQ%3D%3D,data/raw/oil_india/tenders/detail_pages/GEM_2026_B_7440969.html
GEM_2026_B_7444377,NIT,,https://www.oil-india.com/download-tender-document?ten_detail=NkVLeHRDSEw2RXFyMmdHdQ%3D%3D,data/raw/oil_india/tenders/detail_pages/GEM_2026_B_7444377.html
GEM_2026_B_7444919,NIT,,https://www.oil-india.com/download-tender-document?ten_detail=NkVLL3VpSEw2RXFyMmdHdQ%3D%3D,data/raw/oil_india/tenders/detail_pages/GEM_2026_B_7444919.html
GEM_2026_B_7446561,NIT,,https://www.oil-india.com/download-tender-document?ten_detail=NkVLK3VDSEw2RXFyMmdHdQ%3D%3D,data/raw/oil_india/tenders/detail_pages/GEM_2026_B_7446561.html
GEM_2026_B_7448771,NIT,,https://www.oil-india.com/download-tender-document?ten_detail=NkVHMXRTSEw2RXFyMmdHdQ%3D%3D,data/raw/oil_india/tenders/detail_pages/GEM_2026_B_7448771.html
GEM_2026_B_7448901,NIT,,https://www.oil-india.com/download-tender-document?ten_detail=NkVLK3V5SEw2RXFyMmdHdQ%3D%3D,data/raw/oil_india/tenders/detail_pages/GEM_2026_B_7448901.html
GEM_2026_B_7448945,NIT,,https://www.oil-india.com/download-tender-document?ten_detail=NkVHMnVDSEw2RXFyMmdHdQ%3D%3D,data/raw/oil_india/tenders/detail_pages/GEM_2026_B_7448945.html
GEM_2026_B_7449730,NIT,,https://www.oil-india.com/download-tender-document?ten_detail=NkVLK3VpSEw2RXFyMmdHdQ%3D%3D,data/raw/oil_india/tenders/detail_pages/GEM_2026_B_7449730.html
GEM_2026_B_7450343,NIT,,https://www.oil-india.com/download-tender-document?ten_detail=NkVLK3RTSEw2RXFyMmdHdQ%3D%3D,data/raw/oil_india/tenders/detail_pages/GEM_2026_B_7450343.html
GEM_2026_B_7452376,NIT,,https://www.oil-india.com/download-tender-document?ten_detail=NkVLK3RDSEw2RXFyMmdHdQ%3D%3D,data/raw/oil_india/tenders/detail_pages/GEM_2026_B_7452376.html
GEM_2026_B_7452574,NIT,,https://www.oil-india.com/download-tender-document?ten_detail=NkUrd3VpSEw2RXFyMmdHdQ%3D%3D,data/raw/oil_india/tenders/detail_pages/GEM_2026_B_7452574.html
GEM_2026_B_7452653,NIT,,https://www.oil-india.com/download-tender-document?ten_detail=NkVHenZTSEw2RXFyMmdHdQ%3D%3D,data/raw/oil_india/tenders/detail_pages/GEM_2026_B_7452653.html
GEM_2026_B_7456327,NIT,,https://www.oil-india.com/download-tender-document?ten_detail=NkVLL3V5SEw2RXFyMmdHdQ%3D%3D,data/raw/oil_india/tenders/detail_pages/GEM_2026_B_7456327.html
GEM_2026_B_7457683,NIT,,https://www.oil-india.com/download-tender-document?ten_detail=NkVHMnVpSEw2RXFyMmdHdQ%3D%3D,data/raw/oil_india/tenders/detail_pages/GEM_2026_B_7457683.html
GEM_2026_B_7458829,NIT,,https://www.oil-india.com/download-tender-document?ten_detail=NkVHMXRDSEw2RXFyMmdHdQ%3D%3D,data/raw/oil_india/tenders/detail_pages/GEM_2026_B_7458829.html
GEM_2026_B_7459451,NIT,,https://www.oil-india.com/download-tender-document?ten_detail=NkVLL3RTSEw2RXFyMmdHdQ%3D%3D,data/raw/oil_india/tenders/detail_pages/GEM_2026_B_7459451.html
GEM_2026_B_7459486,NIT,,https://www.oil-india.com/download-tender-document?ten_detail=NkVLL3RDSEw2RXFyMmdHdQ%3D%3D,data/raw/oil_india/tenders/detail_pages/GEM_2026_B_7459486.html
GEM_2026_B_7459790,NIT,,https://www.oil-india.com/download-tender-document?ten_detail=NkVHM3VDSEw2RXFyMmdHdQ%3D%3D,data/raw/oil_india/tenders/detail_pages/GEM_2026_B_7459790.html
GEM_2026_B_7461223,NIT,,https://www.oil-india.com/download-tender-document?ten_detail=NkVHMHZpSEw2RXFyMmdHdQ%3D%3D,data/raw/oil_india/tenders/detail_pages/GEM_2026_B_7461223.html
GEM_2026_B_7461287,NIT,,https://www.oil-india.com/download-tender-document?ten_detail=NkVHM3ZDSEw2RXFyMmdHdQ%3D%3D,data/raw/oil_india/tenders/detail_pages/GEM_2026_B_7461287.html
GEM_2026_B_7461538,NIT,,https://www.oil-india.com/download-tender-document?ten_detail=NkVHMnRTSEw2RXFyMmdHdQ%3D%3D,data/raw/oil_india/tenders/detail_pages/GEM_2026_B_7461538.html
GEM_2026_B_7462051,NIT,,https://www.oil-india.com/download-tender-document?ten_detail=NkVHM3ZpSEw2RXFyMmdHdQ%3D%3D,data/raw/oil_india/tenders/detail_pages/GEM_2026_B_7462051.html
GEM_2026_B_7462382,NIT,,https://www.oil-india.com/download-tender-document?ten_detail=NkVHM3ZTSEw2RXFyMmdHdQ%3D%3D,data/raw/oil_india/tenders/detail_pages/GEM_2026_B_7462382.html
GEM_2026_B_7467747,NIT,,https://www.oil-india.com/download-tender-document?ten_detail=NkVHM3V5SEw2RXFyMmdHdQ%3D%3D,data/raw/oil_india/tenders/detail_pages/GEM_2026_B_7467747.html
GEM_2026_B_7469177,NIT,,https://www.oil-india.com/download-tender-document?ten_detail=NkVHM3RDSEw2RXFyMmdHdQ%3D%3D,data/raw/oil_india/tenders/detail_pages/GEM_2026_B_7469177.html
GEM_2026_B_7470287,NIT,,https://www.oil-india.com/download-tender-document?ten_detail=NkVHMHZDSEw2RXFyMmdHdQ%3D%3D,data/raw/oil_india/tenders/detail_pages/GEM_2026_B_7470287.html
GEM_2026_B_7471380,NIT,,https://www.oil-india.com/download-tender-document?ten_detail=NkVHMHZ5SEw2RXFyMmdHdQ%3D%3D,data/raw/oil_india/tenders/detail_pages/GEM_2026_B_7471380.html
GEM_2026_B_7473078,NIT,,https://www.oil-india.com/download-tender-document?ten_detail=NkVHMHVDSEw2RXFyMmdHdQ%3D%3D,data/raw/oil_india/tenders/detail_pages/GEM_2026_B_7473078.html
GEM_2026_B_7473488,NIT,,https://www.oil-india.com/download-tender-document?ten_detail=NkVHMHV5SEw2RXFyMmdHdQ%3D%3D,data/raw/oil_india/tenders/detail_pages/GEM_2026_B_7473488.html
GEM_2026_B_7473705,NIT,,https://www.oil-india.com/download-tender-document?ten_detail=NkVHMHVpSEw2RXFyMmdHdQ%3D%3D,data/raw/oil_india/tenders/detail_pages/GEM_2026_B_7473705.html
GEM_2026_B_7474332,NIT,,https://www.oil-india.com/download-tender-document?ten_detail=NkVHMHRTSEw2RXFyMmdHdQ%3D%3D,data/raw/oil_india/tenders/detail_pages/GEM_2026_B_7474332.html
GEM_2026_B_7475648,NIT,,https://www.oil-india.com/download-tender-document?ten_detail=NkVDMnZDSEw2RXFyMmdHdQ%3D%3D,data/raw/oil_india/tenders/detail_pages/GEM_2026_B_7475648.html
GEM_2026_B_7475850,NIT,,https://www.oil-india.com/download-tender-document?ten_detail=NkVHMXZ5SEw2RXFyMmdHdQ%3D%3D,data/raw/oil_india/tenders/detail_pages/GEM_2026_B_7475850.html
GEM_2026_B_7478189,NIT,,https://www.oil-india.com/download-tender-document?ten_detail=NkVHenZDSEw2RXFyMmdHdQ%3D%3D,data/raw/oil_india/tenders/detail_pages/GEM_2026_B_7478189.html
GEM_2026_B_7478193,NIT,,https://www.oil-india.com/download-tender-document?ten_detail=NkVHeXRDSEw2RXFyMmdHdQ%3D%3D,data/raw/oil_india/tenders/detail_pages/GEM_2026_B_7478193.html
GEM_2026_B_7478275,NIT,,https://www.oil-india.com/download-tender-document?ten_detail=NkVHMXV5SEw2RXFyMmdHdQ%3D%3D,data/raw/oil_india/tenders/detail_pages/GEM_2026_B_7478275.html
GEM_2026_B_7478327,NIT,,https://www.oil-india.com/download-tender-document?ten_detail=NkVHMXVTSEw2RXFyMmdHdQ%3D%3D,data/raw/oil_india/tenders/detail_pages/GEM_2026_B_7478327.html
GEM_2026_B_7479944,NIT,,https://www.oil-india.com/download-tender-document?ten_detail=NkVHL3VpSEw2RXFyMmdHdQ%3D%3D,data/raw/oil_india/tenders/detail_pages/GEM_2026_B_7479944.html
GEM_2026_B_7481973,NIT,,https://www.oil-india.com/download-tender-document?ten_detail=NkVHenZ5SEw2RXFyMmdHdQ%3D%3D,data/raw/oil_india/tenders/detail_pages/GEM_2026_B_7481973.html
GEM_2026_B_7482060,NIT,,https://www.oil-india.com/download-tender-document?ten_detail=NkVHeXZTSEw2RXFyMmdHdQ%3D%3D,data/raw/oil_india/tenders/detail_pages/GEM_2026_B_7482060.html
GEM_2026_B_7482079,NIT,,https://www.oil-india.com/download-tender-document?ten_detail=NkVHeHVDSEw2RXFyMmdHdQ%3D%3D,data/raw/oil_india/tenders/detail_pages/GEM_2026_B_7482079.html
GEM_2026_B_7483741,NIT,,https://www.oil-india.com/download-tender-document?ten_detail=NkVHeXZ5SEw2RXFyMmdHdQ%3D%3D,data/raw/oil_india/tenders/detail_pages/GEM_2026_B_7483741.html
GEM_2026_B_7484109,NIT,,https://www.oil-india.com/download-tender-document?ten_detail=NkVHeXRTSEw2RXFyMmdHdQ%3D%3D,data/raw/oil_india/tenders/detail_pages/GEM_2026_B_7484109.html
GEM_2026_B_7485385,NIT,,https://www.oil-india.com/download-tender-document?ten_detail=NkVHeXVTSEw2RXFyMmdHdQ%3D%3D,data/raw/oil_india/tenders/detail_pages/GEM_2026_B_7485385.html
GEM_2026_B_7485983,NIT,,https://www.oil-india.com/download-tender-document?ten_detail=NkUrM3ZDSEw2RXFyMmdHdQ%3D%3D,data/raw/oil_india/tenders/detail_pages/GEM_2026_B_7485983.html
GEM_2026_B_7486376,NIT,,https://www.oil-india.com/download-tender-document?ten_detail=NkVHenVTSEw2RXFyMmdHdQ%3D%3D,data/raw/oil_india/tenders/detail_pages/GEM_2026_B_7486376.html
GEM_2026_B_7487511,NIT,,https://www.oil-india.com/download-tender-document?ten_detail=NkVHenZpSEw2RXFyMmdHdQ%3D%3D,data/raw/oil_india/tenders/detail_pages/GEM_2026_B_7487511.html
GEM_2026_B_7489369,NIT,,https://www.oil-india.com/download-tender-document?ten_detail=NkVHd3Z5SEw2RXFyMmdHdQ%3D%3D,data/raw/oil_india/tenders/detail_pages/GEM_2026_B_7489369.html
GEM_2026_B_7489433,NIT,,https://www.oil-india.com/download-tender-document?ten_detail=NkVHd3VTSEw2RXFyMmdHdQ%3D%3D,data/raw/oil_india/tenders/detail_pages/GEM_2026_B_7489433.html
GEM_2026_B_7489592,NIT,,https://www.oil-india.com/download-tender-document?ten_detail=NkVHenVDSEw2RXFyMmdHdQ%3D%3D,data/raw/oil_india/tenders/detail_pages/GEM_2026_B_7489592.html
GEM_2026_B_7489722,NIT,,https://www.oil-india.com/download-tender-document?ten_detail=NkVHenV5SEw2RXFyMmdHdQ%3D%3D,data/raw/oil_india/tenders/detail_pages/GEM_2026_B_7489722.html
GEM_2026_B_7490332,NIT,,https://www.oil-india.com/download-tender-document?ten_detail=NkVHenVpSEw2RXFyMmdHdQ%3D%3D,data/raw/oil_india/tenders/detail_pages/GEM_2026_B_7490332.html
GEM_2026_B_7491282,NIT,,https://www.oil-india.com/download-tender-document?ten_detail=NkVHenRTSEw2RXFyMmdHdQ%3D%3D,data/raw/oil_india/tenders/detail_pages/GEM_2026_B_7491282.html
GEM_2026_B_7492567,NIT,,https://www.oil-india.com/download-tender-document?ten_detail=NkVHenRDSEw2RXFyMmdHdQ%3D%3D,data/raw/oil_india/tenders/detail_pages/GEM_2026_B_7492567.html
GEM_2026_B_7493407,NIT,,https://www.oil-india.com/download-tender-document?ten_detail=NkVHd3ZTSEw2RXFyMmdHdQ%3D%3D,data/raw/oil_india/tenders/detail_pages/GEM_2026_B_7493407.html
GEM_2026_B_7493513,NIT,,https://www.oil-india.com/download-tender-document?ten_detail=NkVHd3ZDSEw2RXFyMmdHdQ%3D%3D,data/raw/oil_india/tenders/detail_pages/GEM_2026_B_7493513.html
GEM_2026_B_7495118,NIT,,https://www.oil-india.com/download-tender-document?ten_detail=NkVDMnZ5SEw2RXFyMmdHdQ%3D%3D,data/raw/oil_india/tenders/detail_pages/GEM_2026_B_7495118.html
GEM_2026_B_7495450,NIT,,https://www.oil-india.com/download-tender-document?ten_detail=NkVHd3VDSEw2RXFyMmdHdQ%3D%3D,data/raw/oil_india/tenders/detail_pages/GEM_2026_B_7495450.html
GEM_2026_B_7495577,NIT,,https://www.oil-india.com/download-tender-document?ten_detail=NkVHd3V5SEw2RXFyMmdHdQ%3D%3D,data/raw/oil_india/tenders/detail_pages/GEM_2026_B_7495577.html
GEM_2026_B_7495643,NIT,,https://www.oil-india.com/download-tender-document?ten_detail=NkVHd3VpSEw2RXFyMmdHdQ%3D%3D,data/raw/oil_india/tenders/detail_pages/GEM_2026_B_7495643.html
GEM_2026_B_7498529,NIT,,https://www.oil-india.com/download-tender-document?ten_detail=NkVHeHZ5SEw2RXFyMmdHdQ%3D%3D,data/raw/oil_india/tenders/detail_pages/GEM_2026_B_7498529.html
GEM_2026_B_7498584,NIT,,https://www.oil-india.com/download-tender-document?ten_detail=NkVHeHZpSEw2RXFyMmdHdQ%3D%3D,data/raw/oil_india/tenders/detail_pages/GEM_2026_B_7498584.html
GEM_2026_B_7501936,NIT,,https://www.oil-india.com/download-tender-document?ten_detail=NkVHK3ZTSEw2RXFyMmdHdQ%3D%3D,data/raw/oil_india/tenders/detail_pages/GEM_2026_B_7501936.html
GEM_2026_B_7502008,NIT,,https://www.oil-india.com/download-tender-document?ten_detail=NkVHeHRDSEw2RXFyMmdHdQ%3D%3D,data/raw/oil_india/tenders/detail_pages/GEM_2026_B_7502008.html
GEM_2026_B_7502385,NIT,,https://www.oil-india.com/download-tender-document?ten_detail=NkVHK3Z5SEw2RXFyMmdHdQ%3D%3D,data/raw/oil_india/tenders/detail_pages/GEM_2026_B_7502385.html
GEM_2026_B_7502534,NIT,,https://www.oil-india.com/download-tender-document?ten_detail=NkVHK3ZDSEw2RXFyMmdHdQ%3D%3D,data/raw/oil_india/tenders/detail_pages/GEM_2026_B_7502534.html
GEM_2026_B_7502952,NIT,,https://www.oil-india.com/download-tender-document?ten_detail=NkVHeHRTSEw2RXFyMmdHdQ%3D%3D,data/raw/oil_india/tenders/detail_pages/GEM_2026_B_7502952.html
GEM_2026_B_7503859,NIT,,https://www.oil-india.com/download-tender-document?ten_detail=NkVHL3ZDSEw2RXFyMmdHdQ%3D%3D,data/raw/oil_india/tenders/detail_pages/GEM_2026_B_7503859.html
GEM_2026_B_7504115,NIT,,https://www.oil-india.com/download-tender-document?ten_detail=NkVHK3ZpSEw2RXFyMmdHdQ%3D%3D,data/raw/oil_india/tenders/detail_pages/GEM_2026_B_7504115.html
GEM_2026_B_7504471,NIT,,https://www.oil-india.com/download-tender-document?ten_detail=NkVHK3VDSEw2RXFyMmdHdQ%3D%3D,data/raw/oil_india/tenders/detail_pages/GEM_2026_B_7504471.html
GEM_2026_B_7505284,NIT,,https://www.oil-india.com/download-tender-document?ten_detail=NkVHeHV5SEw2RXFyMmdHdQ%3D%3D,data/raw/oil_india/tenders/detail_pages/GEM_2026_B_7505284.html
GEM_2026_B_7506809,NIT,,https://www.oil-india.com/download-tender-document?ten_detail=NkVHL3V5SEw2RXFyMmdHdQ%3D%3D,data/raw/oil_india/tenders/detail_pages/GEM_2026_B_7506809.html
GEM_2026_B_7506869,NIT,,https://www.oil-india.com/download-tender-document?ten_detail=NkVHK3V5SEw2RXFyMmdHdQ%3D%3D,data/raw/oil_india/tenders/detail_pages/GEM_2026_B_7506869.html
GEM_2026_B_7507604,NIT,,https://www.oil-india.com/download-tender-document?ten_detail=NkVHK3VpSEw2RXFyMmdHdQ%3D%3D,data/raw/oil_india/tenders/detail_pages/GEM_2026_B_7507604.html
GEM_2026_B_7508740,NIT,,https://www.oil-india.com/download-tender-document?ten_detail=NkVHK3RDSEw2RXFyMmdHdQ%3D%3D,data/raw/oil_india/tenders/detail_pages/GEM_2026_B_7508740.html
GEM_2026_B_7509264,NIT,,https://www.oil-india.com/download-tender-document?ten_detail=NkVDM3V5SEw2RXFyMmdHdQ%3D%3D,data/raw/oil_india/tenders/detail_pages/GEM_2026_B_7509264.html
GEM_2026_B_7509941,NIT,,https://www.oil-india.com/download-tender-document?ten_detail=NkVHK3VTSEw2RXFyMmdHdQ%3D%3D,data/raw/oil_india/tenders/detail_pages/GEM_2026_B_7509941.html
GEM_2026_B_7511155,NIT,,https://www.oil-india.com/download-tender-document?ten_detail=NkVDenVDSEw2RXFyMmdHdQ%3D%3D,data/raw/oil_india/tenders/detail_pages/GEM_2026_B_7511155.html
GEM_2026_B_7511365,NIT,,https://www.oil-india.com/download-tender-document?ten_detail=NkVDMnZpSEw2RXFyMmdHdQ%3D%3D,data/raw/oil_india/tenders/detail_pages/GEM_2026_B_7511365.html
GEM_2026_B_7511415,NIT,,https://www.oil-india.com/download-tender-document?ten_detail=NkVHK3RTSEw2RXFyMmdHdQ%3D%3D,data/raw/oil_india/tenders/detail_pages/GEM_2026_B_7511415.html
GEM_2026_B_7511642,NIT,,https://www.oil-india.com/download-tender-document?ten_detail=NkVHL3Z5SEw2RXFyMmdHdQ%3D%3D,data/raw/oil_india/tenders/detail_pages/GEM_2026_B_7511642.html
GEM_2026_B_7514361,NIT,,https://www.oil-india.com/download-tender-document?ten_detail=NkVHL3ZpSEw2RXFyMmdHdQ%3D%3D,data/raw/oil_india/tenders/detail_pages/GEM_2026_B_7514361.html
GEM_2026_B_7515661,NIT,,https://www.oil-india.com/download-tender-document?ten_detail=NkVHL3RDSEw2RXFyMmdHdQ%3D%3D,data/raw/oil_india/tenders/detail_pages/GEM_2026_B_7515661.html
GEM_2026_B_7516098,NIT,,https://www.oil-india.com/download-tender-document?ten_detail=NkVHL3VDSEw2RXFyMmdHdQ%3D%3D,data/raw/oil_india/tenders/detail_pages/GEM_2026_B_7516098.html
GEM_2026_B_7518159,NIT,,https://www.oil-india.com/download-tender-document?ten_detail=NkVHL3RTSEw2RXFyMmdHdQ%3D%3D,data/raw/oil_india/tenders/detail_pages/GEM_2026_B_7518159.html
GEM_2026_B_7520682,NIT,,https://www.oil-india.com/download-tender-document?ten_detail=NkVDMnRTSEw2RXFyMmdHdQ%3D%3D,data/raw/oil_india/tenders/detail_pages/GEM_2026_B_7520682.html
GEM_2026_B_7522881,NIT,,https://www.oil-india.com/download-tender-document?ten_detail=NkVDM3VpSEw2RXFyMmdHdQ%3D%3D,data/raw/oil_india/tenders/detail_pages/GEM_2026_B_7522881.html
GEM_2026_B_7523499,NIT,,https://www.oil-india.com/download-tender-document?ten_detail=NkVDMnVDSEw2RXFyMmdHdQ%3D%3D,data/raw/oil_india/tenders/detail_pages/GEM_2026_B_7523499.html
GEM_2026_B_7523530,NIT,,https://www.oil-india.com/download-tender-document?ten_detail=NkVDMnVTSEw2RXFyMmdHdQ%3D%3D,data/raw/oil_india/tenders/detail_pages/GEM_2026_B_7523530.html
GEM_2026_B_7523661,NIT,,https://www.oil-india.com/download-tender-document?ten_detail=NkVDMnV5SEw2RXFyMmdHdQ%3D%3D,data/raw/oil_india/tenders/detail_pages/GEM_2026_B_7523661.html
GEM_2026_B_7523852,NIT,,https://www.oil-india.com/download-tender-document?ten_detail=NkVDM3ZTSEw2RXFyMmdHdQ%3D%3D,data/raw/oil_india/tenders/detail_pages/GEM_2026_B_7523852.html
GEM_2026_B_7525330,NIT,,https://www.oil-india.com/download-tender-document?ten_detail=NkVDM3ZpSEw2RXFyMmdHdQ%3D%3D,data/raw/oil_india/tenders/detail_pages/GEM_2026_B_7525330.html
GEM_2026_B_7525472,NIT,,https://www.oil-india.com/download-tender-document?ten_detail=NkVDM3RTSEw2RXFyMmdHdQ%3D%3D,data/raw/oil_india/tenders/detail_pages/GEM_2026_B_7525472.html
GEM_2026_B_7525542,NIT,,https://www.oil-india.com/download-tender-document?ten_detail=NkVDM3RDSEw2RXFyMmdHdQ%3D%3D,data/raw/oil_india/tenders/detail_pages/GEM_2026_B_7525542.html
GEM_2026_B_7525659,NIT,,https://www.oil-india.com/download-tender-document?ten_detail=NkVDMXRDSEw2RXFyMmdHdQ%3D%3D,data/raw/oil_india/tenders/detail_pages/GEM_2026_B_7525659.html
GEM_2026_B_7527247,NIT,,https://www.oil-india.com/download-tender-document?ten_detail=NkVDM3ZDSEw2RXFyMmdHdQ%3D%3D,data/raw/oil_india/tenders/detail_pages/GEM_2026_B_7527247.html
GEM_2026_B_7528420,NIT,,https://www.oil-india.com/download-tender-document?ten_detail=NkVDM3Z5SEw2RXFyMmdHdQ%3D%3D,data/raw/oil_india/tenders/detail_pages/GEM_2026_B_7528420.html
GEM_2026_B_7529903,NIT,,https://www.oil-india.com/download-tender-document?ten_detail=NkVDM3VDSEw2RXFyMmdHdQ%3D%3D,data/raw/oil_india/tenders/detail_pages/GEM_2026_B_7529903.html
GEM_2026_B_7530784,NIT,,https://www.oil-india.com/download-tender-document?ten_detail=NkVDMHZTSEw2RXFyMmdHdQ%3D%3D,data/raw/oil_india/tenders/detail_pages/GEM_2026_B_7530784.html
GEM_2026_B_7530800,NIT,,https://www.oil-india.com/download-tender-document?ten_detail=NkVDMHZ5SEw2RXFyMmdHdQ%3D%3D,data/raw/oil_india/tenders/detail_pages/GEM_2026_B_7530800.html
GEM_2026_B_7532401,NIT,,https://www.oil-india.com/download-tender-document?ten_detail=NkVDM3VTSEw2RXFyMmdHdQ%3D%3D,data/raw/oil_india/tenders/detail_pages/GEM_2026_B_7532401.html
GEM_2026_B_7532833,NIT,,https://www.oil-india.com/download-tender-document?ten_detail=NkVDMHZDSEw2RXFyMmdHdQ%3D%3D,data/raw/oil_india/tenders/detail_pages/GEM_2026_B_7532833.html
GEM_2026_B_7534195,NIT,,https://www.oil-india.com/download-tender-document?ten_detail=NkVDMHVTSEw2RXFyMmdHdQ%3D%3D,data/raw/oil_india/tenders/detail_pages/GEM_2026_B_7534195.html
GEM_2026_B_7535110,NIT,,https://www.oil-india.com/download-tender-document?ten_detail=NkVDMHVDSEw2RXFyMmdHdQ%3D%3D,data/raw/oil_india/tenders/detail_pages/GEM_2026_B_7535110.html
GEM_2026_B_7535156,NIT,,https://www.oil-india.com/download-tender-document?ten_detail=NkVDMHV5SEw2RXFyMmdHdQ%3D%3D,data/raw/oil_india/tenders/detail_pages/GEM_2026_B_7535156.html
GEM_2026_B_7535197,NIT,,https://www.oil-india.com/download-tender-document?ten_detail=NkVDMXRTSEw2RXFyMmdHdQ%3D%3D,data/raw/oil_india/tenders/detail_pages/GEM_2026_B_7535197.html
GEM_2026_B_7536953,NIT,,https://www.oil-india.com/download-tender-document?ten_detail=NkVDMHVpSEw2RXFyMmdHdQ%3D%3D,data/raw/oil_india/tenders/detail_pages/GEM_2026_B_7536953.html
GEM_2026_B_7538041,NIT,,https://www.oil-india.com/download-tender-document?ten_detail=NkVDMHRTSEw2RXFyMmdHdQ%3D%3D,data/raw/oil_india/tenders/detail_pages/GEM_2026_B_7538041.html
GEM_2026_B_7538062,NIT,,https://www.oil-india.com/download-tender-document?ten_detail=NkVDMXVDSEw2RXFyMmdHdQ%3D%3D,data/raw/oil_india/tenders/detail_pages/GEM_2026_B_7538062.html
GEM_2026_B_7538095,NIT,,https://www.oil-india.com/download-tender-document?ten_detail=NkVDMXZDSEw2RXFyMmdHdQ%3D%3D,data/raw/oil_india/tenders/detail_pages/GEM_2026_B_7538095.html
GEM_2026_B_7540394,NIT,,https://www.oil-india.com/download-tender-document?ten_detail=NkVDMXZ5SEw2RXFyMmdHdQ%3D%3D,data/raw/oil_india/tenders/detail_pages/GEM_2026_B_7540394.html
GEM_2026_B_7541331,NIT,,https://www.oil-india.com/download-tender-document?ten_detail=NkVDMHRDSEw2RXFyMmdHdQ%3D%3D,data/raw/oil_india/tenders/detail_pages/GEM_2026_B_7541331.html
GEM_2026_B_7542387,NIT,,https://www.oil-india.com/download-tender-document?ten_detail=NkVDMXZTSEw2RXFyMmdHdQ%3D%3D,data/raw/oil_india/tenders/detail_pages/GEM_2026_B_7542387.html
GEM_2026_B_7543095,NIT,,https://www.oil-india.com/download-tender-document?ten_detail=NkVDMXZpSEw2RXFyMmdHdQ%3D%3D,data/raw/oil_india/tenders/detail_pages/GEM_2026_B_7543095.html
GEM_2026_B_7543395,NIT,,https://www.oil-india.com/download-tender-document?ten_detail=NkVDMXVpSEw2RXFyMmdHdQ%3D%3D,data/raw/oil_india/tenders/detail_pages/GEM_2026_B_7543395.html
GEM_2026_B_7543454,NIT,,https://www.oil-india.com/download-tender-document?ten_detail=NkVDeXVTSEw2RXFyMmdHdQ%3D%3D,data/raw/oil_india/tenders/detail_pages/GEM_2026_B_7543454.html
GEM_2026_B_7543868,NIT,,https://www.oil-india.com/download-tender-document?ten_detail=NkVDMXVTSEw2RXFyMmdHdQ%3D%3D,data/raw/oil_india/tenders/detail_pages/GEM_2026_B_7543868.html
GEM_2026_B_7543894,NIT,,https://www.oil-india.com/download-tender-document?ten_detail=NkVDeXZDSEw2RXFyMmdHdQ%3D%3D,data/raw/oil_india/tenders/detail_pages/GEM_2026_B_7543894.html
GEM_2026_B_7545279,NIT,,https://www.oil-india.com/download-tender-document?ten_detail=NkVDMXV5SEw2RXFyMmdHdQ%3D%3D,data/raw/oil_india/tenders/detail_pages/GEM_2026_B_7545279.html
GEM_2026_B_7548065,NIT,,https://www.oil-india.com/download-tender-document?ten_detail=NkVDd3RTSEw2RXFyMmdHdQ%3D%3D,data/raw/oil_india/tenders/detail_pages/GEM_2026_B_7548065.html
GEM_2026_B_7548238,NIT,,https://www.oil-india.com/download-tender-document?ten_detail=NkUrMnVTSEw2RXFyMmdHdQ%3D%3D,data/raw/oil_india/tenders/detail_pages/GEM_2026_B_7548238.html
GEM_2026_B_7548247,NIT,,https://www.oil-india.com/download-tender-document?ten_detail=NkVDeXZ5SEw2RXFyMmdHdQ%3D%3D,data/raw/oil_india/tenders/detail_pages/GEM_2026_B_7548247.html
GEM_2026_B_7551770,NIT,,https://www.oil-india.com/download-tender-document?ten_detail=NkVDeXRTSEw2RXFyMmdHdQ%3D%3D,data/raw/oil_india/tenders/detail_pages/GEM_2026_B_7551770.html
GEM_2026_B_7553878,NIT,,https://www.oil-india.com/download-tender-document?ten_detail=NkVDeXZpSEw2RXFyMmdHdQ%3D%3D,data/raw/oil_india/tenders/detail_pages/GEM_2026_B_7553878.html
GEM_2026_B_7553968,NIT,,https://www.oil-india.com/download-tender-document?ten_detail=NkVDeXVDSEw2RXFyMmdHdQ%3D%3D,data/raw/oil_india/tenders/detail_pages/GEM_2026_B_7553968.html
GEM_2026_B_7555087,NIT,,https://www.oil-india.com/download-tender-document?ten_detail=NkVDeXV5SEw2RXFyMmdHdQ%3D%3D,data/raw/oil_india/tenders/detail_pages/GEM_2026_B_7555087.html
GEM_2026_B_7556348,NIT,,https://www.oil-india.com/download-tender-document?ten_detail=NkVDenZ5SEw2RXFyMmdHdQ%3D%3D,data/raw/oil_india/tenders/detail_pages/GEM_2026_B_7556348.html
GEM_2026_B_7556351,NIT,,https://www.oil-india.com/download-tender-document?ten_detail=NkVDeXVpSEw2RXFyMmdHdQ%3D%3D,data/raw/oil_india/tenders/detail_pages/GEM_2026_B_7556351.html
GEM_2026_B_7556390,NIT,,https://www.oil-india.com/download-tender-document?ten_detail=NkVDenZpSEw2RXFyMmdHdQ%3D%3D,data/raw/oil_india/tenders/detail_pages/GEM_2026_B_7556390.html
GEM_2026_B_7556753,NIT,,https://www.oil-india.com/download-tender-document?ten_detail=NkVDenVTSEw2RXFyMmdHdQ%3D%3D,data/raw/oil_india/tenders/detail_pages/GEM_2026_B_7556753.html
GEM_2026_B_7558628,NIT,,https://www.oil-india.com/download-tender-document?ten_detail=NkVDeXRDSEw2RXFyMmdHdQ%3D%3D,data/raw/oil_india/tenders/detail_pages/GEM_2026_B_7558628.html
GEM_2026_B_7558731,NIT,,https://www.oil-india.com/download-tender-document?ten_detail=NkVDenZDSEw2RXFyMmdHdQ%3D%3D,data/raw/oil_india/tenders/detail_pages/GEM_2026_B_7558731.html
GEM_2026_B_7558877,NIT,,https://www.oil-india.com/download-tender-document?ten_detail=NkVDenZTSEw2RXFyMmdHdQ%3D%3D,data/raw/oil_india/tenders/detail_pages/GEM_2026_B_7558877.html
GEM_2026_B_7561254,NIT,,https://www.oil-india.com/download-tender-document?ten_detail=NkVDenRDSEw2RXFyMmdHdQ%3D%3D,data/raw/oil_india/tenders/detail_pages/GEM_2026_B_7561254.html
GEM_2026_B_7561369,NIT,,https://www.oil-india.com/download-tender-document?ten_detail=NkUrMnZ5SEw2RXFyMmdHdQ%3D%3D,data/raw/oil_india/tenders/detail_pages/GEM_2026_B_7561369.html
GEM_2026_B_7563551,NIT,,https://www.oil-india.com/download-tender-document?ten_detail=NkVDenRTSEw2RXFyMmdHdQ%3D%3D,data/raw/oil_india/tenders/detail_pages/GEM_2026_B_7563551.html
GEM_2026_B_7564022,NIT,,https://www.oil-india.com/download-tender-document?ten_detail=NkVDenV5SEw2RXFyMmdHdQ%3D%3D,data/raw/oil_india/tenders/detail_pages/GEM_2026_B_7564022.html
GEM_2026_B_7568384,NIT,,https://www.oil-india.com/download-tender-document?ten_detail=NkVDd3ZTSEw2RXFyMmdHdQ%3D%3D,data/raw/oil_india/tenders/detail_pages/GEM_2026_B_7568384.html
GEM_2026_B_7568571,NIT,,https://www.oil-india.com/download-tender-document?ten_detail=NkVDd3RDSEw2RXFyMmdHdQ%3D%3D,data/raw/oil_india/tenders/detail_pages/GEM_2026_B_7568571.html
GEM_2026_B_7568622,NIT,,https://www.oil-india.com/download-tender-document?ten_detail=NkVDd3VDSEw2RXFyMmdHdQ%3D%3D,data/raw/oil_india/tenders/detail_pages/GEM_2026_B_7568622.html
GEM_2026_B_7568661,NIT,,https://www.oil-india.com/download-tender-document?ten_detail=NkVDd3Z5SEw2RXFyMmdHdQ%3D%3D,data/raw/oil_india/tenders/detail_pages/GEM_2026_B_7568661.html
GEM_2026_B_7568677,NIT,,https://www.oil-india.com/download-tender-document?ten_detail=NkVDd3VTSEw2RXFyMmdHdQ%3D%3D,data/raw/oil_india/tenders/detail_pages/GEM_2026_B_7568677.html
GEM_2026_B_7568777,NIT,,https://www.oil-india.com/download-tender-document?ten_detail=NkVDd3V5SEw2RXFyMmdHdQ%3D%3D,data/raw/oil_india/tenders/detail_pages/GEM_2026_B_7568777.html
GEM_2026_B_7569590,NIT,,https://www.oil-india.com/download-tender-document?ten_detail=NkVDd3ZpSEw2RXFyMmdHdQ%3D%3D,data/raw/oil_india/tenders/detail_pages/GEM_2026_B_7569590.html
GEM_2026_B_7571706,NIT,,https://www.oil-india.com/download-tender-document?ten_detail=NkVDeHZTSEw2RXFyMmdHdQ%3D%3D,data/raw/oil_india/tenders/detail_pages/GEM_2026_B_7571706.html
GEM_2026_B_7571761,NIT,,https://www.oil-india.com/download-tender-document?ten_detail=NkVDeHRTSEw2RXFyMmdHdQ%3D%3D,data/raw/oil_india/tenders/detail_pages/GEM_2026_B_7571761.html
GEM_2026_B_7575358,NIT,,https://www.oil-india.com/download-tender-document?ten_detail=NkVDd3VpSEw2RXFyMmdHdQ%3D%3D,data/raw/oil_india/tenders/detail_pages/GEM_2026_B_7575358.html
GEM_2026_B_7576508,NIT,,https://www.oil-india.com/download-tender-document?ten_detail=NkVDK3Z5SEw2RXFyMmdHdQ%3D%3D,data/raw/oil_india/tenders/detail_pages/GEM_2026_B_7576508.html
GEM_2026_B_7576565,NIT,,https://www.oil-india.com/download-tender-document?ten_detail=NkVDeHZDSEw2RXFyMmdHdQ%3D%3D,data/raw/oil_india/tenders/detail_pages/GEM_2026_B_7576565.html
GEM_2026_B_7576625,NIT,,https://www.oil-india.com/download-tender-document?ten_detail=NkVDeHVTSEw2RXFyMmdHdQ%3D%3D,data/raw/oil_india/tenders/detail_pages/GEM_2026_B_7576625.html
GEM_2026_B_7576735,NIT,,https://www.oil-india.com/download-tender-document?ten_detail=NkVDK3VpSEw2RXFyMmdHdQ%3D%3D,data/raw/oil_india/tenders/detail_pages/GEM_2026_B_7576735.html
GEM_2026_B_7576797,NIT,,https://www.oil-india.com/download-tender-document?ten_detail=NkVDK3ZDSEw2RXFyMmdHdQ%3D%3D,data/raw/oil_india/tenders/detail_pages/GEM_2026_B_7576797.html
GEM_2026_B_7580881,NIT,,https://www.oil-india.com/download-tender-document?ten_detail=NkVDeHZpSEw2RXFyMmdHdQ%3D%3D,data/raw/oil_india/tenders/detail_pages/GEM_2026_B_7580881.html
GEM_2026_B_7582012,NIT,,https://www.oil-india.com/download-tender-document?ten_detail=NkVDeHVDSEw2RXFyMmdHdQ%3D%3D,data/raw/oil_india/tenders/detail_pages/GEM_2026_B_7582012.html
GEM_2026_B_7582411,NIT,,https://www.oil-india.com/download-tender-document?ten_detail=NkVDeHV5SEw2RXFyMmdHdQ%3D%3D,data/raw/oil_india/tenders/detail_pages/GEM_2026_B_7582411.html
GEM_2026_B_7583077,NIT,,https://www.oil-india.com/download-tender-document?ten_detail=NkVDK3VDSEw2RXFyMmdHdQ%3D%3D,data/raw/oil_india/tenders/detail_pages/GEM_2026_B_7583077.html
GEM_2026_B_7583398,NIT,,https://www.oil-india.com/download-tender-document?ten_detail=NkVDeHZ5SEw2RXFyMmdHdQ%3D%3D,data/raw/oil_india/tenders/detail_pages/GEM_2026_B_7583398.html
GEM_2026_B_7584900,NIT,,https://www.oil-india.com/download-tender-document?ten_detail=NkVDK3ZpSEw2RXFyMmdHdQ%3D%3D,data/raw/oil_india/tenders/detail_pages/GEM_2026_B_7584900.html
GEM_2026_B_7585219,NIT,,https://www.oil-india.com/download-tender-document?ten_detail=NkVDeHVpSEw2RXFyMmdHdQ%3D%3D,data/raw/oil_india/tenders/detail_pages/GEM_2026_B_7585219.html
GEM_2026_B_7585519,NIT,,https://www.oil-india.com/download-tender-document?ten_detail=NkVDeHRDSEw2RXFyMmdHdQ%3D%3D,data/raw/oil_india/tenders/detail_pages/GEM_2026_B_7585519.html
GEM_2026_B_7588636,NIT,,https://www.oil-india.com/download-tender-document?ten_detail=NkVDK3RTSEw2RXFyMmdHdQ%3D%3D,data/raw/oil_india/tenders/detail_pages/GEM_2026_B_7588636.html
GEM_2026_B_7590191,NIT,,https://www.oil-india.com/download-tender-document?ten_detail=NkUrMnZTSEw2RXFyMmdHdQ%3D%3D,data/raw/oil_india/tenders/detail_pages/GEM_2026_B_7590191.html
GEM_2026_B_7590232,NIT,,https://www.oil-india.com/download-tender-document?ten_detail=NkVDK3V5SEw2RXFyMmdHdQ%3D%3D,data/raw/oil_india/tenders/detail_pages/GEM_2026_B_7590232.html
GEM_2026_B_7591613,NIT,,https://www.oil-india.com/download-tender-document?ten_detail=NkUreXZDSEw2RXFyMmdHdQ%3D%3D,data/raw/oil_india/tenders/detail_pages/GEM_2026_B_7591613.html
GEM_2026_B_7592893,NIT,,https://www.oil-india.com/download-tender-document?ten_detail=NkVDL3RTSEw2RXFyMmdHdQ%3D%3D,data/raw/oil_india/tenders/detail_pages/GEM_2026_B_7592893.html
GEM_2026_B_7594740,NIT,,https://www.oil-india.com/download-tender-document?ten_detail=NkVDK3RDSEw2RXFyMmdHdQ%3D%3D,data/raw/oil_india/tenders/detail_pages/GEM_2026_B_7594740.html
GEM_2026_B_7594808,NIT,,https://www.oil-india.com/download-tender-document?ten_detail=NkVDL3ZDSEw2RXFyMmdHdQ%3D%3D,data/raw/oil_india/tenders/detail_pages/GEM_2026_B_7594808.html
GEM_2026_B_7594824,NIT,,https://www.oil-india.com/download-tender-document?ten_detail=NkVDL3ZTSEw2RXFyMmdHdQ%3D%3D,data/raw/oil_india/tenders/detail_pages/GEM_2026_B_7594824.html
GEM_2026_B_7595375,NIT,,https://www.oil-india.com/download-tender-document?ten_detail=NkVDL3ZpSEw2RXFyMmdHdQ%3D%3D,data/raw/oil_india/tenders/detail_pages/GEM_2026_B_7595375.html
GEM_2026_B_7595986,NIT,,https://www.oil-india.com/download-tender-document?ten_detail=NkU2d3ZpSEw2RXFyMmdHdQ%3D%3D,data/raw/oil_india/tenders/detail_pages/GEM_2026_B_7595986.html
GEM_2026_B_7596248,NIT,,https://www.oil-india.com/download-tender-document?ten_detail=NkVDL3Z5SEw2RXFyMmdHdQ%3D%3D,data/raw/oil_india/tenders/detail_pages/GEM_2026_B_7596248.html
GEM_2026_B_7596290,NIT,,https://www.oil-india.com/download-tender-document?ten_detail=NkUrMnRDSEw2RXFyMmdHdQ%3D%3D,data/raw/oil_india/tenders/detail_pages/GEM_2026_B_7596290.html
GEM_2026_B_7598656,NIT,,https://www.oil-india.com/download-tender-document?ten_detail=NkVDL3V5SEw2RXFyMmdHdQ%3D%3D,data/raw/oil_india/tenders/detail_pages/GEM_2026_B_7598656.html
GEM_2026_B_7599129,NIT,,https://www.oil-india.com/download-tender-document?ten_detail=NkVDL3RDSEw2RXFyMmdHdQ%3D%3D,data/raw/oil_india/tenders/detail_pages/GEM_2026_B_7599129.html
GEM_2026_B_7599230,NIT,,https://www.oil-india.com/download-tender-document?ten_detail=NkVDL3VpSEw2RXFyMmdHdQ%3D%3D,data/raw/oil_india/tenders/detail_pages/GEM_2026_B_7599230.html
GEM_2026_B_7601176,NIT,,https://www.oil-india.com/download-tender-document?ten_detail=NkUrM3RDSEw2RXFyMmdHdQ%3D%3D,data/raw/oil_india/tenders/detail_pages/GEM_2026_B_7601176.html
GEM_2026_B_7601614,NIT,,https://www.oil-india.com/download-tender-document?ten_detail=NkUrMHZDSEw2RXFyMmdHdQ%3D%3D,data/raw/oil_india/tenders/detail_pages/GEM_2026_B_7601614.html
GEM_2026_B_7604679,NIT,,https://www.oil-india.com/download-tender-document?ten_detail=NkUrM3ZpSEw2RXFyMmdHdQ%3D%3D,data/raw/oil_india/tenders/detail_pages/GEM_2026_B_7604679.html
GEM_2026_B_7604682,NIT,,https://www.oil-india.com/download-tender-document?ten_detail=NkUrMnRTSEw2RXFyM1FZPQ%3D%3D,data/raw/oil_india/tenders/detail_pages/GEM_2026_B_7604682.html
GEM_2026_B_7604695,NIT,,https://www.oil-india.com/download-tender-document?ten_detail=NkUrMnV5SEw2RXFyMmdHdQ%3D%3D,data/raw/oil_india/tenders/detail_pages/GEM_2026_B_7604695.html
GEM_2026_B_7604917,NIT,,https://www.oil-india.com/download-tender-document?ten_detail=NkUrMnVDSEw2RXFyMmdHdQ%3D%3D,data/raw/oil_india/tenders/detail_pages/GEM_2026_B_7604917.html
GEM_2026_B_7606854,NIT,,https://www.oil-india.com/download-tender-document?ten_detail=NkUrMnVpSEw2RXFyMmdHdQ%3D%3D,data/raw/oil_india/tenders/detail_pages/GEM_2026_B_7606854.html
GEM_2026_B_7607631,NIT,,https://www.oil-india.com/download-tender-document?ten_detail=NkUrM3VDSEw2RXFyMmdHdQ%3D%3D,data/raw/oil_india/tenders/detail_pages/GEM_2026_B_7607631.html
GEM_2026_B_7609149,NIT,,https://www.oil-india.com/download-tender-document?ten_detail=NkUrM3ZTSEw2RXFyMmdHdQ%3D%3D,data/raw/oil_india/tenders/detail_pages/GEM_2026_B_7609149.html
GEM_2026_B_7609155,NIT,,https://www.oil-india.com/download-tender-document?ten_detail=NkUrM3Z5SEw2RXFyMmdHdQ%3D%3D,data/raw/oil_india/tenders/detail_pages/GEM_2026_B_7609155.html
GEM_2026_B_7611057,NIT,,https://www.oil-india.com/download-tender-document?ten_detail=NkUrMXZ5SEw2RXFyMmdHdQ%3D%3D,data/raw/oil_india/tenders/detail_pages/GEM_2026_B_7611057.html
GEM_2026_B_7611996,NIT,,https://www.oil-india.com/download-tender-document?ten_detail=NkUrM3VTSEw2RXFyMmdHdQ%3D%3D,data/raw/oil_india/tenders/detail_pages/GEM_2026_B_7611996.html
GEM_2026_B_7614468,NIT,,https://www.oil-india.com/download-tender-document?ten_detail=NkUrMHZTSEw2RXFyMmdHdQ%3D%3D,data/raw/oil_india/tenders/detail_pages/GEM_2026_B_7614468.html
GEM_2026_B_7616568,NIT,,https://www.oil-india.com/download-tender-document?ten_detail=NkUrM3RTSEw2RXFyMmdHdQ%3D%3D,data/raw/oil_india/tenders/detail_pages/GEM_2026_B_7616568.html
GEM_2026_B_7616760,NIT,,https://www.oil-india.com/download-tender-document?ten_detail=NkUrMHZpSEw2RXFyMlFXdg%3D%3D,data/raw/oil_india/tenders/detail_pages/GEM_2026_B_7616760.html
GEM_2026_B_7619731,NIT,,https://www.oil-india.com/download-tender-document?ten_detail=NkUrMHVTSEw2RXFyMmdHdQ%3D%3D,data/raw/oil_india/tenders/detail_pages/GEM_2026_B_7619731.html
GEM_2026_B_7619764,NIT,,https://www.oil-india.com/download-tender-document?ten_detail=NkUrMHVDSEw2RXFyMmdHdQ%3D%3D,data/raw/oil_india/tenders/detail_pages/GEM_2026_B_7619764.html
GEM_2026_B_7622430,NIT,,https://www.oil-india.com/download-tender-document?ten_detail=NkUrMHV5SEw2RXFyMmdHdQ%3D%3D,data/raw/oil_india/tenders/detail_pages/GEM_2026_B_7622430.html
GEM_2026_B_7624878,NIT,,https://www.oil-india.com/download-tender-document?ten_detail=NkUrMHVpSEw2RXFyMmdHdQ%3D%3D,data/raw/oil_india/tenders/detail_pages/GEM_2026_B_7624878.html
GEM_2026_B_7624887,NIT,,https://www.oil-india.com/download-tender-document?ten_detail=NkUrenZpSEw2RXFyMmdHdQ%3D%3D,data/raw/oil_india/tenders/detail_pages/GEM_2026_B_7624887.html
GEM_2026_B_7627390,NIT,,https://www.oil-india.com/download-tender-document?ten_detail=NkUrMXVDSEw2RXFyMmdHdQ%3D%3D,data/raw/oil_india/tenders/detail_pages/GEM_2026_B_7627390.html
GEM_2026_B_7630180,NIT,,https://www.oil-india.com/download-tender-document?ten_detail=NkUrMHRTSEw2RXFyMmdHdQ%3D%3D,data/raw/oil_india/tenders/detail_pages/GEM_2026_B_7630180.html
GEM_2026_B_7630307,NIT,,https://www.oil-india.com/download-tender-document?ten_detail=NkUrMXZDSEw2RXFyMmdHdQ%3D%3D,data/raw/oil_india/tenders/detail_pages/GEM_2026_B_7630307.html
GEM_2026_B_7630707,NIT,,https://www.oil-india.com/download-tender-document?ten_detail=NkUrMXZTSEw2RXFyMmdHdQ%3D%3D,data/raw/oil_india/tenders/detail_pages/GEM_2026_B_7630707.html
GEM_2026_B_7633181,NIT,,https://www.oil-india.com/download-tender-document?ten_detail=NkUrMXVpSEw2RXFyMmdHdQ%3D%3D,data/raw/oil_india/tenders/detail_pages/GEM_2026_B_7633181.html
GEM_2026_B_7633220,NIT,,https://www.oil-india.com/download-tender-document?ten_detail=NkUrMXV5SEw2RXFyMmdHdQ%3D%3D,data/raw/oil_india/tenders/detail_pages/GEM_2026_B_7633220.html
GEM_2026_B_7633960,NIT,,https://www.oil-india.com/download-tender-document?ten_detail=NkUreXVTSEw2RXFyMmdHdQ%3D%3D,data/raw/oil_india/tenders/detail_pages/GEM_2026_B_7633960.html
GEM_2026_B_7633969,NIT,,https://www.oil-india.com/download-tender-document?ten_detail=NkUreXZTSEw2RXFyMmdHdQ%3D%3D,data/raw/oil_india/tenders/detail_pages/GEM_2026_B_7633969.html
GEM_2026_B_7639510,NIT,,https://www.oil-india.com/download-tender-document?ten_detail=NkUrenV5SEw2RXFyMmdHdQ%3D%3D,data/raw/oil_india/tenders/detail_pages/GEM_2026_B_7639510.html
GEM_2026_B_7641023,NIT,,https://www.oil-india.com/download-tender-document?ten_detail=NkUrenVpSEw2RXFyMmdHdQ%3D%3D,data/raw/oil_india/tenders/detail_pages/GEM_2026_B_7641023.html
GEM_2026_B_7641465,NIT,,https://www.oil-india.com/download-tender-document?ten_detail=NkUreXZpSEw2RXFyMmdHdQ%3D%3D,data/raw/oil_india/tenders/detail_pages/GEM_2026_B_7641465.html
GEM_2026_B_7641480,NIT,,https://www.oil-india.com/download-tender-document?ten_detail=NkUreXZ5SEw2RXFyMmdHdQ%3D%3D,data/raw/oil_india/tenders/detail_pages/GEM_2026_B_7641480.html
GEM_2026_B_7642816,NIT,,https://www.oil-india.com/download-tender-document?ten_detail=NkUreXRDSEw2RXFyMmdHdQ%3D%3D,data/raw/oil_india/tenders/detail_pages/GEM_2026_B_7642816.html
GEM_2026_B_7644270,NIT,,https://www.oil-india.com/download-tender-document?ten_detail=NkUreXVDSEw2RXFyMmdHdQ%3D%3D,data/raw/oil_india/tenders/detail_pages/GEM_2026_B_7644270.html
GEM_2026_B_7644781,NIT,,https://www.oil-india.com/download-tender-document?ten_detail=NkUreXV5SEw2RXFyMmdHdQ%3D%3D,data/raw/oil_india/tenders/detail_pages/GEM_2026_B_7644781.html
GEM_2026_B_7644839,NIT,,https://www.oil-india.com/download-tender-document?ten_detail=NkUreXVpSEw2RXFyMmdHdQ%3D%3D,data/raw/oil_india/tenders/detail_pages/GEM_2026_B_7644839.html
GEM_2026_B_7645259,NIT,,https://www.oil-india.com/download-tender-document?ten_detail=NkUreXRTSEw2RXFyMmdHdQ%3D%3D,data/raw/oil_india/tenders/detail_pages/GEM_2026_B_7645259.html
GEM_2026_B_7647176,NIT,,https://www.oil-india.com/download-tender-document?ten_detail=NkUrenZDSEw2RXFyMmdHdQ%3D%3D,data/raw/oil_india/tenders/detail_pages/GEM_2026_B_7647176.html
GEM_2026_B_7647330,NIT,,https://www.oil-india.com/download-tender-document?ten_detail=NkUrenZ5SEw2RXFyMmdHdQ%3D%3D,data/raw/oil_india/tenders/detail_pages/GEM_2026_B_7647330.html
GEM_2026_B_7647393,NIT,,https://www.oil-india.com/download-tender-document?ten_detail=NkUrK3VDSEw2RXFyMmdHdQ%3D%3D,data/raw/oil_india/tenders/detail_pages/GEM_2026_B_7647393.html
GEM_2026_B_7647741,NIT,,https://www.oil-india.com/download-tender-document?ten_detail=NkU2MXVTSEw2RXFyMmdHdQ%3D%3D,data/raw/oil_india/tenders/detail_pages/GEM_2026_B_7647741.html
GEM_2026_B_7648354,NIT,,https://www.oil-india.com/download-tender-document?ten_detail=NkUrenVTSEw2RXFyMmdHdQ%3D%3D,data/raw/oil_india/tenders/detail_pages/GEM_2026_B_7648354.html
GEM_2026_B_7649603,NIT,,https://www.oil-india.com/download-tender-document?ten_detail=NkUrenVDSEw2RXFyMmdHdQ%3D%3D,data/raw/oil_india/tenders/detail_pages/GEM_2026_B_7649603.html
GEM_2026_B_7649743,NIT,,https://www.oil-india.com/download-tender-document?ten_detail=NkUrK3V5SEw2RXFyMmdHdQ%3D%3D,data/raw/oil_india/tenders/detail_pages/GEM_2026_B_7649743.html
GEM_2026_B_7649977,NIT,,https://www.oil-india.com/download-tender-document?ten_detail=NkUrenRDSEw2RXFyMmdHdQ%3D%3D,data/raw/oil_india/tenders/detail_pages/GEM_2026_B_7649977.html
GEM_2026_B_7654959,NIT,,https://www.oil-india.com/download-tender-document?ten_detail=NkUrenRTSEw2RXFyMmdHdQ%3D%3D,data/raw/oil_india/tenders/detail_pages/GEM_2026_B_7654959.html
GEM_2026_B_7655826,NIT,,https://www.oil-india.com/download-tender-document?ten_detail=NkUrd3ZTSEw2RXFyMmdHdQ%3D%3D,data/raw/oil_india/tenders/detail_pages/GEM_2026_B_7655826.html
GEM_2026_B_7656837,NIT,,https://www.oil-india.com/download-tender-document?ten_detail=NkUrd3V5SEw2RXFyMmdHdQ%3D%3D,data/raw/oil_india/tenders/detail_pages/GEM_2026_B_7656837.html
GEM_2026_B_7657484,NIT,,https://www.oil-india.com/download-tender-document?ten_detail=NkUrd3ZDSEw2RXFyMmdHdQ%3D%3D,data/raw/oil_india/tenders/detail_pages/GEM_2026_B_7657484.html
GEM_2026_B_7657843,NIT,,https://www.oil-india.com/download-tender-document?ten_detail=NkUrd3ZpSEw2RXFyMmdHdQ%3D%3D,data/raw/oil_india/tenders/detail_pages/GEM_2026_B_7657843.html
GEM_2026_B_7658102,NIT,,https://www.oil-india.com/download-tender-document?ten_detail=NkUrK3ZDSEw2RXFyMmdHdQ%3D%3D,data/raw/oil_india/tenders/detail_pages/GEM_2026_B_7658102.html
GEM_2026_B_7659608,NIT,,https://www.oil-india.com/download-tender-document?ten_detail=NkUrd3VTSEw2RXFyMmdHdQ%3D%3D,data/raw/oil_india/tenders/detail_pages/GEM_2026_B_7659608.html
GEM_2026_B_7659978,NIT,,https://www.oil-india.com/download-tender-document?ten_detail=NkUrd3RDSEw2RXFyMmdHdQ%3D%3D,data/raw/oil_india/tenders/detail_pages/GEM_2026_B_7659978.html
GEM_2026_B_7660303,NIT,,https://www.oil-india.com/download-tender-document?ten_detail=NkUreHZpSEw2RXFyMmdHdQ%3D%3D,data/raw/oil_india/tenders/detail_pages/GEM_2026_B_7660303.html
GEM_2026_B_7660342,NIT,,https://www.oil-india.com/download-tender-document?ten_detail=NkUrd3VDSEw2RXFyMmdHdQ%3D%3D,data/raw/oil_india/tenders/detail_pages/GEM_2026_B_7660342.html
GEM_2026_B_7660836,NIT,,https://www.oil-india.com/download-tender-document?ten_detail=NkU2MnZDSEw2RXFyMmdHdQ%3D%3D,data/raw/oil_india/tenders/detail_pages/GEM_2026_B_7660836.html
GEM_2026_B_7663581,NIT,,https://www.oil-india.com/download-tender-document?ten_detail=NkU2MnVDSEw2RXFyMmdHdQ%3D%3D,data/raw/oil_india/tenders/detail_pages/GEM_2026_B_7663581.html
GEM_2026_B_7663863,NIT,,https://www.oil-india.com/download-tender-document?ten_detail=NkUreHZTSEw2RXFyMmdHdQ%3D%3D,data/raw/oil_india/tenders/detail_pages/GEM_2026_B_7663863.html
GEM_2026_B_7664968,NIT,,https://www.oil-india.com/download-tender-document?ten_detail=NkUreHZDSEw2RXFyMmdHdQ%3D%3D,data/raw/oil_india/tenders/detail_pages/GEM_2026_B_7664968.html
GEM_2026_B_7665353,NIT,,https://www.oil-india.com/download-tender-document?ten_detail=NkUreHZ5SEw2RXFyMmdHdQ%3D%3D,data/raw/oil_india/tenders/detail_pages/GEM_2026_B_7665353.html
GEM_2026_B_7666230,NIT,,https://www.oil-india.com/download-tender-document?ten_detail=NkUreHV5SEw2RXFyMmdHdQ%3D%3D,data/raw/oil_india/tenders/detail_pages/GEM_2026_B_7666230.html
GEM_2026_B_7666310,NIT,,https://www.oil-india.com/download-tender-document?ten_detail=NkUreHRTSEw2RXFyMmdHdQ%3D%3D,data/raw/oil_india/tenders/detail_pages/GEM_2026_B_7666310.html
GEM_2026_B_7666448,NIT,,https://www.oil-india.com/download-tender-document?ten_detail=NkUreHVTSEw2RXFyMmdHdQ%3D%3D,data/raw/oil_india/tenders/detail_pages/GEM_2026_B_7666448.html
GEM_2026_B_7667403,NIT,,https://www.oil-india.com/download-tender-document?ten_detail=NkUreHVDSEw2RXFyMmdHdQ%3D%3D,data/raw/oil_india/tenders/detail_pages/GEM_2026_B_7667403.html
GEM_2026_B_7668007,NIT,,https://www.oil-india.com/download-tender-document?ten_detail=NkU2MnZ5SEw2RXFyMmdHdQ%3D%3D,data/raw/oil_india/tenders/detail_pages/GEM_2026_B_7668007.html
GEM_2026_B_7668068,NIT,,https://www.oil-india.com/download-tender-document?ten_detail=NkUreHVpSEw2RXFyMmdHdQ%3D%3D,data/raw/oil_india/tenders/detail_pages/GEM_2026_B_7668068.html
GEM_2026_B_7668424,NIT,,https://www.oil-india.com/download-tender-document?ten_detail=NkUreHRDSEw2RXFyMmdHdQ%3D%3D,data/raw/oil_india/tenders/detail_pages/GEM_2026_B_7668424.html
GEM_2026_B_7670032,NIT,,https://www.oil-india.com/download-tender-document?ten_detail=NkUrK3ZTSEw2RXFyMmdHdQ%3D%3D,data/raw/oil_india/tenders/detail_pages/GEM_2026_B_7670032.html
GEM_2026_B_7671015,NIT,,https://www.oil-india.com/download-tender-document?ten_detail=NkUrK3Z5SEw2RXFyMmdHdQ%3D%3D,data/raw/oil_india/tenders/detail_pages/GEM_2026_B_7671015.html
GEM_2026_B_7671616,NIT,,https://www.oil-india.com/download-tender-document?ten_detail=NkUrK3ZpSEw2RXFyMmdHdQ%3D%3D,data/raw/oil_india/tenders/detail_pages/GEM_2026_B_7671616.html
GEM_2026_B_7673332,NIT,,https://www.oil-india.com/download-tender-document?ten_detail=NkUrK3VTSEw2RXFyMmdHdQ%3D%3D,data/raw/oil_india/tenders/detail_pages/GEM_2026_B_7673332.html
GEM_2026_B_7673335,NIT,,https://www.oil-india.com/download-tender-document?ten_detail=NkUrL3Z5SEw2RXFyMmdHdQ%3D%3D,data/raw/oil_india/tenders/detail_pages/GEM_2026_B_7673335.html
GEM_2026_B_7673417,NIT,,https://www.oil-india.com/download-tender-document?ten_detail=NkUrL3VTSEw2RXFyMmdHdQ%3D%3D,data/raw/oil_india/tenders/detail_pages/GEM_2026_B_7673417.html
GEM_2026_B_7673600,NIT,,https://www.oil-india.com/download-tender-document?ten_detail=NkUrK3VpSEw2RXFyMmdHdQ%3D%3D,data/raw/oil_india/tenders/detail_pages/GEM_2026_B_7673600.html
GEM_2026_B_7676653,NIT,,https://www.oil-india.com/download-tender-document?ten_detail=NkU2M3ZTSEw2RXFyMmdHdQ%3D%3D,data/raw/oil_india/tenders/detail_pages/GEM_2026_B_7676653.html
GEM_2026_B_7677715,NIT,,https://www.oil-india.com/download-tender-document?ten_detail=NkUrL3RTSEw2RXFyMmdHdQ%3D%3D,data/raw/oil_india/tenders/detail_pages/GEM_2026_B_7677715.html
GEM_2026_B_7678662,NIT,,https://www.oil-india.com/download-tender-document?ten_detail=NkUrL3ZTSEw2RXFyMmdHdQ%3D%3D,data/raw/oil_india/tenders/detail_pages/GEM_2026_B_7678662.html
GEM_2026_B_7678663,NIT,,https://www.oil-india.com/download-tender-document?ten_detail=NkUrL3ZDSEw2RXFyMlFXdg%3D%3D,data/raw/oil_india/tenders/detail_pages/GEM_2026_B_7678663.html
GEM_2026_B_7678787,NIT,,https://www.oil-india.com/download-tender-document?ten_detail=NkUrK3RTSEw2RXFyMmdHdQ%3D%3D,data/raw/oil_india/tenders/detail_pages/GEM_2026_B_7678787.html
GEM_2026_B_7681091,NIT,,https://www.oil-india.com/download-tender-document?ten_detail=NkUrL3ZpSEw2RXFyMmdHdQ%3D%3D,data/raw/oil_india/tenders/detail_pages/GEM_2026_B_7681091.html
GEM_2026_B_7682039,NIT,,https://www.oil-india.com/download-tender-document?ten_detail=NkUrL3VDSEw2RXFyMmdHdQ%3D%3D,data/raw/oil_india/tenders/detail_pages/GEM_2026_B_7682039.html
GEM_2026_B_7682136,NIT,,https://www.oil-india.com/download-tender-document?ten_detail=NkUrL3V5SEw2RXFyMmdHdQ%3D%3D,data/raw/oil_india/tenders/detail_pages/GEM_2026_B_7682136.html
GEM_2026_B_7683869,NIT,,https://www.oil-india.com/download-tender-document?ten_detail=NkUrL3VpSEw2RXFyMmdHdQ%3D%3D,data/raw/oil_india/tenders/detail_pages/GEM_2026_B_7683869.html
GEM_2026_B_7684082,NIT,,https://www.oil-india.com/download-tender-document?ten_detail=NkU2MnZpSEw2RXFyM1FZPQ%3D%3D,data/raw/oil_india/tenders/detail_pages/GEM_2026_B_7684082.html
GEM_2026_B_7686280,NIT,,https://www.oil-india.com/download-tender-document?ten_detail=NkU2MnVTSEw2RXFyMmdHdQ%3D%3D,data/raw/oil_india/tenders/detail_pages/GEM_2026_B_7686280.html
GEM_2026_B_7686663,NIT,,https://www.oil-india.com/download-tender-document?ten_detail=NkU2MnZTSEw2RXFyMmdHdQ%3D%3D,data/raw/oil_india/tenders/detail_pages/GEM_2026_B_7686663.html
GEM_2026_B_7686798,NIT,,https://www.oil-india.com/download-tender-document?ten_detail=NkUrL3RDSEw2RXFyMmdHdQ%3D%3D,data/raw/oil_india/tenders/detail_pages/GEM_2026_B_7686798.html
GEM_2026_B_7689337,NIT,,https://www.oil-india.com/download-tender-document?ten_detail=NkU2M3Z5SEw2RXFyMmdHdQ%3D%3D,data/raw/oil_india/tenders/detail_pages/GEM_2026_B_7689337.html
GEM_2026_B_7689588,NIT,,https://www.oil-india.com/download-tender-document?ten_detail=NkU2M3ZDSEw2RXFyMmdHdQ%3D%3D,data/raw/oil_india/tenders/detail_pages/GEM_2026_B_7689588.html
GEM_2026_B_7693563,NIT,,https://www.oil-india.com/download-tender-document?ten_detail=NkU2MnV5SEw2RXFyMmdHdQ%3D%3D,data/raw/oil_india/tenders/detail_pages/GEM_2026_B_7693563.html
GEM_2026_B_7695714,NIT,,https://www.oil-india.com/download-tender-document?ten_detail=NkU2MnRTSEw2RXFyMmdHdQ%3D%3D,data/raw/oil_india/tenders/detail_pages/GEM_2026_B_7695714.html
GEM_2026_B_7695950,NIT,,https://www.oil-india.com/download-tender-document?ten_detail=NkU2MnVpSEw2RXFyMmdHdQ%3D%3D,data/raw/oil_india/tenders/detail_pages/GEM_2026_B_7695950.html
GEM_2026_B_7698630,NIT,,https://www.oil-india.com/download-tender-document?ten_detail=NkU2K3RDSEw2RXFyMmdHdQ%3D%3D,data/raw/oil_india/tenders/detail_pages/GEM_2026_B_7698630.html
GEM_2026_B_7700004,NIT,,https://www.oil-india.com/download-tender-document?ten_detail=NkU2M3RDSEw2RXFyMmdHdQ%3D%3D,data/raw/oil_india/tenders/detail_pages/GEM_2026_B_7700004.html
GEM_2026_B_7700554,NIT,,https://www.oil-india.com/download-tender-document?ten_detail=NkU2M3VTSEw2RXFyMmdHdQ%3D%3D,data/raw/oil_india/tenders/detail_pages/GEM_2026_B_7700554.html
GEM_2026_B_7701107,NIT,,https://www.oil-india.com/download-tender-document?ten_detail=NkU2M3ZpSEw2RXFyMmdHdQ%3D%3D,data/raw/oil_india/tenders/detail_pages/GEM_2026_B_7701107.html
GEM_2026_B_7703323,NIT,,https://www.oil-india.com/download-tender-document?ten_detail=NkU2M3VDSEw2RXFyMlFXdg%3D%3D,data/raw/oil_india/tenders/detail_pages/GEM_2026_B_7703323.html
GEM_2026_B_7703374,NIT,,https://www.oil-india.com/download-tender-document?ten_detail=NkU2M3V5SEw2RXFyMmdHdQ%3D%3D,data/raw/oil_india/tenders/detail_pages/GEM_2026_B_7703374.html
GEM_2026_B_7708706,NIT,,https://www.oil-india.com/download-tender-document?ten_detail=NkU2M3VpSEw2RXFyMmdHdQ%3D%3D,data/raw/oil_india/tenders/detail_pages/GEM_2026_B_7708706.html
GEM_2026_B_7708825,NIT,,https://www.oil-india.com/download-tender-document?ten_detail=NkU2MXZ5SEw2RXFyMmdHdQ%3D%3D,data/raw/oil_india/tenders/detail_pages/GEM_2026_B_7708825.html
GEM_2026_B_7708992,NIT,,https://www.oil-india.com/download-tender-document?ten_detail=NkU2M3RTSEw2RXFyMmdHdQ%3D%3D,data/raw/oil_india/tenders/detail_pages/GEM_2026_B_7708992.html
GEM_2026_B_7711034,NIT,,https://www.oil-india.com/download-tender-document?ten_detail=NkU2MXZTSEw2RXFyMmdHdQ%3D%3D,data/raw/oil_india/tenders/detail_pages/GEM_2026_B_7711034.html
GEM_2026_B_7711142,NIT,,https://www.oil-india.com/download-tender-document?ten_detail=NkU2MHZDSEw2RXFyMmdHdQ%3D%3D,data/raw/oil_india/tenders/detail_pages/GEM_2026_B_7711142.html
GEM_2026_B_7713763,NIT,,https://www.oil-india.com/download-tender-document?ten_detail=NkU2MXV5SEw2RXFyMmdHdQ%3D%3D,data/raw/oil_india/tenders/detail_pages/GEM_2026_B_7713763.html
GEM_2026_B_7713772,NIT,,https://www.oil-india.com/download-tender-document?ten_detail=NkU2MHZTSEw2RXFyMmdHdQ%3D%3D,data/raw/oil_india/tenders/detail_pages/GEM_2026_B_7713772.html
GEM_2026_B_7713981,NIT,,https://www.oil-india.com/download-tender-document?ten_detail=NkU2MHZ5SEw2RXFyMmdHdQ%3D%3D,data/raw/oil_india/tenders/detail_pages/GEM_2026_B_7713981.html
GEM_2026_B_7714958,NIT,,https://www.oil-india.com/download-tender-document?ten_detail=NkU2MHZpSEw2RXFyMmdHdQ%3D%3D,data/raw/oil_india/tenders/detail_pages/GEM_2026_B_7714958.html
GEM_2026_B_7715433,NIT,,https://www.oil-india.com/download-tender-document?ten_detail=NkU2MHV5SEw2RXFyMmdHdQ%3D%3D,data/raw/oil_india/tenders/detail_pages/GEM_2026_B_7715433.html
GEM_2026_B_7719829,NIT,,https://www.oil-india.com/download-tender-document?ten_detail=NkU2MXVDSEw2RXFyMmdHdQ%3D%3D,data/raw/oil_india/tenders/detail_pages/GEM_2026_B_7719829.html
GEM_2026_B_7720152,NIT,,https://www.oil-india.com/download-tender-document?ten_detail=NkU2MXVpSEw2RXFyMmdHdQ%3D%3D,data/raw/oil_india/tenders/detail_pages/GEM_2026_B_7720152.html
GEM_2026_B_7720384,NIT,,https://www.oil-india.com/download-tender-document?ten_detail=NkU2MHVpSEw2RXFyMmdHdQ%3D%3D,data/raw/oil_india/tenders/detail_pages/GEM_2026_B_7720384.html
GEM_2026_B_7723909,NIT,,https://www.oil-india.com/download-tender-document?ten_detail=NkU2MXRTSEw2RXFyMmdHdQ%3D%3D,data/raw/oil_india/tenders/detail_pages/GEM_2026_B_7723909.html
GEM_2026_B_7728985,NIT,,https://www.oil-india.com/download-tender-document?ten_detail=NkU2MXRDSEw2RXFyMmdHdQ%3D%3D,data/raw/oil_india/tenders/detail_pages/GEM_2026_B_7728985.html
GEM_2026_B_7730822,NIT,,https://www.oil-india.com/download-tender-document?ten_detail=NkU2eXZpSEw2RXFyMmdHdQ%3D%3D,data/raw/oil_india/tenders/detail_pages/GEM_2026_B_7730822.html
GEM_2026_B_7731912,NIT,,https://www.oil-india.com/download-tender-document?ten_detail=NkU2eXVDSEw2RXFyMmdHdQ%3D%3D,data/raw/oil_india/tenders/detail_pages/GEM_2026_B_7731912.html
GEM_2026_B_7732873,NIT,,https://www.oil-india.com/download-tender-document?ten_detail=NkU2d3ZDSEw2RXFyMmdHdQ%3D%3D,data/raw/oil_india/tenders/detail_pages/GEM_2026_B_7732873.html
GEM_2026_B_7733870,NIT,,https://www.oil-india.com/download-tender-document?ten_detail=NkU2eXZ5SEw2RXFyMmdHdQ%3D%3D,data/raw/oil_india/tenders/detail_pages/GEM_2026_B_7733870.html
GEM_2026_B_7734484,NIT,,https://www.oil-india.com/download-tender-document?ten_detail=NkU2eXRTSEw2RXFyMmdHdQ%3D%3D,data/raw/oil_india/tenders/detail_pages/GEM_2026_B_7734484.html
GEM_2026_B_7736062,NIT,,https://www.oil-india.com/download-tender-document?ten_detail=NkU2eXVpSEw2RXFyMmdHdQ%3D%3D,data/raw/oil_india/tenders/detail_pages/GEM_2026_B_7736062.html
GEM_2026_B_7736160,NIT,,https://www.oil-india.com/download-tender-document?ten_detail=NkU2enV5SEw2RXFyMmdHdQ%3D%3D,data/raw/oil_india/tenders/detail_pages/GEM_2026_B_7736160.html
GEM_2026_B_7736441,NIT,,https://www.oil-india.com/download-tender-document?ten_detail=NkU2eXVTSEw2RXFyMmdHdQ%3D%3D,data/raw/oil_india/tenders/detail_pages/GEM_2026_B_7736441.html
GEM_2026_B_7736702,NIT,,https://www.oil-india.com/download-tender-document?ten_detail=NkU2enVTSEw2RXFyMmdHdQ%3D%3D,data/raw/oil_india/tenders/detail_pages/GEM_2026_B_7736702.html
GEM_2026_B_7739059,NIT,,https://www.oil-india.com/download-tender-document?ten_detail=NkU2eXV5SEw2RXFyMmdHdQ%3D%3D,data/raw/oil_india/tenders/detail_pages/GEM_2026_B_7739059.html
GEM_2026_B_7741492,NIT,,https://www.oil-india.com/download-tender-document?ten_detail=NkU2enZpSEw2RXFyMmdHdQ%3D%3D,data/raw/oil_india/tenders/detail_pages/GEM_2026_B_7741492.html
GEM_2026_B_7741608,NIT,,https://www.oil-india.com/download-tender-document?ten_detail=NkU2eXRDSEw2RXFyMmdHdQ%3D%3D,data/raw/oil_india/tenders/detail_pages/GEM_2026_B_7741608.html
GEM_2026_B_7741812,NIT,,https://www.oil-india.com/download-tender-document?ten_detail=NkU2enZDSEw2RXFyMmdHdQ%3D%3D,data/raw/oil_india/tenders/detail_pages/GEM_2026_B_7741812.html
GEM_2026_B_7742029,NIT,,https://www.oil-india.com/download-tender-document?ten_detail=NkU2enZ5SEw2RXFyMmdHdQ%3D%3D,data/raw/oil_india/tenders/detail_pages/GEM_2026_B_7742029.html
GEM_2026_B_7744480,NIT,,https://www.oil-india.com/download-tender-document?ten_detail=NkU2enRDSEw2RXFyMmdHdQ%3D%3D,data/raw/oil_india/tenders/detail_pages/GEM_2026_B_7744480.html
GEM_2026_B_7748574,NIT,,https://www.oil-india.com/download-tender-document?ten_detail=NkU2d3ZTSEw2RXFyMmdHdQ%3D%3D,data/raw/oil_india/tenders/detail_pages/GEM_2026_B_7748574.html
GEM_2026_B_7748795,NIT,,https://www.oil-india.com/download-tender-document?ten_detail=NkU2d3VTSEw2RXFyMmdHdQ%3D%3D,data/raw/oil_india/tenders/detail_pages/GEM_2026_B_7748795.html
GEM_2026_B_7754564,NIT,,https://www.oil-india.com/download-tender-document?ten_detail=NkU2d3VDSEw2RXFyMmdHdQ%3D%3D,data/raw/oil_india/tenders/detail_pages/GEM_2026_B_7754564.html
GEM_2026_B_7759442,NIT,,https://www.oil-india.com/download-tender-document?ten_detail=NkU2d3V5SEw2RXFyMmdHdQ%3D%3D,data/raw/oil_india/tenders/detail_pages/GEM_2026_B_7759442.html
GEM_2026_B_7760616,NIT,,https://www.oil-india.com/download-tender-document?ten_detail=NkU2d3VpSEw2RXFyMmdHdQ%3D%3D,data/raw/oil_india/tenders/detail_pages/GEM_2026_B_7760616.html
GEM_2026_B_7761185,NIT,,https://www.oil-india.com/download-tender-document?ten_detail=NkU2d3RTSEw2RXFyMmdHdQ%3D%3D,data/raw/oil_india/tenders/detail_pages/GEM_2026_B_7761185.html
GEM_2026_B_7761354,NIT,,https://www.oil-india.com/download-tender-document?ten_detail=NkU2d3RDSEw2RXFyMmdHdQ%3D%3D,data/raw/oil_india/tenders/detail_pages/GEM_2026_B_7761354.html
GEM_2026_B_7762990,NIT,,https://www.oil-india.com/download-tender-document?ten_detail=NkU2eHZpSEw2RXFyMmdHdQ%3D%3D,data/raw/oil_india/tenders/detail_pages/GEM_2026_B_7762990.html
GEM_2026_B_7763929,NIT,,https://www.oil-india.com/download-tender-document?ten_detail=NkU2eHZDSEw2RXFyMmdHdQ%3D%3D,data/raw/oil_india/tenders/detail_pages/GEM_2026_B_7763929.html
GEM_2026_B_7766948,NIT,,https://www.oil-india.com/download-tender-document?ten_detail=NkU2eHZ5SEw2RXFyMmdHdQ%3D%3D,data/raw/oil_india/tenders/detail_pages/GEM_2026_B_7766948.html
GEM_2026_B_7771837,NIT,,https://www.oil-india.com/download-tender-document?ten_detail=NkU2eHVTSEw2RXFyMmdHdQ%3D%3D,data/raw/oil_india/tenders/detail_pages/GEM_2026_B_7771837.html
GEM_2026_B_7771978,NIT,,https://www.oil-india.com/download-tender-document?ten_detail=NzBlMnZDSEw2RXFyMmdHdQ%3D%3D,data/raw/oil_india/tenders/detail_pages/GEM_2026_B_7771978.html
GEM_2026_B_7772548,NIT,,https://www.oil-india.com/download-tender-document?ten_detail=NkU2eHVDSEw2RXFyMmdHdQ%3D%3D,data/raw/oil_india/tenders/detail_pages/GEM_2026_B_7772548.html
GEM_2026_B_7774405,NIT,,https://www.oil-india.com/download-tender-document?ten_detail=NkU2eHRTSEw2RXFyMmdHdQ%3D%3D,data/raw/oil_india/tenders/detail_pages/GEM_2026_B_7774405.html
GEM_2026_B_7774460,NIT,,https://www.oil-india.com/download-tender-document?ten_detail=NkU2eHV5SEw2RXFyMmdHdQ%3D%3D,data/raw/oil_india/tenders/detail_pages/GEM_2026_B_7774460.html
GEM_2026_B_7777975,NIT,,https://www.oil-india.com/download-tender-document?ten_detail=NkU2eHRDSEw2RXFyMmdHdQ%3D%3D,data/raw/oil_india/tenders/detail_pages/GEM_2026_B_7777975.html
GEM_2026_B_7779705,NIT,,https://www.oil-india.com/download-tender-document?ten_detail=NkU2K3RTSEw2RXFyMmdHdQ%3D%3D,data/raw/oil_india/tenders/detail_pages/GEM_2026_B_7779705.html
GEM_2026_B_7781001,NIT,,https://www.oil-india.com/download-tender-document?ten_detail=NkU2K3ZTSEw2RXFyMmdHdQ%3D%3D,data/raw/oil_india/tenders/detail_pages/GEM_2026_B_7781001.html
GEM_2026_B_7782460,NIT,,https://www.oil-india.com/download-tender-document?ten_detail=NkU2K3Z5SEw2RXFyMmdHdQ%3D%3D,data/raw/oil_india/tenders/detail_pages/GEM_2026_B_7782460.html
GEM_2026_B_7783129,NIT,,https://www.oil-india.com/download-tender-document?ten_detail=NkU2K3ZpSEw2RXFyMmdHdQ%3D%3D,data/raw/oil_india/tenders/detail_pages/GEM_2026_B_7783129.html
GEM_2026_B_7784938,NIT,,https://www.oil-india.com/download-tender-document?ten_detail=NkU2K3VTSEw2RXFyMmdHdQ%3D%3D,data/raw/oil_india/tenders/detail_pages/GEM_2026_B_7784938.html
GEM_2026_B_7785878,NIT,,https://www.oil-india.com/download-tender-document?ten_detail=NkU2K3V5SEw2RXFyMmdHdQ%3D%3D,data/raw/oil_india/tenders/detail_pages/GEM_2026_B_7785878.html
GEM_2026_B_7790558,NIT,,https://www.oil-india.com/download-tender-document?ten_detail=NkU2K3VpSEw2RXFyMmdHdQ%3D%3D,data/raw/oil_india/tenders/detail_pages/GEM_2026_B_7790558.html
GEM_2026_B_7807615,NIT,,https://www.oil-india.com/download-tender-document?ten_detail=NkU2L3ZTSEw2RXFyMmdHdQ%3D%3D,data/raw/oil_india/tenders/detail_pages/GEM_2026_B_7807615.html
GEM_2026_B_7807774,NIT,,https://www.oil-india.com/download-tender-document?ten_detail=NkU2L3ZpSEw2RXFyMmdHdQ%3D%3D,data/raw/oil_india/tenders/detail_pages/GEM_2026_B_7807774.html
GEM_2026_B_7807888,NIT,,https://www.oil-india.com/download-tender-document?ten_detail=NzBlM3ZDSEw2RXFyMmdHdQ%3D%3D,data/raw/oil_india/tenders/detail_pages/GEM_2026_B_7807888.html
GEM_2026_B_7815097,NIT,,https://www.oil-india.com/download-tender-document?ten_detail=NzBlK3RTSEw2RXFyMmdHdQ%3D%3D,data/raw/oil_india/tenders/detail_pages/GEM_2026_B_7815097.html
GEM_2026_B_7817856,NIT,,https://www.oil-india.com/download-tender-document?ten_detail=NkU2L3VTSEw2RXFyMmdHdQ%3D%3D,data/raw/oil_india/tenders/detail_pages/GEM_2026_B_7817856.html
GEM_2026_B_7820307,NIT,,https://www.oil-india.com/download-tender-document?ten_detail=NkU2L3VDSEw2RXFyMmdHdQ%3D%3D,data/raw/oil_india/tenders/detail_pages/GEM_2026_B_7820307.html
GEM_2026_B_7820377,NIT,,https://www.oil-india.com/download-tender-document?ten_detail=NzBlMnVTSEw2RXFyMmdHdQ%3D%3D,data/raw/oil_india/tenders/detail_pages/GEM_2026_B_7820377.html
GEM_2026_B_7820557,NIT,,https://www.oil-india.com/download-tender-document?ten_detail=NzBlMnVDSEw2RXFyMmdHdQ%3D%3D,data/raw/oil_india/tenders/detail_pages/GEM_2026_B_7820557.html
GEM_2026_B_7820637,NIT,,https://www.oil-india.com/download-tender-document?ten_detail=NkU2L3V5SEw2RXFyMmdHdQ%3D%3D,data/raw/oil_india/tenders/detail_pages/GEM_2026_B_7820637.html
GEM_2026_B_7820816,NIT,,https://www.oil-india.com/download-tender-document?ten_detail=NkU2L3VpSEw2RXFyMmdHdQ%3D%3D,data/raw/oil_india/tenders/detail_pages/GEM_2026_B_7820816.html
GEM_2026_B_7822103,NIT,,https://www.oil-india.com/download-tender-document?ten_detail=NkU2L3RDSEw2RXFyMmdHdQ%3D%3D,data/raw/oil_india/tenders/detail_pages/GEM_2026_B_7822103.html
GEM_2026_B_7822477,NIT,,https://www.oil-india.com/download-tender-document?ten_detail=NzBlMnV5SEw2RXFyMmdHdQ%3D%3D,data/raw/oil_india/tenders/detail_pages/GEM_2026_B_7822477.html
GEM_2026_B_7823781,NIT,,https://www.oil-india.com/download-tender-document?ten_detail=NzBlMnZTSEw2RXFyMmdHdQ%3D%3D,data/raw/oil_india/tenders/detail_pages/GEM_2026_B_7823781.html
GEM_2026_B_7827403,NIT,,https://www.oil-india.com/download-tender-document?ten_detail=NzBlMnZpSEw2RXFyMmdHdQ%3D%3D,data/raw/oil_india/tenders/detail_pages/GEM_2026_B_7827403.html
GEM_2026_B_7828530,NIT,,https://www.oil-india.com/download-tender-document?ten_detail=NzBlM3VTSEw2RXFyMmdHdQ%3D%3D,data/raw/oil_india/tenders/detail_pages/GEM_2026_B_7828530.html
GEM_2026_B_7829254,NIT,,https://www.oil-india.com/download-tender-document?ten_detail=NzBlM3VDSEw2RXFyMmdHdQ%3D%3D,data/raw/oil_india/tenders/detail_pages/GEM_2026_B_7829254.html
GEM_2026_B_7831157,NIT,,https://www.oil-india.com/download-tender-document?ten_detail=NzBlM3VpSEw2RXFyMmdHdQ%3D%3D,data/raw/oil_india/tenders/detail_pages/GEM_2026_B_7831157.html
GEM_2026_B_7831366,NIT,,https://www.oil-india.com/download-tender-document?ten_detail=NzBlM3V5SEw2RXFyMmdHdQ%3D%3D,data/raw/oil_india/tenders/detail_pages/GEM_2026_B_7831366.html
GEM_2026_B_7831709,NIT,,https://www.oil-india.com/download-tender-document?ten_detail=NzBlMnVpSEw2RXFyMmdHdQ%3D%3D,data/raw/oil_india/tenders/detail_pages/GEM_2026_B_7831709.html
GEM_2026_B_7831782,NIT,,https://www.oil-india.com/download-tender-document?ten_detail=NzBlMnRDSEw2RXFyMmdHdQ%3D%3D,data/raw/oil_india/tenders/detail_pages/GEM_2026_B_7831782.html
GEM_2026_B_7832097,NIT,,https://www.oil-india.com/download-tender-document?ten_detail=NzBlMnRTSEw2RXFyMmdHdQ%3D%3D,data/raw/oil_india/tenders/detail_pages/GEM_2026_B_7832097.html
GEM_2026_B_7832381,NIT,,https://www.oil-india.com/download-tender-document?ten_detail=NzBlM3ZTSEw2RXFyMmdHdQ%3D%3D,data/raw/oil_india/tenders/detail_pages/GEM_2026_B_7832381.html
GEM_2026_B_7833694,NIT,,https://www.oil-india.com/download-tender-document?ten_detail=NzBlM3Z5SEw2RXFyMmdHdQ%3D%3D,data/raw/oil_india/tenders/detail_pages/GEM_2026_B_7833694.html
GEM_2026_B_7833767,NIT,,https://www.oil-india.com/download-tender-document?ten_detail=NzBlM3ZpSEw2RXFyMmdHdQ%3D%3D,data/raw/oil_india/tenders/detail_pages/GEM_2026_B_7833767.html
GEM_2026_B_7839546,NIT,,https://www.oil-india.com/download-tender-document?ten_detail=NzBlL3RDSEw2RXFyMmdHdQ%3D%3D,data/raw/oil_india/tenders/detail_pages/GEM_2026_B_7839546.html
GEM_2026_B_7841968,NIT,,https://www.oil-india.com/download-tender-document?ten_detail=NzBlM3RDSEw2RXFyMmdHdQ%3D%3D,data/raw/oil_india/tenders/detail_pages/GEM_2026_B_7841968.html
GEM_2026_B_7842038,NIT,,https://www.oil-india.com/download-tender-document?ten_detail=NzBlMHZTSEw2RXFyMmdHdQ%3D%3D,data/raw/oil_india/tenders/detail_pages/GEM_2026_B_7842038.html
GEM_2026_B_7843760,NIT,,https://www.oil-india.com/download-tender-document?ten_detail=NzBlMHZDSEw2RXFyMmdHdQ%3D%3D,data/raw/oil_india/tenders/detail_pages/GEM_2026_B_7843760.html
GEM_2026_B_7846498,NIT,,https://www.oil-india.com/download-tender-document?ten_detail=NzBlMHZ5SEw2RXFyMmdHdQ%3D%3D,data/raw/oil_india/tenders/detail_pages/GEM_2026_B_7846498.html
GEM_2026_B_7850132,NIT,,https://www.oil-india.com/download-tender-document?ten_detail=NzBlMXZDSEw2RXFyMmdHdQ%3D%3D,data/raw/oil_india/tenders/detail_pages/GEM_2026_B_7850132.html
GEM_2026_B_7850622,NIT,,https://www.oil-india.com/download-tender-document?ten_detail=NzBlMHZpSEw2RXFyMmdHdQ%3D%3D,data/raw/oil_india/tenders/detail_pages/GEM_2026_B_7850622.html
GEM_2026_B_7850883,NIT,,https://www.oil-india.com/download-tender-document?ten_detail=NzBlMHRDSEw2RXFyMmdHdQ%3D%3D,data/raw/oil_india/tenders/detail_pages/GEM_2026_B_7850883.html
GEM_2026_B_7850972,NIT,,https://www.oil-india.com/download-tender-document?ten_detail=NzBlMHVTSEw2RXFyMmdHdQ%3D%3D,data/raw/oil_india/tenders/detail_pages/GEM_2026_B_7850972.html
GEM_2026_B_7852313,NIT,,https://www.oil-india.com/download-tender-document?ten_detail=NzBlMHVDSEw2RXFyMmdHdQ%3D%3D,data/raw/oil_india/tenders/detail_pages/GEM_2026_B_7852313.html
GEM_2026_B_7854857,NIT,,https://www.oil-india.com/download-tender-document?ten_detail=NzBlMHRTSEw2RXFyMmdHdQ%3D%3D,data/raw/oil_india/tenders/detail_pages/GEM_2026_B_7854857.html
GEM_2026_B_7854874,NIT,,https://www.oil-india.com/download-tender-document?ten_detail=NzBlMHVpSEw2RXFyMmdHdQ%3D%3D,data/raw/oil_india/tenders/detail_pages/GEM_2026_B_7854874.html
GEM_2026_B_7855284,NIT,,https://www.oil-india.com/download-tender-document?ten_detail=NzBlMHV5SEw2RXFyMmdHdQ%3D%3D,data/raw/oil_india/tenders/detail_pages/GEM_2026_B_7855284.html
GEM_2026_B_7857934,NIT,,https://www.oil-india.com/download-tender-document?ten_detail=NzBlMXRTSEw2RXFyMmdHdQ%3D%3D,data/raw/oil_india/tenders/detail_pages/GEM_2026_B_7857934.html
GEM_2026_B_7860138,NIT,,https://www.oil-india.com/download-tender-document?ten_detail=NzBlMXZTSEw2RXFyMmdHdQ%3D%3D,data/raw/oil_india/tenders/detail_pages/GEM_2026_B_7860138.html
GEM_2026_B_7860639,NIT,,https://www.oil-india.com/download-tender-document?ten_detail=NzBlMXZ5SEw2RXFyMmdHdQ%3D%3D,data/raw/oil_india/tenders/detail_pages/GEM_2026_B_7860639.html
GEM_2026_B_7861808,NIT,,https://www.oil-india.com/download-tender-document?ten_detail=NzBlMXVTSEw2RXFyMmdHdQ%3D%3D,data/raw/oil_india/tenders/detail_pages/GEM_2026_B_7861808.html
GEM_2026_B_7862915,NIT,,https://www.oil-india.com/download-tender-document?ten_detail=NzBlMXV5SEw2RXFyMmdHdQ%3D%3D,data/raw/oil_india/tenders/detail_pages/GEM_2026_B_7862915.html
GEM_2026_B_7862992,NIT,,https://www.oil-india.com/download-tender-document?ten_detail=NzBlMXVDSEw2RXFyMmdHdQ%3D%3D,data/raw/oil_india/tenders/detail_pages/GEM_2026_B_7862992.html
GEM_2026_B_7863599,NIT,,https://www.oil-india.com/download-tender-document?ten_detail=NzBlMXVpSEw2RXFyMmdHdQ%3D%3D,data/raw/oil_india/tenders/detail_pages/GEM_2026_B_7863599.html
GEM_2026_B_7866891,NIT,,https://www.oil-india.com/download-tender-document?ten_detail=NzBleXZDSEw2RXFyMmdHdQ%3D%3D,data/raw/oil_india/tenders/detail_pages/GEM_2026_B_7866891.html
GEM_2026_B_7868713,NIT,,https://www.oil-india.com/download-tender-document?ten_detail=NzBleXZTSEw2RXFyMmdHdQ%3D%3D,data/raw/oil_india/tenders/detail_pages/GEM_2026_B_7868713.html
GEM_2026_B_7868773,NIT,,https://www.oil-india.com/download-tender-document?ten_detail=NzBlMXRDSEw2RXFyMmdHdQ%3D%3D,data/raw/oil_india/tenders/detail_pages/GEM_2026_B_7868773.html
GEM_2026_B_7869634,NIT,,https://www.oil-india.com/download-tender-document?ten_detail=NzBleXVDSEw2RXFyMmdHdQ%3D%3D,data/raw/oil_india/tenders/detail_pages/GEM_2026_B_7869634.html
GEM_2026_B_7871667,NIT,,https://www.oil-india.com/download-tender-document?ten_detail=NzBleXVpSEw2RXFyMmdHdQ%3D%3D,data/raw/oil_india/tenders/detail_pages/GEM_2026_B_7871667.html
GEM_2026_B_7871815,NIT,,https://www.oil-india.com/download-tender-document?ten_detail=NzBlenZpSEw2RXFyMmdHdQ%3D%3D,data/raw/oil_india/tenders/detail_pages/GEM_2026_B_7871815.html
GEM_2026_B_7873901,NIT,,https://www.oil-india.com/download-tender-document?ten_detail=NzBleXVTSEw2RXFyMmdHdQ%3D%3D,data/raw/oil_india/tenders/detail_pages/GEM_2026_B_7873901.html
GEM_2026_B_7874732,NIT,,https://www.oil-india.com/download-tender-document?ten_detail=NzBleXZ5SEw2RXFyMmdHdQ%3D%3D,data/raw/oil_india/tenders/detail_pages/GEM_2026_B_7874732.html
GEM_2026_B_7875181,NIT,,https://www.oil-india.com/download-tender-document?ten_detail=NzBleXZpSEw2RXFyMmdHdQ%3D%3D,data/raw/oil_india/tenders/detail_pages/GEM_2026_B_7875181.html
GEM_2026_B_7875299,NIT,,https://www.oil-india.com/download-tender-document?ten_detail=NzBleHRTSEw2RXFyMmdHdQ%3D%3D,data/raw/oil_india/tenders/detail_pages/GEM_2026_B_7875299.html
GEM_2026_B_7877046,NIT,,https://www.oil-india.com/download-tender-document?ten_detail=NzBlenZDSEw2RXFyMmdHdQ%3D%3D,data/raw/oil_india/tenders/detail_pages/GEM_2026_B_7877046.html
GEM_2026_B_7879972,NIT,,https://www.oil-india.com/download-tender-document?ten_detail=NzBleXRDSEw2RXFyMmdHdQ%3D%3D,data/raw/oil_india/tenders/detail_pages/GEM_2026_B_7879972.html
GEM_2026_B_7880777,NIT,,https://www.oil-india.com/download-tender-document?ten_detail=NzBlenZ5SEw2RXFyMmdHdQ%3D%3D,data/raw/oil_india/tenders/detail_pages/GEM_2026_B_7880777.html
GEM_2026_B_7881861,NIT,,https://www.oil-india.com/download-tender-document?ten_detail=NzBlenZTSEw2RXFyMmdHdQ%3D%3D,data/raw/oil_india/tenders/detail_pages/GEM_2026_B_7881861.html
GEM_2026_B_7884654,NIT,,https://www.oil-india.com/download-tender-document?ten_detail=NzBld3V5SEw2RXFyMmdHdQ%3D%3D,data/raw/oil_india/tenders/detail_pages/GEM_2026_B_7884654.html
GEM_2026_B_7887808,NIT,,https://www.oil-india.com/download-tender-document?ten_detail=NzBld3ZTSEw2RXFyMmdHdQ%3D%3D,data/raw/oil_india/tenders/detail_pages/GEM_2026_B_7887808.html
GEM_2026_B_7887970,NIT,,https://www.oil-india.com/download-tender-document?ten_detail=NzBlenVpSEw2RXFyMmdHdQ%3D%3D,data/raw/oil_india/tenders/detail_pages/GEM_2026_B_7887970.html
GEM_2026_B_7888751,NIT,,https://www.oil-india.com/download-tender-document?ten_detail=NzBleHVpSEw2RXFyMmdHdQ%3D%3D,data/raw/oil_india/tenders/detail_pages/GEM_2026_B_7888751.html
GEM_2026_B_7890848,NIT,,https://www.oil-india.com/download-tender-document?ten_detail=NzBhenZTSEw2RXFyMmdHdQ%3D%3D,data/raw/oil_india/tenders/detail_pages/GEM_2026_B_7890848.html
GEM_2026_B_7890885,NIT,,https://www.oil-india.com/download-tender-document?ten_detail=NzBld3ZDSEw2RXFyMmdHdQ%3D%3D,data/raw/oil_india/tenders/detail_pages/GEM_2026_B_7890885.html
GEM_2026_B_7890888,NIT,,https://www.oil-india.com/download-tender-document?ten_detail=NzBld3VpSEw2RXFyMmdHdQ%3D%3D,data/raw/oil_india/tenders/detail_pages/GEM_2026_B_7890888.html
GEM_2026_B_7891173,NIT,,https://www.oil-india.com/download-tender-document?ten_detail=NzBld3Z5SEw2RXFyMmdHdQ%3D%3D,data/raw/oil_india/tenders/detail_pages/GEM_2026_B_7891173.html
GEM_2026_B_7892455,NIT,,https://www.oil-india.com/download-tender-document?ten_detail=NzBlK3ZDSEw2RXFyMmdHdQ%3D%3D,data/raw/oil_india/tenders/detail_pages/GEM_2026_B_7892455.html
GEM_2026_B_7892523,NIT,,https://www.oil-india.com/download-tender-document?ten_detail=NzBld3ZpSEw2RXFyMmdHdQ%3D%3D,data/raw/oil_india/tenders/detail_pages/GEM_2026_B_7892523.html
GEM_2026_B_7893201,NIT,,https://www.oil-india.com/download-tender-document?ten_detail=NzBld3VDSEw2RXFyMmdHdQ%3D%3D,data/raw/oil_india/tenders/detail_pages/GEM_2026_B_7893201.html
GEM_2026_B_7893529,NIT,,https://www.oil-india.com/download-tender-document?ten_detail=NzBleHZ5SEw2RXFyMmdHdQ%3D%3D,data/raw/oil_india/tenders/detail_pages/GEM_2026_B_7893529.html
GEM_2026_B_7895247,NIT,,https://www.oil-india.com/download-tender-document?ten_detail=NzBld3RTSEw2RXFyMmdHdQ%3D%3D,data/raw/oil_india/tenders/detail_pages/GEM_2026_B_7895247.html
GEM_2026_B_7895599,NIT,,https://www.oil-india.com/download-tender-document?ten_detail=NzBlK3ZpSEw2RXFyMmdHdQ%3D%3D,data/raw/oil_india/tenders/detail_pages/GEM_2026_B_7895599.html
GEM_2026_B_7896295,NIT,,https://www.oil-india.com/download-tender-document?ten_detail=NzBleHV5SEw2RXFyMmdHdQ%3D%3D,data/raw/oil_india/tenders/detail_pages/GEM_2026_B_7896295.html
GEM_2026_B_7896322,NIT,,https://www.oil-india.com/download-tender-document?ten_detail=NzBleHZTSEw2RXFyMmdHdQ%3D%3D,data/raw/oil_india/tenders/detail_pages/GEM_2026_B_7896322.html
GEM_2026_B_7896346,NIT,,https://www.oil-india.com/download-tender-document?ten_detail=NzBlK3VTSEw2RXFyMmdHdQ%3D%3D,data/raw/oil_india/tenders/detail_pages/GEM_2026_B_7896346.html
GEM_2026_B_7898347,NIT,,https://www.oil-india.com/download-tender-document?ten_detail=NzBleHZpSEw2RXFyMmdHdQ%3D%3D,data/raw/oil_india/tenders/detail_pages/GEM_2026_B_7898347.html
GEM_2026_B_7900003,NIT,,https://www.oil-india.com/download-tender-document?ten_detail=NzBlK3Z5SEw2RXFyMmdHdQ%3D%3D,data/raw/oil_india/tenders/detail_pages/GEM_2026_B_7900003.html
GEM_2026_B_7900928,NIT,,https://www.oil-india.com/download-tender-document?ten_detail=NzBleHRDSEw2RXFyMmdHdQ%3D%3D,data/raw/oil_india/tenders/detail_pages/GEM_2026_B_7900928.html
GEM_2026_B_7902194,NIT,,https://www.oil-india.com/download-tender-document?ten_detail=NzBleHVDSEw2RXFyMmdHdQ%3D%3D,data/raw/oil_india/tenders/detail_pages/GEM_2026_B_7902194.html
GEM_2026_B_7903592,NIT,,https://www.oil-india.com/download-tender-document?ten_detail=NzBhMXVpSEw2RXFyMmdHdQ%3D%3D,data/raw/oil_india/tenders/detail_pages/GEM_2026_B_7903592.html
GEM_2026_B_7903984,NIT,,https://www.oil-india.com/download-tender-document?ten_detail=NzBlK3VDSEw2RXFyMmdHdQ%3D%3D,data/raw/oil_india/tenders/detail_pages/GEM_2026_B_7903984.html
GEM_2026_B_7904049,NIT,,https://www.oil-india.com/download-tender-document?ten_detail=NzBlK3ZTSEw2RXFyMmdHdQ%3D%3D,data/raw/oil_india/tenders/detail_pages/GEM_2026_B_7904049.html
GEM_2026_B_7909830,NIT,,https://www.oil-india.com/download-tender-document?ten_detail=NzBlK3VpSEw2RXFyMmdHdQ%3D%3D,data/raw/oil_india/tenders/detail_pages/GEM_2026_B_7909830.html
GEM_2026_B_7911669,NIT,,https://www.oil-india.com/download-tender-document?ten_detail=NzBlL3ZDSEw2RXFyMmdHdQ%3D%3D,data/raw/oil_india/tenders/detail_pages/GEM_2026_B_7911669.html
GEM_2026_B_7913933,NIT,,https://www.oil-india.com/download-tender-document?ten_detail=NzBlK3RDSEw2RXFyMmdHdQ%3D%3D,data/raw/oil_india/tenders/detail_pages/GEM_2026_B_7913933.html
GEM_2026_B_7914292,NIT,,https://www.oil-india.com/download-tender-document?ten_detail=NzBlL3Z5SEw2RXFyMmdHdQ%3D%3D,data/raw/oil_india/tenders/detail_pages/GEM_2026_B_7914292.html
GEM_2026_B_7914336,NIT,,https://www.oil-india.com/download-tender-document?ten_detail=NzBlL3VTSEw2RXFyMmdHdQ%3D%3D,data/raw/oil_india/tenders/detail_pages/GEM_2026_B_7914336.html
GEM_2026_B_7914442,NIT,,https://www.oil-india.com/download-tender-document?ten_detail=NzBlL3VDSEw2RXFyMmdHdQ%3D%3D,data/raw/oil_india/tenders/detail_pages/GEM_2026_B_7914442.html
GEM_2026_B_7914507,NIT,,https://www.oil-india.com/download-tender-document?ten_detail=NzBlL3ZpSEw2RXFyMmdHdQ%3D%3D,data/raw/oil_india/tenders/detail_pages/GEM_2026_B_7914507.html
GEM_2026_B_7916829,NIT,,https://www.oil-india.com/download-tender-document?ten_detail=NzBheXRDSEw2RXFyMmdHdQ%3D%3D,data/raw/oil_india/tenders/detail_pages/GEM_2026_B_7916829.html
GEM_2026_B_7918940,NIT,,https://www.oil-india.com/download-tender-document?ten_detail=NzBlL3RTSEw2RXFyMmdHdQ%3D%3D,data/raw/oil_india/tenders/detail_pages/GEM_2026_B_7918940.html
GEM_2026_B_7919096,NIT,,https://www.oil-india.com/download-tender-document?ten_detail=NzBlL3V5SEw2RXFyMmdHdQ%3D%3D,data/raw/oil_india/tenders/detail_pages/GEM_2026_B_7919096.html
GEM_2026_B_7920175,NIT,,https://www.oil-india.com/download-tender-document?ten_detail=NzBhMnZTSEw2RXFyMmdHdQ%3D%3D,data/raw/oil_india/tenders/detail_pages/GEM_2026_B_7920175.html
GEM_2026_B_7922319,NIT,,https://www.oil-india.com/download-tender-document?ten_detail=NzBhMnVTSEw2RXFyMmdHdQ%3D%3D,data/raw/oil_india/tenders/detail_pages/GEM_2026_B_7922319.html
GEM_2026_B_7923490,NIT,,https://www.oil-india.com/download-tender-document?ten_detail=NzBhMnZ5SEw2RXFyMmdHdQ%3D%3D,data/raw/oil_india/tenders/detail_pages/GEM_2026_B_7923490.html
GEM_2026_B_7924403,NIT,,https://www.oil-india.com/download-tender-document?ten_detail=NzBhMnV5SEw2RXFyMmdHdQ%3D%3D,data/raw/oil_india/tenders/detail_pages/GEM_2026_B_7924403.html
GEM_2026_B_7925128,NIT,,https://www.oil-india.com/download-tender-document?ten_detail=NzBhM3RTSEw2RXFyMmdHdQ%3D%3D,data/raw/oil_india/tenders/detail_pages/GEM_2026_B_7925128.html
GEM_2026_B_7925276,NIT,,https://www.oil-india.com/download-tender-document?ten_detail=NzBhMnVDSEw2RXFyMmdHdQ%3D%3D,data/raw/oil_india/tenders/detail_pages/GEM_2026_B_7925276.html
GEM_2026_B_7925356,NIT,,https://www.oil-india.com/download-tender-document?ten_detail=NzBhM3ZDSEw2RXFyMmdHdQ%3D%3D,data/raw/oil_india/tenders/detail_pages/GEM_2026_B_7925356.html
GEM_2026_B_7926244,NIT,,https://www.oil-india.com/download-tender-document?ten_detail=NzBhMnVpSEw2RXFyMmdHdQ%3D%3D,data/raw/oil_india/tenders/detail_pages/GEM_2026_B_7926244.html
GEM_2026_B_7928171,NIT,,https://www.oil-india.com/download-tender-document?ten_detail=NzBhMnRDSEw2RXFyMmdHdQ%3D%3D,data/raw/oil_india/tenders/detail_pages/GEM_2026_B_7928171.html
GEM_2026_B_7928521,NIT,,https://www.oil-india.com/download-tender-document?ten_detail=NzBhM3ZpSEw2RXFyMmdHdQ%3D%3D,data/raw/oil_india/tenders/detail_pages/GEM_2026_B_7928521.html
GEM_2026_B_7928939,NIT,,https://www.oil-india.com/download-tender-document?ten_detail=NzBhM3ZTSEw2RXFyMmdHdQ%3D%3D,data/raw/oil_india/tenders/detail_pages/GEM_2026_B_7928939.html
GEM_2026_B_7930734,NIT,,https://www.oil-india.com/download-tender-document?ten_detail=NzBhMHZTSEw2RXFyMmdHdQ%3D%3D,data/raw/oil_india/tenders/detail_pages/GEM_2026_B_7930734.html
GEM_2026_B_7933479,NIT,,https://www.oil-india.com/download-tender-document?ten_detail=NzBhM3VpSEw2RXFyMmdHdQ%3D%3D,data/raw/oil_india/tenders/detail_pages/GEM_2026_B_7933479.html
GEM_2026_B_7933979,NIT,,https://www.oil-india.com/download-tender-document?ten_detail=NzBhM3RDSEw2RXFyMmdHdQ%3D%3D,data/raw/oil_india/tenders/detail_pages/GEM_2026_B_7933979.html
GEM_2026_B_7938280,NIT,,https://www.oil-india.com/download-tender-document?ten_detail=NzBhMHZpSEw2RXFyMmdHdQ%3D%3D,data/raw/oil_india/tenders/detail_pages/GEM_2026_B_7938280.html
GEM_2026_B_7939738,NIT,,https://www.oil-india.com/download-tender-document?ten_detail=NzBhMHVTSEw2RXFyMmdHdQ%3D%3D,data/raw/oil_india/tenders/detail_pages/GEM_2026_B_7939738.html
GEM_2026_B_7942155,NIT,,https://www.oil-india.com/download-tender-document?ten_detail=NzBhMHRTSEw2RXFyMmdHdQ%3D%3D,data/raw/oil_india/tenders/detail_pages/GEM_2026_B_7942155.html
GEM_2026_B_7944502,NIT,,https://www.oil-india.com/download-tender-document?ten_detail=NzBhMXVTSEw2RXFyMmdHdQ%3D%3D,data/raw/oil_india/tenders/detail_pages/GEM_2026_B_7944502.html
GEM_2026_B_7944785,NIT,,https://www.oil-india.com/download-tender-document?ten_detail=NzBhMHRDSEw2RXFyMmdHdQ%3D%3D,data/raw/oil_india/tenders/detail_pages/GEM_2026_B_7944785.html
GEM_2026_B_7947894,NIT,,https://www.oil-india.com/download-tender-document?ten_detail=NzBhMXZ5SEw2RXFyMmdHdQ%3D%3D,data/raw/oil_india/tenders/detail_pages/GEM_2026_B_7947894.html
GEM_2026_B_7948020,NIT,,https://www.oil-india.com/download-tender-document?ten_detail=NzBhMXZDSEw2RXFyMmdHdQ%3D%3D,data/raw/oil_india/tenders/detail_pages/GEM_2026_B_7948020.html
GEM_2026_B_7948903,NIT,,https://www.oil-india.com/download-tender-document?ten_detail=NzBhMXZpSEw2RXFyMmdHdQ%3D%3D,data/raw/oil_india/tenders/detail_pages/GEM_2026_B_7948903.html
GEM_2026_B_7949984,NIT,,https://www.oil-india.com/download-tender-document?ten_detail=NzBhMXVDSEw2RXFyMmdHdQ%3D%3D,data/raw/oil_india/tenders/detail_pages/GEM_2026_B_7949984.html
GEM_2026_B_7953577,NIT,,https://www.oil-india.com/download-tender-document?ten_detail=NzBhMXRTSEw2RXFyMmdHdQ%3D%3D,data/raw/oil_india/tenders/detail_pages/GEM_2026_B_7953577.html
GEM_2026_B_7954669,NIT,,https://www.oil-india.com/download-tender-document?ten_detail=NzBheXZpSEw2RXFyMmdHdQ%3D%3D,data/raw/oil_india/tenders/detail_pages/GEM_2026_B_7954669.html
GEM_2026_B_7954769,NIT,,https://www.oil-india.com/download-tender-document?ten_detail=NzBheXZTSEw2RXFyMmdHdQ%3D%3D,data/raw/oil_india/tenders/detail_pages/GEM_2026_B_7954769.html
GEM_2026_B_7955037,NIT,,https://www.oil-india.com/download-tender-document?ten_detail=NzBhMXRDSEw2RXFyMmdHdQ%3D%3D,data/raw/oil_india/tenders/detail_pages/GEM_2026_B_7955037.html
GEM_2026_B_7955183,NIT,,https://www.oil-india.com/download-tender-document?ten_detail=NzBheXZDSEw2RXFyMmdHdQ%3D%3D,data/raw/oil_india/tenders/detail_pages/GEM_2026_B_7955183.html
GEM_2026_B_7956245,NIT,,https://www.oil-india.com/download-tender-document?ten_detail=NzBheXZ5SEw2RXFyMmdHdQ%3D%3D,data/raw/oil_india/tenders/detail_pages/GEM_2026_B_7956245.html
GEM_2026_B_7959207,NIT,,https://www.oil-india.com/download-tender-document?ten_detail=NzBheXVDSEw2RXFyMmdHdQ%3D%3D,data/raw/oil_india/tenders/detail_pages/GEM_2026_B_7959207.html
GEM_2026_B_7959504,NIT,,https://www.oil-india.com/download-tender-document?ten_detail=NzBhenZ5SEw2RXFyMmdHdQ%3D%3D,data/raw/oil_india/tenders/detail_pages/GEM_2026_B_7959504.html
GEM_2026_B_7960158,NIT,,https://www.oil-india.com/download-tender-document?ten_detail=NzBheXVTSEw2RXFyMmdHdQ%3D%3D,data/raw/oil_india/tenders/detail_pages/GEM_2026_B_7960158.html
GEM_2026_B_7962825,NIT,,https://www.oil-india.com/download-tender-document?ten_detail=NzBhd3ZpSEw2RXFyMmdHdQ%3D%3D,data/raw/oil_india/tenders/detail_pages/GEM_2026_B_7962825.html
GEM_2026_B_7962826,NIT,,https://www.oil-india.com/download-tender-document?ten_detail=NzBheXRTSEw2RXFyMmdHdQ%3D%3D,data/raw/oil_india/tenders/detail_pages/GEM_2026_B_7962826.html
GEM_2026_B_7963073,NIT,,https://www.oil-india.com/download-tender-document?ten_detail=NzBhd3VpSEw2RXFyMmdHdQ%3D%3D,data/raw/oil_india/tenders/detail_pages/GEM_2026_B_7963073.html
GEM_2026_B_7965019,NIT,,https://www.oil-india.com/download-tender-document?ten_detail=NzBhenZpSEw2RXFyMmdHdQ%3D%3D,data/raw/oil_india/tenders/detail_pages/GEM_2026_B_7965019.html
GEM_2026_B_7965096,NIT,,https://www.oil-india.com/download-tender-document?ten_detail=NzBhd3VDSEw2RXFyMmdHdQ%3D%3D,data/raw/oil_india/tenders/detail_pages/GEM_2026_B_7965096.html
GEM_2026_B_7965555,NIT,,https://www.oil-india.com/download-tender-document?ten_detail=NzBhenVDSEw2RXFyMmdHdQ%3D%3D,data/raw/oil_india/tenders/detail_pages/GEM_2026_B_7965555.html
GEM_2026_B_7965679,NIT,,https://www.oil-india.com/download-tender-document?ten_detail=NzBhenVTSEw2RXFyMmdHdQ%3D%3D,data/raw/oil_india/tenders/detail_pages/GEM_2026_B_7965679.html
GEM_2026_B_7967822,NIT,,https://www.oil-india.com/download-tender-document?ten_detail=NzBhenV5SEw2RXFyMmdHdQ%3D%3D,data/raw/oil_india/tenders/detail_pages/GEM_2026_B_7967822.html
GEM_2026_B_7968161,NIT,,https://www.oil-india.com/download-tender-document?ten_detail=NzBhenRTSEw2RXFyMmdHdQ%3D%3D,data/raw/oil_india/tenders/detail_pages/GEM_2026_B_7968161.html
GEM_2026_B_7969823,NIT,,https://www.oil-india.com/download-tender-document?ten_detail=NzBhenRDSEw2RXFyMmdHdQ%3D%3D,data/raw/oil_india/tenders/detail_pages/GEM_2026_B_7969823.html
GEM_2026_B_7969883,NIT,,https://www.oil-india.com/download-tender-document?ten_detail=NzBhenVpSEw2RXFyMmdHdQ%3D%3D,data/raw/oil_india/tenders/detail_pages/GEM_2026_B_7969883.html
GEM_2026_B_7971355,NIT,,https://www.oil-india.com/download-tender-document?ten_detail=NzBhd3ZTSEw2RXFyMmdHdQ%3D%3D,data/raw/oil_india/tenders/detail_pages/GEM_2026_B_7971355.html
GEM_2026_B_7971386,NIT,,https://www.oil-india.com/download-tender-document?ten_detail=NzBhd3Z5SEw2RXFyMmdHdQ%3D%3D,data/raw/oil_india/tenders/detail_pages/GEM_2026_B_7971386.html
GEM_2026_B_7971435,NIT,,https://www.oil-india.com/download-tender-document?ten_detail=NzBhd3VTSEw2RXFyMmdHdQ%3D%3D,data/raw/oil_india/tenders/detail_pages/GEM_2026_B_7971435.html
GEM_2026_B_7971533,NIT,,https://www.oil-india.com/download-tender-document?ten_detail=NzBhd3V5SEw2RXFyMmdHdQ%3D%3D,data/raw/oil_india/tenders/detail_pages/GEM_2026_B_7971533.html
GEM_2026_B_7971563,NIT,,https://www.oil-india.com/download-tender-document?ten_detail=NzBhd3ZDSEw2RXFyMmdHdQ%3D%3D,data/raw/oil_india/tenders/detail_pages/GEM_2026_B_7971563.html
GEM_2026_B_7972746,NIT,,https://www.oil-india.com/download-tender-document?ten_detail=NzBhd3RTSEw2RXFyMmdHdQ%3D%3D,data/raw/oil_india/tenders/detail_pages/GEM_2026_B_7972746.html
GEM_2026_B_7972769,NIT,,https://www.oil-india.com/download-tender-document?ten_detail=NzBhL3ZTSEw2RXFyMmdHdQ%3D%3D,data/raw/oil_india/tenders/detail_pages/GEM_2026_B_7972769.html
GEM_2026_B_7972856,NIT,,https://www.oil-india.com/download-tender-document?ten_detail=NzBheHZTSEw2RXFyMmdHdQ%3D%3D,data/raw/oil_india/tenders/detail_pages/GEM_2026_B_7972856.html
GEM_2026_B_7975978,NIT,,https://www.oil-india.com/download-tender-document?ten_detail=NzBhd3RDSEw2RXFyMmdHdQ%3D%3D,data/raw/oil_india/tenders/detail_pages/GEM_2026_B_7975978.html
GEM_2026_B_7975986,NIT,,https://www.oil-india.com/download-tender-document?ten_detail=NzBheHZDSEw2RXFyMmdHdQ%3D%3D,data/raw/oil_india/tenders/detail_pages/GEM_2026_B_7975986.html
GEM_2026_B_7977866,NIT,,https://www.oil-india.com/download-tender-document?ten_detail=NzBheHV5SEw2RXFyMmdHdQ%3D%3D,data/raw/oil_india/tenders/detail_pages/GEM_2026_B_7977866.html
GEM_2026_B_7978228,NIT,,https://www.oil-india.com/download-tender-document?ten_detail=NzBheHVTSEw2RXFyMmdHdQ%3D%3D,data/raw/oil_india/tenders/detail_pages/GEM_2026_B_7978228.html
GEM_2026_B_7979988,NIT,,https://www.oil-india.com/download-tender-document?ten_detail=NzBhK3ZDSEw2RXFyMmdHdQ%3D%3D,data/raw/oil_india/tenders/detail_pages/GEM_2026_B_7979988.html
GEM_2026_B_7980210,NIT,,https://www.oil-india.com/download-tender-document?ten_detail=NzBheHVpSEw2RXFyMmdHdQ%3D%3D,data/raw/oil_india/tenders/detail_pages/GEM_2026_B_7980210.html
GEM_2026_B_7980678,NIT,,https://www.oil-india.com/download-tender-document?ten_detail=NzBheHRTSEw2RXFyMmdHdQ%3D%3D,data/raw/oil_india/tenders/detail_pages/GEM_2026_B_7980678.html
GEM_2026_B_7982168,NIT,,https://www.oil-india.com/download-tender-document?ten_detail=NzBhK3ZTSEw2RXFyMmdHdQ%3D%3D,data/raw/oil_india/tenders/detail_pages/GEM_2026_B_7982168.html
GEM_2026_B_7982622,NIT,,https://www.oil-india.com/download-tender-document?ten_detail=NzBheHRDSEw2RXFyMmdHdQ%3D%3D,data/raw/oil_india/tenders/detail_pages/GEM_2026_B_7982622.html
GEM_2026_B_7982688,NIT,,https://www.oil-india.com/download-tender-document?ten_detail=NzBhK3RDSEw2RXFyMmdHdQ%3D%3D,data/raw/oil_india/tenders/detail_pages/GEM_2026_B_7982688.html
GEM_2026_B_7983153,NIT,,https://www.oil-india.com/download-tender-document?ten_detail=NzBhK3ZpSEw2RXFyMmdHdQ%3D%3D,data/raw/oil_india/tenders/detail_pages/GEM_2026_B_7983153.html
GEM_2026_B_7985273,NIT,,https://www.oil-india.com/download-tender-document?ten_detail=NzBhK3Z5SEw2RXFyMmdHdQ%3D%3D,data/raw/oil_india/tenders/detail_pages/GEM_2026_B_7985273.html
GEM_2026_B_7988726,NIT,,https://www.oil-india.com/download-tender-document?ten_detail=NzBhK3VpSEw2RXFyMmdHdQ%3D%3D,data/raw/oil_india/tenders/detail_pages/GEM_2026_B_7988726.html
GEM_2026_B_7988841,NIT,,https://www.oil-india.com/download-tender-document?ten_detail=NzBhK3V5SEw2RXFyMmdHdQ%3D%3D,data/raw/oil_india/tenders/detail_pages/GEM_2026_B_7988841.html
GEM_2026_B_7989186,NIT,,https://www.oil-india.com/download-tender-document?ten_detail=NzBhL3VDSEw2RXFyMmdHdQ%3D%3D,data/raw/oil_india/tenders/detail_pages/GEM_2026_B_7989186.html
GEM_2026_B_7989238,NIT,,https://www.oil-india.com/download-tender-document?ten_detail=NzBhL3Z5SEw2RXFyMmdHdQ%3D%3D,data/raw/oil_india/tenders/detail_pages/GEM_2026_B_7989238.html
GEM_2026_B_7990509,NIT,,https://www.oil-india.com/download-tender-document?ten_detail=NzBhL3ZDSEw2RXFyMmdHdQ%3D%3D,data/raw/oil_india/tenders/detail_pages/GEM_2026_B_7990509.html
GEM_2026_B_7992429,NIT,,https://www.oil-india.com/download-tender-document?ten_detail=NzBhL3V5SEw2RXFyMmdHdQ%3D%3D,data/raw/oil_india/tenders/detail_pages/GEM_2026_B_7992429.html
GEM_2026_B_7993054,NIT,,https://www.oil-india.com/download-tender-document?ten_detail=NzBhL3VpSEw2RXFyMmdHdQ%3D%3D,data/raw/oil_india/tenders/detail_pages/GEM_2026_B_7993054.html
GEM_2026_B_7994293,NIT,,https://www.oil-india.com/download-tender-document?ten_detail=NzBhL3RDSEw2RXFyMmdHdQ%3D%3D,data/raw/oil_india/tenders/detail_pages/GEM_2026_B_7994293.html
GEM_2026_B_7995725,NIT,,https://www.oil-india.com/download-tender-document?ten_detail=NzBXMnZDSEw2RXFyMmdHdQ%3D%3D,data/raw/oil_india/tenders/detail_pages/GEM_2026_B_7995725.html
GEM_2026_B_7997143,NIT,,https://www.oil-india.com/download-tender-document?ten_detail=NzBXMnZpSEw2RXFyMmdHdQ%3D%3D,data/raw/oil_india/tenders/detail_pages/GEM_2026_B_7997143.html
GEM_2026_B_7997296,NIT,,https://www.oil-india.com/download-tender-document?ten_detail=NzBXMnVTSEw2RXFyMmdHdQ%3D%3D,data/raw/oil_india/tenders/detail_pages/GEM_2026_B_7997296.html
GEM_2026_B_8002734,NIT,,https://www.oil-india.com/download-tender-document?ten_detail=NzBXMnV5SEw2RXFyMmdHdQ%3D%3D,data/raw/oil_india/tenders/detail_pages/GEM_2026_B_8002734.html
GEM_2026_B_8002892,NIT,,https://www.oil-india.com/download-tender-document?ten_detail=NzBXMnVpSEw2RXFyMmdHdQ%3D%3D,data/raw/oil_india/tenders/detail_pages/GEM_2026_B_8002892.html
GEM_2026_B_8004960,NIT,,https://www.oil-india.com/download-tender-document?ten_detail=NzBXMnRTSEw2RXFyMmdHdQ%3D%3D,data/raw/oil_india/tenders/detail_pages/GEM_2026_B_8004960.html
GEM_2026_B_8007868,NIT,,https://www.oil-india.com/download-tender-document?ten_detail=NzBXM3Z5SEw2RXFyMmdHdQ%3D%3D,data/raw/oil_india/tenders/detail_pages/GEM_2026_B_8007868.html
GOD5581L24,NIT,,https://www.oil-india.com/download-tender-document?ten_detail=Nms2eW9HaksrUk93M2c9PQ%3D%3D,data/raw/oil_india/tenders/detail_pages/GOD5581L24.html
GOD5593L24,NIT,,https://www.oil-india.com/download-tender-document?ten_detail=Nms2MW9HaksrUk93M2c9PQ%3D%3D,data/raw/oil_india/tenders/detail_pages/GOD5593L24.html
GOD5664L24,NIT,,https://www.oil-india.com/download-tender-document?ten_detail=NmtDeW9HaksrUk93M2c9PQ%3D%3D,data/raw/oil_india/tenders/detail_pages/GOD5664L24.html
GOD5665L24,NIT,,https://www.oil-india.com/download-tender-document?ten_detail=NmtDem9HaksrUk93M2c9PQ%3D%3D,data/raw/oil_india/tenders/detail_pages/GOD5665L24.html
GOD5678L24,NIT,,https://www.oil-india.com/download-tender-document?ten_detail=NmtDMW9HaksrUk93M2c9PQ%3D%3D,data/raw/oil_india/tenders/detail_pages/GOD5678L24.html
GOD5849L24,NIT,,https://www.oil-india.com/download-tender-document?ten_detail=NlVLMG9HaksrUk93M2c9PQ%3D%3D,data/raw/oil_india/tenders/detail_pages/GOD5849L24.html
GOD6037L24,NIT,,https://www.oil-india.com/download-tender-document?ten_detail=NkVXMW9HaksrUk93M2c9PQ%3D%3D,data/raw/oil_india/tenders/detail_pages/GOD6037L24.html
GOD6207L25_3L,NIT,,https://www.oil-india.com/download-tender-document?ten_detail=NzAreW9HaksrUk93M2c9PQ%3D%3D,data/raw/oil_india/tenders/detail_pages/GOD6207L25_3L.html
GOD6374L25,NIT,,https://www.oil-india.com/download-tender-document?ten_detail=N2tlL29HaksrUk93M2c9PQ%3D%3D,data/raw/oil_india/tenders/detail_pages/GOD6374L25.html
GOD6383L25,NIT,,https://www.oil-india.com/download-tender-document?ten_detail=N2tPem9HaksrUk93M2c9PQ%3D%3D,data/raw/oil_india/tenders/detail_pages/GOD6383L25.html
GOD6445L25,NIT,,https://www.oil-india.com/download-tender-document?ten_detail=N2tHL29HaksrUk93M2c9PQ%3D%3D,data/raw/oil_india/tenders/detail_pages/GOD6445L25.html
GOD6569L25,NIT,,https://www.oil-india.com/download-tender-document?ten_detail=N1VXL29HaksrUk93M2c9PQ%3D%3D,data/raw/oil_india/tenders/detail_pages/GOD6569L25.html
GOD6587L25,NIT,,https://www.oil-india.com/download-tender-document?ten_detail=N1VLem9HaksrUk93M2c9PQ%3D%3D,data/raw/oil_india/tenders/detail_pages/GOD6587L25.html
GOD6710L25,NIT,,https://www.oil-india.com/download-tender-document?ten_detail=N0VXM29HaksrUk93M2c9PQ%3D%3D,data/raw/oil_india/tenders/detail_pages/GOD6710L25.html
GOD6711L25,NIT,,https://www.oil-india.com/download-tender-document?ten_detail=N0VheW9HaksrUk93M2c9PQ%3D%3D,data/raw/oil_india/tenders/detail_pages/GOD6711L25.html
GOD6713L25,NIT,,https://www.oil-india.com/download-tender-document?ten_detail=N0VhMW9HaksrUk93M2c9PQ%3D%3D,data/raw/oil_india/tenders/detail_pages/GOD6713L25.html
GOD6714L25,NIT,,https://www.oil-india.com/download-tender-document?ten_detail=N0VXd29HaksrUk93M2c9PQ%3D%3D,data/raw/oil_india/tenders/detail_pages/GOD6714L25.html
GOD6741L25,NIT,,https://www.oil-india.com/download-tender-document?ten_detail=NDBleW9HaksrUk93M2c9PQ%3D%3D,data/raw/oil_india/tenders/detail_pages/GOD6741L25.html
GOD6826L25,NIT,,https://www.oil-india.com/download-tender-document?ten_detail=N0VDK29HaksrUk93M2c9PQ%3D%3D,data/raw/oil_india/tenders/detail_pages/GOD6826L25.html
GOD6833L25,NIT,,https://www.oil-india.com/download-tender-document?ten_detail=NDBlMm9HaksrUk93M2c9PQ%3D%3D,data/raw/oil_india/tenders/detail_pages/GOD6833L25.html
GOD6913L25,NIT,,https://www.oil-india.com/download-tender-document?ten_detail=NDBPeW9HaksrUk93M2c9PQ%3D%3D,data/raw/oil_india/tenders/detail_pages/GOD6913L25.html
GOD6914L25,NIT,,https://www.oil-india.com/download-tender-document?ten_detail=NGtLeG9HaksrUk93M2c9PQ%3D%3D,data/raw/oil_india/tenders/detail_pages/GOD6914L25.html
GOD6925L25,NIT,,https://www.oil-india.com/download-tender-document?ten_detail=NDBPMW9HaksrUk93M2c9PQ%3D%3D,data/raw/oil_india/tenders/detail_pages/GOD6925L25.html
GOD6982L25,NIT,,https://www.oil-india.com/download-tender-document?ten_detail=NGtTMW9HaksrUk93M2c9PQ%3D%3D,data/raw/oil_india/tenders/detail_pages/GOD6982L25.html
GOD7111L25,NIT,,https://www.oil-india.com/download-tender-document?ten_detail=NGtHeG9HaksrUk93M2c9PQ%3D%3D,data/raw/oil_india/tenders/detail_pages/GOD7111L25.html
GOD7140L25,NIT,,https://www.oil-india.com/download-tender-document?ten_detail=NGsrMW9HaksrUk93M2c9PQ%3D%3D,data/raw/oil_india/tenders/detail_pages/GOD7140L25.html
GOD7194L25,NIT,,https://www.oil-india.com/download-tender-document?ten_detail=NGs2K29HaksrUk93M2c9PQ%3D%3D,data/raw/oil_india/tenders/detail_pages/GOD7194L25.html
GOD7346L25,NIT,,https://www.oil-india.com/download-tender-document?ten_detail=NmtlK3V5SEw2RXFyM1FZPQ%3D%3D,data/raw/oil_india/tenders/detail_pages/GOD7346L25.html
GOD7376L25,NIT,,https://www.oil-india.com/download-tender-document?ten_detail=NmthMnVDSEw2RXFyM1FZPQ%3D%3D,data/raw/oil_india/tenders/detail_pages/GOD7376L25.html
GOD7560L25,NIT,,https://www.oil-india.com/download-tender-document?ten_detail=NmtXMHVTSEw2RXFyM1FZPQ%3D%3D,data/raw/oil_india/tenders/detail_pages/GOD7560L25.html
GOD7602L25,NIT,,https://www.oil-india.com/download-tender-document?ten_detail=NmtXeXVDSEw2RXFyM1FZPQ%3D%3D,data/raw/oil_india/tenders/detail_pages/GOD7602L25.html
GOD7609L25,NIT,,https://www.oil-india.com/download-tender-document?ten_detail=NmtXeXRTSEw2RXFyM1FZPQ%3D%3D,data/raw/oil_india/tenders/detail_pages/GOD7609L25.html
GOD7659L25,NIT,,https://www.oil-india.com/download-tender-document?ten_detail=NmtXd3VDSEw2RXFyM1FZPQ%3D%3D,data/raw/oil_india/tenders/detail_pages/GOD7659L25.html
GOD7666L25,NIT,,https://www.oil-india.com/download-tender-document?ten_detail=NmtTK3RTSEw2RXFyM1FZPQ%3D%3D,data/raw/oil_india/tenders/detail_pages/GOD7666L25.html
GOD7709L25,NIT,,https://www.oil-india.com/download-tender-document?ten_detail=NmtTMnVTSEw2RXFyM1FZPQ%3D%3D,data/raw/oil_india/tenders/detail_pages/GOD7709L25.html
GOD7771L25,NIT,,https://www.oil-india.com/download-tender-document?ten_detail=NmtTMHVTSEw2RXFyM1FZPQ%3D%3D,data/raw/oil_india/tenders/detail_pages/GOD7771L25.html
GOD7876L25,NIT,,https://www.oil-india.com/download-tender-document?ten_detail=NmtTK3VpSEw2RXFyM1FZPQ%3D%3D,data/raw/oil_india/tenders/detail_pages/GOD7876L25.html
GOD7967L25,NIT,,https://www.oil-india.com/download-tender-document?ten_detail=NmtPd3V5SEw2RXFyM1FZPQ%3D%3D,data/raw/oil_india/tenders/detail_pages/GOD7967L25.html
GOD8060L25,NIT,,https://www.oil-india.com/download-tender-document?ten_detail=NmtPeHZpSEw2RXFyM1FZPQ%3D%3D,data/raw/oil_india/tenders/detail_pages/GOD8060L25.html
GOD8115L25,NIT,,https://www.oil-india.com/download-tender-document?ten_detail=NmtLMHZDSEw2RXFyM1FZPQ%3D%3D,data/raw/oil_india/tenders/detail_pages/GOD8115L25.html
GOD8131L25,NIT,,https://www.oil-india.com/download-tender-document?ten_detail=NmtLM3Z5SEw2RXFyM1FZPQ%3D%3D,data/raw/oil_india/tenders/detail_pages/GOD8131L25.html
GOD8197L25,NIT,,https://www.oil-india.com/download-tender-document?ten_detail=NmtDMnZDSEw2RXFyM1FZPQ%3D%3D,data/raw/oil_india/tenders/detail_pages/GOD8197L25.html
GOD8482L25,NIT,,https://www.oil-india.com/download-tender-document?ten_detail=NmtDM3RTSEw2RXFyM1FZPQ%3D%3D,data/raw/oil_india/tenders/detail_pages/GOD8482L25.html
GOD8494L25,NIT,,https://www.oil-india.com/download-tender-document?ten_detail=NmtDMHZpSEw2RXFyM1FZPQ%3D%3D,data/raw/oil_india/tenders/detail_pages/GOD8494L25.html
GOD8571L25,NIT,,https://www.oil-india.com/download-tender-document?ten_detail=NmtDeHZ5SEw2RXFyM1FZPQ%3D%3D,data/raw/oil_india/tenders/detail_pages/GOD8571L25.html
GOD9568L26,NIT,,https://www.oil-india.com/download-tender-document?ten_detail=NlVTM3ZpSEw2RXFyM1FZPQ%3D%3D,data/raw/oil_india/tenders/detail_pages/GOD9568L26.html
GOS6210L25,NIT,,https://www.oil-india.com/download-tender-document?ten_detail=N2tPMG9HaksrUk93M2c9PQ%3D%3D,data/raw/oil_india/tenders/detail_pages/GOS6210L25.html
GOS6678L25,NIT,,https://www.oil-india.com/download-tender-document?ten_detail=N0Vhem9HaksrUk93M2c9PQ%3D%3D,data/raw/oil_india/tenders/detail_pages/GOS6678L25.html
GOS7001L25,NIT,,https://www.oil-india.com/download-tender-document?ten_detail=NDA2L29HaksrUk93M2c9PQ%3D%3D,data/raw/oil_india/tenders/detail_pages/GOS7001L25.html
GOS7580L25,NIT,,https://www.oil-india.com/download-tender-document?ten_detail=NmtXMHVDSEw2RXFyM1FZPQ%3D%3D,data/raw/oil_india/tenders/detail_pages/GOS7580L25.html
GOS8047L25,NIT,,https://www.oil-india.com/download-tender-document?ten_detail=NmtPd3VpSEw2RXFyM1FZPQ%3D%3D,data/raw/oil_india/tenders/detail_pages/GOS8047L25.html
JCO7143L25,NIT,,https://www.oil-india.com/download-tender-document?ten_detail=NGsrd29HaksrUk93M2c9PQ%3D%3D,data/raw/oil_india/tenders/detail_pages/JCO7143L25.html
JCO8173L25,NIT,,https://www.oil-india.com/download-tender-document?ten_detail=NmtLeXVDSEw2RXFyM1FZPQ%3D%3D,data/raw/oil_india/tenders/detail_pages/JCO8173L25.html
KID0857L26,NIT,,https://www.oil-india.com/download-tender-document?ten_detail=NkVhM3V5SEw2RXFyM1FZPQ%3D%3D,data/raw/oil_india/tenders/detail_pages/KID0857L26.html
KID0861L26,NIT,,https://www.oil-india.com/download-tender-document?ten_detail=NkVhM3VTSEw2RXFyM1FZPQ%3D%3D,data/raw/oil_india/tenders/detail_pages/KID0861L26.html
KID6159L25,NIT,,https://www.oil-india.com/download-tender-document?ten_detail=N2tlM29HaksrUk93M2c9PQ%3D%3D,data/raw/oil_india/tenders/detail_pages/KID6159L25.html
KID7551L25,NIT,,https://www.oil-india.com/download-tender-document?ten_detail=NmtXM3V5SEw2RXFyM1FZPQ%3D%3D,data/raw/oil_india/tenders/detail_pages/KID7551L25.html
KID8799L25,NIT,,https://www.oil-india.com/download-tender-document?ten_detail=NmsrL3RTSEw2RXFyM1FZPQ%3D%3D,data/raw/oil_india/tenders/detail_pages/KID8799L25.html
KID9063L26,NIT,,https://www.oil-india.com/download-tender-document?ten_detail=NlVheXVTSEw2RXFyM1FZPQ%3D%3D,data/raw/oil_india/tenders/detail_pages/KID9063L26.html
KID9071L26,NIT,,https://www.oil-india.com/download-tender-document?ten_detail=NlVheXVDSEw2RXFyM1FZPQ%3D%3D,data/raw/oil_india/tenders/detail_pages/KID9071L26.html
KID9385L26,NIT,,https://www.oil-india.com/download-tender-document?ten_detail=NlVXeXZTSEw2RXFyM1FZPQ%3D%3D,data/raw/oil_india/tenders/detail_pages/KID9385L26.html
KIS0057L26,NIT,,https://www.oil-india.com/download-tender-document?ten_detail=NlVHMHVTSEw2RXFyM1FZPQ%3D%3D,data/raw/oil_india/tenders/detail_pages/KIS0057L26.html
KIS0058L26,NIT,,https://www.oil-india.com/download-tender-document?ten_detail=NlVHMHZpSEw2RXFyM1FZPQ%3D%3D,data/raw/oil_india/tenders/detail_pages/KIS0058L26.html
KIS0080L26,NIT,,https://www.oil-india.com/download-tender-document?ten_detail=NlVHMXVDSEw2RXFyM1FZPQ%3D%3D,data/raw/oil_india/tenders/detail_pages/KIS0080L26.html
KIS0112L26,NIT,,https://www.oil-india.com/download-tender-document?ten_detail=NlVHenRDSEw2RXFyM1FZPQ%3D%3D,data/raw/oil_india/tenders/detail_pages/KIS0112L26.html
KIS0114L26,NIT,,https://www.oil-india.com/download-tender-document?ten_detail=NlVHd3ZTSEw2RXFyM1FZPQ%3D%3D,data/raw/oil_india/tenders/detail_pages/KIS0114L26.html
KIS0115L26,NIT,,https://www.oil-india.com/download-tender-document?ten_detail=NlVHenVpSEw2RXFyM1FZPQ%3D%3D,data/raw/oil_india/tenders/detail_pages/KIS0115L26.html
KIS0116L26,NIT,,https://www.oil-india.com/download-tender-document?ten_detail=NlVHenRTSEw2RXFyM1FZPQ%3D%3D,data/raw/oil_india/tenders/detail_pages/KIS0116L26.html
KIS0117L26,NIT,,https://www.oil-india.com/download-tender-document?ten_detail=NlVHenVDSEw2RXFyM1FZPQ%3D%3D,data/raw/oil_india/tenders/detail_pages/KIS0117L26.html
KIS0119L26,NIT,,https://www.oil-india.com/download-tender-document?ten_detail=NlVHd3ZDSEw2RXFyM1FZPQ%3D%3D,data/raw/oil_india/tenders/detail_pages/KIS0119L26.html
KIS0186L26,NIT,,https://www.oil-india.com/download-tender-document?ten_detail=NlVHL3ZpSEw2RXFyM1FZPQ%3D%3D,data/raw/oil_india/tenders/detail_pages/KIS0186L26.html
KIS0189L26,NIT,,https://www.oil-india.com/download-tender-document?ten_detail=NlVHL3VDSEw2RXFyM1FZPQ%3D%3D,data/raw/oil_india/tenders/detail_pages/KIS0189L26.html
KIS0191L26,NIT,,https://www.oil-india.com/download-tender-document?ten_detail=NlVHL3VTSEw2RXFyM1FZPQ%3D%3D,data/raw/oil_india/tenders/detail_pages/KIS0191L26.html
KIS0237L26,NIT,,https://www.oil-india.com/download-tender-document?ten_detail=NlVDMXVpSEw2RXFyM1FZPQ%3D%3D,data/raw/oil_india/tenders/detail_pages/KIS0237L26.html
KIS0314L26,NIT,,https://www.oil-india.com/download-tender-document?ten_detail=NlVDK3ZDSEw2RXFyM1FZPQ%3D%3D,data/raw/oil_india/tenders/detail_pages/KIS0314L26.html
KIS0320L26,NIT,,https://www.oil-india.com/download-tender-document?ten_detail=NlVDK3ZTSEw2RXFyM1FZPQ%3D%3D,data/raw/oil_india/tenders/detail_pages/KIS0320L26.html
KIS0327L26,NIT,,https://www.oil-india.com/download-tender-document?ten_detail=NlUrd3Z5SEw2RXFyM1FZPQ%3D%3D,data/raw/oil_india/tenders/detail_pages/KIS0327L26.html
KIS0443L26,NIT,,https://www.oil-india.com/download-tender-document?ten_detail=NlUrd3ZpSEw2RXFyM1FZPQ%3D%3D,data/raw/oil_india/tenders/detail_pages/KIS0443L26.html
KIS0735L26,NIT,,https://www.oil-india.com/download-tender-document?ten_detail=NkVleXZpSEw2RXFyM1FZPQ%3D%3D,data/raw/oil_india/tenders/detail_pages/KIS0735L26.html
KIS1123L26,NIT,,https://www.oil-india.com/download-tender-document?ten_detail=NkVXeHVDSEw2RXFyM1FZPQ%3D%3D,data/raw/oil_india/tenders/detail_pages/KIS1123L26.html
KIS5727L24,NIT,,https://www.oil-india.com/download-tender-document?ten_detail=NlVTK29HaksrUk93M2c9PQ%3D%3D,data/raw/oil_india/tenders/detail_pages/KIS5727L24.html
KIS5731L24,NIT,,https://www.oil-india.com/download-tender-document?ten_detail=NlVPMm9HaksrUk93M2c9PQ%3D%3D,data/raw/oil_india/tenders/detail_pages/KIS5731L24.html
KIS5737L24,NIT,,https://www.oil-india.com/download-tender-document?ten_detail=NlVTL29HaksrUk93M2c9PQ%3D%3D,data/raw/oil_india/tenders/detail_pages/KIS5737L24.html
KIS6032L24,NIT,,https://www.oil-india.com/download-tender-document?ten_detail=NkVXL29HaksrUk93M2c9PQ%3D%3D,data/raw/oil_india/tenders/detail_pages/KIS6032L24.html
KIS6155L25,NIT,,https://www.oil-india.com/download-tender-document?ten_detail=N1VPMm9HaksrUk93M2c9PQ%3D%3D,data/raw/oil_india/tenders/detail_pages/KIS6155L25.html
KIS6156L25,NIT,,https://www.oil-india.com/download-tender-document?ten_detail=NzArMG9HaksrUk93M2c9PQ%3D%3D,data/raw/oil_india/tenders/detail_pages/KIS6156L25.html
KIS6157L25,NIT,,https://www.oil-india.com/download-tender-document?ten_detail=NzArMW9HaksrUk93M2c9PQ%3D%3D,data/raw/oil_india/tenders/detail_pages/KIS6157L25.html
KIS6158L25,NIT,,https://www.oil-india.com/download-tender-document?ten_detail=NzA2Mm9HaksrUk93M2c9PQ%3D%3D,data/raw/oil_india/tenders/detail_pages/KIS6158L25.html
KIS6194L25,NIT,,https://www.oil-india.com/download-tender-document?ten_detail=NzArem9HaksrUk93M2c9PQ%3D%3D,data/raw/oil_india/tenders/detail_pages/KIS6194L25.html
KIS6368L25,NIT,,https://www.oil-india.com/download-tender-document?ten_detail=N2tHeG9HaksrUk93M2c9PQ%3D%3D,data/raw/oil_india/tenders/detail_pages/KIS6368L25.html
KIS6439L25,NIT,,https://www.oil-india.com/download-tender-document?ten_detail=N1VTL29HaksrUk93M2c9PQ%3D%3D,data/raw/oil_india/tenders/detail_pages/KIS6439L25.html
KIS6575L25,NIT,,https://www.oil-india.com/download-tender-document?ten_detail=N1VTd29HaksrUk93M2c9PQ%3D%3D,data/raw/oil_india/tenders/detail_pages/KIS6575L25.html
KIS6648L25,NIT,,https://www.oil-india.com/download-tender-document?ten_detail=N1UrK29HaksrUk93M2c9PQ%3D%3D,data/raw/oil_india/tenders/detail_pages/KIS6648L25.html
KIS6729L25,NIT,,https://www.oil-india.com/download-tender-document?ten_detail=N0UrMm9HaksrUk93M2c9PQ%3D%3D,data/raw/oil_india/tenders/detail_pages/KIS6729L25.html
KIS7320L25,NIT,,https://www.oil-india.com/download-tender-document?ten_detail=Nmtld3RTSEw2RXFyM1FZPQ%3D%3D,data/raw/oil_india/tenders/detail_pages/KIS7320L25.html
KIS7385L25,NIT,,https://www.oil-india.com/download-tender-document?ten_detail=NmthMnRTSEw2RXFyM1FZPQ%3D%3D,data/raw/oil_india/tenders/detail_pages/KIS7385L25.html
KIS8512L25,NIT,,https://www.oil-india.com/download-tender-document?ten_detail=NmtDenZpSEw2RXFyM1FZPQ%3D%3D,data/raw/oil_india/tenders/detail_pages/KIS8512L25.html
KIS9826L26,NIT,,https://www.oil-india.com/download-tender-document?ten_detail=NlVPK3ZDSEw2RXFyM1FZPQ%3D%3D,data/raw/oil_india/tenders/detail_pages/KIS9826L26.html
LCP8137L25,NIT,,https://www.oil-india.com/download-tender-document?ten_detail=NmtLMnRDSEw2RXFyM1FZPQ%3D%3D,data/raw/oil_india/tenders/detail_pages/LCP8137L25.html
OIL_GABON_CASING,NIT,,https://www.oil-india.com/download-tender-document?ten_detail=NmtXenZ5SEw2RXFyM1FjPQ%3D%3D,data/raw/oil_india/tenders/detail_pages/OIL_GABON_CASING.html
OIL_GABON_ENQ-CIVIL,NIT,,https://www.oil-india.com/download-tender-document?ten_detail=NmtPd3VTSEw2RXFyM1FBPQ%3D%3D,data/raw/oil_india/tenders/detail_pages/OIL_GABON_ENQ-CIVIL.html
OIL_GABON_ENQ-CORING_326_2024,NIT,,https://www.oil-india.com/download-tender-document?ten_detail=NmtPeXZTSEw2RXFyM1FjPQ%3D%3D,data/raw/oil_india/tenders/detail_pages/OIL_GABON_ENQ-CORING_326_2024.html
OIL_GABON_ENQ-CUSTOM,NIT,,https://www.oil-india.com/download-tender-document?ten_detail=NmtXd3V5SEw2RXFyM1FBPQ%3D%3D,data/raw/oil_india/tenders/detail_pages/OIL_GABON_ENQ-CUSTOM.html
OIL_GABON_ENQ-DEVIATION,NIT,,https://www.oil-india.com/download-tender-document?ten_detail=NmtPMXZ5SEw2RXFyM1FBPQ%3D%3D,data/raw/oil_india/tenders/detail_pages/OIL_GABON_ENQ-DEVIATION.html
OIL_GABON_ENQ-LMV_004_2025,NIT,,https://www.oil-india.com/download-tender-document?ten_detail=NkVleXVTSEw2RXFyM1FZPQ%3D%3D,data/raw/oil_india/tenders/detail_pages/OIL_GABON_ENQ-LMV_004_2025.html
OIL_GABON_ENQ-PAYROLL_007_2025,NIT,,https://www.oil-india.com/download-tender-document?ten_detail=NkVld3V5SEw2RXFyM1FZPQ%3D%3D,data/raw/oil_india/tenders/detail_pages/OIL_GABON_ENQ-PAYROLL_007_2025.html
OIL_GABON_ENQ-RIG,NIT,,https://www.oil-india.com/download-tender-document?ten_detail=NDBlK29HaksrUk93MkE9PQ%3D%3D,data/raw/oil_india/tenders/detail_pages/OIL_GABON_ENQ-RIG.html
OIL_GABON_ENQ-SECURITY_,NIT,,https://www.oil-india.com/download-tender-document?ten_detail=NmthK3Z5SEw2RXFyM1FZPQ%3D%3D,data/raw/oil_india/tenders/detail_pages/OIL_GABON_ENQ-SECURITY_.html
OIL_GABON_ENQ-TAXCON_008_2025,NIT,,https://www.oil-india.com/download-tender-document?ten_detail=NkVlL3VpSEw2RXFyM1FZPQ%3D%3D,data/raw/oil_india/tenders/detail_pages/OIL_GABON_ENQ-TAXCON_008_2025.html
OIL_GABON_ENQ-WASTE,NIT,,https://www.oil-india.com/download-tender-document?ten_detail=NmtPMXZDSEw2RXFyM1FBPQ%3D%3D,data/raw/oil_india/tenders/detail_pages/OIL_GABON_ENQ-WASTE.html
OIL_GABON_ENQ,NIT,,https://www.oil-india.com/download-tender-document?ten_detail=NmtTem9HaksrUk93M2c9PQ%3D%3D,data/raw/oil_india/tenders/detail_pages/OIL_GABON_ENQ.html
SDG0093P26,NIT,,https://www.oil-india.com/download-tender-document?ten_detail=NlVHeXRTSEw2RXFyM1FjPQ%3D%3D,data/raw/oil_india/tenders/detail_pages/SDG0093P26.html
SDG0344P26,NIT,,https://www.oil-india.com/download-tender-document?ten_detail=NlUrMnZDSEw2RXFyM1FjPQ%3D%3D,data/raw/oil_india/tenders/detail_pages/SDG0344P26.html
SDG0351P26,NIT,,https://www.oil-india.com/download-tender-document?ten_detail=NlUreHZTSEw2RXFyM1FjPQ%3D%3D,data/raw/oil_india/tenders/detail_pages/SDG0351P26.html
SDG0510P26,NIT,,https://www.oil-india.com/download-tender-document?ten_detail=NlU2MnVDSEw2RXFyM1FjPQ%3D%3D,data/raw/oil_india/tenders/detail_pages/SDG0510P26.html
SDG0515P26,NIT,,https://www.oil-india.com/download-tender-document?ten_detail=NlU2MnRTSEw2RXFyM1FjPQ%3D%3D,data/raw/oil_india/tenders/detail_pages/SDG0515P26.html
SDG0516P26,NIT,,https://www.oil-india.com/download-tender-document?ten_detail=NlU2MnRDSEw2RXFyM1FjPQ%3D%3D,data/raw/oil_india/tenders/detail_pages/SDG0516P26.html
SDG0538P26,NIT,,https://www.oil-india.com/download-tender-document?ten_detail=NlU2MHZTSEw2RXFyM1FjPQ%3D%3D,data/raw/oil_india/tenders/detail_pages/SDG0538P26.html
SDG1069P26,NIT,,https://www.oil-india.com/download-tender-document?ten_detail=NkVXd3VTSEw2RXFyM1FjPQ%3D%3D,data/raw/oil_india/tenders/detail_pages/SDG1069P26.html
SDG1633P27,NIT,,https://www.oil-india.com/download-tender-document?ten_detail=NkVLeXVTSEw2RXFyM1FjPQ%3D%3D,data/raw/oil_india/tenders/detail_pages/SDG1633P27.html
SDG1957P27,NIT,,https://www.oil-india.com/download-tender-document?ten_detail=NkUrd3Z5SEw2RXFyM1FjPQ%3D%3D,data/raw/oil_india/tenders/detail_pages/SDG1957P27.html
SDG2138P27,NIT,,https://www.oil-india.com/download-tender-document?ten_detail=NkU2MHRDSEw2RXFyM1FjPQ%3D%3D,data/raw/oil_india/tenders/detail_pages/SDG2138P27.html
SDG2672P27,NIT,,https://www.oil-india.com/download-tender-document?ten_detail=NzBheXV5SEw2RXFyM1FjPQ%3D%3D,data/raw/oil_india/tenders/detail_pages/SDG2672P27.html
SDG5177L24,NIT,,https://www.oil-india.com/download-tender-document?ten_detail=NmthM29HaksrUk93M2c9PQ%3D%3D,data/raw/oil_india/tenders/detail_pages/SDG5177L24.html
SDG5275P24,NIT,,https://www.oil-india.com/download-tender-document?ten_detail=N2s2cjZXbmJvQWl5,data/raw/oil_india/tenders/detail_pages/SDG5275P24.html
SDG5366P24,NIT,,https://www.oil-india.com/download-tender-document?ten_detail=NmtTK29HaksrUk93M3c9PQ%3D%3D,data/raw/oil_india/tenders/detail_pages/SDG5366P24.html
SDG5700P24,NIT,,https://www.oil-india.com/download-tender-document?ten_detail=NmtLMG9HaksrUk93M3c9PQ%3D%3D,data/raw/oil_india/tenders/detail_pages/SDG5700P24.html
SDG6502P25,NIT,,https://www.oil-india.com/download-tender-document?ten_detail=N2s2eW9HaksrUk93M3c9PQ%3D%3D,data/raw/oil_india/tenders/detail_pages/SDG6502P25.html
SDG6522P25,NIT,,https://www.oil-india.com/download-tender-document?ten_detail=N1Vld29HaksrUk93M3c9PQ%3D%3D,data/raw/oil_india/tenders/detail_pages/SDG6522P25.html
SDG6640P25,NIT,,https://www.oil-india.com/download-tender-document?ten_detail=N1VHeG9HaksrUk93M3c9PQ%3D%3D,data/raw/oil_india/tenders/detail_pages/SDG6640P25.html
SDG6779P25,NIT,,https://www.oil-india.com/download-tender-document?ten_detail=N0VPeG9HaksrUk93M3c9PQ%3D%3D,data/raw/oil_india/tenders/detail_pages/SDG6779P25.html
SDG6788P25,NIT,,https://www.oil-india.com/download-tender-document?ten_detail=NDBhM29HaksrUk93M3c9PQ%3D%3D,data/raw/oil_india/tenders/detail_pages/SDG6788P25.html
SDG6991L25,NIT,,https://www.oil-india.com/download-tender-document?ten_detail=NGtHM29HaksrUk93M2c9PQ%3D%3D,data/raw/oil_india/tenders/detail_pages/SDG6991L25.html
SDG7023P25,NIT,,https://www.oil-india.com/download-tender-document?ten_detail=NGtHd29HaksrUk93M3c9PQ%3D%3D,data/raw/oil_india/tenders/detail_pages/SDG7023P25.html
SDG7511P25,NIT,,https://www.oil-india.com/download-tender-document?ten_detail=NmthL3ZTSEw2RXFyM1FjPQ%3D%3D,data/raw/oil_india/tenders/detail_pages/SDG7511P25.html
SDG8010P25,NIT,,https://www.oil-india.com/download-tender-document?ten_detail=NmtPd3ZDSEw2RXFyM1FjPQ%3D%3D,data/raw/oil_india/tenders/detail_pages/SDG8010P25.html
SDG8018L25,NIT,,https://www.oil-india.com/download-tender-document?ten_detail=NmtPd3Z5SEw2RXFyM1FZPQ%3D%3D,data/raw/oil_india/tenders/detail_pages/SDG8018L25.html
SDG8023P25,NIT,,https://www.oil-india.com/download-tender-document?ten_detail=NmtPd3ZpSEw2RXFyM1FjPQ%3D%3D,data/raw/oil_india/tenders/detail_pages/SDG8023P25.html
SDG8146P25,NIT,,https://www.oil-india.com/download-tender-document?ten_detail=NmtLMHVTSEw2RXFyM1FjPQ%3D%3D,data/raw/oil_india/tenders/detail_pages/SDG8146P25.html
SDG8401P25,NIT,,https://www.oil-india.com/download-tender-document?ten_detail=NmtHeHZTSEw2RXFyM1FjPQ%3D%3D,data/raw/oil_india/tenders/detail_pages/SDG8401P25.html
SDG8423P25,NIT,,https://www.oil-india.com/download-tender-document?ten_detail=Nms2L3VTSEw2RXFyM1FjPQ%3D%3D,data/raw/oil_india/tenders/detail_pages/SDG8423P25.html
SDG8584P25,NIT,,https://www.oil-india.com/download-tender-document?ten_detail=NmsrMnZ5SEw2RXFyM1FjPQ%3D%3D,data/raw/oil_india/tenders/detail_pages/SDG8584P25.html
SDG8891P25,NIT,,https://www.oil-india.com/download-tender-document?ten_detail=Nms2d3RDSEw2RXFyM1FjPQ%3D%3D,data/raw/oil_india/tenders/detail_pages/SDG8891P25.html
SDG9029P26,NIT,,https://www.oil-india.com/download-tender-document?ten_detail=NlVlM3VTSEw2RXFyM1FjPQ%3D%3D,data/raw/oil_india/tenders/detail_pages/SDG9029P26.html
SDI1006P26,NIT,,https://www.oil-india.com/download-tender-document?ten_detail=NkVXM3ZTSEw2RXFyM1FBPQ%3D%3D,data/raw/oil_india/tenders/detail_pages/SDI1006P26.html
SDI1237P26,NIT,,https://www.oil-india.com/download-tender-document?ten_detail=NkUrenZTSEw2RXFyM1FBPQ%3D%3D,data/raw/oil_india/tenders/detail_pages/SDI1237P26.html
SDI1535L26,NIT,,https://www.oil-india.com/download-tender-document?ten_detail=NkVLM3ZpSEw2RXFyM1FZPQ%3D%3D,data/raw/oil_india/tenders/detail_pages/SDI1535L26.html
SDI1948L27,NIT,,https://www.oil-india.com/download-tender-document?ten_detail=NkU2K3VDSEw2RXFyM1FZPQ%3D%3D,data/raw/oil_india/tenders/detail_pages/SDI1948L27.html
SDI2366P27,NIT,,https://www.oil-india.com/download-tender-document?ten_detail=NzBhMHVpSEw2RXFyM1FBPQ%3D%3D,data/raw/oil_india/tenders/detail_pages/SDI2366P27.html
SDI2506P27,NIT,,https://www.oil-india.com/download-tender-document?ten_detail=NzBheXVpSEw2RXFyM1FBPQ%3D%3D,data/raw/oil_india/tenders/detail_pages/SDI2506P27.html
SDI5584L24,NIT,,https://www.oil-india.com/download-tender-document?ten_detail=NlVleW9HaksrUk93M2c9PQ%3D%3D,data/raw/oil_india/tenders/detail_pages/SDI5584L24.html
SDI5764P24,NIT,,https://www.oil-india.com/download-tender-document?ten_detail=NkUrMm9HaksrUk93MkE9PQ%3D%3D,data/raw/oil_india/tenders/detail_pages/SDI5764P24.html
SDI5774L24,NIT,,https://www.oil-india.com/download-tender-document?ten_detail=Nms2eG9HaksrUk93M2c9PQ%3D%3D,data/raw/oil_india/tenders/detail_pages/SDI5774L24.html
SDI5775L24,NIT,,https://www.oil-india.com/download-tender-document?ten_detail=Nms2d29HaksrUk93M2c9PQ%3D%3D,data/raw/oil_india/tenders/detail_pages/SDI5775L24.html
SDI5921P24,NIT,,https://www.oil-india.com/download-tender-document?ten_detail=NkVld29HaksrUk93MkE9PQ%3D%3D,data/raw/oil_india/tenders/detail_pages/SDI5921P24.html
SDI5950L24,NIT,,https://www.oil-india.com/download-tender-document?ten_detail=NkVHM29HaksrUk93M2c9PQ%3D%3D,data/raw/oil_india/tenders/detail_pages/SDI5950L24.html
SDI6119L25,NIT,,https://www.oil-india.com/download-tender-document?ten_detail=NkUreW9HaksrUk93M2c9PQ%3D%3D,data/raw/oil_india/tenders/detail_pages/SDI6119L25.html
SDI6927P25,NIT,,https://www.oil-india.com/download-tender-document?ten_detail=NGtXeG9HaksrUk93MkE9PQ%3D%3D,data/raw/oil_india/tenders/detail_pages/SDI6927P25.html
SDI6930L25,NIT,,https://www.oil-india.com/download-tender-document?ten_detail=NmtlMHVTSEw2RXFyM1FZPQ%3D%3D,data/raw/oil_india/tenders/detail_pages/SDI6930L25.html
SDI7909L25,NIT,,https://www.oil-india.com/download-tender-document?ten_detail=NmtTL3RDSEw2RXFyM1FZPQ%3D%3D,data/raw/oil_india/tenders/detail_pages/SDI7909L25.html
SDI8901L25,NIT,,https://www.oil-india.com/download-tender-document?ten_detail=NlVXenV5SEw2RXFyM1FZPQ%3D%3D,data/raw/oil_india/tenders/detail_pages/SDI8901L25.html
SDI9332L26,NIT,,https://www.oil-india.com/download-tender-document?ten_detail=NlVhL3ZDSEw2RXFyM1FZPQ%3D%3D,data/raw/oil_india/tenders/detail_pages/SDI9332L26.html
SDI9528P26,NIT,,https://www.oil-india.com/download-tender-document?ten_detail=NlVPenZDSEw2RXFyM1FBPQ%3D%3D,data/raw/oil_india/tenders/detail_pages/SDI9528P26.html
SDI9848P26,NIT,,https://www.oil-india.com/download-tender-document?ten_detail=NlVPK3ZTSEw2RXFyM1FBPQ%3D%3D,data/raw/oil_india/tenders/detail_pages/SDI9848P26.html
SGI0047P26,NIT,,https://www.oil-india.com/download-tender-document?ten_detail=NlUrL3VpSEw2RXFyM1FBPQ%3D%3D,data/raw/oil_india/tenders/detail_pages/SGI0047P26.html
SGI0584P26,NIT,,https://www.oil-india.com/download-tender-document?ten_detail=NkVleHVDSEw2RXFyM1FBPQ%3D%3D,data/raw/oil_india/tenders/detail_pages/SGI0584P26.html
SGI1222P26,NIT,,https://www.oil-india.com/download-tender-document?ten_detail=NkVPMXRDSEw2RXFyM1FBPQ%3D%3D,data/raw/oil_india/tenders/detail_pages/SGI1222P26.html
SGI5068P24,NIT,,https://www.oil-india.com/download-tender-document?ten_detail=NlVlem9HaksrUk93MkE9PQ%3D%3D,data/raw/oil_india/tenders/detail_pages/SGI5068P24.html
SGI7654P25,NIT,,https://www.oil-india.com/download-tender-document?ten_detail=NmtXL3VTSEw2RXFyM1FBPQ%3D%3D,data/raw/oil_india/tenders/detail_pages/SGI7654P25.html
SJG1275P26,NIT,,https://www.oil-india.com/download-tender-document?ten_detail=NkVPMHRDSEw2RXFyM1FjPQ%3D%3D,data/raw/oil_india/tenders/detail_pages/SJG1275P26.html
SJG1715P27,NIT,,https://www.oil-india.com/download-tender-document?ten_detail=NkVHMHZTSEw2RXFyM1FjPQ%3D%3D,data/raw/oil_india/tenders/detail_pages/SJG1715P27.html
SJG8138P25,NIT,,https://www.oil-india.com/download-tender-document?ten_detail=NmtLMHV5SEw2RXFyM1FjPQ%3D%3D,data/raw/oil_india/tenders/detail_pages/SJG8138P25.html
SKI0017P26_P1,NIT,,https://www.oil-india.com/download-tender-document?ten_detail=NlVLK3ZDSEw2RXFyM1FBPQ%3D%3D,data/raw/oil_india/tenders/detail_pages/SKI0017P26_P1.html
SKI0120L26,NIT,,https://www.oil-india.com/download-tender-document?ten_detail=NlVHd3Z5SEw2RXFyM1FZPQ%3D%3D,data/raw/oil_india/tenders/detail_pages/SKI0120L26.html
SKI1366P26,NIT,,https://www.oil-india.com/download-tender-document?ten_detail=NkVPMnVTSEw2RXFyM1FBPQ%3D%3D,data/raw/oil_india/tenders/detail_pages/SKI1366P26.html
SKI1375P26,NIT,,https://www.oil-india.com/download-tender-document?ten_detail=NkVPMnVDSEw2RXFyM1FBPQ%3D%3D,data/raw/oil_india/tenders/detail_pages/SKI1375P26.html
SKI2045P27,NIT,,https://www.oil-india.com/download-tender-document?ten_detail=NkUrM3V5SEw2RXFyM1FBPQ%3D%3D,data/raw/oil_india/tenders/detail_pages/SKI2045P27.html
SKI7278P25,NIT,,https://www.oil-india.com/download-tender-document?ten_detail=NmtlMHV5SEw2RXFyM1FBPQ%3D%3D,data/raw/oil_india/tenders/detail_pages/SKI7278P25.html
SKI8949P25,NIT,,https://www.oil-india.com/download-tender-document?ten_detail=Nms2eHZDSEw2RXFyM1FBPQ%3D%3D,data/raw/oil_india/tenders/detail_pages/SKI8949P25.html
SSG2525P27,NIT,,https://www.oil-india.com/download-tender-document?ten_detail=NzBhMnZDSEw2RXFyM1FjPQ%3D%3D,data/raw/oil_india/tenders/detail_pages/SSG2525P27.html
SSG5216L24,NIT,,https://www.oil-india.com/download-tender-document?ten_detail=NmtDM29HaksrUk93M2c9PQ%3D%3D,data/raw/oil_india/tenders/detail_pages/SSG5216L24.html
SSG5364L24,NIT,,https://www.oil-india.com/download-tender-document?ten_detail=Nms2M29HaksrUk93M2c9PQ%3D%3D,data/raw/oil_india/tenders/detail_pages/SSG5364L24.html
SSG5385L24,NIT,,https://www.oil-india.com/download-tender-document?ten_detail=Nms2Mm9HaksrUk93M2c9PQ%3D%3D,data/raw/oil_india/tenders/detail_pages/SSG5385L24.html
SSG5389L24,NIT,,https://www.oil-india.com/download-tender-document?ten_detail=NmsrL29HaksrUk93M2c9PQ%3D%3D,data/raw/oil_india/tenders/detail_pages/SSG5389L24.html
SSG5390L24,NIT,,https://www.oil-india.com/download-tender-document?ten_detail=Nms2MG9HaksrUk93M2c9PQ%3D%3D,data/raw/oil_india/tenders/detail_pages/SSG5390L24.html
SSG5391L24,NIT,,https://www.oil-india.com/download-tender-document?ten_detail=NmtDeG9HaksrUk93M2c9PQ%3D%3D,data/raw/oil_india/tenders/detail_pages/SSG5391L24.html
SSG5496L24,NIT,,https://www.oil-india.com/download-tender-document?ten_detail=NmtDd29HaksrUk93M2c9PQ%3D%3D,data/raw/oil_india/tenders/detail_pages/SSG5496L24.html
SSG5516L24,NIT,,https://www.oil-india.com/download-tender-document?ten_detail=NGtTcjZXbmJvQWl6,data/raw/oil_india/tenders/detail_pages/SSG5516L24.html
SSG5822L24,NIT,,https://www.oil-india.com/download-tender-document?ten_detail=NkVPem9HaksrUk93M2c9PQ%3D%3D,data/raw/oil_india/tenders/detail_pages/SSG5822L24.html
SSG6084L25,NIT,,https://www.oil-india.com/download-tender-document?ten_detail=NkVPL29HaksrUk93M2c9PQ%3D%3D,data/raw/oil_india/tenders/detail_pages/SSG6084L25.html
SSG6085L25,NIT,,https://www.oil-india.com/download-tender-document?ten_detail=NkVLem9HaksrUk93M2c9PQ%3D%3D,data/raw/oil_india/tenders/detail_pages/SSG6085L25.html
SSG6086L25,NIT,,https://www.oil-india.com/download-tender-document?ten_detail=NkVLMm9HaksrUk93M2c9PQ%3D%3D,data/raw/oil_india/tenders/detail_pages/SSG6086L25.html
SSG6101L25,NIT,,https://www.oil-india.com/download-tender-document?ten_detail=NkVLd29HaksrUk93M2c9PQ%3D%3D,data/raw/oil_india/tenders/detail_pages/SSG6101L25.html
SSG6148L25,NIT,,https://www.oil-india.com/download-tender-document?ten_detail=NzA2d29HaksrUk93M2c9PQ%3D%3D,data/raw/oil_india/tenders/detail_pages/SSG6148L25.html
SSG6149L25,NIT,,https://www.oil-india.com/download-tender-document?ten_detail=NkU2K29HaksrUk93M2c9PQ%3D%3D,data/raw/oil_india/tenders/detail_pages/SSG6149L25.html
SSG6180L25,NIT,,https://www.oil-india.com/download-tender-document?ten_detail=NzA2em9HaksrUk93M2c9PQ%3D%3D,data/raw/oil_india/tenders/detail_pages/SSG6180L25.html
SSG6182L25,NIT,,https://www.oil-india.com/download-tender-document?ten_detail=NzA2eW9HaksrUk93M2c9PQ%3D%3D,data/raw/oil_india/tenders/detail_pages/SSG6182L25.html
SSG6183L25,NIT,,https://www.oil-india.com/download-tender-document?ten_detail=NzA2MW9HaksrUk93M2c9PQ%3D%3D,data/raw/oil_india/tenders/detail_pages/SSG6183L25.html
SSG6394L25,NIT,,https://www.oil-india.com/download-tender-document?ten_detail=N2tLL29HaksrUk93M2c9PQ%3D%3D,data/raw/oil_india/tenders/detail_pages/SSG6394L25.html
SSG6398L25,NIT,,https://www.oil-india.com/download-tender-document?ten_detail=N2tDMW9HaksrUk93M2c9PQ%3D%3D,data/raw/oil_india/tenders/detail_pages/SSG6398L25.html
SSG6425L25,NIT,,https://www.oil-india.com/download-tender-document?ten_detail=N1VheG9HaksrUk93M2c9PQ%3D%3D,data/raw/oil_india/tenders/detail_pages/SSG6425L25.html
SSG6430L25,NIT,,https://www.oil-india.com/download-tender-document?ten_detail=N1VhK29HaksrUk93M2c9PQ%3D%3D,data/raw/oil_india/tenders/detail_pages/SSG6430L25.html
SSG6620L25,NIT,,https://www.oil-india.com/download-tender-document?ten_detail=N1VDMG9HaksrUk93M2c9PQ%3D%3D,data/raw/oil_india/tenders/detail_pages/SSG6620L25.html
SSG6698L25,NIT,,https://www.oil-india.com/download-tender-document?ten_detail=N1U2em9HaksrUk93M2c9PQ%3D%3D,data/raw/oil_india/tenders/detail_pages/SSG6698L25.html
SSG6751L25,NIT,,https://www.oil-india.com/download-tender-document?ten_detail=N0VTL29HaksrUk93M2c9PQ%3D%3D,data/raw/oil_india/tenders/detail_pages/SSG6751L25.html
SSG6752L25,NIT,,https://www.oil-india.com/download-tender-document?ten_detail=N0VPMm9HaksrUk93M2c9PQ%3D%3D,data/raw/oil_india/tenders/detail_pages/SSG6752L25.html
SSG6753L25,NIT,,https://www.oil-india.com/download-tender-document?ten_detail=N0VLd29HaksrUk93M2c9PQ%3D%3D,data/raw/oil_india/tenders/detail_pages/SSG6753L25.html
SSG6756L25,NIT,,https://www.oil-india.com/download-tender-document?ten_detail=N0VPM29HaksrUk93M2c9PQ%3D%3D,data/raw/oil_india/tenders/detail_pages/SSG6756L25.html
SSG6763L25,NIT,,https://www.oil-india.com/download-tender-document?ten_detail=N0VHMG9HaksrUk93M2c9PQ%3D%3D,data/raw/oil_india/tenders/detail_pages/SSG6763L25.html
SSG6765L25,NIT,,https://www.oil-india.com/download-tender-document?ten_detail=N0VHM29HaksrUk93M2c9PQ%3D%3D,data/raw/oil_india/tenders/detail_pages/SSG6765L25.html
SSG6766L25,NIT,,https://www.oil-india.com/download-tender-document?ten_detail=N0VHMm9HaksrUk93M2c9PQ%3D%3D,data/raw/oil_india/tenders/detail_pages/SSG6766L25.html
SSG6768L25,NIT,,https://www.oil-india.com/download-tender-document?ten_detail=N0VLL29HaksrUk93M2c9PQ%3D%3D,data/raw/oil_india/tenders/detail_pages/SSG6768L25.html
SSG6865L25,NIT,,https://www.oil-india.com/download-tender-document?ten_detail=NDBhK29HaksrUk93M2c9PQ%3D%3D,data/raw/oil_india/tenders/detail_pages/SSG6865L25.html
SSG7022L25,NIT,,https://www.oil-india.com/download-tender-document?ten_detail=NGtlem9HaksrUk93M2c9PQ%3D%3D,data/raw/oil_india/tenders/detail_pages/SSG7022L25.html
SSG7029L25,NIT,,https://www.oil-india.com/download-tender-document?ten_detail=NGthL29HaksrUk93M2c9PQ%3D%3D,data/raw/oil_india/tenders/detail_pages/SSG7029L25.html
SSG7161L25,NIT,,https://www.oil-india.com/download-tender-document?ten_detail=NmtTeHRTSEw2RXFyM1FZPQ%3D%3D,data/raw/oil_india/tenders/detail_pages/SSG7161L25.html
SSG7162L25,NIT,,https://www.oil-india.com/download-tender-document?ten_detail=NmtTeHVpSEw2RXFyM1FZPQ%3D%3D,data/raw/oil_india/tenders/detail_pages/SSG7162L25.html
SSG7300L25,NIT,,https://www.oil-india.com/download-tender-document?ten_detail=NmtlenZTSEw2RXFyM1FZPQ%3D%3D,data/raw/oil_india/tenders/detail_pages/SSG7300L25.html
SSG7310L25,NIT,,https://www.oil-india.com/download-tender-document?ten_detail=Nmtld3ZpSEw2RXFyM1FZPQ%3D%3D,data/raw/oil_india/tenders/detail_pages/SSG7310L25.html
SSG7330L25,NIT,,https://www.oil-india.com/download-tender-document?ten_detail=NmtlK3VTSEw2RXFyM1FZPQ%3D%3D,data/raw/oil_india/tenders/detail_pages/SSG7330L25.html
SSG7331L25,NIT,,https://www.oil-india.com/download-tender-document?ten_detail=NmtleHV5SEw2RXFyM1FZPQ%3D%3D,data/raw/oil_india/tenders/detail_pages/SSG7331L25.html
SSG7365L25,NIT,,https://www.oil-india.com/download-tender-document?ten_detail=NmtlL3ZTSEw2RXFyM1FZPQ%3D%3D,data/raw/oil_india/tenders/detail_pages/SSG7365L25.html
SSG7457L25,NIT,,https://www.oil-india.com/download-tender-document?ten_detail=NmthK3VDSEw2RXFyM1FZPQ%3D%3D,data/raw/oil_india/tenders/detail_pages/SSG7457L25.html
SSG7459L25,NIT,,https://www.oil-india.com/download-tender-document?ten_detail=NmthK3V5SEw2RXFyM1FZPQ%3D%3D,data/raw/oil_india/tenders/detail_pages/SSG7459L25.html
SSG7512L25,NIT,,https://www.oil-india.com/download-tender-document?ten_detail=NmthL3RDSEw2RXFyM1FZPQ%3D%3D,data/raw/oil_india/tenders/detail_pages/SSG7512L25.html
SSG7513L25,NIT,,https://www.oil-india.com/download-tender-document?ten_detail=NmthL3RTSEw2RXFyM1FZPQ%3D%3D,data/raw/oil_india/tenders/detail_pages/SSG7513L25.html
SSG7615P25,NIT,,https://www.oil-india.com/download-tender-document?ten_detail=NmtDMHV5SEw2RXFyM1FjPQ%3D%3D,data/raw/oil_india/tenders/detail_pages/SSG7615P25.html
SSG8213L25,NIT,,https://www.oil-india.com/download-tender-document?ten_detail=NmtLK3ZpSEw2RXFyM1FZPQ%3D%3D,data/raw/oil_india/tenders/detail_pages/SSG8213L25.html
SSG8215L25,NIT,,https://www.oil-india.com/download-tender-document?ten_detail=NmtLK3VTSEw2RXFyM1FZPQ%3D%3D,data/raw/oil_india/tenders/detail_pages/SSG8215L25.html
SSG8406L25,NIT,,https://www.oil-india.com/download-tender-document?ten_detail=NmtHK3ZTSEw2RXFyM1FZPQ%3D%3D,data/raw/oil_india/tenders/detail_pages/SSG8406L25.html
SSG8550P25,NIT,,https://www.oil-india.com/download-tender-document?ten_detail=NmtDL3VTSEw2RXFyM1FjPQ%3D%3D,data/raw/oil_india/tenders/detail_pages/SSG8550P25.html
SSG8836L25,NIT,,https://www.oil-india.com/download-tender-document?ten_detail=Nms2eXZDSEw2RXFyM1FZPQ%3D%3D,data/raw/oil_india/tenders/detail_pages/SSG8836L25.html
SSG8863L25,NIT,,https://www.oil-india.com/download-tender-document?ten_detail=Nms2eXZ5SEw2RXFyM1FZPQ%3D%3D,data/raw/oil_india/tenders/detail_pages/SSG8863L25.html
SSG9645P26,NIT,,https://www.oil-india.com/download-tender-document?ten_detail=NlVPd3RTSEw2RXFyM1FjPQ%3D%3D,data/raw/oil_india/tenders/detail_pages/SSG9645P26.html
SSH0322L26,NIT,,https://www.oil-india.com/download-tender-document?ten_detail=NlUrM3Z5SEw2RXFyM1FZPQ%3D%3D,data/raw/oil_india/tenders/detail_pages/SSH0322L26.html
SSH0457L26,NIT,,https://www.oil-india.com/download-tender-document?ten_detail=NkVlMHVDSEw2RXFyM1FZPQ%3D%3D,data/raw/oil_india/tenders/detail_pages/SSH0457L26.html
SSH0459L26,NIT,,https://www.oil-india.com/download-tender-document?ten_detail=NlU2eHZDSEw2RXFyM1FZPQ%3D%3D,data/raw/oil_india/tenders/detail_pages/SSH0459L26.html
SSH0483L26,NIT,,https://www.oil-india.com/download-tender-document?ten_detail=NkVlenZpSEw2RXFyM1FZPQ%3D%3D,data/raw/oil_india/tenders/detail_pages/SSH0483L26.html
SSH0604L26,NIT,,https://www.oil-india.com/download-tender-document?ten_detail=NlU2eHV5SEw2RXFyM1FZPQ%3D%3D,data/raw/oil_india/tenders/detail_pages/SSH0604L26.html
SSH0709L26,NIT,,https://www.oil-india.com/download-tender-document?ten_detail=NkVlMHV5SEw2RXFyM1FZPQ%3D%3D,data/raw/oil_india/tenders/detail_pages/SSH0709L26.html
SSH0719L26,NIT,,https://www.oil-india.com/download-tender-document?ten_detail=NkVlMXZpSEw2RXFyM1FZPQ%3D%3D,data/raw/oil_india/tenders/detail_pages/SSH0719L26.html
SSH0744L26,NIT,,https://www.oil-india.com/download-tender-document?ten_detail=NkVhL3VpSEw2RXFyM1FZPQ%3D%3D,data/raw/oil_india/tenders/detail_pages/SSH0744L26.html
SSH0780L26,NIT,,https://www.oil-india.com/download-tender-document?ten_detail=NkVld3RTSEw2RXFyM1FZPQ%3D%3D,data/raw/oil_india/tenders/detail_pages/SSH0780L26.html
SSH0794L26,NIT,,https://www.oil-india.com/download-tender-document?ten_detail=NkVleHZDSEw2RXFyM1FZPQ%3D%3D,data/raw/oil_india/tenders/detail_pages/SSH0794L26.html
SSH0859L26,NIT,,https://www.oil-india.com/download-tender-document?ten_detail=NkVhMXVpSEw2RXFyM1FZPQ%3D%3D,data/raw/oil_india/tenders/detail_pages/SSH0859L26.html
SSH0860L26,NIT,,https://www.oil-india.com/download-tender-document?ten_detail=NkVhMXV5SEw2RXFyM1FZPQ%3D%3D,data/raw/oil_india/tenders/detail_pages/SSH0860L26.html
SSH0900L26,NIT,,https://www.oil-india.com/download-tender-document?ten_detail=NkVhMXRTSEw2RXFyM1FZPQ%3D%3D,data/raw/oil_india/tenders/detail_pages/SSH0900L26.html
SSH0935L26,NIT,,https://www.oil-india.com/download-tender-document?ten_detail=NkVhd3VpSEw2RXFyM1FZPQ%3D%3D,data/raw/oil_india/tenders/detail_pages/SSH0935L26.html
SSH1726P27,NIT,,https://www.oil-india.com/download-tender-document?ten_detail=NkU2MXZDSEw2RXFyM1FBPQ%3D%3D,data/raw/oil_india/tenders/detail_pages/SSH1726P27.html
SSH1999L27,NIT,,https://www.oil-india.com/download-tender-document?ten_detail=NkUrd3RTSEw2RXFyM1FZPQ%3D%3D,data/raw/oil_india/tenders/detail_pages/SSH1999L27.html
SSH2035L27,NIT,,https://www.oil-india.com/download-tender-document?ten_detail=NkU2eXZDSEw2RXFyM1FZPQ%3D%3D,data/raw/oil_india/tenders/detail_pages/SSH2035L27.html
SSH2095P27,NIT,,https://www.oil-india.com/download-tender-document?ten_detail=NkU2enVDSEw2RXFyM1FBPQ%3D%3D,data/raw/oil_india/tenders/detail_pages/SSH2095P27.html
SSH2737L27,NIT,,https://www.oil-india.com/download-tender-document?ten_detail=NzBhL3RTSEw2RXFyM1FZPQ%3D%3D,data/raw/oil_india/tenders/detail_pages/SSH2737L27.html
SSH5224L24,NIT,,https://www.oil-india.com/download-tender-document?ten_detail=NmtDMG9HaksrUk93M2c9PQ%3D%3D,data/raw/oil_india/tenders/detail_pages/SSH5224L24.html
SSH6121L25,NIT,,https://www.oil-india.com/download-tender-document?ten_detail=NzBLem9HaksrUk93M2c9PQ%3D%3D,data/raw/oil_india/tenders/detail_pages/SSH6121L25.html
SSH6153L25,NIT,,https://www.oil-india.com/download-tender-document?ten_detail=NzBlem9HaksrUk93M2c9PQ%3D%3D,data/raw/oil_india/tenders/detail_pages/SSH6153L25.html
SSH7055L25,NIT,,https://www.oil-india.com/download-tender-document?ten_detail=NGthd29HaksrUk93M2c9PQ%3D%3D,data/raw/oil_india/tenders/detail_pages/SSH7055L25.html
SSH7057L25,NIT,,https://www.oil-india.com/download-tender-document?ten_detail=NGtheG9HaksrUk93M2c9PQ%3D%3D,data/raw/oil_india/tenders/detail_pages/SSH7057L25.html
SSH7058L25,NIT,,https://www.oil-india.com/download-tender-document?ten_detail=NGthK29HaksrUk93M2c9PQ%3D%3D,data/raw/oil_india/tenders/detail_pages/SSH7058L25.html
SSH7420L25,NIT,,https://www.oil-india.com/download-tender-document?ten_detail=Nmthd3VDSEw2RXFyM1FZPQ%3D%3D,data/raw/oil_india/tenders/detail_pages/SSH7420L25.html
SSH7540P25,NIT,,https://www.oil-india.com/download-tender-document?ten_detail=NmtXM3ZpSEw2RXFyM1FBPQ%3D%3D,data/raw/oil_india/tenders/detail_pages/SSH7540P25.html
SSH7643L25,NIT,,https://www.oil-india.com/download-tender-document?ten_detail=NmtXeXRDSEw2RXFyM1FZPQ%3D%3D,data/raw/oil_india/tenders/detail_pages/SSH7643L25.html
SSH8865L25,NIT,,https://www.oil-india.com/download-tender-document?ten_detail=Nms2eXZpSEw2RXFyM1FZPQ%3D%3D,data/raw/oil_india/tenders/detail_pages/SSH8865L25.html
SSH9693L26,NIT,,https://www.oil-india.com/download-tender-document?ten_detail=NlVTL3VDSEw2RXFyM1FZPQ%3D%3D,data/raw/oil_india/tenders/detail_pages/SSH9693L26.html
SSH9778L26,NIT,,https://www.oil-india.com/download-tender-document?ten_detail=NlVPd3ZDSEw2RXFyM1FZPQ%3D%3D,data/raw/oil_india/tenders/detail_pages/SSH9778L26.html
SSH9780L26_L2,NIT,,https://www.oil-india.com/download-tender-document?ten_detail=NlVPenVTSEw2RXFyM1FZPQ%3D%3D,data/raw/oil_india/tenders/detail_pages/SSH9780L26_L2.html
SSH9935L26,NIT,,https://www.oil-india.com/download-tender-document?ten_detail=NlVHMnRTSEw2RXFyM1FZPQ%3D%3D,data/raw/oil_india/tenders/detail_pages/SSH9935L26.html
SSI0418P26,NIT,,https://www.oil-india.com/download-tender-document?ten_detail=NlUreXZDSEw2RXFyM1FBPQ%3D%3D,data/raw/oil_india/tenders/detail_pages/SSI0418P26.html
SSI0542L26,NIT,,https://www.oil-india.com/download-tender-document?ten_detail=NkVlM3ZDSEw2RXFyM1FZPQ%3D%3D,data/raw/oil_india/tenders/detail_pages/SSI0542L26.html
SSI0666P26,NIT,,https://www.oil-india.com/download-tender-document?ten_detail=NkVlM3ZTSEw2RXFyM1FBPQ%3D%3D,data/raw/oil_india/tenders/detail_pages/SSI0666P26.html
SSI0777P26,NIT,,https://www.oil-india.com/download-tender-document?ten_detail=NkVhK3VDSEw2RXFyM1FBPQ%3D%3D,data/raw/oil_india/tenders/detail_pages/SSI0777P26.html
SSI0778L26,NIT,,https://www.oil-india.com/download-tender-document?ten_detail=NkVld3Z5SEw2RXFyM1FZPQ%3D%3D,data/raw/oil_india/tenders/detail_pages/SSI0778L26.html
SSI0991L26,NIT,,https://www.oil-india.com/download-tender-document?ten_detail=NzBheHZpSEw2RXFyM1FZPQ%3D%3D,data/raw/oil_india/tenders/detail_pages/SSI0991L26.html
SSI1119P26,NIT,,https://www.oil-india.com/download-tender-document?ten_detail=NkUrK3RDSEw2RXFyM1FBPQ%3D%3D,data/raw/oil_india/tenders/detail_pages/SSI1119P26.html
SSI1373P26,NIT,,https://www.oil-india.com/download-tender-document?ten_detail=NkVPMnRTSEw2RXFyM1FBPQ%3D%3D,data/raw/oil_india/tenders/detail_pages/SSI1373P26.html
SSI1428L26,NIT,,https://www.oil-india.com/download-tender-document?ten_detail=NkVPeHZpSEw2RXFyM1FZPQ%3D%3D,data/raw/oil_india/tenders/detail_pages/SSI1428L26.html
SSI1924P27,NIT,,https://www.oil-india.com/download-tender-document?ten_detail=NkVDenVpSEw2RXFyM1FBPQ%3D%3D,data/raw/oil_india/tenders/detail_pages/SSI1924P27.html
SSI1937P27,NIT,,https://www.oil-india.com/download-tender-document?ten_detail=NkUrMHRDSEw2RXFyM1FBPQ%3D%3D,data/raw/oil_india/tenders/detail_pages/SSI1937P27.html
SSI2306P27,NIT,,https://www.oil-india.com/download-tender-document?ten_detail=NkU2eHVpSEw2RXFyM1FBPQ%3D%3D,data/raw/oil_india/tenders/detail_pages/SSI2306P27.html
SSI2502P27,NIT,,https://www.oil-india.com/download-tender-document?ten_detail=NzBleHZDSEw2RXFyM1FBPQ%3D%3D,data/raw/oil_india/tenders/detail_pages/SSI2502P27.html
SSI5241L24,NIT,,https://www.oil-india.com/download-tender-document?ten_detail=NmthMm9HaksrUk93M2c9PQ%3D%3D,data/raw/oil_india/tenders/detail_pages/SSI5241L24.html
SSI5271P24,NIT,,https://www.oil-india.com/download-tender-document?ten_detail=N1VHcjZXbmJvQWkx,data/raw/oil_india/tenders/detail_pages/SSI5271P24.html
SSI5371P24,NIT,,https://www.oil-india.com/download-tender-document?ten_detail=N1VPcjZXbmJvQWkx,data/raw/oil_india/tenders/detail_pages/SSI5371P24.html
SSI5395P24,NIT,,https://www.oil-india.com/download-tender-document?ten_detail=NmtXM29HaksrUk93MkE9PQ%3D%3D,data/raw/oil_india/tenders/detail_pages/SSI5395P24.html
SSI5416L24,NIT,,https://www.oil-india.com/download-tender-document?ten_detail=NDBXcjZXbmJvQWl6,data/raw/oil_india/tenders/detail_pages/SSI5416L24.html
SSI5430P24,NIT,,https://www.oil-india.com/download-tender-document?ten_detail=NmtXMG9HaksrUk93MkE9PQ%3D%3D,data/raw/oil_india/tenders/detail_pages/SSI5430P24.html
SSI5676L24,NIT,,https://www.oil-india.com/download-tender-document?ten_detail=N0U2MW9HaksrUk93M2c9PQ%3D%3D,data/raw/oil_india/tenders/detail_pages/SSI5676L24.html
SSI5680L24,NIT,,https://www.oil-india.com/download-tender-document?ten_detail=NkVTMG9HaksrUk93M2c9PQ%3D%3D,data/raw/oil_india/tenders/detail_pages/SSI5680L24.html
SSI5681L24,NIT,,https://www.oil-india.com/download-tender-document?ten_detail=N1UrM29HaksrUk93M2c9PQ%3D%3D,data/raw/oil_india/tenders/detail_pages/SSI5681L24.html
SSI5684P24,NIT,,https://www.oil-india.com/download-tender-document?ten_detail=NmtHeW9HaksrUk93MkE9PQ%3D%3D,data/raw/oil_india/tenders/detail_pages/SSI5684P24.html
SSI5706L24,NIT,,https://www.oil-india.com/download-tender-document?ten_detail=NDBlem9HaksrUk93M2c9PQ%3D%3D,data/raw/oil_india/tenders/detail_pages/SSI5706L24.html
SSI5797P24,NIT,,https://www.oil-india.com/download-tender-document?ten_detail=NGs2M29HaksrUk93MkE9PQ%3D%3D,data/raw/oil_india/tenders/detail_pages/SSI5797P24.html
SSI5826P24,NIT,,https://www.oil-india.com/download-tender-document?ten_detail=NlUrM29HaksrUk93MkE9PQ%3D%3D,data/raw/oil_india/tenders/detail_pages/SSI5826P24.html
SSI5851L24,NIT,,https://www.oil-india.com/download-tender-document?ten_detail=N0UrMG9HaksrUk93M2c9PQ%3D%3D,data/raw/oil_india/tenders/detail_pages/SSI5851L24.html
SSI6064L25,NIT,,https://www.oil-india.com/download-tender-document?ten_detail=NkVLeW9HaksrUk93M2c9PQ%3D%3D,data/raw/oil_india/tenders/detail_pages/SSI6064L25.html
SSI6087L25_L4,NIT,,https://www.oil-india.com/download-tender-document?ten_detail=N2tlMm9HaksrUk93M2c9PQ%3D%3D,data/raw/oil_india/tenders/detail_pages/SSI6087L25_L4.html
SSI6192L25,NIT,,https://www.oil-india.com/download-tender-document?ten_detail=N2tDeW9HaksrUk93M2c9PQ%3D%3D,data/raw/oil_india/tenders/detail_pages/SSI6192L25.html
SSI6537P25,NIT,,https://www.oil-india.com/download-tender-document?ten_detail=NDBTL29HaksrUk93MkE9PQ%3D%3D,data/raw/oil_india/tenders/detail_pages/SSI6537P25.html
SSI6685L25,NIT,,https://www.oil-india.com/download-tender-document?ten_detail=N0VXMG9HaksrUk93M2c9PQ%3D%3D,data/raw/oil_india/tenders/detail_pages/SSI6685L25.html
SSI6745P25,NIT,,https://www.oil-india.com/download-tender-document?ten_detail=NDA2eW9HaksrUk93MkE9PQ%3D%3D,data/raw/oil_india/tenders/detail_pages/SSI6745P25.html
SSI6748P25,NIT,,https://www.oil-india.com/download-tender-document?ten_detail=N0U2Mm9HaksrUk93MkE9PQ%3D%3D,data/raw/oil_india/tenders/detail_pages/SSI6748P25.html
SSI7261L25,NIT,,https://www.oil-india.com/download-tender-document?ten_detail=NmthM3VpSEw2RXFyM1FZPQ%3D%3D,data/raw/oil_india/tenders/detail_pages/SSI7261L25.html
SSI7299L25,NIT,,https://www.oil-india.com/download-tender-document?ten_detail=NmtlenZ5SEw2RXFyM1FZPQ%3D%3D,data/raw/oil_india/tenders/detail_pages/SSI7299L25.html
SSI7552L25,NIT,,https://www.oil-india.com/download-tender-document?ten_detail=NmtXMHZTSEw2RXFyM1FZPQ%3D%3D,data/raw/oil_india/tenders/detail_pages/SSI7552L25.html
SSI7796L25,NIT,,https://www.oil-india.com/download-tender-document?ten_detail=NmtLd3VTSEw2RXFyM1FZPQ%3D%3D,data/raw/oil_india/tenders/detail_pages/SSI7796L25.html
SSI7810L25,NIT,,https://www.oil-india.com/download-tender-document?ten_detail=NmtTeXZ5SEw2RXFyM1FZPQ%3D%3D,data/raw/oil_india/tenders/detail_pages/SSI7810L25.html
SSI8124P25,NIT,,https://www.oil-india.com/download-tender-document?ten_detail=NmtLK3Z5SEw2RXFyM1FBPQ%3D%3D,data/raw/oil_india/tenders/detail_pages/SSI8124P25.html
SSI8353L25,NIT,,https://www.oil-india.com/download-tender-document?ten_detail=NmtHMXZ5SEw2RXFyM1FZPQ%3D%3D,data/raw/oil_india/tenders/detail_pages/SSI8353L25.html
SSI8476L25,NIT,,https://www.oil-india.com/download-tender-document?ten_detail=NmtDMXVpSEw2RXFyM1FZPQ%3D%3D,data/raw/oil_india/tenders/detail_pages/SSI8476L25.html
SSI8640L25,NIT,,https://www.oil-india.com/download-tender-document?ten_detail=NmsrMnZDSEw2RXFyM1FZPQ%3D%3D,data/raw/oil_india/tenders/detail_pages/SSI8640L25.html
SSI8751P25,NIT,,https://www.oil-india.com/download-tender-document?ten_detail=NmsrenRDSEw2RXFyM1FBPQ%3D%3D,data/raw/oil_india/tenders/detail_pages/SSI8751P25.html
SSI9120P26,NIT,,https://www.oil-india.com/download-tender-document?ten_detail=NlVld3Z5SEw2RXFyM1FBPQ%3D%3D,data/raw/oil_india/tenders/detail_pages/SSI9120P26.html
SSI9445L26,NIT,,https://www.oil-india.com/download-tender-document?ten_detail=NlVXd3Z5SEw2RXFyM1FZPQ%3D%3D,data/raw/oil_india/tenders/detail_pages/SSI9445L26.html
SSI9719P26,NIT,,https://www.oil-india.com/download-tender-document?ten_detail=NlVPd3ZpSEw2RXFyM1FBPQ%3D%3D,data/raw/oil_india/tenders/detail_pages/SSI9719P26.html
SSI9842P26,NIT,,https://www.oil-india.com/download-tender-document?ten_detail=NlVPeHRDSEw2RXFyM1FBPQ%3D%3D,data/raw/oil_india/tenders/detail_pages/SSI9842P26.html
TPI00125IN,NIT,,https://www.oil-india.com/download-tender-document?ten_detail=NmtlL29HaksrUk93M2c9PQ%3D%3D,data/raw/oil_india/tenders/detail_pages/TPI00125IN.html
TPI00143IN,NIT,,https://www.oil-india.com/download-tender-document?ten_detail=NzBhK29HaksrUk93M2c9PQ%3D%3D,data/raw/oil_india/tenders/detail_pages/TPI00143IN.html
TPI00151IN,NIT,,https://www.oil-india.com/download-tender-document?ten_detail=NmtlK3Z5SEw2RXFyM1FZPQ%3D%3D,data/raw/oil_india/tenders/detail_pages/TPI00151IN.html
TPI00170KG,NIT,,https://www.oil-india.com/download-tender-document?ten_detail=NlVhMHRDSEw2RXFyM1FZPQ%3D%3D,data/raw/oil_india/tenders/detail_pages/TPI00170KG.html
TPI00173KG,NIT,,https://www.oil-india.com/download-tender-document?ten_detail=NlVhK3RDSEw2RXFyM1FZPQ%3D%3D,data/raw/oil_india/tenders/detail_pages/TPI00173KG.html
TPI00175KG,NIT,,https://www.oil-india.com/download-tender-document?ten_detail=NlVHMHRTSEw2RXFyM1FZPQ%3D%3D,data/raw/oil_india/tenders/detail_pages/TPI00175KG.html
