path,bytes,sha256_16,csv_rows
PRUNED.txt,469992,b30e8749348d1f39,
data/processed/extracted_items/iocl_procurement_plan_items.csv,184790,6c132ca99a318142,1224
data/processed/extracted_items/material_description_corpus.csv,6257252,92d9dda4fabbf54a,21513
data/processed/extracted_items/ntpc_doc_tables.csv,15693827,ef3642a258fa86e4,78216
data/processed/extracted_items/ntpc_doc_text.csv,2906018,beb0bac61e864816,1615
data/processed/extracted_items/ntpc_extract_checkpoint.json,43589,5e7c156984ee0728,
data/processed/extracted_items/ntpc_material_items.csv,55715,a175d7783728e8cf,486
data/processed/extracted_items/ntpc_text/28808_NIT_Download.txt,9304,cbe146f66bdf2381,
data/processed/extracted_items/ntpc_text/28809_Click_here_to_view_Salient_Technical_Features.txt,2493,1ed48bffaf346e07,
data/processed/extracted_items/ntpc_text/28809_NIT_Download.txt,13273,fe55075f0b15d252,
data/processed/extracted_items/ntpc_text/28810_NIT_Download.txt,199556,41bfa02518f4baf0,
data/processed/extracted_items/ntpc_text/28811_NIT_Download.txt,37223,c640ea1189fa58ce,
data/processed/extracted_items/ntpc_text/28812_NIT_Download.txt,118727,1258075400a4c9d7,
data/processed/extracted_items/ntpc_text/28813_NIT_Download.txt,92385,a1c39d67a6ca1ae3,
data/processed/extracted_items/ntpc_text/28814_NIT_Download.txt,15203,3332795e6c685ff6,
data/processed/extracted_items/ntpc_text/28815_NIT_Download.txt,22492,dfc452ff2fecf4f1,
data/processed/extracted_items/ntpc_text/28816_NIT_Download.txt,8301,baf05ae45324b6f8,
data/processed/extracted_items/ntpc_text/28816_cor_28816_1_1.txt,261,102d558c0b464e36,
data/processed/extracted_items/ntpc_text/28817_NIT_Download.txt,96,b7f230316dffe5fd,
data/processed/extracted_items/ntpc_text/28818_NIT_Download.txt,5168,5337ccb74d75aeaf,
data/processed/extracted_items/ntpc_text/28819_NIT_Download.txt,8723,32e6ae8ff945f4a1,
data/processed/extracted_items/ntpc_text/28819_cor_28819_3_1.txt,8729,457f0d91bc8ab531,
data/processed/extracted_items/ntpc_text/28820_NIT_Download.txt,40500,7ab6b68a16f0d3f4,
data/processed/extracted_items/ntpc_text/28821_NIT_Download.txt,20720,df06b156a428bff9,
data/processed/extracted_items/ntpc_text/28821_cor_28821_1_1.txt,20720,df06b156a428bff9,
data/processed/extracted_items/ntpc_text/28822_NIT_Download.txt,42040,9de2289a380e773a,
data/processed/extracted_items/ntpc_text/28822_cor_28822_1_1.txt,6352,136d37566f7953bb,
data/processed/extracted_items/ntpc_text/28823_NIT_Download.txt,36792,a0d260488139e814,
data/processed/extracted_items/ntpc_text/28824_NIT_Download.txt,21350,fa15455459d1e0cf,
data/processed/extracted_items/ntpc_text/28824_cor_28824_4_1.txt,22482,5b44e60c24a50bc0,
data/processed/extracted_items/ntpc_text/28825_NIT_Download.txt,15503,e27c90aa80e40ae5,
data/processed/extracted_items/ntpc_text/28826_NIT_Download.txt,84107,8ff523432335e227,
data/processed/extracted_items/ntpc_text/28827_NIT_Download.txt,5105,c191dbbc383e45ab,
data/processed/extracted_items/ntpc_text/28828_NIT_Download.txt,5092,b2500041b37d2619,
data/processed/extracted_items/ntpc_text/28829_NIT_Download.txt,22960,c5b2880ce5f6338e,
data/processed/extracted_items/ntpc_text/28830_NIT_Download.txt,13,94f59a48294d99f8,
data/processed/extracted_items/ntpc_text/28831_NIT_Download.txt,17048,bfbd496536bad80b,
data/processed/extracted_items/ntpc_text/28832_NIT_Download.txt,8193,09ef6e334a38ace4,
data/processed/extracted_items/ntpc_text/28833_NIT_Download.txt,22725,d0981e674ef6df38,
data/processed/extracted_items/ntpc_text/28834_NIT_Download.txt,3749,ed3c93da7cec4dc6,
data/processed/extracted_items/ntpc_text/28835_NIT_Download.txt,5049,11b605003fc4b681,
data/processed/extracted_items/ntpc_text/28836_NIT_Download.txt,19633,43928b00b8d64080,
data/processed/extracted_items/ntpc_text/28837_NIT_Download.txt,18008,9f9bc226bbc626f6,
data/processed/extracted_items/ntpc_text/28838_NIT_Download.txt,27054,fb916ce3c403cd1c,
data/processed/extracted_items/ntpc_text/28839_NIT_Download.txt,26066,0c33511856aec409,
data/processed/extracted_items/ntpc_text/28840_NIT_Download.txt,29927,ea4cb46a4ce2e843,
data/processed/extracted_items/ntpc_text/28841_NIT_Download.txt,30018,63e1c88e8e2c1c26,
data/processed/extracted_items/ntpc_text/28842_NIT_Download.txt,30026,71258868442d6a89,
data/processed/extracted_items/ntpc_text/28843_NIT_Download.txt,30017,abe0d7d8195f6092,
data/processed/extracted_items/ntpc_text/28844_NIT_Download.txt,29974,e91784d8473a0988,
data/processed/extracted_items/ntpc_text/28845_NIT_Download.txt,5676,2188ac67c5ac18f0,
data/processed/extracted_items/ntpc_text/28845_cor_28845_7_1.txt,9226,c01cac3f695018a4,
data/processed/extracted_items/ntpc_text/28846_NIT_Download.txt,29887,628aed9ee24c2889,
data/processed/extracted_items/ntpc_text/28847_NIT_Download.txt,26706,11bcb0f1cf415e4c,
data/processed/extracted_items/ntpc_text/28848_NIT_Download.txt,9475,47ff852aacd3d7a2,
data/processed/extracted_items/ntpc_text/28849_NIT_Download.txt,27807,0de8f980d8a06fb5,
data/processed/extracted_items/ntpc_text/28849_cor_28849_2_1.txt,11917,51ff9a5920f6b3e0,
data/processed/extracted_items/ntpc_text/28850_NIT_Download.txt,24814,ec2553b76788f3e8,
data/processed/extracted_items/ntpc_text/28851_NIT_Download.txt,31573,a3ee9819bab915ca,
data/processed/extracted_items/ntpc_text/28852_NIT_Download.txt,7541,f84f39e7926b1cca,
data/processed/extracted_items/ntpc_text/28853_NIT_Download.txt,18155,5e2f9a24f7e7133f,
data/processed/extracted_items/ntpc_text/28854_NIT_Download.txt,35103,b2f2c89401663c24,
data/processed/extracted_items/ntpc_text/28855_NIT_Download.txt,26178,dd9f43eb354bd2c8,
data/processed/extracted_items/ntpc_text/28856_NIT_Download.txt,4947,d15c31748b96b105,
data/processed/extracted_items/ntpc_text/28857_NIT_Download.txt,39606,e7b3a0de62fcea4f,
data/processed/extracted_items/ntpc_text/28858_NIT_Download.txt,25297,f36794fd1cbe8e5b,
data/processed/extracted_items/ntpc_text/28859_NIT_Download.txt,20148,7ea2a48f8a39adb7,
data/processed/extracted_items/ntpc_text/28860_NIT_Download.txt,20613,501e05ae24e8df94,
data/processed/extracted_items/ntpc_text/28861_NIT_Download.txt,5756,83d36f6dbcce780c,
data/processed/extracted_items/ntpc_text/28861_cor_28861_5_1.txt,9213,b1996f12b84e4817,
data/processed/extracted_items/ntpc_text/28862_NIT_Download.txt,5335,1f359f5fcaaf720d,
data/processed/extracted_items/ntpc_text/28863_NIT_Download.txt,4762,c554e4c624afbc3a,
data/processed/extracted_items/ntpc_text/28864_NIT_Download.txt,5022,def27639843e0df6,
data/processed/extracted_items/ntpc_text/28865_NIT_Download.txt,5811,51b717014c4eef3d,
data/processed/extracted_items/ntpc_text/28865_cor_28865_10_1.txt,9170,e8aeb483bfb3dafb,
data/processed/extracted_items/ntpc_text/28866_NIT_Download.txt,35378,a7fa8b75853668fc,
data/processed/extracted_items/ntpc_text/28867_NIT_Download.txt,22610,87a45f12ac3344ac,
data/processed/extracted_items/ntpc_text/28868_NIT_Download.txt,16656,2cf5bb92d02b4d61,
data/processed/extracted_items/ntpc_text/28868_cor_28868_5_1.txt,362257,d51ec026968c95f3,
data/processed/extracted_items/ntpc_text/28869_NIT_Download.txt,14310,820e81bf31f157a9,
data/processed/extracted_items/ntpc_text/28870_NIT_Download.txt,3721,36af3ac8699d29dd,
data/processed/extracted_items/ntpc_text/28870_cor_28870_1_1.txt,1271,bd4a9a0fec017181,
data/processed/extracted_items/ntpc_text/28871_NIT_Download.txt,6296,d14b2a9120b16694,
data/processed/extracted_items/ntpc_text/28871_cor_28871_1_1.txt,6297,5d11f3217a924e2f,
data/processed/extracted_items/ntpc_text/28872_NIT_Download.txt,5327,53085bfafb979e49,
data/processed/extracted_items/ntpc_text/28873_NIT_Download.txt,22692,ee7cec98bc4a2063,
data/processed/extracted_items/ntpc_text/28873_cor_28873_1_1.txt,1428,f0484aff7c420727,
data/processed/extracted_items/ntpc_text/28874_NIT_Download.txt,18394,9d43713a54db10eb,
data/processed/extracted_items/ntpc_text/28875_NIT_Download.txt,18551,6aa02f6cbfd14b8a,
data/processed/extracted_items/ntpc_text/28876_NIT_Download.txt,24483,28a440b7574e0f37,
data/processed/extracted_items/ntpc_text/28877_NIT_Download.txt,4909,df9499b646e33619,
data/processed/extracted_items/ntpc_text/28878_NIT_Download.txt,21107,2572d6acdbc46516,
data/processed/extracted_items/ntpc_text/28879_NIT_Download.txt,22650,f722fd65f535ecd8,
data/processed/extracted_items/ntpc_text/28880_NIT_Download.txt,20565,60f93a0b84f22467,
data/processed/extracted_items/ntpc_text/28881_NIT_Download.txt,1,01ba4719c80b6fe9,
data/processed/extracted_items/ntpc_text/28882_NIT_Download.txt,19177,ebecbc36d0c9d458,
data/processed/extracted_items/ntpc_text/28883_NIT_Download.txt,29605,2c9bb5c849961c02,
data/processed/extracted_items/ntpc_text/28884_NIT_Download.txt,27194,a0ea8f32dee47060,
data/processed/extracted_items/ntpc_text/28885_NIT_Download.txt,22865,53cd5ef9541475f7,
data/processed/extracted_items/ntpc_text/28886_NIT_Download.txt,60379,8b6292e05837f272,
data/processed/extracted_items/ntpc_text/28887_Click_here_to_view_Salient_Technical_Features.txt,963,f72f5ca8240bc145,
data/processed/extracted_items/ntpc_text/28887_NIT_Download.txt,17858,d82237738e0d7e7c,
data/processed/extracted_items/ntpc_text/28887_cor_28887_1_1.txt,2084,07a4f6b461e2ee71,
data/processed/extracted_items/ntpc_text/28888_NIT_Download.txt,5017,5fc38f3ed276440c,
data/processed/extracted_items/ntpc_text/28889_NIT_Download.txt,19035,2bfef015b48e9bf8,
data/processed/extracted_items/ntpc_text/28890_NIT_Download.txt,22622,d54c487d3dfb4993,
data/processed/extracted_items/ntpc_text/28891_NIT_Download.txt,19783,266b548279f7e9e8,
data/processed/extracted_items/ntpc_text/28892_NIT_Download.txt,12989,29232d2247af3264,
data/processed/extracted_items/ntpc_text/28892_cor_28892_2_1.txt,13004,17758a2fddfddec4,
data/processed/extracted_items/ntpc_text/28893_NIT_Download.txt,22520,5dea432bb40a1478,
data/processed/extracted_items/ntpc_text/28894_Click_here_to_view_Salient_Technical_Features.txt,979,e59eed7b46de2c3a,
data/processed/extracted_items/ntpc_text/28894_cor_28894_2_1.txt,40370,c1b51ead512919ba,
data/processed/extracted_items/ntpc_text/28895_NIT_Download.txt,14113,04677dd3ce351a8e,
data/processed/extracted_items/ntpc_text/28896_NIT_Download.txt,11,636159b35205da41,
data/processed/extracted_items/ntpc_text/28897_NIT_Download.txt,5761,8dbf1693acbeae56,
data/processed/extracted_items/ntpc_text/28898_NIT_Download.txt,5765,25fb18a375246eff,
data/processed/extracted_items/ntpc_text/28899_NIT_Download.txt,20112,fe5a2eb308a4597f,
data/processed/extracted_items/ntpc_text/28900_NIT_Download.txt,3476,1712731e60c42ed3,
data/processed/extracted_items/ntpc_text/28901_NIT_Download.txt,13828,f5906837e2bc21b6,
data/processed/extracted_items/ntpc_text/28902_NIT_Download.txt,8085,bf108bdab15e9b6a,
data/processed/extracted_items/ntpc_text/28902_cor_28902_1_1.txt,1586,d0aa9c0618b7ee63,
data/processed/extracted_items/ntpc_text/28903_NIT_Download.txt,26826,2eef4e5612a97f71,
data/processed/extracted_items/ntpc_text/28904_NIT_Download.txt,1612,0d8275637d25dd0b,
data/processed/extracted_items/ntpc_text/28904_cor_28904_6_1.txt,86789,8a81fa09a935f5d6,
data/processed/extracted_items/ntpc_text/28905_NIT_Download.txt,6,d088784b7ecb87f1,
data/processed/extracted_items/ntpc_text/28906_NIT_Download.txt,10231,d984b31f5235cb8a,
data/processed/extracted_items/ntpc_text/28907_NIT_Download.txt,2954,ec3f202e6811a0c9,
data/processed/extracted_items/ntpc_text/28908_NIT_Download.txt,3324,62220b592da0135e,
data/processed/extracted_items/ntpc_text/28909_NIT_Download.txt,16873,23bbe31f88cdd325,
data/processed/extracted_items/ntpc_text/28910_NIT_Download.txt,5709,f07842691e6b7369,
data/processed/extracted_items/ntpc_text/28911_NIT_Download.txt,4996,c8f04939fd0bde58,
data/processed/extracted_items/ntpc_text/28912_NIT_Download.txt,6166,26dd019a6ee9a801,
data/processed/extracted_items/ntpc_text/28913_NIT_Download.txt,2500,d1cd4b9100609f40,
data/processed/extracted_items/ntpc_text/28914_NIT_Download.txt,31183,f4f38cf28011b4ad,
data/processed/extracted_items/ntpc_text/28915_NIT_Download.txt,31284,ea1a26e731170118,
data/processed/extracted_items/ntpc_text/28916_NIT_Download.txt,33355,eefbce245a8ccc16,
data/processed/extracted_items/ntpc_text/28917_NIT_Download.txt,2785,44c9f1d31cf92640,
data/processed/extracted_items/ntpc_text/28918_NIT_Download.txt,9679,629969824344f487,
data/processed/extracted_items/ntpc_text/28919_NIT_Download.txt,9842,04a446e413b545b7,
data/processed/extracted_items/ntpc_text/28920_NIT_Download.txt,10580,a4d551b6956d0140,
data/processed/extracted_items/ntpc_text/28921_NIT_Download.txt,8507,d6d794d25e4bc7a5,
data/processed/extracted_items/ntpc_text/28922_NIT_Download.txt,2477,2c57bd3d12b97356,
data/processed/extracted_items/ntpc_text/28923_NIT_Download.txt,28110,0981988ddce286a3,
data/processed/extracted_items/ntpc_text/28924_NIT_Download.txt,11812,69f50bacaf0de475,
data/processed/extracted_items/ntpc_text/28925_NIT_Download.txt,21822,962ca1041daf085d,
data/processed/extracted_items/ntpc_text/28925_cor_28925_2_1.txt,5828,af0a2bc23a160699,
data/processed/extracted_items/ntpc_text/28926_NIT_Download.txt,20279,775e2420b5b0f60c,
data/processed/extracted_items/ntpc_text/28927_NIT_Download.txt,67320,9611cffa1c26b049,
data/processed/extracted_items/ntpc_text/28928_NIT_Download.txt,3281,0898257549f925ef,
data/processed/extracted_items/ntpc_text/28928_cor_28928_1_1.txt,274,3697c653ec19ba63,
data/processed/extracted_items/ntpc_text/28929_NIT_Download.txt,5783,0fc010aadbcd605a,
data/processed/extracted_items/ntpc_text/28929_cor_28929_10_1.txt,9170,0d44d989f32bb2d4,
data/processed/extracted_items/ntpc_text/28930_NIT_Download.txt,20553,dfadd53a709b7410,
data/processed/extracted_items/ntpc_text/28931_NIT_Download.txt,27146,15c6673f8a7108f5,
data/processed/extracted_items/ntpc_text/28932_NIT_Download.txt,35378,326f7a28c070564f,
data/processed/extracted_items/ntpc_text/28933_NIT_Download.txt,156442,717a990c17afbf8a,
data/processed/extracted_items/ntpc_text/28934_NIT_Download.txt,9476,859354d23ca7fd25,
data/processed/extracted_items/ntpc_text/28935_NIT_Download.txt,3920,44e756021cf0d9e0,
data/processed/extracted_items/ntpc_text/28935_cor_28935_2_1.txt,2993,36f1fad36a43609a,
data/processed/extracted_items/ntpc_text/28936_NIT_Download.txt,19009,700a7cbf11a93a93,
data/processed/extracted_items/ntpc_text/28937_NIT_Download.txt,21017,c520f9ff25897dc4,
data/processed/extracted_items/ntpc_text/28938_NIT_Download.txt,26804,14c401d19eb02095,
data/processed/extracted_items/ntpc_text/28939_NIT_Download.txt,20258,a470164e18055704,
data/processed/extracted_items/ntpc_text/28940_NIT_Download.txt,105813,6a26733400e92cf4,
data/processed/extracted_items/ntpc_text/28941_NIT_Download.txt,15275,1d93536860902eaa,
data/processed/extracted_items/ntpc_text/28942_NIT_Download.txt,26912,5ff8edfaa05808e3,
data/processed/extracted_items/ntpc_text/28943_NIT_Download.txt,19764,e16aaab42b83943b,
data/processed/extracted_items/ntpc_text/28944_Click_here_to_view_Salient_Technical_Features.txt,1469,49318f20bf9801cb,
data/processed/extracted_items/ntpc_text/28944_NIT_Download.txt,42526,a58f025867c1f402,
data/processed/extracted_items/ntpc_text/28944_cor_28944_2_1.txt,1704,12afa3640c1f0431,
data/processed/extracted_items/ntpc_text/28945_NIT_Download.txt,23370,099bee6b7397ec63,
data/processed/extracted_items/ntpc_text/28946_NIT_Download.txt,28556,77e751e98499f680,
data/processed/extracted_items/ntpc_text/28947_NIT_Download.txt,36485,e882ed38f0c0c8ec,
data/processed/extracted_items/ntpc_text/28948_Click_here_to_view_Salient_Technical_Features.txt,1025,04b5f58dd4c957fe,
data/processed/extracted_items/ntpc_text/28948_NIT_Download.txt,37853,858a2521e1c5faf2,
data/processed/extracted_items/ntpc_text/28949_NIT_Download.txt,11476,774410394286a307,
data/processed/extracted_items/ntpc_text/28950_NIT_Download.txt,19432,7fc58686dadf78d9,
data/processed/extracted_items/ntpc_text/28951_NIT_Download.txt,5463,d4312dab2a3229ea,
data/processed/extracted_items/ntpc_text/28951_cor_28951_3_1.txt,10980,c93855745cd5447c,
data/processed/extracted_items/ntpc_text/28952_Click_here_to_view_Salient_Technical_Features.txt,2107,2885086437864017,
data/processed/extracted_items/ntpc_text/28952_NIT_Download.txt,52271,cd5567d6c83ba477,
data/processed/extracted_items/ntpc_text/28952_cor_28952_2_1.txt,1952,a57267d069f4c9a6,
data/processed/extracted_items/ntpc_text/28953_NIT_Download.txt,10028,c44ba42d7aa4b2a2,
data/processed/extracted_items/ntpc_text/28954_NIT_Download.txt,5755,d052a832a0f72fc6,
data/processed/extracted_items/ntpc_text/28954_cor_28954_8_1.txt,9226,052081b1edb886a4,
data/processed/extracted_items/ntpc_text/28955_NIT_Download.txt,22836,a5d3163959a07e04,
data/processed/extracted_items/ntpc_text/28956_NIT_Download.txt,22085,fa976ad47eb9c7ee,
data/processed/extracted_items/ntpc_text/28957_NIT_Download.txt,22725,69318ffa1caa2ca0,
data/processed/extracted_items/ntpc_text/28958_NIT_Download.txt,22722,aab854e01e0c288c,
data/processed/extracted_items/ntpc_text/28959_NIT_Download.txt,35051,e1cc2d68e9f2eaba,
data/processed/extracted_items/ntpc_text/28960_NIT_Download.txt,20096,40758b9468e39a28,
data/processed/extracted_items/ntpc_text/28961_NIT_Download.txt,3955,c3cdcba6d48cf2e4,
data/processed/extracted_items/ntpc_text/28962_NIT_Download.txt,14903,bd8afdd84b4e6504,
data/processed/extracted_items/ntpc_text/28963_NIT_Download.txt,26361,9d1771e1d45ed721,
data/processed/extracted_items/ntpc_text/28964_NIT_Download.txt,23175,549de39b4996813f,
data/processed/extracted_items/ntpc_text/28965_Click_here_to_view_Salient_Technical_Features.txt,2069,533118a9f37096f3,
data/processed/extracted_items/ntpc_text/28965_NIT_Download.txt,41169,2be4b428cc73d925,
data/processed/extracted_items/ntpc_text/28966_NIT_Download.txt,19966,d14068768cf7a260,
data/processed/extracted_items/ntpc_text/28967_NIT_Download.txt,19098,15c1a25ac582c747,
data/processed/extracted_items/ntpc_text/28968_NIT_Download.txt,2663,c0c90654e60c7719,
data/processed/extracted_items/ntpc_text/28969_NIT_Download.txt,28825,e6b45855ca5cb0f5,
data/processed/extracted_items/ntpc_text/28970_NIT_Download.txt,24091,9176cb642fc0a309,
data/processed/extracted_items/ntpc_text/28971_NIT_Download.txt,33206,4978bb2ab9253953,
data/processed/extracted_items/ntpc_text/28972_NIT_Download.txt,22726,517ff1d73cdd30a3,
data/processed/extracted_items/ntpc_text/28973_NIT_Download.txt,20654,a348ec8be659ff19,
data/processed/extracted_items/ntpc_text/28974_NIT_Download.txt,22993,fc043d90da1f71a0,
data/processed/extracted_items/ntpc_text/28974_cor_28974_2_1.txt,7934,3ecaa00c88ac3952,
data/processed/extracted_items/ntpc_text/28975_NIT_Download.txt,14086,4c029b06c6b992ea,
data/processed/extracted_items/ntpc_text/28976_NIT_Download.txt,23268,4ce9ed948d9f32e2,
data/processed/extracted_items/ntpc_text/28976_cor_28976_3_1.txt,8261,fc6b2e91168a3ba9,
data/processed/extracted_items/ntpc_text/28977_NIT_Download.txt,14203,6e236d6a1b7f8f52,
data/processed/extracted_items/ntpc_text/28978_NIT_Download.txt,20302,7c88a678fbd707bd,
data/processed/extracted_items/ntpc_text/28979_NIT_Download.txt,26133,0a43f800fb488345,
data/processed/extracted_items/ntpc_text/28980_NIT_Download.txt,19439,8bcad1c27dae0930,
data/processed/extracted_items/ntpc_text/28981_NIT_Download.txt,10120,346f84b7aa7f255d,
data/processed/extracted_items/ntpc_text/28982_NIT_Download.txt,29358,d8c96039c6111dac,
data/processed/extracted_items/ntpc_text/28984_NIT_Download.txt,54909,625443bc475a05df,
data/processed/extracted_items/ntpc_text/28984_cor_28984_2_1.txt,5255,e1ab9a3e83e995ba,
data/processed/extracted_items/ntpc_text/28985_NIT_Download.txt,7062,2d4c65e16546afd0,
data/processed/extracted_items/ntpc_text/28986_NIT_Download.txt,2459,0869ec3ee2cfcc9a,
data/processed/extracted_items/ntpc_text/28987_NIT_Download.txt,23489,d64a267e00d1eb84,
data/processed/extracted_items/ntpc_text/28988_NIT_Download.txt,6127,ab2dfea2d0b623ec,
data/processed/extracted_items/ntpc_text/28989_NIT_Download.txt,6413,d8c0a41cc35d7c3d,
data/processed/extracted_items/ntpc_text/28990_NIT_Download.txt,26667,97df9c2b0fd783dd,
data/processed/extracted_items/ntpc_text/28991_NIT_Download.txt,285653,322725956e17a331,
data/processed/extracted_items/ntpc_text/28992_NIT_Download.txt,19416,13379e2a74067170,
data/processed/extracted_items/ntpc_text/28992_cor_28992_1_1.txt,5562,3192084d39140b5d,
data/processed/extracted_items/ntpc_text/28993_NIT_Download.txt,1917,a5a6284276ca536a,
data/processed/extracted_items/ntpc_text/28994_NIT_Download.txt,76714,342d20d3b0553784,
data/processed/extracted_items/ntpc_text/28995_NIT_Download.txt,42865,1feb985c44d9b667,
data/processed/extracted_items/ntpc_text/28996_NIT_Download.txt,27485,f453583fb11b6a29,
data/processed/extracted_items/ntpc_text/28997_NIT_Download.txt,45559,dad5b2cf2b1b0796,
data/processed/extracted_items/ntpc_text/28997_cor_28997_1_1.txt,25404,68ae23bccdd239da,
data/processed/extracted_items/ntpc_text/28998_NIT_Download.txt,26774,a49dd5fab9de8c96,
data/processed/extracted_items/ntpc_text/28999_NIT_Download.txt,26589,92396416952cf4a1,
data/processed/extracted_items/ntpc_text/29000_NIT_Download.txt,3617,bae16e5468e3c223,
data/processed/extracted_items/ntpc_text/29001_NIT_Download.txt,20614,d96162d02ad5af0c,
data/processed/extracted_items/ntpc_text/29002_NIT_Download.txt,5250,912795cff1d8de77,
data/processed/extracted_items/ntpc_text/29003_NIT_Download.txt,19922,6750ab00fe749b3d,
data/processed/extracted_items/ntpc_text/29004_NIT_Download.txt,13717,a081b73c01218093,
data/processed/extracted_items/ntpc_text/29005_NIT_Download.txt,27776,3cc7f07e0afdeee1,
data/processed/extracted_items/ntpc_text/29006_NIT_Download.txt,23243,a3b9a94bedc6d34d,
data/processed/extracted_items/ntpc_text/29007_NIT_Download.txt,4819,426907db0fd76858,
data/processed/extracted_items/ntpc_text/29008_NIT_Download.txt,19588,bda6a36d705817c0,
data/processed/extracted_items/ntpc_text/29009_NIT_Download.txt,5802,a2e008396b1ce485,
data/processed/extracted_items/ntpc_text/29009_cor_29009_1_1.txt,9226,1ebf481030effa91,
data/processed/extracted_items/ntpc_text/29010_NIT_Download.txt,14114,4a7c1193b0fe8fe3,
data/processed/extracted_items/ntpc_text/29011_NIT_Download.txt,11247,80922ee71b470273,
data/processed/extracted_items/ntpc_text/29012_NIT_Download.txt,17808,f6cbc8af312cbab3,
data/processed/extracted_items/ntpc_text/29012_cor_29012_2_1.txt,353,6ce48f1e16ca82dd,
data/processed/extracted_items/ntpc_text/29013_NIT_Download.txt,31469,7f9257a27e58a9d0,
data/processed/extracted_items/ntpc_text/29013_cor_29013_2_1.txt,348,22cfe75d90536344,
data/processed/extracted_items/ntpc_text/29014_NIT_Download.txt,19925,80bddabee12e5e98,
data/processed/extracted_items/ntpc_text/29015_NIT_Download.txt,17654,0da482c43561d7e0,
data/processed/extracted_items/ntpc_text/29016_NIT_Download.txt,29550,d87a11d3151d5a03,
data/processed/extracted_items/ntpc_text/29017_NIT_Download.txt,29606,5cb7904ccaeb7147,
data/processed/extracted_items/ntpc_text/29018_NIT_Download.txt,20914,586d76f74c698539,
data/processed/extracted_items/ntpc_text/29019_NIT_Download.txt,19467,1352af286a95b6cd,
data/processed/extracted_items/ntpc_text/29020_NIT_Download.txt,18975,2a09d40d5cf55dfb,
data/processed/extracted_items/ntpc_text/29021_NIT_Download.txt,20376,255eb2f8bbbb25df,
data/processed/extracted_items/ntpc_text/29022_NIT_Download.txt,19660,5df89c8440dbadc6,
data/processed/extracted_items/ntpc_text/29023_NIT_Download.txt,26001,9c435652244aa725,
data/processed/extracted_items/ntpc_text/29024_NIT_Download.txt,24147,e62f28505db7c11b,
data/processed/extracted_items/ntpc_text/29025_NIT_Download.txt,24502,5074268684da2102,
data/processed/extracted_items/ntpc_text/29026_NIT_Download.txt,7988,36c8a0b203e3f041,
data/processed/extracted_items/ntpc_text/29027_NIT_Download.txt,19896,6d44d1a4a76114fb,
data/processed/extracted_items/ntpc_text/29028_NIT_Download.txt,23071,c532bb3e887a4b65,
data/processed/extracted_items/ntpc_text/29029_NIT_Download.txt,26332,8cfc033891329459,
data/processed/extracted_items/ntpc_text/29030_NIT_Download.txt,20140,b7b9e6e65f77b4bb,
data/processed/extracted_items/ntpc_text/29031_NIT_Download.txt,19212,21c64529c924373d,
data/processed/extracted_items/ntpc_text/29032_NIT_Download.txt,39493,12464381bf3bb505,
data/processed/extracted_items/ntpc_text/29033_NIT_Download.txt,26109,d9fbc9d261403677,
data/processed/extracted_items/ntpc_text/29034_NIT_Download.txt,26042,6610d09e05a28de4,
data/processed/extracted_items/ntpc_text/29035_NIT_Download.txt,19031,5f57816e4d4a989d,
data/processed/extracted_items/ntpc_text/29035_cor_29035_2_1.txt,11440,c45e4ee56348d164,
data/processed/extracted_items/ntpc_text/29036_NIT_Download.txt,20266,31eba80569282395,
data/processed/extracted_items/ntpc_text/29037_NIT_Download.txt,30126,f0f116ab473d4ace,
data/processed/extracted_items/ntpc_text/29038_NIT_Download.txt,28444,ce44dfcdaecb237b,
data/processed/extracted_items/ntpc_text/29039_NIT_Download.txt,36438,98907e6041652a48,
data/processed/extracted_items/ntpc_text/29040_NIT_Download.txt,26262,2b4c6488f68865d8,
data/processed/extracted_items/ntpc_text/29040_cor_29040_2_1.txt,134720,bec5395675df82c5,
data/processed/extracted_items/ntpc_text/29041_NIT_Download.txt,27340,25f65c853fb07d0c,
data/processed/extracted_items/ntpc_text/29042_NIT_Download.txt,18588,59f3c01a32b106bc,
data/processed/extracted_items/ntpc_text/29043_NIT_Download.txt,15339,e9b60a7f7a2a2199,
data/processed/extracted_items/ntpc_text/29044_NIT_Download.txt,18956,a08dcdee482162c3,
data/processed/extracted_items/ntpc_text/29045_NIT_Download.txt,26806,ef2ffc3de840e686,
data/processed/extracted_items/ntpc_text/29046_NIT_Download.txt,25534,861fe46ead45425c,
data/processed/extracted_items/ntpc_text/29047_NIT_Download.txt,20612,1e94aeb36ad7c6cc,
data/processed/extracted_items/ntpc_text/29048_NIT_Download.txt,20674,d73ce322aecd897c,
data/processed/extracted_items/ntpc_text/29049_NIT_Download.txt,5750,af2f3f66a84dbdcf,
data/processed/extracted_items/ntpc_text/29049_cor_29049_5_1.txt,9306,4e89cdea9f585f32,
data/processed/extracted_items/ntpc_text/29050_NIT_Download.txt,5155,5ad5c7f15c26a0cb,
data/processed/extracted_items/ntpc_text/29051_NIT_Download.txt,46862,17026a3e020dc216,
data/processed/extracted_items/ntpc_text/29052_NIT_Download.txt,23591,ce50ba7daf29a431,
data/processed/extracted_items/ntpc_text/29053_NIT_Download.txt,26897,f1ad7e7eaf731121,
data/processed/extracted_items/ntpc_text/29053_cor_29053_1_1.txt,27988,1085f145cc470188,
data/processed/extracted_items/ntpc_text/29054_NIT_Download.txt,31961,6b559b83bf706cf0,
data/processed/extracted_items/ntpc_text/29055_NIT_Download.txt,20465,a1d01724fd7d8354,
data/processed/extracted_items/ntpc_text/29056_NIT_Download.txt,13098,4a0216276486ee9e,
data/processed/extracted_items/ntpc_text/29056_cor_29056_3_1.txt,434,fdc295d2783f4899,
data/processed/extracted_items/ntpc_text/29057_NIT_Download.txt,20738,c9144d4327253b42,
data/processed/extracted_items/ntpc_text/29058_NIT_Download.txt,3599,c8f52953e3d2426d,
data/processed/extracted_items/ntpc_text/29059_NIT_Download.txt,5671,8a01f36f6f101497,
data/processed/extracted_items/ntpc_text/29060_NIT_Download.txt,5661,d297144c317383c0,
data/processed/extracted_items/ntpc_text/29060_cor_29060_4_1.txt,9225,440b1b6acc0dd679,
data/processed/extracted_items/ntpc_text/29061_NIT_Download.txt,13784,f5a05ef5143267e3,
data/processed/extracted_items/ntpc_text/29062_Click_here_to_view_Salient_Technical_Features.txt,5,7c370d9536d7d0d6,
data/processed/extracted_items/ntpc_text/29062_NIT_Download.txt,8332,401dcce85fdf9908,
data/processed/extracted_items/ntpc_text/29063_NIT_Download.txt,16675,708ffe599670e1a6,
data/processed/extracted_items/ntpc_text/29064_NIT_Download.txt,10829,9ebe2d00b1ea32ae,
data/processed/extracted_items/ntpc_text/29065_NIT_Download.txt,19675,667bab92d1cd0281,
data/processed/extracted_items/ntpc_text/29066_NIT_Download.txt,26223,b2d2d047f1ec24b6,
data/processed/extracted_items/ntpc_text/29067_NIT_Download.txt,20456,52ece152836921db,
data/processed/extracted_items/ntpc_text/29068_NIT_Download.txt,499894,0435bb073615cc03,
data/processed/extracted_items/ntpc_text/29069_NIT_Download.txt,15283,dcbc4b220c0ec4c4,
data/processed/extracted_items/ntpc_text/29070_NIT_Download.txt,26971,6e8641e3245a7674,
data/processed/extracted_items/ntpc_text/29071_NIT_Download.txt,19510,8a9a6d6e524ce8ea,
data/processed/extracted_items/ntpc_text/29072_NIT_Download.txt,34562,0968f1e157d8920b,
data/processed/extracted_items/ntpc_text/29072_cor_29072_1_1.txt,342,e3812324a93cd42d,
data/processed/extracted_items/ntpc_text/29073_NIT_Download.txt,23097,20c50d25ca93969b,
data/processed/extracted_items/ntpc_text/29074_NIT_Download.txt,30104,d5a708ee3268ca75,
data/processed/extracted_items/ntpc_text/29075_NIT_Download.txt,4584,858875d4072edd58,
data/processed/extracted_items/ntpc_text/29076_NIT_Download.txt,19699,4ec392d412e2696c,
data/processed/extracted_items/ntpc_text/29077_NIT_Download.txt,5206,895c7637a8da045d,
data/processed/extracted_items/ntpc_text/29078_NIT_Download.txt,4970,39c57aed01675867,
data/processed/extracted_items/ntpc_text/29079_NIT_Download.txt,12068,e5dca1978da5612a,
data/processed/extracted_items/ntpc_text/29079_cor_29079_5_1.txt,363,7b075e45f3fa0a5b,
data/processed/extracted_items/ntpc_text/29080_NIT_Download.txt,6021,f5c3810c49c2c298,
data/processed/extracted_items/ntpc_text/29081_NIT_Download.txt,8912,6023b0d2ca4184b4,
data/processed/extracted_items/ntpc_text/29082_NIT_Download.txt,6952,48e902d4c1629d8d,
data/processed/extracted_items/ntpc_text/29083_NIT_Download.txt,2554,37a751eb9c0e4555,
data/processed/extracted_items/ntpc_text/29084_NIT_Download.txt,3942,dc133becde0e6944,
data/processed/extracted_items/ntpc_text/29085_NIT_Download.txt,5574,e7ea7bfc30b389dd,
data/processed/extracted_items/ntpc_text/29086_NIT_Download.txt,3937,6bdcca583a8c26d4,
data/processed/extracted_items/ntpc_text/29087_NIT_Download.txt,21605,295e9cc01e90cb94,
data/processed/extracted_items/ntpc_text/29088_NIT_Download.txt,2691,8aba6f2023ebf50e,
data/processed/extracted_items/ntpc_text/29089_NIT_Download.txt,4585,0fc20c09bd4bef07,
data/processed/extracted_items/ntpc_text/29090_NIT_Download.txt,19016,13610b28215db72a,
data/processed/extracted_items/ntpc_text/29091_NIT_Download.txt,27468,99769816ee869488,
data/processed/extracted_items/ntpc_text/29092_NIT_Download.txt,20534,5f585adbe2fc9f45,
data/processed/extracted_items/ntpc_text/29093_NIT_Download.txt,37429,22a6cb520e6d3670,
data/processed/extracted_items/ntpc_text/29094_NIT_Download.txt,21137,013bcb2a8aed9359,
data/processed/extracted_items/ntpc_text/29094_cor_29094_1_1.txt,21153,ef999f12a6330d2b,
data/processed/extracted_items/ntpc_text/29095_NIT_Download.txt,6159,689855c020179d3c,
data/processed/extracted_items/ntpc_text/29096_NIT_Download.txt,20879,c88fa1c75c32df50,
data/processed/extracted_items/ntpc_text/29097_NIT_Download.txt,16974,b544cf60581df58d,
data/processed/extracted_items/ntpc_text/29098_NIT_Download.txt,19942,fd963fc4298600f8,
data/processed/extracted_items/ntpc_text/29099_NIT_Download.txt,9780,9c40b172bd58e1f5,
data/processed/extracted_items/ntpc_text/29100_NIT_Download.txt,15019,245f303cad3fb943,
data/processed/extracted_items/ntpc_text/29101_NIT_Download.txt,13314,5195c6cca153fea0,
data/processed/extracted_items/ntpc_text/29101_cor_29101_2_1.txt,13312,39385a3609fc2d20,
data/processed/extracted_items/ntpc_text/29102_NIT_Download.txt,32064,d0fe53c9cdc6dabe,
data/processed/extracted_items/ntpc_text/29103_NIT_Download.txt,19757,b37bb8ae312c75d6,
data/processed/extracted_items/ntpc_text/29104_NIT_Download.txt,20908,c155b18daa8536a0,
data/processed/extracted_items/ntpc_text/29105_NIT_Download.txt,548944,c4de24a1dd2ff4ed,
data/processed/extracted_items/ntpc_text/29106_NIT_Download.txt,5434,0c7890aa0bcc74f9,
data/processed/extracted_items/ntpc_text/29107_NIT_Download.txt,17631,aa3de09fb5c9a9bf,
data/processed/extracted_items/ntpc_text/29108_NIT_Download.txt,39282,a310785d65829153,
data/processed/extracted_items/ntpc_text/29109_NIT_Download.txt,18591,a119e44b215acb00,
data/processed/extracted_items/ntpc_text/29110_NIT_Download.txt,16727,1576b8dc37a347c7,
data/processed/extracted_items/ntpc_text/29111_NIT_Download.txt,18871,584e485b7c26d4ba,
data/processed/extracted_items/ntpc_text/29112_NIT_Download.txt,31989,77ffdda991ac2156,
data/processed/extracted_items/ntpc_text/29113_NIT_Download.txt,21118,22bb106f4ed623c2,
data/processed/extracted_items/ntpc_text/29114_NIT_Download.txt,15846,cec18ae98018d605,
data/processed/extracted_items/ntpc_text/29115_NIT_Download.txt,20201,3fbb5f5be79ab5f4,
data/processed/extracted_items/ntpc_text/29116_NIT_Download.txt,20248,1c4c10fb744b48a8,
data/processed/extracted_items/ntpc_text/29117_NIT_Download.txt,14329,1ad68e14ba7e39de,
data/processed/extracted_items/ntpc_text/29118_NIT_Download.txt,3523,d0cbe59a439e0860,
data/processed/extracted_items/ntpc_text/29119_NIT_Download.txt,27282,30e187cca98c90fb,
data/processed/extracted_items/ntpc_text/29119_cor_29119_1_1.txt,240,26a4dd52a45c8437,
data/processed/extracted_items/ntpc_text/29120_NIT_Download.txt,14972,4f6b1a55f0faa5c1,
data/processed/extracted_items/ntpc_text/29120_cor_29120_3_1.txt,15026,d81120b84b0d3a29,
data/processed/extracted_items/ntpc_text/29121_NIT_Download.txt,5026,b8c3671fef6c5571,
data/processed/extracted_items/ntpc_text/29122_NIT_Download.txt,27687,f340163f99aa19a3,
data/processed/extracted_items/ntpc_text/29123_NIT_Download.txt,28143,0b0238f33368ab59,
data/processed/extracted_items/ntpc_text/29124_NIT_Download.txt,20214,7c12ae8ca294e4d3,
data/processed/extracted_items/ntpc_text/29125_NIT_Download.txt,8586,bb1fdb9df4332203,
data/processed/extracted_items/ntpc_text/29126_NIT_Download.txt,20198,d0abd7633aaac948,
data/processed/extracted_items/ntpc_text/29127_NIT_Download.txt,9,1e135afb54bf948e,
data/processed/extracted_items/ntpc_text/29128_NIT_Download.txt,5810,fff6d3ce827c84c0,
data/processed/extracted_items/ntpc_text/29128_cor_29128_6_1.txt,9176,8c30434a0cc71e00,
data/processed/extracted_items/ntpc_text/29129_NIT_Download.txt,21306,4bc626cd4313ee2c,
data/processed/extracted_items/ntpc_text/29130_NIT_Download.txt,3,6a3cf5192354f716,
data/processed/extracted_items/ntpc_text/29131_NIT_Download.txt,35317,67b09757381ed4d1,
data/processed/extracted_items/ntpc_text/29132_NIT_Download.txt,14210,c9ab653caaa7b8a6,
data/processed/extracted_items/ntpc_text/29133_NIT_Download.txt,51854,2b3bc5a25afeb11a,
data/processed/extracted_items/ntpc_text/29134_NIT_Download.txt,20435,09a301ea28be6308,
data/processed/extracted_items/ntpc_text/29135_NIT_Download.txt,35615,1dc9e9a371a5077a,
data/processed/extracted_items/ntpc_text/29136_NIT_Download.txt,14475,afd10ff71b347764,
data/processed/extracted_items/ntpc_text/29137_NIT_Download.txt,20755,f3b858ff79066160,
data/processed/extracted_items/ntpc_text/29138_NIT_Download.txt,34925,ab019f317a451714,
data/processed/extracted_items/ntpc_text/29139_NIT_Download.txt,21783,2107676129be8a35,
data/processed/extracted_items/ntpc_text/29140_NIT_Download.txt,28006,0b0c2d8e040556f3,
data/processed/extracted_items/ntpc_text/29141_NIT_Download.txt,23373,5ff05fe455967dfe,
data/processed/extracted_items/ntpc_text/29141_cor_29141_3_1.txt,10612,ccceac87b366295a,
data/processed/extracted_items/ntpc_text/29142_NIT_Download.txt,20657,54fdc646f75362c1,
data/processed/extracted_items/ntpc_text/29142_cor_29142_1_1.txt,0,e3b0c44298fc1c14,
data/processed/extracted_items/ntpc_text/29143_NIT_Download.txt,35563,7a41df58fa5ac891,
data/processed/extracted_items/ntpc_text/29144_NIT_Download.txt,54894,9c3ce2e5e3141a11,
data/processed/extracted_items/ntpc_text/29145_NIT_Download.txt,38078,0b21e86fec5fefbd,
data/processed/extracted_items/ntpc_text/29147_NIT_Download.txt,13799,69e821ff73f2a1d5,
data/processed/extracted_items/ntpc_text/29148_NIT_Download.txt,18616,2aac25e92fae61fa,
data/processed/extracted_items/ntpc_text/29149_NIT_Download.txt,13876,76ec84ad1bbcd9c5,
data/processed/extracted_items/ntpc_text/29150_NIT_Download.txt,11781,d960d305ea033c18,
data/processed/extracted_items/ntpc_text/29151_NIT_Download.txt,2,75a11da44c802486,
data/processed/extracted_items/ntpc_text/29152_NIT_Download.txt,6265,d4d2c7b1726d0e35,
data/processed/extracted_items/ntpc_text/29153_NIT_Download.txt,6308,93c86872dc2a7b4a,
data/processed/extracted_items/ntpc_text/29154_NIT_Download.txt,6308,603c95209f67e547,
data/processed/extracted_items/ntpc_text/29155_NIT_Download.txt,6309,4f0e9480f6f91d2e,
data/processed/extracted_items/ntpc_text/29156_NIT_Download.txt,6305,61e3a6906bfd0ea3,
data/processed/extracted_items/ntpc_text/29157_NIT_Download.txt,3734,38b6320188041886,
data/processed/extracted_items/ntpc_text/29158_NIT_Download.txt,3359,1902a12076be6788,
data/processed/extracted_items/ntpc_text/29159_NIT_Download.txt,6056,e458eb76d212224f,
data/processed/extracted_items/ntpc_text/29160_NIT_Download.txt,16083,2e916919ffccb3d3,
data/processed/extracted_items/ntpc_text/29161_NIT_Download.txt,3044,ff98fcddc02c5411,
data/processed/extracted_items/ntpc_text/29162_NIT_Download.txt,12422,e818163de76af639,
data/processed/extracted_items/ntpc_text/29163_NIT_Download.txt,6649,1b1aea5533acb1f9,
data/processed/extracted_items/ntpc_text/29164_NIT_Download.txt,28025,d821d1f490ace0b1,
data/processed/extracted_items/ntpc_text/29165_NIT_Download.txt,17775,49183f0f9f72121f,
data/processed/extracted_items/ntpc_text/29166_NIT_Download.txt,40026,2b5528d2f3a7b072,
data/processed/extracted_items/ntpc_text/29167_NIT_Download.txt,11142,837ed24d73c93c7d,
data/processed/extracted_items/ntpc_text/29168_NIT_Download.txt,8352,dc1eaafb32b73569,
data/processed/extracted_items/ntpc_text/29169_NIT_Download.txt,21835,1023bc09876fc6b7,
data/processed/extracted_items/ntpc_text/29170_NIT_Download.txt,7660,da1490164f6a0163,
data/processed/extracted_items/ntpc_text/29170_cor_29170_1_1.txt,412,48f63ce358e21f19,
data/processed/extracted_items/ntpc_text/29171_NIT_Download.txt,28923,33a26782a14503b1,
data/processed/extracted_items/ntpc_text/29171_cor_29171_2_1.txt,29575,9579f4bfea1b0f64,
data/processed/extracted_items/ntpc_text/29172_NIT_Download.txt,19431,cfd15f8191700484,
data/processed/extracted_items/ntpc_text/29173_NIT_Download.txt,13744,191226f16812f4d1,
data/processed/extracted_items/ntpc_text/29174_NIT_Download.txt,18869,d73fa6ccd521eded,
data/processed/extracted_items/ntpc_text/29175_NIT_Download.txt,26573,9ce95f9eca0ffdfc,
data/processed/extracted_items/ntpc_text/29176_NIT_Download.txt,17994,a3dd3892cc6f400f,
data/processed/extracted_items/ntpc_text/29177_NIT_Download.txt,4,545c38b0922de197,
data/processed/extracted_items/ntpc_text/29178_NIT_Download.txt,25154,8ad674a140fa21d3,
data/processed/extracted_items/ntpc_text/29179_NIT_Download.txt,5036,818bc187e00250bc,
data/processed/extracted_items/ntpc_text/29180_NIT_Download.txt,11119,c36ce701abac64ae,
data/processed/extracted_items/ntpc_text/29181_NIT_Download.txt,4277,adb757fb046707bc,
data/processed/extracted_items/ntpc_text/29182_NIT_Download.txt,5580,78be32af7359c049,
data/processed/extracted_items/ntpc_text/29183_NIT_Download.txt,3937,6bdcca583a8c26d4,
data/processed/extracted_items/ntpc_text/29184_NIT_Download.txt,5709,f07842691e6b7369,
data/processed/extracted_items/ntpc_text/29185_NIT_Download.txt,7417,20faf92e4bcaed19,
data/processed/extracted_items/ntpc_text/29186_NIT_Download.txt,2500,d1cd4b9100609f40,
data/processed/extracted_items/ntpc_text/29187_NIT_Download.txt,31183,f4f38cf28011b4ad,
data/processed/extracted_items/ntpc_text/29188_NIT_Download.txt,31284,ea1a26e731170118,
data/processed/extracted_items/ntpc_text/29189_NIT_Download.txt,2554,37a751eb9c0e4555,
data/processed/extracted_items/ntpc_text/29190_NIT_Download.txt,33355,eefbce245a8ccc16,
data/processed/extracted_items/ntpc_text/29191_NIT_Download.txt,6,d088784b7ecb87f1,
data/processed/extracted_items/ntpc_text/29192_NIT_Download.txt,6021,f5c3810c49c2c298,
data/processed/extracted_items/ntpc_text/29193_NIT_Download.txt,3396,37b6ac629084c295,
data/processed/extracted_items/ntpc_text/29194_NIT_Download.txt,3462,23eb2cc5324d2f23,
data/processed/extracted_items/ntpc_text/29195_NIT_Download.txt,8998,88e5c7bbd6f32dfa,
data/processed/extracted_items/ntpc_text/29196_NIT_Download.txt,3779,0d6feda0b514ea09,
data/processed/extracted_items/ntpc_text/29197_NIT_Download.txt,7135,2d885addf3c7eaa7,
data/processed/extracted_items/ntpc_text/29198_NIT_Download.txt,4779,60fea9e8e23bf2ba,
data/processed/extracted_items/ntpc_text/29199_NIT_Download.txt,12659,b52d94d8e9cb9f06,
data/processed/extracted_items/ntpc_text/29200_NIT_Download.txt,3885,71a1f1908b514133,
data/processed/extracted_items/ntpc_text/29201_NIT_Download.txt,13786,6e9c83a09ca9afba,
data/processed/extracted_items/ntpc_text/29202_NIT_Download.txt,16812,12476bff98413603,
data/processed/extracted_items/ntpc_text/29203_NIT_Download.txt,2,75a11da44c802486,
data/processed/extracted_items/ntpc_text/29205_NIT_Download.txt,6112,c9478fa055b003e0,
data/processed/extracted_items/ntpc_text/29206_NIT_Download.txt,24116,827b76e778c9bb65,
data/processed/extracted_items/ntpc_text/29207_NIT_Download.txt,2,75a11da44c802486,
data/processed/extracted_items/ntpc_text/29208_NIT_Download.txt,24024,07690c6bb1ce096f,
data/processed/extracted_items/ntpc_text/29209_NIT_Download.txt,13974,46970aff8595324f,
data/processed/extracted_items/ntpc_text/29209_cor_29209_3_1.txt,13975,0bd3f392703074ab,
data/processed/extracted_items/ntpc_text/29210_NIT_Download.txt,11373,98fe21b6c2613fe8,
data/processed/extracted_items/ntpc_text/29211_NIT_Download.txt,21226,c4bfecfe0b38b6cb,
data/processed/extracted_items/ntpc_text/29212_NIT_Download.txt,29657,ccec0b1138ca9cc6,
data/processed/extracted_items/ntpc_text/29213_NIT_Download.txt,5764,23026431054da016,
data/processed/extracted_items/ntpc_text/29214_NIT_Download.txt,19383,eb03cb4d578ab77c,
data/processed/extracted_items/ntpc_text/29215_NIT_Download.txt,2,75a11da44c802486,
data/processed/extracted_items/ntpc_text/29216_NIT_Download.txt,72781,db22425b5babc098,
data/processed/extracted_items/ntpc_text/29216_cor_29216_1_1.txt,115993,12f234e349e907e9,
data/processed/extracted_items/ntpc_text/29217_NIT_Download.txt,19256,719531cbfa11cc9d,
data/processed/extracted_items/ntpc_text/29218_NIT_Download.txt,21486,651db04d6cf503fc,
data/processed/extracted_items/ntpc_text/29219_NIT_Download.txt,13824,4101194ea791fae8,
data/processed/extracted_items/ntpc_text/29220_NIT_Download.txt,46903,4d6069cc54ff0f29,
data/processed/extracted_items/ntpc_text/29220_cor_29220_1_1.txt,46903,4d6069cc54ff0f29,
data/processed/extracted_items/ntpc_text/29221_NIT_Download.txt,19802,baabb9859e233f8a,
data/processed/extracted_items/ntpc_text/29222_NIT_Download.txt,22144,0683ca05d36a1ef1,
data/processed/extracted_items/ntpc_text/29223_NIT_Download.txt,3,6a3cf5192354f716,
data/processed/extracted_items/ntpc_text/29224_NIT_Download.txt,14722,1070c8a673de2c3c,
data/processed/extracted_items/ntpc_text/29224_cor_29224_5_1.txt,44207,f97a6e6b21be2e31,
data/processed/extracted_items/ntpc_text/29225_NIT_Download.txt,19550,bcb151339974a2d8,
data/processed/extracted_items/ntpc_text/29226_NIT_Download.txt,78739,678abfe7f9a72a48,
data/processed/extracted_items/ntpc_text/29227_NIT_Download.txt,21186,cfbc2ccb6a6e64ef,
data/processed/extracted_items/ntpc_text/29228_NIT_Download.txt,21901,68c21d78ec50919f,
data/processed/extracted_items/ntpc_text/29229_Click_here_to_view_Salient_Technical_Features.txt,683,ade69c7d8a324f0c,
data/processed/extracted_items/ntpc_text/29229_NIT_Download.txt,13254,952e9ddb7c785fba,
data/processed/extracted_items/ntpc_text/29230_NIT_Download.txt,13814,5f95d3482fe1ee54,
data/processed/extracted_items/ntpc_text/29230_cor_29230_2_1.txt,13848,d4cbf4ac3b78460c,
data/processed/extracted_items/ntpc_text/29231_NIT_Download.txt,13881,7ea5f0c0de19c4e2,
data/processed/extracted_items/ntpc_text/29231_cor_29231_1_1.txt,13893,05984ca8f8afef49,
data/processed/extracted_items/ntpc_text/29232_NIT_Download.txt,2,75a11da44c802486,
data/processed/extracted_items/ntpc_text/29233_NIT_Download.txt,20515,d121c765fb9864b7,
data/processed/extracted_items/ntpc_text/29234_NIT_Download.txt,94107,1a1cdfa82769fb9a,
data/processed/extracted_items/ntpc_text/29235_Click_here_to_view_Salient_Technical_Features.txt,12214,f6b2d500775e92bf,
data/processed/extracted_items/ntpc_text/29235_NIT_Download.txt,119599,d0434ae2509ba8ba,
data/processed/extracted_items/ntpc_text/29236_NIT_Download.txt,3586,b30d6719808699b7,
data/processed/extracted_items/ntpc_text/29237_NIT_Download.txt,28435,34c5b38967d9182f,
data/processed/extracted_items/ntpc_text/29238_NIT_Download.txt,20058,b26fcc9ebeb37302,
data/processed/extracted_items/ntpc_text/29239_NIT_Download.txt,12972,c74415c66425ae8f,
data/processed/extracted_items/ntpc_text/29240_NIT_Download.txt,14942,7bfe0083f734e406,
data/processed/extracted_items/ntpc_text/29241_NIT_Download.txt,29027,945fa002926d4169,
data/processed/extracted_items/ntpc_text/29242_NIT_Download.txt,19556,6079e189d1259610,
data/processed/extracted_items/ntpc_text/29243_NIT_Download.txt,19301,14cc9dfa5ce2fa8b,
data/processed/extracted_items/ntpc_text/29244_NIT_Download.txt,18313,679dae2672701ce5,
data/processed/extracted_items/ntpc_text/29245_NIT_Download.txt,103375,2e04adbe6adffcff,
data/processed/extracted_items/ntpc_text/29246_NIT_Download.txt,21030,44248f024c41b371,
data/processed/extracted_items/ntpc_text/29247_NIT_Download.txt,44018,3f98c64a0d5ffa46,
data/processed/extracted_items/ntpc_text/29248_NIT_Download.txt,17279,05ed692cd937d728,
data/processed/extracted_items/ntpc_text/29249_NIT_Download.txt,12247,f194980168dd0a3d,
data/processed/extracted_items/ntpc_text/29250_NIT_Download.txt,24190,87a93a56647f31f7,
data/processed/extracted_items/ntpc_text/29250_cor_29250_2_1.txt,12228,23b2e87e7143f23d,
data/processed/extracted_items/ntpc_text/29251_NIT_Download.txt,28722,1491d26f8f4ad8f1,
data/processed/extracted_items/ntpc_text/29252_NIT_Download.txt,31922,29b850d63be8ceba,
data/processed/extracted_items/ntpc_text/29252_cor_29252_2_1.txt,31123,71d4926617d0cac8,
data/processed/extracted_items/ntpc_text/29253_NIT_Download.txt,40654,2d2262b8386f0949,
data/processed/extracted_items/ntpc_text/29254_NIT_Download.txt,5251,e2d3165523e8afe6,
data/processed/extracted_items/ntpc_text/29255_NIT_Download.txt,25538,7bdc27a75ae1155a,
data/processed/extracted_items/ntpc_text/29256_NIT_Download.txt,30471,559ebbf2b50bc396,
data/processed/extracted_items/ntpc_text/29257_NIT_Download.txt,7268,7b72529bcfc51221,
data/processed/extracted_items/ntpc_text/29258_NIT_Download.txt,26982,39cc7697ded80b60,
data/processed/extracted_items/ntpc_text/29260_NIT_Download.txt,11817,a42fb26331df260b,
data/processed/extracted_items/ntpc_text/29261_NIT_Download.txt,19125,e75a3aa143ec7dcc,
data/processed/extracted_items/ntpc_text/29262_NIT_Download.txt,327414,b917ed5572f2aeaa,
data/processed/extracted_items/ntpc_text/29263_NIT_Download.txt,15315,9c95fd402522a14d,
data/processed/extracted_items/ntpc_text/29264_NIT_Download.txt,50591,6b7f21854f0dab2f,
data/processed/extracted_items/ntpc_text/29265_NIT_Download.txt,49042,eebbd7afc04d9015,
data/processed/extracted_items/ntpc_text/29266_NIT_Download.txt,29224,20a227cc60648930,
data/processed/extracted_items/ntpc_text/29267_NIT_Download.txt,25806,392881e0921d81af,
data/processed/extracted_items/ntpc_text/29268_NIT_Download.txt,28964,2c2acdb7a85baf5c,
data/processed/extracted_items/ntpc_text/29269_NIT_Download.txt,16587,1a8ecc58beaebc49,
data/processed/extracted_items/ntpc_text/29270_NIT_Download.txt,4843,91c782b5fce2d8d8,
data/processed/extracted_items/ntpc_text/29271_NIT_Download.txt,4,545c38b0922de197,
data/processed/extracted_items/ntpc_text/29272_NIT_Download.txt,29898,2926db3b2e6037b4,
data/processed/extracted_items/ntpc_text/29273_NIT_Download.txt,2,75a11da44c802486,
data/processed/extracted_items/ntpc_text/29274_NIT_Download.txt,23451,57c1306261ad3cff,
data/processed/extracted_items/ntpc_text/29275_NIT_Download.txt,29722,5c57ddbc2531d9fe,
data/processed/extracted_items/ntpc_text/29276_NIT_Download.txt,18102,26efbd55eb7fdfca,
data/processed/extracted_items/ntpc_text/29276_cor_29276_1_1.txt,18086,68deea665fcbc870,
data/processed/extracted_items/ntpc_text/29277_NIT_Download.txt,0,e3b0c44298fc1c14,
data/processed/extracted_items/ntpc_text/29278_Click_here_to_view_Salient_Technical_Features.txt,1970,76bc7c85ea2f0151,
data/processed/extracted_items/ntpc_text/29278_NIT_Download.txt,20256,d7b1a1961629ffde,
data/processed/extracted_items/ntpc_text/29279_NIT_Download.txt,26574,e70d007b1e421640,
data/processed/extracted_items/ntpc_text/29280_NIT_Download.txt,227133,a6ef6ed8e02abee2,
data/processed/extracted_items/ntpc_text/29281_NIT_Download.txt,38466,54ed46cea01955c5,
data/processed/extracted_items/ntpc_text/29282_NIT_Download.txt,20880,cdde55dfeb30e609,
data/processed/extracted_items/ntpc_text/29283_NIT_Download.txt,30855,be3f7069a21e110d,
data/processed/extracted_items/ntpc_text/29284_NIT_Download.txt,21586,1db7613a11352955,
data/processed/extracted_items/ntpc_text/29285_NIT_Download.txt,21173,ce55a2412762b02a,
data/processed/extracted_items/ntpc_text/29286_NIT_Download.txt,23393,e06703c7655b2003,
data/processed/extracted_items/ntpc_text/29287_NIT_Download.txt,40083,47849af5e4825f5a,
data/processed/extracted_items/ntpc_text/29287_cor_29287_1_1.txt,5258,d73cbf80be263e13,
data/processed/extracted_items/ntpc_text/29288_NIT_Download.txt,2377,bd7dca6f63c74219,
data/processed/extracted_items/ntpc_text/29289_NIT_Download.txt,2419,0fbc8bebb54521b8,
data/processed/extracted_items/ntpc_text/29290_NIT_Download.txt,5460,c50de4102c547b14,
data/processed/extracted_items/ntpc_text/29291_NIT_Download.txt,29039,9083ddd707d8e17f,
data/processed/extracted_items/ntpc_text/29292_NIT_Download.txt,13756,feb36e5fca040fa9,
data/processed/extracted_items/ntpc_text/29293_NIT_Download.txt,56479,640095e06d5800a8,
data/processed/extracted_items/ntpc_text/29294_NIT_Download.txt,36354,a6789811a587b4b9,
data/processed/extracted_items/ntpc_text/29295_NIT_Download.txt,29856,2cc3e4534a1c3711,
data/processed/extracted_items/ntpc_text/29296_NIT_Download.txt,21006,b73baabc3a8857cf,
data/processed/extracted_items/ntpc_text/29297_NIT_Download.txt,4973,e4083d79822e8a34,
data/processed/extracted_items/ntpc_text/29298_NIT_Download.txt,5139,34e6f010f4b02853,
data/processed/extracted_items/ntpc_text/29299_NIT_Download.txt,3103,df9d50605ab941c0,
data/processed/extracted_items/ntpc_text/29300_NIT_Download.txt,28373,d70824f430225b57,
data/processed/extracted_items/ntpc_text/29301_NIT_Download.txt,13742,716f2eff50ddbfb6,
data/processed/extracted_items/ntpc_text/29302_NIT_Download.txt,7179,2b39f4b2a2bdd3b2,
data/processed/extracted_items/ntpc_text/29303_NIT_Download.txt,29367,1068131250164cdd,
data/processed/extracted_items/ntpc_text/29304_NIT_Download.txt,20806,2d3e72bfa8231841,
data/processed/extracted_items/ntpc_text/29305_NIT_Download.txt,19455,83b7abcb13b7c7ae,
data/processed/extracted_items/ntpc_text/29306_NIT_Download.txt,3684,45a4f7872fb9e5be,
data/processed/extracted_items/ntpc_text/29307_NIT_Download.txt,11172,14f4ba558ebccc74,
data/processed/extracted_items/ntpc_text/29308_NIT_Download.txt,8072,336cd87c7fa61501,
data/processed/extracted_items/ntpc_text/29308_cor_29308_2_1.txt,8670,87009d176c60eb38,
data/processed/extracted_items/ntpc_text/29309_NIT_Download.txt,6411,10e62409e1cf875a,
data/processed/extracted_items/ntpc_text/29310_NIT_Download.txt,6434,dc1dd38db56b896e,
data/processed/extracted_items/ntpc_text/29311_NIT_Download.txt,23683,a44fd959ba94dc61,
data/processed/extracted_items/ntpc_text/29312_NIT_Download.txt,22826,e896f847054986d6,
data/processed/extracted_items/ntpc_text/29313_NIT_Download.txt,40179,84cf4bca0e5a6e98,
data/processed/extracted_items/ntpc_text/29314_NIT_Download.txt,28332,0abef61efe814f0f,
data/processed/extracted_items/ntpc_text/29315_NIT_Download.txt,44318,861f55b239986e13,
data/processed/extracted_items/ntpc_text/29315_cor_29315_1_1.txt,429,da5dead6c2e12b40,
data/processed/extracted_items/ntpc_text/29316_NIT_Download.txt,5762,6e63411e768a8f11,
data/processed/extracted_items/ntpc_text/29317_NIT_Download.txt,5807,ced4dabae5082e66,
data/processed/extracted_items/ntpc_text/29318_NIT_Download.txt,19552,e8f60a44174e19ec,
data/processed/extracted_items/ntpc_text/29319_Click_here_to_view_Salient_Technical_Features.txt,4535,16cc025881b0769f,
data/processed/extracted_items/ntpc_text/29319_NIT_Download.txt,1532,02f6f28a4e3c671e,
data/processed/extracted_items/ntpc_text/29319_cor_29319_4_1.txt,47502,da689b6ad6037725,
data/processed/extracted_items/ntpc_text/29320_Click_here_to_view_Salient_Technical_Features.txt,2194,de49b5fcf101f8b2,
data/processed/extracted_items/ntpc_text/29320_NIT_Download.txt,48211,0a1c2f5ef374ccb3,
data/processed/extracted_items/ntpc_text/29320_cor_29320_2_1.txt,16875,41f9911d8c93019b,
data/processed/extracted_items/ntpc_text/29321_NIT_Download.txt,15286,91023373083c80ea,
data/processed/extracted_items/ntpc_text/29321_cor_29321_1_1.txt,15286,4d4611b1bd31ab89,
data/processed/extracted_items/ntpc_text/29322_NIT_Download.txt,5758,b7b232d89c0ed2cd,
data/processed/extracted_items/ntpc_text/29322_cor_29322_3_1.txt,87840,df65fbf6d78f6c98,
data/processed/extracted_items/ntpc_text/29323_NIT_Download.txt,14272,7e99af662c97cf38,
data/processed/extracted_items/ntpc_text/29324_NIT_Download.txt,11215,c0e8313e855673d7,
data/processed/extracted_items/ntpc_text/29325_NIT_Download.txt,29797,a2b4a0aa77fa1bfc,
data/processed/extracted_items/ntpc_text/29326_NIT_Download.txt,25123,baaa9f154fb5fb90,
data/processed/extracted_items/ntpc_text/29327_NIT_Download.txt,17223,2f1abb6638a3203a,
data/processed/extracted_items/ntpc_text/29328_NIT_Download.txt,25239,a99c7bb8dbe5aefa,
data/processed/extracted_items/ntpc_text/29329_cor_29329_1_1.txt,362,6b51eee89d3d86a7,
data/processed/extracted_items/ntpc_text/29330_NIT_Download.txt,21294,149ea842f01cb6b3,
data/processed/extracted_items/ntpc_text/29331_NIT_Download.txt,15155,cc0b32ddd4ea5137,
data/processed/extracted_items/ntpc_text/29331_cor_29331_1_1.txt,15155,25a27c3a27a14ba1,
data/processed/extracted_items/ntpc_text/29332_NIT_Download.txt,57902,b987678160f078d2,
data/processed/extracted_items/ntpc_text/29333_NIT_Download.txt,14951,688a5fb94388fd0b,
data/processed/extracted_items/ntpc_text/29333_cor_29333_1_1.txt,14951,d86b1a266dc4d689,
data/processed/extracted_items/ntpc_text/29334_NIT_Download.txt,18316,a52435e0341015d1,
data/processed/extracted_items/ntpc_text/29335_NIT_Download.txt,28324,043ffb2073e8cbc6,
data/processed/extracted_items/ntpc_text/29336_NIT_Download.txt,5031,371daa7c0ac47dca,
data/processed/extracted_items/ntpc_text/29336_cor_29336_1_1.txt,5031,371daa7c0ac47dca,
data/processed/extracted_items/ntpc_text/29337_NIT_Download.txt,16376,8efcebce84815a75,
data/processed/extracted_items/ntpc_text/29337_cor_29337_1_1.txt,368,2cc5b74131bd58aa,
data/processed/extracted_items/ntpc_text/29338_NIT_Download.txt,32713,6815348b8a322cc9,
data/processed/extracted_items/ntpc_text/29339_NIT_Download.txt,4218,ba99b12acfe0c305,
data/processed/extracted_items/ntpc_text/29340_NIT_Download.txt,17436,4784dfbfd7145617,
data/processed/extracted_items/ntpc_text/29341_NIT_Download.txt,23321,deff6d9fc7f6d2ea,
data/processed/extracted_items/ntpc_text/29342_NIT_Download.txt,20090,acd235a929b5b5c8,
data/processed/extracted_items/ntpc_text/29343_NIT_Download.txt,20340,d638d024ec42afc0,
data/processed/extracted_items/ntpc_text/29344_NIT_Download.txt,5299,acc3af3580eb9076,
data/processed/extracted_items/ntpc_text/29345_NIT_Download.txt,31091,2ecec74871db5c8b,
data/processed/extracted_items/ntpc_text/29346_NIT_Download.txt,11247,4f1c5146f4559f61,
data/processed/extracted_items/ntpc_text/29347_NIT_Download.txt,17773,f6d5cd089b34cdcd,
data/processed/extracted_items/ntpc_text/29348_NIT_Download.txt,21023,85f3bf3b72d3d8ea,
data/processed/extracted_items/ntpc_text/29349_NIT_Download.txt,19910,6f66045f11f42a25,
data/processed/extracted_items/ntpc_text/29350_NIT_Download.txt,4058,04257f6648f57be1,
data/processed/extracted_items/ntpc_text/29351_NIT_Download.txt,51851,2c49e127d1e4510b,
data/processed/extracted_items/ntpc_text/29352_NIT_Download.txt,17015,333a1fd57a7215e1,
data/processed/extracted_items/ntpc_text/29353_NIT_Download.txt,26898,4cc5a16fbc935ae5,
data/processed/extracted_items/ntpc_text/29354_NIT_Download.txt,47749,9e14d572fa24aa54,
data/processed/extracted_items/ntpc_text/29355_NIT_Download.txt,22650,9f2f08c287ab0a3c,
data/processed/extracted_items/ntpc_text/29356_NIT_Download.txt,18526,bd826cade008156d,
data/processed/extracted_items/ntpc_text/29357_NIT_Download.txt,14194,a576a1e4510ae435,
data/processed/extracted_items/ntpc_text/29358_NIT_Download.txt,23097,22854fa48c4577f0,
data/processed/extracted_items/ntpc_text/29358_cor_29358_6_1.txt,29366,07e2e0ae712c00fc,
data/processed/extracted_items/ntpc_text/29359_NIT_Download.txt,18185,7cccadd59864bfdc,
data/processed/extracted_items/ntpc_text/29360_NIT_Download.txt,1,01ba4719c80b6fe9,
data/processed/extracted_items/ntpc_text/29361_NIT_Download.txt,6433,990eb364993b24e9,
data/processed/extracted_items/ntpc_text/29362_NIT_Download.txt,42357,cf86746b07d27df6,
data/processed/extracted_items/ntpc_text/29362_cor_29362_1_1.txt,7464,2eb6ba8189a90e2e,
data/processed/extracted_items/ntpc_text/29363_NIT_Download.txt,6280,22157acb5756b0e1,
data/processed/extracted_items/ntpc_text/29363_cor_29363_1_1.txt,1205,e141bb50c4a5c175,
data/processed/extracted_items/ntpc_text/29364_NIT_Download.txt,6061,71e49e9c8dcda3be,
data/processed/extracted_items/ntpc_text/29366_NIT_Download.txt,37239,a2e49a02fc37d2a6,
data/processed/extracted_items/ntpc_text/29366_cor_29366_2_1.txt,11849,c6b74654c7ffb3ce,
data/processed/extracted_items/ntpc_text/29367_NIT_Download.txt,44718,c7369c597a372747,
data/processed/extracted_items/ntpc_text/29367_cor_29367_3_1.txt,25170,3e7fdc12ef2b3596,
data/processed/extracted_items/ntpc_text/29368_NIT_Download.txt,3931,d2d94b5015032f1b,
data/processed/extracted_items/ntpc_text/29369_NIT_Download.txt,15449,44d82c1fb649b389,
data/processed/extracted_items/ntpc_text/29369_cor_29369_1_1.txt,378,2468cb57d6af1f53,
data/processed/extracted_items/ntpc_text/29370_NIT_Download.txt,5670,c3ee0e3690fab2a1,
data/processed/extracted_items/ntpc_text/29371_NIT_Download.txt,23551,34e467ae4614ea14,
data/processed/extracted_items/ntpc_text/29372_NIT_Download.txt,61585,4cd59c0cab22343b,
data/processed/extracted_items/ntpc_text/29373_NIT_Download.txt,22354,8df362c590e8e3f7,
data/processed/extracted_items/ntpc_text/29374_NIT_Download.txt,31897,a8702cc84fda596b,
data/processed/extracted_items/ntpc_text/29375_NIT_Download.txt,23089,c1af6c738eb8015c,
data/processed/extracted_items/ntpc_text/29376_NIT_Download.txt,18360,264aeccf65e89795,
data/processed/extracted_items/ntpc_text/29377_NIT_Download.txt,29095,5af36c9bde804040,
data/processed/extracted_items/ntpc_text/29378_NIT_Download.txt,11863,77502a9d200f829e,
data/processed/extracted_items/ntpc_text/29379_NIT_Download.txt,11052,87001706a0048a8a,
data/processed/extracted_items/ntpc_text/29380_NIT_Download.txt,2,75a11da44c802486,
data/processed/extracted_items/ntpc_text/29381_NIT_Download.txt,27542,2b987430b44d2f73,
data/processed/extracted_items/ntpc_text/29382_NIT_Download.txt,19566,599d3e228a3c08ba,
data/processed/extracted_items/ntpc_text/29383_NIT_Download.txt,3915,bff3bd693945302f,
data/processed/extracted_items/ntpc_text/29384_NIT_Download.txt,19595,a0c7290a6791b6ef,
data/processed/extracted_items/ntpc_text/29385_NIT_Download.txt,13256,a83b2afddc8663a3,
data/processed/extracted_items/ntpc_text/29386_NIT_Download.txt,11553,8fb11590de046125,
data/processed/extracted_items/ntpc_text/29387_NIT_Download.txt,19557,a7f59a52093cb28a,
data/processed/extracted_items/ntpc_text/29388_NIT_Download.txt,7200,08f2cb44eaaf3d4e,
data/processed/extracted_items/ntpc_text/29388_cor_29388_1_1.txt,3,6a3cf5192354f716,
data/processed/extracted_items/ntpc_text/29389_NIT_Download.txt,38209,9d5e6bf180341feb,
data/processed/extracted_items/ntpc_text/29390_NIT_Download.txt,54350,9b70af3538e38669,
data/processed/extracted_items/ntpc_text/29391_NIT_Download.txt,9410,35a0325a29411049,
data/processed/extracted_items/ntpc_text/29392_NIT_Download.txt,23333,f9131a04e40ec5ae,
data/processed/extracted_items/ntpc_text/29393_NIT_Download.txt,5712,955f7cb8dd7ac355,
data/processed/extracted_items/ntpc_text/29393_cor_29393_1_1.txt,32541,d784b46195da404b,
data/processed/extracted_items/ntpc_text/29394_NIT_Download.txt,5004,a7dfd7d978f57e0d,
data/processed/extracted_items/ntpc_text/29395_NIT_Download.txt,11062,7362d1f6660f7536,
data/processed/extracted_items/ntpc_text/29396_NIT_Download.txt,10929,4c5c647d6b64b988,
data/processed/extracted_items/ntpc_text/29397_NIT_Download.txt,5030,05ece90ba803048e,
data/processed/extracted_items/ntpc_text/29398_NIT_Download.txt,11052,457edd50d3388f4e,
data/processed/extracted_items/ntpc_text/29399_NIT_Download.txt,3,6a3cf5192354f716,
data/processed/extracted_items/ntpc_text/29400_NIT_Download.txt,10869,81231ddbce9439da,
data/processed/extracted_items/ntpc_text/29401_NIT_Download.txt,4815,36db68e78c9150b6,
data/processed/extracted_items/ntpc_text/29402_NIT_Download.txt,10973,2f00decfb280f26d,
data/processed/extracted_items/ntpc_text/29403_NIT_Download.txt,3578,61181a29e7f7354a,
data/processed/extracted_items/ntpc_text/29404_NIT_Download.txt,6064,0c1f305a14a1734a,
data/processed/extracted_items/ntpc_text/29405_NIT_Download.txt,7873,7c067e8c26c03a02,
data/processed/extracted_items/ntpc_text/29406_NIT_Download.txt,7135,2d885addf3c7eaa7,
data/processed/extracted_items/ntpc_text/29407_NIT_Download.txt,3396,37b6ac629084c295,
data/processed/extracted_items/ntpc_text/29408_NIT_Download.txt,2554,37a751eb9c0e4555,
data/processed/extracted_items/ntpc_text/29409_NIT_Download.txt,7417,20faf92e4bcaed19,
data/processed/extracted_items/ntpc_text/29410_NIT_Download.txt,3779,0d6feda0b514ea09,
data/processed/extracted_items/ntpc_text/29411_NIT_Download.txt,6,d088784b7ecb87f1,
data/processed/extracted_items/ntpc_text/29412_NIT_Download.txt,31183,f4f38cf28011b4ad,
data/processed/extracted_items/ntpc_text/29412_cor_29412_1_1.txt,45,892f74feb9a3dd3c,
data/processed/extracted_items/ntpc_text/29413_NIT_Download.txt,33355,eefbce245a8ccc16,
data/processed/extracted_items/ntpc_text/29413_cor_29413_1_1.txt,45,892f74feb9a3dd3c,
data/processed/extracted_items/ntpc_text/29414_NIT_Download.txt,4277,adb757fb046707bc,
data/processed/extracted_items/ntpc_text/29415_NIT_Download.txt,22405,e99f51732551cd51,
data/processed/extracted_items/ntpc_text/29416_NIT_Download.txt,14743,b70954d72af166cb,
data/processed/extracted_items/ntpc_text/29417_NIT_Download.txt,14076,af49447def7a624f,
data/processed/extracted_items/ntpc_text/29418_NIT_Download.txt,2820,dea13584bc8ef4f4,
data/processed/extracted_items/ntpc_text/29419_NIT_Download.txt,3885,71a1f1908b514133,
data/processed/extracted_items/ntpc_text/29420_NIT_Download.txt,6127,ab2dfea2d0b623ec,
data/processed/extracted_items/ntpc_text/29421_NIT_Download.txt,10580,a4d551b6956d0140,
data/processed/extracted_items/ntpc_text/29422_NIT_Download.txt,6413,d8c0a41cc35d7c3d,
data/processed/extracted_items/ntpc_text/29423_NIT_Download.txt,5036,818bc187e00250bc,
data/processed/extracted_items/ntpc_text/29424_NIT_Download.txt,31284,ea1a26e731170118,
data/processed/extracted_items/ntpc_text/29424_cor_29424_1_1.txt,45,892f74feb9a3dd3c,
data/processed/extracted_items/ntpc_text/29425_NIT_Download.txt,49411,239fe020c746faf9,
data/processed/extracted_items/ntpc_text/29426_NIT_Download.txt,9064,769ed752eaad82df,
data/processed/extracted_items/ntpc_text/29427_Click_here_to_view_Salient_Technical_Features.txt,931,c98c35b71d944b07,
data/processed/extracted_items/ntpc_text/29427_NIT_Download.txt,34646,8d1b09c887e67ba1,
data/processed/extracted_items/ntpc_text/29427_cor_29427_4_1.txt,1655,68eefb1c58a1c9e9,
data/processed/extracted_items/ntpc_text/29428_NIT_Download.txt,1,01ba4719c80b6fe9,
data/processed/extracted_items/ntpc_text/29429_NIT_Download.txt,2,75a11da44c802486,
data/processed/extracted_items/ntpc_text/29430_NIT_Download.txt,23152,46b79bd79034706e,
data/processed/extracted_items/ntpc_text/29431_NIT_Download.txt,8207,76ac1ae8701378e9,
data/processed/extracted_items/ntpc_text/29432_NIT_Download.txt,13749,a115d59fa557919a,
data/processed/extracted_items/ntpc_text/29433_NIT_Download.txt,4,545c38b0922de197,
data/processed/extracted_items/ntpc_text/29434_NIT_Download.txt,4,545c38b0922de197,
data/processed/extracted_items/ntpc_text/29435_NIT_Download.txt,32966,f1fa6896ebaeb7e5,
data/processed/extracted_items/ntpc_text/29436_NIT_Download.txt,3873,46e635e25ea8a30a,
data/processed/extracted_items/ntpc_text/29437_NIT_Download.txt,4342,98b8cf9a6a857b95,
data/processed/extracted_items/ntpc_text/29438_NIT_Download.txt,25140,00a45fb5044af174,
data/processed/extracted_items/ntpc_text/29439_NIT_Download.txt,2,75a11da44c802486,
data/processed/extracted_items/ntpc_text/29440_NIT_Download.txt,14253,52dde26070f553f0,
data/processed/extracted_items/ntpc_text/29441_Click_here_to_view_Salient_Technical_Features.txt,2862,07b3d217257a6764,
data/processed/extracted_items/ntpc_text/29441_NIT_Download.txt,33592,354a445dd97bd4c5,
data/processed/extracted_items/ntpc_text/29442_NIT_Download.txt,23389,c19bf1562bbb1d68,
data/processed/extracted_items/ntpc_text/29443_NIT_Download.txt,25292,eeddf4c049079f8f,
data/processed/extracted_items/ntpc_text/29443_cor_29443_1_1.txt,29694,d71f2fb4152789cf,
data/processed/extracted_items/ntpc_text/29444_NIT_Download.txt,3909,56548ae96d29ea0e,
data/processed/extracted_items/ntpc_text/29445_NIT_Download.txt,9394,ed1d3c6c7fc60048,
data/processed/extracted_items/ntpc_text/29446_NIT_Download.txt,85551,f3cbf275fd4ef32b,
data/processed/extracted_items/ntpc_text/29447_NIT_Download.txt,23704,ed307102e82be635,
data/processed/extracted_items/ntpc_text/29448_NIT_Download.txt,29743,4dc9ddb96bb5e10d,
data/processed/extracted_items/ntpc_text/29449_NIT_Download.txt,54035,6aa472137855233b,
data/processed/extracted_items/ntpc_text/29450_NIT_Download.txt,16019,626e5b8b176e8567,
data/processed/extracted_items/ntpc_text/29451_NIT_Download.txt,19073,05138b91e008c762,
data/processed/extracted_items/ntpc_text/29452_NIT_Download.txt,18520,748d34d23fb5136e,
data/processed/extracted_items/ntpc_text/29453_NIT_Download.txt,3816,542e25920a2b58b0,
data/processed/extracted_items/ntpc_text/29454_NIT_Download.txt,6073,39b75a320330c341,
data/processed/extracted_items/ntpc_text/29455_NIT_Download.txt,31003,e5f1988522a9a4a9,
data/processed/extracted_items/ntpc_text/29455_cor_29455_1_1.txt,6211,2187f9206a0a62bc,
data/processed/extracted_items/ntpc_text/29456_NIT_Download.txt,31278,4885fe49f0971082,
data/processed/extracted_items/ntpc_text/29457_NIT_Download.txt,3654,911b2f266a8ca1ca,
data/processed/extracted_items/ntpc_text/29457_cor_29457_1_1.txt,2079,991878f87cae63c2,
data/processed/extracted_items/ntpc_text/29458_NIT_Download.txt,4870,643d1ccfa05fdd96,
data/processed/extracted_items/ntpc_text/29458_cor_29458_1_1.txt,919,3b77e41c5c1fadb2,
data/processed/extracted_items/ntpc_text/29459_NIT_Download.txt,5169,bc9f8109c4946e2b,
data/processed/extracted_items/ntpc_text/29460_NIT_Download.txt,21486,6b8168b784be375a,
data/processed/extracted_items/ntpc_text/29461_NIT_Download.txt,14443,5e72af4ee6cb962a,
data/processed/extracted_items/ntpc_text/29462_NIT_Download.txt,14625,fd2e5b1e291f821d,
data/processed/extracted_items/ntpc_text/29463_NIT_Download.txt,24978,59f29f811f3a8e09,
data/processed/extracted_items/ntpc_text/29464_Click_here_to_view_Salient_Technical_Features.txt,5046,25c65ae477a25597,
data/processed/extracted_items/ntpc_text/29464_NIT_Download.txt,58627,41a65c218c55bb05,
data/processed/extracted_items/ntpc_text/29464_cor_29464_4_1.txt,4463,566ba9f63a0bdebc,
data/processed/extracted_items/ntpc_text/29465_NIT_Download.txt,24797,d0b8496252084a2b,
data/processed/extracted_items/ntpc_text/29466_Click_here_to_view_Salient_Technical_Features.txt,5053,66b04f42e5ae2cd4,
data/processed/extracted_items/ntpc_text/29466_NIT_Download.txt,5001,827a0fa9cce575ec,
data/processed/extracted_items/ntpc_text/29466_cor_29466_11_1.txt,69495,aa3ddd3cba200785,
data/processed/extracted_items/ntpc_text/29467_NIT_Download.txt,35060,ade2690ba91694e6,
data/processed/extracted_items/ntpc_text/29468_NIT_Download.txt,21431,e1fde21d20dacbec,
data/processed/extracted_items/ntpc_text/29469_NIT_Download.txt,5648,d8bd513db8ee223d,
data/processed/extracted_items/ntpc_text/29470_NIT_Download.txt,18654,dca6e8d57e97d703,
data/processed/extracted_items/ntpc_text/29471_NIT_Download.txt,2960,949898bdabe3d388,
data/processed/extracted_items/ntpc_text/29472_NIT_Download.txt,9524,64d5d1314d01d7e6,
data/processed/extracted_items/ntpc_text/29472_cor_29472_1_1.txt,9522,645d9316eca81f11,
data/processed/extracted_items/ntpc_text/29473_NIT_Download.txt,23909,97da46cbab6eadfa,
data/processed/extracted_items/ntpc_text/29474_NIT_Download.txt,46380,edd1847c79249ca9,
data/processed/extracted_items/ntpc_text/29475_NIT_Download.txt,22887,2fff991a45538785,
data/processed/extracted_items/ntpc_text/29476_NIT_Download.txt,5174,602a7fb1809018f2,
data/processed/extracted_items/ntpc_text/29477_NIT_Download.txt,23416,b2fd2511faaf8e82,
data/processed/extracted_items/ntpc_text/29478_NIT_Download.txt,13973,6487b2ce399150fa,
data/processed/extracted_items/ntpc_text/29479_NIT_Download.txt,73106,355d092feaf03c17,
data/processed/extracted_items/ntpc_text/29480_NIT_Download.txt,19474,7be368063863de36,
data/processed/extracted_items/ntpc_text/29481_NIT_Download.txt,5982,ef750acd926af848,
data/processed/extracted_items/ntpc_text/29482_NIT_Download.txt,4292,dc091493e905dd84,
data/processed/extracted_items/ntpc_text/29483_NIT_Download.txt,21262,c379393e58a9f1ae,
data/processed/extracted_items/ntpc_text/29484_NIT_Download.txt,4602,46b577a6f2ae45ca,
data/processed/extracted_items/ntpc_text/29485_NIT_Download.txt,19882,857d977421cf8a28,
data/processed/extracted_items/ntpc_text/29486_NIT_Download.txt,1551,c44030f6d546c1fc,
data/processed/extracted_items/ntpc_text/29487_NIT_Download.txt,19917,7ef8029fa8c55a13,
data/processed/extracted_items/ntpc_text/29488_Click_here_to_view_Salient_Technical_Features.txt,4033,90439a9a12946bac,
data/processed/extracted_items/ntpc_text/29488_NIT_Download.txt,1476,b38e1b44a2a43e0a,
data/processed/extracted_items/ntpc_text/29488_cor_29488_1_1.txt,16707,d902a9824d274586,
data/processed/extracted_items/ntpc_text/29489_NIT_Download.txt,18460,95b13dfa98c8e4e2,
data/processed/extracted_items/ntpc_text/29490_NIT_Download.txt,21655,4c4330cbc636ddeb,
data/processed/extracted_items/ntpc_text/29491_NIT_Download.txt,21336,c8f10ddc73a175df,
data/processed/extracted_items/ntpc_text/29492_NIT_Download.txt,22046,32161b361e3c9b86,
data/processed/extracted_items/ntpc_text/29493_NIT_Download.txt,26853,7e9b639a0c073ec6,
data/processed/extracted_items/ntpc_text/29494_NIT_Download.txt,28160,18d70413d076eb5c,
data/processed/extracted_items/ntpc_text/29495_NIT_Download.txt,13465,106b7202007dda41,
data/processed/extracted_items/ntpc_text/29496_NIT_Download.txt,2607,1cf64a6ba81c9a25,
data/processed/extracted_items/ntpc_text/29497_NIT_Download.txt,19497,023cf5fd4c4874f8,
data/processed/extracted_items/ntpc_text/29498_NIT_Download.txt,25977,5a1e2a0de9e9ab47,
data/processed/extracted_items/ntpc_text/29499_NIT_Download.txt,20782,fed3b895ec849309,
data/processed/extracted_items/ntpc_text/29500_NIT_Download.txt,31287,b7a06d636b01982c,
data/processed/extracted_items/ntpc_text/29501_NIT_Download.txt,252789,99d4a3662d34e35b,
data/processed/extracted_items/ntpc_text/29502_NIT_Download.txt,29700,bf17c5b69d3fbbf2,
data/processed/extracted_items/ntpc_text/29503_NIT_Download.txt,22834,678b0842592285f6,
data/processed/extracted_items/ntpc_text/29503_cor_29503_2_1.txt,11794,a26212f079e1562c,
data/processed/extracted_items/ntpc_text/29504_NIT_Download.txt,24820,caf9666ca02a53c6,
data/processed/extracted_items/ntpc_text/29505_NIT_Download.txt,5798,bd20cb34ec2079bc,
data/processed/extracted_items/ntpc_text/29506_NIT_Download.txt,30496,866019ed09e27e26,
data/processed/extracted_items/ntpc_text/29507_NIT_Download.txt,31544,55fa801d80278fbf,
data/processed/extracted_items/ntpc_text/29508_NIT_Download.txt,31393,5790d9d7876bb021,
data/processed/extracted_items/ntpc_text/29509_NIT_Download.txt,54836,d456e3a50dad08dc,
data/processed/extracted_items/ntpc_text/29510_NIT_Download.txt,21256,87039e326923b636,
data/processed/extracted_items/ntpc_text/29511_NIT_Download.txt,21789,074286e9b848d9b3,
data/processed/extracted_items/ntpc_text/29512_NIT_Download.txt,24592,f7b7dce0ba2b2b3c,
data/processed/extracted_items/ntpc_text/29513_NIT_Download.txt,23940,62c7b2b9a62d073b,
data/processed/extracted_items/ntpc_text/29514_NIT_Download.txt,30334,2a92f4bff6032b23,
data/processed/extracted_items/ntpc_text/29515_NIT_Download.txt,23266,4831baefd6ef1313,
data/processed/extracted_items/ntpc_text/29516_NIT_Download.txt,7036,b7353e55f458ea15,
data/processed/extracted_items/ntpc_text/29517_NIT_Download.txt,4660,4d243cfe0ed6476f,
data/processed/extracted_items/ntpc_text/29518_NIT_Download.txt,21959,9270e163a6069029,
data/processed/extracted_items/ntpc_text/29519_NIT_Download.txt,35636,4c8ad68999618649,
data/processed/extracted_items/ntpc_text/29520_NIT_Download.txt,5559,63971bf3c0bc5cac,
data/processed/extracted_items/ntpc_text/29521_NIT_Download.txt,25669,fe077e506c84fc4b,
data/processed/extracted_items/ntpc_text/29522_NIT_Download.txt,21913,fff2d4b437e43d59,
data/processed/extracted_items/ntpc_text/29523_NIT_Download.txt,18686,37c8fb6d5d8e7d66,
data/processed/extracted_items/ntpc_text/29524_NIT_Download.txt,24137,8e39d0ab5f67b20c,
data/processed/extracted_items/ntpc_text/29525_NIT_Download.txt,22398,8bb04dc813861d37,
data/processed/extracted_items/ntpc_text/29526_NIT_Download.txt,23823,d97e26f8dca0fd16,
data/processed/extracted_items/ntpc_text/29527_NIT_Download.txt,23536,d7f4a273f3e881c8,
data/processed/extracted_items/ntpc_text/29528_NIT_Download.txt,20551,5c329a990d6e4ec9,
data/processed/extracted_items/ntpc_text/29529_NIT_Download.txt,22405,9f373ee463fe574f,
data/processed/extracted_items/ntpc_text/29530_NIT_Download.txt,6185,eb5143314342acb7,
data/processed/extracted_items/ntpc_text/29531_NIT_Download.txt,4793,8f210c9826043342,
data/processed/extracted_items/ntpc_text/29532_NIT_Download.txt,24163,7671dde802edec14,
data/processed/extracted_items/ntpc_text/29533_NIT_Download.txt,24904,19955039d0be6714,
data/processed/extracted_items/ntpc_text/29534_NIT_Download.txt,19915,da6b19d9c37ddee6,
data/processed/extracted_items/ntpc_text/29535_NIT_Download.txt,6353,f68b8a0af1f30def,
data/processed/extracted_items/ntpc_text/29535_cor_29535_4_1.txt,366,65edec9698a152f1,
data/processed/extracted_items/ntpc_text/29536_NIT_Download.txt,14142,921be834bc5fc24d,
data/processed/extracted_items/ntpc_text/29537_NIT_Download.txt,7954,46c8b2a64f24b4d6,
data/processed/extracted_items/ntpc_text/29538_NIT_Download.txt,2,75a11da44c802486,
data/processed/extracted_items/ntpc_text/29539_NIT_Download.txt,3396,37b6ac629084c295,
data/processed/extracted_items/ntpc_text/29540_NIT_Download.txt,3421,852ac64a205db11d,
data/processed/extracted_items/ntpc_text/29541_NIT_Download.txt,7135,2d885addf3c7eaa7,
data/processed/extracted_items/ntpc_text/29542_NIT_Download.txt,3040,1697a5aa8972eb9a,
data/processed/extracted_items/ntpc_text/29543_NIT_Download.txt,6064,0c1f305a14a1734a,
data/processed/extracted_items/ntpc_text/29544_NIT_Download.txt,2731,466018b393e53673,
data/processed/extracted_items/ntpc_text/29545_NIT_Download.txt,2617,be006a231b494b1c,
data/processed/extracted_items/ntpc_text/29546_NIT_Download.txt,31180,91ad570fbde48959,
data/processed/extracted_items/ntpc_text/29547_NIT_Download.txt,31281,4de2d4dbb6c00c18,
data/processed/extracted_items/ntpc_text/29548_NIT_Download.txt,33352,314dc4cb0962acd0,
data/processed/extracted_items/ntpc_text/29549_NIT_Download.txt,2528,3c73ca432d817ce8,
data/processed/extracted_items/ntpc_text/29550_NIT_Download.txt,19967,d2c3f78c41d77ff4,
data/processed/extracted_items/ntpc_text/29551_NIT_Download.txt,19966,3beca145026cd9a9,
data/processed/extracted_items/ntpc_text/29552_NIT_Download.txt,17922,3b1a9f339e6c2380,
data/processed/extracted_items/ntpc_text/29553_NIT_Download.txt,9880,62083a5604d03ea8,
data/processed/extracted_items/ntpc_text/29554_NIT_Download.txt,3134,291087f57e8cc26f,
data/processed/extracted_items/ntpc_text/29555_NIT_Download.txt,3034,a67bce1b4e504e59,
data/processed/extracted_items/ntpc_text/29556_NIT_Download.txt,2872,ebdec1ef9655f616,
data/processed/extracted_items/ntpc_text/29557_NIT_Download.txt,2911,00e87c064eb0b8ae,
data/processed/extracted_items/ntpc_text/29558_NIT_Download.txt,18054,9b284ee5e7a858ad,
data/processed/extracted_items/ntpc_text/29559_NIT_Download.txt,9213,27c8e3fd85642300,
data/processed/extracted_items/ntpc_text/29560_NIT_Download.txt,9195,039620f3d9d590b1,
data/processed/extracted_items/ntpc_text/29561_NIT_Download.txt,13843,6bac2e6bf23780da,
data/processed/extracted_items/ntpc_text/29562_NIT_Download.txt,13249,7502041c71d9c9bf,
data/processed/extracted_items/ntpc_text/29563_NIT_Download.txt,5295,bfb1851544873864,
data/processed/extracted_items/ntpc_text/29564_NIT_Download.txt,19671,14e21b8f98c84d3a,
data/processed/extracted_items/ntpc_text/29565_NIT_Download.txt,18910,251a96ab46a9406e,
data/processed/extracted_items/ntpc_text/29566_NIT_Download.txt,2,75a11da44c802486,
data/processed/extracted_items/ntpc_text/29567_NIT_Download.txt,5197,e8dbf566b34c530c,
data/processed/extracted_items/ntpc_text/29568_NIT_Download.txt,26102,1f8b9ca6c7a2021b,
data/processed/extracted_items/ntpc_text/29568_cor_29568_1_1.txt,5174,47c43764423fa768,
data/processed/extracted_items/ntpc_text/29569_NIT_Download.txt,25300,a88ba0cb9f733f40,
data/processed/extracted_items/ntpc_text/29570_NIT_Download.txt,21790,3284c802abc7d409,
data/processed/extracted_items/ntpc_text/29571_NIT_Download.txt,6184,672ad03e421d29a6,
data/processed/extracted_items/ntpc_text/29572_NIT_Download.txt,20161,44350f676f686d6c,
data/processed/extracted_items/ntpc_text/29573_NIT_Download.txt,14701,8d03cb5ec7299acd,
data/processed/extracted_items/ntpc_text/29574_NIT_Download.txt,19886,2a8c5ddd7ed65e80,
data/processed/extracted_items/ntpc_text/29574_cor_29574_1_1.txt,5105,43f1e67c238ded2c,
data/processed/extracted_items/ntpc_text/29575_NIT_Download.txt,1753,51069f7f99d39dd6,
data/processed/extracted_items/ntpc_text/29576_NIT_Download.txt,19748,fea842ab42d22710,
data/processed/extracted_items/ntpc_text/29577_NIT_Download.txt,19754,5b91ba007b48bb39,
data/processed/extracted_items/ntpc_text/29578_NIT_Download.txt,21452,34c45d623104130d,
data/processed/extracted_items/ntpc_text/29579_NIT_Download.txt,24116,8dc0848b04020558,
data/processed/extracted_items/ntpc_text/29580_NIT_Download.txt,14491,b40dcbafb8897c27,
data/processed/extracted_items/ntpc_text/29581_NIT_Download.txt,13399,6f388307513e53e2,
data/processed/extracted_items/ntpc_text/29582_NIT_Download.txt,19579,dc56252a1fbbc3f0,
data/processed/extracted_items/ntpc_text/29583_NIT_Download.txt,3,6a3cf5192354f716,
data/processed/extracted_items/ntpc_text/29584_NIT_Download.txt,23341,4104ade6ceea2c97,
data/processed/extracted_items/ntpc_text/29585_NIT_Download.txt,23917,c2ad3e0dd22c2b18,
data/processed/extracted_items/ntpc_text/29586_NIT_Download.txt,11189,11aef9dd77e651e0,
data/processed/extracted_items/ntpc_text/29587_NIT_Download.txt,10617,6fcfc0f0808054fb,
data/processed/extracted_items/ntpc_text/29588_NIT_Download.txt,28776,8a2dd274d345fa66,
data/processed/extracted_items/ntpc_text/29589_NIT_Download.txt,21301,1111e7c4423bb9b5,
data/processed/extracted_items/ntpc_text/29590_NIT_Download.txt,33084,d34374a9b3d81ad3,
data/processed/extracted_items/ntpc_text/29591_NIT_Download.txt,33036,04a06285399b8750,
data/processed/extracted_items/ntpc_text/29592_NIT_Download.txt,23462,dc9b79ebc67a9d57,
data/processed/extracted_items/ntpc_text/29593_NIT_Download.txt,20633,c45be30a2e825d78,
data/processed/extracted_items/ntpc_text/29594_NIT_Download.txt,32404,4a03be3798f546f3,
data/processed/extracted_items/ntpc_text/29595_NIT_Download.txt,2,75a11da44c802486,
data/processed/extracted_items/ntpc_text/29596_NIT_Download.txt,16809,ae2dd8cab6094cca,
data/processed/extracted_items/ntpc_text/29597_NIT_Download.txt,4872,39c9af326558a716,
data/processed/extracted_items/ntpc_text/29598_NIT_Download.txt,5037,348a115b370be442,
data/processed/extracted_items/ntpc_text/29599_NIT_Download.txt,39788,0255713d5fea6ae1,
data/processed/extracted_items/ntpc_text/29600_NIT_Download.txt,2966,8e50dfd5d21a97a0,
data/processed/extracted_items/ntpc_text/29601_NIT_Download.txt,32920,dcfe9c8d2203207b,
data/processed/extracted_items/ntpc_text/29602_NIT_Download.txt,1726,518822ccf72dfddb,
data/processed/extracted_items/ntpc_text/29603_NIT_Download.txt,27354,b42e51d3cd0354bf,
data/processed/extracted_items/ntpc_text/29604_NIT_Download.txt,30446,3b4f3f96672faed3,
data/processed/extracted_items/ntpc_text/29605_NIT_Download.txt,18346,132173fea5ef44e2,
data/processed/extracted_items/ntpc_text/29606_NIT_Download.txt,28899,8be3c8f7a68d6381,
data/processed/extracted_items/ntpc_text/29607_NIT_Download.txt,21363,200de2ec2e7a2902,
data/processed/extracted_items/ntpc_text/29608_NIT_Download.txt,5415,4b13c391a6b83d5d,
data/processed/extracted_items/ntpc_text/29609_NIT_Download.txt,5858,beb05e1f5d12181e,
data/processed/extracted_items/ntpc_text/29610_NIT_Download.txt,23224,8157f33dedb07d5a,
data/processed/extracted_items/ntpc_text/29611_NIT_Download.txt,25433,c858d792f462252b,
data/processed/extracted_items/ntpc_text/29612_NIT_Download.txt,21927,3ba11926f302198b,
data/processed/extracted_items/ntpc_text/29613_NIT_Download.txt,23146,b28cf496badc3621,
data/processed/extracted_items/ntpc_text/29614_NIT_Download.txt,19688,356ad4dc4a8fc0a5,
data/processed/extracted_items/ntpc_text/29615_NIT_Download.txt,23465,c07bfb96b3711ecb,
data/processed/extracted_items/ntpc_text/29616_NIT_Download.txt,2,75a11da44c802486,
data/processed/extracted_items/ntpc_text/29616_cor_29616_1_1.txt,427,ef2da5b9838ca292,
data/processed/extracted_items/ntpc_text/29617_NIT_Download.txt,22071,6d58af1a6cc0b17d,
data/processed/extracted_items/ntpc_text/29618_NIT_Download.txt,8318,2e879a638b3d61cf,
data/processed/extracted_items/ntpc_text/29619_NIT_Download.txt,22433,9bd2dbe3ce8ed40e,
data/processed/extracted_items/ntpc_text/29620_NIT_Download.txt,9958,3d56c6345253cc70,
data/processed/extracted_items/ntpc_text/29620_cor_29620_1_1.txt,5415,b1b29e9c510d4b80,
data/processed/extracted_items/ntpc_text/29621_NIT_Download.txt,4859,b2615f562a1ef951,
data/processed/extracted_items/ntpc_text/29622_NIT_Download.txt,2566,8e464072dc79c10a,
data/processed/extracted_items/ntpc_text/29623_NIT_Download.txt,28234,15c7aa55bc1b1e24,
data/processed/extracted_items/ntpc_text/29624_NIT_Download.txt,32429,b7731d7df6ad0b25,
data/processed/extracted_items/ntpc_text/29625_NIT_Download.txt,18877,69053302af7c20bb,
data/processed/extracted_items/ntpc_text/29626_NIT_Download.txt,16078,f217b459c3e95783,
data/processed/extracted_items/ntpc_text/29627_NIT_Download.txt,29105,929a7d89f5eaf7b7,
data/processed/extracted_items/ntpc_text/29628_NIT_Download.txt,20319,2865496ba8a38d8f,
data/processed/extracted_items/ntpc_text/29629_NIT_Download.txt,20419,85f615c864566581,
data/processed/extracted_items/ntpc_text/29630_NIT_Download.txt,24438,8c93788686dce54a,
data/processed/extracted_items/ntpc_text/29631_NIT_Download.txt,26404,4c379f15b1bb485e,
data/processed/extracted_items/ntpc_text/29632_NIT_Download.txt,18750,ae4ed3e9ccdaff31,
data/processed/extracted_items/ntpc_text/29633_NIT_Download.txt,19798,d53ff9fecb7ea678,
data/processed/extracted_items/ntpc_text/29634_NIT_Download.txt,13880,d27f365a32c6cae6,
data/processed/extracted_items/ntpc_text/29635_NIT_Download.txt,31730,f8f25f946f747177,
data/processed/extracted_items/ntpc_text/29636_NIT_Download.txt,1774,02c32b340b025341,
data/processed/extracted_items/ntpc_text/29637_NIT_Download.txt,28882,26a0b46b59ff99c5,
data/processed/extracted_items/ntpc_text/29638_NIT_Download.txt,13914,3e2cead30bfe108a,
data/processed/extracted_items/ntpc_text/29639_NIT_Download.txt,53581,a58eaff5b551c768,
data/processed/extracted_items/ntpc_text/29640_NIT_Download.txt,31602,c9e078a044d4b7ae,
data/processed/extracted_items/ntpc_text/29641_NIT_Download.txt,22310,6924bbd35d96384c,
data/processed/extracted_items/ntpc_text/29642_NIT_Download.txt,17055,52260d78f1d7e0f5,
data/processed/extracted_items/ntpc_text/29642_cor_29642_2_1.txt,494,070ed44076eff073,
data/processed/extracted_items/ntpc_text/29643_NIT_Download.txt,17331,91a5a4d500ebb944,
data/processed/extracted_items/ntpc_text/29644_NIT_Download.txt,27395,d58703bcd0e9eed1,
data/processed/extracted_items/ntpc_text/29645_NIT_Download.txt,18611,962d862880034f54,
data/processed/extracted_items/ntpc_text/29645_cor_29645_1_1.txt,18739,d2796263e86c694e,
data/processed/extracted_items/ntpc_text/29646_NIT_Download.txt,17902,1e419c561a5d3367,
data/processed/extracted_items/ntpc_text/29647_NIT_Download.txt,2,75a11da44c802486,
data/processed/extracted_items/ntpc_text/29648_NIT_Download.txt,15420,6fb9aa737ca9a980,
data/processed/extracted_items/ntpc_text/29649_NIT_Download.txt,28304,5acb469ec5d6d539,
data/processed/extracted_items/ntpc_text/29650_NIT_Download.txt,35481,48b11acc62a60c74,
data/processed/extracted_items/ntpc_text/29651_Click_here_to_view_Salient_Technical_Features.txt,1902,383e78d3c7633fe8,
data/processed/extracted_items/ntpc_text/29651_NIT_Download.txt,40680,78f37a70d935ef85,
data/processed/extracted_items/ntpc_text/29651_cor_29651_2_1.txt,14037,bd725f8713f69da2,
data/processed/extracted_items/ntpc_text/29652_NIT_Download.txt,21026,9a1f7595b8da5d22,
data/processed/extracted_items/ntpc_text/29653_Click_here_to_view_Salient_Technical_Features.txt,682,2911dd0a0e80a462,
data/processed/extracted_items/ntpc_text/29653_NIT_Download.txt,13183,60b6e26498188575,
data/processed/extracted_items/ntpc_text/29654_NIT_Download.txt,35800,ce33615492929f4d,
data/processed/extracted_items/ntpc_text/29655_NIT_Download.txt,19195,83fb42509d0796d4,
data/processed/extracted_items/ntpc_text/29656_NIT_Download.txt,21785,121672f9eb6f70fd,
data/processed/extracted_items/ntpc_text/29657_NIT_Download.txt,15413,1a327c35a919651c,
data/processed/extracted_items/ntpc_text/29658_NIT_Download.txt,5192,28d7cff302b9cea0,
data/processed/extracted_items/ntpc_text/29659_NIT_Download.txt,19968,98d6192cffabc6b7,
data/processed/extracted_items/ntpc_text/29660_NIT_Download.txt,18553,9ef43fff5490f944,
data/processed/extracted_items/ntpc_text/29661_NIT_Download.txt,13764,188f04e753540198,
data/processed/extracted_items/ntpc_text/29662_NIT_Download.txt,40580,0c85b08a952d18ea,
data/processed/extracted_items/ntpc_text/29663_NIT_Download.txt,3,6a3cf5192354f716,
data/processed/extracted_items/ntpc_text/29664_NIT_Download.txt,4,545c38b0922de197,
data/processed/extracted_items/ntpc_text/29665_NIT_Download.txt,20954,2efaf805ccb26c85,
data/processed/extracted_items/ntpc_text/29666_Click_here_to_view_Salient_Technical_Features.txt,2790,98d5606a2e938466,
data/processed/extracted_items/ntpc_text/29666_NIT_Download.txt,41311,1ed15459182d9078,
data/processed/extracted_items/ntpc_text/29666_cor_29666_2_1.txt,1778,a2a496e9e9c2bc28,
data/processed/extracted_items/ntpc_text/29667_NIT_Download.txt,5580,78be32af7359c049,
data/processed/extracted_items/ntpc_text/29668_NIT_Download.txt,2554,37a751eb9c0e4555,
data/processed/extracted_items/ntpc_text/29669_NIT_Download.txt,6782,7d584c5339f8ac7e,
data/processed/extracted_items/ntpc_text/29670_NIT_Download.txt,4277,adb757fb046707bc,
data/processed/extracted_items/ntpc_text/29671_NIT_Download.txt,3937,6bdcca583a8c26d4,
data/processed/extracted_items/ntpc_text/29672_NIT_Download.txt,7417,20faf92e4bcaed19,
data/processed/extracted_items/ntpc_text/29673_NIT_Download.txt,5500,d1550ca419448518,
data/processed/extracted_items/ntpc_text/29674_NIT_Download.txt,5473,9e716b8d79eacae9,
data/processed/extracted_items/ntpc_text/29675_NIT_Download.txt,31183,f4f38cf28011b4ad,
data/processed/extracted_items/ntpc_text/29676_NIT_Download.txt,31284,ea1a26e731170118,
data/processed/extracted_items/ntpc_text/29677_NIT_Download.txt,33355,eefbce245a8ccc16,
data/processed/extracted_items/ntpc_text/29678_NIT_Download.txt,3779,0d6feda0b514ea09,
data/processed/extracted_items/ntpc_text/29679_NIT_Download.txt,8998,88e5c7bbd6f32dfa,
data/processed/extracted_items/ntpc_text/29680_NIT_Download.txt,3396,37b6ac629084c295,
data/processed/extracted_items/ntpc_text/29681_NIT_Download.txt,5709,f07842691e6b7369,
data/processed/extracted_items/ntpc_text/29682_NIT_Download.txt,136237,91ba3a8c03b1b6db,
data/processed/extracted_items/ntpc_text/29683_NIT_Download.txt,11636,0697d0df24494853,
data/processed/extracted_items/ntpc_text/29684_NIT_Download.txt,16083,2e916919ffccb3d3,
data/processed/extracted_items/ntpc_text/29685_NIT_Download.txt,7135,2d885addf3c7eaa7,
data/processed/extracted_items/ntpc_text/29686_NIT_Download.txt,4779,60fea9e8e23bf2ba,
data/processed/extracted_items/ntpc_text/29687_NIT_Download.txt,4073,21d58e871d097f34,
data/processed/extracted_items/ntpc_text/29688_NIT_Download.txt,4350,6483b98d30267798,
data/processed/extracted_items/ntpc_text/29689_NIT_Download.txt,6200,702012a07602253a,
data/processed/extracted_items/ntpc_text/29690_NIT_Download.txt,8507,d6d794d25e4bc7a5,
data/processed/extracted_items/ntpc_text/29691_NIT_Download.txt,18430,f1fca96fb9e1accc,
data/processed/extracted_items/ntpc_text/29692_NIT_Download.txt,2971,cdfda654a4b224c4,
data/processed/extracted_items/ntpc_text/29693_NIT_Download.txt,4189,04da462a0d96892a,
data/processed/extracted_items/ntpc_text/29694_NIT_Download.txt,4718,4bc4bd54f69bf77a,
data/processed/extracted_items/ntpc_text/29695_NIT_Download.txt,3014,f279f85106ed8f4e,
data/processed/extracted_items/ntpc_text/29696_NIT_Download.txt,3070,13f9bcac2213e0e6,
data/processed/extracted_items/ntpc_text/29697_NIT_Download.txt,18118,bd40712317f307a4,
data/processed/extracted_items/ntpc_text/29698_NIT_Download.txt,19718,9418148a2d561a25,
data/processed/extracted_items/ntpc_text/29699_NIT_Download.txt,3092,b241eca45f9e5df1,
data/processed/extracted_items/ntpc_text/29700_NIT_Download.txt,3117,eb1490662fc8c673,
data/processed/extracted_items/ntpc_text/29701_NIT_Download.txt,2753,3f783f2a07a00cdb,
data/processed/extracted_items/ntpc_text/29702_NIT_Download.txt,6127,ab2dfea2d0b623ec,
data/processed/extracted_items/ntpc_text/29703_NIT_Download.txt,5036,818bc187e00250bc,
data/processed/extracted_items/ntpc_text/29704_NIT_Download.txt,21190,ce4f613988939292,
data/processed/extracted_items/ntpc_text/29705_NIT_Download.txt,11285,f8720eed8c6d1482,
data/processed/extracted_items/ntpc_text/29706_NIT_Download.txt,17900,536fc070f81a52d7,
data/processed/extracted_items/ntpc_text/29707_NIT_Download.txt,73961,346e12fc2ae12673,
data/processed/extracted_items/ntpc_text/29708_Click_here_to_view_Salient_Technical_Features.txt,3043,ede50f49812ae63d,
data/processed/extracted_items/ntpc_text/29708_NIT_Download.txt,34056,67198953aa1d49a4,
data/processed/extracted_items/ntpc_text/29708_cor_29708_10_1.txt,33629,971d7eea9c121083,
data/processed/extracted_items/ntpc_text/29709_NIT_Download.txt,24801,bba191b5c2fc60c8,
data/processed/extracted_items/ntpc_text/29710_NIT_Download.txt,14414,ad94a2ffe80aee38,
data/processed/extracted_items/ntpc_text/29711_NIT_Download.txt,32926,c06c4c6f475b1555,
data/processed/extracted_items/ntpc_text/29712_NIT_Download.txt,11180,4e724256230a5e71,
data/processed/extracted_items/ntpc_text/29713_NIT_Download.txt,41181,605a35a4c4acd85c,
data/processed/extracted_items/ntpc_text/29714_NIT_Download.txt,5426,e373cdeaa1ad97bc,
data/processed/extracted_items/ntpc_text/29714_cor_29714_1_1.txt,27386,f140bcd23fe52d9f,
data/processed/extracted_items/ntpc_text/29715_NIT_Download.txt,53381,a5bc56e64c9a330c,
data/processed/extracted_items/ntpc_text/29716_NIT_Download.txt,32564,c2cd7aebd726b32e,
data/processed/extracted_items/ntpc_text/29717_NIT_Download.txt,33393,d30b1c8de3d15a1c,
data/processed/extracted_items/ntpc_text/29718_NIT_Download.txt,5343,e79f931212588eb0,
data/processed/extracted_items/ntpc_text/29719_NIT_Download.txt,4903,be624bc41a716188,
data/processed/extracted_items/ntpc_text/29720_NIT_Download.txt,17408,040b0b3bab8fcf40,
data/processed/extracted_items/ntpc_text/29721_NIT_Download.txt,18302,8507e242ea8dc8e3,
data/processed/extracted_items/ntpc_text/29722_NIT_Download.txt,29710,5a516f2a35a856f2,
data/processed/extracted_items/ntpc_text/29723_NIT_Download.txt,25140,ae300fba0de81f20,
data/processed/extracted_items/ntpc_text/29724_NIT_Download.txt,18730,747a5a16cd2f8788,
data/processed/extracted_items/ntpc_text/29725_NIT_Download.txt,25459,dedc1bbaf3853e1d,
data/processed/extracted_items/ntpc_text/29726_NIT_Download.txt,23524,72eb21ba4f1df489,
data/processed/extracted_items/ntpc_text/29726_cor_29726_6_1.txt,25651,dcf931be080eb011,
data/processed/extracted_items/ntpc_text/29727_NIT_Download.txt,17343,5d6e6530ba2fc87d,
data/processed/extracted_items/ntpc_text/29728_NIT_Download.txt,9323,73d109685e6d8c27,
data/processed/extracted_items/ntpc_text/29729_NIT_Download.txt,4880,1a98975c142c30c7,
data/processed/extracted_items/ntpc_text/29730_NIT_Download.txt,2,75a11da44c802486,
data/processed/extracted_items/ntpc_text/29731_NIT_Download.txt,22947,f0c092b38a2dea8b,
data/processed/extracted_items/ntpc_text/29732_NIT_Download.txt,30035,4345f4c76e1b6252,
data/processed/extracted_items/ntpc_text/29733_NIT_Download.txt,29314,9485e74544c7d0a9,
data/processed/extracted_items/ntpc_text/29734_NIT_Download.txt,2,75a11da44c802486,
data/processed/extracted_items/ntpc_text/29735_NIT_Download.txt,2,75a11da44c802486,
data/processed/extracted_items/ntpc_text/29736_NIT_Download.txt,114053,6fbd02d2edd5f5b1,
data/processed/extracted_items/ntpc_text/29737_NIT_Download.txt,44620,5a2de3f7ee90f94b,
data/processed/extracted_items/ntpc_text/29737_cor_29737_5_1.txt,87043,55a5478d9c20e887,
data/processed/extracted_items/ntpc_text/29738_NIT_Download.txt,25690,e7628943e9d2c95c,
data/processed/extracted_items/ntpc_text/29739_NIT_Download.txt,19579,57d8b6dd8391b277,
data/processed/extracted_items/ntpc_text/29741_NIT_Download.txt,21958,099bbe60386836c1,
data/processed/extracted_items/ntpc_text/29741_cor_29741_10_1.txt,25801,1de2898dd5f4a5ee,
data/processed/extracted_items/ntpc_text/29742_NIT_Download.txt,11039,a496d6d38f032724,
data/processed/extracted_items/ntpc_text/29743_NIT_Download.txt,5333,f94f31a3384553af,
data/processed/extracted_items/ntpc_text/29744_NIT_Download.txt,17336,78b9f448c1dd9603,
data/processed/extracted_items/ntpc_text/29745_NIT_Download.txt,19561,180727e9fcdb4785,
data/processed/extracted_items/ntpc_text/29746_NIT_Download.txt,2936,c6eff8c69242e719,
data/processed/extracted_items/ntpc_text/29747_NIT_Download.txt,3040,0cc18a47da579fb6,
data/processed/extracted_items/ntpc_text/29748_NIT_Download.txt,14836,aba29fcc1fe92d24,
data/processed/extracted_items/ntpc_text/29749_NIT_Download.txt,18921,b4711d17abf29068,
data/processed/extracted_items/ntpc_text/29750_NIT_Download.txt,76703,1a3d216bc92ae391,
data/processed/extracted_items/ntpc_text/29750_cor_29750_1_1.txt,85714,d33e80a4c0b25765,
data/processed/extracted_items/ntpc_text/29751_NIT_Download.txt,67862,3ff9f77eb4d99928,
data/processed/extracted_items/ntpc_text/29752_NIT_Download.txt,5348,55cd9f32be73aff1,
data/processed/extracted_items/ntpc_text/29753_NIT_Download.txt,38534,f7b3ac0fe7e994c6,
data/processed/extracted_items/ntpc_text/29754_NIT_Download.txt,29957,9f523e0095e4136a,
data/processed/extracted_items/ntpc_text/29755_NIT_Download.txt,26879,2ad38dd14a395c47,
data/processed/extracted_items/ntpc_text/29756_NIT_Download.txt,27632,6df2be2686a45b6a,
data/processed/extracted_items/ntpc_text/29756_cor_29756_5_1.txt,170073,f866f2f301e7f4ec,
data/processed/extracted_items/ntpc_text/29757_NIT_Download.txt,57982,19e6b383abb9827e,
data/processed/extracted_items/ntpc_text/29758_NIT_Download.txt,21451,b0b39e82e93081fe,
data/processed/extracted_items/ntpc_text/29759_NIT_Download.txt,11282,836dc3dcc889f740,
data/processed/extracted_items/ntpc_text/29760_NIT_Download.txt,54812,9a3897572ce81167,
data/processed/extracted_items/ntpc_text/29761_NIT_Download.txt,30449,db78fc06ee4c81ae,
data/processed/extracted_items/ntpc_text/29762_NIT_Download.txt,4910,10f4b4e94901a272,
data/processed/extracted_items/ntpc_text/29763_NIT_Download.txt,20179,e4a382fd39bfe4a1,
data/processed/extracted_items/ntpc_text/29764_NIT_Download.txt,21774,98f7380af52bc0f9,
data/processed/extracted_items/ntpc_text/29765_NIT_Download.txt,229286,da3e50ba1e2e2823,
data/processed/extracted_items/ntpc_text/29766_NIT_Download.txt,32383,dd02bcca7604da9c,
data/processed/extracted_items/ntpc_text/29767_NIT_Download.txt,29105,31d589019a35780f,
data/processed/extracted_items/ntpc_text/29768_NIT_Download.txt,29663,1f145b5bddfafb0e,
data/processed/extracted_items/ntpc_text/29768_cor_29768_1_1.txt,636,f2c3474a09cc527c,
data/processed/extracted_items/ntpc_text/29769_NIT_Download.txt,11670,bb8f7e0ea2dfcec7,
data/processed/extracted_items/ntpc_text/29770_NIT_Download.txt,25041,339267267feabb6d,
data/processed/extracted_items/ntpc_text/29771_NIT_Download.txt,20723,90d52b17525950c9,
data/processed/extracted_items/ntpc_text/29771_cor_29771_2_1.txt,1733,2312073c95256883,
data/processed/extracted_items/ntpc_text/29772_NIT_Download.txt,40770,23019b51baa2b5b6,
data/processed/extracted_items/ntpc_text/29773_NIT_Download.txt,42854,7676050875e6490d,
data/processed/extracted_items/ntpc_text/29774_NIT_Download.txt,23399,df4984b456d21fd5,
data/processed/extracted_items/ntpc_text/29775_NIT_Download.txt,75812,488207527e5234a9,
data/processed/extracted_items/ntpc_text/29775_cor_29775_2_1.txt,76134,9e6f402f89ff939c,
data/processed/extracted_items/ntpc_text/29776_NIT_Download.txt,76301,70bc5b167471af1e,
data/processed/extracted_items/ntpc_text/29776_cor_29776_2_1.txt,76305,efc7e255da683eeb,
data/processed/extracted_items/ntpc_text/29777_NIT_Download.txt,74743,036a82d91517fba4,
data/processed/extracted_items/ntpc_text/29777_cor_29777_2_1.txt,75041,c4344506d1294b43,
data/processed/extracted_items/ntpc_text/29778_NIT_Download.txt,26959,f035fc633ba5a18c,
data/processed/extracted_items/ntpc_text/29779_NIT_Download.txt,2,75a11da44c802486,
data/processed/extracted_items/ntpc_text/29780_NIT_Download.txt,4813,d5c9f333edf8e7eb,
data/processed/extracted_items/ntpc_text/29781_NIT_Download.txt,19508,450b265e82336bbb,
data/processed/extracted_items/ntpc_text/29782_NIT_Download.txt,20758,47f0f0782a6bb5ee,
data/processed/extracted_items/ntpc_text/29783_NIT_Download.txt,99,666e70c91ce50fc2,
data/processed/extracted_items/ntpc_text/29784_NIT_Download.txt,20924,c6a8a27426ae3869,
data/processed/extracted_items/ntpc_text/29785_NIT_Download.txt,13661,19270c9ff0dbc45b,
data/processed/extracted_items/ntpc_text/29786_NIT_Download.txt,5258,6fa5472470ceaddc,
data/processed/extracted_items/ntpc_text/29787_NIT_Download.txt,22781,b44d5b83060a8609,
data/processed/extracted_items/ntpc_text/29787_cor_29787_3_1.txt,11232,af97184d8ade638c,
data/processed/extracted_items/ntpc_text/29788_NIT_Download.txt,158,c1b2e3aaec8d6d56,
data/processed/extracted_items/ntpc_text/29789_NIT_Download.txt,14468,00d458e582e1e9e4,
data/processed/extracted_items/ntpc_text/29790_NIT_Download.txt,12091,8256da70e6435879,
data/processed/extracted_items/ntpc_text/29791_Click_here_to_view_Salient_Technical_Features.txt,2009,31c3cde79943ee66,
data/processed/extracted_items/ntpc_text/29791_NIT_Download.txt,43438,dc562787b4fd98f5,
data/processed/extracted_items/ntpc_text/29792_NIT_Download.txt,14079,be348fc30af5fe26,
data/processed/extracted_items/ntpc_text/29793_NIT_Download.txt,25588,e35e1fcf30cd7fbe,
data/processed/extracted_items/ntpc_text/29794_NIT_Download.txt,43567,772a89d9867e32ad,
data/processed/extracted_items/ntpc_text/29795_NIT_Download.txt,11180,fc73f7431538b250,
data/processed/extracted_items/ntpc_text/29795_cor_29795_8_1.txt,2610,6bac165c630e2260,
data/processed/extracted_items/ntpc_text/29796_NIT_Download.txt,6277,ef79329110d2693a,
data/processed/extracted_items/ntpc_text/29797_NIT_Download.txt,11748,a03ea0959deca85a,
data/processed/extracted_items/ntpc_text/29798_NIT_Download.txt,11748,a03ea0959deca85a,
data/processed/extracted_items/ntpc_text/29799_NIT_Download.txt,3773,3be8fa2bfba535f5,
data/processed/extracted_items/ntpc_text/29800_NIT_Download.txt,3358,c5c016be30502954,
data/processed/extracted_items/ntpc_text/29801_NIT_Download.txt,2973,5c378d0549c44087,
data/processed/extracted_items/ntpc_text/29802_NIT_Download.txt,7820,55a8bbe790305962,
data/processed/extracted_items/ntpc_text/29803_NIT_Download.txt,3885,71a1f1908b514133,
data/processed/extracted_items/ntpc_text/29804_NIT_Download.txt,4316,fcc1fbbc087f4f95,
data/processed/extracted_items/ntpc_text/29805_NIT_Download.txt,6338,6a10d4b427fe4f17,
data/processed/extracted_items/ntpc_text/29806_NIT_Download.txt,6765,3ff801cf74562604,
data/processed/extracted_items/ntpc_text/29807_NIT_Download.txt,3891,559c22f3d50e8ac0,
data/processed/extracted_items/ntpc_text/29808_NIT_Download.txt,6791,1dc227117cb30174,
data/processed/extracted_items/ntpc_text/29809_NIT_Download.txt,7375,3f44d020a558f053,
data/processed/extracted_items/ntpc_text/29810_NIT_Download.txt,5250,38b639b51bdefe54,
data/processed/extracted_items/ntpc_text/29811_NIT_Download.txt,5796,5a87f2995e84df01,
data/processed/extracted_items/ntpc_text/29812_NIT_Download.txt,6175,aae9e0af8839c4ee,
data/processed/extracted_items/ntpc_text/29813_NIT_Download.txt,18877,1c11d4ca46e0e543,
data/processed/extracted_items/ntpc_text/29814_NIT_Download.txt,19053,5c4c242aa5bd7806,
data/processed/extracted_items/ntpc_text/29815_NIT_Download.txt,28944,fa7454955a4dc646,
data/processed/extracted_items/ntpc_text/29816_NIT_Download.txt,21537,eb5ebe266ef2d414,
data/processed/extracted_items/ntpc_text/29817_NIT_Download.txt,5537,bcbae3228b22f7c6,
data/processed/extracted_items/ntpc_text/29817_cor_29817_8_1.txt,30217,ce706aed405b95e6,
data/processed/extracted_items/ntpc_text/29818_NIT_Download.txt,4850,496fe78645cd6eb4,
data/processed/extracted_items/ntpc_text/29819_NIT_Download.txt,19512,349395587185524c,
data/processed/extracted_items/ntpc_text/29820_NIT_Download.txt,44459,e6e0c50a41d49516,
data/processed/extracted_items/ntpc_text/29821_NIT_Download.txt,30467,9dbbffd61562bdd9,
data/processed/extracted_items/ntpc_text/29822_NIT_Download.txt,22983,79c3bcd5387f3a26,
data/processed/extracted_items/ntpc_text/29823_NIT_Download.txt,23603,3d135cb7346fe9fe,
data/processed/extracted_items/ntpc_text/29824_Click_here_to_view_Salient_Technical_Features.txt,1948,285f372e93860f26,
data/processed/extracted_items/ntpc_text/29824_NIT_Download.txt,33711,d390da1b2936eb8c,
data/processed/extracted_items/ntpc_text/29824_cor_29824_4_1.txt,3429,27a7c39b6aaacfda,
data/processed/extracted_items/ntpc_text/29825_NIT_Download.txt,30948,e69c39e0249ec515,
data/processed/extracted_items/ntpc_text/29826_NIT_Download.txt,23561,01e3abbbace6286c,
data/processed/extracted_items/ntpc_text/29827_NIT_Download.txt,23034,0645e4648c5b90c6,
data/processed/extracted_items/ntpc_text/29828_NIT_Download.txt,48134,e1d5a0c056117708,
data/processed/extracted_items/ntpc_text/29829_NIT_Download.txt,55973,fa8ed28ebefda1cd,
data/processed/extracted_items/ntpc_text/29830_NIT_Download.txt,20283,68c0cac34805f99c,
data/processed/extracted_items/ntpc_text/29831_NIT_Download.txt,12824,d82739a79c811c2e,
data/processed/extracted_items/ntpc_text/29832_NIT_Download.txt,11627,383ba4a841d05cc8,
data/processed/extracted_items/ntpc_text/29833_NIT_Download.txt,6107,76a567a7e5820431,
data/processed/extracted_items/ntpc_text/29834_Click_here_to_view_Salient_Technical_Features.txt,1025,04b5f58dd4c957fe,
data/processed/extracted_items/ntpc_text/29834_NIT_Download.txt,36835,7d438808757a92be,
data/processed/extracted_items/ntpc_text/29834_cor_29834_1_1.txt,1815,d4c8bfd8c4d5433e,
data/processed/extracted_items/ntpc_text/29835_NIT_Download.txt,112,12046e47acb8a30d,
data/processed/extracted_items/ntpc_text/29836_NIT_Download.txt,17383,098832a633060a6a,
data/processed/extracted_items/ntpc_text/29837_NIT_Download.txt,39621,e9f347897372cb8f,
data/processed/extracted_items/ntpc_text/29838_NIT_Download.txt,24888,d9c8c966386221f6,
data/processed/extracted_items/ntpc_text/29839_NIT_Download.txt,4812,7aa1d63f7fc36090,
data/processed/extracted_items/ntpc_text/29840_NIT_Download.txt,5143,6bd8d15478c464e0,
data/processed/extracted_items/ntpc_text/29841_NIT_Download.txt,21952,d935ef49a0c1bc0d,
data/processed/extracted_items/ntpc_text/29842_NIT_Download.txt,24818,c8c9c76ef1a294b8,
data/processed/extracted_items/ntpc_text/29843_NIT_Download.txt,22857,5ae3ef14348cabbb,
data/processed/extracted_items/ntpc_text/29844_NIT_Download.txt,25097,2d0c2b720c7f96df,
data/processed/extracted_items/ntpc_text/29844_cor_29844_1_1.txt,6050,3f2b7fbf91e289ee,
data/processed/extracted_items/ntpc_text/29845_NIT_Download.txt,41655,5f9b0d66ff7270c5,
data/processed/extracted_items/ntpc_text/29845_cor_29845_1_1.txt,427,c4ef4c7b5959c94a,
data/processed/extracted_items/ntpc_text/29846_NIT_Download.txt,6284,34c49bf051367cd7,
data/processed/extracted_items/ntpc_text/29847_NIT_Download.txt,20209,175ce754b35527ff,
data/processed/extracted_items/ntpc_text/29848_NIT_Download.txt,34866,10e1755b9972e22d,
data/processed/extracted_items/ntpc_text/29848_cor_29848_2_1.txt,3,6a3cf5192354f716,
data/processed/extracted_items/ntpc_text/29849_NIT_Download.txt,23993,2e56c07bef0f4d3c,
data/processed/extracted_items/ntpc_text/29849_cor_29849_1_1.txt,367,d62f87bee257dab6,
data/processed/extracted_items/ntpc_text/29850_NIT_Download.txt,14993,3f839d154b989f28,
data/processed/extracted_items/ntpc_text/29851_NIT_Download.txt,72533,2b96fbfc0c66c52e,
data/processed/extracted_items/ntpc_text/29852_NIT_Download.txt,4062,935503e597c8025d,
data/processed/extracted_items/ntpc_text/29853_NIT_Download.txt,3778,d0b47fae5d76859b,
data/processed/extracted_items/ntpc_text/29854_NIT_Download.txt,42540,29b19c401187d473,
data/processed/extracted_items/ntpc_text/29855_NIT_Download.txt,19422,f6d55d78bd18018d,
data/processed/extracted_items/ntpc_text/29856_NIT_Download.txt,4776,a1454765eee37f26,
data/processed/extracted_items/ntpc_text/29857_NIT_Download.txt,20917,06db516484667ce6,
data/processed/extracted_items/ntpc_text/29858_NIT_Download.txt,76507,b22e12c22d817dfb,
data/processed/extracted_items/ntpc_text/29859_NIT_Download.txt,3123,1f5e8b45a990b7b1,
data/processed/extracted_items/ntpc_text/29860_NIT_Download.txt,27210,b3429028b8f97970,
data/processed/extracted_items/ntpc_text/29861_Click_here_to_view_Salient_Technical_Features.txt,2471,9d9fe21d25cec85d,
data/processed/extracted_items/ntpc_text/29861_NIT_Download.txt,40455,586c4822c26b16d1,
data/processed/extracted_items/ntpc_text/29861_cor_29861_1_1.txt,1761,ef0d639eafbfe64b,
data/processed/extracted_items/ntpc_text/29862_NIT_Download.txt,23818,6c2f7b5b1b74025e,
data/processed/extracted_items/ntpc_text/29863_NIT_Download.txt,23161,0692d6917963301f,
data/processed/extracted_items/ntpc_text/29864_NIT_Download.txt,3,6a3cf5192354f716,
data/processed/extracted_items/ntpc_text/29865_NIT_Download.txt,78775,d5e99de1d42d2ded,
data/processed/extracted_items/ntpc_text/29866_NIT_Download.txt,21049,7fe94d60d0bc6b12,
data/processed/extracted_items/ntpc_text/29866_cor_29866_1_1.txt,697,a9c7af05c81304c4,
data/processed/extracted_items/ntpc_text/29867_NIT_Download.txt,16732,67d608d9fd3a5884,
data/processed/extracted_items/ntpc_text/29868_NIT_Download.txt,45205,58468a67e408adae,
data/processed/extracted_items/ntpc_text/29868_cor_29868_2_1.txt,459,6dab997ccadecffc,
data/processed/extracted_items/ntpc_text/29869_NIT_Download.txt,17537,d9d99410cccbdc3e,
data/processed/extracted_items/ntpc_text/29869_cor_29869_1_1.txt,17537,d9d99410cccbdc3e,
data/processed/extracted_items/ntpc_text/29870_NIT_Download.txt,29113,9cd7f214d89cd44a,
data/processed/extracted_items/ntpc_text/29870_cor_29870_1_1.txt,443,a8698e4c32a99491,
data/processed/extracted_items/ntpc_text/29871_NIT_Download.txt,29670,cfbcd5e4cf85be42,
data/processed/extracted_items/ntpc_text/29872_NIT_Download.txt,10237,f4756af571998f4c,
data/processed/extracted_items/ntpc_text/29873_Click_here_to_view_Salient_Technical_Features.txt,3971,3f3b2a3d10b56f85,
data/processed/extracted_items/ntpc_text/29873_NIT_Download.txt,38234,138255b8e3d20005,
data/processed/extracted_items/ntpc_text/29874_NIT_Download.txt,39254,30d98a2ddf64e24a,
data/processed/extracted_items/ntpc_text/29875_NIT_Download.txt,233854,1de1b91dc5162172,
data/processed/extracted_items/ntpc_text/29876_NIT_Download.txt,24874,a5981438e6c4efa0,
data/processed/extracted_items/ntpc_text/29876_cor_29876_1_1.txt,6480,792e536b14b862ca,
data/processed/extracted_items/ntpc_text/29877_NIT_Download.txt,23058,c31272892b0f0ae0,
data/processed/extracted_items/ntpc_text/29878_NIT_Download.txt,24469,2d890eda92737307,
data/processed/extracted_items/ntpc_text/29879_NIT_Download.txt,648515,16dfdf0cf61cee1b,
data/processed/extracted_items/ntpc_text/29880_NIT_Download.txt,29401,9623fd87abc210dd,
data/processed/extracted_items/ntpc_text/29881_NIT_Download.txt,22640,2b8299fbde0d9e69,
data/processed/extracted_items/ntpc_text/29881_cor_29881_1_1.txt,4731,43e4d0f33e181617,
data/processed/extracted_items/ntpc_text/29882_NIT_Download.txt,24454,631640c1d3e77d11,
data/processed/extracted_items/ntpc_text/29883_NIT_Download.txt,31013,7a22d34c2b64b111,
data/processed/extracted_items/ntpc_text/29884_NIT_Download.txt,26024,2c215e81c3af4b61,
data/processed/extracted_items/ntpc_text/29885_NIT_Download.txt,11383,e7b5f3b5f7277528,
data/processed/extracted_items/ntpc_text/29886_NIT_Download.txt,11313,54d48a838872f2d9,
data/processed/extracted_items/ntpc_text/29887_NIT_Download.txt,3620,f4360b469e6e06f3,
data/processed/extracted_items/ntpc_text/29888_NIT_Download.txt,26360,db15df267114c5ba,
data/processed/extracted_items/ntpc_text/29889_NIT_Download.txt,23268,a86e7182c64d1af7,
data/processed/extracted_items/ntpc_text/29890_NIT_Download.txt,21967,aba96f80765d5660,
data/processed/extracted_items/ntpc_text/29891_NIT_Download.txt,22471,0c6ee7c0f7c99684,
data/processed/extracted_items/ntpc_text/29891_cor_29891_1_1.txt,4695,08a232b0fe4c0d9e,
data/processed/extracted_items/ntpc_text/29892_NIT_Download.txt,24417,0eaf7b134f964e54,
data/processed/extracted_items/ntpc_text/29893_NIT_Download.txt,4973,c5653d33de535f6f,
data/processed/extracted_items/ntpc_text/29894_NIT_Download.txt,24037,209e45cab1401b7d,
data/processed/extracted_items/ntpc_text/29894_cor_29894_2_1.txt,5111,3e116be1c001d95b,
data/processed/extracted_items/ntpc_text/29895_NIT_Download.txt,23412,9d1e2f27f3993328,
data/processed/extracted_items/ntpc_text/29896_NIT_Download.txt,9707,75ab93313e225dfa,
data/processed/extracted_items/ntpc_text/29897_NIT_Download.txt,11188,316815ae4e1a18ab,
data/processed/extracted_items/ntpc_text/29897_cor_29897_1_1.txt,50494,f4bf0895de069f3c,
data/processed/extracted_items/ntpc_text/29898_NIT_Download.txt,10957,95b5a18bc643bc17,
data/processed/extracted_items/ntpc_text/29899_NIT_Download.txt,21046,659f0faf6c5a5b18,
data/processed/extracted_items/ntpc_text/29900_NIT_Download.txt,22100,edb256a55cc71ab5,
data/processed/extracted_items/ntpc_text/29901_NIT_Download.txt,38184,d7870b69523c47b4,
data/processed/extracted_items/ntpc_text/29902_NIT_Download.txt,75086,ccd658b568e44d88,
data/processed/extracted_items/ntpc_text/29903_NIT_Download.txt,43191,3bdb7cc86e34ccfe,
data/processed/extracted_items/ntpc_text/29904_NIT_Download.txt,13306,280411731d5b9b7d,
data/processed/extracted_items/ntpc_text/29905_NIT_Download.txt,43361,93afe6eef1cc6c4b,
data/processed/extracted_items/ntpc_text/29905_cor_29905_7_1.txt,12282,3dc05921d62d1d7b,
data/processed/extracted_items/ntpc_text/29906_NIT_Download.txt,9916,190d8922835261f4,
data/processed/extracted_items/ntpc_text/29907_NIT_Download.txt,34273,d9f29389e82adbbc,
data/processed/extracted_items/ntpc_text/29908_NIT_Download.txt,21255,4050093b6f9aeeeb,
data/processed/extracted_items/ntpc_text/29909_NIT_Download.txt,14683,8ab3d13a4baa1b00,
data/processed/extracted_items/ntpc_text/29910_NIT_Download.txt,9842,04a446e413b545b7,
data/processed/extracted_items/ntpc_text/29911_NIT_Download.txt,10307,a789548d2f55d816,
data/processed/extracted_items/ntpc_text/29912_NIT_Download.txt,6021,f5c3810c49c2c298,
data/processed/extracted_items/ntpc_text/29913_NIT_Download.txt,4996,c8f04939fd0bde58,
data/processed/extracted_items/ntpc_text/29914_NIT_Download.txt,3734,38b6320188041886,
data/processed/extracted_items/ntpc_text/29915_NIT_Download.txt,13259,07fd153e3783d89c,
data/processed/extracted_items/ntpc_text/29916_NIT_Download.txt,19835,8e4a58186de64b3b,
data/processed/extracted_items/ntpc_text/29917_Click_here_to_view_Salient_Technical_Features.txt,2293,5e962567dcef2833,
data/processed/extracted_items/ntpc_text/29917_NIT_Download.txt,40484,c80fecbeebfde4a8,
data/processed/extracted_items/ntpc_text/29917_cor_29917_1_1.txt,1950,d249dee0e662c0bf,
data/processed/extracted_items/ntpc_text/29918_Click_here_to_view_Salient_Technical_Features.txt,2289,e9467d04d04b220e,
data/processed/extracted_items/ntpc_text/29918_NIT_Download.txt,40367,25bd07c59c1b31db,
data/processed/extracted_items/ntpc_text/29918_cor_29918_2_1.txt,2120,f00b9bd8e765b1c9,
data/processed/extracted_items/ntpc_text/29919_NIT_Download.txt,22703,504998db90afe198,
data/processed/extracted_items/ntpc_text/29920_NIT_Download.txt,42687,fd7adb9275880bdb,
data/processed/extracted_items/ntpc_text/29921_NIT_Download.txt,24310,8f37924d3f6f0f14,
data/processed/extracted_items/ntpc_text/29922_NIT_Download.txt,21635,a90cae48b2cef0c8,
data/processed/extracted_items/ntpc_text/29923_NIT_Download.txt,2,75a11da44c802486,
data/processed/extracted_items/ntpc_text/29924_NIT_Download.txt,13724,d38a3ca0b8fd593e,
data/processed/extracted_items/ntpc_text/29925_NIT_Download.txt,22261,d1e10ece93f3b7e7,
data/processed/extracted_items/ntpc_text/29926_NIT_Download.txt,42895,f9c62bfa012a65c5,
data/processed/extracted_items/ntpc_text/29929_NIT_Download.txt,21360,b4270dcb4a727142,
data/processed/extracted_items/ntpc_text/29930_NIT_Download.txt,52567,358311f4a6490121,
data/processed/extracted_items/ntpc_text/29931_Click_here_to_view_Salient_Technical_Features.txt,5191,b04ddc4c6aeed24e,
data/processed/extracted_items/ntpc_text/29931_NIT_Download.txt,24509,f6c35f90740b7f0c,
data/processed/extracted_items/ntpc_text/29932_NIT_Download.txt,6,d088784b7ecb87f1,
data/processed/extracted_items/ntpc_text/29933_NIT_Download.txt,15272,dce2ac1d353757b0,
data/processed/extracted_items/ntpc_text/29934_NIT_Download.txt,24095,4464de9563e70ed7,
data/processed/extracted_items/ntpc_text/29935_NIT_Download.txt,13901,43e4703669495cb5,
data/processed/extracted_items/ntpc_text/29936_NIT_Download.txt,32090,683b974e45f81a6a,
data/processed/extracted_items/ntpc_text/29937_NIT_Download.txt,30594,a7ff65d66120f3a1,
data/processed/extracted_items/ntpc_text/29938_NIT_Download.txt,27810,633f872a0e02d590,
data/processed/extracted_items/ntpc_text/29939_NIT_Download.txt,137597,d299019db4eedeff,
data/processed/extracted_items/ntpc_text/29940_NIT_Download.txt,31727,824003a66781704e,
data/processed/extracted_items/ntpc_text/29941_NIT_Download.txt,21331,31c1d6e715347b94,
data/processed/extracted_items/ntpc_text/29942_NIT_Download.txt,39197,ed2943737a7b9508,
data/processed/extracted_items/ntpc_text/29943_NIT_Download.txt,26139,bff810d677861186,
data/processed/extracted_items/ntpc_text/29944_NIT_Download.txt,4088,e0291281020fc54e,
data/processed/extracted_items/ntpc_text/29944_cor_29944_4_1.txt,14579,e9f8c972428599e0,
data/processed/extracted_items/ntpc_text/29945_NIT_Download.txt,56375,146769d75666242c,
data/processed/extracted_items/ntpc_text/29946_NIT_Download.txt,22349,41f571533621e59c,
data/processed/extracted_items/ntpc_text/29947_NIT_Download.txt,30410,b121d2e4e1d4d36f,
data/processed/extracted_items/ntpc_text/29948_NIT_Download.txt,21867,7e411a026f0ffa5f,
data/processed/extracted_items/ntpc_text/29949_NIT_Download.txt,22201,8c4ad65b1ac78492,
data/processed/extracted_items/ntpc_text/29950_NIT_Download.txt,20837,33dc374c154ff4b3,
data/processed/extracted_items/ntpc_text/29951_Click_here_to_view_Salient_Technical_Features.txt,2854,37e55417e380a7ad,
data/processed/extracted_items/ntpc_text/29951_NIT_Download.txt,55246,f037c3120bd6e2ab,
data/processed/extracted_items/ntpc_text/29951_cor_29951_1_1.txt,55246,f037c3120bd6e2ab,
data/processed/extracted_items/ntpc_text/29952_NIT_Download.txt,31729,d69a3026115297c2,
data/processed/extracted_items/ntpc_text/29953_NIT_Download.txt,12432,89ba81d7433b0069,
data/processed/extracted_items/ntpc_text/29953_cor_29953_1_1.txt,1045,4d9c343e9e03fdca,
data/processed/extracted_items/ntpc_text/29954_NIT_Download.txt,3475,bdc62b9844b92b37,
data/processed/extracted_items/ntpc_text/29955_NIT_Download.txt,18656,436ee1db9303783b,
data/processed/extracted_items/ntpc_text/29956_NIT_Download.txt,21311,4ef0e81177a66ccf,
data/processed/extracted_items/ntpc_text/29957_NIT_Download.txt,14023,c0ac1a53c5cf4058,
data/processed/extracted_items/ntpc_text/29958_NIT_Download.txt,29705,bb401cbd0327e212,
data/processed/extracted_items/ntpc_text/29959_NIT_Download.txt,24918,d35adabc888f1dfc,
data/processed/extracted_items/ntpc_text/29960_NIT_Download.txt,30329,4a8c577c0a01c56a,
data/processed/extracted_items/ntpc_text/29961_NIT_Download.txt,5291,56cb9ea6f3223117,
data/processed/extracted_items/ntpc_text/29962_NIT_Download.txt,20308,347b3babea6b8a8a,
data/processed/extracted_items/ntpc_text/29963_Click_here_to_view_Salient_Technical_Features.txt,2854,12a268dc2404c2ca,
data/processed/extracted_items/ntpc_text/29963_NIT_Download.txt,1557,6a315acb8217a3e6,
data/processed/extracted_items/ntpc_text/29964_Click_here_to_view_Salient_Technical_Features.txt,2884,e6ba478d0e248034,
data/processed/extracted_items/ntpc_text/29964_NIT_Download.txt,50702,5dbb053c75054f1a,
data/processed/extracted_items/ntpc_text/29964_cor_29964_1_1.txt,1827,5b369702772c98a0,
data/processed/extracted_items/ntpc_text/29965_NIT_Download.txt,45356,19be892534261103,
data/processed/extracted_items/ntpc_text/29967_NIT_Download.txt,9,1e135afb54bf948e,
data/processed/extracted_items/ntpc_text/29968_NIT_Download.txt,43094,fd70f61230051a01,
data/processed/extracted_items/ntpc_text/29969_Click_here_to_view_Salient_Technical_Features.txt,2904,f3267a19dae40de6,
data/processed/extracted_items/ntpc_text/29969_NIT_Download.txt,18,6d0b4b5b2e80af44,
data/processed/extracted_items/ntpc_text/29970_NIT_Download.txt,40020,4f9e7ac5e8591269,
data/processed/extracted_items/ntpc_text/29970_cor_29970_1_1.txt,355,4ddc74e0fd9f298b,
data/processed/extracted_items/ntpc_text/29971_NIT_Download.txt,23367,8b52e8b8a4a054b8,
data/processed/extracted_items/ntpc_text/29972_NIT_Download.txt,19370,7bb854ebae93c423,
data/processed/extracted_items/ntpc_text/29973_Click_here_to_view_Salient_Technical_Features.txt,2874,6bc7eb7933ea6088,
data/processed/extracted_items/ntpc_text/29973_NIT_Download.txt,50928,d6bef499e4816a7e,
data/processed/extracted_items/ntpc_text/29973_cor_29973_1_1.txt,1810,7fc6879d7e588f4c,
data/processed/extracted_items/ntpc_text/29974_NIT_Download.txt,26073,4b59474e7d27dd31,
data/processed/extracted_items/ntpc_text/29974_cor_29974_1_1.txt,387,c86988a3308c428f,
data/processed/extracted_items/ntpc_text/29976_NIT_Download.txt,130776,88155707593b0fc8,
data/processed/extracted_items/ntpc_text/29977_NIT_Download.txt,25433,f853409cdf7cbffb,
data/processed/extracted_items/ntpc_text/29977_cor_29977_1_1.txt,344,41d5e6ec416aca98,
data/processed/extracted_items/ntpc_text/29978_NIT_Download.txt,31611,9b543b4eeb540066,
data/processed/extracted_items/ntpc_text/29979_Click_here_to_view_Salient_Technical_Features.txt,1693,45a35512ae99dbc5,
data/processed/extracted_items/ntpc_text/29979_NIT_Download.txt,6221,c0202957c3eed853,
data/processed/extracted_items/ntpc_text/29980_NIT_Download.txt,21455,7986361f6b1e1d4d,
data/processed/extracted_items/ntpc_text/29981_NIT_Download.txt,77226,4372094915f411bf,
data/processed/extracted_items/ntpc_text/29982_NIT_Download.txt,32439,1d4603039bd717fb,
data/processed/extracted_items/ntpc_text/29983_NIT_Download.txt,20224,be3b666a95e35964,
data/processed/extracted_items/ntpc_text/29984_NIT_Download.txt,5098,636d8efab45cedad,
data/processed/extracted_items/ntpc_text/29985_Click_here_to_view_Salient_Technical_Features.txt,3045,a15b077cc907a08b,
data/processed/extracted_items/ntpc_text/29985_NIT_Download.txt,35472,9d9c8e7d9f3bf865,
data/processed/extracted_items/ntpc_text/29985_cor_29985_4_1.txt,17906,847282327975c4e8,
data/processed/extracted_items/ntpc_text/29986_NIT_Download.txt,5427,dd9963602914121e,
data/processed/extracted_items/ntpc_text/29986_cor_29986_2_1.txt,1484,8046545b95720faf,
data/processed/extracted_items/ntpc_text/29987_NIT_Download.txt,1,01ba4719c80b6fe9,
data/processed/extracted_items/ntpc_text/29988_NIT_Download.txt,20642,1a6d11a048cbe83e,
data/processed/extracted_items/ntpc_text/29989_NIT_Download.txt,17362,063c1124b4e142d3,
data/processed/extracted_items/ntpc_text/29990_Click_here_to_view_Salient_Technical_Features.txt,2537,b20e5f0f08ad327c,
data/processed/extracted_items/ntpc_text/29990_NIT_Download.txt,41630,9f0eeb7a3b730745,
data/processed/extracted_items/ntpc_text/29990_cor_29990_5_1.txt,8878,ac3a3d5d362f57f5,
data/processed/extracted_items/ntpc_text/29991_NIT_Download.txt,14300,0211e5c9b5e1d9eb,
data/processed/extracted_items/ntpc_text/29992_NIT_Download.txt,13523,20ae600859244c74,
data/processed/extracted_items/ntpc_text/29992_cor_29992_1_1.txt,425,53035da9fbb06f80,
data/processed/extracted_items/ntpc_text/29993_NIT_Download.txt,19278,ac4faa975653af83,
data/processed/extracted_items/ntpc_text/29994_NIT_Download.txt,22935,599480533e094687,
data/processed/extracted_items/ntpc_text/29995_NIT_Download.txt,28333,fadcab0db1618d94,
data/processed/extracted_items/ntpc_text/29996_NIT_Download.txt,4377,371bfaee3be8d479,
data/processed/extracted_items/ntpc_text/29997_NIT_Download.txt,11493,345375e39f20247d,
data/processed/extracted_items/ntpc_text/29998_NIT_Download.txt,18223,44dbaa864cb20763,
data/processed/extracted_items/ntpc_text/29999_NIT_Download.txt,18165,f391e371244ffe38,
data/processed/extracted_items/ntpc_text/30000_NIT_Download.txt,4880,b9bc2913ef89cb12,
data/processed/extracted_items/ntpc_text/30001_NIT_Download.txt,107333,c0e1dee46f8ef462,
data/processed/extracted_items/ntpc_text/30002_Click_here_to_view_Salient_Technical_Features.txt,4517,cb6f29ec7820f382,
data/processed/extracted_items/ntpc_text/30002_NIT_Download.txt,35151,7f5fb144721f29c7,
data/processed/extracted_items/ntpc_text/30003_NIT_Download.txt,46044,0827b5d2f965b111,
data/processed/extracted_items/ntpc_text/30004_NIT_Download.txt,46044,0827b5d2f965b111,
data/processed/extracted_items/ntpc_text/30005_NIT_Download.txt,18560,17864fb6e71df194,
data/processed/extracted_items/ntpc_text/30006_NIT_Download.txt,23980,7bd2e24089b69875,
data/processed/extracted_items/ntpc_text/30007_NIT_Download.txt,29996,ba9fa054d3ae7f0a,
data/processed/extracted_items/ntpc_text/30009_NIT_Download.txt,22125,74c208b8a832c2cb,
data/processed/extracted_items/ntpc_text/30010_NIT_Download.txt,23285,8da28cb97d60ad08,
data/processed/extracted_items/ntpc_text/30011_NIT_Download.txt,45680,ed38e88ea7faa880,
data/processed/extracted_items/ntpc_text/30012_NIT_Download.txt,30855,cda0cb9d0110d2bf,
data/processed/extracted_items/ntpc_text/30013_NIT_Download.txt,105292,c7d3d3fe566aa3d5,
data/processed/extracted_items/ntpc_text/30014_NIT_Download.txt,11885,5ee4f6b53d76f5fd,
data/processed/extracted_items/ntpc_text/30015_NIT_Download.txt,28715,c0e5a2bc9998e3bb,
data/processed/extracted_items/ntpc_text/30016_NIT_Download.txt,13034,3f20728ef0dbb13d,
data/processed/extracted_items/ntpc_text/30017_NIT_Download.txt,94732,94264cbe8efb2224,
data/processed/extracted_items/ntpc_text/30018_NIT_Download.txt,25054,1583223471c54c45,
data/processed/extracted_items/ntpc_text/30019_NIT_Download.txt,13530,779dcf8546b7bfe6,
data/processed/extracted_items/ntpc_text/30020_NIT_Download.txt,14218,548238af08fc43c0,
data/processed/extracted_items/ntpc_text/30021_NIT_Download.txt,34546,3bb37a94f5be8027,
data/processed/extracted_items/ntpc_text/30021_cor_30021_1_1.txt,1871,438d96760e141a76,
data/processed/extracted_items/ntpc_text/30022_NIT_Download.txt,134932,de206e7ee75052ce,
data/processed/extracted_items/ntpc_text/30023_NIT_Download.txt,54104,5cfa3a627b8f1e2c,
data/processed/extracted_items/ntpc_text/30024_NIT_Download.txt,27440,6a9e45e072975afb,
data/processed/extracted_items/ntpc_text/30025_cor_30025_1_1.txt,42405,3e9f58b08b366406,
data/processed/extracted_items/ntpc_text/30027_NIT_Download.txt,26241,3428d2bc13002fdd,
data/processed/extracted_items/ntpc_text/30028_NIT_Download.txt,22071,39a24bd6648b612c,
data/processed/extracted_items/ntpc_text/30029_NIT_Download.txt,19505,f1126cd76c09a1c7,
data/processed/extracted_items/ntpc_text/30030_NIT_Download.txt,3324,62220b592da0135e,
data/processed/extracted_items/ntpc_text/30031_NIT_Download.txt,5574,e7ea7bfc30b389dd,
data/processed/extracted_items/ntpc_text/30032_NIT_Download.txt,11119,c36ce701abac64ae,
data/processed/extracted_items/ntpc_text/30033_NIT_Download.txt,3044,ff98fcddc02c5411,
data/processed/extracted_items/ntpc_text/30034_NIT_Download.txt,4428,726c7fd7f7a8ed82,
data/processed/extracted_items/ntpc_text/30034_cor_30034_1_1.txt,4428,726c7fd7f7a8ed82,
data/processed/extracted_items/ntpc_text/30035_NIT_Download.txt,5575,0f97bd88158de964,
data/processed/extracted_items/ntpc_text/30035_cor_30035_1_1.txt,376,5065952c3653d513,
data/processed/extracted_items/ntpc_text/30036_NIT_Download.txt,56047,4451dcf4aedf3068,
data/processed/extracted_items/ntpc_text/30036_cor_30036_1_1.txt,54670,a9051e3ac6453ddd,
data/processed/extracted_items/ntpc_text/30037_NIT_Download.txt,11674,0af215e6f0734f5c,
data/processed/extracted_items/ntpc_text/30037_cor_30037_1_1.txt,42,e5a30e2136533df3,
data/processed/extracted_items/ntpc_text/30038_NIT_Download.txt,4522,577ae9a769129032,
data/processed/extracted_items/ntpc_text/30038_cor_30038_2_1.txt,1077,496cd39e40885380,
data/processed/extracted_items/ntpc_text/30039_NIT_Download.txt,24397,1e9e3b90a6f2c746,
data/processed/extracted_items/ntpc_text/30040_NIT_Download.txt,14162,6e6d87e808cd9c7d,
data/processed/extracted_items/ntpc_text/30041_NIT_Download.txt,17902,5c6fa986194343d1,
data/processed/extracted_items/ntpc_text/30042_NIT_Download.txt,27716,dc9fbbed4261787c,
data/processed/extracted_items/ntpc_text/30043_NIT_Download.txt,31026,d9553d7d1f223d17,
data/processed/extracted_items/ntpc_text/30044_NIT_Download.txt,45664,82067a97e0c572d4,
data/processed/extracted_items/ntpc_text/30044_cor_30044_1_1.txt,423,a0f7019f7f26a4b1,
data/processed/extracted_items/ntpc_text/30045_NIT_Download.txt,18640,335271b1d9dc6227,
data/processed/extracted_items/ntpc_text/30046_NIT_Download.txt,35737,4b77849f9e9c8f53,
data/processed/extracted_items/ntpc_text/30047_NIT_Download.txt,72361,ea7d188e2c7a0c0b,
data/processed/extracted_items/ntpc_text/30048_NIT_Download.txt,24769,9d93ee3f9a2cb8db,
data/processed/extracted_items/ntpc_text/30049_NIT_Download.txt,25298,66bc1e9cbed17618,
data/processed/extracted_items/ntpc_text/30050_NIT_Download.txt,17403,6946d0096ea1fe2d,
data/processed/extracted_items/ntpc_text/30051_NIT_Download.txt,17519,8568b21377f00cf0,
data/processed/extracted_items/ntpc_text/30052_NIT_Download.txt,17503,ef22971bc33f7a14,
data/processed/extracted_items/ntpc_text/30053_NIT_Download.txt,17441,f36f801a71bab6dd,
data/processed/extracted_items/ntpc_text/30054_NIT_Download.txt,61375,7fcd7413ff176963,
data/processed/extracted_items/ntpc_text/30055_NIT_Download.txt,35364,35c3e82c6e650ae8,
data/processed/extracted_items/ntpc_text/30056_NIT_Download.txt,19182,b0c19ba57ac0c3fc,
data/processed/extracted_items/ntpc_text/30057_NIT_Download.txt,21176,8a7f4211bd125a3b,
data/processed/extracted_items/ntpc_text/30058_NIT_Download.txt,19424,45c3cf623d340431,
data/processed/extracted_items/ntpc_text/30059_NIT_Download.txt,32379,4688161b7612b29d,
data/processed/extracted_items/ntpc_text/30060_NIT_Download.txt,17992,92db8bfd841f5252,
data/processed/extracted_items/ntpc_text/30061_NIT_Download.txt,2,75a11da44c802486,
data/processed/extracted_items/ntpc_text/30062_NIT_Download.txt,13584,418ae64560932016,
data/processed/extracted_items/ntpc_text/30063_NIT_Download.txt,42967,751aef3eb230d5f3,
data/processed/extracted_items/ntpc_text/30064_NIT_Download.txt,106912,05796b43019c1854,
data/processed/extracted_items/ntpc_text/30065_NIT_Download.txt,37968,1fdcb7441c63886d,
data/processed/extracted_items/ntpc_text/30066_NIT_Download.txt,27885,59e61f151013fe7f,
data/processed/extracted_items/ntpc_text/30067_NIT_Download.txt,30252,81bd1effceb797e8,
data/processed/extracted_items/ntpc_text/30068_NIT_Download.txt,93854,a52442046c00f4fa,
data/processed/extracted_items/ntpc_text/30069_NIT_Download.txt,43212,50ae5ddba33a5858,
data/processed/extracted_items/ntpc_text/30069_cor_30069_1_1.txt,43212,31a459d64c68c84b,
data/processed/extracted_items/ntpc_text/30070_NIT_Download.txt,22370,b70c8395b32045c8,
data/processed/extracted_items/ntpc_text/30071_NIT_Download.txt,26891,fa11fe3197868e68,
data/processed/extracted_items/ntpc_text/30072_NIT_Download.txt,14590,7208d9697ab8653d,
data/processed/extracted_items/ntpc_text/30073_NIT_Download.txt,19597,c2c884889023f352,
data/processed/extracted_items/ntpc_text/30074_NIT_Download.txt,13949,232e8abfed2bad02,
data/processed/extracted_items/ntpc_text/30076_NIT_Download.txt,23410,1df02218946b942f,
data/processed/extracted_items/ntpc_text/30077_NIT_Download.txt,23984,28c2d80f5d17e153,
data/processed/extracted_items/ntpc_text/30078_NIT_Download.txt,23956,030218c5d7c5ee6b,
data/processed/extracted_items/ntpc_text/30079_NIT_Download.txt,42960,7f0d055760a00119,
data/processed/extracted_items/ntpc_text/30080_NIT_Download.txt,22670,45143bc6a02f9d9f,
data/processed/extracted_items/ntpc_text/30081_NIT_Download.txt,17380,21fb06a412dc3b66,
data/processed/extracted_items/ntpc_text/30081_cor_30081_1_1.txt,1575,29acdda8fa84e27e,
data/processed/extracted_items/ntpc_text/30082_NIT_Download.txt,21560,47c1926c0e25bf4c,
data/processed/extracted_items/ntpc_text/30082_cor_30082_5_1.txt,11939,30be44dc7d1f5a5b,
data/processed/extracted_items/ntpc_text/30083_NIT_Download.txt,24159,92123f62e73eddff,
data/processed/extracted_items/ntpc_text/30084_NIT_Download.txt,43368,da4987316d6a33d9,
data/processed/extracted_items/ntpc_text/30085_NIT_Download.txt,17986,5f49b9c3bc401f60,
data/processed/extracted_items/ntpc_text/30086_NIT_Download.txt,21177,a9b9a899fab76839,
data/processed/extracted_items/ntpc_text/30087_NIT_Download.txt,15645,688cbc286447de78,
data/processed/extracted_items/ntpc_text/30088_NIT_Download.txt,26736,0124182159a08015,
data/processed/extracted_items/ntpc_text/30089_NIT_Download.txt,22180,378cf6b32d672385,
data/processed/extracted_items/ntpc_text/30090_NIT_Download.txt,21773,b039052beffcbd5b,
data/processed/extracted_items/ntpc_text/30091_NIT_Download.txt,108986,c11df03aa4580b44,
data/processed/extracted_items/ntpc_text/30092_NIT_Download.txt,24973,77478ffc5b64e8ce,
data/processed/extracted_items/ntpc_text/30093_NIT_Download.txt,23581,4b350f8c52063f69,
data/processed/extracted_items/ntpc_text/30094_NIT_Download.txt,22191,817e61a757230312,
data/processed/extracted_items/ntpc_text/30095_NIT_Download.txt,65336,8138c71def5f71cf,
data/processed/extracted_items/ntpc_text/30096_NIT_Download.txt,30177,59fb611e1906a69b,
data/processed/extracted_items/ntpc_text/30097_NIT_Download.txt,24401,e5c75ae528350745,
data/processed/extracted_items/ntpc_text/30098_NIT_Download.txt,23398,661a1336455525a4,
data/processed/extracted_items/ntpc_text/30098_cor_30098_1_1.txt,5614,50bc6872326f8d61,
data/processed/extracted_items/ntpc_text/30099_NIT_Download.txt,3764,cae97f4a81cfc47b,
data/processed/extracted_items/ntpc_text/30100_NIT_Download.txt,21100,81106c25982ac312,
data/processed/extracted_items/ntpc_text/30101_NIT_Download.txt,13796,e4a4bdb2ae614239,
data/processed/extracted_items/ntpc_text/30102_NIT_Download.txt,10436,22873fd81bd0ec9c,
data/processed/extracted_items/ntpc_text/30102_cor_30102_1_1.txt,0,e3b0c44298fc1c14,
data/processed/extracted_items/ntpc_text/30103_NIT_Download.txt,22921,f48ad736ad7fe7be,
data/processed/extracted_items/ntpc_text/30104_NIT_Download.txt,18426,728162d96a130c71,
data/processed/extracted_items/ntpc_text/30105_NIT_Download.txt,16297,2b1da0d1912ec767,
data/processed/extracted_items/ntpc_text/30106_NIT_Download.txt,17203,96d265026b9874f4,
data/processed/extracted_items/ntpc_text/30107_Click_here_to_view_Salient_Technical_Features.txt,2854,12a268dc2404c2ca,
data/processed/extracted_items/ntpc_text/30107_NIT_Download.txt,17418,57abe5c8d0c57ee5,
data/processed/extracted_items/ntpc_text/30108_NIT_Download.txt,109423,99088f8259689593,
data/processed/extracted_items/ntpc_text/30109_NIT_Download.txt,39647,bb492554f2575eca,
data/processed/extracted_items/ntpc_text/30110_NIT_Download.txt,3736,c4e2a8c0e50ea2b7,
data/processed/extracted_items/ntpc_text/30111_NIT_Download.txt,43263,e77627ac9e9f9d55,
data/processed/extracted_items/ntpc_text/30112_NIT_Download.txt,2,75a11da44c802486,
data/processed/extracted_items/ntpc_text/30113_NIT_Download.txt,3359,1902a12076be6788,
data/processed/extracted_items/ntpc_text/30114_NIT_Download.txt,10231,d984b31f5235cb8a,
data/processed/extracted_items/ntpc_text/30115_NIT_Download.txt,2954,ec3f202e6811a0c9,
data/processed/extracted_items/ntpc_text/30116_NIT_Download.txt,3942,dc133becde0e6944,
data/processed/extracted_items/ntpc_text/30117_NIT_Download.txt,6166,26dd019a6ee9a801,
data/processed/extracted_items/ntpc_text/30118_NIT_Download.txt,3462,23eb2cc5324d2f23,
data/processed/extracted_items/ntpc_text/30119_NIT_Download.txt,4580,a2eedbd483705b39,
data/processed/extracted_items/ntpc_text/30120_NIT_Download.txt,2997,e952a85a1e14128a,
data/processed/extracted_items/ntpc_text/30121_NIT_Download.txt,15881,65e3f2354c0d84cc,
data/processed/extracted_items/ntpc_text/30122_NIT_Download.txt,17134,df709aec24de2054,
data/processed/extracted_items/ntpc_text/30122_cor_30122_2_1.txt,418,7bcb67d4d55b504c,
data/processed/extracted_items/ntpc_text/30123_NIT_Download.txt,21911,c470f2793ee17fe6,
data/processed/extracted_items/ntpc_text/30124_NIT_Download.txt,199577,ca2e1bef802401b8,
data/processed/extracted_items/ntpc_text/30125_NIT_Download.txt,27479,97358000752dc89d,
data/processed/extracted_items/ntpc_text/30126_NIT_Download.txt,35537,22d69542a8d47a36,
data/processed/extracted_items/ntpc_text/30127_NIT_Download.txt,62421,be6f33316a3c7395,
data/processed/extracted_items/ntpc_text/30128_NIT_Download.txt,33786,1f6b1501de774064,
data/processed/extracted_items/ntpc_text/30129_NIT_Download.txt,29997,3034f8367daad48d,
data/processed/extracted_items/ntpc_text/30130_NIT_Download.txt,51122,cd399048d395cd7e,
data/processed/extracted_items/ntpc_text/30131_Click_here_to_view_Salient_Technical_Features.txt,5386,4ed64a83112840a7,
data/processed/extracted_items/ntpc_text/30131_NIT_Download.txt,28393,a1dc8838408f387e,
data/processed/extracted_items/ntpc_text/30132_NIT_Download.txt,116589,e7aac58cbc420a51,
data/processed/extracted_items/ntpc_text/30133_NIT_Download.txt,15077,e68bb9bdd909b402,
data/processed/extracted_items/ntpc_text/30134_NIT_Download.txt,61867,d4d55860a214becb,
data/processed/extracted_items/ntpc_text/30135_NIT_Download.txt,5137,850b86937673ad79,
data/processed/extracted_items/ntpc_text/30136_NIT_Download.txt,19654,6d083b7146439074,
data/processed/extracted_items/ntpc_text/30137_NIT_Download.txt,15471,e3766a76c6369e3e,
data/processed/extracted_items/ntpc_text/30138_NIT_Download.txt,38849,bcecef51427b4ed6,
data/processed/extracted_items/ntpc_text/30139_NIT_Download.txt,26120,1c6d08b917aa66a4,
data/processed/extracted_items/ntpc_text/30140_NIT_Download.txt,23357,de69a48794721377,
data/processed/extracted_items/ntpc_text/30141_NIT_Download.txt,4851,60c36bb5d8f2dd24,
data/processed/extracted_items/ntpc_text/30142_NIT_Download.txt,39083,32faefe8c7fab5ee,
data/processed/extracted_items/ntpc_text/30143_NIT_Download.txt,19835,f1eba7f96a8cabb8,
data/processed/extracted_items/ntpc_text/30144_NIT_Download.txt,20449,928a829ae30ba019,
data/processed/extracted_items/ntpc_text/30145_NIT_Download.txt,24212,8c6b8cfa49e14f8f,
data/processed/extracted_items/ntpc_text/30146_NIT_Download.txt,22922,88c2524e5b8be50f,
data/processed/extracted_items/ntpc_text/30147_NIT_Download.txt,41561,eb03c56c203b0c90,
data/processed/extracted_items/ntpc_text/30148_NIT_Download.txt,163151,a89fe5d7bda58ae2,
data/processed/extracted_items/ntpc_text/30149_NIT_Download.txt,51666,d2daf51756d3b688,
data/processed/extracted_items/ntpc_text/30150_NIT_Download.txt,51753,586be85609aa9e96,
data/processed/extracted_items/ntpc_text/30151_NIT_Download.txt,52204,ccc17e18a1eece8c,
data/processed/extracted_items/ntpc_text/30152_NIT_Download.txt,5814,5c9bd87bc6af2727,
data/processed/extracted_items/ntpc_text/30153_NIT_Download.txt,30420,82e10706f65d51dd,
data/processed/extracted_items/ntpc_text/30154_NIT_Download.txt,32296,91ef57f721302642,
data/processed/extracted_items/ntpc_text/30155_NIT_Download.txt,20483,5e7555994bdb00f3,
data/processed/extracted_items/ntpc_text/30156_NIT_Download.txt,64746,f87bd73e5a6acdc8,
data/processed/extracted_items/ntpc_text/30157_NIT_Download.txt,18164,ec3894852b562d58,
data/processed/extracted_items/ntpc_text/30158_NIT_Download.txt,22156,46cebe73f0784b81,
data/processed/extracted_items/ntpc_text/30159_NIT_Download.txt,108946,51778378cab2662d,
data/processed/extracted_items/ntpc_text/30160_NIT_Download.txt,30959,4d05ef6c8a9f5b10,
data/processed/extracted_items/ntpc_text/30161_NIT_Download.txt,34120,0c78d8113ce524a9,
data/processed/extracted_items/ntpc_text/30162_NIT_Download.txt,37643,c8995c36b3a24bb1,
data/processed/extracted_items/ntpc_text/30163_NIT_Download.txt,17285,eaba2b52bc709cc6,
data/processed/extracted_items/ntpc_text/30164_NIT_Download.txt,24143,d703f35b1373de32,
data/processed/extracted_items/ntpc_text/30165_NIT_Download.txt,21981,d63fae13aa6c21d1,
data/processed/extracted_items/ntpc_text/30166_Click_here_to_view_Salient_Technical_Features.txt,3005,e46213cce105a768,
data/processed/extracted_items/ntpc_text/30166_NIT_Download.txt,35877,e62d1900e2c36e22,
data/processed/extracted_items/ntpc_text/30166_cor_30166_1_1.txt,2157,654d6580068b1975,
data/processed/extracted_items/ntpc_text/30167_NIT_Download.txt,28504,e9ae7bdff07fd89b,
data/processed/extracted_items/ntpc_text/30168_NIT_Download.txt,24394,35edec73979065b6,
data/processed/extracted_items/ntpc_text/30168_cor_30168_2_1.txt,1,01ba4719c80b6fe9,
data/processed/extracted_items/ntpc_text/30169_NIT_Download.txt,5104,1bde1e9a462702d5,
data/processed/extracted_items/ntpc_text/30170_NIT_Download.txt,21631,c797df80c349548e,
data/processed/extracted_items/ntpc_text/30171_NIT_Download.txt,24251,9107f8dad0d5028e,
data/processed/extracted_items/ntpc_text/30172_NIT_Download.txt,33479,70f7fe43417e90f9,
data/processed/extracted_items/ntpc_text/30173_NIT_Download.txt,27432,ca173faf815876f6,
data/processed/extracted_items/ntpc_text/30174_NIT_Download.txt,23870,f09fb9e18508ac52,
data/processed/extracted_items/ntpc_text/30175_NIT_Download.txt,17157,690c1dfb248654fb,
data/processed/extracted_items/ntpc_text/30176_NIT_Download.txt,126297,2272c5f9085e4645,
data/processed/extracted_items/ntpc_text/30177_NIT_Download.txt,22209,8b809db1afe4559c,
data/processed/extracted_items/ntpc_text/30179_Click_here_to_view_Salient_Technical_Features.txt,3876,12c8aec0bac4eb3e,
data/processed/extracted_items/ntpc_text/30179_NIT_Download.txt,17695,902fcfc19e7bdc99,
data/processed/extracted_items/ntpc_text/30180_NIT_Download.txt,27722,d8a1a5c55d715c6a,
data/processed/extracted_items/ntpc_text/30181_NIT_Download.txt,16554,3ca78963c612d612,
data/processed/extracted_items/ntpc_text/30182_NIT_Download.txt,25695,f8e9f57809c704a4,
data/processed/extracted_items/ntpc_text/30182_cor_30182_1_1.txt,0,e3b0c44298fc1c14,
data/processed/extracted_items/ntpc_text/30183_NIT_Download.txt,26404,53c6261d2bd7db40,
data/processed/extracted_items/ntpc_text/30184_NIT_Download.txt,25828,4db522f4a66b9d02,
data/processed/extracted_items/ntpc_text/30185_NIT_Download.txt,3139,813f79f6b9dee08a,
data/processed/extracted_items/ntpc_text/30186_NIT_Download.txt,8585,7ad5bf0f3325e713,
data/processed/extracted_items/ntpc_text/30187_NIT_Download.txt,13833,1e323f970c8b4828,
data/processed/extracted_items/ntpc_text/30188_NIT_Download.txt,23000,eddc2efd08b6e5dd,
data/processed/extracted_items/ntpc_text/30189_NIT_Download.txt,24678,7e30d0261a936c0c,
data/processed/extracted_items/ntpc_text/30190_NIT_Download.txt,16717,772fc3ddaf5287a8,
data/processed/extracted_items/ntpc_text/30191_NIT_Download.txt,24681,5315be91bcb9e13f,
data/processed/extracted_items/ntpc_text/30192_NIT_Download.txt,10904,2db0c6e03ee815c1,
data/processed/extracted_items/ntpc_text/30193_NIT_Download.txt,26715,6763686d93a219df,
data/processed/extracted_items/ntpc_text/30194_NIT_Download.txt,17935,232681a678d99983,
data/processed/extracted_items/ntpc_text/30195_NIT_Download.txt,36512,f182d2d3761b2f62,
data/processed/extracted_items/ntpc_text/30196_NIT_Download.txt,108991,b66824ee2aedcb53,
data/processed/extracted_items/ntpc_text/30197_NIT_Download.txt,21323,a6163bde1ea233f5,
data/processed/extracted_items/ntpc_text/30198_NIT_Download.txt,26549,716b09b2ea4a70bc,
data/processed/extracted_items/ntpc_text/30199_NIT_Download.txt,26060,d7094c4f8fa4aaca,
data/processed/extracted_items/ntpc_text/30200_NIT_Download.txt,139066,ab71bdce034e0bf6,
data/processed/extracted_items/ntpc_text/30201_NIT_Download.txt,16609,0eeaa4a667bbd288,
data/processed/extracted_items/ntpc_text/30202_NIT_Download.txt,15412,05c5e9f881f85f95,
data/processed/extracted_items/ntpc_text/30203_NIT_Download.txt,8912,6023b0d2ca4184b4,
data/processed/extracted_items/ntpc_text/30204_NIT_Download.txt,16,d66fef87c0f962f1,
data/processed/extracted_items/ntpc_text/30205_NIT_Download.txt,2785,44c9f1d31cf92640,
data/processed/extracted_items/ntpc_text/30206_NIT_Download.txt,4780,6f51294f1dcb630c,
data/processed/extracted_items/ntpc_text/30207_NIT_Download.txt,4585,0fc20c09bd4bef07,
data/processed/extracted_items/ntpc_text/30208_NIT_Download.txt,8768,bef3870fb6aa6275,
data/processed/extracted_items/ntpc_text/30209_NIT_Download.txt,28025,d821d1f490ace0b1,
data/processed/extracted_items/ntpc_text/30210_NIT_Download.txt,5489,2746f13902581fba,
data/processed/extracted_items/ntpc_text/30211_NIT_Download.txt,9679,629969824344f487,
data/processed/extracted_items/ntpc_text/30212_NIT_Download.txt,7209,4ac933892c6e04c4,
data/processed/extracted_items/ntpc_text/30213_NIT_Download.txt,1,01ba4719c80b6fe9,
data/processed/extracted_items/ntpc_text/30214_NIT_Download.txt,17740,2a032c38f480bf5c,
data/processed/extracted_items/ntpc_text/30215_NIT_Download.txt,43942,37c8dd5d4ea5a028,
data/processed/extracted_items/ntpc_text/30216_NIT_Download.txt,28214,87501c2fdb1e2c19,
data/processed/extracted_items/ntpc_text/30217_NIT_Download.txt,2734,e0c888a8b6dc2c17,
data/processed/extracted_items/ntpc_text/30218_NIT_Download.txt,30723,c4ca810fbb7706c4,
data/processed/extracted_items/ntpc_text/30219_NIT_Download.txt,1,01ba4719c80b6fe9,
data/processed/extracted_items/ntpc_text/30220_NIT_Download.txt,14668,e7c2e157f93e7b21,
data/processed/extracted_items/ntpc_text/30221_NIT_Download.txt,43128,0fc6c2e2c4f9b0c1,
data/processed/extracted_items/ntpc_text/30222_NIT_Download.txt,27835,a4391c043a91bc0f,
data/processed/extracted_items/ntpc_text/30223_NIT_Download.txt,19155,a549d157c771447e,
data/processed/extracted_items/ntpc_text/30224_NIT_Download.txt,6,d088784b7ecb87f1,
data/processed/extracted_items/ntpc_text/30225_NIT_Download.txt,23057,6fc236a1097a8865,
data/processed/extracted_items/ntpc_text/30226_NIT_Download.txt,11207,9173d5b38956e3c6,
data/processed/extracted_items/ntpc_text/30227_NIT_Download.txt,12920,724d35bf4acebd30,
data/processed/extracted_items/ntpc_text/30228_NIT_Download.txt,27101,41df7ca2323aff8a,
data/processed/extracted_items/ntpc_text/30229_NIT_Download.txt,22793,63de0f15407c21e8,
data/processed/extracted_items/ntpc_text/30230_NIT_Download.txt,13599,f423fdb1f644e1e4,
data/processed/extracted_items/ntpc_text/30231_NIT_Download.txt,24599,db531cb516b2dc78,
data/raw/cppp/tenders/organisations_with_tender_counts.csv,10728,c2eb9668ca0330b3,235
data/raw/datagovin/catalog_index.json,2,44136fa355b3678a,
data/raw/iocl/tenders/Future_Procurement_Plan25-26.pdf,1655555,e0dadd0b0caf1f49,
data/raw/iocl/tenders/Listof358itemsreservedforProcurementFromMSEsunderPPP-2012.pdf,295945,a2e7b03147d73b14,
data/raw/iocl/tenders/RequiredServicesSupplyitems.pdf,396851,0899cd89240e71aa,
data/raw/iocl/tenders/bid_covers.csv,1102685,d05c572bd665e743,3715
data/raw/iocl/tenders/documents_index.csv,71,13a3f38d26aeb471,0
data/raw/iocl/tenders/raw_html_sample/tender_2026_AOD_190743_2.html,87724,67dbf19c41063a36,
data/raw/iocl/tenders/raw_html_sample/tender_2026_AOD_191202_1.html,88937,17f7b9edf890342b,
data/raw/iocl/tenders/raw_html_sample/tender_2026_AOD_191219_1.html,99098,53a0a0bc7ec927c9,
data/raw/iocl/tenders/raw_html_sample/tender_2026_AOD_191312_1.html,89127,4cc5302e00e54a2f,
data/raw/iocl/tenders/raw_html_sample/tender_2026_BD_191230_1.html,83120,77aa21c6599555e8,
data/raw/iocl/tenders/raw_html_sample/tender_2026_BGR_191164_1.html,98119,a20fce0ab6b49394,
data/raw/iocl/tenders/raw_html_sample/tender_2026_BGR_191338_1.html,81655,9e1127fd9005ddf6,
data/raw/iocl/tenders/raw_html_sample/tender_2026_BR_190479_1.html,111293,3bcf346e3897f695,
data/raw/iocl/tenders/raw_html_sample/tender_2026_BR_191281_1.html,93269,8979b66a82256dff,
data/raw/iocl/tenders/raw_html_sample/tender_2026_BR_191299_1.html,90489,a9370774a74aa565,
data/raw/iocl/tenders/raw_html_sample/tender_2026_BR_191309_1.html,109132,1392526844141214,
data/raw/iocl/tenders/raw_html_sample/tender_2026_DLSO_191076_1.html,83125,12f09db5826fa6cc,
data/raw/iocl/tenders/raw_html_sample/tender_2026_DLSO_191270_1.html,91071,71496dfa62a8218b,
data/raw/iocl/tenders/raw_html_sample/tender_2026_ERBBS_191331_1.html,94642,19a6730e718da64c,
data/raw/iocl/tenders/raw_html_sample/tender_2026_ERKLK_191021_1.html,85169,cb4579d7058ec42d,
data/raw/iocl/tenders/raw_html_sample/tender_2026_ERKLK_191194_1.html,91594,fdbaecbe750e6031,
data/raw/iocl/tenders/raw_html_sample/tender_2026_ERKLK_191194_2.html,91571,d4e9b192e0234131,
data/raw/iocl/tenders/raw_html_sample/tender_2026_ERKLK_191194_3.html,91606,c2ade9e7a93d526e,
data/raw/iocl/tenders/raw_html_sample/tender_2026_ERO_191120_1.html,81509,94aa0c9e34788653,
data/raw/iocl/tenders/raw_html_sample/tender_2026_ERO_191144_1.html,104167,cb9f837385f4ae4d,
data/raw/iocl/tenders/raw_html_sample/tender_2026_ERO_191277_1.html,103882,d3bc312079e1176f,
data/raw/iocl/tenders/raw_html_sample/tender_2026_ERO_191315_1.html,95928,dfc94c138ad21128,
data/raw/iocl/tenders/raw_html_sample/tender_2026_ERO_191335_1.html,98851,c77e31dcc181ae9b,
data/raw/iocl/tenders/raw_html_sample/tender_2026_GR_191061_1.html,86982,e17c0deadf8259f5,
data/raw/iocl/tenders/raw_html_sample/tender_2026_GR_191163_1.html,105823,1740d3eaeb2de636,
data/raw/iocl/tenders/raw_html_sample/tender_2026_GSO_191320_1.html,87371,579b851394ecbb1f,
data/raw/iocl/tenders/raw_html_sample/tender_2026_HR_190906_2.html,81704,e960b812035f1d0f,
data/raw/iocl/tenders/raw_html_sample/tender_2026_HR_191195_1.html,87540,15360b0f7c0da19e,
data/raw/iocl/tenders/raw_html_sample/tender_2026_HR_191198_1.html,87911,5169b405dad43320,
data/raw/iocl/tenders/raw_html_sample/tender_2026_HR_191203_1.html,90059,755e67e3df2f9caa,
data/raw/iocl/tenders/raw_html_sample/tender_2026_HR_191204_1.html,81673,cd5fedcfc766e3a4,
data/raw/iocl/tenders/raw_html_sample/tender_2026_HR_191233_1.html,81888,d014714cf538c1cf,
data/raw/iocl/tenders/raw_html_sample/tender_2026_HR_191251_1.html,88030,b5e30ec11bd09833,
data/raw/iocl/tenders/raw_html_sample/tender_2026_HR_191268_1.html,90209,bdca14ec9f6db63b,
data/raw/iocl/tenders/raw_html_sample/tender_2026_HR_191278_1.html,79166,8661e7d962e336d1,
data/raw/iocl/tenders/raw_html_sample/tender_2026_HR_191285_1.html,79188,bf27604d7872c694,
data/raw/iocl/tenders/raw_html_sample/tender_2026_HR_191302_1.html,87864,548bdcc67a580248,
data/raw/iocl/tenders/raw_html_sample/tender_2026_IBPN_189410_1.html,79456,366c83e9c9cd57fb,
data/raw/iocl/tenders/raw_html_sample/tender_2026_IBPN_191133_1.html,85867,2850826df8889830,
data/raw/iocl/tenders/raw_html_sample/tender_2026_JR_190221_1.html,85803,ef7ae6ebefd38ecc,
data/raw/iocl/tenders/raw_html_sample/tender_2026_JR_191077_1.html,95769,8ed2f5270d61b574,
data/raw/iocl/tenders/raw_html_sample/tender_2026_JR_191122_1.html,86473,998a3ec1b0fd8d42,
data/raw/iocl/tenders/raw_html_sample/tender_2026_JR_191152_1.html,82570,102d55027b5021bd,
data/raw/iocl/tenders/raw_html_sample/tender_2026_JR_191168_1.html,86168,8fbfdafd5cebe27a,
data/raw/iocl/tenders/raw_html_sample/tender_2026_JR_191177_1.html,88033,b837cc7e1248d343,
data/raw/iocl/tenders/raw_html_sample/tender_2026_JR_191207_1.html,95164,3627f292d6b2d4d2,
data/raw/iocl/tenders/raw_html_sample/tender_2026_JR_191213_1.html,88470,1a32553f6739bf62,
data/raw/iocl/tenders/raw_html_sample/tender_2026_JR_191237_1.html,88453,b6309508367bda56,
data/raw/iocl/tenders/raw_html_sample/tender_2026_JR_191279_1.html,81645,b2379f2d38e7fdb2,
data/raw/iocl/tenders/raw_html_sample/tender_2026_JR_191294_1.html,86474,7381b7ea3005496f,
data/raw/iocl/tenders/search_rows.csv,428427,47d560ea57db2c06,701
data/raw/iocl/tenders/tender_details.csv,189774,5e0fc031526efa74,179
data/raw/ntpc/documents/28816_cor_28816_1_1.pdf,49438,da498f7f4f3f7d53,
data/raw/ntpc/documents/28822_cor_28822_1_1.pdf,49825,95558ea2c9efed82,
data/raw/ntpc/documents/28887_Click_here_to_view_Salient_Technical_Features.pdf,55472,3741ba98779991c7,
data/raw/ntpc/documents/28894_Click_here_to_view_Salient_Technical_Features.pdf,61920,dee0714d2fc659d3,
data/raw/ntpc/documents/28907_NIT_Download.pdf,21356,c979fcc7e51605aa,
data/raw/ntpc/documents/28908_NIT_Download.pdf,22358,09c0ebf5450d837a,
data/raw/ntpc/documents/28911_NIT_Download.pdf,19437,8a2cc4cbbf5bd26a,
data/raw/ntpc/documents/28912_NIT_Download.pdf,53956,d072c773d7ab95d6,
data/raw/ntpc/documents/28917_NIT_Download.pdf,57165,8a042cc3acea11e1,
data/raw/ntpc/documents/28948_Click_here_to_view_Salient_Technical_Features.pdf,62152,851d6956fd8548f8,
data/raw/ntpc/documents/28992_cor_28992_1_1.pdf,47665,76de34ce67fd509a,
data/raw/ntpc/documents/28993_NIT_Download.pdf,8178,d0d5a8c01d566420,
data/raw/ntpc/documents/29012_cor_29012_2_1.pdf,50348,8ab938ba001e439b,
data/raw/ntpc/documents/29013_cor_29013_2_1.pdf,50795,8eb225053f999ab0,
data/raw/ntpc/documents/29072_cor_29072_1_1.pdf,49980,5be910557f596d16,
data/raw/ntpc/documents/29083_NIT_Download.pdf,22231,f258af5aad95f842,
data/raw/ntpc/documents/29142_cor_29142_1_1.pdf,33234,9473d4d27ab01fc1,
data/raw/ntpc/documents/29161_NIT_Download.pdf,50060,de314b27072a93fa,
data/raw/ntpc/documents/29189_NIT_Download.pdf,22231,f258af5aad95f842,
data/raw/ntpc/documents/29287_cor_29287_1_1.pdf,43974,2608aa40fd951403,
data/raw/ntpc/documents/29362_cor_29362_1_1.pdf,50468,3f5484859fa4a8bd,
data/raw/ntpc/documents/29403_NIT_Download.pdf,55755,532d5ce4d6d47e02,
data/raw/ntpc/documents/29408_NIT_Download.pdf,22231,f258af5aad95f842,
data/raw/ntpc/documents/29416_NIT_Download.pdf,46489,1d4c2c69eee86846,
data/raw/ntpc/documents/29418_NIT_Download.pdf,47261,e2bbc02b61f14713,
data/raw/ntpc/documents/29455_cor_29455_1_1.pdf,49812,f265956de9f71741,
data/raw/ntpc/documents/29530_NIT_Download.pdf,19318,fbb2d5fc4e74ca77,
data/raw/ntpc/documents/29549_NIT_Download.pdf,46533,0fb22f83fc764bca,
data/raw/ntpc/documents/29554_NIT_Download.pdf,20694,c5931605b62c4fc9,
data/raw/ntpc/documents/29555_NIT_Download.pdf,18813,935b454ff90f9ad2,
data/raw/ntpc/documents/29557_NIT_Download.pdf,44366,5d01cb93c9e9fb48,
data/raw/ntpc/documents/29568_cor_29568_1_1.pdf,46893,4c9f258b77e36f77,
data/raw/ntpc/documents/29574_cor_29574_1_1.pdf,47635,b65410c46c9d821b,
data/raw/ntpc/documents/29666_cor_29666_2_1.pdf,30433,ea104649913bc5dd,
data/raw/ntpc/documents/29668_NIT_Download.pdf,22231,f258af5aad95f842,
data/raw/ntpc/documents/29694_NIT_Download.pdf,51279,1870ed598cfdc762,
data/raw/ntpc/documents/29695_NIT_Download.pdf,63075,be159c90bdc4484d,
data/raw/ntpc/documents/29696_NIT_Download.pdf,41954,64e80a5db21d197e,
data/raw/ntpc/documents/29699_NIT_Download.pdf,46904,d3153a928287247f,
data/raw/ntpc/documents/29700_NIT_Download.pdf,47372,4ffe25778fb5a166,
data/raw/ntpc/documents/29701_NIT_Download.pdf,48998,8293f8f2aedd1d18,
data/raw/ntpc/documents/29799_NIT_Download.pdf,47343,421b3de78165f14e,
data/raw/ntpc/documents/29800_NIT_Download.pdf,44984,60cda687cc09a5c1,
data/raw/ntpc/documents/29801_NIT_Download.pdf,45836,66a3db462edd0c96,
data/raw/ntpc/documents/29802_NIT_Download.pdf,26295,7bd42ef3e088028f,
data/raw/ntpc/documents/29844_cor_29844_1_1.pdf,48688,a4a23c74d2f4c7be,
data/raw/ntpc/documents/29845_cor_29845_1_1.pdf,55560,320127e56982c785,
data/raw/ntpc/documents/29861_cor_29861_1_1.pdf,19598,798f32b2e7787cc7,
data/raw/ntpc/documents/29868_cor_29868_2_1.pdf,55113,0e3c8ca8276e02f0,
data/raw/ntpc/documents/29870_cor_29870_1_1.pdf,53535,73dc4e7b29205fb0,
data/raw/ntpc/documents/29876_cor_29876_1_1.pdf,50850,c6878f7f3a684da5,
data/raw/ntpc/documents/29881_cor_29881_1_1.pdf,45185,006fcc6275466e8b,
data/raw/ntpc/documents/29891_cor_29891_1_1.pdf,44958,f755d47867eb9bc1,
data/raw/ntpc/documents/29913_NIT_Download.pdf,19437,8a2cc4cbbf5bd26a,
data/raw/ntpc/documents/29970_cor_29970_1_1.pdf,51512,415f53b39953205e,
data/raw/ntpc/documents/29973_cor_29973_1_1.pdf,54073,ca86e4348c664798,
data/raw/ntpc/documents/29974_cor_29974_1_1.pdf,52771,b4e2aa843eab5edc,
data/raw/ntpc/documents/29977_cor_29977_1_1.pdf,49784,59194cd2e8b978aa,
data/raw/ntpc/documents/29979_Click_here_to_view_Salient_Technical_Features.pdf,37688,e6873c55aaa8da14,
data/raw/ntpc/documents/30002_Click_here_to_view_Salient_Technical_Features.pdf,22495,e6b8870c7af7140e,
data/raw/ntpc/documents/30030_NIT_Download.pdf,22358,09c0ebf5450d837a,
data/raw/ntpc/documents/30033_NIT_Download.pdf,50060,de314b27072a93fa,
data/raw/ntpc/documents/30037_cor_30037_1_1.pdf,37358,baa513810af369f5,
data/raw/ntpc/documents/30038_cor_30038_2_1.pdf,5963,da8379dbd9a12f9e,
data/raw/ntpc/documents/30044_cor_30044_1_1.pdf,53928,eb376e8b30534c69,
data/raw/ntpc/documents/30098_cor_30098_1_1.pdf,47127,b86357ae46f27382,
data/raw/ntpc/documents/30115_NIT_Download.pdf,21356,c979fcc7e51605aa,
data/raw/ntpc/documents/30117_NIT_Download.pdf,53956,d072c773d7ab95d6,
data/raw/ntpc/documents/30182_cor_30182_1_1.pdf,38005,ec5200a4bd271c72,
data/raw/ntpc/documents/30205_NIT_Download.pdf,57165,8a042cc3acea11e1,
data/raw/ntpc/tenders/documents_index.csv,237094,80bb2bea09de5f01,1626
data/raw/ntpc/tenders/listing_rows.csv,17400,1294d4396c94d171,69
data/raw/ntpc/tenders/nit_details.csv,710601,d39af11b00b7bba4,1418
data/raw/ntpc/tenders/raw_html_sample/nit_28808.html,58403,07b9b6905a9c5575,
data/raw/ntpc/tenders/raw_html_sample/nit_28809.html,58317,cd4847059e597d61,
data/raw/ntpc/tenders/raw_html_sample/nit_28810.html,58293,e2cc831c7969a099,
data/raw/ntpc/tenders/raw_html_sample/nit_28811.html,58504,29c370e61b8ad3b0,
data/raw/ntpc/tenders/raw_html_sample/nit_28812.html,58283,053f084db8fba5d9,
data/raw/ntpc/tenders/raw_html_sample/nit_28813.html,58332,09f5b6f90b177722,
data/raw/ntpc/tenders/raw_html_sample/nit_28814.html,58411,12c452a88f40949d,
data/raw/ntpc/tenders/raw_html_sample/nit_28815.html,58320,d56d0e807f7d048d,
data/raw/ntpc/tenders/raw_html_sample/nit_28816.html,59758,684daa4519af339f,
data/raw/ntpc/tenders/raw_html_sample/nit_28817.html,58385,9e748e1a8ad13af9,
data/raw/ntpc/tenders/raw_html_sample/nit_28818.html,58329,00349526f523158f,
data/raw/ntpc/tenders/raw_html_sample/nit_28819.html,59673,03cc7cc1c46b98cb,
data/raw/ntpc/tenders/raw_html_sample/nit_28820.html,58307,9852e2bb6b59be0b,
data/raw/ntpc/tenders/raw_html_sample/nit_28821.html,59806,bf9f230e9df97717,
data/raw/ntpc/tenders/raw_html_sample/nit_28822.html,59762,aaa0a7be9df8dc6a,
data/raw/ntpc/tenders/raw_html_sample/nit_28823.html,58417,679dbb1699c1e4ea,
data/raw/ntpc/tenders/raw_html_sample/nit_28824.html,59587,8ff86c846c906335,
data/raw/ntpc/tenders/raw_html_sample/nit_28825.html,58475,e05961381e38ecd3,
data/raw/ntpc/tenders/raw_html_sample/nit_28826.html,58237,bd9b5d50a05fbc24,
data/raw/ntpc/tenders/raw_html_sample/nit_28827.html,58243,408700014b955086,
data/raw/ntpc/tenders/raw_html_sample/nit_28828.html,58237,7dd9e846d33d586a,
data/raw/ntpc/tenders/raw_html_sample/nit_28829.html,58261,21f612e1aefec320,
data/raw/ntpc/tenders/raw_html_sample/nit_28830.html,58323,510e713a810dee6e,
data/raw/ntpc/tenders/raw_html_sample/nit_28831.html,58290,519b4ad618432f10,
data/raw/ntpc/tenders/raw_html_sample/nit_28832.html,58329,f5b0a9ced89ddd0f,
data/raw/ntpc/tenders/raw_html_sample/nit_28833.html,58364,a607e665b3cad998,
data/raw/ntpc/tenders/raw_html_sample/nit_28834.html,58366,b0b925cc9291ebb7,
data/raw/ntpc/tenders/raw_html_sample/nit_28835.html,58242,de4507423dbac28f,
data/raw/ntpc/tenders/raw_html_sample/nit_28836.html,58304,e2a4376cccaabb55,
data/raw/ntpc/tenders/raw_html_sample/nit_28837.html,58423,1660cc892d2e1f22,
data/raw/ntpc/tenders/raw_html_sample/nit_28838.html,58468,5b16785ac59a49a7,
data/raw/ntpc/tenders/raw_html_sample/nit_28839.html,58267,7c2c9d01b062b4f4,
data/raw/ntpc/tenders/raw_html_sample/nit_28840.html,58674,686795fdbe1491fd,
data/raw/ntpc/tenders/raw_html_sample/nit_28841.html,58694,3840a9830ada8f79,
data/raw/ntpc/tenders/raw_html_sample/nit_28842.html,58702,5741d759f1d804be,
data/raw/ntpc/tenders/raw_html_sample/nit_28843.html,58694,ad64d7070bfd50d1,
data/raw/ntpc/tenders/raw_html_sample/nit_28844.html,58688,07058818c457c35c,
data/raw/ntpc/tenders/raw_html_sample/nit_28845.html,59815,4a8cf71ea32f2a1a,
data/raw/ntpc/tenders/raw_html_sample/nit_28846.html,58445,47e9b633a2aa3e13,
data/raw/ntpc/tenders/raw_html_sample/nit_28847.html,58262,e51ef6189f5f49a0,
data/raw/ntpc/tenders/raw_html_sample/nit_28848.html,58301,93152fd12c2861ec,
data/raw/ntpc/tenders/raw_html_sample/nit_28849.html,59640,8c29c138ce7b3c83,
data/raw/ntpc/tenders/raw_html_sample/nit_28850.html,58300,4aed54303be327c6,
data/raw/ntpc/tenders/raw_html_sample/nit_28851.html,58244,a142ca7bd05a9521,
data/raw/ntpc/tenders/raw_html_sample/nit_28852.html,58243,bba5519d0ba61a5c,
data/raw/ntpc/tenders/raw_html_sample/nit_28853.html,58339,436210b9d916be58,
data/raw/ntpc/tenders/raw_html_sample/nit_28854.html,58416,94e51e8c3b508977,
data/raw/ntpc/tenders/raw_html_sample/nit_28855.html,58458,4bfd447d9ce31f24,
data/raw/ntpc/tenders/raw_html_sample/nit_28856.html,58526,04647c51c004f7a7,
data/raw/ntpc/tenders/raw_html_sample/nit_28857.html,58446,6bba0e7769fbde70,
data/raw/ntpc/tenders/raw_html_sample/nit_28858.html,58316,8e2893aa150ac6d6,
data/raw/ntpc/tenders/raw_html_sample/nit_28859.html,58248,18213c14b8fee5f3,
data/raw/ntpc/tenders/raw_html_sample/nit_28860.html,58248,03eb59bdcb7e944c,
data/raw/ntpc/tenders/raw_html_sample/nit_28861.html,59815,1f1dd4047e1a0dae,
data/raw/ntpc/tenders/raw_html_sample/nit_28862.html,58597,34f5cc3cf58b0374,
data/raw/ntpc/tenders/raw_html_sample/nit_28863.html,58244,542e9adb90a7e3b3,
data/raw/ntpc/tenders/raw_html_sample/nit_28864.html,58431,2d2ec7aa2a4243ec,
data/raw/ntpc/tenders/raw_html_sample/nit_28865.html,59823,fa02fc18ad320a03,
data/raw/ntpc/tenders/raw_html_sample/nit_28866.html,58231,702d1f4b0479174c,
data/raw/ntpc/tenders/raw_html_sample/nit_28867.html,58255,f523e01f9e7cbcd7,
data/raw/oil_india/checkpoint.json,18,a0f0a0dac8bea3e3,
data/raw/oil_india/documents/CDI2730P27.pdf,2827635,18336f90ae2e0f23,
data/raw/oil_india/tenders/archive_tenders.csv,1449330,66e2e4faf801bc71,4051
data/raw/oil_india/tenders/corrigenda.csv,15402,141d5d8dc4150031,145
data/raw/oil_india/tenders/eoi_and_meetings.csv,4279,056b114ae12b8ef9,10
data/raw/oil_india/tenders/live_tenders.csv,67362,39b9fbd94d51f5bd,180
data/raw/oil_india/tenders/nit_documents_index.csv,727580,d93aaaaa7ac27eea,4152
data/raw/oil_india/tenders/old_tenders.csv,4082739,7d3d1b4165344429,12116
data/raw/oil_india/tenders/raw_html_sample/968510.html,88352,aea56eba27221297,
data/raw/oil_india/tenders/raw_html_sample/9874563.html,90831,a86570ad84292840,
data/raw/oil_india/tenders/raw_html_sample/CBI0817P26.html,89772,4e371f60f9181124,
data/raw/oil_india/tenders/raw_html_sample/CBI1002P26.html,89746,75c791c718fdff69,
data/raw/oil_india/tenders/raw_html_sample/CBI1752P27.html,88850,fb7ed91c9aa5d9ca,
data/raw/oil_india/tenders/raw_html_sample/CBI2228P27.html,89639,36c5dd2d80f41cc0,
data/raw/oil_india/tenders/raw_html_sample/CBI5041P24.html,88417,3bb6f841074fae99,
data/raw/oil_india/tenders/raw_html_sample/CBI5836P24.html,88521,da53b360a6880248,
data/raw/oil_india/tenders/raw_html_sample/CBI6005P24.html,88525,7c99136ff8b64229,
data/raw/oil_india/tenders/raw_html_sample/CBI6392P25.html,88525,fa38f1168dc81b3a,
data/raw/oil_india/tenders/raw_html_sample/CBI6419P25.html,88529,9e8234ac36b6b6d3,
data/raw/oil_india/tenders/raw_html_sample/CBI7368P25.html,88494,b2ed75cd1c674865,
data/raw/oil_india/tenders/raw_html_sample/CBI7417P25.html,88502,6759223ebb51c154,
data/raw/oil_india/tenders/raw_html_sample/CBI7863P25.html,89892,385fe53bceb92710,
data/raw/oil_india/tenders/raw_html_sample/CBI8199P25.html,89681,7bca5fda490d0550,
data/raw/oil_india/tenders/raw_html_sample/CBI8391P25.html,89654,38a8a93138b44b08,
data/raw/oil_india/tenders/raw_html_sample/CBI9334P26.html,90215,7fa8a932db1757fd,
data/raw/oil_india/tenders/raw_html_sample/CBI9525P26.html,88490,30a1d3bb89389bf9,
data/raw/oil_india/tenders/raw_html_sample/CBI9671P26.html,89736,b82c4d264b5befc0,
data/raw/oil_india/tenders/raw_html_sample/CDC0019L26.html,89784,b4c9e038502d7e95,
data/raw/oil_india/tenders/raw_html_sample/CDC0021L26.html,89739,8b844fd9cdc7e74d,
data/raw/oil_india/tenders/raw_html_sample/CDC0022L26.html,89739,d7a757662991e01a,
data/raw/oil_india/tenders/raw_html_sample/CDC0049L26.html,89760,44be35eeabbe8921,
data/raw/oil_india/tenders/raw_html_sample/CDC0050P26.html,89776,850ebe1bd4db33cd,
data/raw/oil_india/tenders/raw_html_sample/CDC0051P26.html,89765,44be51903e76b995,
data/raw/oil_india/tenders/raw_html_sample/CDC0098P26.html,89654,1e93ef3d471075c5,
data/raw/oil_india/tenders/raw_html_sample/CDC0099P26.html,89704,02d73bd36df5bbaf,
data/raw/oil_india/tenders/raw_html_sample/CDC0105L26.html,89684,6ed28a8a527dd9b4,
data/raw/oil_india/tenders/raw_html_sample/CDC0133L26.html,89799,9150c26149b1132d,
data/raw/oil_india/tenders/raw_html_sample/CDC0134L26.html,89722,de4e47f534320efc,
data/raw/oil_india/tenders/raw_html_sample/CDC0135P26.html,89831,b43519fc9a90cb9a,
data/raw/oil_india/tenders/raw_html_sample/CDC0168L26.html,89680,dea5c663cd850984,
data/raw/oil_india/tenders/raw_html_sample/CDC0169P26.html,89744,172970ce3be2d7f6,
data/raw/oil_india/tenders/raw_html_sample/CDC0205L26.html,89753,68348aca2034ea53,
data/raw/oil_india/tenders/raw_html_sample/CDC0206L26.html,89802,3483f91784cad1d7,
data/raw/oil_india/tenders/raw_html_sample/CDC0246P26.html,89821,000665d36a768a5d,
data/raw/oil_india/tenders/raw_html_sample/CDC0269L26.html,89824,6fab8d64fa86c5ef,
data/raw/oil_india/tenders/raw_html_sample/CDC0288L26.html,89818,f68c29a1c5f5c833,
data/raw/oil_india/tenders/raw_html_sample/CDC0289P26.html,88595,31f8208e3f130828,
data/raw/oil_india/tenders/raw_html_sample/CDC0303P26.html,89739,fcb2026b6d292d79,
data/raw/oil_india/tenders/raw_html_sample/CDC0316P26.html,89726,25db719a1f979a0f,
data/raw/oil_india/tenders/raw_html_sample/CDC0334P26.html,89686,907cd03fd3cfb3da,
data/raw/oil_india/tenders/raw_html_sample/CDC0337L26.html,89816,f11b58082f096b18,
data/raw/oil_india/tenders/raw_html_sample/CDC0354L26.html,89819,36b20def321f843c,
data/raw/oil_india/tenders/raw_html_sample/CDC0355L26.html,89821,f561e6934cc1eedb,
data/raw/oil_india/tenders/raw_html_sample/CDC0356P26.html,89868,50f7f55eb9ea0d7f,
data/raw/oil_india/tenders/raw_html_sample/CDC0366P26.html,89913,546e8b823dca762f,
data/raw/oil_india/tenders/raw_html_sample/CDC0386P26.html,89776,7473a802958cd3d2,
data/raw/oil_india/tenders/raw_html_sample/CDC0387P26.html,89931,04779a372e7d32f3,
data/raw/oil_india/tenders/raw_html_sample/CDC0388P26.html,89775,848f9072bdaa6cd3,
data/raw/oil_india/tenders/raw_html_sample/CDC0400L26.html,89617,c6efc64bd885535d,
data/raw/oil_india/tenders/raw_html_sample/CDC0412P26.html,90021,539f855b3fd18831,
data/raw/oil_india/tenders/raw_html_sample/CDC0415L26.html,89765,a8d6447d0135a12d,
data/raw/oil_india/tenders/raw_html_sample/CDC0421L26.html,89721,e3d30a2a63182522,
data/raw/oil_india/tenders/raw_html_sample/CDC0422L26.html,89750,2f5b81d47b88daf8,
data/raw/oil_india/tenders/raw_html_sample/CDC0423P26.html,89742,f6319c95bed26694,
data/raw/oil_india/tenders/raw_html_sample/CDC0430L26.html,89724,46b48af36ce6aab7,
data/raw/oil_india/tenders/raw_html_sample/CDC0431L26.html,88391,114f1367522dc9fa,
data/raw/oil_india/tenders/raw_html_sample/CDC0438L26.html,89787,8e588f460bf461c1,
data/raw/oil_india/tenders/raw_html_sample/CDC0449L26.html,89875,953e7288b4d4ca57,
data/raw/oil_india/tenders/tender_details.csv,1714897,aceb3902fcf6e4b4,4165
data/reference/abbreviations/material_abbreviations.csv,6140,25e15e82468e61d7,154
data/reference/abbreviations/material_grades.csv,2872,02b5377e09e731f4,58
data/reference/abbreviations/pressure_classes.csv,815,5fa3c82743dfd65b,28
data/reference/cppp_product_categories.csv,3946,4ace784000863b55,94
data/reference/cppp_product_categories.json,4389,4ed19281efa63ab2,
data/reference/ntpc_locations.csv,3827,8dd345827c3d15b3,116
data/reference/units/unit_normalisation.csv,3088,3af60108447dd97c,125
data/reference/unspsc/UNSPSC-FSC_Master_Crosswalk.pdf,5885,3f65cfd25895a0df,
data/reference/unspsc/oklahoma_unspsc.csv,11993535,0ecb48265bb5491a,
data/reference/unspsc/onet_unspsc_26.1.txt,29293,d2dcdea7f54118d4,
data/reference/unspsc/unspsc_industrial_subset.csv,2287664,592eee15c6a055f1,12771
data/reference/unspsc/unspsc_master.csv,11922134,34e75dc2fe30a1b8,71502
scripts/build_material_corpus.py,13253,78395aeb306a7f7d,
scripts/build_reference_tables.py,21836,fc4ece1a43ecaec6,
scripts/extract_iocl_plan.py,5831,47ead13cf8116358,
scripts/extract_ntpc_docs.py,4472,b8e86b22f5bf42d9,
scripts/extract_ntpc_material_items.py,6073,fd3f1845402f5c74,
scripts/extract_oil_nit_links.py,3681,ad6b3bebb04b0324,
scripts/harvest_iocl.py,19614,d1dd0513e31d9317,
scripts/harvest_ntpc.py,17373,56dc8e788fb523ae,
scripts/harvest_oil_india.py,24389,156f4a8e2aa7fa9c,
scripts/prune_workspace.py,4648,a98284ef9a5fea83,
scripts/upload_to_hf.py,5177,e1298273c25b10b0,
