keyword,epublished_date,closing_date,opening_date,tender_title,tender_reference,tender_id,organisation_chain,detail_url,title_raw
valve,04-Sep-2026 06:00 PM,11-Sep-2026 03:00 PM,12-Sep-2026 03:00 PM,"Procurement of Capital Spare, Complete Trip and Throttle valve  (Make   Siemens Energy Industrial Turbomachinery India Private Limited) of WGC Turbine as per Insurance spares guideline rotary 2025 26 at IOCL Paradip Refinery",9070M26F67,2026_PDR_191304_1,IndianOil||Refineries||Paradip Refinery||Materials,https://iocletenders.nic.in/nicgep/app?component=%24DirectLink_0&page=FrontEndAdvancedSearchResult&service=direct&session=T&sp=SZw5ULmtuQ9BGZHcSKE5zTQ%3D%3D,"[Procurement of Capital Spare, Complete Trip and Throttle valve  (Make   Siemens Energy Industrial Turbomachinery India Private Limited) of WGC Turbine as per Insurance spares guideline rotary 2025 26 at IOCL Paradip Refinery]"
valve,04-Sep-2026 04:30 PM,15-Sep-2026 05:00 PM,16-Sep-2026 05:00 PM,"Expert Supervision Services Towards Major Overhauling, Maintenance and Troubleshooting of Multistage Centrifugal CCR RGC compressor package and Multistage HHP Drive Turbine along with Maintenance and Testing of GIMPEL Valve at Paradip Refinery",9070C26C18,2026_PDR_191300_1,IndianOil||Refineries||Paradip Refinery||Contracts,https://iocletenders.nic.in/nicgep/app?component=%24DirectLink_0&page=FrontEndAdvancedSearchResult&service=direct&session=T&sp=Slw%2BoeAhLt%2FWeywmTOBBvXA%3D%3D,"[Expert Supervision Services Towards Major Overhauling, Maintenance and Troubleshooting of Multistage Centrifugal CCR RGC compressor package and Multistage HHP Drive Turbine along with Maintenance and Testing of GIMPEL Valve at Paradip Refinery]"
valve,31-Aug-2026 05:00 PM,14-Sep-2026 12:00 PM,15-Sep-2026 02:00 PM,"SP/B269-000-WB-MR-3741/396 - VALVES-GATE, GLOBE, CHECK FOR P-25 PROJECT OF M/s INDIAN OIL CORPORATION LIMITED",SPN/B269-000-WB-MR-3741/396,2026_REFHQ_191210_1,IndianOil||Refineries||Refineries HQ||Project - PMC||PRPC- P25||Project Group,https://iocletenders.nic.in/nicgep/app?component=%24DirectLink_0&page=FrontEndAdvancedSearchResult&service=direct&session=T&sp=SYaXVBSTyDzVnoWJfQ6wTyw%3D%3D,"[SP/B269-000-WB-MR-3741/396 - VALVES-GATE, GLOBE, CHECK FOR P-25 PROJECT OF M/s INDIAN OIL CORPORATION LIMITED]"
valve,20-Aug-2026 01:00 PM,10-Sep-2026 02:30 PM,11-Sep-2026 03:00 PM,SUPPLY OF CONTROL VALVES (LOT-2),TP/214227C/DR/1541-0002/1114,2026_REFHQ_191056_1,IndianOil||Refineries||Refineries HQ||Project - PMC||Digboi-DR 1.0 Expansion||Project Group,https://iocletenders.nic.in/nicgep/app?component=%24DirectLink_0&page=FrontEndAdvancedSearchResult&service=direct&session=T&sp=SccJIAtc8L96hkldWNNKysQ%3D%3D,[SUPPLY OF CONTROL VALVES (LOT-2)]
valve,20-Aug-2026 01:00 PM,10-Sep-2026 02:30 PM,11-Sep-2026 03:00 PM,SUPPLY OF ON-OFF VALVES (LOT-2),TP/214227C/DR/1543-0002/1115,2026_REFHQ_191062_1,IndianOil||Refineries||Refineries HQ||Project - PMC||Digboi-DR 1.0 Expansion||Project Group,https://iocletenders.nic.in/nicgep/app?component=%24DirectLink_0&page=FrontEndAdvancedSearchResult&service=direct&session=T&sp=STvp%2F30%2Fm2fOGoPhAAFgIpg%3D%3D,[SUPPLY OF ON-OFF VALVES (LOT-2)]
gasket,03-Sep-2026 06:00 PM,17-Sep-2026 02:30 PM,18-Sep-2026 03:00 PM,SUPPLY OF GASKETS (MTO-4),TP/214227C/DR/1360-0301/1125,2026_REFHQ_191274_1,IndianOil||Refineries||Refineries HQ||Project - PMC||Digboi-DR 1.0 Expansion||Project Group,https://iocletenders.nic.in/nicgep/app?component=%24DirectLink_0&page=FrontEndAdvancedSearchResult&service=direct&session=T&sp=S0Tvo8RVJjtfsytXXNCgN8g%3D%3D,[SUPPLY OF GASKETS (MTO-4)]
pump,05-Sep-2026 04:00 PM,12-Sep-2026 05:00 PM,14-Sep-2026 05:00 PM,Expert Supervision Services for overhauling or Troubleshooting of Peroni make Pumps at various units of Paradip Refinery,9070C26C82,2026_PDR_191311_1,IndianOil||Refineries||Paradip Refinery||Contracts,https://iocletenders.nic.in/nicgep/app?component=%24DirectLink_0&page=FrontEndAdvancedSearchResult&service=direct&session=T&sp=SwyZ1nNq7bRfd5Ownz5e3LQ%3D%3D,[Expert Supervision Services for overhauling or Troubleshooting of Peroni make Pumps at various units of Paradip Refinery]
pump,04-Sep-2026 06:00 PM,11-Sep-2026 03:00 PM,14-Sep-2026 02:00 PM,provision of bottom loading facility in 2 nos. of TLF bays at Vashi terminal and modification of JVPL pump house pipelines at JNPT under Maharashtra State Office,WRMC/2026-27/LT/344,2026_WRO_191308_1,IndianOil||Marketing||Western Region Office||Contracts Cell,https://iocletenders.nic.in/nicgep/app?component=%24DirectLink_0&page=FrontEndAdvancedSearchResult&service=direct&session=T&sp=SgCHdHTTrROYyc4k9K0YhlA%3D%3D,[provision of bottom loading facility in 2 nos. of TLF bays at Vashi terminal and modification of JVPL pump house pipelines at JNPT under Maharashtra State Office]
pump,31-Aug-2026 10:00 AM,09-Sep-2026 03:00 PM,10-Sep-2026 03:00 PM,"9030C26D45 Supply of Cooling Water Treatment Chemicals, along with treatment, monitoring, and operation of the Cooling Tower, and operation of Fire Water Pump House at the Oxo Acrylate Complex ,Dumad, Gujarat Refinery, Vadodara.",9030C26D45,2026_JR_191207_1,IndianOil||Refineries||Gujarat Refinery||Contracts,https://iocletenders.nic.in/nicgep/app?component=%24DirectLink_0&page=FrontEndAdvancedSearchResult&service=direct&session=T&sp=SpciLO869hGu7845j7FSgfw%3D%3D,"[9030C26D45 Supply of Cooling Water Treatment Chemicals, along with treatment, monitoring, and operation of the Cooling Tower, and operation of Fire Water Pump House at the Oxo Acrylate Complex ,Dumad, Gujarat Refinery, Vadodara.]"
pump,20-Aug-2026 05:30 PM,17-Sep-2026 03:00 PM,18-Sep-2026 03:00 PM,Vertical Mounted VS-1 Type API-610 Pumps for LPG  Bullets ,9030M26C26,2026_JR_191077_1,IndianOil||Refineries||Gujarat Refinery||Materials,https://iocletenders.nic.in/nicgep/app?component=%24DirectLink_0&page=FrontEndAdvancedSearchResult&service=direct&session=T&sp=Sc6hcSWivKB9GWrMCDMzIJQ%3D%3D,[Vertical Mounted VS-1 Type API-610 Pumps for LPG  Bullets ]
pump,20-Aug-2026 05:00 PM,10-Sep-2026 05:00 PM,11-Sep-2026 05:00 PM,Raze and rebuilt of existing TLF gantry Fabrication erection and commissioning of Product piping Loading and unloading product pump manifold Fire water network Sprinkler system for existing tanks and Railway Siding area HVLR system Foam System Nozzle,MnC/ENG-6/PT-46/26-27,2026_MKTHO_190920_1,IndianOil||Marketing||Marketing HO||Contract Cell,https://iocletenders.nic.in/nicgep/app?component=%24DirectLink_0&page=FrontEndAdvancedSearchResult&service=direct&session=T&sp=SJ4ByAJ4sjYDOiZiarLVsRg%3D%3D,[Raze and rebuilt of existing TLF gantry Fabrication erection and commissioning of Product piping Loading and unloading product pump manifold Fire water network Sprinkler system for existing tanks and Railway Siding area HVLR system Foam System Nozzle]
bearings,19-Aug-2026 06:00 PM,12-Sep-2026 03:00 PM,14-Sep-2026 03:00 PM,Procurement of Extruder Gearbox and bearings in PP unit at IOCL Paradip Refinery,9070M26F84,2026_PDR_191057_1,IndianOil||Refineries||Paradip Refinery||Materials,https://iocletenders.nic.in/nicgep/app?component=%24DirectLink_0&page=FrontEndAdvancedSearchResult&service=direct&session=T&sp=SNC0lvvy9L%2BXi1%2BuXQN7xTw%3D%3D,[Procurement of Extruder Gearbox and bearings in PP unit at IOCL Paradip Refinery]
compressor,04-Sep-2026 06:00 PM,11-Sep-2026 03:00 PM,12-Sep-2026 03:00 PM,"Procurement of Capital Spares of 057-K-002A/B (RGC) and 057-K-003A/B (H2 makeup compressor), NHGU at IOCL Paradip Refinery",9070M26E61,2026_PDR_191297_1,IndianOil||Refineries||Paradip Refinery||Materials,https://iocletenders.nic.in/nicgep/app?component=%24DirectLink_0&page=FrontEndAdvancedSearchResult&service=direct&session=T&sp=S4%2Bf371dw2NQxvqJtrMKpzg%3D%3D,"[Procurement of Capital Spares of 057-K-002A/B (RGC) and 057-K-003A/B (H2 makeup compressor), NHGU at IOCL Paradip Refinery]"
compressor,04-Sep-2026 04:30 PM,15-Sep-2026 05:00 PM,16-Sep-2026 05:00 PM,"Expert Supervision Services Towards Major Overhauling, Maintenance and Troubleshooting of Multistage Centrifugal CCR RGC compressor package and Multistage HHP Drive Turbine along with Maintenance and Testing of GIMPEL Valve at Paradip Refinery",9070C26C18,2026_PDR_191300_1,IndianOil||Refineries||Paradip Refinery||Contracts,https://iocletenders.nic.in/nicgep/app?component=%24DirectLink_0&page=FrontEndAdvancedSearchResult&service=direct&session=T&sp=Slw%2BoeAhLt%2FWeywmTOBBvXA%3D%3D,"[Expert Supervision Services Towards Major Overhauling, Maintenance and Troubleshooting of Multistage Centrifugal CCR RGC compressor package and Multistage HHP Drive Turbine along with Maintenance and Testing of GIMPEL Valve at Paradip Refinery]"
compressor,03-Sep-2026 03:00 PM,09-Sep-2026 03:00 PM,10-Sep-2026 03:00 PM,Spares for Compressor 92-K-12 of HGU-2,9040M26A71 AND 9040M26E74,2026_HR_191278_1,IndianOil||Refineries||Haldia Refinery||Materials,https://iocletenders.nic.in/nicgep/app?component=%24DirectLink_0&page=FrontEndAdvancedSearchResult&service=direct&session=T&sp=SRvAYP0fyb8y2eMD87%2F8pTg%3D%3D,[Spares for Compressor 92-K-12 of HGU-2]
compressor,31-Aug-2026 06:30 PM,15-Sep-2026 03:00 PM,16-Sep-2026 03:00 PM,Procurement of Spares for ROG Compressor(92-K-14),9040M26G24 AND 9040M25I15,2026_HR_191233_1,IndianOil||Refineries||Haldia Refinery||Materials,https://iocletenders.nic.in/nicgep/app?component=%24DirectLink_0&page=FrontEndAdvancedSearchResult&service=direct&session=T&sp=SzmYgpJTjvLxTtMDSlSwZ%2BA%3D%3D,[Procurement of Spares for ROG Compressor(92-K-14)]
compressor,23-Jul-2026 03:00 PM,24-Sep-2026 03:00 PM,25-Sep-2026 03:00 PM,spares of Gear box of Tail gas compressor of CCR unit of Paradip Refinery,9070M26E25,2026_PDR_190698_1,IndianOil||Refineries||Paradip Refinery||Materials,https://iocletenders.nic.in/nicgep/app?component=%24DirectLink_0&page=FrontEndAdvancedSearchResult&service=direct&session=T&sp=SsLaOakoMCdboIIESyscc5A%3D%3D,[spares of Gear box of Tail gas compressor of CCR unit of Paradip Refinery]
fan,14-Aug-2026 03:00 PM,14-Sep-2026 03:00 PM,15-Sep-2026 03:30 PM,Procurement of BEGG COUSLAND MAKE CRITICAL Deduster Fan,PRMM268066,2026_PR_190862_1,IndianOil||Refineries||Panipat Refinery||Materials,https://iocletenders.nic.in/nicgep/app?component=%24DirectLink_0&page=FrontEndAdvancedSearchResult&service=direct&session=T&sp=SozBBYP7LAZHYFzOiISHq1w%3D%3D,[Procurement of BEGG COUSLAND MAKE CRITICAL Deduster Fan]
vessel,19-Aug-2026 05:00 PM,17-Sep-2026 02:00 PM,18-Sep-2026 03:00 PM,Procurement of Pressure vessel and Mechanical shaft assemblies,9400M26B53,2026_RND_191043_1,IndianOil||Research and  Development||Materials,https://iocletenders.nic.in/nicgep/app?component=%24DirectLink_0&page=FrontEndAdvancedSearchResult&service=direct&session=T&sp=SzgH9DjE8U80v%2FONGj01Eqw%3D%3D,[Procurement of Pressure vessel and Mechanical shaft assemblies]
heater,20-Aug-2026 05:30 PM,10-Sep-2026 02:30 PM,11-Sep-2026 03:00 PM,Development and Implementation of Rigorous Optimiser for Heater Downstream Section using Hybrid Models (First Principle plus Artificial Intelligence (AI) / Machine Learning (ML)) in Naphtha Cracker Unit of  Panipat Naphtha Cracker,RPNC261105,2026_PR_191082_1,IndianOil||Refineries||Panipat Refinery||Contracts,https://iocletenders.nic.in/nicgep/app?component=%24DirectLink_0&page=FrontEndAdvancedSearchResult&service=direct&session=T&sp=SJnD%2FwnX4yULjJmYm4xLz%2FA%3D%3D,[Development and Implementation of Rigorous Optimiser for Heater Downstream Section using Hybrid Models (First Principle plus Artificial Intelligence (AI) / Machine Learning (ML)) in Naphtha Cracker Unit of  Panipat Naphtha Cracker]
motors,25-Aug-2026 04:00 PM,16-Sep-2026 02:00 PM,17-Sep-2026 03:00 PM,RPRC262366 ARC for Rewinding/ Repairing of HT Motors in P25 Units of Panipat Refinery and Petrochemical Complex.,RPRC262366,2026_PR_191130_1,IndianOil||Refineries||Panipat Refinery||Materials,https://iocletenders.nic.in/nicgep/app?component=%24DirectLink_0&page=FrontEndAdvancedSearchResult&service=direct&session=T&sp=Sq0qRZx%2FYMHTg6K69aDHK8g%3D%3D,[RPRC262366 ARC for Rewinding/ Repairing of HT Motors in P25 Units of Panipat Refinery and Petrochemical Complex.]
motors,12-Aug-2026 06:00 PM,11-Sep-2026 04:00 PM,12-Sep-2026 04:30 PM,DRE226B059 REWINDING OF L.T. MOTORS OF DIGBOI REFINERY AT VENDORS WORKS,DRE226B059,2026_AOD_190743_2,IndianOil||Refineries||AOD Digboi||Contracts Section,https://iocletenders.nic.in/nicgep/app?component=%24DirectLink_0&page=FrontEndAdvancedSearchResult&service=direct&session=T&sp=S9yYn7rxVueNTZ4yWHfztgA%3D%3D,[DRE226B059 REWINDING OF L.T. MOTORS OF DIGBOI REFINERY AT VENDORS WORKS]
cable,02-Sep-2026 04:15 PM,09-Sep-2026 04:15 PM,10-Sep-2026 04:15 PM,"Supply, Installation, Testing and Commissioning of 11 KV Substation, DG Set with interconnections Cables and Allied works at NFR Facilities at Location WSA Site at DAK9-Gurdaspur-Katra-Pkg14 -439_450-RHS-JK District Kathua, JK under Jammu DO PSO",MnC/NR/PSO/ENG/LT-146/26-27,2026_NRO_191264_1,IndianOil||Marketing||Northern Region Office||Contract Cell,https://iocletenders.nic.in/nicgep/app?component=%24DirectLink_0&page=FrontEndAdvancedSearchResult&service=direct&session=T&sp=SCSDXWTXsRYAARVnVzvMeQw%3D%3D,"[Supply, Installation, Testing and Commissioning of 11 KV Substation, DG Set with interconnections Cables and Allied works at NFR Facilities at Location WSA Site at DAK9-Gurdaspur-Katra-Pkg14 -439_450-RHS-JK District Kathua, JK under Jammu DO PSO]"
cable,02-Sep-2026 12:55 PM,09-Sep-2026 12:55 PM,10-Sep-2026 12:55 PM,"Supply, Installation, Testing and Commissioning of 11 KV Substation, DG Set with interconnections Cables and Allied works at NFR Facilities at Location WSA Site at DAK9 Gurdaspur-Katra-Pkg14-439 450-LHS-JK District Kathua, JK under Jammu DO PSO",MnC/NR/PSO/ENG/LT-145/26-27,2026_NRO_191252_1,IndianOil||Marketing||Northern Region Office||Contract Cell,https://iocletenders.nic.in/nicgep/app?component=%24DirectLink_0&page=FrontEndAdvancedSearchResult&service=direct&session=T&sp=StdndV%2FbMHfszn4GGsL9acw%3D%3D,"[Supply, Installation, Testing and Commissioning of 11 KV Substation, DG Set with interconnections Cables and Allied works at NFR Facilities at Location WSA Site at DAK9 Gurdaspur-Katra-Pkg14-439 450-LHS-JK District Kathua, JK under Jammu DO PSO]"
structural steel,08-Sep-2026 12:00 PM,15-Sep-2026 12:00 PM,16-Sep-2026 12:00 PM,"WORK OF SUPPLY, FABRICATION, TRANSPORTATION,   ERECTION and COMMISSIONING OF STRUCTURAL STEEL CANOPIES AT 06 ROS/KSKS UNDER BHOPAL DIVISIONAL OFFICE OF MADHYA PRADESH STATE OFFICE",WRMC/2026-27/LT/331,2026_WRO_191325_1,IndianOil||Marketing||Western Region Office||Contracts Cell,https://iocletenders.nic.in/nicgep/app?component=%24DirectLink_0&page=FrontEndAdvancedSearchResult&service=direct&session=T&sp=SmLg%2BrX2s3Qxh57evKnOe1Q%3D%3D,"[WORK OF SUPPLY, FABRICATION, TRANSPORTATION,   ERECTION and COMMISSIONING OF STRUCTURAL STEEL CANOPIES AT 06 ROS/KSKS UNDER BHOPAL DIVISIONAL OFFICE OF MADHYA PRADESH STATE OFFICE]"
paint,08-Sep-2026 03:15 PM,16-Sep-2026 03:15 PM,17-Sep-2026 03:15 PM,Carrying out Various Civil Mechanical Pipeline Painting Safety and Allied Works at Ennore LPG Bottling Plant Ennore Chennai,EnnBP/MDT_Works1/LT/2026-27,2026_SROTN_191336_1,IndianOil||Marketing||Southern Region and Tamilnadu State Office||LPG,https://iocletenders.nic.in/nicgep/app?component=%24DirectLink_0&page=FrontEndAdvancedSearchResult&service=direct&session=T&sp=SxAojS%2BDv8req3qaI0HGsXw%3D%3D,[Carrying out Various Civil Mechanical Pipeline Painting Safety and Allied Works at Ennore LPG Bottling Plant Ennore Chennai]
paint,04-Sep-2026 05:00 PM,18-Sep-2026 05:00 PM,19-Sep-2026 05:00 PM,"Grit shot blasting and painting jobs during M and I shutdown at Paradip Refinery, Odisha.",9070C26C68,2026_PDR_191293_1,IndianOil||Refineries||Paradip Refinery||Contracts,https://iocletenders.nic.in/nicgep/app?component=%24DirectLink_0&page=FrontEndAdvancedSearchResult&service=direct&session=T&sp=SZAnhAwsl%2FmnZYUkdV%2BxdVA%3D%3D,"[Grit shot blasting and painting jobs during M and I shutdown at Paradip Refinery, Odisha.]"
paint,03-Sep-2026 03:00 PM,24-Sep-2026 03:00 PM,25-Sep-2026 03:30 PM,"Industrial Painting of Pipelines, Structures, Equipment, and Associated Facilities in Unit and Offsite Areas at Barauni Refinery (Part-A and Part-B).",9020C26C69,2026_BR_191281_1,IndianOil||Refineries||Barauni Refinery||Contract,https://iocletenders.nic.in/nicgep/app?component=%24DirectLink_0&page=FrontEndAdvancedSearchResult&service=direct&session=T&sp=Sf91yyx5wxNqLgfsSRLHUPw%3D%3D,"[Industrial Painting of Pipelines, Structures, Equipment, and Associated Facilities in Unit and Offsite Areas at Barauni Refinery (Part-A and Part-B).]"
paint,31-Aug-2026 01:00 PM,21-Sep-2026 01:00 PM,22-Sep-2026 01:00 PM,Rate Contract (Rs. 0 to 50.00 Lacs) for carrying out Capital / Revenue works upgradation / renovation / painting / M and R works up to Rs. 50 Lakhs,MnC/SR/HS/PT/107/SRO/2026-27,2026_SROTN_191032_1,IndianOil||Marketing||Southern Region and Tamilnadu State Office||Contracts Cell,https://iocletenders.nic.in/nicgep/app?component=%24DirectLink_0&page=FrontEndAdvancedSearchResult&service=direct&session=T&sp=SUpu5HHYLIc6%2FRPN4iOgyww%3D%3D,[Rate Contract (Rs. 0 to 50.00 Lacs) for carrying out Capital / Revenue works upgradation / renovation / painting / M and R works up to Rs. 50 Lakhs]
chemical,02-Sep-2026 01:00 PM,16-Sep-2026 02:30 PM,17-Sep-2026 03:00 PM,"RPRC266373-Structural repair and chemical-resistant coating of neutralization pits and associated drainage network of DM Plant, Panipat Refinery",9060C26C58,2026_PR_191253_1,IndianOil||Refineries||Panipat Refinery||Contracts,https://iocletenders.nic.in/nicgep/app?component=%24DirectLink_0&page=FrontEndAdvancedSearchResult&service=direct&session=T&sp=SZZULsrAEoJ2mdkJYIvTiMw%3D%3D,"[RPRC266373-Structural repair and chemical-resistant coating of neutralization pits and associated drainage network of DM Plant, Panipat Refinery]"
chemical,31-Aug-2026 10:00 AM,09-Sep-2026 03:00 PM,10-Sep-2026 03:00 PM,"9030C26D45 Supply of Cooling Water Treatment Chemicals, along with treatment, monitoring, and operation of the Cooling Tower, and operation of Fire Water Pump House at the Oxo Acrylate Complex ,Dumad, Gujarat Refinery, Vadodara.",9030C26D45,2026_JR_191207_1,IndianOil||Refineries||Gujarat Refinery||Contracts,https://iocletenders.nic.in/nicgep/app?component=%24DirectLink_0&page=FrontEndAdvancedSearchResult&service=direct&session=T&sp=SpciLO869hGu7845j7FSgfw%3D%3D,"[9030C26D45 Supply of Cooling Water Treatment Chemicals, along with treatment, monitoring, and operation of the Cooling Tower, and operation of Fire Water Pump House at the Oxo Acrylate Complex ,Dumad, Gujarat Refinery, Vadodara.]"
chemical,25-Aug-2026 04:00 PM,16-Sep-2026 02:00 PM,17-Sep-2026 03:00 PM,RPRC262366 ARC for Rewinding/ Repairing of HT Motors in P25 Units of Panipat Refinery and Petrochemical Complex.,RPRC262366,2026_PR_191130_1,IndianOil||Refineries||Panipat Refinery||Materials,https://iocletenders.nic.in/nicgep/app?component=%24DirectLink_0&page=FrontEndAdvancedSearchResult&service=direct&session=T&sp=Sq0qRZx%2FYMHTg6K69aDHK8g%3D%3D,[RPRC262366 ARC for Rewinding/ Repairing of HT Motors in P25 Units of Panipat Refinery and Petrochemical Complex.]
chemical,06-Mar-2026 05:00 PM,22-Sep-2026 03:00 PM,23-Sep-2026 03:00 PM,"SPN/C077-000-LA-T-9502/03 - PROJECT MANAGEMENT CONSULTANCY SERVICES (PMC-3) FOR CUMENE AND PHENOL UNITS FOR THE PARADIP PETROCHEMICAL COMPLEX (PDPC) PROJECT OF INDIAN OIL CORPORATION LIMITED AT PARADIP, ODISHA",SPN/C077-000-LA-T-9502/03,2026_REFHQ_189208_1,IndianOil||Refineries||Refineries HQ||Project - PMC||PDPC-PMC-2,https://iocletenders.nic.in/nicgep/app?component=%24DirectLink_0&page=FrontEndAdvancedSearchResult&service=direct&session=T&sp=Sl%2Bbqo6maKiWn1%2BgrM0coMA%3D%3D,"[SPN/C077-000-LA-T-9502/03 - PROJECT MANAGEMENT CONSULTANCY SERVICES (PMC-3) FOR CUMENE AND PHENOL UNITS FOR THE PARADIP PETROCHEMICAL COMPLEX (PDPC) PROJECT OF INDIAN OIL CORPORATION LIMITED AT PARADIP, ODISHA]"
chemical,25-Feb-2026 05:30 PM,22-Sep-2026 03:00 PM,23-Sep-2026 03:00 PM,"SPN/C077-000-LA-T-9501/01 - PROJECT MANAGEMENT CONSULTANCY SERVICES (PMC-4) FOR LLDPE/HDPE (SWING) UNIT, PVC AND BUTENE-1 UNDER THE PARADIP PETROCHEMICAL COMPLEX (PDPC) PROJECT OF INDIAN OIL CORPORATION LIMITED AT PARADIP, ODISHA",SPN/C077-000-LA-T-9501/01,2026_REFHQ_189090_1,IndianOil||Refineries||Refineries HQ||Project - PMC||PDPC-PMC-2,https://iocletenders.nic.in/nicgep/app?component=%24DirectLink_0&page=FrontEndAdvancedSearchResult&service=direct&session=T&sp=SWqnzfRpMELpf9PEBAoxxgg%3D%3D,"[SPN/C077-000-LA-T-9501/01 - PROJECT MANAGEMENT CONSULTANCY SERVICES (PMC-4) FOR LLDPE/HDPE (SWING) UNIT, PVC AND BUTENE-1 UNDER THE PARADIP PETROCHEMICAL COMPLEX (PDPC) PROJECT OF INDIAN OIL CORPORATION LIMITED AT PARADIP, ODISHA]"
insulation,29-Aug-2026 12:00 PM,12-Sep-2026 02:30 PM,14-Sep-2026 03:00 PM,"ARC for  Repair and Maintenance  of cold Insulation in various units of PNC, Panipat.",RPNC265035,2026_PR_191200_1,IndianOil||Refineries||Panipat Refinery||Contracts,https://iocletenders.nic.in/nicgep/app?component=%24DirectLink_0&page=FrontEndAdvancedSearchResult&service=direct&session=T&sp=SupEqHus405%2BbjbN7FtdVNA%3D%3D,"[ARC for  Repair and Maintenance  of cold Insulation in various units of PNC, Panipat.]"
spares,08-Sep-2026 06:00 PM,21-Sep-2026 03:30 PM,22-Sep-2026 03:30 PM,"Supply of Spares and Consumables for CFR RON, MON and Cetane  Engines",N1JB26022,2026_BGR_191338_1,IndianOil||Refineries||Bongaigaon Refinery||Indenter,https://iocletenders.nic.in/nicgep/app?component=%24DirectLink_0&page=FrontEndAdvancedSearchResult&service=direct&session=T&sp=SvP9asEl%2BecPOQvApvW7d6w%3D%3D,"[Supply of Spares and Consumables for CFR RON, MON and Cetane  Engines]"
spares,04-Sep-2026 06:00 PM,11-Sep-2026 03:00 PM,12-Sep-2026 03:00 PM,"Procurement of Capital Spare, Complete Trip and Throttle valve  (Make   Siemens Energy Industrial Turbomachinery India Private Limited) of WGC Turbine as per Insurance spares guideline rotary 2025 26 at IOCL Paradip Refinery",9070M26F67,2026_PDR_191304_1,IndianOil||Refineries||Paradip Refinery||Materials,https://iocletenders.nic.in/nicgep/app?component=%24DirectLink_0&page=FrontEndAdvancedSearchResult&service=direct&session=T&sp=SZw5ULmtuQ9BGZHcSKE5zTQ%3D%3D,"[Procurement of Capital Spare, Complete Trip and Throttle valve  (Make   Siemens Energy Industrial Turbomachinery India Private Limited) of WGC Turbine as per Insurance spares guideline rotary 2025 26 at IOCL Paradip Refinery]"
spares,04-Sep-2026 06:00 PM,11-Sep-2026 03:00 PM,12-Sep-2026 03:00 PM,"Procurement of Capital Spares of 057-K-002A/B (RGC) and 057-K-003A/B (H2 makeup compressor), NHGU at IOCL Paradip Refinery",9070M26E61,2026_PDR_191297_1,IndianOil||Refineries||Paradip Refinery||Materials,https://iocletenders.nic.in/nicgep/app?component=%24DirectLink_0&page=FrontEndAdvancedSearchResult&service=direct&session=T&sp=S4%2Bf371dw2NQxvqJtrMKpzg%3D%3D,"[Procurement of Capital Spares of 057-K-002A/B (RGC) and 057-K-003A/B (H2 makeup compressor), NHGU at IOCL Paradip Refinery]"
spares,03-Sep-2026 06:00 PM,10-Sep-2026 03:00 PM,11-Sep-2026 03:00 PM,"Procurement of Insurance spares and consumable spares for 057-K-06, NHGU(2026) at IOCL Paradip Refinery.",9070M26D45,2026_PDR_191288_1,IndianOil||Refineries||Paradip Refinery||Materials,https://iocletenders.nic.in/nicgep/app?component=%24DirectLink_0&page=FrontEndAdvancedSearchResult&service=direct&session=T&sp=SAz4ULG4HN5IGOAVa9VIVfg%3D%3D,"[Procurement of Insurance spares and consumable spares for 057-K-06, NHGU(2026) at IOCL Paradip Refinery.]"
spares,03-Sep-2026 04:00 PM,09-Sep-2026 03:00 PM,10-Sep-2026 03:00 PM,Procurement of spares for 92-K-01A/B of HGU-2,9040M26B25,2026_HR_191285_1,IndianOil||Refineries||Haldia Refinery||Materials,https://iocletenders.nic.in/nicgep/app?component=%24DirectLink_0&page=FrontEndAdvancedSearchResult&service=direct&session=T&sp=Sc0RDM%2Bw5bT4IhwyCbIXuuQ%3D%3D,[Procurement of spares for 92-K-01A/B of HGU-2]
spares,03-Sep-2026 03:00 PM,09-Sep-2026 03:00 PM,10-Sep-2026 03:00 PM,Spares for Compressor 92-K-12 of HGU-2,9040M26A71 AND 9040M26E74,2026_HR_191278_1,IndianOil||Refineries||Haldia Refinery||Materials,https://iocletenders.nic.in/nicgep/app?component=%24DirectLink_0&page=FrontEndAdvancedSearchResult&service=direct&session=T&sp=SRvAYP0fyb8y2eMD87%2F8pTg%3D%3D,[Spares for Compressor 92-K-12 of HGU-2]
spares,02-Sep-2026 06:00 PM,09-Sep-2026 03:00 PM,10-Sep-2026 03:00 PM,Procurement of Igniter spares for 20-F-01 OF VGO HDT unit at IOCL Paradip Refinery,9070M26G29,2026_PDR_191265_1,IndianOil||Refineries||Paradip Refinery||Materials,https://iocletenders.nic.in/nicgep/app?component=%24DirectLink_0&page=FrontEndAdvancedSearchResult&service=direct&session=T&sp=S5UdMsFMEhBlWV0I75%2BQJMA%3D%3D,[Procurement of Igniter spares for 20-F-01 OF VGO HDT unit at IOCL Paradip Refinery]
spares,31-Aug-2026 06:30 PM,15-Sep-2026 03:00 PM,16-Sep-2026 03:00 PM,Procurement of Spares for ROG Compressor(92-K-14),9040M26G24 AND 9040M25I15,2026_HR_191233_1,IndianOil||Refineries||Haldia Refinery||Materials,https://iocletenders.nic.in/nicgep/app?component=%24DirectLink_0&page=FrontEndAdvancedSearchResult&service=direct&session=T&sp=SzmYgpJTjvLxTtMDSlSwZ%2BA%3D%3D,[Procurement of Spares for ROG Compressor(92-K-14)]
spares,29-Aug-2026 12:15 PM,15-Sep-2026 03:00 PM,16-Sep-2026 03:00 PM,Spares of 23-K-101,9040M26D81,2026_HR_191204_1,IndianOil||Refineries||Haldia Refinery||Materials,https://iocletenders.nic.in/nicgep/app?component=%24DirectLink_0&page=FrontEndAdvancedSearchResult&service=direct&session=T&sp=S8paoBGIwTPrxhbiehX54fA%3D%3D,[Spares of 23-K-101]
spares,27-Aug-2026 11:00 AM,10-Sep-2026 03:00 PM,11-Sep-2026 03:30 PM,Procurement of Spares For RFCCU MAB DHDS RGC Turbine,PRMM268073,2026_PR_191116_1,IndianOil||Refineries||Panipat Refinery||Materials,https://iocletenders.nic.in/nicgep/app?component=%24DirectLink_0&page=FrontEndAdvancedSearchResult&service=direct&session=T&sp=S3bVg%2Fh%2B2ek1Okq8egdridw%3D%3D,[Procurement of Spares For RFCCU MAB DHDS RGC Turbine]
spares,20-Aug-2026 05:00 PM,09-Sep-2026 03:00 PM,10-Sep-2026 03:00 PM,Procurement of Spares of Expansion Turbine (96-M-02A/B) of NGU-2,9040M26F36,2026_HR_190906_2,IndianOil||Refineries||Haldia Refinery||Materials,https://iocletenders.nic.in/nicgep/app?component=%24DirectLink_0&page=FrontEndAdvancedSearchResult&service=direct&session=T&sp=SjqepQPkTDkCxlmcJ7wIYxA%3D%3D,[Procurement of Spares of Expansion Turbine (96-M-02A/B) of NGU-2]
spares,23-Jul-2026 03:00 PM,24-Sep-2026 03:00 PM,25-Sep-2026 03:00 PM,spares of Gear box of Tail gas compressor of CCR unit of Paradip Refinery,9070M26E25,2026_PDR_190698_1,IndianOil||Refineries||Paradip Refinery||Materials,https://iocletenders.nic.in/nicgep/app?component=%24DirectLink_0&page=FrontEndAdvancedSearchResult&service=direct&session=T&sp=SsLaOakoMCdboIIESyscc5A%3D%3D,[spares of Gear box of Tail gas compressor of CCR unit of Paradip Refinery]
capital spares,04-Sep-2026 06:00 PM,11-Sep-2026 03:00 PM,12-Sep-2026 03:00 PM,"Procurement of Capital Spares of 057-K-002A/B (RGC) and 057-K-003A/B (H2 makeup compressor), NHGU at IOCL Paradip Refinery",9070M26E61,2026_PDR_191297_1,IndianOil||Refineries||Paradip Refinery||Materials,https://iocletenders.nic.in/nicgep/app?component=%24DirectLink_0&page=FrontEndAdvancedSearchResult&service=direct&session=T&sp=S4%2Bf371dw2NQxvqJtrMKpzg%3D%3D,"[Procurement of Capital Spares of 057-K-002A/B (RGC) and 057-K-003A/B (H2 makeup compressor), NHGU at IOCL Paradip Refinery]"
consumables,08-Sep-2026 06:00 PM,21-Sep-2026 03:30 PM,22-Sep-2026 03:30 PM,"Supply of Spares and Consumables for CFR RON, MON and Cetane  Engines",N1JB26022,2026_BGR_191338_1,IndianOil||Refineries||Bongaigaon Refinery||Indenter,https://iocletenders.nic.in/nicgep/app?component=%24DirectLink_0&page=FrontEndAdvancedSearchResult&service=direct&session=T&sp=SvP9asEl%2BecPOQvApvW7d6w%3D%3D,"[Supply of Spares and Consumables for CFR RON, MON and Cetane  Engines]"
fire,05-Sep-2026 01:00 PM,19-Sep-2026 01:00 PM,21-Sep-2026 03:00 PM,ARC FOR REPAIR AND MAINTENANCE OF FIRE PROOFING JOBS AT IOCL-DIGBOI REFINERY.,DRG226K083/32709,2026_AOD_191312_1,IndianOil||Refineries||AOD Digboi||Contracts Section,https://iocletenders.nic.in/nicgep/app?component=%24DirectLink_0&page=FrontEndAdvancedSearchResult&service=direct&session=T&sp=SQlYOzyVBaL63K33lFUZTCA%3D%3D,[ARC FOR REPAIR AND MAINTENANCE OF FIRE PROOFING JOBS AT IOCL-DIGBOI REFINERY.]
fire,31-Aug-2026 10:00 AM,09-Sep-2026 03:00 PM,10-Sep-2026 03:00 PM,"9030C26D45 Supply of Cooling Water Treatment Chemicals, along with treatment, monitoring, and operation of the Cooling Tower, and operation of Fire Water Pump House at the Oxo Acrylate Complex ,Dumad, Gujarat Refinery, Vadodara.",9030C26D45,2026_JR_191207_1,IndianOil||Refineries||Gujarat Refinery||Contracts,https://iocletenders.nic.in/nicgep/app?component=%24DirectLink_0&page=FrontEndAdvancedSearchResult&service=direct&session=T&sp=SpciLO869hGu7845j7FSgfw%3D%3D,"[9030C26D45 Supply of Cooling Water Treatment Chemicals, along with treatment, monitoring, and operation of the Cooling Tower, and operation of Fire Water Pump House at the Oxo Acrylate Complex ,Dumad, Gujarat Refinery, Vadodara.]"
fire,25-Aug-2026 04:00 PM,15-Sep-2026 02:30 PM,16-Sep-2026 03:00 PM,"Design, Engineering, Supply, Installation, Testing and Commissioning of Fire alarm detection system along with Additional Instrumentation for HRPL locations",PLCC/HRPL Fire alarm system/T and I/26060,2026_PLHO_191135_1,IndianOil||Pipelines||Pipelines HO||Contracts,https://iocletenders.nic.in/nicgep/app?component=%24DirectLink_0&page=FrontEndAdvancedSearchResult&service=direct&session=T&sp=S9KykSqxAwrar6CnOMQNAtQ%3D%3D,"[Design, Engineering, Supply, Installation, Testing and Commissioning of Fire alarm detection system along with Additional Instrumentation for HRPL locations]"
fire,20-Aug-2026 05:00 PM,10-Sep-2026 05:00 PM,11-Sep-2026 05:00 PM,Raze and rebuilt of existing TLF gantry Fabrication erection and commissioning of Product piping Loading and unloading product pump manifold Fire water network Sprinkler system for existing tanks and Railway Siding area HVLR system Foam System Nozzle,MnC/ENG-6/PT-46/26-27,2026_MKTHO_190920_1,IndianOil||Marketing||Marketing HO||Contract Cell,https://iocletenders.nic.in/nicgep/app?component=%24DirectLink_0&page=FrontEndAdvancedSearchResult&service=direct&session=T&sp=SJ4ByAJ4sjYDOiZiarLVsRg%3D%3D,[Raze and rebuilt of existing TLF gantry Fabrication erection and commissioning of Product piping Loading and unloading product pump manifold Fire water network Sprinkler system for existing tanks and Railway Siding area HVLR system Foam System Nozzle]
supply of,08-Sep-2026 06:00 PM,21-Sep-2026 03:30 PM,22-Sep-2026 03:30 PM,"Supply of Spares and Consumables for CFR RON, MON and Cetane  Engines",N1JB26022,2026_BGR_191338_1,IndianOil||Refineries||Bongaigaon Refinery||Indenter,https://iocletenders.nic.in/nicgep/app?component=%24DirectLink_0&page=FrontEndAdvancedSearchResult&service=direct&session=T&sp=SvP9asEl%2BecPOQvApvW7d6w%3D%3D,"[Supply of Spares and Consumables for CFR RON, MON and Cetane  Engines]"
supply of,08-Sep-2026 10:00 AM,22-Sep-2026 03:00 PM,23-Sep-2026 03:00 PM,SUPPLY OF EXHAUST HEAD,6745-PPM-000-CA-MQ64,2026_REFHQ_191324_1,IndianOil||Refineries||Refineries HQ||Project - PMC||PRPC-P25-EPCM2||Project Group,https://iocletenders.nic.in/nicgep/app?component=%24DirectLink_0&page=FrontEndAdvancedSearchResult&service=direct&session=T&sp=SZyzgWIitYWXmXv60tzCAOw%3D%3D,[SUPPLY OF EXHAUST HEAD]
supply of,03-Sep-2026 06:00 PM,17-Sep-2026 02:30 PM,18-Sep-2026 03:00 PM,SUPPLY OF GASKETS (MTO-4),TP/214227C/DR/1360-0301/1125,2026_REFHQ_191274_1,IndianOil||Refineries||Refineries HQ||Project - PMC||Digboi-DR 1.0 Expansion||Project Group,https://iocletenders.nic.in/nicgep/app?component=%24DirectLink_0&page=FrontEndAdvancedSearchResult&service=direct&session=T&sp=S0Tvo8RVJjtfsytXXNCgN8g%3D%3D,[SUPPLY OF GASKETS (MTO-4)]
supply of,03-Sep-2026 04:00 PM,16-Sep-2026 03:00 PM,17-Sep-2026 03:00 PM,Supply of Cutter Blade,NCM2614043,2026_PR_191282_1,IndianOil||Refineries||Panipat Refinery||Materials,https://iocletenders.nic.in/nicgep/app?component=%24DirectLink_0&page=FrontEndAdvancedSearchResult&service=direct&session=T&sp=S4SZmv9Boy7wlaJZdAITBcw%3D%3D,[Supply of Cutter Blade]
supply of,02-Sep-2026 05:45 PM,17-Sep-2026 02:30 PM,18-Sep-2026 03:00 PM,SUPPLY OF FASTENERS (LOT-2),TP/214227C/DR/1370-0301/1111,2026_REFHQ_191266_1,IndianOil||Refineries||Refineries HQ||Project - PMC||Digboi-DR 1.0 Expansion||Project Group,https://iocletenders.nic.in/nicgep/app?component=%24DirectLink_0&page=FrontEndAdvancedSearchResult&service=direct&session=T&sp=SriGhomR8JQn9uBqdgii6Ww%3D%3D,[SUPPLY OF FASTENERS (LOT-2)]
supply of,31-Aug-2026 10:00 AM,09-Sep-2026 03:00 PM,10-Sep-2026 03:00 PM,"9030C26D45 Supply of Cooling Water Treatment Chemicals, along with treatment, monitoring, and operation of the Cooling Tower, and operation of Fire Water Pump House at the Oxo Acrylate Complex ,Dumad, Gujarat Refinery, Vadodara.",9030C26D45,2026_JR_191207_1,IndianOil||Refineries||Gujarat Refinery||Contracts,https://iocletenders.nic.in/nicgep/app?component=%24DirectLink_0&page=FrontEndAdvancedSearchResult&service=direct&session=T&sp=SpciLO869hGu7845j7FSgfw%3D%3D,"[9030C26D45 Supply of Cooling Water Treatment Chemicals, along with treatment, monitoring, and operation of the Cooling Tower, and operation of Fire Water Pump House at the Oxo Acrylate Complex ,Dumad, Gujarat Refinery, Vadodara.]"
supply of,28-Aug-2026 12:30 PM,14-Sep-2026 03:00 PM,15-Sep-2026 03:00 PM,Empanelment of vendors for supply of Biodiesel (B-100) produced from all feedstocks,OMC/BD/EMP/03/2026-27,2026_MKTHO_191188_1,IndianOil||Marketing||Marketing HO||S and D,https://iocletenders.nic.in/nicgep/app?component=%24DirectLink_0&page=FrontEndAdvancedSearchResult&service=direct&session=T&sp=SqXgChAG5T%2B%2FWDbYzd0gDMw%3D%3D,[Empanelment of vendors for supply of Biodiesel (B-100) produced from all feedstocks]
supply of,25-Aug-2026 06:00 PM,09-Sep-2026 02:30 PM,10-Sep-2026 03:00 PM,SUPPLY OF SLIDING PLATES,TP/214227C/DR/1384-0001/1112,2026_REFHQ_191118_1,IndianOil||Refineries||Refineries HQ||Project - PMC||Digboi-DR 1.0 Expansion||Project Group,https://iocletenders.nic.in/nicgep/app?component=%24DirectLink_0&page=FrontEndAdvancedSearchResult&service=direct&session=T&sp=SYYlr3yX1Ezkda%2F1Fagam2w%3D%3D,[SUPPLY OF SLIDING PLATES]
supply of,20-Aug-2026 03:15 PM,17-Sep-2026 02:00 PM,18-Sep-2026 02:00 PM,Supply of CO and CO2 Cylinder,6746-PPM-022-CA-0226,2026_REFHQ_191075_1,IndianOil||Refineries||Refineries HQ||Project - PMC||PRPC-P25-EPCM3||Project Group,https://iocletenders.nic.in/nicgep/app?component=%24DirectLink_0&page=FrontEndAdvancedSearchResult&service=direct&session=T&sp=SQyiAl5XN5xkZZa84pVhZOw%3D%3D,[Supply of CO and CO2 Cylinder]
supply of,20-Aug-2026 01:00 PM,10-Sep-2026 02:30 PM,11-Sep-2026 03:00 PM,SUPPLY OF CONTROL VALVES (LOT-2),TP/214227C/DR/1541-0002/1114,2026_REFHQ_191056_1,IndianOil||Refineries||Refineries HQ||Project - PMC||Digboi-DR 1.0 Expansion||Project Group,https://iocletenders.nic.in/nicgep/app?component=%24DirectLink_0&page=FrontEndAdvancedSearchResult&service=direct&session=T&sp=SccJIAtc8L96hkldWNNKysQ%3D%3D,[SUPPLY OF CONTROL VALVES (LOT-2)]
supply of,20-Aug-2026 01:00 PM,10-Sep-2026 02:30 PM,11-Sep-2026 03:00 PM,SUPPLY OF ON-OFF VALVES (LOT-2),TP/214227C/DR/1543-0002/1115,2026_REFHQ_191062_1,IndianOil||Refineries||Refineries HQ||Project - PMC||Digboi-DR 1.0 Expansion||Project Group,https://iocletenders.nic.in/nicgep/app?component=%24DirectLink_0&page=FrontEndAdvancedSearchResult&service=direct&session=T&sp=STvp%2F30%2Fm2fOGoPhAAFgIpg%3D%3D,[SUPPLY OF ON-OFF VALVES (LOT-2)]
refinery,05-Sep-2026 04:00 PM,12-Sep-2026 05:00 PM,14-Sep-2026 05:00 PM,Expert Supervision Services for overhauling or Troubleshooting of Peroni make Pumps at various units of Paradip Refinery,9070C26C82,2026_PDR_191311_1,IndianOil||Refineries||Paradip Refinery||Contracts,https://iocletenders.nic.in/nicgep/app?component=%24DirectLink_0&page=FrontEndAdvancedSearchResult&service=direct&session=T&sp=SwyZ1nNq7bRfd5Ownz5e3LQ%3D%3D,[Expert Supervision Services for overhauling or Troubleshooting of Peroni make Pumps at various units of Paradip Refinery]
refinery,05-Sep-2026 01:00 PM,19-Sep-2026 01:00 PM,21-Sep-2026 03:00 PM,ARC FOR REPAIR AND MAINTENANCE OF FIRE PROOFING JOBS AT IOCL-DIGBOI REFINERY.,DRG226K083/32709,2026_AOD_191312_1,IndianOil||Refineries||AOD Digboi||Contracts Section,https://iocletenders.nic.in/nicgep/app?component=%24DirectLink_0&page=FrontEndAdvancedSearchResult&service=direct&session=T&sp=SQlYOzyVBaL63K33lFUZTCA%3D%3D,[ARC FOR REPAIR AND MAINTENANCE OF FIRE PROOFING JOBS AT IOCL-DIGBOI REFINERY.]
refinery,05-Sep-2026 10:00 AM,19-Sep-2026 03:00 PM,21-Sep-2026 03:00 PM,9030C26D55 Providing and fixing various types of safety informatory signage and name boards at Gujarat Refinery township Vadodara IOCL,9030C26D55,2026_JR_191305_1,IndianOil||Refineries||Gujarat Refinery||Contracts,https://iocletenders.nic.in/nicgep/app?component=%24DirectLink_0&page=FrontEndAdvancedSearchResult&service=direct&session=T&sp=SJu35csJQt1o5wOmdns1JPQ%3D%3D,[9030C26D55 Providing and fixing various types of safety informatory signage and name boards at Gujarat Refinery township Vadodara IOCL]
refinery,04-Sep-2026 06:00 PM,11-Sep-2026 03:00 PM,12-Sep-2026 03:00 PM,"Procurement of Capital Spares of 057-K-002A/B (RGC) and 057-K-003A/B (H2 makeup compressor), NHGU at IOCL Paradip Refinery",9070M26E61,2026_PDR_191297_1,IndianOil||Refineries||Paradip Refinery||Materials,https://iocletenders.nic.in/nicgep/app?component=%24DirectLink_0&page=FrontEndAdvancedSearchResult&service=direct&session=T&sp=S4%2Bf371dw2NQxvqJtrMKpzg%3D%3D,"[Procurement of Capital Spares of 057-K-002A/B (RGC) and 057-K-003A/B (H2 makeup compressor), NHGU at IOCL Paradip Refinery]"
refinery,04-Sep-2026 06:00 PM,11-Sep-2026 03:00 PM,12-Sep-2026 03:00 PM,"Procurement of Capital Spare, Complete Trip and Throttle valve  (Make   Siemens Energy Industrial Turbomachinery India Private Limited) of WGC Turbine as per Insurance spares guideline rotary 2025 26 at IOCL Paradip Refinery",9070M26F67,2026_PDR_191304_1,IndianOil||Refineries||Paradip Refinery||Materials,https://iocletenders.nic.in/nicgep/app?component=%24DirectLink_0&page=FrontEndAdvancedSearchResult&service=direct&session=T&sp=SZw5ULmtuQ9BGZHcSKE5zTQ%3D%3D,"[Procurement of Capital Spare, Complete Trip and Throttle valve  (Make   Siemens Energy Industrial Turbomachinery India Private Limited) of WGC Turbine as per Insurance spares guideline rotary 2025 26 at IOCL Paradip Refinery]"
refinery,04-Sep-2026 05:00 PM,18-Sep-2026 05:00 PM,19-Sep-2026 05:00 PM,"Grit shot blasting and painting jobs during M and I shutdown at Paradip Refinery, Odisha.",9070C26C68,2026_PDR_191293_1,IndianOil||Refineries||Paradip Refinery||Contracts,https://iocletenders.nic.in/nicgep/app?component=%24DirectLink_0&page=FrontEndAdvancedSearchResult&service=direct&session=T&sp=SZAnhAwsl%2FmnZYUkdV%2BxdVA%3D%3D,"[Grit shot blasting and painting jobs during M and I shutdown at Paradip Refinery, Odisha.]"
refinery,04-Sep-2026 04:30 PM,15-Sep-2026 05:00 PM,16-Sep-2026 05:00 PM,"Expert Supervision Services Towards Major Overhauling, Maintenance and Troubleshooting of Multistage Centrifugal CCR RGC compressor package and Multistage HHP Drive Turbine along with Maintenance and Testing of GIMPEL Valve at Paradip Refinery",9070C26C18,2026_PDR_191300_1,IndianOil||Refineries||Paradip Refinery||Contracts,https://iocletenders.nic.in/nicgep/app?component=%24DirectLink_0&page=FrontEndAdvancedSearchResult&service=direct&session=T&sp=Slw%2BoeAhLt%2FWeywmTOBBvXA%3D%3D,"[Expert Supervision Services Towards Major Overhauling, Maintenance and Troubleshooting of Multistage Centrifugal CCR RGC compressor package and Multistage HHP Drive Turbine along with Maintenance and Testing of GIMPEL Valve at Paradip Refinery]"
refinery,04-Sep-2026 03:00 PM,18-Sep-2026 03:00 PM,19-Sep-2026 03:00 PM,9030C26D27- Civil and electrical works involves in relocation of the emergency control centre room of Gujarat Refinery.,9030C26D27,2026_JR_191294_1,IndianOil||Refineries||Gujarat Refinery||Contracts,https://iocletenders.nic.in/nicgep/app?component=%24DirectLink_0&page=FrontEndAdvancedSearchResult&service=direct&session=T&sp=Sfi01orNIexTwmn6v%2BzfrAQ%3D%3D,[9030C26D27- Civil and electrical works involves in relocation of the emergency control centre room of Gujarat Refinery.]
refinery,04-Sep-2026 03:00 PM,18-Sep-2026 03:00 PM,21-Sep-2026 03:30 PM,Cleaning and removal of debris/earth underneath pipe racks in Haldia Refinery,9040C26C69,2026_HR_191302_1,IndianOil||Refineries||Haldia Refinery||Contracts,https://iocletenders.nic.in/nicgep/app?component=%24DirectLink_0&page=FrontEndAdvancedSearchResult&service=direct&session=T&sp=SIBi8WZc%2Fj1W57e6s1V9tqQ%3D%3D,[Cleaning and removal of debris/earth underneath pipe racks in Haldia Refinery]
refinery,04-Sep-2026 03:00 PM,18-Sep-2026 03:00 PM,19-Sep-2026 03:30 PM,"Repair and provision of security grills, chain link fencing and colour-coated sheets at Barauni Refinery Township.",9020C26C70,2026_BR_191299_1,IndianOil||Refineries||Barauni Refinery||Contract,https://iocletenders.nic.in/nicgep/app?component=%24DirectLink_0&page=FrontEndAdvancedSearchResult&service=direct&session=T&sp=S%2ByTBDm8nAlcYaXMXX21yrA%3D%3D,"[Repair and provision of security grills, chain link fencing and colour-coated sheets at Barauni Refinery Township.]"
refinery,03-Sep-2026 06:00 PM,10-Sep-2026 03:00 PM,11-Sep-2026 03:00 PM,"Procurement of Insurance spares and consumable spares for 057-K-06, NHGU(2026) at IOCL Paradip Refinery.",9070M26D45,2026_PDR_191288_1,IndianOil||Refineries||Paradip Refinery||Materials,https://iocletenders.nic.in/nicgep/app?component=%24DirectLink_0&page=FrontEndAdvancedSearchResult&service=direct&session=T&sp=SAz4ULG4HN5IGOAVa9VIVfg%3D%3D,"[Procurement of Insurance spares and consumable spares for 057-K-06, NHGU(2026) at IOCL Paradip Refinery.]"
refinery,03-Sep-2026 05:00 PM,24-Sep-2026 03:00 PM,25-Sep-2026 03:00 PM,"Rate contract for procurement of UF membrane for Barauni, Haldia and Mathura Refinery",RHQMM26208,2026_REFHQ_191283_1,IndianOil||Refineries||Refineries HQ||Materials,https://iocletenders.nic.in/nicgep/app?component=%24DirectLink_0&page=FrontEndAdvancedSearchResult&service=direct&session=T&sp=SsmT6UdpydcjcohXqGTjsAQ%3D%3D,"[Rate contract for procurement of UF membrane for Barauni, Haldia and Mathura Refinery]"
refinery,03-Sep-2026 05:00 PM,17-Sep-2026 05:00 PM,18-Sep-2026 05:00 PM,"Balance civil works of GIS 300 extension building under BSVI project at IOCL Paradip Refinery, Odisha",9070C26C79,2026_PDR_191280_1,IndianOil||Refineries||Paradip Refinery||Contracts,https://iocletenders.nic.in/nicgep/app?component=%24DirectLink_0&page=FrontEndAdvancedSearchResult&service=direct&session=T&sp=SZJFcqSEpa2hhHjFuuWGonA%3D%3D,"[Balance civil works of GIS 300 extension building under BSVI project at IOCL Paradip Refinery, Odisha]"
refinery,03-Sep-2026 03:00 PM,24-Sep-2026 03:00 PM,25-Sep-2026 03:30 PM,"Industrial Painting of Pipelines, Structures, Equipment, and Associated Facilities in Unit and Offsite Areas at Barauni Refinery (Part-A and Part-B).",9020C26C69,2026_BR_191281_1,IndianOil||Refineries||Barauni Refinery||Contract,https://iocletenders.nic.in/nicgep/app?component=%24DirectLink_0&page=FrontEndAdvancedSearchResult&service=direct&session=T&sp=Sf91yyx5wxNqLgfsSRLHUPw%3D%3D,"[Industrial Painting of Pipelines, Structures, Equipment, and Associated Facilities in Unit and Offsite Areas at Barauni Refinery (Part-A and Part-B).]"
refinery,03-Sep-2026 03:00 PM,17-Sep-2026 03:00 PM,19-Sep-2026 03:30 PM,Repair of road works at Cluster - 10 and 12 and at miscellaneous damaged locations at Haldia Refinery Township for the year 2026-2027,9040C26C67,2026_HR_191268_1,IndianOil||Refineries||Haldia Refinery||Contracts,https://iocletenders.nic.in/nicgep/app?component=%24DirectLink_0&page=FrontEndAdvancedSearchResult&service=direct&session=T&sp=SzN4aOUqCS1pvxpuEWiIe3Q%3D%3D,[Repair of road works at Cluster - 10 and 12 and at miscellaneous damaged locations at Haldia Refinery Township for the year 2026-2027]
refinery,02-Sep-2026 06:00 PM,09-Sep-2026 03:00 PM,10-Sep-2026 03:00 PM,Procurement of Igniter spares for 20-F-01 OF VGO HDT unit at IOCL Paradip Refinery,9070M26G29,2026_PDR_191265_1,IndianOil||Refineries||Paradip Refinery||Materials,https://iocletenders.nic.in/nicgep/app?component=%24DirectLink_0&page=FrontEndAdvancedSearchResult&service=direct&session=T&sp=S5UdMsFMEhBlWV0I75%2BQJMA%3D%3D,[Procurement of Igniter spares for 20-F-01 OF VGO HDT unit at IOCL Paradip Refinery]
refinery,02-Sep-2026 04:00 PM,16-Sep-2026 04:00 PM,17-Sep-2026 04:00 PM,9030C26D22- Earthing jobs at Gujarat Refinery.,9030C26D22,2026_JR_191168_1,IndianOil||Refineries||Gujarat Refinery||Contracts,https://iocletenders.nic.in/nicgep/app?component=%24DirectLink_0&page=FrontEndAdvancedSearchResult&service=direct&session=T&sp=SOEM%2FPOnVJ82u7vUxZ05uWQ%3D%3D,[9030C26D22- Earthing jobs at Gujarat Refinery.]
refinery,02-Sep-2026 03:00 PM,23-Sep-2026 03:00 PM,24-Sep-2026 03:30 PM,Renovation of Staff Quarters at Gujarat Refinery Township  IOCL Vadodara Phase 2,9030C26D40,2026_JR_191213_1,IndianOil||Refineries||Gujarat Refinery||Contracts,https://iocletenders.nic.in/nicgep/app?component=%24DirectLink_0&page=FrontEndAdvancedSearchResult&service=direct&session=T&sp=S0v10ITcox2XE6ULRi9qgUw%3D%3D,[Renovation of Staff Quarters at Gujarat Refinery Township  IOCL Vadodara Phase 2]
refinery,02-Sep-2026 01:00 PM,16-Sep-2026 02:30 PM,17-Sep-2026 03:00 PM,"RPRC266373-Structural repair and chemical-resistant coating of neutralization pits and associated drainage network of DM Plant, Panipat Refinery",9060C26C58,2026_PR_191253_1,IndianOil||Refineries||Panipat Refinery||Contracts,https://iocletenders.nic.in/nicgep/app?component=%24DirectLink_0&page=FrontEndAdvancedSearchResult&service=direct&session=T&sp=SZZULsrAEoJ2mdkJYIvTiMw%3D%3D,"[RPRC266373-Structural repair and chemical-resistant coating of neutralization pits and associated drainage network of DM Plant, Panipat Refinery]"
refinery,01-Sep-2026 06:30 PM,15-Sep-2026 03:00 PM,17-Sep-2026 03:30 PM,"Supply, installation and commissioning of Open Air (Outdoor) Gym equipment at Haldia Refinery Township",9040C26C63,2026_HR_191251_1,IndianOil||Refineries||Haldia Refinery||Contracts,https://iocletenders.nic.in/nicgep/app?component=%24DirectLink_0&page=FrontEndAdvancedSearchResult&service=direct&session=T&sp=SXAiqqOeKNCfqFMrI6MRgYA%3D%3D,"[Supply, installation and commissioning of Open Air (Outdoor) Gym equipment at Haldia Refinery Township]"
2025,04-Sep-2026 06:00 PM,11-Sep-2026 03:00 PM,12-Sep-2026 03:00 PM,"Procurement of Capital Spare, Complete Trip and Throttle valve  (Make   Siemens Energy Industrial Turbomachinery India Private Limited) of WGC Turbine as per Insurance spares guideline rotary 2025 26 at IOCL Paradip Refinery",9070M26F67,2026_PDR_191304_1,IndianOil||Refineries||Paradip Refinery||Materials,https://iocletenders.nic.in/nicgep/app?component=%24DirectLink_0&page=FrontEndAdvancedSearchResult&service=direct&session=T&sp=SZw5ULmtuQ9BGZHcSKE5zTQ%3D%3D,"[Procurement of Capital Spare, Complete Trip and Throttle valve  (Make   Siemens Energy Industrial Turbomachinery India Private Limited) of WGC Turbine as per Insurance spares guideline rotary 2025 26 at IOCL Paradip Refinery]"
2025,25-Mar-2026 01:00 PM,25-Nov-2026 01:00 PM,26-Nov-2026 01:00 PM,Perpetual Empanelment of contractors for Execution of various types and nature of Engineering works under Tamil Nadu State Office under Category I 0-100 Lacs and Category II 100-200 lacs Empanelment for III rd Year,SRCC/AR/PT/223/TNSO/2025-26,2026_SROTN_189141_1,IndianOil||Marketing||Southern Region and Tamilnadu State Office||Contracts Cell,https://iocletenders.nic.in/nicgep/app?component=%24DirectLink_0&page=FrontEndAdvancedSearchResult&service=direct&session=T&sp=SgvS6%2Bsi%2FRonQJJ3h5GSu9g%3D%3D,[Perpetual Empanelment of contractors for Execution of various types and nature of Engineering works under Tamil Nadu State Office under Category I 0-100 Lacs and Category II 100-200 lacs Empanelment for III rd Year]
and,08-Sep-2026 06:00 PM,21-Sep-2026 03:30 PM,22-Sep-2026 03:30 PM,"Supply of Spares and Consumables for CFR RON, MON and Cetane  Engines",N1JB26022,2026_BGR_191338_1,IndianOil||Refineries||Bongaigaon Refinery||Indenter,https://iocletenders.nic.in/nicgep/app?component=%24DirectLink_0&page=FrontEndAdvancedSearchResult&service=direct&session=T&sp=SvP9asEl%2BecPOQvApvW7d6w%3D%3D,"[Supply of Spares and Consumables for CFR RON, MON and Cetane  Engines]"
and,08-Sep-2026 06:00 PM,22-Sep-2026 06:00 PM,23-Sep-2026 06:00 PM,RAZE AND REBUILD OF THE ENTIRE BOUNDARY WALL OF SEWREE I TERMINAL,WRMC/2026-27/PT/249,2026_WRO_191329_1,IndianOil||Marketing||Western Region Office||Contracts Cell,https://iocletenders.nic.in/nicgep/app?component=%24DirectLink_0&page=FrontEndAdvancedSearchResult&service=direct&session=T&sp=SzTCiahv2e0CX8aFrQ%2FCTHw%3D%3D,[RAZE AND REBUILD OF THE ENTIRE BOUNDARY WALL OF SEWREE I TERMINAL]
and,08-Sep-2026 04:00 PM,22-Sep-2026 04:00 PM,23-Sep-2026 04:00 PM,"Design, fabrication, supply and erection of Geodesic Aluminum Dome Roof for conversion of existing 01 No. External Floating Roof (EFR) Tank (6100 KL Capacity, 24 M Dia X 15 M Ht.) into Internal Floating Roof (IFR) Tank at Barauni Marketing Terminal.",ER-MnC/2026-27/PT/199,2026_ERO_191335_1,IndianOil||Marketing||Eastern Region Office||Contract Cell,https://iocletenders.nic.in/nicgep/app?component=%24DirectLink_0&page=FrontEndAdvancedSearchResult&service=direct&session=T&sp=SAjPTRIntJceDCi9v6MPipg%3D%3D,"[Design, fabrication, supply and erection of Geodesic Aluminum Dome Roof for conversion of existing 01 No. External Floating Roof (EFR) Tank (6100 KL Capacity, 24 M Dia X 15 M Ht.) into Internal Floating Roof (IFR) Tank at Barauni Marketing Terminal.]"
and,08-Sep-2026 03:20 PM,15-Sep-2026 03:20 PM,16-Sep-2026 03:20 PM,"FABRICATION, ERECTION, TESTING AND COMMISSIONING OF MECHANICAL PIPING(SS_GI_MS) FOR FOAM FEEDING THROUGH FOAM TROLLEY BANK AND ALLIED WORKS AT CHITTORGARH TERMINAL UNDER RSO.",MnC/NR/RSO/ENG/LT-158/26-27,2026_NRO_191327_1,IndianOil||Marketing||Northern Region Office||Contract Cell,https://iocletenders.nic.in/nicgep/app?component=%24DirectLink_0&page=FrontEndAdvancedSearchResult&service=direct&session=T&sp=SbJJPMFOkDaxozt%2FZUZyJrw%3D%3D,"[FABRICATION, ERECTION, TESTING AND COMMISSIONING OF MECHANICAL PIPING(SS_GI_MS) FOR FOAM FEEDING THROUGH FOAM TROLLEY BANK AND ALLIED WORKS AT CHITTORGARH TERMINAL UNDER RSO.]"
and,08-Sep-2026 03:15 PM,16-Sep-2026 03:15 PM,17-Sep-2026 03:15 PM,Carrying out Various Civil Mechanical Pipeline Painting Safety and Allied Works at Ennore LPG Bottling Plant Ennore Chennai,EnnBP/MDT_Works1/LT/2026-27,2026_SROTN_191336_1,IndianOil||Marketing||Southern Region and Tamilnadu State Office||LPG,https://iocletenders.nic.in/nicgep/app?component=%24DirectLink_0&page=FrontEndAdvancedSearchResult&service=direct&session=T&sp=SxAojS%2BDv8req3qaI0HGsXw%3D%3D,[Carrying out Various Civil Mechanical Pipeline Painting Safety and Allied Works at Ennore LPG Bottling Plant Ennore Chennai]
and,08-Sep-2026 01:05 PM,19-Oct-2026 02:00 PM,21-Oct-2026 03:00 PM,"Design, Development and Fabrication of Advanced Surya  Nutan PCB  Controller",9400M26B71,2026_RND_191323_1,IndianOil||Research and  Development||Materials,https://iocletenders.nic.in/nicgep/app?component=%24DirectLink_0&page=FrontEndAdvancedSearchResult&service=direct&session=T&sp=SIRhK7%2FWZEU464ityQJIhaQ%3D%3D,"[Design, Development and Fabrication of Advanced Surya  Nutan PCB  Controller]"
and,08-Sep-2026 12:00 PM,15-Sep-2026 12:00 PM,16-Sep-2026 12:00 PM,"WORK OF SUPPLY, FABRICATION, TRANSPORTATION,   ERECTION and COMMISSIONING OF STRUCTURAL STEEL CANOPIES AT 06 ROS/KSKS UNDER BHOPAL DIVISIONAL OFFICE OF MADHYA PRADESH STATE OFFICE",WRMC/2026-27/LT/331,2026_WRO_191325_1,IndianOil||Marketing||Western Region Office||Contracts Cell,https://iocletenders.nic.in/nicgep/app?component=%24DirectLink_0&page=FrontEndAdvancedSearchResult&service=direct&session=T&sp=SmLg%2BrX2s3Qxh57evKnOe1Q%3D%3D,"[WORK OF SUPPLY, FABRICATION, TRANSPORTATION,   ERECTION and COMMISSIONING OF STRUCTURAL STEEL CANOPIES AT 06 ROS/KSKS UNDER BHOPAL DIVISIONAL OFFICE OF MADHYA PRADESH STATE OFFICE]"
and,08-Sep-2026 11:00 AM,29-Sep-2026 03:00 PM,30-Sep-2026 03:00 PM,Engagement of Technical Manpower under Facility Management Services FMS for 24 by 7 Operations and  Monitoring for the Partner Experience Platform PEP for a Period of Three 3 Years,9003C26A10,2026_REFHQ_191326_1,IndianOil||Refineries||Refineries HQ||Materials,https://iocletenders.nic.in/nicgep/app?component=%24DirectLink_0&page=FrontEndAdvancedSearchResult&service=direct&session=T&sp=SUFGwWK5D56Q4I%2FG1jaU4yw%3D%3D,[Engagement of Technical Manpower under Facility Management Services FMS for 24 by 7 Operations and  Monitoring for the Partner Experience Platform PEP for a Period of Three 3 Years]
and,08-Sep-2026 09:00 AM,15-Sep-2026 09:00 AM,16-Sep-2026 09:00 AM,"DEVELOPMENT OF NEW A-SITE RO AT LOCATION BETWEEN KM STONE NO. 146 AND 152 ON NH-509, CHHERAT DIST- ALIGARH UNDER MORADABAD DO, UPSO-II STATE OFFICE",MnC/NR/UPSOII/ENG/LT-149/26-27,2026_NRO_191256_1,IndianOil||Marketing||Northern Region Office||Contract Cell,https://iocletenders.nic.in/nicgep/app?component=%24DirectLink_0&page=FrontEndAdvancedSearchResult&service=direct&session=T&sp=SnXPEh%2Bn2l2axFh%2BkLg%2Fw5w%3D%3D,"[DEVELOPMENT OF NEW A-SITE RO AT LOCATION BETWEEN KM STONE NO. 146 AND 152 ON NH-509, CHHERAT DIST- ALIGARH UNDER MORADABAD DO, UPSO-II STATE OFFICE]"
and,07-Sep-2026 06:55 PM,28-Sep-2026 06:55 PM,29-Sep-2026 06:55 PM,TRANSPORTATION OF PACKED LPG CYLINDERS TO / FROM PORT BLAIR BP TO / FROM DISTRIBUTORS GODOWN / EXTENSION COUNTERS AT FAR FLUNG ISLANDS IN A AND N FOR 05 YEARS.,ER-MnC/2026-27/PT/303,2026_ERO_191315_1,IndianOil||Marketing||Eastern Region Office||Contract Cell,https://iocletenders.nic.in/nicgep/app?component=%24DirectLink_0&page=FrontEndAdvancedSearchResult&service=direct&session=T&sp=SS6JNWc91co11vKES0y5lyg%3D%3D,[TRANSPORTATION OF PACKED LPG CYLINDERS TO / FROM PORT BLAIR BP TO / FROM DISTRIBUTORS GODOWN / EXTENSION COUNTERS AT FAR FLUNG ISLANDS IN A AND N FOR 05 YEARS.]
and,07-Sep-2026 05:00 PM,21-Sep-2026 05:00 PM,22-Sep-2026 05:00 PM,Combined Station Works for installation and commissioning of HT panel at NRPL Ambala,PNP26075,2026_NRPNP_191322_1,IndianOil||Pipelines||NRPL Panipat||Materials,https://iocletenders.nic.in/nicgep/app?component=%24DirectLink_0&page=FrontEndAdvancedSearchResult&service=direct&session=T&sp=S3c24uECAV891lu0ojMMwUg%3D%3D,[Combined Station Works for installation and commissioning of HT panel at NRPL Ambala]
and,07-Sep-2026 04:00 PM,28-Sep-2026 04:00 PM,29-Sep-2026 04:00 PM,Appointment of 3rd party for outsourcing of manufacturing and marketing of IOC CLEARBLUE for the State of Madhya Pradesh under NFR model under brand of IOC Clearblue,MnC/LUB-23/PT-62/26-27,2026_MKTHO_191306_1,IndianOil||Marketing||Marketing HO||Contract Cell,https://iocletenders.nic.in/nicgep/app?component=%24DirectLink_0&page=FrontEndAdvancedSearchResult&service=direct&session=T&sp=Sp6%2BLC2nQ6zTZlsGJ2tHJSw%3D%3D,[Appointment of 3rd party for outsourcing of manufacturing and marketing of IOC CLEARBLUE for the State of Madhya Pradesh under NFR model under brand of IOC Clearblue]
and,07-Sep-2026 01:10 PM,14-Sep-2026 01:10 PM,15-Sep-2026 01:10 PM,"Development of New WSA Sitapur site with facilities like Sales Building, Canopy, Paver block driveway and other allied civil and electrical works at location NH-24_474_131_RHS_Sitapur_UP District- Lucknow, under Lucknow DO UPSO-I",MnC/NR/UPSO-I/ENG/LT-148/26-27,2026_NRO_191255_1,IndianOil||Marketing||Northern Region Office||Contract Cell,https://iocletenders.nic.in/nicgep/app?component=%24DirectLink_0&page=FrontEndAdvancedSearchResult&service=direct&session=T&sp=SWkdZjrrljmrDeMzDBLpSLw%3D%3D,"[Development of New WSA Sitapur site with facilities like Sales Building, Canopy, Paver block driveway and other allied civil and electrical works at location NH-24_474_131_RHS_Sitapur_UP District- Lucknow, under Lucknow DO UPSO-I]"
and,07-Sep-2026 12:00 PM,14-Sep-2026 12:00 PM,15-Sep-2026 12:00 PM,"Development of  New A Site RO at Within 2 KM from Ajanta Tourist  Hotel, Balapur towards Sillod on Left Hand Side of NH753F (Ajanta-Sillod  Stretch) Village-Balapur, Taluka-Sillod, Dist. Chhatrapati Sambhajinagar  under Aurangabad Divisional Office",WRMC/2026-27/LT/300,2026_WRO_191212_1,IndianOil||Marketing||Western Region Office||Contracts Cell,https://iocletenders.nic.in/nicgep/app?component=%24DirectLink_0&page=FrontEndAdvancedSearchResult&service=direct&session=T&sp=SZL8lxMHWWdQYx%2F5X86P5qg%3D%3D,"[Development of  New A Site RO at Within 2 KM from Ajanta Tourist  Hotel, Balapur towards Sillod on Left Hand Side of NH753F (Ajanta-Sillod  Stretch) Village-Balapur, Taluka-Sillod, Dist. Chhatrapati Sambhajinagar  under Aurangabad Divisional Office]"
and,05-Sep-2026 01:00 PM,19-Sep-2026 01:00 PM,21-Sep-2026 03:00 PM,ARC FOR REPAIR AND MAINTENANCE OF FIRE PROOFING JOBS AT IOCL-DIGBOI REFINERY.,DRG226K083/32709,2026_AOD_191312_1,IndianOil||Refineries||AOD Digboi||Contracts Section,https://iocletenders.nic.in/nicgep/app?component=%24DirectLink_0&page=FrontEndAdvancedSearchResult&service=direct&session=T&sp=SQlYOzyVBaL63K33lFUZTCA%3D%3D,[ARC FOR REPAIR AND MAINTENANCE OF FIRE PROOFING JOBS AT IOCL-DIGBOI REFINERY.]
and,05-Sep-2026 10:00 AM,19-Sep-2026 03:00 PM,21-Sep-2026 03:00 PM,9030C26D55 Providing and fixing various types of safety informatory signage and name boards at Gujarat Refinery township Vadodara IOCL,9030C26D55,2026_JR_191305_1,IndianOil||Refineries||Gujarat Refinery||Contracts,https://iocletenders.nic.in/nicgep/app?component=%24DirectLink_0&page=FrontEndAdvancedSearchResult&service=direct&session=T&sp=SJu35csJQt1o5wOmdns1JPQ%3D%3D,[9030C26D55 Providing and fixing various types of safety informatory signage and name boards at Gujarat Refinery township Vadodara IOCL]
and,04-Sep-2026 06:00 PM,11-Sep-2026 03:00 PM,12-Sep-2026 03:00 PM,"Procurement of Capital Spares of 057-K-002A/B (RGC) and 057-K-003A/B (H2 makeup compressor), NHGU at IOCL Paradip Refinery",9070M26E61,2026_PDR_191297_1,IndianOil||Refineries||Paradip Refinery||Materials,https://iocletenders.nic.in/nicgep/app?component=%24DirectLink_0&page=FrontEndAdvancedSearchResult&service=direct&session=T&sp=S4%2Bf371dw2NQxvqJtrMKpzg%3D%3D,"[Procurement of Capital Spares of 057-K-002A/B (RGC) and 057-K-003A/B (H2 makeup compressor), NHGU at IOCL Paradip Refinery]"
and,04-Sep-2026 06:00 PM,11-Sep-2026 03:00 PM,12-Sep-2026 03:00 PM,"Procurement of Capital Spare, Complete Trip and Throttle valve  (Make   Siemens Energy Industrial Turbomachinery India Private Limited) of WGC Turbine as per Insurance spares guideline rotary 2025 26 at IOCL Paradip Refinery",9070M26F67,2026_PDR_191304_1,IndianOil||Refineries||Paradip Refinery||Materials,https://iocletenders.nic.in/nicgep/app?component=%24DirectLink_0&page=FrontEndAdvancedSearchResult&service=direct&session=T&sp=SZw5ULmtuQ9BGZHcSKE5zTQ%3D%3D,"[Procurement of Capital Spare, Complete Trip and Throttle valve  (Make   Siemens Energy Industrial Turbomachinery India Private Limited) of WGC Turbine as per Insurance spares guideline rotary 2025 26 at IOCL Paradip Refinery]"
and,04-Sep-2026 06:00 PM,11-Sep-2026 03:00 PM,14-Sep-2026 02:00 PM,provision of bottom loading facility in 2 nos. of TLF bays at Vashi terminal and modification of JVPL pump house pipelines at JNPT under Maharashtra State Office,WRMC/2026-27/LT/344,2026_WRO_191308_1,IndianOil||Marketing||Western Region Office||Contracts Cell,https://iocletenders.nic.in/nicgep/app?component=%24DirectLink_0&page=FrontEndAdvancedSearchResult&service=direct&session=T&sp=SgCHdHTTrROYyc4k9K0YhlA%3D%3D,[provision of bottom loading facility in 2 nos. of TLF bays at Vashi terminal and modification of JVPL pump house pipelines at JNPT under Maharashtra State Office]
and,04-Sep-2026 05:00 PM,18-Sep-2026 05:00 PM,19-Sep-2026 05:00 PM,"Grit shot blasting and painting jobs during M and I shutdown at Paradip Refinery, Odisha.",9070C26C68,2026_PDR_191293_1,IndianOil||Refineries||Paradip Refinery||Contracts,https://iocletenders.nic.in/nicgep/app?component=%24DirectLink_0&page=FrontEndAdvancedSearchResult&service=direct&session=T&sp=SZAnhAwsl%2FmnZYUkdV%2BxdVA%3D%3D,"[Grit shot blasting and painting jobs during M and I shutdown at Paradip Refinery, Odisha.]"
erection,08-Sep-2026 04:00 PM,22-Sep-2026 04:00 PM,23-Sep-2026 04:00 PM,"Design, fabrication, supply and erection of Geodesic Aluminum Dome Roof for conversion of existing 01 No. External Floating Roof (EFR) Tank (6100 KL Capacity, 24 M Dia X 15 M Ht.) into Internal Floating Roof (IFR) Tank at Barauni Marketing Terminal.",ER-MnC/2026-27/PT/199,2026_ERO_191335_1,IndianOil||Marketing||Eastern Region Office||Contract Cell,https://iocletenders.nic.in/nicgep/app?component=%24DirectLink_0&page=FrontEndAdvancedSearchResult&service=direct&session=T&sp=SAjPTRIntJceDCi9v6MPipg%3D%3D,"[Design, fabrication, supply and erection of Geodesic Aluminum Dome Roof for conversion of existing 01 No. External Floating Roof (EFR) Tank (6100 KL Capacity, 24 M Dia X 15 M Ht.) into Internal Floating Roof (IFR) Tank at Barauni Marketing Terminal.]"
erection,08-Sep-2026 03:20 PM,15-Sep-2026 03:20 PM,16-Sep-2026 03:20 PM,"FABRICATION, ERECTION, TESTING AND COMMISSIONING OF MECHANICAL PIPING(SS_GI_MS) FOR FOAM FEEDING THROUGH FOAM TROLLEY BANK AND ALLIED WORKS AT CHITTORGARH TERMINAL UNDER RSO.",MnC/NR/RSO/ENG/LT-158/26-27,2026_NRO_191327_1,IndianOil||Marketing||Northern Region Office||Contract Cell,https://iocletenders.nic.in/nicgep/app?component=%24DirectLink_0&page=FrontEndAdvancedSearchResult&service=direct&session=T&sp=SbJJPMFOkDaxozt%2FZUZyJrw%3D%3D,"[FABRICATION, ERECTION, TESTING AND COMMISSIONING OF MECHANICAL PIPING(SS_GI_MS) FOR FOAM FEEDING THROUGH FOAM TROLLEY BANK AND ALLIED WORKS AT CHITTORGARH TERMINAL UNDER RSO.]"
erection,08-Sep-2026 12:00 PM,15-Sep-2026 12:00 PM,16-Sep-2026 12:00 PM,"WORK OF SUPPLY, FABRICATION, TRANSPORTATION,   ERECTION and COMMISSIONING OF STRUCTURAL STEEL CANOPIES AT 06 ROS/KSKS UNDER BHOPAL DIVISIONAL OFFICE OF MADHYA PRADESH STATE OFFICE",WRMC/2026-27/LT/331,2026_WRO_191325_1,IndianOil||Marketing||Western Region Office||Contracts Cell,https://iocletenders.nic.in/nicgep/app?component=%24DirectLink_0&page=FrontEndAdvancedSearchResult&service=direct&session=T&sp=SmLg%2BrX2s3Qxh57evKnOe1Q%3D%3D,"[WORK OF SUPPLY, FABRICATION, TRANSPORTATION,   ERECTION and COMMISSIONING OF STRUCTURAL STEEL CANOPIES AT 06 ROS/KSKS UNDER BHOPAL DIVISIONAL OFFICE OF MADHYA PRADESH STATE OFFICE]"
erection,21-Aug-2026 04:00 PM,11-Sep-2026 04:00 PM,12-Sep-2026 04:00 PM,"FABRICATION, ERECTION, TESTING AND COMMISSIONING OF 24 INCHES ABOVE-GROUND VLSFO DOCK LINE INCLUDING UTILIZATION OF EXISTING LPG PIPELINE SUPPORT STRUCTURES, CONSTRUCTION OF NEW PIPE SUPPORTS, FOUNDATIONS AND ALLIED CIVIL WORKS AT KANDLA PORT ",WRMC/2026-27/PT/280,2026_WRO_191096_1,IndianOil||Marketing||Western Region Office||Contracts Cell,https://iocletenders.nic.in/nicgep/app?component=%24DirectLink_0&page=FrontEndAdvancedSearchResult&service=direct&session=T&sp=SBorW3BI4A0RsUouO9A%2FxOw%3D%3D,"[FABRICATION, ERECTION, TESTING AND COMMISSIONING OF 24 INCHES ABOVE-GROUND VLSFO DOCK LINE INCLUDING UTILIZATION OF EXISTING LPG PIPELINE SUPPORT STRUCTURES, CONSTRUCTION OF NEW PIPE SUPPORTS, FOUNDATIONS AND ALLIED CIVIL WORKS AT KANDLA PORT ]"
erection,20-Aug-2026 05:00 PM,10-Sep-2026 05:00 PM,11-Sep-2026 05:00 PM,Raze and rebuilt of existing TLF gantry Fabrication erection and commissioning of Product piping Loading and unloading product pump manifold Fire water network Sprinkler system for existing tanks and Railway Siding area HVLR system Foam System Nozzle,MnC/ENG-6/PT-46/26-27,2026_MKTHO_190920_1,IndianOil||Marketing||Marketing HO||Contract Cell,https://iocletenders.nic.in/nicgep/app?component=%24DirectLink_0&page=FrontEndAdvancedSearchResult&service=direct&session=T&sp=SJ4ByAJ4sjYDOiZiarLVsRg%3D%3D,[Raze and rebuilt of existing TLF gantry Fabrication erection and commissioning of Product piping Loading and unloading product pump manifold Fire water network Sprinkler system for existing tanks and Railway Siding area HVLR system Foam System Nozzle]
service,08-Sep-2026 11:00 AM,29-Sep-2026 03:00 PM,30-Sep-2026 03:00 PM,Engagement of Technical Manpower under Facility Management Services FMS for 24 by 7 Operations and  Monitoring for the Partner Experience Platform PEP for a Period of Three 3 Years,9003C26A10,2026_REFHQ_191326_1,IndianOil||Refineries||Refineries HQ||Materials,https://iocletenders.nic.in/nicgep/app?component=%24DirectLink_0&page=FrontEndAdvancedSearchResult&service=direct&session=T&sp=SUFGwWK5D56Q4I%2FG1jaU4yw%3D%3D,[Engagement of Technical Manpower under Facility Management Services FMS for 24 by 7 Operations and  Monitoring for the Partner Experience Platform PEP for a Period of Three 3 Years]
service,05-Sep-2026 04:00 PM,12-Sep-2026 05:00 PM,14-Sep-2026 05:00 PM,Expert Supervision Services for overhauling or Troubleshooting of Peroni make Pumps at various units of Paradip Refinery,9070C26C82,2026_PDR_191311_1,IndianOil||Refineries||Paradip Refinery||Contracts,https://iocletenders.nic.in/nicgep/app?component=%24DirectLink_0&page=FrontEndAdvancedSearchResult&service=direct&session=T&sp=SwyZ1nNq7bRfd5Ownz5e3LQ%3D%3D,[Expert Supervision Services for overhauling or Troubleshooting of Peroni make Pumps at various units of Paradip Refinery]
service,04-Sep-2026 04:30 PM,15-Sep-2026 05:00 PM,16-Sep-2026 05:00 PM,"Expert Supervision Services Towards Major Overhauling, Maintenance and Troubleshooting of Multistage Centrifugal CCR RGC compressor package and Multistage HHP Drive Turbine along with Maintenance and Testing of GIMPEL Valve at Paradip Refinery",9070C26C18,2026_PDR_191300_1,IndianOil||Refineries||Paradip Refinery||Contracts,https://iocletenders.nic.in/nicgep/app?component=%24DirectLink_0&page=FrontEndAdvancedSearchResult&service=direct&session=T&sp=Slw%2BoeAhLt%2FWeywmTOBBvXA%3D%3D,"[Expert Supervision Services Towards Major Overhauling, Maintenance and Troubleshooting of Multistage Centrifugal CCR RGC compressor package and Multistage HHP Drive Turbine along with Maintenance and Testing of GIMPEL Valve at Paradip Refinery]"
service,27-Aug-2026 04:30 PM,17-Sep-2026 04:30 PM,18-Sep-2026 04:30 PM,Hiring Professional Services of Registered Power  Trader of Power Exchange s of India for purchase of  Power through open access from Power Exchange s  in India for Gujarat Refinery and Oxo alcohol plant  Dumad.,9030C26C99,2026_JR_191177_1,IndianOil||Refineries||Gujarat Refinery||Contracts,https://iocletenders.nic.in/nicgep/app?component=%24DirectLink_0&page=FrontEndAdvancedSearchResult&service=direct&session=T&sp=St40ypGQVwAc%2B67mz5MMdZQ%3D%3D,[Hiring Professional Services of Registered Power  Trader of Power Exchange s of India for purchase of  Power through open access from Power Exchange s  in India for Gujarat Refinery and Oxo alcohol plant  Dumad.]
service,27-Aug-2026 03:00 PM,10-Sep-2026 03:00 PM,11-Sep-2026 03:30 PM,Annual Rate Contract for Facility Management Services at Pipelines Kaushal Vikas Kendra Budhpur Rewari,PNP26047,2026_NRPNP_191165_1,IndianOil||Pipelines||NRPL Panipat||Materials,https://iocletenders.nic.in/nicgep/app?component=%24DirectLink_0&page=FrontEndAdvancedSearchResult&service=direct&session=T&sp=SmyjrfTqfmTyN0LG%2FcAqOsg%3D%3D,[Annual Rate Contract for Facility Management Services at Pipelines Kaushal Vikas Kendra Budhpur Rewari]
service,20-Aug-2026 10:00 AM,14-Sep-2026 03:00 PM,15-Sep-2026 03:00 PM,Expert supervisory Services by Linde Engineering India Private Limited for Cryostar Make expansion turbine (52-KT-01) in N2 unit at Guwahati Refinery,9010C26B10,2026_GR_191061_1,IndianOil||Refineries||Guwahati Refinery||Contracts,https://iocletenders.nic.in/nicgep/app?component=%24DirectLink_0&page=FrontEndAdvancedSearchResult&service=direct&session=T&sp=S%2BgZNW24hzZYXR8aXxTqaDw%3D%3D,[Expert supervisory Services by Linde Engineering India Private Limited for Cryostar Make expansion turbine (52-KT-01) in N2 unit at Guwahati Refinery]
service,07-Aug-2026 06:00 PM,14-Sep-2026 03:00 PM,15-Sep-2026 03:00 PM,9000C26A88 Outline agreement towards consultancy services for Phase 1 and Phase 2 for upcoming IOCL projects,9000C26A88,2026_REFHQ_190904_1,IndianOil||Refineries||Refineries HQ||Contracts,https://iocletenders.nic.in/nicgep/app?component=%24DirectLink_0&page=FrontEndAdvancedSearchResult&service=direct&session=T&sp=SEtnc8aKOCZfxJ7EzyJWo2w%3D%3D,[9000C26A88 Outline agreement towards consultancy services for Phase 1 and Phase 2 for upcoming IOCL projects]
service,06-Mar-2026 05:00 PM,22-Sep-2026 03:00 PM,23-Sep-2026 03:00 PM,"SPN/C077-000-LA-T-9502/03 - PROJECT MANAGEMENT CONSULTANCY SERVICES (PMC-3) FOR CUMENE AND PHENOL UNITS FOR THE PARADIP PETROCHEMICAL COMPLEX (PDPC) PROJECT OF INDIAN OIL CORPORATION LIMITED AT PARADIP, ODISHA",SPN/C077-000-LA-T-9502/03,2026_REFHQ_189208_1,IndianOil||Refineries||Refineries HQ||Project - PMC||PDPC-PMC-2,https://iocletenders.nic.in/nicgep/app?component=%24DirectLink_0&page=FrontEndAdvancedSearchResult&service=direct&session=T&sp=Sl%2Bbqo6maKiWn1%2BgrM0coMA%3D%3D,"[SPN/C077-000-LA-T-9502/03 - PROJECT MANAGEMENT CONSULTANCY SERVICES (PMC-3) FOR CUMENE AND PHENOL UNITS FOR THE PARADIP PETROCHEMICAL COMPLEX (PDPC) PROJECT OF INDIAN OIL CORPORATION LIMITED AT PARADIP, ODISHA]"
service,25-Feb-2026 05:30 PM,22-Sep-2026 03:00 PM,23-Sep-2026 03:00 PM,"SPN/C077-000-LA-T-9501/01 - PROJECT MANAGEMENT CONSULTANCY SERVICES (PMC-4) FOR LLDPE/HDPE (SWING) UNIT, PVC AND BUTENE-1 UNDER THE PARADIP PETROCHEMICAL COMPLEX (PDPC) PROJECT OF INDIAN OIL CORPORATION LIMITED AT PARADIP, ODISHA",SPN/C077-000-LA-T-9501/01,2026_REFHQ_189090_1,IndianOil||Refineries||Refineries HQ||Project - PMC||PDPC-PMC-2,https://iocletenders.nic.in/nicgep/app?component=%24DirectLink_0&page=FrontEndAdvancedSearchResult&service=direct&session=T&sp=SWqnzfRpMELpf9PEBAoxxgg%3D%3D,"[SPN/C077-000-LA-T-9501/01 - PROJECT MANAGEMENT CONSULTANCY SERVICES (PMC-4) FOR LLDPE/HDPE (SWING) UNIT, PVC AND BUTENE-1 UNDER THE PARADIP PETROCHEMICAL COMPLEX (PDPC) PROJECT OF INDIAN OIL CORPORATION LIMITED AT PARADIP, ODISHA]"
equipment,03-Sep-2026 03:00 PM,24-Sep-2026 03:00 PM,25-Sep-2026 03:30 PM,"Industrial Painting of Pipelines, Structures, Equipment, and Associated Facilities in Unit and Offsite Areas at Barauni Refinery (Part-A and Part-B).",9020C26C69,2026_BR_191281_1,IndianOil||Refineries||Barauni Refinery||Contract,https://iocletenders.nic.in/nicgep/app?component=%24DirectLink_0&page=FrontEndAdvancedSearchResult&service=direct&session=T&sp=Sf91yyx5wxNqLgfsSRLHUPw%3D%3D,"[Industrial Painting of Pipelines, Structures, Equipment, and Associated Facilities in Unit and Offsite Areas at Barauni Refinery (Part-A and Part-B).]"
equipment,01-Sep-2026 06:30 PM,15-Sep-2026 03:00 PM,17-Sep-2026 03:30 PM,"Supply, installation and commissioning of Open Air (Outdoor) Gym equipment at Haldia Refinery Township",9040C26C63,2026_HR_191251_1,IndianOil||Refineries||Haldia Refinery||Contracts,https://iocletenders.nic.in/nicgep/app?component=%24DirectLink_0&page=FrontEndAdvancedSearchResult&service=direct&session=T&sp=SXAiqqOeKNCfqFMrI6MRgYA%3D%3D,"[Supply, installation and commissioning of Open Air (Outdoor) Gym equipment at Haldia Refinery Township]"
lot,04-Sep-2026 03:15 PM,12-Sep-2026 10:00 AM,15-Sep-2026 11:00 AM,S/I/T/C of Transformer at Jaida Khata 103 Plot 176 Tehsil Gopabandhunagar District Mayurbhanj ,OSO/RET/ENG/2026-27/LT-03,2026_OSO_191301_1,IndianOil||Marketing||Odisha State Office||Engineering,https://iocletenders.nic.in/nicgep/app?component=%24DirectLink_0&page=FrontEndAdvancedSearchResult&service=direct&session=T&sp=SEC3diHZZXcdsSFlaFk74qw%3D%3D,[S/I/T/C of Transformer at Jaida Khata 103 Plot 176 Tehsil Gopabandhunagar District Mayurbhanj ]
lot,02-Sep-2026 05:45 PM,17-Sep-2026 02:30 PM,18-Sep-2026 03:00 PM,SUPPLY OF FASTENERS (LOT-2),TP/214227C/DR/1370-0301/1111,2026_REFHQ_191266_1,IndianOil||Refineries||Refineries HQ||Project - PMC||Digboi-DR 1.0 Expansion||Project Group,https://iocletenders.nic.in/nicgep/app?component=%24DirectLink_0&page=FrontEndAdvancedSearchResult&service=direct&session=T&sp=SriGhomR8JQn9uBqdgii6Ww%3D%3D,[SUPPLY OF FASTENERS (LOT-2)]
lot,20-Aug-2026 01:00 PM,10-Sep-2026 02:30 PM,11-Sep-2026 03:00 PM,SUPPLY OF CONTROL VALVES (LOT-2),TP/214227C/DR/1541-0002/1114,2026_REFHQ_191056_1,IndianOil||Refineries||Refineries HQ||Project - PMC||Digboi-DR 1.0 Expansion||Project Group,https://iocletenders.nic.in/nicgep/app?component=%24DirectLink_0&page=FrontEndAdvancedSearchResult&service=direct&session=T&sp=SccJIAtc8L96hkldWNNKysQ%3D%3D,[SUPPLY OF CONTROL VALVES (LOT-2)]
lot,20-Aug-2026 01:00 PM,10-Sep-2026 02:30 PM,11-Sep-2026 03:00 PM,SUPPLY OF ON-OFF VALVES (LOT-2),TP/214227C/DR/1543-0002/1115,2026_REFHQ_191062_1,IndianOil||Refineries||Refineries HQ||Project - PMC||Digboi-DR 1.0 Expansion||Project Group,https://iocletenders.nic.in/nicgep/app?component=%24DirectLink_0&page=FrontEndAdvancedSearchResult&service=direct&session=T&sp=STvp%2F30%2Fm2fOGoPhAAFgIpg%3D%3D,[SUPPLY OF ON-OFF VALVES (LOT-2)]
lot,19-Aug-2026 06:00 PM,16-Sep-2026 03:00 PM,17-Sep-2026 03:00 PM,Scale up study for the synthesis of Salicylic Acid in different scales Bench Scale Pilot Scale DemonstrationScale or any combination thereof using external vendor facility,9400C26A65,2026_RND_191038_1,IndianOil||Research and  Development||Contract Cell,https://iocletenders.nic.in/nicgep/app?component=%24DirectLink_0&page=FrontEndAdvancedSearchResult&service=direct&session=T&sp=S2jQweahOWVNj0Zj%2BE6WE1A%3D%3D,[Scale up study for the synthesis of Salicylic Acid in different scales Bench Scale Pilot Scale DemonstrationScale or any combination thereof using external vendor facility]
repair,05-Sep-2026 01:00 PM,19-Sep-2026 01:00 PM,21-Sep-2026 03:00 PM,ARC FOR REPAIR AND MAINTENANCE OF FIRE PROOFING JOBS AT IOCL-DIGBOI REFINERY.,DRG226K083/32709,2026_AOD_191312_1,IndianOil||Refineries||AOD Digboi||Contracts Section,https://iocletenders.nic.in/nicgep/app?component=%24DirectLink_0&page=FrontEndAdvancedSearchResult&service=direct&session=T&sp=SQlYOzyVBaL63K33lFUZTCA%3D%3D,[ARC FOR REPAIR AND MAINTENANCE OF FIRE PROOFING JOBS AT IOCL-DIGBOI REFINERY.]
repair,04-Sep-2026 03:00 PM,18-Sep-2026 03:00 PM,19-Sep-2026 03:30 PM,"Repair and provision of security grills, chain link fencing and colour-coated sheets at Barauni Refinery Township.",9020C26C70,2026_BR_191299_1,IndianOil||Refineries||Barauni Refinery||Contract,https://iocletenders.nic.in/nicgep/app?component=%24DirectLink_0&page=FrontEndAdvancedSearchResult&service=direct&session=T&sp=S%2ByTBDm8nAlcYaXMXX21yrA%3D%3D,"[Repair and provision of security grills, chain link fencing and colour-coated sheets at Barauni Refinery Township.]"
repair,03-Sep-2026 06:50 PM,14-Sep-2026 05:00 PM,15-Sep-2026 05:00 PM,"Proposal for lining up Rate Contract for emergency repair works such as pipeline leak, burst, pilferage and other miscellaneous maintenance activities in mainline jurisdiction for BKPL stations into 3 Groups Group C ERPL Jasidih",ERKLC2653,2026_ERKLK_191194_3,IndianOil||Pipelines||ERPL Kolkata||Materials,https://iocletenders.nic.in/nicgep/app?component=%24DirectLink_0&page=FrontEndAdvancedSearchResult&service=direct&session=T&sp=SMqMQEIfEZRFbF9m%2B4SfP8w%3D%3D,"[Proposal for lining up Rate Contract for emergency repair works such as pipeline leak, burst, pilferage and other miscellaneous maintenance activities in mainline jurisdiction for BKPL stations into 3 Groups Group C ERPL Jasidih]"
repair,03-Sep-2026 06:50 PM,14-Sep-2026 05:00 PM,15-Sep-2026 05:00 PM,"Proposal for lining up Rate Contract for emergency repair works such as pipeline leak, burst, pilferage and other miscellaneous maintenance activities in mainline jurisdiction for BKPL stations into 3 Groups Group B BKPL Barauni",ERKLC2653,2026_ERKLK_191194_2,IndianOil||Pipelines||ERPL Kolkata||Materials,https://iocletenders.nic.in/nicgep/app?component=%24DirectLink_0&page=FrontEndAdvancedSearchResult&service=direct&session=T&sp=SpqUnJ9p%2B9qRMZoCYdoNxxA%3D%3D,"[Proposal for lining up Rate Contract for emergency repair works such as pipeline leak, burst, pilferage and other miscellaneous maintenance activities in mainline jurisdiction for BKPL stations into 3 Groups Group B BKPL Barauni]"
repair,03-Sep-2026 06:50 PM,14-Sep-2026 05:00 PM,15-Sep-2026 05:00 PM,"Proposal for lining up Rate Contract for emergency repair works such as  pipeline leak, burst, pilferage and other miscellaneous maintenance  activities in mainline jurisdiction for BKPL stations into 3 Groups   Group A PHBPL Barauni ",ERKLC2653,2026_ERKLK_191194_1,IndianOil||Pipelines||ERPL Kolkata||Materials,https://iocletenders.nic.in/nicgep/app?component=%24DirectLink_0&page=FrontEndAdvancedSearchResult&service=direct&session=T&sp=Spw9LOZ0GW5ZF4UPknDbY6Q%3D%3D,"[Proposal for lining up Rate Contract for emergency repair works such as  pipeline leak, burst, pilferage and other miscellaneous maintenance  activities in mainline jurisdiction for BKPL stations into 3 Groups   Group A PHBPL Barauni ]"
repair,03-Sep-2026 03:00 PM,17-Sep-2026 03:00 PM,19-Sep-2026 03:30 PM,Repair of road works at Cluster - 10 and 12 and at miscellaneous damaged locations at Haldia Refinery Township for the year 2026-2027,9040C26C67,2026_HR_191268_1,IndianOil||Refineries||Haldia Refinery||Contracts,https://iocletenders.nic.in/nicgep/app?component=%24DirectLink_0&page=FrontEndAdvancedSearchResult&service=direct&session=T&sp=SzN4aOUqCS1pvxpuEWiIe3Q%3D%3D,[Repair of road works at Cluster - 10 and 12 and at miscellaneous damaged locations at Haldia Refinery Township for the year 2026-2027]
repair,02-Sep-2026 01:00 PM,16-Sep-2026 02:30 PM,17-Sep-2026 03:00 PM,"RPRC266373-Structural repair and chemical-resistant coating of neutralization pits and associated drainage network of DM Plant, Panipat Refinery",9060C26C58,2026_PR_191253_1,IndianOil||Refineries||Panipat Refinery||Contracts,https://iocletenders.nic.in/nicgep/app?component=%24DirectLink_0&page=FrontEndAdvancedSearchResult&service=direct&session=T&sp=SZZULsrAEoJ2mdkJYIvTiMw%3D%3D,"[RPRC266373-Structural repair and chemical-resistant coating of neutralization pits and associated drainage network of DM Plant, Panipat Refinery]"
repair,29-Aug-2026 03:00 PM,12-Sep-2026 03:00 PM,14-Sep-2026 03:00 PM,Repair of drip irrigation and sprinkler system at  Gujarat  Refinery Township IOCL Vadodara ,9030C26D39,2026_JR_191152_1,IndianOil||Refineries||Gujarat Refinery||Contracts,https://iocletenders.nic.in/nicgep/app?component=%24DirectLink_0&page=FrontEndAdvancedSearchResult&service=direct&session=T&sp=SuY6KphUmfA10Gwd7H6T7Yw%3D%3D,[Repair of drip irrigation and sprinkler system at  Gujarat  Refinery Township IOCL Vadodara ]
repair,29-Aug-2026 12:00 PM,12-Sep-2026 02:30 PM,14-Sep-2026 03:00 PM,"ARC for  Repair and Maintenance  of cold Insulation in various units of PNC, Panipat.",RPNC265035,2026_PR_191200_1,IndianOil||Refineries||Panipat Refinery||Contracts,https://iocletenders.nic.in/nicgep/app?component=%24DirectLink_0&page=FrontEndAdvancedSearchResult&service=direct&session=T&sp=SupEqHus405%2BbjbN7FtdVNA%3D%3D,"[ARC for  Repair and Maintenance  of cold Insulation in various units of PNC, Panipat.]"
repair,29-Aug-2026 10:00 AM,11-Sep-2026 03:00 PM,14-Sep-2026 03:30 PM,"Repair and maintenance of Drains at IOCL, Haldia Refinery,West Bengal, Haldia.",9040C26C60,2026_HR_191198_1,IndianOil||Refineries||Haldia Refinery||Contracts,https://iocletenders.nic.in/nicgep/app?component=%24DirectLink_0&page=FrontEndAdvancedSearchResult&service=direct&session=T&sp=S%2BAkmInH6qa7QYvc7glwr0Q%3D%3D,"[Repair and maintenance of Drains at IOCL, Haldia Refinery,West Bengal, Haldia.]"
repair,25-Aug-2026 04:00 PM,16-Sep-2026 02:00 PM,17-Sep-2026 03:00 PM,RPRC262366 ARC for Rewinding/ Repairing of HT Motors in P25 Units of Panipat Refinery and Petrochemical Complex.,RPRC262366,2026_PR_191130_1,IndianOil||Refineries||Panipat Refinery||Materials,https://iocletenders.nic.in/nicgep/app?component=%24DirectLink_0&page=FrontEndAdvancedSearchResult&service=direct&session=T&sp=Sq0qRZx%2FYMHTg6K69aDHK8g%3D%3D,[RPRC262366 ARC for Rewinding/ Repairing of HT Motors in P25 Units of Panipat Refinery and Petrochemical Complex.]
repair,21-Aug-2026 09:00 AM,11-Sep-2026 05:00 PM,12-Sep-2026 05:00 PM,Annual Rate contract for Repair and Maintenance of Civil work at Paradip Refinery Township Paradip Odisha,9070C26C63,2026_PDR_191060_1,IndianOil||Refineries||Paradip Refinery||Contracts,https://iocletenders.nic.in/nicgep/app?component=%24DirectLink_0&page=FrontEndAdvancedSearchResult&service=direct&session=T&sp=SyixdIOwkkmTrVKPExDZWhw%3D%3D,[Annual Rate contract for Repair and Maintenance of Civil work at Paradip Refinery Township Paradip Odisha]
installation,07-Sep-2026 05:00 PM,21-Sep-2026 05:00 PM,22-Sep-2026 05:00 PM,Combined Station Works for installation and commissioning of HT panel at NRPL Ambala,PNP26075,2026_NRPNP_191322_1,IndianOil||Pipelines||NRPL Panipat||Materials,https://iocletenders.nic.in/nicgep/app?component=%24DirectLink_0&page=FrontEndAdvancedSearchResult&service=direct&session=T&sp=S3c24uECAV891lu0ojMMwUg%3D%3D,[Combined Station Works for installation and commissioning of HT panel at NRPL Ambala]
installation,07-Sep-2026 05:00 PM,14-Sep-2026 05:00 PM,15-Sep-2026 05:00 PM,"Design, supply, installation, testing of Hydrocarbon vapours detection system at Ahmedabad T Bareja for conversion of one no. of tank into Ethanol under GSO",GSO/ENG/2026-27/LT/06,2026_GSO_191320_1,IndianOil||Marketing||Gujarat State Office||Engineering,https://iocletenders.nic.in/nicgep/app?component=%24DirectLink_0&page=FrontEndAdvancedSearchResult&service=direct&session=T&sp=Sd4peR6w6%2FOtHzlRqWaAmJg%3D%3D,"[Design, supply, installation, testing of Hydrocarbon vapours detection system at Ahmedabad T Bareja for conversion of one no. of tank into Ethanol under GSO]"
installation,03-Sep-2026 04:00 PM,10-Sep-2026 04:00 PM,11-Sep-2026 04:00 PM,"CONSTRUCTION OF NEW BULK PETROLEUM INSTALLATION INVOLVING PIPELINE WORKS, TANK _ DU INSTALLATION, ELECTRICAL WORKS AND ASSOCIATED ALLIED CIVIL_STRUCTURAL WORKS AT ARMY UNIT - KM-120 CHONGTASH, LADAKH UNDER PUNJAB STATE OFFICE",MnC/NR/PSO/ENG/LT-137/26-27,2026_NRO_191179_1,IndianOil||Marketing||Northern Region Office||Contract Cell,https://iocletenders.nic.in/nicgep/app?component=%24DirectLink_0&page=FrontEndAdvancedSearchResult&service=direct&session=T&sp=Sa3J2KJNYvrHwRgKwaIQ4fA%3D%3D,"[CONSTRUCTION OF NEW BULK PETROLEUM INSTALLATION INVOLVING PIPELINE WORKS, TANK _ DU INSTALLATION, ELECTRICAL WORKS AND ASSOCIATED ALLIED CIVIL_STRUCTURAL WORKS AT ARMY UNIT - KM-120 CHONGTASH, LADAKH UNDER PUNJAB STATE OFFICE]"
installation,02-Sep-2026 04:15 PM,09-Sep-2026 04:15 PM,10-Sep-2026 04:15 PM,"Supply, Installation, Testing and Commissioning of 11 KV Substation, DG Set with interconnections Cables and Allied works at NFR Facilities at Location WSA Site at DAK9-Gurdaspur-Katra-Pkg14 -439_450-RHS-JK District Kathua, JK under Jammu DO PSO",MnC/NR/PSO/ENG/LT-146/26-27,2026_NRO_191264_1,IndianOil||Marketing||Northern Region Office||Contract Cell,https://iocletenders.nic.in/nicgep/app?component=%24DirectLink_0&page=FrontEndAdvancedSearchResult&service=direct&session=T&sp=SCSDXWTXsRYAARVnVzvMeQw%3D%3D,"[Supply, Installation, Testing and Commissioning of 11 KV Substation, DG Set with interconnections Cables and Allied works at NFR Facilities at Location WSA Site at DAK9-Gurdaspur-Katra-Pkg14 -439_450-RHS-JK District Kathua, JK under Jammu DO PSO]"
installation,02-Sep-2026 03:00 PM,09-Sep-2026 03:00 PM,10-Sep-2026 03:00 PM,"INSTALLATION OF ELECTRIC POLES AND LIGHTS FOR LUX LEVEL IMPROVEMENT AS PER OISD-144 AND MDT HSE RECOMMENDATION AT KASHIPUR BOTTLING PLANT, PATTIKALAN.",PBP/LPG/LT/LUX/26-27,2026_UPSO2_191250_1,IndianOil||Marketing||Uttar Pradesh State Office-2||BP - Kashipur,https://iocletenders.nic.in/nicgep/app?component=%24DirectLink_0&page=FrontEndAdvancedSearchResult&service=direct&session=T&sp=SHq%2BNOPLjDZrD6hg0nONbHA%3D%3D,"[INSTALLATION OF ELECTRIC POLES AND LIGHTS FOR LUX LEVEL IMPROVEMENT AS PER OISD-144 AND MDT HSE RECOMMENDATION AT KASHIPUR BOTTLING PLANT, PATTIKALAN.]"
installation,02-Sep-2026 12:55 PM,09-Sep-2026 12:55 PM,10-Sep-2026 12:55 PM,"Supply, Installation, Testing and Commissioning of 11 KV Substation, DG Set with interconnections Cables and Allied works at NFR Facilities at Location WSA Site at DAK9 Gurdaspur-Katra-Pkg14-439 450-LHS-JK District Kathua, JK under Jammu DO PSO",MnC/NR/PSO/ENG/LT-145/26-27,2026_NRO_191252_1,IndianOil||Marketing||Northern Region Office||Contract Cell,https://iocletenders.nic.in/nicgep/app?component=%24DirectLink_0&page=FrontEndAdvancedSearchResult&service=direct&session=T&sp=StdndV%2FbMHfszn4GGsL9acw%3D%3D,"[Supply, Installation, Testing and Commissioning of 11 KV Substation, DG Set with interconnections Cables and Allied works at NFR Facilities at Location WSA Site at DAK9 Gurdaspur-Katra-Pkg14-439 450-LHS-JK District Kathua, JK under Jammu DO PSO]"
installation,01-Sep-2026 06:30 PM,15-Sep-2026 03:00 PM,17-Sep-2026 03:30 PM,"Supply, installation and commissioning of Open Air (Outdoor) Gym equipment at Haldia Refinery Township",9040C26C63,2026_HR_191251_1,IndianOil||Refineries||Haldia Refinery||Contracts,https://iocletenders.nic.in/nicgep/app?component=%24DirectLink_0&page=FrontEndAdvancedSearchResult&service=direct&session=T&sp=SXAiqqOeKNCfqFMrI6MRgYA%3D%3D,"[Supply, installation and commissioning of Open Air (Outdoor) Gym equipment at Haldia Refinery Township]"
installation,01-Sep-2026 05:30 PM,15-Sep-2026 05:30 PM,16-Sep-2026 05:30 PM,Installation of crash guards in TT Parking Area at North Guwahati BP,ER-MnC/2026-27/PT/271,2026_ERO_191120_1,IndianOil||Marketing||Eastern Region Office||Contract Cell,https://iocletenders.nic.in/nicgep/app?component=%24DirectLink_0&page=FrontEndAdvancedSearchResult&service=direct&session=T&sp=SwTq1%2B9pPNBp2TUdgYB%2BxmA%3D%3D,[Installation of crash guards in TT Parking Area at North Guwahati BP]
installation,01-Sep-2026 04:30 PM,15-Sep-2026 04:30 PM,16-Sep-2026 04:30 PM,"Supply, Installation, Testing and Commissioning of AC Interference mitigation measures for 681 Km of WRPL Pipelines. Gp02 Abu Road to Kot",PWRJT26508,2026_WRRAJ_190881_2,IndianOil||Pipelines||WRPL Rajkot||Technical Services,https://iocletenders.nic.in/nicgep/app?component=%24DirectLink_0&page=FrontEndAdvancedSearchResult&service=direct&session=T&sp=SZuKCdMasfZc%2Fh%2FXP39D6OQ%3D%3D,"[Supply, Installation, Testing and Commissioning of AC Interference mitigation measures for 681 Km of WRPL Pipelines. Gp02 Abu Road to Kot]"
installation,01-Sep-2026 04:30 PM,15-Sep-2026 04:30 PM,16-Sep-2026 04:30 PM,"Supply, Installation, Testing and Commissioning of AC Interference mitigation measures for 681 Km of WRPL Pipelines Gp01 Chaksu to Mathura",PWRJT26508,2026_WRRAJ_190881_1,IndianOil||Pipelines||WRPL Rajkot||Technical Services,https://iocletenders.nic.in/nicgep/app?component=%24DirectLink_0&page=FrontEndAdvancedSearchResult&service=direct&session=T&sp=SPnjMkgo7cfFcxDaMZ5gQ8A%3D%3D,"[Supply, Installation, Testing and Commissioning of AC Interference mitigation measures for 681 Km of WRPL Pipelines Gp01 Chaksu to Mathura]"
installation,27-Aug-2026 06:30 PM,17-Sep-2026 02:30 PM,18-Sep-2026 03:00 PM,"INSTALLATION OF 8.625 INCH OD, 4.3 KM (APPROX.) CROSS COUNTRY PIPELINE and ASSOCIATED COMBINED STATION WORKS AT IOCL WILLINGDON ISLAND TERMINAL AND SNC NORTH JETTY UNDER KOCHI HFHSD PIPELINE PROJECT.",PLCC/Kochi HFHSD PL/others/26059,2026_PLHO_191172_1,IndianOil||Pipelines||Pipelines HO||Contracts,https://iocletenders.nic.in/nicgep/app?component=%24DirectLink_0&page=FrontEndAdvancedSearchResult&service=direct&session=T&sp=SasvGQEWKHc94ZKzdU8GPqA%3D%3D,"[INSTALLATION OF 8.625 INCH OD, 4.3 KM (APPROX.) CROSS COUNTRY PIPELINE and ASSOCIATED COMBINED STATION WORKS AT IOCL WILLINGDON ISLAND TERMINAL AND SNC NORTH JETTY UNDER KOCHI HFHSD PIPELINE PROJECT.]"
installation,27-Aug-2026 03:00 PM,15-Sep-2026 03:00 PM,16-Sep-2026 03:00 PM,"Design, Engineering, Supply, Boring, Installation, Testing and commissioning of Deep Tube Well (5 nos.) by DTH method along with 01 No. Iron removal filter plant (40000 LPH) for providing reliable groundwater-based water supply system ",9010C26B24,2026_GR_191163_1,IndianOil||Refineries||Guwahati Refinery||Contracts,https://iocletenders.nic.in/nicgep/app?component=%24DirectLink_0&page=FrontEndAdvancedSearchResult&service=direct&session=T&sp=SuC0q0Rm52YcrviQdav2I%2Fg%3D%3D,"[Design, Engineering, Supply, Boring, Installation, Testing and commissioning of Deep Tube Well (5 nos.) by DTH method along with 01 No. Iron removal filter plant (40000 LPH) for providing reliable groundwater-based water supply system ]"
installation,25-Aug-2026 06:00 PM,15-Sep-2026 05:00 PM,16-Sep-2026 05:00 PM,Installation of Leak Detection System  on MS and HSD lines between SOJ and Paradip Refinery,9070C26C71,2026_PDR_191139_2,IndianOil||Refineries||Paradip Refinery||Contracts,https://iocletenders.nic.in/nicgep/app?component=%24DirectLink_0&page=FrontEndAdvancedSearchResult&service=direct&session=T&sp=Ss6kpGe4Che5OKlpDUGXqYA%3D%3D,[Installation of Leak Detection System  on MS and HSD lines between SOJ and Paradip Refinery]
installation,25-Aug-2026 04:00 PM,15-Sep-2026 02:30 PM,16-Sep-2026 03:00 PM,"Design, Engineering, Supply, Installation, Testing and Commissioning of Fire alarm detection system along with Additional Instrumentation for HRPL locations",PLCC/HRPL Fire alarm system/T and I/26060,2026_PLHO_191135_1,IndianOil||Pipelines||Pipelines HO||Contracts,https://iocletenders.nic.in/nicgep/app?component=%24DirectLink_0&page=FrontEndAdvancedSearchResult&service=direct&session=T&sp=S9KykSqxAwrar6CnOMQNAtQ%3D%3D,"[Design, Engineering, Supply, Installation, Testing and Commissioning of Fire alarm detection system along with Additional Instrumentation for HRPL locations]"
installation,21-Aug-2026 12:45 PM,17-Sep-2026 12:45 PM,18-Sep-2026 12:45 PM,"Design, supply, installation, testing and commissioning of IP Based CCTV Surveillance System along with associated works at Jodhpur Terminal Under Rajasthan State Office.",MnC/NR/RSO/ENG/PT-93/26-27,2026_NRO_191072_1,IndianOil||Marketing||Northern Region Office||Contract Cell,https://iocletenders.nic.in/nicgep/app?component=%24DirectLink_0&page=FrontEndAdvancedSearchResult&service=direct&session=T&sp=SEtBcTEA8GAOOKIzcLAQ%2BSg%3D%3D,"[Design, supply, installation, testing and commissioning of IP Based CCTV Surveillance System along with associated works at Jodhpur Terminal Under Rajasthan State Office.]"
installation,19-Aug-2026 05:00 PM,09-Sep-2026 02:30 PM,10-Sep-2026 03:00 PM,"Design, Supply, Installation, Customization, Calibration, Testing and Commissioning of Optical Fiber based Pipeline Intrusion Detection and Warning System (PIDWS) in Koyali Ahmednagar Solapur Pipeline (KASPL) and Kot-Jodhpur Pipeline with 5 years AMC",PLCC/PIDWS/TI/26052,2026_PLHO_191027_1,IndianOil||Pipelines||Pipelines HO||Contracts,https://iocletenders.nic.in/nicgep/app?component=%24DirectLink_0&page=FrontEndAdvancedSearchResult&service=direct&session=T&sp=SfVUlx8Hu77xuyjrPynq%2Btw%3D%3D,"[Design, Supply, Installation, Customization, Calibration, Testing and Commissioning of Optical Fiber based Pipeline Intrusion Detection and Warning System (PIDWS) in Koyali Ahmednagar Solapur Pipeline (KASPL) and Kot-Jodhpur Pipeline with 5 years AMC]"
installation,18-Aug-2026 06:00 PM,09-Sep-2026 05:00 PM,10-Sep-2026 05:00 PM,"Supply Installation, Testing and Commissioning of Biometric Attendance System at ERPL Siliguri including 3 (Three) Years Comprehensive Annual Maintenance Contract",ERKLC2656,2026_ERKLK_191021_1,IndianOil||Pipelines||ERPL Kolkata||Materials,https://iocletenders.nic.in/nicgep/app?component=%24DirectLink_0&page=FrontEndAdvancedSearchResult&service=direct&session=T&sp=SPczUDvvea6d0ieN58X1JIw%3D%3D,"[Supply Installation, Testing and Commissioning of Biometric Attendance System at ERPL Siliguri including 3 (Three) Years Comprehensive Annual Maintenance Contract]"
upgradation,05-Sep-2026 05:00 PM,12-Sep-2026 05:00 PM,14-Sep-2026 09:00 AM,"UPGRADATION OF THREE FLATS (A8-3BHK, A5-2BHK, B3-2BHK) AT INDIANOIL QUARTERS AT MADURAI DIVISIONAL OFFICE OF TAMIL NADU STATE OFFICE",MnC/SR/RSR/LT/115/TNSO/2026-27,2026_SROTN_191267_1,IndianOil||Marketing||Southern Region and Tamilnadu State Office||Contracts Cell,https://iocletenders.nic.in/nicgep/app?component=%24DirectLink_0&page=FrontEndAdvancedSearchResult&service=direct&session=T&sp=SVsffpYzphIL40TEY4C3zQQ%3D%3D,"[UPGRADATION OF THREE FLATS (A8-3BHK, A5-2BHK, B3-2BHK) AT INDIANOIL QUARTERS AT MADURAI DIVISIONAL OFFICE OF TAMIL NADU STATE OFFICE]"
upgradation,03-Sep-2026 11:00 AM,24-Sep-2026 02:30 PM,25-Sep-2026 03:00 PM,RPRC261375 Renovation and Upgradation of company owned residential accommodations (Phase-3) at PRPC Township,9060C26C60,2026_PR_191269_1,IndianOil||Refineries||Panipat Refinery||Contracts,https://iocletenders.nic.in/nicgep/app?component=%24DirectLink_0&page=FrontEndAdvancedSearchResult&service=direct&session=T&sp=S6DcEqD%2BIDBZuMyUP3NHNmA%3D%3D,[RPRC261375 Renovation and Upgradation of company owned residential accommodations (Phase-3) at PRPC Township]
upgradation,31-Aug-2026 01:00 PM,21-Sep-2026 01:00 PM,22-Sep-2026 01:00 PM,Rate Contract (Rs. 0 to 50.00 Lacs) for carrying out Capital / Revenue works upgradation / renovation / painting / M and R works up to Rs. 50 Lakhs,MnC/SR/HS/PT/107/SRO/2026-27,2026_SROTN_191032_1,IndianOil||Marketing||Southern Region and Tamilnadu State Office||Contracts Cell,https://iocletenders.nic.in/nicgep/app?component=%24DirectLink_0&page=FrontEndAdvancedSearchResult&service=direct&session=T&sp=SUpu5HHYLIc6%2FRPN4iOgyww%3D%3D,[Rate Contract (Rs. 0 to 50.00 Lacs) for carrying out Capital / Revenue works upgradation / renovation / painting / M and R works up to Rs. 50 Lakhs]
upgradation,20-Aug-2026 03:00 PM,10-Sep-2026 03:00 PM,11-Sep-2026 03:00 PM,Upgradation of Electrical Panel along with Bus Duct and APFC Panel at Old Substation No-1.,9400C26A62,2026_RND_191068_1,IndianOil||Research and  Development||Contract Cell,https://iocletenders.nic.in/nicgep/app?component=%24DirectLink_0&page=FrontEndAdvancedSearchResult&service=direct&session=T&sp=SZKQ5DQClaEU0tSXfjKTE3w%3D%3D,[Upgradation of Electrical Panel along with Bus Duct and APFC Panel at Old Substation No-1.]
rate,07-Sep-2026 02:00 PM,28-Sep-2026 02:00 PM,29-Sep-2026 02:00 PM,RATE CONTRACT FOR FABRICATION OF 10KL 20KL 50KL 70KL HORIZONTAL TANKS FOR DIVISIONAL OFFICES UNDER GUJARAT STATE OFFICE,WRMC/2026-27/PT/260,2026_WRO_191310_1,IndianOil||Marketing||Western Region Office||Contracts Cell,https://iocletenders.nic.in/nicgep/app?component=%24DirectLink_0&page=FrontEndAdvancedSearchResult&service=direct&session=T&sp=S4JCRW7%2BsobTg0PBzTCjtCA%3D%3D,[RATE CONTRACT FOR FABRICATION OF 10KL 20KL 50KL 70KL HORIZONTAL TANKS FOR DIVISIONAL OFFICES UNDER GUJARAT STATE OFFICE]
rate,07-Sep-2026 01:00 PM,28-Sep-2026 01:00 PM,29-Sep-2026 01:00 PM,TRANSPORTATION OF INDANE LPG CYLINDERS IN VERTICAL POSITION ON UNIT RATE BASIS EX- MURBAD BOTTLING PLANT.,WRMC/2026-27/PT/309,2026_WRO_191318_1,IndianOil||Marketing||Western Region Office||Contracts Cell,https://iocletenders.nic.in/nicgep/app?component=%24DirectLink_0&page=FrontEndAdvancedSearchResult&service=direct&session=T&sp=SrSs6fFVY0nx4vxffcuplyQ%3D%3D,[TRANSPORTATION OF INDANE LPG CYLINDERS IN VERTICAL POSITION ON UNIT RATE BASIS EX- MURBAD BOTTLING PLANT.]
rate,03-Sep-2026 06:50 PM,14-Sep-2026 05:00 PM,15-Sep-2026 05:00 PM,"Proposal for lining up Rate Contract for emergency repair works such as  pipeline leak, burst, pilferage and other miscellaneous maintenance  activities in mainline jurisdiction for BKPL stations into 3 Groups   Group A PHBPL Barauni ",ERKLC2653,2026_ERKLK_191194_1,IndianOil||Pipelines||ERPL Kolkata||Materials,https://iocletenders.nic.in/nicgep/app?component=%24DirectLink_0&page=FrontEndAdvancedSearchResult&service=direct&session=T&sp=Spw9LOZ0GW5ZF4UPknDbY6Q%3D%3D,"[Proposal for lining up Rate Contract for emergency repair works such as  pipeline leak, burst, pilferage and other miscellaneous maintenance  activities in mainline jurisdiction for BKPL stations into 3 Groups   Group A PHBPL Barauni ]"
rate,03-Sep-2026 06:50 PM,14-Sep-2026 05:00 PM,15-Sep-2026 05:00 PM,"Proposal for lining up Rate Contract for emergency repair works such as pipeline leak, burst, pilferage and other miscellaneous maintenance activities in mainline jurisdiction for BKPL stations into 3 Groups Group B BKPL Barauni",ERKLC2653,2026_ERKLK_191194_2,IndianOil||Pipelines||ERPL Kolkata||Materials,https://iocletenders.nic.in/nicgep/app?component=%24DirectLink_0&page=FrontEndAdvancedSearchResult&service=direct&session=T&sp=SpqUnJ9p%2B9qRMZoCYdoNxxA%3D%3D,"[Proposal for lining up Rate Contract for emergency repair works such as pipeline leak, burst, pilferage and other miscellaneous maintenance activities in mainline jurisdiction for BKPL stations into 3 Groups Group B BKPL Barauni]"
rate,03-Sep-2026 06:50 PM,14-Sep-2026 05:00 PM,15-Sep-2026 05:00 PM,"Proposal for lining up Rate Contract for emergency repair works such as pipeline leak, burst, pilferage and other miscellaneous maintenance activities in mainline jurisdiction for BKPL stations into 3 Groups Group C ERPL Jasidih",ERKLC2653,2026_ERKLK_191194_3,IndianOil||Pipelines||ERPL Kolkata||Materials,https://iocletenders.nic.in/nicgep/app?component=%24DirectLink_0&page=FrontEndAdvancedSearchResult&service=direct&session=T&sp=SMqMQEIfEZRFbF9m%2B4SfP8w%3D%3D,"[Proposal for lining up Rate Contract for emergency repair works such as pipeline leak, burst, pilferage and other miscellaneous maintenance activities in mainline jurisdiction for BKPL stations into 3 Groups Group C ERPL Jasidih]"
rate,03-Sep-2026 05:00 PM,24-Sep-2026 03:00 PM,25-Sep-2026 03:00 PM,"Rate contract for procurement of UF membrane for Barauni, Haldia and Mathura Refinery",RHQMM26208,2026_REFHQ_191283_1,IndianOil||Refineries||Refineries HQ||Materials,https://iocletenders.nic.in/nicgep/app?component=%24DirectLink_0&page=FrontEndAdvancedSearchResult&service=direct&session=T&sp=SsmT6UdpydcjcohXqGTjsAQ%3D%3D,"[Rate contract for procurement of UF membrane for Barauni, Haldia and Mathura Refinery]"
rate,01-Sep-2026 03:30 PM,29-Sep-2026 03:00 PM,30-Sep-2026 03:00 PM,Rate Contract for Procurement of FCC Catalyst for IOCL Gujarat Refinery,RHQMM26301,2026_REFHQ_191246_1,IndianOil||Refineries||Refineries HQ||Materials,https://iocletenders.nic.in/nicgep/app?component=%24DirectLink_0&page=FrontEndAdvancedSearchResult&service=direct&session=T&sp=S0BYHL0OvsXJYYPGGSJZfNw%3D%3D,[Rate Contract for Procurement of FCC Catalyst for IOCL Gujarat Refinery]
rate,31-Aug-2026 01:00 PM,21-Sep-2026 01:00 PM,22-Sep-2026 01:00 PM,Rate Contract (Rs. 0 to 50.00 Lacs) for carrying out Capital / Revenue works upgradation / renovation / painting / M and R works up to Rs. 50 Lakhs,MnC/SR/HS/PT/107/SRO/2026-27,2026_SROTN_191032_1,IndianOil||Marketing||Southern Region and Tamilnadu State Office||Contracts Cell,https://iocletenders.nic.in/nicgep/app?component=%24DirectLink_0&page=FrontEndAdvancedSearchResult&service=direct&session=T&sp=SUpu5HHYLIc6%2FRPN4iOgyww%3D%3D,[Rate Contract (Rs. 0 to 50.00 Lacs) for carrying out Capital / Revenue works upgradation / renovation / painting / M and R works up to Rs. 50 Lakhs]
rate,31-Aug-2026 09:30 AM,14-Sep-2026 04:30 PM,15-Sep-2026 04:30 PM,Rate Contract for Maintenance of Office and Guest house of IOCL BGR at Six Mile Guwahati,BN26CL119,2026_BGR_191164_1,IndianOil||Refineries||Bongaigaon Refinery||Contract,https://iocletenders.nic.in/nicgep/app?component=%24DirectLink_0&page=FrontEndAdvancedSearchResult&service=direct&session=T&sp=Sg86i9d9Cu%2FsqCYTzJzvrYQ%3D%3D,[Rate Contract for Maintenance of Office and Guest house of IOCL BGR at Six Mile Guwahati]
rate,29-Aug-2026 12:00 PM,12-Sep-2026 12:00 PM,14-Sep-2026 03:00 PM,"DRE226B076 Annual rate contract for Servicing and overhauling of Transformers at AOD Refinery, Digboi and IOCL DR Township",DRE226B076,2026_AOD_191202_1,IndianOil||Refineries||AOD Digboi||Contracts Section,https://iocletenders.nic.in/nicgep/app?component=%24DirectLink_0&page=FrontEndAdvancedSearchResult&service=direct&session=T&sp=S%2F3KDGpZezR3nXOBOEBPEPg%3D%3D,"[DRE226B076 Annual rate contract for Servicing and overhauling of Transformers at AOD Refinery, Digboi and IOCL DR Township]"
rate,27-Aug-2026 05:00 PM,24-Sep-2026 05:00 PM,25-Sep-2026 05:00 PM,"Capex Rate Contract Category- I  Rs. 0 to 3.00 Lacs for carrying out maintenance and low value capital jobs of mechanical, civil and electrical nature at Retail Outlets including KSKs and Consumer Outlets under Bangalore, Belgaum, Mangalore, ",MnC/SR/VJI/PT/111/KASO/2026-27,2026_SROTN_191132_1,IndianOil||Marketing||Southern Region and Tamilnadu State Office||Contracts Cell,https://iocletenders.nic.in/nicgep/app?component=%24DirectLink_0&page=FrontEndAdvancedSearchResult&service=direct&session=T&sp=SNymCdjOzRV0JAOe5C1U8tw%3D%3D,"[Capex Rate Contract Category- I  Rs. 0 to 3.00 Lacs for carrying out maintenance and low value capital jobs of mechanical, civil and electrical nature at Retail Outlets including KSKs and Consumer Outlets under Bangalore, Belgaum, Mangalore, ]"
rate,27-Aug-2026 03:00 PM,10-Sep-2026 03:00 PM,11-Sep-2026 03:30 PM,Annual Rate Contract for Facility Management Services at Pipelines Kaushal Vikas Kendra Budhpur Rewari,PNP26047,2026_NRPNP_191165_1,IndianOil||Pipelines||NRPL Panipat||Materials,https://iocletenders.nic.in/nicgep/app?component=%24DirectLink_0&page=FrontEndAdvancedSearchResult&service=direct&session=T&sp=SmyjrfTqfmTyN0LG%2FcAqOsg%3D%3D,[Annual Rate Contract for Facility Management Services at Pipelines Kaushal Vikas Kendra Budhpur Rewari]
rate,21-Aug-2026 09:00 AM,11-Sep-2026 05:00 PM,12-Sep-2026 05:00 PM,Annual Rate contract for Repair and Maintenance of Civil work at Paradip Refinery Township Paradip Odisha,9070C26C63,2026_PDR_191060_1,IndianOil||Refineries||Paradip Refinery||Contracts,https://iocletenders.nic.in/nicgep/app?component=%24DirectLink_0&page=FrontEndAdvancedSearchResult&service=direct&session=T&sp=SyixdIOwkkmTrVKPExDZWhw%3D%3D,[Annual Rate contract for Repair and Maintenance of Civil work at Paradip Refinery Township Paradip Odisha]
rate,18-Aug-2026 04:00 PM,23-Sep-2026 04:00 PM,24-Sep-2026 04:00 PM,MnC/SR/BNR/PT/103/TNSO/2026-27 Transportation of Indane LPG Cylinders in vertical position on unit rate basis ex-Coimbatore Bottling Plant under Tamil Nadu State Office,MnC/SR/BNR/PT/103/TNSO/2026-27,2026_SROTN_190983_1,IndianOil||Marketing||Southern Region and Tamilnadu State Office||Contracts Cell,https://iocletenders.nic.in/nicgep/app?component=%24DirectLink_0&page=FrontEndAdvancedSearchResult&service=direct&session=T&sp=Sl3kEKhIxScHHc7cangU8OA%3D%3D,[MnC/SR/BNR/PT/103/TNSO/2026-27 Transportation of Indane LPG Cylinders in vertical position on unit rate basis ex-Coimbatore Bottling Plant under Tamil Nadu State Office]
rate,06-Aug-2026 05:00 PM,24-Sep-2026 11:00 AM,25-Sep-2026 11:00 AM,Transportation of Indane LPG Cylinders in vertical position on unit rate basis ex- Jhunjhunu Bottling Plant.,MnC/NR/RSO/LPG/PT-071/26-27,2026_NRO_190872_1,IndianOil||Marketing||Northern Region Office||Contract Cell,https://iocletenders.nic.in/nicgep/app?component=%24DirectLink_0&page=FrontEndAdvancedSearchResult&service=direct&session=T&sp=S2hipSt4znPntV9uORdtarg%3D%3D,[Transportation of Indane LPG Cylinders in vertical position on unit rate basis ex- Jhunjhunu Bottling Plant.]
rate,05-Aug-2026 03:25 PM,09-Sep-2026 03:00 PM,10-Sep-2026 03:00 PM,Rate Contract for Procurement of Antioxidant (ANTAX/STURMAX) for PBR project at Panipat Refinery,RHQMM26426,2026_REFHQ_190827_1,IndianOil||Refineries||Refineries HQ||Materials,https://iocletenders.nic.in/nicgep/app?component=%24DirectLink_0&page=FrontEndAdvancedSearchResult&service=direct&session=T&sp=Sa6OUfQWrexmJDbENvcHl%2FQ%3D%3D,[Rate Contract for Procurement of Antioxidant (ANTAX/STURMAX) for PBR project at Panipat Refinery]
rate,10-Jul-2026 03:30 PM,17-Sep-2026 03:00 PM,18-Sep-2026 03:00 PM,Rate Contract for procurement of Lubricity Additive for IOCL Refinery units ,RHQMM26422,2026_REFHQ_190536_1,IndianOil||Refineries||Refineries HQ||Materials,https://iocletenders.nic.in/nicgep/app?component=%24DirectLink_0&page=FrontEndAdvancedSearchResult&service=direct&session=T&sp=SIFYv5%2B0zb%2FiQWQBYXiEgng%3D%3D,[Rate Contract for procurement of Lubricity Additive for IOCL Refinery units ]
works,08-Sep-2026 03:20 PM,15-Sep-2026 03:20 PM,16-Sep-2026 03:20 PM,"FABRICATION, ERECTION, TESTING AND COMMISSIONING OF MECHANICAL PIPING(SS_GI_MS) FOR FOAM FEEDING THROUGH FOAM TROLLEY BANK AND ALLIED WORKS AT CHITTORGARH TERMINAL UNDER RSO.",MnC/NR/RSO/ENG/LT-158/26-27,2026_NRO_191327_1,IndianOil||Marketing||Northern Region Office||Contract Cell,https://iocletenders.nic.in/nicgep/app?component=%24DirectLink_0&page=FrontEndAdvancedSearchResult&service=direct&session=T&sp=SbJJPMFOkDaxozt%2FZUZyJrw%3D%3D,"[FABRICATION, ERECTION, TESTING AND COMMISSIONING OF MECHANICAL PIPING(SS_GI_MS) FOR FOAM FEEDING THROUGH FOAM TROLLEY BANK AND ALLIED WORKS AT CHITTORGARH TERMINAL UNDER RSO.]"
works,08-Sep-2026 03:15 PM,16-Sep-2026 03:15 PM,17-Sep-2026 03:15 PM,Carrying out Various Civil Mechanical Pipeline Painting Safety and Allied Works at Ennore LPG Bottling Plant Ennore Chennai,EnnBP/MDT_Works1/LT/2026-27,2026_SROTN_191336_1,IndianOil||Marketing||Southern Region and Tamilnadu State Office||LPG,https://iocletenders.nic.in/nicgep/app?component=%24DirectLink_0&page=FrontEndAdvancedSearchResult&service=direct&session=T&sp=SxAojS%2BDv8req3qaI0HGsXw%3D%3D,[Carrying out Various Civil Mechanical Pipeline Painting Safety and Allied Works at Ennore LPG Bottling Plant Ennore Chennai]
works,07-Sep-2026 05:00 PM,21-Sep-2026 05:00 PM,22-Sep-2026 05:00 PM,Combined Station Works for installation and commissioning of HT panel at NRPL Ambala,PNP26075,2026_NRPNP_191322_1,IndianOil||Pipelines||NRPL Panipat||Materials,https://iocletenders.nic.in/nicgep/app?component=%24DirectLink_0&page=FrontEndAdvancedSearchResult&service=direct&session=T&sp=S3c24uECAV891lu0ojMMwUg%3D%3D,[Combined Station Works for installation and commissioning of HT panel at NRPL Ambala]
works,07-Sep-2026 01:10 PM,14-Sep-2026 01:10 PM,15-Sep-2026 01:10 PM,"Development of New WSA Sitapur site with facilities like Sales Building, Canopy, Paver block driveway and other allied civil and electrical works at location NH-24_474_131_RHS_Sitapur_UP District- Lucknow, under Lucknow DO UPSO-I",MnC/NR/UPSO-I/ENG/LT-148/26-27,2026_NRO_191255_1,IndianOil||Marketing||Northern Region Office||Contract Cell,https://iocletenders.nic.in/nicgep/app?component=%24DirectLink_0&page=FrontEndAdvancedSearchResult&service=direct&session=T&sp=SWkdZjrrljmrDeMzDBLpSLw%3D%3D,"[Development of New WSA Sitapur site with facilities like Sales Building, Canopy, Paver block driveway and other allied civil and electrical works at location NH-24_474_131_RHS_Sitapur_UP District- Lucknow, under Lucknow DO UPSO-I]"
works,04-Sep-2026 05:00 PM,14-Sep-2026 03:00 PM,15-Sep-2026 03:30 PM,"Miscellaneous Piping, Structural, Mechanical, Electrical  Instrumentation Works for RFCCU Revamp under BR 09 Project.",9020C26C76,2026_BR_191309_1,IndianOil||Refineries||Barauni Refinery||Contract,https://iocletenders.nic.in/nicgep/app?component=%24DirectLink_0&page=FrontEndAdvancedSearchResult&service=direct&session=T&sp=SRXHe76FQT51HeWkPTG02SA%3D%3D,"[Miscellaneous Piping, Structural, Mechanical, Electrical  Instrumentation Works for RFCCU Revamp under BR 09 Project.]"
works,04-Sep-2026 03:00 PM,18-Sep-2026 03:00 PM,19-Sep-2026 03:00 PM,9030C26D27- Civil and electrical works involves in relocation of the emergency control centre room of Gujarat Refinery.,9030C26D27,2026_JR_191294_1,IndianOil||Refineries||Gujarat Refinery||Contracts,https://iocletenders.nic.in/nicgep/app?component=%24DirectLink_0&page=FrontEndAdvancedSearchResult&service=direct&session=T&sp=Sfi01orNIexTwmn6v%2BzfrAQ%3D%3D,[9030C26D27- Civil and electrical works involves in relocation of the emergency control centre room of Gujarat Refinery.]
works,03-Sep-2026 06:55 PM,10-Sep-2026 06:55 PM,11-Sep-2026 06:55 PM,"Construction of new A site Retail Outlet with facilities like Sales Building, Canopy, Paver block driveway and other allied civil, electrical works at location Kalpetta Town on Bypass Road, District Wayanad under Kozhikode Div Office, Kerala SO",MnC/SR/RSR/LT/116/KESO/2026-27,2026_SROTN_191276_1,IndianOil||Marketing||Southern Region and Tamilnadu State Office||Contracts Cell,https://iocletenders.nic.in/nicgep/app?component=%24DirectLink_0&page=FrontEndAdvancedSearchResult&service=direct&session=T&sp=SWrbIL6JxbEUbaL3h%2BqGcLw%3D%3D,"[Construction of new A site Retail Outlet with facilities like Sales Building, Canopy, Paver block driveway and other allied civil, electrical works at location Kalpetta Town on Bypass Road, District Wayanad under Kozhikode Div Office, Kerala SO]"
works,03-Sep-2026 06:50 PM,14-Sep-2026 05:00 PM,15-Sep-2026 05:00 PM,"Proposal for lining up Rate Contract for emergency repair works such as  pipeline leak, burst, pilferage and other miscellaneous maintenance  activities in mainline jurisdiction for BKPL stations into 3 Groups   Group A PHBPL Barauni ",ERKLC2653,2026_ERKLK_191194_1,IndianOil||Pipelines||ERPL Kolkata||Materials,https://iocletenders.nic.in/nicgep/app?component=%24DirectLink_0&page=FrontEndAdvancedSearchResult&service=direct&session=T&sp=Spw9LOZ0GW5ZF4UPknDbY6Q%3D%3D,"[Proposal for lining up Rate Contract for emergency repair works such as  pipeline leak, burst, pilferage and other miscellaneous maintenance  activities in mainline jurisdiction for BKPL stations into 3 Groups   Group A PHBPL Barauni ]"
works,03-Sep-2026 06:50 PM,14-Sep-2026 05:00 PM,15-Sep-2026 05:00 PM,"Proposal for lining up Rate Contract for emergency repair works such as pipeline leak, burst, pilferage and other miscellaneous maintenance activities in mainline jurisdiction for BKPL stations into 3 Groups Group B BKPL Barauni",ERKLC2653,2026_ERKLK_191194_2,IndianOil||Pipelines||ERPL Kolkata||Materials,https://iocletenders.nic.in/nicgep/app?component=%24DirectLink_0&page=FrontEndAdvancedSearchResult&service=direct&session=T&sp=SpqUnJ9p%2B9qRMZoCYdoNxxA%3D%3D,"[Proposal for lining up Rate Contract for emergency repair works such as pipeline leak, burst, pilferage and other miscellaneous maintenance activities in mainline jurisdiction for BKPL stations into 3 Groups Group B BKPL Barauni]"
works,03-Sep-2026 06:50 PM,14-Sep-2026 05:00 PM,15-Sep-2026 05:00 PM,"Proposal for lining up Rate Contract for emergency repair works such as pipeline leak, burst, pilferage and other miscellaneous maintenance activities in mainline jurisdiction for BKPL stations into 3 Groups Group C ERPL Jasidih",ERKLC2653,2026_ERKLK_191194_3,IndianOil||Pipelines||ERPL Kolkata||Materials,https://iocletenders.nic.in/nicgep/app?component=%24DirectLink_0&page=FrontEndAdvancedSearchResult&service=direct&session=T&sp=SMqMQEIfEZRFbF9m%2B4SfP8w%3D%3D,"[Proposal for lining up Rate Contract for emergency repair works such as pipeline leak, burst, pilferage and other miscellaneous maintenance activities in mainline jurisdiction for BKPL stations into 3 Groups Group C ERPL Jasidih]"
works,03-Sep-2026 05:30 PM,10-Sep-2026 05:30 PM,11-Sep-2026 05:30 PM,Phase II works for Development of 2 Nos A Site Retail Outlets namely at Sy No 151 10 from Sastapur to Chandakapur on NH 9 Halli Village Basavakalyan Taluk Bidar District Karnataka and Sy No 75 6 within 2 KM from Chigateri Cross on Harapanahalli to Ko,MnC/SR/RIM/LT/118/KASO/2026-27,2026_SROTN_191286_1,IndianOil||Marketing||Southern Region and Tamilnadu State Office||Contracts Cell,https://iocletenders.nic.in/nicgep/app?component=%24DirectLink_0&page=FrontEndAdvancedSearchResult&service=direct&session=T&sp=S2bjoam%2FwYaFJ0w8MLcCmZQ%3D%3D,[Phase II works for Development of 2 Nos A Site Retail Outlets namely at Sy No 151 10 from Sastapur to Chandakapur on NH 9 Halli Village Basavakalyan Taluk Bidar District Karnataka and Sy No 75 6 within 2 KM from Chigateri Cross on Harapanahalli to Ko]
works,03-Sep-2026 05:10 PM,10-Sep-2026 05:10 PM,11-Sep-2026 05:10 PM,"Miscellaneous works for provision of canopies at 3 ROs including allied works under Jammu DO, PSO",MnC/NR/PSO/ENG/LT-150/26-27,2026_NRO_191259_1,IndianOil||Marketing||Northern Region Office||Contract Cell,https://iocletenders.nic.in/nicgep/app?component=%24DirectLink_0&page=FrontEndAdvancedSearchResult&service=direct&session=T&sp=SWH8Ijyx%2BKxkVUAFlxhw7NA%3D%3D,"[Miscellaneous works for provision of canopies at 3 ROs including allied works under Jammu DO, PSO]"
works,03-Sep-2026 05:00 PM,17-Sep-2026 05:00 PM,18-Sep-2026 05:00 PM,"Balance civil works of GIS 300 extension building under BSVI project at IOCL Paradip Refinery, Odisha",9070C26C79,2026_PDR_191280_1,IndianOil||Refineries||Paradip Refinery||Contracts,https://iocletenders.nic.in/nicgep/app?component=%24DirectLink_0&page=FrontEndAdvancedSearchResult&service=direct&session=T&sp=SZJFcqSEpa2hhHjFuuWGonA%3D%3D,"[Balance civil works of GIS 300 extension building under BSVI project at IOCL Paradip Refinery, Odisha]"
works,03-Sep-2026 05:00 PM,10-Sep-2026 05:00 PM,11-Sep-2026 05:00 PM,"MnC/SR/BNR/LT/107/KESO/2026-27 Construction of new  A Site Retail Outlet with facilities like Sales Building, Canopy, Paver block driveway and other allied civil  electrical works at location Kozhikode City 1 , Chelavoor on CWRDM Road in Kozhikode",MnC/SR/BNR/LT/107/KESO/2026-27,2026_SROTN_191235_1,IndianOil||Marketing||Southern Region and Tamilnadu State Office||Contracts Cell,https://iocletenders.nic.in/nicgep/app?component=%24DirectLink_0&page=FrontEndAdvancedSearchResult&service=direct&session=T&sp=SOeTFSdhbBV6FLyotlWGM5w%3D%3D,"[MnC/SR/BNR/LT/107/KESO/2026-27 Construction of new  A Site Retail Outlet with facilities like Sales Building, Canopy, Paver block driveway and other allied civil  electrical works at location Kozhikode City 1 , Chelavoor on CWRDM Road in Kozhikode]"
works,03-Sep-2026 04:00 PM,10-Sep-2026 04:00 PM,11-Sep-2026 04:00 PM,"CONSTRUCTION OF NEW BULK PETROLEUM INSTALLATION INVOLVING PIPELINE WORKS, TANK _ DU INSTALLATION, ELECTRICAL WORKS AND ASSOCIATED ALLIED CIVIL_STRUCTURAL WORKS AT ARMY UNIT - KM-120 CHONGTASH, LADAKH UNDER PUNJAB STATE OFFICE",MnC/NR/PSO/ENG/LT-137/26-27,2026_NRO_191179_1,IndianOil||Marketing||Northern Region Office||Contract Cell,https://iocletenders.nic.in/nicgep/app?component=%24DirectLink_0&page=FrontEndAdvancedSearchResult&service=direct&session=T&sp=Sa3J2KJNYvrHwRgKwaIQ4fA%3D%3D,"[CONSTRUCTION OF NEW BULK PETROLEUM INSTALLATION INVOLVING PIPELINE WORKS, TANK _ DU INSTALLATION, ELECTRICAL WORKS AND ASSOCIATED ALLIED CIVIL_STRUCTURAL WORKS AT ARMY UNIT - KM-120 CHONGTASH, LADAKH UNDER PUNJAB STATE OFFICE]"
works,03-Sep-2026 03:00 PM,17-Sep-2026 03:00 PM,19-Sep-2026 03:30 PM,Repair of road works at Cluster - 10 and 12 and at miscellaneous damaged locations at Haldia Refinery Township for the year 2026-2027,9040C26C67,2026_HR_191268_1,IndianOil||Refineries||Haldia Refinery||Contracts,https://iocletenders.nic.in/nicgep/app?component=%24DirectLink_0&page=FrontEndAdvancedSearchResult&service=direct&session=T&sp=SzN4aOUqCS1pvxpuEWiIe3Q%3D%3D,[Repair of road works at Cluster - 10 and 12 and at miscellaneous damaged locations at Haldia Refinery Township for the year 2026-2027]
works,03-Sep-2026 03:00 PM,17-Sep-2026 03:00 PM,18-Sep-2026 03:30 PM,Renovation works at NRPL Jalandhar ,PNP26069,2026_NRPNP_191272_1,IndianOil||Pipelines||NRPL Panipat||Materials,https://iocletenders.nic.in/nicgep/app?component=%24DirectLink_0&page=FrontEndAdvancedSearchResult&service=direct&session=T&sp=SP1yrsxWBIcxVcBz7L2evSw%3D%3D,[Renovation works at NRPL Jalandhar ]
works,03-Sep-2026 02:00 PM,17-Sep-2026 03:00 PM,18-Sep-2026 03:15 PM,Balance Left Over Civil and Electrical Works for Development of New Conference Hall at IOCL Office Core2 Scope Complex  New Delhi,9000C26B01,2026_REFHQ_191273_1,IndianOil||Refineries||Refineries HQ||Contracts,https://iocletenders.nic.in/nicgep/app?component=%24DirectLink_0&page=FrontEndAdvancedSearchResult&service=direct&session=T&sp=ST8EJFqv6XnrE5SPVz%2F%2BkPA%3D%3D,[Balance Left Over Civil and Electrical Works for Development of New Conference Hall at IOCL Office Core2 Scope Complex  New Delhi]
works,02-Sep-2026 04:15 PM,09-Sep-2026 04:15 PM,10-Sep-2026 04:15 PM,"Supply, Installation, Testing and Commissioning of 11 KV Substation, DG Set with interconnections Cables and Allied works at NFR Facilities at Location WSA Site at DAK9-Gurdaspur-Katra-Pkg14 -439_450-RHS-JK District Kathua, JK under Jammu DO PSO",MnC/NR/PSO/ENG/LT-146/26-27,2026_NRO_191264_1,IndianOil||Marketing||Northern Region Office||Contract Cell,https://iocletenders.nic.in/nicgep/app?component=%24DirectLink_0&page=FrontEndAdvancedSearchResult&service=direct&session=T&sp=SCSDXWTXsRYAARVnVzvMeQw%3D%3D,"[Supply, Installation, Testing and Commissioning of 11 KV Substation, DG Set with interconnections Cables and Allied works at NFR Facilities at Location WSA Site at DAK9-Gurdaspur-Katra-Pkg14 -439_450-RHS-JK District Kathua, JK under Jammu DO PSO]"
works,02-Sep-2026 04:15 PM,09-Sep-2026 04:15 PM,10-Sep-2026 04:15 PM,Construction of new A Site RO with facilities like Sales Building Canopy Paver block driveway and other allied civil and electrical works at location From Kayamkulam Police Station to Chettikulangara Bhagavathi Temple on SH Alappuzha under Cochin DO ,MnC/SR/AR/LT/110/KESO/2026-27,2026_SROTN_191243_1,IndianOil||Marketing||Southern Region and Tamilnadu State Office||Contracts Cell,https://iocletenders.nic.in/nicgep/app?component=%24DirectLink_0&page=FrontEndAdvancedSearchResult&service=direct&session=T&sp=SdCX3Uh2PTZcRLokF%2B6kVtw%3D%3D,[Construction of new A Site RO with facilities like Sales Building Canopy Paver block driveway and other allied civil and electrical works at location From Kayamkulam Police Station to Chettikulangara Bhagavathi Temple on SH Alappuzha under Cochin DO ]
electrical,07-Sep-2026 01:10 PM,14-Sep-2026 01:10 PM,15-Sep-2026 01:10 PM,"Development of New WSA Sitapur site with facilities like Sales Building, Canopy, Paver block driveway and other allied civil and electrical works at location NH-24_474_131_RHS_Sitapur_UP District- Lucknow, under Lucknow DO UPSO-I",MnC/NR/UPSO-I/ENG/LT-148/26-27,2026_NRO_191255_1,IndianOil||Marketing||Northern Region Office||Contract Cell,https://iocletenders.nic.in/nicgep/app?component=%24DirectLink_0&page=FrontEndAdvancedSearchResult&service=direct&session=T&sp=SWkdZjrrljmrDeMzDBLpSLw%3D%3D,"[Development of New WSA Sitapur site with facilities like Sales Building, Canopy, Paver block driveway and other allied civil and electrical works at location NH-24_474_131_RHS_Sitapur_UP District- Lucknow, under Lucknow DO UPSO-I]"
electrical,04-Sep-2026 05:00 PM,14-Sep-2026 03:00 PM,15-Sep-2026 03:30 PM,"Miscellaneous Piping, Structural, Mechanical, Electrical  Instrumentation Works for RFCCU Revamp under BR 09 Project.",9020C26C76,2026_BR_191309_1,IndianOil||Refineries||Barauni Refinery||Contract,https://iocletenders.nic.in/nicgep/app?component=%24DirectLink_0&page=FrontEndAdvancedSearchResult&service=direct&session=T&sp=SRXHe76FQT51HeWkPTG02SA%3D%3D,"[Miscellaneous Piping, Structural, Mechanical, Electrical  Instrumentation Works for RFCCU Revamp under BR 09 Project.]"
electrical,04-Sep-2026 03:00 PM,18-Sep-2026 03:00 PM,19-Sep-2026 03:00 PM,9030C26D27- Civil and electrical works involves in relocation of the emergency control centre room of Gujarat Refinery.,9030C26D27,2026_JR_191294_1,IndianOil||Refineries||Gujarat Refinery||Contracts,https://iocletenders.nic.in/nicgep/app?component=%24DirectLink_0&page=FrontEndAdvancedSearchResult&service=direct&session=T&sp=Sfi01orNIexTwmn6v%2BzfrAQ%3D%3D,[9030C26D27- Civil and electrical works involves in relocation of the emergency control centre room of Gujarat Refinery.]
electrical,03-Sep-2026 06:55 PM,10-Sep-2026 06:55 PM,11-Sep-2026 06:55 PM,"Construction of new A site Retail Outlet with facilities like Sales Building, Canopy, Paver block driveway and other allied civil, electrical works at location Kalpetta Town on Bypass Road, District Wayanad under Kozhikode Div Office, Kerala SO",MnC/SR/RSR/LT/116/KESO/2026-27,2026_SROTN_191276_1,IndianOil||Marketing||Southern Region and Tamilnadu State Office||Contracts Cell,https://iocletenders.nic.in/nicgep/app?component=%24DirectLink_0&page=FrontEndAdvancedSearchResult&service=direct&session=T&sp=SWrbIL6JxbEUbaL3h%2BqGcLw%3D%3D,"[Construction of new A site Retail Outlet with facilities like Sales Building, Canopy, Paver block driveway and other allied civil, electrical works at location Kalpetta Town on Bypass Road, District Wayanad under Kozhikode Div Office, Kerala SO]"
electrical,03-Sep-2026 05:00 PM,10-Sep-2026 05:00 PM,11-Sep-2026 05:00 PM,"MnC/SR/BNR/LT/107/KESO/2026-27 Construction of new  A Site Retail Outlet with facilities like Sales Building, Canopy, Paver block driveway and other allied civil  electrical works at location Kozhikode City 1 , Chelavoor on CWRDM Road in Kozhikode",MnC/SR/BNR/LT/107/KESO/2026-27,2026_SROTN_191235_1,IndianOil||Marketing||Southern Region and Tamilnadu State Office||Contracts Cell,https://iocletenders.nic.in/nicgep/app?component=%24DirectLink_0&page=FrontEndAdvancedSearchResult&service=direct&session=T&sp=SOeTFSdhbBV6FLyotlWGM5w%3D%3D,"[MnC/SR/BNR/LT/107/KESO/2026-27 Construction of new  A Site Retail Outlet with facilities like Sales Building, Canopy, Paver block driveway and other allied civil  electrical works at location Kozhikode City 1 , Chelavoor on CWRDM Road in Kozhikode]"
electrical,03-Sep-2026 04:00 PM,10-Sep-2026 04:00 PM,11-Sep-2026 04:00 PM,"CONSTRUCTION OF NEW BULK PETROLEUM INSTALLATION INVOLVING PIPELINE WORKS, TANK _ DU INSTALLATION, ELECTRICAL WORKS AND ASSOCIATED ALLIED CIVIL_STRUCTURAL WORKS AT ARMY UNIT - KM-120 CHONGTASH, LADAKH UNDER PUNJAB STATE OFFICE",MnC/NR/PSO/ENG/LT-137/26-27,2026_NRO_191179_1,IndianOil||Marketing||Northern Region Office||Contract Cell,https://iocletenders.nic.in/nicgep/app?component=%24DirectLink_0&page=FrontEndAdvancedSearchResult&service=direct&session=T&sp=Sa3J2KJNYvrHwRgKwaIQ4fA%3D%3D,"[CONSTRUCTION OF NEW BULK PETROLEUM INSTALLATION INVOLVING PIPELINE WORKS, TANK _ DU INSTALLATION, ELECTRICAL WORKS AND ASSOCIATED ALLIED CIVIL_STRUCTURAL WORKS AT ARMY UNIT - KM-120 CHONGTASH, LADAKH UNDER PUNJAB STATE OFFICE]"
electrical,03-Sep-2026 02:00 PM,17-Sep-2026 03:00 PM,18-Sep-2026 03:15 PM,Balance Left Over Civil and Electrical Works for Development of New Conference Hall at IOCL Office Core2 Scope Complex  New Delhi,9000C26B01,2026_REFHQ_191273_1,IndianOil||Refineries||Refineries HQ||Contracts,https://iocletenders.nic.in/nicgep/app?component=%24DirectLink_0&page=FrontEndAdvancedSearchResult&service=direct&session=T&sp=ST8EJFqv6XnrE5SPVz%2F%2BkPA%3D%3D,[Balance Left Over Civil and Electrical Works for Development of New Conference Hall at IOCL Office Core2 Scope Complex  New Delhi]
electrical,02-Sep-2026 04:15 PM,09-Sep-2026 04:15 PM,10-Sep-2026 04:15 PM,Construction of new A Site RO with facilities like Sales Building Canopy Paver block driveway and other allied civil and electrical works at location From Kayamkulam Police Station to Chettikulangara Bhagavathi Temple on SH Alappuzha under Cochin DO ,MnC/SR/AR/LT/110/KESO/2026-27,2026_SROTN_191243_1,IndianOil||Marketing||Southern Region and Tamilnadu State Office||Contracts Cell,https://iocletenders.nic.in/nicgep/app?component=%24DirectLink_0&page=FrontEndAdvancedSearchResult&service=direct&session=T&sp=SdCX3Uh2PTZcRLokF%2B6kVtw%3D%3D,[Construction of new A Site RO with facilities like Sales Building Canopy Paver block driveway and other allied civil and electrical works at location From Kayamkulam Police Station to Chettikulangara Bhagavathi Temple on SH Alappuzha under Cochin DO ]
electrical,02-Sep-2026 03:00 PM,09-Sep-2026 02:00 PM,10-Sep-2026 03:00 PM,"Construction of new A Site Retail Outlet with facilities like Sales Building, Canopy, Paver block driveway and other allied civil and electrical works at location Between Adoor High School Jn. and Pazhakulam on State Highway 5, District, Pathanamthit",MnC/SR/RS/LT/104/KESO/2026-27,2026_SROTN_191257_1,IndianOil||Marketing||Southern Region and Tamilnadu State Office||Contracts Cell,https://iocletenders.nic.in/nicgep/app?component=%24DirectLink_0&page=FrontEndAdvancedSearchResult&service=direct&session=T&sp=SG0ybrZMAZ%2FKCFXg09b%2FPww%3D%3D,"[Construction of new A Site Retail Outlet with facilities like Sales Building, Canopy, Paver block driveway and other allied civil and electrical works at location Between Adoor High School Jn. and Pazhakulam on State Highway 5, District, Pathanamthit]"
electrical,02-Sep-2026 03:00 PM,09-Sep-2026 03:00 PM,10-Sep-2026 03:00 PM,"Construction of new A Site Retail Outlet with facilities like Sales Building, Canopy, Paver block driveway and other allied civil and electrical works at location From Kulathur Junction to Calicut Airport within Kondotty Municipal Limits, KESO",MnC/SR/RS/LT/105/KESO/2026-27,2026_SROTN_191226_1,IndianOil||Marketing||Southern Region and Tamilnadu State Office||Contracts Cell,https://iocletenders.nic.in/nicgep/app?component=%24DirectLink_0&page=FrontEndAdvancedSearchResult&service=direct&session=T&sp=SiQPLWpmLm%2FJq2MP85YnlzA%3D%3D,"[Construction of new A Site Retail Outlet with facilities like Sales Building, Canopy, Paver block driveway and other allied civil and electrical works at location From Kulathur Junction to Calicut Airport within Kondotty Municipal Limits, KESO]"
electrical,27-Aug-2026 05:00 PM,24-Sep-2026 05:00 PM,25-Sep-2026 05:00 PM,"Capex Rate Contract Category- I  Rs. 0 to 3.00 Lacs for carrying out maintenance and low value capital jobs of mechanical, civil and electrical nature at Retail Outlets including KSKs and Consumer Outlets under Bangalore, Belgaum, Mangalore, ",MnC/SR/VJI/PT/111/KASO/2026-27,2026_SROTN_191132_1,IndianOil||Marketing||Southern Region and Tamilnadu State Office||Contracts Cell,https://iocletenders.nic.in/nicgep/app?component=%24DirectLink_0&page=FrontEndAdvancedSearchResult&service=direct&session=T&sp=SNymCdjOzRV0JAOe5C1U8tw%3D%3D,"[Capex Rate Contract Category- I  Rs. 0 to 3.00 Lacs for carrying out maintenance and low value capital jobs of mechanical, civil and electrical nature at Retail Outlets including KSKs and Consumer Outlets under Bangalore, Belgaum, Mangalore, ]"
electrical,26-Aug-2026 03:00 PM,09-Sep-2026 03:00 PM,10-Sep-2026 03:00 PM,ELECTRICAL WORKS FOR OPERATION OF UPCOMING ATF FACILITIES AT BPI 1 AND BPI 2 DIST LEH LADAKH,MnC/NR/PSO/ENG/PT-96/26-27,2026_NRO_191136_1,IndianOil||Marketing||Northern Region Office||Contract Cell,https://iocletenders.nic.in/nicgep/app?component=%24DirectLink_0&page=FrontEndAdvancedSearchResult&service=direct&session=T&sp=STClK4U8%2B4mlK%2BJvno%2BZsgg%3D%3D,[ELECTRICAL WORKS FOR OPERATION OF UPCOMING ATF FACILITIES AT BPI 1 AND BPI 2 DIST LEH LADAKH]
electrical,26-Aug-2026 03:00 PM,11-Sep-2026 03:00 PM,12-Sep-2026 03:00 PM,"Onsite Electrical and Instrumentation Integration Works and Commissioning Support for Augmentation of Existing LCNG Station at Vizag-Parwada, Andhra Pradesh as per IOCL Scope of Work and Tender Terms and Conditions",CRYO_LT_IC2627007,2026_IBPN_191133_1,IndianOil||Marketing||IBP Nashik||Materials,https://iocletenders.nic.in/nicgep/app?component=%24DirectLink_0&page=FrontEndAdvancedSearchResult&service=direct&session=T&sp=S0e1hsSdhi37t8lEKPnCKYg%3D%3D,"[Onsite Electrical and Instrumentation Integration Works and Commissioning Support for Augmentation of Existing LCNG Station at Vizag-Parwada, Andhra Pradesh as per IOCL Scope of Work and Tender Terms and Conditions]"
electrical,26-Aug-2026 03:00 PM,09-Sep-2026 03:00 PM,10-Sep-2026 03:00 PM,Civil and Electrical works for GRSPF DCS control room  extension and comprehensive facelift at Gujarat Refinery,9030C26D26,2026_JR_191122_1,IndianOil||Refineries||Gujarat Refinery||Contracts,https://iocletenders.nic.in/nicgep/app?component=%24DirectLink_0&page=FrontEndAdvancedSearchResult&service=direct&session=T&sp=SFZ6nWz%2BizejfAhR5Xj1IGQ%3D%3D,[Civil and Electrical works for GRSPF DCS control room  extension and comprehensive facelift at Gujarat Refinery]
electrical,20-Aug-2026 03:00 PM,10-Sep-2026 03:00 PM,11-Sep-2026 03:00 PM,Upgradation of Electrical Panel along with Bus Duct and APFC Panel at Old Substation No-1.,9400C26A62,2026_RND_191068_1,IndianOil||Research and  Development||Contract Cell,https://iocletenders.nic.in/nicgep/app?component=%24DirectLink_0&page=FrontEndAdvancedSearchResult&service=direct&session=T&sp=SZKQ5DQClaEU0tSXfjKTE3w%3D%3D,[Upgradation of Electrical Panel along with Bus Duct and APFC Panel at Old Substation No-1.]
electrical,24-Jun-2026 11:00 AM,24-Feb-2027 11:00 AM,25-Feb-2027 11:00 AM,PERPETUAL EMPANELMENT OF CONTRACTORS FOR EXECUTION OF VARIOUS TYPES AND NATURE OF ENGINEERING WORKS OF CIVIL MECHANICAL ELECTRICAL IN NATURE UNDER KARNATAKA STATE OFFICE UNDER CATEGORY 1 and CATEGORY II_100_200 LACS,MnC/SR/RIM/PT/058/KASO/2026-27,2026_SROTN_190337_1,IndianOil||Marketing||Southern Region and Tamilnadu State Office||Contracts Cell,https://iocletenders.nic.in/nicgep/app?component=%24DirectLink_0&page=FrontEndAdvancedSearchResult&service=direct&session=T&sp=SespWq0e3v8jwBEEXzcA%2Fzg%3D%3D,[PERPETUAL EMPANELMENT OF CONTRACTORS FOR EXECUTION OF VARIOUS TYPES AND NATURE OF ENGINEERING WORKS OF CIVIL MECHANICAL ELECTRICAL IN NATURE UNDER KARNATAKA STATE OFFICE UNDER CATEGORY 1 and CATEGORY II_100_200 LACS]
catalyst,01-Sep-2026 03:30 PM,29-Sep-2026 03:00 PM,30-Sep-2026 03:00 PM,Rate Contract for Procurement of FCC Catalyst for IOCL Gujarat Refinery,RHQMM26301,2026_REFHQ_191246_1,IndianOil||Refineries||Refineries HQ||Materials,https://iocletenders.nic.in/nicgep/app?component=%24DirectLink_0&page=FrontEndAdvancedSearchResult&service=direct&session=T&sp=S0BYHL0OvsXJYYPGGSJZfNw%3D%3D,[Rate Contract for Procurement of FCC Catalyst for IOCL Gujarat Refinery]
catalyst,28-Aug-2026 05:00 PM,18-Sep-2026 03:00 PM,19-Sep-2026 03:00 PM,PROCUREMENT OF CATALYST AND CERAMIC SADDLES,9040M26H40,2026_HR_191195_1,IndianOil||Refineries||Haldia Refinery||Materials,https://iocletenders.nic.in/nicgep/app?component=%24DirectLink_0&page=FrontEndAdvancedSearchResult&service=direct&session=T&sp=SSRiAOhnZA%2BfGcf4bpafwGQ%3D%3D,[PROCUREMENT OF CATALYST AND CERAMIC SADDLES]
catalyst,12-Jun-2026 03:00 PM,08-Oct-2026 03:00 PM,09-Oct-2026 03:00 PM,Outright Sale of Spent Catalyst containing precious metals,9030M26C22,2026_JR_190221_1,IndianOil||Refineries||Gujarat Refinery||Materials,https://iocletenders.nic.in/nicgep/app?component=%24DirectLink_0&page=FrontEndAdvancedSearchResult&service=direct&session=T&sp=SWVSV3H2W2DjsxBKqallV0w%3D%3D,[Outright Sale of Spent Catalyst containing precious metals]
catalyst,16-Feb-2026 06:00 PM,21-Sep-2026 03:00 PM,22-Sep-2026 03:00 PM,"Outright Sale of CCRU Spent Catalyst/Fines/Dust containing Platinum as precious metals at IOCL, Paradip Refinery, Paradip.",9070M26B23,2026_PDR_188923_1,IndianOil||Refineries||Paradip Refinery||Materials,https://iocletenders.nic.in/nicgep/app?component=%24DirectLink_0&page=FrontEndAdvancedSearchResult&service=direct&session=T&sp=SUMs5G1QI%2BeriTBpLPxe8WQ%3D%3D,"[Outright Sale of CCRU Spent Catalyst/Fines/Dust containing Platinum as precious metals at IOCL, Paradip Refinery, Paradip.]"
digboi,05-Sep-2026 01:00 PM,19-Sep-2026 01:00 PM,21-Sep-2026 03:00 PM,ARC FOR REPAIR AND MAINTENANCE OF FIRE PROOFING JOBS AT IOCL-DIGBOI REFINERY.,DRG226K083/32709,2026_AOD_191312_1,IndianOil||Refineries||AOD Digboi||Contracts Section,https://iocletenders.nic.in/nicgep/app?component=%24DirectLink_0&page=FrontEndAdvancedSearchResult&service=direct&session=T&sp=SQlYOzyVBaL63K33lFUZTCA%3D%3D,[ARC FOR REPAIR AND MAINTENANCE OF FIRE PROOFING JOBS AT IOCL-DIGBOI REFINERY.]
digboi,29-Aug-2026 12:00 PM,12-Sep-2026 12:00 PM,14-Sep-2026 03:00 PM,"DRE226B076 Annual rate contract for Servicing and overhauling of Transformers at AOD Refinery, Digboi and IOCL DR Township",DRE226B076,2026_AOD_191202_1,IndianOil||Refineries||AOD Digboi||Contracts Section,https://iocletenders.nic.in/nicgep/app?component=%24DirectLink_0&page=FrontEndAdvancedSearchResult&service=direct&session=T&sp=S%2F3KDGpZezR3nXOBOEBPEPg%3D%3D,"[DRE226B076 Annual rate contract for Servicing and overhauling of Transformers at AOD Refinery, Digboi and IOCL DR Township]"
digboi,12-Aug-2026 06:00 PM,11-Sep-2026 04:00 PM,12-Sep-2026 04:30 PM,DRE226B059 REWINDING OF L.T. MOTORS OF DIGBOI REFINERY AT VENDORS WORKS,DRE226B059,2026_AOD_190743_2,IndianOil||Refineries||AOD Digboi||Contracts Section,https://iocletenders.nic.in/nicgep/app?component=%24DirectLink_0&page=FrontEndAdvancedSearchResult&service=direct&session=T&sp=S9yYn7rxVueNTZ4yWHfztgA%3D%3D,[DRE226B059 REWINDING OF L.T. MOTORS OF DIGBOI REFINERY AT VENDORS WORKS]
digboi,06-Aug-2026 05:00 PM,10-Sep-2026 03:00 PM,11-Sep-2026 03:00 PM,COMPOSITE WORKS COMPRISING MECHANICAL PIPING STRUCTURAL AND CIVIL FOUNDATION WORKS IN PRE SHUTDOWN AND SHUTDOWN PHASES ALONG WITH MANPOWER ASSISTANCE FOR PRE COMMISSIONING AND COMMISSIONING ACTIVITIES FOR DR 1 EXPANSION PROJECT AT DIGBOI REFINERY,TP/214227C/T/28,2026_REFHQ_190883_1,IndianOil||Refineries||Refineries HQ||Project - PMC||Digboi-DR 1.0 Expansion||Project Group,https://iocletenders.nic.in/nicgep/app?component=%24DirectLink_0&page=FrontEndAdvancedSearchResult&service=direct&session=T&sp=ScWsP5QGqxVlzqdSBUG4zxg%3D%3D,[COMPOSITE WORKS COMPRISING MECHANICAL PIPING STRUCTURAL AND CIVIL FOUNDATION WORKS IN PRE SHUTDOWN AND SHUTDOWN PHASES ALONG WITH MANPOWER ASSISTANCE FOR PRE COMMISSIONING AND COMMISSIONING ACTIVITIES FOR DR 1 EXPANSION PROJECT AT DIGBOI REFINERY]
mathura,03-Sep-2026 05:00 PM,24-Sep-2026 03:00 PM,25-Sep-2026 03:00 PM,"Rate contract for procurement of UF membrane for Barauni, Haldia and Mathura Refinery",RHQMM26208,2026_REFHQ_191283_1,IndianOil||Refineries||Refineries HQ||Materials,https://iocletenders.nic.in/nicgep/app?component=%24DirectLink_0&page=FrontEndAdvancedSearchResult&service=direct&session=T&sp=SsmT6UdpydcjcohXqGTjsAQ%3D%3D,"[Rate contract for procurement of UF membrane for Barauni, Haldia and Mathura Refinery]"
mathura,01-Sep-2026 04:30 PM,15-Sep-2026 04:30 PM,16-Sep-2026 04:30 PM,"Supply, Installation, Testing and Commissioning of AC Interference mitigation measures for 681 Km of WRPL Pipelines Gp01 Chaksu to Mathura",PWRJT26508,2026_WRRAJ_190881_1,IndianOil||Pipelines||WRPL Rajkot||Technical Services,https://iocletenders.nic.in/nicgep/app?component=%24DirectLink_0&page=FrontEndAdvancedSearchResult&service=direct&session=T&sp=SPnjMkgo7cfFcxDaMZ5gQ8A%3D%3D,"[Supply, Installation, Testing and Commissioning of AC Interference mitigation measures for 681 Km of WRPL Pipelines Gp01 Chaksu to Mathura]"
mathura,28-Aug-2026 02:00 PM,11-Sep-2026 02:00 PM,14-Sep-2026 10:00 AM,Supply and Application of Polymer based Sealing/filling System on annular  plate projection of tanks at IOCL Mathura Refinery,9050C26C14,2026_MR_191186_1,IndianOil||Refineries||Mathura Refinery||Contracts,https://iocletenders.nic.in/nicgep/app?component=%24DirectLink_0&page=FrontEndAdvancedSearchResult&service=direct&session=T&sp=SC6qJ%2FvEqYc7Ekh1p79Whtg%3D%3D,[Supply and Application of Polymer based Sealing/filling System on annular  plate projection of tanks at IOCL Mathura Refinery]
haldia,04-Sep-2026 03:00 PM,18-Sep-2026 03:00 PM,21-Sep-2026 03:30 PM,Cleaning and removal of debris/earth underneath pipe racks in Haldia Refinery,9040C26C69,2026_HR_191302_1,IndianOil||Refineries||Haldia Refinery||Contracts,https://iocletenders.nic.in/nicgep/app?component=%24DirectLink_0&page=FrontEndAdvancedSearchResult&service=direct&session=T&sp=SIBi8WZc%2Fj1W57e6s1V9tqQ%3D%3D,[Cleaning and removal of debris/earth underneath pipe racks in Haldia Refinery]
haldia,03-Sep-2026 05:00 PM,24-Sep-2026 03:00 PM,25-Sep-2026 03:00 PM,"Rate contract for procurement of UF membrane for Barauni, Haldia and Mathura Refinery",RHQMM26208,2026_REFHQ_191283_1,IndianOil||Refineries||Refineries HQ||Materials,https://iocletenders.nic.in/nicgep/app?component=%24DirectLink_0&page=FrontEndAdvancedSearchResult&service=direct&session=T&sp=SsmT6UdpydcjcohXqGTjsAQ%3D%3D,"[Rate contract for procurement of UF membrane for Barauni, Haldia and Mathura Refinery]"
haldia,03-Sep-2026 03:00 PM,17-Sep-2026 03:00 PM,19-Sep-2026 03:30 PM,Repair of road works at Cluster - 10 and 12 and at miscellaneous damaged locations at Haldia Refinery Township for the year 2026-2027,9040C26C67,2026_HR_191268_1,IndianOil||Refineries||Haldia Refinery||Contracts,https://iocletenders.nic.in/nicgep/app?component=%24DirectLink_0&page=FrontEndAdvancedSearchResult&service=direct&session=T&sp=SzN4aOUqCS1pvxpuEWiIe3Q%3D%3D,[Repair of road works at Cluster - 10 and 12 and at miscellaneous damaged locations at Haldia Refinery Township for the year 2026-2027]
haldia,01-Sep-2026 06:30 PM,15-Sep-2026 03:00 PM,17-Sep-2026 03:30 PM,"Supply, installation and commissioning of Open Air (Outdoor) Gym equipment at Haldia Refinery Township",9040C26C63,2026_HR_191251_1,IndianOil||Refineries||Haldia Refinery||Contracts,https://iocletenders.nic.in/nicgep/app?component=%24DirectLink_0&page=FrontEndAdvancedSearchResult&service=direct&session=T&sp=SXAiqqOeKNCfqFMrI6MRgYA%3D%3D,"[Supply, installation and commissioning of Open Air (Outdoor) Gym equipment at Haldia Refinery Township]"
haldia,29-Aug-2026 12:00 PM,11-Sep-2026 03:00 PM,14-Sep-2026 03:30 PM,"Provision of FRP and MS gratings and allied Civil jobs in Units and Offsite areas of Haldia Refinery,Haldia,West Bengal",9040C26C59,2026_HR_191203_1,IndianOil||Refineries||Haldia Refinery||Contracts,https://iocletenders.nic.in/nicgep/app?component=%24DirectLink_0&page=FrontEndAdvancedSearchResult&service=direct&session=T&sp=Sl%2Bj%2Fyszw9Gki%2FIw8RGY02w%3D%3D,"[Provision of FRP and MS gratings and allied Civil jobs in Units and Offsite areas of Haldia Refinery,Haldia,West Bengal]"
haldia,29-Aug-2026 10:00 AM,11-Sep-2026 03:00 PM,14-Sep-2026 03:30 PM,"Repair and maintenance of Drains at IOCL, Haldia Refinery,West Bengal, Haldia.",9040C26C60,2026_HR_191198_1,IndianOil||Refineries||Haldia Refinery||Contracts,https://iocletenders.nic.in/nicgep/app?component=%24DirectLink_0&page=FrontEndAdvancedSearchResult&service=direct&session=T&sp=S%2BAkmInH6qa7QYvc7glwr0Q%3D%3D,"[Repair and maintenance of Drains at IOCL, Haldia Refinery,West Bengal, Haldia.]"
rnd,08-Sep-2026 01:05 PM,19-Oct-2026 02:00 PM,21-Oct-2026 03:00 PM,"Design, Development and Fabrication of Advanced Surya  Nutan PCB  Controller",9400M26B71,2026_RND_191323_1,IndianOil||Research and  Development||Materials,https://iocletenders.nic.in/nicgep/app?component=%24DirectLink_0&page=FrontEndAdvancedSearchResult&service=direct&session=T&sp=SIRhK7%2FWZEU464ityQJIhaQ%3D%3D,"[Design, Development and Fabrication of Advanced Surya  Nutan PCB  Controller]"
rnd,20-Aug-2026 03:00 PM,10-Sep-2026 03:00 PM,11-Sep-2026 03:00 PM,Upgradation of Electrical Panel along with Bus Duct and APFC Panel at Old Substation No-1.,9400C26A62,2026_RND_191068_1,IndianOil||Research and  Development||Contract Cell,https://iocletenders.nic.in/nicgep/app?component=%24DirectLink_0&page=FrontEndAdvancedSearchResult&service=direct&session=T&sp=SZKQ5DQClaEU0tSXfjKTE3w%3D%3D,[Upgradation of Electrical Panel along with Bus Duct and APFC Panel at Old Substation No-1.]
rnd,19-Aug-2026 06:00 PM,16-Sep-2026 03:00 PM,17-Sep-2026 03:00 PM,Scale up study for the synthesis of Salicylic Acid in different scales Bench Scale Pilot Scale DemonstrationScale or any combination thereof using external vendor facility,9400C26A65,2026_RND_191038_1,IndianOil||Research and  Development||Contract Cell,https://iocletenders.nic.in/nicgep/app?component=%24DirectLink_0&page=FrontEndAdvancedSearchResult&service=direct&session=T&sp=S2jQweahOWVNj0Zj%2BE6WE1A%3D%3D,[Scale up study for the synthesis of Salicylic Acid in different scales Bench Scale Pilot Scale DemonstrationScale or any combination thereof using external vendor facility]
rnd,19-Aug-2026 05:00 PM,17-Sep-2026 02:00 PM,18-Sep-2026 03:00 PM,Procurement of Pressure vessel and Mechanical shaft assemblies,9400M26B53,2026_RND_191043_1,IndianOil||Research and  Development||Materials,https://iocletenders.nic.in/nicgep/app?component=%24DirectLink_0&page=FrontEndAdvancedSearchResult&service=direct&session=T&sp=SzgH9DjE8U80v%2FONGj01Eqw%3D%3D,[Procurement of Pressure vessel and Mechanical shaft assemblies]
rnd,30-Jul-2026 05:00 PM,12-Oct-2026 02:00 PM,14-Oct-2026 03:00 PM,Procurement of Advanced Electronics for IPIG Tool,e-nivida18302,2026_RND_190781_1,IndianOil||Research and  Development||Materials,https://iocletenders.nic.in/nicgep/app?component=%24DirectLink_0&page=FrontEndAdvancedSearchResult&service=direct&session=T&sp=S7mVKNXo7wfitgAl%2FyxZY6Q%3D%3D,[Procurement of Advanced Electronics for IPIG Tool]
rnd,22-Jul-2026 06:15 PM,12-Oct-2026 02:00 PM,14-Oct-2026 03:00 PM,Procurement of fully assembled and tested electronics for Caliper PIGs with Inertial Measurement Unit(IMU),9400M26B18,2026_RND_190691_1,IndianOil||Research and  Development||Materials,https://iocletenders.nic.in/nicgep/app?component=%24DirectLink_0&page=FrontEndAdvancedSearchResult&service=direct&session=T&sp=SmVfws0%2F58dV7mL0O14uqdQ%3D%3D,[Procurement of fully assembled and tested electronics for Caliper PIGs with Inertial Measurement Unit(IMU)]
rnd,24-Jun-2026 12:15 PM,11-Sep-2026 02:00 PM,15-Sep-2026 03:00 PM,Toll manufacturing of IOC developed microbial blends through   open tender,9400M26A93,2026_RND_190260_1,IndianOil||Research and  Development||Materials,https://iocletenders.nic.in/nicgep/app?component=%24DirectLink_0&page=FrontEndAdvancedSearchResult&service=direct&session=T&sp=SkMyARO9jNifi47ATMBX5ew%3D%3D,[Toll manufacturing of IOC developed microbial blends through   open tender]
valves,31-Aug-2026 05:00 PM,14-Sep-2026 12:00 PM,15-Sep-2026 02:00 PM,"SP/B269-000-WB-MR-3741/396 - VALVES-GATE, GLOBE, CHECK FOR P-25 PROJECT OF M/s INDIAN OIL CORPORATION LIMITED",SPN/B269-000-WB-MR-3741/396,2026_REFHQ_191210_1,IndianOil||Refineries||Refineries HQ||Project - PMC||PRPC- P25||Project Group,https://iocletenders.nic.in/nicgep/app?component=%24DirectLink_0&page=FrontEndAdvancedSearchResult&service=direct&session=T&sp=SYaXVBSTyDzVnoWJfQ6wTyw%3D%3D,"[SP/B269-000-WB-MR-3741/396 - VALVES-GATE, GLOBE, CHECK FOR P-25 PROJECT OF M/s INDIAN OIL CORPORATION LIMITED]"
valves,20-Aug-2026 01:00 PM,10-Sep-2026 02:30 PM,11-Sep-2026 03:00 PM,SUPPLY OF CONTROL VALVES (LOT-2),TP/214227C/DR/1541-0002/1114,2026_REFHQ_191056_1,IndianOil||Refineries||Refineries HQ||Project - PMC||Digboi-DR 1.0 Expansion||Project Group,https://iocletenders.nic.in/nicgep/app?component=%24DirectLink_0&page=FrontEndAdvancedSearchResult&service=direct&session=T&sp=SccJIAtc8L96hkldWNNKysQ%3D%3D,[SUPPLY OF CONTROL VALVES (LOT-2)]
valves,20-Aug-2026 01:00 PM,10-Sep-2026 02:30 PM,11-Sep-2026 03:00 PM,SUPPLY OF ON-OFF VALVES (LOT-2),TP/214227C/DR/1543-0002/1115,2026_REFHQ_191062_1,IndianOil||Refineries||Refineries HQ||Project - PMC||Digboi-DR 1.0 Expansion||Project Group,https://iocletenders.nic.in/nicgep/app?component=%24DirectLink_0&page=FrontEndAdvancedSearchResult&service=direct&session=T&sp=STvp%2F30%2Fm2fOGoPhAAFgIpg%3D%3D,[SUPPLY OF ON-OFF VALVES (LOT-2)]
control valve,20-Aug-2026 01:00 PM,10-Sep-2026 02:30 PM,11-Sep-2026 03:00 PM,SUPPLY OF CONTROL VALVES (LOT-2),TP/214227C/DR/1541-0002/1114,2026_REFHQ_191056_1,IndianOil||Refineries||Refineries HQ||Project - PMC||Digboi-DR 1.0 Expansion||Project Group,https://iocletenders.nic.in/nicgep/app?component=%24DirectLink_0&page=FrontEndAdvancedSearchResult&service=direct&session=T&sp=SccJIAtc8L96hkldWNNKysQ%3D%3D,[SUPPLY OF CONTROL VALVES (LOT-2)]
on-off valve,20-Aug-2026 01:00 PM,10-Sep-2026 02:30 PM,11-Sep-2026 03:00 PM,SUPPLY OF ON-OFF VALVES (LOT-2),TP/214227C/DR/1543-0002/1115,2026_REFHQ_191062_1,IndianOil||Refineries||Refineries HQ||Project - PMC||Digboi-DR 1.0 Expansion||Project Group,https://iocletenders.nic.in/nicgep/app?component=%24DirectLink_0&page=FrontEndAdvancedSearchResult&service=direct&session=T&sp=STvp%2F30%2Fm2fOGoPhAAFgIpg%3D%3D,[SUPPLY OF ON-OFF VALVES (LOT-2)]
tee,08-Sep-2026 12:00 PM,15-Sep-2026 12:00 PM,16-Sep-2026 12:00 PM,"WORK OF SUPPLY, FABRICATION, TRANSPORTATION,   ERECTION and COMMISSIONING OF STRUCTURAL STEEL CANOPIES AT 06 ROS/KSKS UNDER BHOPAL DIVISIONAL OFFICE OF MADHYA PRADESH STATE OFFICE",WRMC/2026-27/LT/331,2026_WRO_191325_1,IndianOil||Marketing||Western Region Office||Contracts Cell,https://iocletenders.nic.in/nicgep/app?component=%24DirectLink_0&page=FrontEndAdvancedSearchResult&service=direct&session=T&sp=SmLg%2BrX2s3Qxh57evKnOe1Q%3D%3D,"[WORK OF SUPPLY, FABRICATION, TRANSPORTATION,   ERECTION and COMMISSIONING OF STRUCTURAL STEEL CANOPIES AT 06 ROS/KSKS UNDER BHOPAL DIVISIONAL OFFICE OF MADHYA PRADESH STATE OFFICE]"
pumps,05-Sep-2026 04:00 PM,12-Sep-2026 05:00 PM,14-Sep-2026 05:00 PM,Expert Supervision Services for overhauling or Troubleshooting of Peroni make Pumps at various units of Paradip Refinery,9070C26C82,2026_PDR_191311_1,IndianOil||Refineries||Paradip Refinery||Contracts,https://iocletenders.nic.in/nicgep/app?component=%24DirectLink_0&page=FrontEndAdvancedSearchResult&service=direct&session=T&sp=SwyZ1nNq7bRfd5Ownz5e3LQ%3D%3D,[Expert Supervision Services for overhauling or Troubleshooting of Peroni make Pumps at various units of Paradip Refinery]
pumps,20-Aug-2026 05:30 PM,17-Sep-2026 03:00 PM,18-Sep-2026 03:00 PM,Vertical Mounted VS-1 Type API-610 Pumps for LPG  Bullets ,9030M26C26,2026_JR_191077_1,IndianOil||Refineries||Gujarat Refinery||Materials,https://iocletenders.nic.in/nicgep/app?component=%24DirectLink_0&page=FrontEndAdvancedSearchResult&service=direct&session=T&sp=Sc6hcSWivKB9GWrMCDMzIJQ%3D%3D,[Vertical Mounted VS-1 Type API-610 Pumps for LPG  Bullets ]
mechanical seal,27-Aug-2026 05:00 PM,09-Sep-2026 02:30 PM,10-Sep-2026 03:00 PM,Modification works in Mechanical Seal system of MLPUs installed at Vadinar and Surendranagar under SMPL Aug J18 Project,PLCC/MLPU/M/26053,2026_PLHO_191175_1,IndianOil||Pipelines||Pipelines HO||Contracts,https://iocletenders.nic.in/nicgep/app?component=%24DirectLink_0&page=FrontEndAdvancedSearchResult&service=direct&session=T&sp=SNasyqFHUzEOyYMaMBujcWA%3D%3D,[Modification works in Mechanical Seal system of MLPUs installed at Vadinar and Surendranagar under SMPL Aug J18 Project]
gearbox,19-Aug-2026 06:00 PM,12-Sep-2026 03:00 PM,14-Sep-2026 03:00 PM,Procurement of Extruder Gearbox and bearings in PP unit at IOCL Paradip Refinery,9070M26F84,2026_PDR_191057_1,IndianOil||Refineries||Paradip Refinery||Materials,https://iocletenders.nic.in/nicgep/app?component=%24DirectLink_0&page=FrontEndAdvancedSearchResult&service=direct&session=T&sp=SNC0lvvy9L%2BXi1%2BuXQN7xTw%3D%3D,[Procurement of Extruder Gearbox and bearings in PP unit at IOCL Paradip Refinery]
turbine,04-Sep-2026 06:00 PM,11-Sep-2026 03:00 PM,12-Sep-2026 03:00 PM,"Procurement of Capital Spare, Complete Trip and Throttle valve  (Make   Siemens Energy Industrial Turbomachinery India Private Limited) of WGC Turbine as per Insurance spares guideline rotary 2025 26 at IOCL Paradip Refinery",9070M26F67,2026_PDR_191304_1,IndianOil||Refineries||Paradip Refinery||Materials,https://iocletenders.nic.in/nicgep/app?component=%24DirectLink_0&page=FrontEndAdvancedSearchResult&service=direct&session=T&sp=SZw5ULmtuQ9BGZHcSKE5zTQ%3D%3D,"[Procurement of Capital Spare, Complete Trip and Throttle valve  (Make   Siemens Energy Industrial Turbomachinery India Private Limited) of WGC Turbine as per Insurance spares guideline rotary 2025 26 at IOCL Paradip Refinery]"
turbine,04-Sep-2026 04:30 PM,15-Sep-2026 05:00 PM,16-Sep-2026 05:00 PM,"Expert Supervision Services Towards Major Overhauling, Maintenance and Troubleshooting of Multistage Centrifugal CCR RGC compressor package and Multistage HHP Drive Turbine along with Maintenance and Testing of GIMPEL Valve at Paradip Refinery",9070C26C18,2026_PDR_191300_1,IndianOil||Refineries||Paradip Refinery||Contracts,https://iocletenders.nic.in/nicgep/app?component=%24DirectLink_0&page=FrontEndAdvancedSearchResult&service=direct&session=T&sp=Slw%2BoeAhLt%2FWeywmTOBBvXA%3D%3D,"[Expert Supervision Services Towards Major Overhauling, Maintenance and Troubleshooting of Multistage Centrifugal CCR RGC compressor package and Multistage HHP Drive Turbine along with Maintenance and Testing of GIMPEL Valve at Paradip Refinery]"
turbine,27-Aug-2026 11:00 AM,10-Sep-2026 03:00 PM,11-Sep-2026 03:30 PM,Procurement of Spares For RFCCU MAB DHDS RGC Turbine,PRMM268073,2026_PR_191116_1,IndianOil||Refineries||Panipat Refinery||Materials,https://iocletenders.nic.in/nicgep/app?component=%24DirectLink_0&page=FrontEndAdvancedSearchResult&service=direct&session=T&sp=S3bVg%2Fh%2B2ek1Okq8egdridw%3D%3D,[Procurement of Spares For RFCCU MAB DHDS RGC Turbine]
turbine,20-Aug-2026 05:00 PM,09-Sep-2026 03:00 PM,10-Sep-2026 03:00 PM,Procurement of Spares of Expansion Turbine (96-M-02A/B) of NGU-2,9040M26F36,2026_HR_190906_2,IndianOil||Refineries||Haldia Refinery||Materials,https://iocletenders.nic.in/nicgep/app?component=%24DirectLink_0&page=FrontEndAdvancedSearchResult&service=direct&session=T&sp=SjqepQPkTDkCxlmcJ7wIYxA%3D%3D,[Procurement of Spares of Expansion Turbine (96-M-02A/B) of NGU-2]
turbine,20-Aug-2026 10:00 AM,14-Sep-2026 03:00 PM,15-Sep-2026 03:00 PM,Expert supervisory Services by Linde Engineering India Private Limited for Cryostar Make expansion turbine (52-KT-01) in N2 unit at Guwahati Refinery,9010C26B10,2026_GR_191061_1,IndianOil||Refineries||Guwahati Refinery||Contracts,https://iocletenders.nic.in/nicgep/app?component=%24DirectLink_0&page=FrontEndAdvancedSearchResult&service=direct&session=T&sp=S%2BgZNW24hzZYXR8aXxTqaDw%3D%3D,[Expert supervisory Services by Linde Engineering India Private Limited for Cryostar Make expansion turbine (52-KT-01) in N2 unit at Guwahati Refinery]
filter,27-Aug-2026 03:00 PM,15-Sep-2026 03:00 PM,16-Sep-2026 03:00 PM,"Design, Engineering, Supply, Boring, Installation, Testing and commissioning of Deep Tube Well (5 nos.) by DTH method along with 01 No. Iron removal filter plant (40000 LPH) for providing reliable groundwater-based water supply system ",9010C26B24,2026_GR_191163_1,IndianOil||Refineries||Guwahati Refinery||Contracts,https://iocletenders.nic.in/nicgep/app?component=%24DirectLink_0&page=FrontEndAdvancedSearchResult&service=direct&session=T&sp=SuC0q0Rm52YcrviQdav2I%2Fg%3D%3D,"[Design, Engineering, Supply, Boring, Installation, Testing and commissioning of Deep Tube Well (5 nos.) by DTH method along with 01 No. Iron removal filter plant (40000 LPH) for providing reliable groundwater-based water supply system ]"
cables,02-Sep-2026 04:15 PM,09-Sep-2026 04:15 PM,10-Sep-2026 04:15 PM,"Supply, Installation, Testing and Commissioning of 11 KV Substation, DG Set with interconnections Cables and Allied works at NFR Facilities at Location WSA Site at DAK9-Gurdaspur-Katra-Pkg14 -439_450-RHS-JK District Kathua, JK under Jammu DO PSO",MnC/NR/PSO/ENG/LT-146/26-27,2026_NRO_191264_1,IndianOil||Marketing||Northern Region Office||Contract Cell,https://iocletenders.nic.in/nicgep/app?component=%24DirectLink_0&page=FrontEndAdvancedSearchResult&service=direct&session=T&sp=SCSDXWTXsRYAARVnVzvMeQw%3D%3D,"[Supply, Installation, Testing and Commissioning of 11 KV Substation, DG Set with interconnections Cables and Allied works at NFR Facilities at Location WSA Site at DAK9-Gurdaspur-Katra-Pkg14 -439_450-RHS-JK District Kathua, JK under Jammu DO PSO]"
cables,02-Sep-2026 12:55 PM,09-Sep-2026 12:55 PM,10-Sep-2026 12:55 PM,"Supply, Installation, Testing and Commissioning of 11 KV Substation, DG Set with interconnections Cables and Allied works at NFR Facilities at Location WSA Site at DAK9 Gurdaspur-Katra-Pkg14-439 450-LHS-JK District Kathua, JK under Jammu DO PSO",MnC/NR/PSO/ENG/LT-145/26-27,2026_NRO_191252_1,IndianOil||Marketing||Northern Region Office||Contract Cell,https://iocletenders.nic.in/nicgep/app?component=%24DirectLink_0&page=FrontEndAdvancedSearchResult&service=direct&session=T&sp=StdndV%2FbMHfszn4GGsL9acw%3D%3D,"[Supply, Installation, Testing and Commissioning of 11 KV Substation, DG Set with interconnections Cables and Allied works at NFR Facilities at Location WSA Site at DAK9 Gurdaspur-Katra-Pkg14-439 450-LHS-JK District Kathua, JK under Jammu DO PSO]"
instrumentation,04-Sep-2026 05:00 PM,14-Sep-2026 03:00 PM,15-Sep-2026 03:30 PM,"Miscellaneous Piping, Structural, Mechanical, Electrical  Instrumentation Works for RFCCU Revamp under BR 09 Project.",9020C26C76,2026_BR_191309_1,IndianOil||Refineries||Barauni Refinery||Contract,https://iocletenders.nic.in/nicgep/app?component=%24DirectLink_0&page=FrontEndAdvancedSearchResult&service=direct&session=T&sp=SRXHe76FQT51HeWkPTG02SA%3D%3D,"[Miscellaneous Piping, Structural, Mechanical, Electrical  Instrumentation Works for RFCCU Revamp under BR 09 Project.]"
instrumentation,26-Aug-2026 03:00 PM,11-Sep-2026 03:00 PM,12-Sep-2026 03:00 PM,"Onsite Electrical and Instrumentation Integration Works and Commissioning Support for Augmentation of Existing LCNG Station at Vizag-Parwada, Andhra Pradesh as per IOCL Scope of Work and Tender Terms and Conditions",CRYO_LT_IC2627007,2026_IBPN_191133_1,IndianOil||Marketing||IBP Nashik||Materials,https://iocletenders.nic.in/nicgep/app?component=%24DirectLink_0&page=FrontEndAdvancedSearchResult&service=direct&session=T&sp=S0e1hsSdhi37t8lEKPnCKYg%3D%3D,"[Onsite Electrical and Instrumentation Integration Works and Commissioning Support for Augmentation of Existing LCNG Station at Vizag-Parwada, Andhra Pradesh as per IOCL Scope of Work and Tender Terms and Conditions]"
instrumentation,25-Aug-2026 04:00 PM,15-Sep-2026 02:30 PM,16-Sep-2026 03:00 PM,"Design, Engineering, Supply, Installation, Testing and Commissioning of Fire alarm detection system along with Additional Instrumentation for HRPL locations",PLCC/HRPL Fire alarm system/T and I/26060,2026_PLHO_191135_1,IndianOil||Pipelines||Pipelines HO||Contracts,https://iocletenders.nic.in/nicgep/app?component=%24DirectLink_0&page=FrontEndAdvancedSearchResult&service=direct&session=T&sp=S9KykSqxAwrar6CnOMQNAtQ%3D%3D,"[Design, Engineering, Supply, Installation, Testing and Commissioning of Fire alarm detection system along with Additional Instrumentation for HRPL locations]"
dcs,26-Aug-2026 03:00 PM,09-Sep-2026 03:00 PM,10-Sep-2026 03:00 PM,Civil and Electrical works for GRSPF DCS control room  extension and comprehensive facelift at Gujarat Refinery,9030C26D26,2026_JR_191122_1,IndianOil||Refineries||Gujarat Refinery||Contracts,https://iocletenders.nic.in/nicgep/app?component=%24DirectLink_0&page=FrontEndAdvancedSearchResult&service=direct&session=T&sp=SFZ6nWz%2BizejfAhR5Xj1IGQ%3D%3D,[Civil and Electrical works for GRSPF DCS control room  extension and comprehensive facelift at Gujarat Refinery]
catalyst,01-Sep-2026 03:30 PM,29-Sep-2026 03:00 PM,30-Sep-2026 03:00 PM,Rate Contract for Procurement of FCC Catalyst for IOCL Gujarat Refinery,RHQMM26301,2026_REFHQ_191246_1,IndianOil||Refineries||Refineries HQ||Materials,https://iocletenders.nic.in/nicgep/app?component=%24DirectLink_0&page=FrontEndAdvancedSearchResult&service=direct&session=T&sp=S0BYHL0OvsXJYYPGGSJZfNw%3D%3D,[Rate Contract for Procurement of FCC Catalyst for IOCL Gujarat Refinery]
catalyst,28-Aug-2026 05:00 PM,18-Sep-2026 03:00 PM,19-Sep-2026 03:00 PM,PROCUREMENT OF CATALYST AND CERAMIC SADDLES,9040M26H40,2026_HR_191195_1,IndianOil||Refineries||Haldia Refinery||Materials,https://iocletenders.nic.in/nicgep/app?component=%24DirectLink_0&page=FrontEndAdvancedSearchResult&service=direct&session=T&sp=SSRiAOhnZA%2BfGcf4bpafwGQ%3D%3D,[PROCUREMENT OF CATALYST AND CERAMIC SADDLES]
catalyst,12-Jun-2026 03:00 PM,08-Oct-2026 03:00 PM,09-Oct-2026 03:00 PM,Outright Sale of Spent Catalyst containing precious metals,9030M26C22,2026_JR_190221_1,IndianOil||Refineries||Gujarat Refinery||Materials,https://iocletenders.nic.in/nicgep/app?component=%24DirectLink_0&page=FrontEndAdvancedSearchResult&service=direct&session=T&sp=SWVSV3H2W2DjsxBKqallV0w%3D%3D,[Outright Sale of Spent Catalyst containing precious metals]
catalyst,16-Feb-2026 06:00 PM,21-Sep-2026 03:00 PM,22-Sep-2026 03:00 PM,"Outright Sale of CCRU Spent Catalyst/Fines/Dust containing Platinum as precious metals at IOCL, Paradip Refinery, Paradip.",9070M26B23,2026_PDR_188923_1,IndianOil||Refineries||Paradip Refinery||Materials,https://iocletenders.nic.in/nicgep/app?component=%24DirectLink_0&page=FrontEndAdvancedSearchResult&service=direct&session=T&sp=SUMs5G1QI%2BeriTBpLPxe8WQ%3D%3D,"[Outright Sale of CCRU Spent Catalyst/Fines/Dust containing Platinum as precious metals at IOCL, Paradip Refinery, Paradip.]"
spare,08-Sep-2026 06:00 PM,21-Sep-2026 03:30 PM,22-Sep-2026 03:30 PM,"Supply of Spares and Consumables for CFR RON, MON and Cetane  Engines",N1JB26022,2026_BGR_191338_1,IndianOil||Refineries||Bongaigaon Refinery||Indenter,https://iocletenders.nic.in/nicgep/app?component=%24DirectLink_0&page=FrontEndAdvancedSearchResult&service=direct&session=T&sp=SvP9asEl%2BecPOQvApvW7d6w%3D%3D,"[Supply of Spares and Consumables for CFR RON, MON and Cetane  Engines]"
spare,04-Sep-2026 06:00 PM,11-Sep-2026 03:00 PM,12-Sep-2026 03:00 PM,"Procurement of Capital Spare, Complete Trip and Throttle valve  (Make   Siemens Energy Industrial Turbomachinery India Private Limited) of WGC Turbine as per Insurance spares guideline rotary 2025 26 at IOCL Paradip Refinery",9070M26F67,2026_PDR_191304_1,IndianOil||Refineries||Paradip Refinery||Materials,https://iocletenders.nic.in/nicgep/app?component=%24DirectLink_0&page=FrontEndAdvancedSearchResult&service=direct&session=T&sp=SZw5ULmtuQ9BGZHcSKE5zTQ%3D%3D,"[Procurement of Capital Spare, Complete Trip and Throttle valve  (Make   Siemens Energy Industrial Turbomachinery India Private Limited) of WGC Turbine as per Insurance spares guideline rotary 2025 26 at IOCL Paradip Refinery]"
spare,04-Sep-2026 06:00 PM,11-Sep-2026 03:00 PM,12-Sep-2026 03:00 PM,"Procurement of Capital Spares of 057-K-002A/B (RGC) and 057-K-003A/B (H2 makeup compressor), NHGU at IOCL Paradip Refinery",9070M26E61,2026_PDR_191297_1,IndianOil||Refineries||Paradip Refinery||Materials,https://iocletenders.nic.in/nicgep/app?component=%24DirectLink_0&page=FrontEndAdvancedSearchResult&service=direct&session=T&sp=S4%2Bf371dw2NQxvqJtrMKpzg%3D%3D,"[Procurement of Capital Spares of 057-K-002A/B (RGC) and 057-K-003A/B (H2 makeup compressor), NHGU at IOCL Paradip Refinery]"
spare,03-Sep-2026 06:00 PM,10-Sep-2026 03:00 PM,11-Sep-2026 03:00 PM,"Procurement of Insurance spares and consumable spares for 057-K-06, NHGU(2026) at IOCL Paradip Refinery.",9070M26D45,2026_PDR_191288_1,IndianOil||Refineries||Paradip Refinery||Materials,https://iocletenders.nic.in/nicgep/app?component=%24DirectLink_0&page=FrontEndAdvancedSearchResult&service=direct&session=T&sp=SAz4ULG4HN5IGOAVa9VIVfg%3D%3D,"[Procurement of Insurance spares and consumable spares for 057-K-06, NHGU(2026) at IOCL Paradip Refinery.]"
spare,03-Sep-2026 04:00 PM,09-Sep-2026 03:00 PM,10-Sep-2026 03:00 PM,Procurement of spares for 92-K-01A/B of HGU-2,9040M26B25,2026_HR_191285_1,IndianOil||Refineries||Haldia Refinery||Materials,https://iocletenders.nic.in/nicgep/app?component=%24DirectLink_0&page=FrontEndAdvancedSearchResult&service=direct&session=T&sp=Sc0RDM%2Bw5bT4IhwyCbIXuuQ%3D%3D,[Procurement of spares for 92-K-01A/B of HGU-2]
spare,03-Sep-2026 03:00 PM,09-Sep-2026 03:00 PM,10-Sep-2026 03:00 PM,Spares for Compressor 92-K-12 of HGU-2,9040M26A71 AND 9040M26E74,2026_HR_191278_1,IndianOil||Refineries||Haldia Refinery||Materials,https://iocletenders.nic.in/nicgep/app?component=%24DirectLink_0&page=FrontEndAdvancedSearchResult&service=direct&session=T&sp=SRvAYP0fyb8y2eMD87%2F8pTg%3D%3D,[Spares for Compressor 92-K-12 of HGU-2]
spare,02-Sep-2026 06:00 PM,09-Sep-2026 03:00 PM,10-Sep-2026 03:00 PM,Procurement of Igniter spares for 20-F-01 OF VGO HDT unit at IOCL Paradip Refinery,9070M26G29,2026_PDR_191265_1,IndianOil||Refineries||Paradip Refinery||Materials,https://iocletenders.nic.in/nicgep/app?component=%24DirectLink_0&page=FrontEndAdvancedSearchResult&service=direct&session=T&sp=S5UdMsFMEhBlWV0I75%2BQJMA%3D%3D,[Procurement of Igniter spares for 20-F-01 OF VGO HDT unit at IOCL Paradip Refinery]
spare,31-Aug-2026 06:30 PM,15-Sep-2026 03:00 PM,16-Sep-2026 03:00 PM,Procurement of Spares for ROG Compressor(92-K-14),9040M26G24 AND 9040M25I15,2026_HR_191233_1,IndianOil||Refineries||Haldia Refinery||Materials,https://iocletenders.nic.in/nicgep/app?component=%24DirectLink_0&page=FrontEndAdvancedSearchResult&service=direct&session=T&sp=SzmYgpJTjvLxTtMDSlSwZ%2BA%3D%3D,[Procurement of Spares for ROG Compressor(92-K-14)]
spare,29-Aug-2026 12:15 PM,15-Sep-2026 03:00 PM,16-Sep-2026 03:00 PM,Spares of 23-K-101,9040M26D81,2026_HR_191204_1,IndianOil||Refineries||Haldia Refinery||Materials,https://iocletenders.nic.in/nicgep/app?component=%24DirectLink_0&page=FrontEndAdvancedSearchResult&service=direct&session=T&sp=S8paoBGIwTPrxhbiehX54fA%3D%3D,[Spares of 23-K-101]
spare,27-Aug-2026 11:00 AM,10-Sep-2026 03:00 PM,11-Sep-2026 03:30 PM,Procurement of Spares For RFCCU MAB DHDS RGC Turbine,PRMM268073,2026_PR_191116_1,IndianOil||Refineries||Panipat Refinery||Materials,https://iocletenders.nic.in/nicgep/app?component=%24DirectLink_0&page=FrontEndAdvancedSearchResult&service=direct&session=T&sp=S3bVg%2Fh%2B2ek1Okq8egdridw%3D%3D,[Procurement of Spares For RFCCU MAB DHDS RGC Turbine]
spare,20-Aug-2026 05:00 PM,09-Sep-2026 03:00 PM,10-Sep-2026 03:00 PM,Procurement of Spares of Expansion Turbine (96-M-02A/B) of NGU-2,9040M26F36,2026_HR_190906_2,IndianOil||Refineries||Haldia Refinery||Materials,https://iocletenders.nic.in/nicgep/app?component=%24DirectLink_0&page=FrontEndAdvancedSearchResult&service=direct&session=T&sp=SjqepQPkTDkCxlmcJ7wIYxA%3D%3D,[Procurement of Spares of Expansion Turbine (96-M-02A/B) of NGU-2]
spare,23-Jul-2026 03:00 PM,24-Sep-2026 03:00 PM,25-Sep-2026 03:00 PM,spares of Gear box of Tail gas compressor of CCR unit of Paradip Refinery,9070M26E25,2026_PDR_190698_1,IndianOil||Refineries||Paradip Refinery||Materials,https://iocletenders.nic.in/nicgep/app?component=%24DirectLink_0&page=FrontEndAdvancedSearchResult&service=direct&session=T&sp=SsLaOakoMCdboIIESyscc5A%3D%3D,[spares of Gear box of Tail gas compressor of CCR unit of Paradip Refinery]
safety,08-Sep-2026 03:15 PM,16-Sep-2026 03:15 PM,17-Sep-2026 03:15 PM,Carrying out Various Civil Mechanical Pipeline Painting Safety and Allied Works at Ennore LPG Bottling Plant Ennore Chennai,EnnBP/MDT_Works1/LT/2026-27,2026_SROTN_191336_1,IndianOil||Marketing||Southern Region and Tamilnadu State Office||LPG,https://iocletenders.nic.in/nicgep/app?component=%24DirectLink_0&page=FrontEndAdvancedSearchResult&service=direct&session=T&sp=SxAojS%2BDv8req3qaI0HGsXw%3D%3D,[Carrying out Various Civil Mechanical Pipeline Painting Safety and Allied Works at Ennore LPG Bottling Plant Ennore Chennai]
safety,05-Sep-2026 10:00 AM,19-Sep-2026 03:00 PM,21-Sep-2026 03:00 PM,9030C26D55 Providing and fixing various types of safety informatory signage and name boards at Gujarat Refinery township Vadodara IOCL,9030C26D55,2026_JR_191305_1,IndianOil||Refineries||Gujarat Refinery||Contracts,https://iocletenders.nic.in/nicgep/app?component=%24DirectLink_0&page=FrontEndAdvancedSearchResult&service=direct&session=T&sp=SJu35csJQt1o5wOmdns1JPQ%3D%3D,[9030C26D55 Providing and fixing various types of safety informatory signage and name boards at Gujarat Refinery township Vadodara IOCL]
procurement,04-Sep-2026 06:00 PM,11-Sep-2026 03:00 PM,12-Sep-2026 03:00 PM,"Procurement of Capital Spare, Complete Trip and Throttle valve  (Make   Siemens Energy Industrial Turbomachinery India Private Limited) of WGC Turbine as per Insurance spares guideline rotary 2025 26 at IOCL Paradip Refinery",9070M26F67,2026_PDR_191304_1,IndianOil||Refineries||Paradip Refinery||Materials,https://iocletenders.nic.in/nicgep/app?component=%24DirectLink_0&page=FrontEndAdvancedSearchResult&service=direct&session=T&sp=SZw5ULmtuQ9BGZHcSKE5zTQ%3D%3D,"[Procurement of Capital Spare, Complete Trip and Throttle valve  (Make   Siemens Energy Industrial Turbomachinery India Private Limited) of WGC Turbine as per Insurance spares guideline rotary 2025 26 at IOCL Paradip Refinery]"
procurement,04-Sep-2026 06:00 PM,11-Sep-2026 03:00 PM,12-Sep-2026 03:00 PM,"Procurement of Capital Spares of 057-K-002A/B (RGC) and 057-K-003A/B (H2 makeup compressor), NHGU at IOCL Paradip Refinery",9070M26E61,2026_PDR_191297_1,IndianOil||Refineries||Paradip Refinery||Materials,https://iocletenders.nic.in/nicgep/app?component=%24DirectLink_0&page=FrontEndAdvancedSearchResult&service=direct&session=T&sp=S4%2Bf371dw2NQxvqJtrMKpzg%3D%3D,"[Procurement of Capital Spares of 057-K-002A/B (RGC) and 057-K-003A/B (H2 makeup compressor), NHGU at IOCL Paradip Refinery]"
procurement,03-Sep-2026 06:00 PM,10-Sep-2026 03:00 PM,11-Sep-2026 03:00 PM,"Procurement of Insurance spares and consumable spares for 057-K-06, NHGU(2026) at IOCL Paradip Refinery.",9070M26D45,2026_PDR_191288_1,IndianOil||Refineries||Paradip Refinery||Materials,https://iocletenders.nic.in/nicgep/app?component=%24DirectLink_0&page=FrontEndAdvancedSearchResult&service=direct&session=T&sp=SAz4ULG4HN5IGOAVa9VIVfg%3D%3D,"[Procurement of Insurance spares and consumable spares for 057-K-06, NHGU(2026) at IOCL Paradip Refinery.]"
procurement,03-Sep-2026 05:00 PM,24-Sep-2026 03:00 PM,25-Sep-2026 03:00 PM,"Rate contract for procurement of UF membrane for Barauni, Haldia and Mathura Refinery",RHQMM26208,2026_REFHQ_191283_1,IndianOil||Refineries||Refineries HQ||Materials,https://iocletenders.nic.in/nicgep/app?component=%24DirectLink_0&page=FrontEndAdvancedSearchResult&service=direct&session=T&sp=SsmT6UdpydcjcohXqGTjsAQ%3D%3D,"[Rate contract for procurement of UF membrane for Barauni, Haldia and Mathura Refinery]"
procurement,03-Sep-2026 05:00 PM,19-Sep-2026 05:00 PM,21-Sep-2026 05:00 PM,Procurement of BELTS_IC ITEMS,9030M26E90,2026_JR_191279_1,IndianOil||Refineries||Gujarat Refinery||Materials,https://iocletenders.nic.in/nicgep/app?component=%24DirectLink_0&page=FrontEndAdvancedSearchResult&service=direct&session=T&sp=S%2BRJqyR8%2FgJkXbw93r8tsfQ%3D%3D,[Procurement of BELTS_IC ITEMS]
procurement,03-Sep-2026 04:00 PM,17-Sep-2026 04:00 PM,18-Sep-2026 04:00 PM,"Procurement of 22 Nos. Microphones in Halls (A, B,C,D and E)  at IIPM against Buy Back of old 16 no of Microphones at IiPM Gurugram",9003M26A03,2026_REFHQ_191284_1,IndianOil||Refineries||Refineries HQ||Materials,https://iocletenders.nic.in/nicgep/app?component=%24DirectLink_0&page=FrontEndAdvancedSearchResult&service=direct&session=T&sp=SP7O8WRTuUkIEMY0R8DMNZQ%3D%3D,"[Procurement of 22 Nos. Microphones in Halls (A, B,C,D and E)  at IIPM against Buy Back of old 16 no of Microphones at IiPM Gurugram]"
procurement,03-Sep-2026 04:00 PM,09-Sep-2026 03:00 PM,10-Sep-2026 03:00 PM,Procurement of spares for 92-K-01A/B of HGU-2,9040M26B25,2026_HR_191285_1,IndianOil||Refineries||Haldia Refinery||Materials,https://iocletenders.nic.in/nicgep/app?component=%24DirectLink_0&page=FrontEndAdvancedSearchResult&service=direct&session=T&sp=Sc0RDM%2Bw5bT4IhwyCbIXuuQ%3D%3D,[Procurement of spares for 92-K-01A/B of HGU-2]
procurement,02-Sep-2026 06:00 PM,09-Sep-2026 03:00 PM,10-Sep-2026 03:00 PM,Procurement of Igniter spares for 20-F-01 OF VGO HDT unit at IOCL Paradip Refinery,9070M26G29,2026_PDR_191265_1,IndianOil||Refineries||Paradip Refinery||Materials,https://iocletenders.nic.in/nicgep/app?component=%24DirectLink_0&page=FrontEndAdvancedSearchResult&service=direct&session=T&sp=S5UdMsFMEhBlWV0I75%2BQJMA%3D%3D,[Procurement of Igniter spares for 20-F-01 OF VGO HDT unit at IOCL Paradip Refinery]
procurement,02-Sep-2026 03:00 PM,12-Sep-2026 06:00 PM,14-Sep-2026 03:00 PM,Procurement of additive package ST1694and ST6038 Or ST1663 and ST6102 Or ST1685and ST6017,MnC/LUB-31/LT-40/26-27,2026_MKTHO_191215_1,IndianOil||Marketing||Marketing HO||Contract Cell,https://iocletenders.nic.in/nicgep/app?component=%24DirectLink_0&page=FrontEndAdvancedSearchResult&service=direct&session=T&sp=SNxwc%2FgHLZRsuLlgld%2F91uQ%3D%3D,[Procurement of additive package ST1694and ST6038 Or ST1663 and ST6102 Or ST1685and ST6017]
procurement,01-Sep-2026 03:30 PM,29-Sep-2026 03:00 PM,30-Sep-2026 03:00 PM,Rate Contract for Procurement of FCC Catalyst for IOCL Gujarat Refinery,RHQMM26301,2026_REFHQ_191246_1,IndianOil||Refineries||Refineries HQ||Materials,https://iocletenders.nic.in/nicgep/app?component=%24DirectLink_0&page=FrontEndAdvancedSearchResult&service=direct&session=T&sp=S0BYHL0OvsXJYYPGGSJZfNw%3D%3D,[Rate Contract for Procurement of FCC Catalyst for IOCL Gujarat Refinery]
procurement,31-Aug-2026 06:30 PM,15-Sep-2026 03:00 PM,16-Sep-2026 03:00 PM,Procurement of Spares for ROG Compressor(92-K-14),9040M26G24 AND 9040M25I15,2026_HR_191233_1,IndianOil||Refineries||Haldia Refinery||Materials,https://iocletenders.nic.in/nicgep/app?component=%24DirectLink_0&page=FrontEndAdvancedSearchResult&service=direct&session=T&sp=SzmYgpJTjvLxTtMDSlSwZ%2BA%3D%3D,[Procurement of Spares for ROG Compressor(92-K-14)]
procurement,28-Aug-2026 05:00 PM,18-Sep-2026 03:00 PM,19-Sep-2026 03:00 PM,PROCUREMENT OF CATALYST AND CERAMIC SADDLES,9040M26H40,2026_HR_191195_1,IndianOil||Refineries||Haldia Refinery||Materials,https://iocletenders.nic.in/nicgep/app?component=%24DirectLink_0&page=FrontEndAdvancedSearchResult&service=direct&session=T&sp=SSRiAOhnZA%2BfGcf4bpafwGQ%3D%3D,[PROCUREMENT OF CATALYST AND CERAMIC SADDLES]
procurement,27-Aug-2026 04:00 PM,09-Sep-2026 04:00 PM,10-Sep-2026 04:00 PM,Procurement of additive package  ST1617 Or ST1772 plus ST4574 Or ST1774,MnC/LUB-30/LT-39/26-27,2026_MKTHO_191166_1,IndianOil||Marketing||Marketing HO||Contract Cell,https://iocletenders.nic.in/nicgep/app?component=%24DirectLink_0&page=FrontEndAdvancedSearchResult&service=direct&session=T&sp=SYNeLxZGJqh8nQ0dyHvI7Cw%3D%3D,[Procurement of additive package  ST1617 Or ST1772 plus ST4574 Or ST1774]
procurement,27-Aug-2026 11:00 AM,10-Sep-2026 03:00 PM,11-Sep-2026 03:30 PM,Procurement of Spares For RFCCU MAB DHDS RGC Turbine,PRMM268073,2026_PR_191116_1,IndianOil||Refineries||Panipat Refinery||Materials,https://iocletenders.nic.in/nicgep/app?component=%24DirectLink_0&page=FrontEndAdvancedSearchResult&service=direct&session=T&sp=S3bVg%2Fh%2B2ek1Okq8egdridw%3D%3D,[Procurement of Spares For RFCCU MAB DHDS RGC Turbine]
procurement,25-Aug-2026 12:00 PM,15-Sep-2026 03:00 PM,16-Sep-2026 03:00 PM,Procurement of UPS contoller system for replacement in Gutor make UPS,NCM2616049,2026_PR_191127_1,IndianOil||Refineries||Panipat Refinery||Materials,https://iocletenders.nic.in/nicgep/app?component=%24DirectLink_0&page=FrontEndAdvancedSearchResult&service=direct&session=T&sp=SGInOMaUu%2FPs8sGoinWqsnA%3D%3D,[Procurement of UPS contoller system for replacement in Gutor make UPS]
procurement,21-Aug-2026 06:55 PM,18-Sep-2026 02:30 PM,21-Sep-2026 03:00 PM,"Lining up Licensing, Engineering, Procurement and Construction (LEPC) agency for setting up 200 Tons per day (TPD) Segregated Organic Municipal Solid Waste (SOMSW) based Compressed Biogas plant at Gorakhpur",PLCC/CBG-Gorakhpur/EL/26055,2026_PLHO_191087_1,IndianOil||Pipelines||Pipelines HO||Contracts,https://iocletenders.nic.in/nicgep/app?component=%24DirectLink_0&page=FrontEndAdvancedSearchResult&service=direct&session=T&sp=S1IjuBmURczoNM6G1eWbytQ%3D%3D,"[Lining up Licensing, Engineering, Procurement and Construction (LEPC) agency for setting up 200 Tons per day (TPD) Segregated Organic Municipal Solid Waste (SOMSW) based Compressed Biogas plant at Gorakhpur]"
procurement,21-Aug-2026 05:00 PM,14-Sep-2026 03:00 PM,15-Sep-2026 03:00 PM,Procurement of 2.5 MT of Donor-D,NCM2611050,2026_PR_191100_1,IndianOil||Refineries||Panipat Refinery||Materials,https://iocletenders.nic.in/nicgep/app?component=%24DirectLink_0&page=FrontEndAdvancedSearchResult&service=direct&session=T&sp=ShMCmR%2BJtGP2eQIbQerX5Kw%3D%3D,[Procurement of 2.5 MT of Donor-D]
procurement,20-Aug-2026 05:00 PM,09-Sep-2026 03:00 PM,10-Sep-2026 03:00 PM,Procurement of Spares of Expansion Turbine (96-M-02A/B) of NGU-2,9040M26F36,2026_HR_190906_2,IndianOil||Refineries||Haldia Refinery||Materials,https://iocletenders.nic.in/nicgep/app?component=%24DirectLink_0&page=FrontEndAdvancedSearchResult&service=direct&session=T&sp=SjqepQPkTDkCxlmcJ7wIYxA%3D%3D,[Procurement of Spares of Expansion Turbine (96-M-02A/B) of NGU-2]
procurement,19-Aug-2026 06:00 PM,12-Sep-2026 03:00 PM,14-Sep-2026 03:00 PM,Procurement of Extruder Gearbox and bearings in PP unit at IOCL Paradip Refinery,9070M26F84,2026_PDR_191057_1,IndianOil||Refineries||Paradip Refinery||Materials,https://iocletenders.nic.in/nicgep/app?component=%24DirectLink_0&page=FrontEndAdvancedSearchResult&service=direct&session=T&sp=SNC0lvvy9L%2BXi1%2BuXQN7xTw%3D%3D,[Procurement of Extruder Gearbox and bearings in PP unit at IOCL Paradip Refinery]
procurement,19-Aug-2026 05:00 PM,17-Sep-2026 02:00 PM,18-Sep-2026 03:00 PM,Procurement of Pressure vessel and Mechanical shaft assemblies,9400M26B53,2026_RND_191043_1,IndianOil||Research and  Development||Materials,https://iocletenders.nic.in/nicgep/app?component=%24DirectLink_0&page=FrontEndAdvancedSearchResult&service=direct&session=T&sp=SzgH9DjE8U80v%2FONGj01Eqw%3D%3D,[Procurement of Pressure vessel and Mechanical shaft assemblies]
project,08-Sep-2026 05:00 PM,22-Sep-2026 12:00 PM,23-Sep-2026 02:00 PM,SPN/B269-000-WE-MR-3652/397 - FASTENERS FOR P-25 PROJECT OF M/s INDIAN OIL CORPORATION LIMITED ,SPN/B269-000-WE-MR-3652/397,2026_REFHQ_191332_1,IndianOil||Refineries||Refineries HQ||Project - PMC||PRPC- P25||Project Group,https://iocletenders.nic.in/nicgep/app?component=%24DirectLink_0&page=FrontEndAdvancedSearchResult&service=direct&session=T&sp=SydvvR7GmTag9Bx%2FstXEKuA%3D%3D,[SPN/B269-000-WE-MR-3652/397 - FASTENERS FOR P-25 PROJECT OF M/s INDIAN OIL CORPORATION LIMITED ]
project,04-Sep-2026 05:00 PM,14-Sep-2026 03:00 PM,15-Sep-2026 03:30 PM,"Miscellaneous Piping, Structural, Mechanical, Electrical  Instrumentation Works for RFCCU Revamp under BR 09 Project.",9020C26C76,2026_BR_191309_1,IndianOil||Refineries||Barauni Refinery||Contract,https://iocletenders.nic.in/nicgep/app?component=%24DirectLink_0&page=FrontEndAdvancedSearchResult&service=direct&session=T&sp=SRXHe76FQT51HeWkPTG02SA%3D%3D,"[Miscellaneous Piping, Structural, Mechanical, Electrical  Instrumentation Works for RFCCU Revamp under BR 09 Project.]"
project,03-Sep-2026 05:00 PM,17-Sep-2026 05:00 PM,18-Sep-2026 05:00 PM,"Balance civil works of GIS 300 extension building under BSVI project at IOCL Paradip Refinery, Odisha",9070C26C79,2026_PDR_191280_1,IndianOil||Refineries||Paradip Refinery||Contracts,https://iocletenders.nic.in/nicgep/app?component=%24DirectLink_0&page=FrontEndAdvancedSearchResult&service=direct&session=T&sp=SZJFcqSEpa2hhHjFuuWGonA%3D%3D,"[Balance civil works of GIS 300 extension building under BSVI project at IOCL Paradip Refinery, Odisha]"
project,31-Aug-2026 05:00 PM,14-Sep-2026 12:00 PM,15-Sep-2026 02:00 PM,"SP/B269-000-WB-MR-3741/396 - VALVES-GATE, GLOBE, CHECK FOR P-25 PROJECT OF M/s INDIAN OIL CORPORATION LIMITED",SPN/B269-000-WB-MR-3741/396,2026_REFHQ_191210_1,IndianOil||Refineries||Refineries HQ||Project - PMC||PRPC- P25||Project Group,https://iocletenders.nic.in/nicgep/app?component=%24DirectLink_0&page=FrontEndAdvancedSearchResult&service=direct&session=T&sp=SYaXVBSTyDzVnoWJfQ6wTyw%3D%3D,"[SP/B269-000-WB-MR-3741/396 - VALVES-GATE, GLOBE, CHECK FOR P-25 PROJECT OF M/s INDIAN OIL CORPORATION LIMITED]"
project,28-Aug-2026 02:00 PM,11-Sep-2026 02:00 PM,14-Sep-2026 10:00 AM,Supply and Application of Polymer based Sealing/filling System on annular  plate projection of tanks at IOCL Mathura Refinery,9050C26C14,2026_MR_191186_1,IndianOil||Refineries||Mathura Refinery||Contracts,https://iocletenders.nic.in/nicgep/app?component=%24DirectLink_0&page=FrontEndAdvancedSearchResult&service=direct&session=T&sp=SC6qJ%2FvEqYc7Ekh1p79Whtg%3D%3D,[Supply and Application of Polymer based Sealing/filling System on annular  plate projection of tanks at IOCL Mathura Refinery]
project,27-Aug-2026 06:30 PM,17-Sep-2026 02:30 PM,18-Sep-2026 03:00 PM,"INSTALLATION OF 8.625 INCH OD, 4.3 KM (APPROX.) CROSS COUNTRY PIPELINE and ASSOCIATED COMBINED STATION WORKS AT IOCL WILLINGDON ISLAND TERMINAL AND SNC NORTH JETTY UNDER KOCHI HFHSD PIPELINE PROJECT.",PLCC/Kochi HFHSD PL/others/26059,2026_PLHO_191172_1,IndianOil||Pipelines||Pipelines HO||Contracts,https://iocletenders.nic.in/nicgep/app?component=%24DirectLink_0&page=FrontEndAdvancedSearchResult&service=direct&session=T&sp=SasvGQEWKHc94ZKzdU8GPqA%3D%3D,"[INSTALLATION OF 8.625 INCH OD, 4.3 KM (APPROX.) CROSS COUNTRY PIPELINE and ASSOCIATED COMBINED STATION WORKS AT IOCL WILLINGDON ISLAND TERMINAL AND SNC NORTH JETTY UNDER KOCHI HFHSD PIPELINE PROJECT.]"
project,27-Aug-2026 05:00 PM,09-Sep-2026 02:30 PM,10-Sep-2026 03:00 PM,Modification works in Mechanical Seal system of MLPUs installed at Vadinar and Surendranagar under SMPL Aug J18 Project,PLCC/MLPU/M/26053,2026_PLHO_191175_1,IndianOil||Pipelines||Pipelines HO||Contracts,https://iocletenders.nic.in/nicgep/app?component=%24DirectLink_0&page=FrontEndAdvancedSearchResult&service=direct&session=T&sp=SNasyqFHUzEOyYMaMBujcWA%3D%3D,[Modification works in Mechanical Seal system of MLPUs installed at Vadinar and Surendranagar under SMPL Aug J18 Project]
project,14-Aug-2026 05:00 PM,14-Sep-2026 12:00 PM,15-Sep-2026 02:00 PM,SPN/B269-000-WH-MR-3744/393 - STEAM TRAP FOR P-25 PROJECT OF M/s INDIAN OIL CORPORATION LIMITED,SPN/B269-000-WH-MR-3744/393,2026_REFHQ_190961_1,IndianOil||Refineries||Refineries HQ||Project - PMC||PRPC- P25||Project Group,https://iocletenders.nic.in/nicgep/app?component=%24DirectLink_0&page=FrontEndAdvancedSearchResult&service=direct&session=T&sp=Snea8RR7g0RIXFDqMrSpZDg%3D%3D,[SPN/B269-000-WH-MR-3744/393 - STEAM TRAP FOR P-25 PROJECT OF M/s INDIAN OIL CORPORATION LIMITED]
project,07-Aug-2026 06:00 PM,14-Sep-2026 03:00 PM,15-Sep-2026 03:00 PM,9000C26A88 Outline agreement towards consultancy services for Phase 1 and Phase 2 for upcoming IOCL projects,9000C26A88,2026_REFHQ_190904_1,IndianOil||Refineries||Refineries HQ||Contracts,https://iocletenders.nic.in/nicgep/app?component=%24DirectLink_0&page=FrontEndAdvancedSearchResult&service=direct&session=T&sp=SEtnc8aKOCZfxJ7EzyJWo2w%3D%3D,[9000C26A88 Outline agreement towards consultancy services for Phase 1 and Phase 2 for upcoming IOCL projects]
project,06-Aug-2026 05:00 PM,10-Sep-2026 03:00 PM,11-Sep-2026 03:00 PM,COMPOSITE WORKS COMPRISING MECHANICAL PIPING STRUCTURAL AND CIVIL FOUNDATION WORKS IN PRE SHUTDOWN AND SHUTDOWN PHASES ALONG WITH MANPOWER ASSISTANCE FOR PRE COMMISSIONING AND COMMISSIONING ACTIVITIES FOR DR 1 EXPANSION PROJECT AT DIGBOI REFINERY,TP/214227C/T/28,2026_REFHQ_190883_1,IndianOil||Refineries||Refineries HQ||Project - PMC||Digboi-DR 1.0 Expansion||Project Group,https://iocletenders.nic.in/nicgep/app?component=%24DirectLink_0&page=FrontEndAdvancedSearchResult&service=direct&session=T&sp=ScWsP5QGqxVlzqdSBUG4zxg%3D%3D,[COMPOSITE WORKS COMPRISING MECHANICAL PIPING STRUCTURAL AND CIVIL FOUNDATION WORKS IN PRE SHUTDOWN AND SHUTDOWN PHASES ALONG WITH MANPOWER ASSISTANCE FOR PRE COMMISSIONING AND COMMISSIONING ACTIVITIES FOR DR 1 EXPANSION PROJECT AT DIGBOI REFINERY]
project,05-Aug-2026 03:25 PM,09-Sep-2026 03:00 PM,10-Sep-2026 03:00 PM,Rate Contract for Procurement of Antioxidant (ANTAX/STURMAX) for PBR project at Panipat Refinery,RHQMM26426,2026_REFHQ_190827_1,IndianOil||Refineries||Refineries HQ||Materials,https://iocletenders.nic.in/nicgep/app?component=%24DirectLink_0&page=FrontEndAdvancedSearchResult&service=direct&session=T&sp=Sa6OUfQWrexmJDbENvcHl%2FQ%3D%3D,[Rate Contract for Procurement of Antioxidant (ANTAX/STURMAX) for PBR project at Panipat Refinery]
project,06-Mar-2026 05:00 PM,22-Sep-2026 03:00 PM,23-Sep-2026 03:00 PM,"SPN/C077-000-LA-T-9502/03 - PROJECT MANAGEMENT CONSULTANCY SERVICES (PMC-3) FOR CUMENE AND PHENOL UNITS FOR THE PARADIP PETROCHEMICAL COMPLEX (PDPC) PROJECT OF INDIAN OIL CORPORATION LIMITED AT PARADIP, ODISHA",SPN/C077-000-LA-T-9502/03,2026_REFHQ_189208_1,IndianOil||Refineries||Refineries HQ||Project - PMC||PDPC-PMC-2,https://iocletenders.nic.in/nicgep/app?component=%24DirectLink_0&page=FrontEndAdvancedSearchResult&service=direct&session=T&sp=Sl%2Bbqo6maKiWn1%2BgrM0coMA%3D%3D,"[SPN/C077-000-LA-T-9502/03 - PROJECT MANAGEMENT CONSULTANCY SERVICES (PMC-3) FOR CUMENE AND PHENOL UNITS FOR THE PARADIP PETROCHEMICAL COMPLEX (PDPC) PROJECT OF INDIAN OIL CORPORATION LIMITED AT PARADIP, ODISHA]"
project,25-Feb-2026 05:30 PM,22-Sep-2026 03:00 PM,23-Sep-2026 03:00 PM,"SPN/C077-000-LA-T-9501/01 - PROJECT MANAGEMENT CONSULTANCY SERVICES (PMC-4) FOR LLDPE/HDPE (SWING) UNIT, PVC AND BUTENE-1 UNDER THE PARADIP PETROCHEMICAL COMPLEX (PDPC) PROJECT OF INDIAN OIL CORPORATION LIMITED AT PARADIP, ODISHA",SPN/C077-000-LA-T-9501/01,2026_REFHQ_189090_1,IndianOil||Refineries||Refineries HQ||Project - PMC||PDPC-PMC-2,https://iocletenders.nic.in/nicgep/app?component=%24DirectLink_0&page=FrontEndAdvancedSearchResult&service=direct&session=T&sp=SWqnzfRpMELpf9PEBAoxxgg%3D%3D,"[SPN/C077-000-LA-T-9501/01 - PROJECT MANAGEMENT CONSULTANCY SERVICES (PMC-4) FOR LLDPE/HDPE (SWING) UNIT, PVC AND BUTENE-1 UNDER THE PARADIP PETROCHEMICAL COMPLEX (PDPC) PROJECT OF INDIAN OIL CORPORATION LIMITED AT PARADIP, ODISHA]"
the,08-Sep-2026 06:00 PM,22-Sep-2026 06:00 PM,23-Sep-2026 06:00 PM,RAZE AND REBUILD OF THE ENTIRE BOUNDARY WALL OF SEWREE I TERMINAL,WRMC/2026-27/PT/249,2026_WRO_191329_1,IndianOil||Marketing||Western Region Office||Contracts Cell,https://iocletenders.nic.in/nicgep/app?component=%24DirectLink_0&page=FrontEndAdvancedSearchResult&service=direct&session=T&sp=SzTCiahv2e0CX8aFrQ%2FCTHw%3D%3D,[RAZE AND REBUILD OF THE ENTIRE BOUNDARY WALL OF SEWREE I TERMINAL]
the,08-Sep-2026 11:00 AM,29-Sep-2026 03:00 PM,30-Sep-2026 03:00 PM,Engagement of Technical Manpower under Facility Management Services FMS for 24 by 7 Operations and  Monitoring for the Partner Experience Platform PEP for a Period of Three 3 Years,9003C26A10,2026_REFHQ_191326_1,IndianOil||Refineries||Refineries HQ||Materials,https://iocletenders.nic.in/nicgep/app?component=%24DirectLink_0&page=FrontEndAdvancedSearchResult&service=direct&session=T&sp=SUFGwWK5D56Q4I%2FG1jaU4yw%3D%3D,[Engagement of Technical Manpower under Facility Management Services FMS for 24 by 7 Operations and  Monitoring for the Partner Experience Platform PEP for a Period of Three 3 Years]
the,07-Sep-2026 04:00 PM,28-Sep-2026 04:00 PM,29-Sep-2026 04:00 PM,Appointment of 3rd party for outsourcing of manufacturing and marketing of IOC CLEARBLUE for the State of Madhya Pradesh under NFR model under brand of IOC Clearblue,MnC/LUB-23/PT-62/26-27,2026_MKTHO_191306_1,IndianOil||Marketing||Marketing HO||Contract Cell,https://iocletenders.nic.in/nicgep/app?component=%24DirectLink_0&page=FrontEndAdvancedSearchResult&service=direct&session=T&sp=Sp6%2BLC2nQ6zTZlsGJ2tHJSw%3D%3D,[Appointment of 3rd party for outsourcing of manufacturing and marketing of IOC CLEARBLUE for the State of Madhya Pradesh under NFR model under brand of IOC Clearblue]
the,07-Sep-2026 01:10 PM,14-Sep-2026 01:10 PM,15-Sep-2026 01:10 PM,"Development of New WSA Sitapur site with facilities like Sales Building, Canopy, Paver block driveway and other allied civil and electrical works at location NH-24_474_131_RHS_Sitapur_UP District- Lucknow, under Lucknow DO UPSO-I",MnC/NR/UPSO-I/ENG/LT-148/26-27,2026_NRO_191255_1,IndianOil||Marketing||Northern Region Office||Contract Cell,https://iocletenders.nic.in/nicgep/app?component=%24DirectLink_0&page=FrontEndAdvancedSearchResult&service=direct&session=T&sp=SWkdZjrrljmrDeMzDBLpSLw%3D%3D,"[Development of New WSA Sitapur site with facilities like Sales Building, Canopy, Paver block driveway and other allied civil and electrical works at location NH-24_474_131_RHS_Sitapur_UP District- Lucknow, under Lucknow DO UPSO-I]"
the,04-Sep-2026 03:00 PM,18-Sep-2026 03:00 PM,19-Sep-2026 03:00 PM,9030C26D27- Civil and electrical works involves in relocation of the emergency control centre room of Gujarat Refinery.,9030C26D27,2026_JR_191294_1,IndianOil||Refineries||Gujarat Refinery||Contracts,https://iocletenders.nic.in/nicgep/app?component=%24DirectLink_0&page=FrontEndAdvancedSearchResult&service=direct&session=T&sp=Sfi01orNIexTwmn6v%2BzfrAQ%3D%3D,[9030C26D27- Civil and electrical works involves in relocation of the emergency control centre room of Gujarat Refinery.]
the,03-Sep-2026 06:55 PM,10-Sep-2026 06:55 PM,11-Sep-2026 06:55 PM,"Construction of new A site Retail Outlet with facilities like Sales Building, Canopy, Paver block driveway and other allied civil, electrical works at location Kalpetta Town on Bypass Road, District Wayanad under Kozhikode Div Office, Kerala SO",MnC/SR/RSR/LT/116/KESO/2026-27,2026_SROTN_191276_1,IndianOil||Marketing||Southern Region and Tamilnadu State Office||Contracts Cell,https://iocletenders.nic.in/nicgep/app?component=%24DirectLink_0&page=FrontEndAdvancedSearchResult&service=direct&session=T&sp=SWrbIL6JxbEUbaL3h%2BqGcLw%3D%3D,"[Construction of new A site Retail Outlet with facilities like Sales Building, Canopy, Paver block driveway and other allied civil, electrical works at location Kalpetta Town on Bypass Road, District Wayanad under Kozhikode Div Office, Kerala SO]"
the,03-Sep-2026 06:50 PM,14-Sep-2026 05:00 PM,15-Sep-2026 05:00 PM,"Proposal for lining up Rate Contract for emergency repair works such as  pipeline leak, burst, pilferage and other miscellaneous maintenance  activities in mainline jurisdiction for BKPL stations into 3 Groups   Group A PHBPL Barauni ",ERKLC2653,2026_ERKLK_191194_1,IndianOil||Pipelines||ERPL Kolkata||Materials,https://iocletenders.nic.in/nicgep/app?component=%24DirectLink_0&page=FrontEndAdvancedSearchResult&service=direct&session=T&sp=Spw9LOZ0GW5ZF4UPknDbY6Q%3D%3D,"[Proposal for lining up Rate Contract for emergency repair works such as  pipeline leak, burst, pilferage and other miscellaneous maintenance  activities in mainline jurisdiction for BKPL stations into 3 Groups   Group A PHBPL Barauni ]"
the,03-Sep-2026 06:50 PM,14-Sep-2026 05:00 PM,15-Sep-2026 05:00 PM,"Proposal for lining up Rate Contract for emergency repair works such as pipeline leak, burst, pilferage and other miscellaneous maintenance activities in mainline jurisdiction for BKPL stations into 3 Groups Group C ERPL Jasidih",ERKLC2653,2026_ERKLK_191194_3,IndianOil||Pipelines||ERPL Kolkata||Materials,https://iocletenders.nic.in/nicgep/app?component=%24DirectLink_0&page=FrontEndAdvancedSearchResult&service=direct&session=T&sp=SMqMQEIfEZRFbF9m%2B4SfP8w%3D%3D,"[Proposal for lining up Rate Contract for emergency repair works such as pipeline leak, burst, pilferage and other miscellaneous maintenance activities in mainline jurisdiction for BKPL stations into 3 Groups Group C ERPL Jasidih]"
the,03-Sep-2026 06:50 PM,14-Sep-2026 05:00 PM,15-Sep-2026 05:00 PM,"Proposal for lining up Rate Contract for emergency repair works such as pipeline leak, burst, pilferage and other miscellaneous maintenance activities in mainline jurisdiction for BKPL stations into 3 Groups Group B BKPL Barauni",ERKLC2653,2026_ERKLK_191194_2,IndianOil||Pipelines||ERPL Kolkata||Materials,https://iocletenders.nic.in/nicgep/app?component=%24DirectLink_0&page=FrontEndAdvancedSearchResult&service=direct&session=T&sp=SpqUnJ9p%2B9qRMZoCYdoNxxA%3D%3D,"[Proposal for lining up Rate Contract for emergency repair works such as pipeline leak, burst, pilferage and other miscellaneous maintenance activities in mainline jurisdiction for BKPL stations into 3 Groups Group B BKPL Barauni]"
the,03-Sep-2026 05:00 PM,10-Sep-2026 05:00 PM,11-Sep-2026 05:00 PM,"MnC/SR/BNR/LT/107/KESO/2026-27 Construction of new  A Site Retail Outlet with facilities like Sales Building, Canopy, Paver block driveway and other allied civil  electrical works at location Kozhikode City 1 , Chelavoor on CWRDM Road in Kozhikode",MnC/SR/BNR/LT/107/KESO/2026-27,2026_SROTN_191235_1,IndianOil||Marketing||Southern Region and Tamilnadu State Office||Contracts Cell,https://iocletenders.nic.in/nicgep/app?component=%24DirectLink_0&page=FrontEndAdvancedSearchResult&service=direct&session=T&sp=SOeTFSdhbBV6FLyotlWGM5w%3D%3D,"[MnC/SR/BNR/LT/107/KESO/2026-27 Construction of new  A Site Retail Outlet with facilities like Sales Building, Canopy, Paver block driveway and other allied civil  electrical works at location Kozhikode City 1 , Chelavoor on CWRDM Road in Kozhikode]"
the,03-Sep-2026 03:00 PM,17-Sep-2026 03:00 PM,19-Sep-2026 03:30 PM,Repair of road works at Cluster - 10 and 12 and at miscellaneous damaged locations at Haldia Refinery Township for the year 2026-2027,9040C26C67,2026_HR_191268_1,IndianOil||Refineries||Haldia Refinery||Contracts,https://iocletenders.nic.in/nicgep/app?component=%24DirectLink_0&page=FrontEndAdvancedSearchResult&service=direct&session=T&sp=SzN4aOUqCS1pvxpuEWiIe3Q%3D%3D,[Repair of road works at Cluster - 10 and 12 and at miscellaneous damaged locations at Haldia Refinery Township for the year 2026-2027]
the,02-Sep-2026 04:15 PM,09-Sep-2026 04:15 PM,10-Sep-2026 04:15 PM,Construction of new A Site RO with facilities like Sales Building Canopy Paver block driveway and other allied civil and electrical works at location From Kayamkulam Police Station to Chettikulangara Bhagavathi Temple on SH Alappuzha under Cochin DO ,MnC/SR/AR/LT/110/KESO/2026-27,2026_SROTN_191243_1,IndianOil||Marketing||Southern Region and Tamilnadu State Office||Contracts Cell,https://iocletenders.nic.in/nicgep/app?component=%24DirectLink_0&page=FrontEndAdvancedSearchResult&service=direct&session=T&sp=SdCX3Uh2PTZcRLokF%2B6kVtw%3D%3D,[Construction of new A Site RO with facilities like Sales Building Canopy Paver block driveway and other allied civil and electrical works at location From Kayamkulam Police Station to Chettikulangara Bhagavathi Temple on SH Alappuzha under Cochin DO ]
the,02-Sep-2026 03:00 PM,09-Sep-2026 03:00 PM,10-Sep-2026 03:00 PM,"Construction of new A Site Retail Outlet with facilities like Sales Building, Canopy, Paver block driveway and other allied civil and electrical works at location From Kulathur Junction to Calicut Airport within Kondotty Municipal Limits, KESO",MnC/SR/RS/LT/105/KESO/2026-27,2026_SROTN_191226_1,IndianOil||Marketing||Southern Region and Tamilnadu State Office||Contracts Cell,https://iocletenders.nic.in/nicgep/app?component=%24DirectLink_0&page=FrontEndAdvancedSearchResult&service=direct&session=T&sp=SiQPLWpmLm%2FJq2MP85YnlzA%3D%3D,"[Construction of new A Site Retail Outlet with facilities like Sales Building, Canopy, Paver block driveway and other allied civil and electrical works at location From Kulathur Junction to Calicut Airport within Kondotty Municipal Limits, KESO]"
the,02-Sep-2026 03:00 PM,09-Sep-2026 02:00 PM,10-Sep-2026 03:00 PM,"Construction of new A Site Retail Outlet with facilities like Sales Building, Canopy, Paver block driveway and other allied civil and electrical works at location Between Adoor High School Jn. and Pazhakulam on State Highway 5, District, Pathanamthit",MnC/SR/RS/LT/104/KESO/2026-27,2026_SROTN_191257_1,IndianOil||Marketing||Southern Region and Tamilnadu State Office||Contracts Cell,https://iocletenders.nic.in/nicgep/app?component=%24DirectLink_0&page=FrontEndAdvancedSearchResult&service=direct&session=T&sp=SG0ybrZMAZ%2FKCFXg09b%2FPww%3D%3D,"[Construction of new A Site Retail Outlet with facilities like Sales Building, Canopy, Paver block driveway and other allied civil and electrical works at location Between Adoor High School Jn. and Pazhakulam on State Highway 5, District, Pathanamthit]"
the,31-Aug-2026 03:00 PM,14-Sep-2026 03:00 PM,16-Sep-2026 04:00 PM,DRE226B075 Rubber lining and FRP jobs in DM Plant Acid Storage units and Other requirement units In DR,DRE226B075,2026_AOD_191219_1,IndianOil||Refineries||AOD Digboi||Contracts Section,https://iocletenders.nic.in/nicgep/app?component=%24DirectLink_0&page=FrontEndAdvancedSearchResult&service=direct&session=T&sp=Sh8a35AqBsg5E92Bli71%2BrA%3D%3D,[DRE226B075 Rubber lining and FRP jobs in DM Plant Acid Storage units and Other requirement units In DR]
the,31-Aug-2026 10:00 AM,09-Sep-2026 03:00 PM,10-Sep-2026 03:00 PM,"9030C26D45 Supply of Cooling Water Treatment Chemicals, along with treatment, monitoring, and operation of the Cooling Tower, and operation of Fire Water Pump House at the Oxo Acrylate Complex ,Dumad, Gujarat Refinery, Vadodara.",9030C26D45,2026_JR_191207_1,IndianOil||Refineries||Gujarat Refinery||Contracts,https://iocletenders.nic.in/nicgep/app?component=%24DirectLink_0&page=FrontEndAdvancedSearchResult&service=direct&session=T&sp=SpciLO869hGu7845j7FSgfw%3D%3D,"[9030C26D45 Supply of Cooling Water Treatment Chemicals, along with treatment, monitoring, and operation of the Cooling Tower, and operation of Fire Water Pump House at the Oxo Acrylate Complex ,Dumad, Gujarat Refinery, Vadodara.]"
the,27-Aug-2026 06:30 PM,17-Sep-2026 02:30 PM,18-Sep-2026 03:00 PM,"INSTALLATION OF 8.625 INCH OD, 4.3 KM (APPROX.) CROSS COUNTRY PIPELINE and ASSOCIATED COMBINED STATION WORKS AT IOCL WILLINGDON ISLAND TERMINAL AND SNC NORTH JETTY UNDER KOCHI HFHSD PIPELINE PROJECT.",PLCC/Kochi HFHSD PL/others/26059,2026_PLHO_191172_1,IndianOil||Pipelines||Pipelines HO||Contracts,https://iocletenders.nic.in/nicgep/app?component=%24DirectLink_0&page=FrontEndAdvancedSearchResult&service=direct&session=T&sp=SasvGQEWKHc94ZKzdU8GPqA%3D%3D,"[INSTALLATION OF 8.625 INCH OD, 4.3 KM (APPROX.) CROSS COUNTRY PIPELINE and ASSOCIATED COMBINED STATION WORKS AT IOCL WILLINGDON ISLAND TERMINAL AND SNC NORTH JETTY UNDER KOCHI HFHSD PIPELINE PROJECT.]"
the,19-Aug-2026 06:00 PM,16-Sep-2026 03:00 PM,17-Sep-2026 03:00 PM,Scale up study for the synthesis of Salicylic Acid in different scales Bench Scale Pilot Scale DemonstrationScale or any combination thereof using external vendor facility,9400C26A65,2026_RND_191038_1,IndianOil||Research and  Development||Contract Cell,https://iocletenders.nic.in/nicgep/app?component=%24DirectLink_0&page=FrontEndAdvancedSearchResult&service=direct&session=T&sp=S2jQweahOWVNj0Zj%2BE6WE1A%3D%3D,[Scale up study for the synthesis of Salicylic Acid in different scales Bench Scale Pilot Scale DemonstrationScale or any combination thereof using external vendor facility]
the,19-Aug-2026 02:00 PM,11-Sep-2026 02:00 PM,12-Sep-2026 02:00 PM,Public Tender from the transporters for induction of packed transportation truck for Madurai BP under Tamil Nadu State Office,MnC/SR/RIM/PT/108/TNSO/2026-27,2026_SROTN_191042_1,IndianOil||Marketing||Southern Region and Tamilnadu State Office||Contracts Cell,https://iocletenders.nic.in/nicgep/app?component=%24DirectLink_0&page=FrontEndAdvancedSearchResult&service=direct&session=T&sp=Sp%2Bu0Lmy2NX%2FjmNaiGxIyVA%3D%3D,[Public Tender from the transporters for induction of packed transportation truck for Madurai BP under Tamil Nadu State Office]
the,06-Mar-2026 05:00 PM,22-Sep-2026 03:00 PM,23-Sep-2026 03:00 PM,"SPN/C077-000-LA-T-9502/03 - PROJECT MANAGEMENT CONSULTANCY SERVICES (PMC-3) FOR CUMENE AND PHENOL UNITS FOR THE PARADIP PETROCHEMICAL COMPLEX (PDPC) PROJECT OF INDIAN OIL CORPORATION LIMITED AT PARADIP, ODISHA",SPN/C077-000-LA-T-9502/03,2026_REFHQ_189208_1,IndianOil||Refineries||Refineries HQ||Project - PMC||PDPC-PMC-2,https://iocletenders.nic.in/nicgep/app?component=%24DirectLink_0&page=FrontEndAdvancedSearchResult&service=direct&session=T&sp=Sl%2Bbqo6maKiWn1%2BgrM0coMA%3D%3D,"[SPN/C077-000-LA-T-9502/03 - PROJECT MANAGEMENT CONSULTANCY SERVICES (PMC-3) FOR CUMENE AND PHENOL UNITS FOR THE PARADIP PETROCHEMICAL COMPLEX (PDPC) PROJECT OF INDIAN OIL CORPORATION LIMITED AT PARADIP, ODISHA]"
commissioning,08-Sep-2026 03:20 PM,15-Sep-2026 03:20 PM,16-Sep-2026 03:20 PM,"FABRICATION, ERECTION, TESTING AND COMMISSIONING OF MECHANICAL PIPING(SS_GI_MS) FOR FOAM FEEDING THROUGH FOAM TROLLEY BANK AND ALLIED WORKS AT CHITTORGARH TERMINAL UNDER RSO.",MnC/NR/RSO/ENG/LT-158/26-27,2026_NRO_191327_1,IndianOil||Marketing||Northern Region Office||Contract Cell,https://iocletenders.nic.in/nicgep/app?component=%24DirectLink_0&page=FrontEndAdvancedSearchResult&service=direct&session=T&sp=SbJJPMFOkDaxozt%2FZUZyJrw%3D%3D,"[FABRICATION, ERECTION, TESTING AND COMMISSIONING OF MECHANICAL PIPING(SS_GI_MS) FOR FOAM FEEDING THROUGH FOAM TROLLEY BANK AND ALLIED WORKS AT CHITTORGARH TERMINAL UNDER RSO.]"
commissioning,08-Sep-2026 12:00 PM,15-Sep-2026 12:00 PM,16-Sep-2026 12:00 PM,"WORK OF SUPPLY, FABRICATION, TRANSPORTATION,   ERECTION and COMMISSIONING OF STRUCTURAL STEEL CANOPIES AT 06 ROS/KSKS UNDER BHOPAL DIVISIONAL OFFICE OF MADHYA PRADESH STATE OFFICE",WRMC/2026-27/LT/331,2026_WRO_191325_1,IndianOil||Marketing||Western Region Office||Contracts Cell,https://iocletenders.nic.in/nicgep/app?component=%24DirectLink_0&page=FrontEndAdvancedSearchResult&service=direct&session=T&sp=SmLg%2BrX2s3Qxh57evKnOe1Q%3D%3D,"[WORK OF SUPPLY, FABRICATION, TRANSPORTATION,   ERECTION and COMMISSIONING OF STRUCTURAL STEEL CANOPIES AT 06 ROS/KSKS UNDER BHOPAL DIVISIONAL OFFICE OF MADHYA PRADESH STATE OFFICE]"
commissioning,07-Sep-2026 05:00 PM,21-Sep-2026 05:00 PM,22-Sep-2026 05:00 PM,Combined Station Works for installation and commissioning of HT panel at NRPL Ambala,PNP26075,2026_NRPNP_191322_1,IndianOil||Pipelines||NRPL Panipat||Materials,https://iocletenders.nic.in/nicgep/app?component=%24DirectLink_0&page=FrontEndAdvancedSearchResult&service=direct&session=T&sp=S3c24uECAV891lu0ojMMwUg%3D%3D,[Combined Station Works for installation and commissioning of HT panel at NRPL Ambala]
commissioning,02-Sep-2026 04:15 PM,09-Sep-2026 04:15 PM,10-Sep-2026 04:15 PM,"Supply, Installation, Testing and Commissioning of 11 KV Substation, DG Set with interconnections Cables and Allied works at NFR Facilities at Location WSA Site at DAK9-Gurdaspur-Katra-Pkg14 -439_450-RHS-JK District Kathua, JK under Jammu DO PSO",MnC/NR/PSO/ENG/LT-146/26-27,2026_NRO_191264_1,IndianOil||Marketing||Northern Region Office||Contract Cell,https://iocletenders.nic.in/nicgep/app?component=%24DirectLink_0&page=FrontEndAdvancedSearchResult&service=direct&session=T&sp=SCSDXWTXsRYAARVnVzvMeQw%3D%3D,"[Supply, Installation, Testing and Commissioning of 11 KV Substation, DG Set with interconnections Cables and Allied works at NFR Facilities at Location WSA Site at DAK9-Gurdaspur-Katra-Pkg14 -439_450-RHS-JK District Kathua, JK under Jammu DO PSO]"
commissioning,02-Sep-2026 12:55 PM,09-Sep-2026 12:55 PM,10-Sep-2026 12:55 PM,"Supply, Installation, Testing and Commissioning of 11 KV Substation, DG Set with interconnections Cables and Allied works at NFR Facilities at Location WSA Site at DAK9 Gurdaspur-Katra-Pkg14-439 450-LHS-JK District Kathua, JK under Jammu DO PSO",MnC/NR/PSO/ENG/LT-145/26-27,2026_NRO_191252_1,IndianOil||Marketing||Northern Region Office||Contract Cell,https://iocletenders.nic.in/nicgep/app?component=%24DirectLink_0&page=FrontEndAdvancedSearchResult&service=direct&session=T&sp=StdndV%2FbMHfszn4GGsL9acw%3D%3D,"[Supply, Installation, Testing and Commissioning of 11 KV Substation, DG Set with interconnections Cables and Allied works at NFR Facilities at Location WSA Site at DAK9 Gurdaspur-Katra-Pkg14-439 450-LHS-JK District Kathua, JK under Jammu DO PSO]"
commissioning,01-Sep-2026 06:30 PM,15-Sep-2026 03:00 PM,17-Sep-2026 03:30 PM,"Supply, installation and commissioning of Open Air (Outdoor) Gym equipment at Haldia Refinery Township",9040C26C63,2026_HR_191251_1,IndianOil||Refineries||Haldia Refinery||Contracts,https://iocletenders.nic.in/nicgep/app?component=%24DirectLink_0&page=FrontEndAdvancedSearchResult&service=direct&session=T&sp=SXAiqqOeKNCfqFMrI6MRgYA%3D%3D,"[Supply, installation and commissioning of Open Air (Outdoor) Gym equipment at Haldia Refinery Township]"
commissioning,01-Sep-2026 04:30 PM,15-Sep-2026 04:30 PM,16-Sep-2026 04:30 PM,"Supply, Installation, Testing and Commissioning of AC Interference mitigation measures for 681 Km of WRPL Pipelines Gp01 Chaksu to Mathura",PWRJT26508,2026_WRRAJ_190881_1,IndianOil||Pipelines||WRPL Rajkot||Technical Services,https://iocletenders.nic.in/nicgep/app?component=%24DirectLink_0&page=FrontEndAdvancedSearchResult&service=direct&session=T&sp=SPnjMkgo7cfFcxDaMZ5gQ8A%3D%3D,"[Supply, Installation, Testing and Commissioning of AC Interference mitigation measures for 681 Km of WRPL Pipelines Gp01 Chaksu to Mathura]"
commissioning,01-Sep-2026 04:30 PM,15-Sep-2026 04:30 PM,16-Sep-2026 04:30 PM,"Supply, Installation, Testing and Commissioning of AC Interference mitigation measures for 681 Km of WRPL Pipelines. Gp02 Abu Road to Kot",PWRJT26508,2026_WRRAJ_190881_2,IndianOil||Pipelines||WRPL Rajkot||Technical Services,https://iocletenders.nic.in/nicgep/app?component=%24DirectLink_0&page=FrontEndAdvancedSearchResult&service=direct&session=T&sp=SZuKCdMasfZc%2Fh%2FXP39D6OQ%3D%3D,"[Supply, Installation, Testing and Commissioning of AC Interference mitigation measures for 681 Km of WRPL Pipelines. Gp02 Abu Road to Kot]"
commissioning,27-Aug-2026 03:00 PM,15-Sep-2026 03:00 PM,16-Sep-2026 03:00 PM,"Design, Engineering, Supply, Boring, Installation, Testing and commissioning of Deep Tube Well (5 nos.) by DTH method along with 01 No. Iron removal filter plant (40000 LPH) for providing reliable groundwater-based water supply system ",9010C26B24,2026_GR_191163_1,IndianOil||Refineries||Guwahati Refinery||Contracts,https://iocletenders.nic.in/nicgep/app?component=%24DirectLink_0&page=FrontEndAdvancedSearchResult&service=direct&session=T&sp=SuC0q0Rm52YcrviQdav2I%2Fg%3D%3D,"[Design, Engineering, Supply, Boring, Installation, Testing and commissioning of Deep Tube Well (5 nos.) by DTH method along with 01 No. Iron removal filter plant (40000 LPH) for providing reliable groundwater-based water supply system ]"
commissioning,26-Aug-2026 03:00 PM,11-Sep-2026 03:00 PM,12-Sep-2026 03:00 PM,"Onsite Electrical and Instrumentation Integration Works and Commissioning Support for Augmentation of Existing LCNG Station at Vizag-Parwada, Andhra Pradesh as per IOCL Scope of Work and Tender Terms and Conditions",CRYO_LT_IC2627007,2026_IBPN_191133_1,IndianOil||Marketing||IBP Nashik||Materials,https://iocletenders.nic.in/nicgep/app?component=%24DirectLink_0&page=FrontEndAdvancedSearchResult&service=direct&session=T&sp=S0e1hsSdhi37t8lEKPnCKYg%3D%3D,"[Onsite Electrical and Instrumentation Integration Works and Commissioning Support for Augmentation of Existing LCNG Station at Vizag-Parwada, Andhra Pradesh as per IOCL Scope of Work and Tender Terms and Conditions]"
commissioning,25-Aug-2026 04:00 PM,15-Sep-2026 02:30 PM,16-Sep-2026 03:00 PM,"Design, Engineering, Supply, Installation, Testing and Commissioning of Fire alarm detection system along with Additional Instrumentation for HRPL locations",PLCC/HRPL Fire alarm system/T and I/26060,2026_PLHO_191135_1,IndianOil||Pipelines||Pipelines HO||Contracts,https://iocletenders.nic.in/nicgep/app?component=%24DirectLink_0&page=FrontEndAdvancedSearchResult&service=direct&session=T&sp=S9KykSqxAwrar6CnOMQNAtQ%3D%3D,"[Design, Engineering, Supply, Installation, Testing and Commissioning of Fire alarm detection system along with Additional Instrumentation for HRPL locations]"
commissioning,21-Aug-2026 04:00 PM,11-Sep-2026 04:00 PM,12-Sep-2026 04:00 PM,"FABRICATION, ERECTION, TESTING AND COMMISSIONING OF 24 INCHES ABOVE-GROUND VLSFO DOCK LINE INCLUDING UTILIZATION OF EXISTING LPG PIPELINE SUPPORT STRUCTURES, CONSTRUCTION OF NEW PIPE SUPPORTS, FOUNDATIONS AND ALLIED CIVIL WORKS AT KANDLA PORT ",WRMC/2026-27/PT/280,2026_WRO_191096_1,IndianOil||Marketing||Western Region Office||Contracts Cell,https://iocletenders.nic.in/nicgep/app?component=%24DirectLink_0&page=FrontEndAdvancedSearchResult&service=direct&session=T&sp=SBorW3BI4A0RsUouO9A%2FxOw%3D%3D,"[FABRICATION, ERECTION, TESTING AND COMMISSIONING OF 24 INCHES ABOVE-GROUND VLSFO DOCK LINE INCLUDING UTILIZATION OF EXISTING LPG PIPELINE SUPPORT STRUCTURES, CONSTRUCTION OF NEW PIPE SUPPORTS, FOUNDATIONS AND ALLIED CIVIL WORKS AT KANDLA PORT ]"
commissioning,21-Aug-2026 12:45 PM,17-Sep-2026 12:45 PM,18-Sep-2026 12:45 PM,"Design, supply, installation, testing and commissioning of IP Based CCTV Surveillance System along with associated works at Jodhpur Terminal Under Rajasthan State Office.",MnC/NR/RSO/ENG/PT-93/26-27,2026_NRO_191072_1,IndianOil||Marketing||Northern Region Office||Contract Cell,https://iocletenders.nic.in/nicgep/app?component=%24DirectLink_0&page=FrontEndAdvancedSearchResult&service=direct&session=T&sp=SEtBcTEA8GAOOKIzcLAQ%2BSg%3D%3D,"[Design, supply, installation, testing and commissioning of IP Based CCTV Surveillance System along with associated works at Jodhpur Terminal Under Rajasthan State Office.]"
commissioning,20-Aug-2026 05:00 PM,10-Sep-2026 05:00 PM,11-Sep-2026 05:00 PM,Raze and rebuilt of existing TLF gantry Fabrication erection and commissioning of Product piping Loading and unloading product pump manifold Fire water network Sprinkler system for existing tanks and Railway Siding area HVLR system Foam System Nozzle,MnC/ENG-6/PT-46/26-27,2026_MKTHO_190920_1,IndianOil||Marketing||Marketing HO||Contract Cell,https://iocletenders.nic.in/nicgep/app?component=%24DirectLink_0&page=FrontEndAdvancedSearchResult&service=direct&session=T&sp=SJ4ByAJ4sjYDOiZiarLVsRg%3D%3D,[Raze and rebuilt of existing TLF gantry Fabrication erection and commissioning of Product piping Loading and unloading product pump manifold Fire water network Sprinkler system for existing tanks and Railway Siding area HVLR system Foam System Nozzle]
commissioning,19-Aug-2026 05:00 PM,09-Sep-2026 02:30 PM,10-Sep-2026 03:00 PM,"Design, Supply, Installation, Customization, Calibration, Testing and Commissioning of Optical Fiber based Pipeline Intrusion Detection and Warning System (PIDWS) in Koyali Ahmednagar Solapur Pipeline (KASPL) and Kot-Jodhpur Pipeline with 5 years AMC",PLCC/PIDWS/TI/26052,2026_PLHO_191027_1,IndianOil||Pipelines||Pipelines HO||Contracts,https://iocletenders.nic.in/nicgep/app?component=%24DirectLink_0&page=FrontEndAdvancedSearchResult&service=direct&session=T&sp=SfVUlx8Hu77xuyjrPynq%2Btw%3D%3D,"[Design, Supply, Installation, Customization, Calibration, Testing and Commissioning of Optical Fiber based Pipeline Intrusion Detection and Warning System (PIDWS) in Koyali Ahmednagar Solapur Pipeline (KASPL) and Kot-Jodhpur Pipeline with 5 years AMC]"
commissioning,18-Aug-2026 06:00 PM,09-Sep-2026 05:00 PM,10-Sep-2026 05:00 PM,"Supply Installation, Testing and Commissioning of Biometric Attendance System at ERPL Siliguri including 3 (Three) Years Comprehensive Annual Maintenance Contract",ERKLC2656,2026_ERKLK_191021_1,IndianOil||Pipelines||ERPL Kolkata||Materials,https://iocletenders.nic.in/nicgep/app?component=%24DirectLink_0&page=FrontEndAdvancedSearchResult&service=direct&session=T&sp=SPczUDvvea6d0ieN58X1JIw%3D%3D,"[Supply Installation, Testing and Commissioning of Biometric Attendance System at ERPL Siliguri including 3 (Three) Years Comprehensive Annual Maintenance Contract]"
commissioning,06-Aug-2026 05:00 PM,10-Sep-2026 03:00 PM,11-Sep-2026 03:00 PM,COMPOSITE WORKS COMPRISING MECHANICAL PIPING STRUCTURAL AND CIVIL FOUNDATION WORKS IN PRE SHUTDOWN AND SHUTDOWN PHASES ALONG WITH MANPOWER ASSISTANCE FOR PRE COMMISSIONING AND COMMISSIONING ACTIVITIES FOR DR 1 EXPANSION PROJECT AT DIGBOI REFINERY,TP/214227C/T/28,2026_REFHQ_190883_1,IndianOil||Refineries||Refineries HQ||Project - PMC||Digboi-DR 1.0 Expansion||Project Group,https://iocletenders.nic.in/nicgep/app?component=%24DirectLink_0&page=FrontEndAdvancedSearchResult&service=direct&session=T&sp=ScWsP5QGqxVlzqdSBUG4zxg%3D%3D,[COMPOSITE WORKS COMPRISING MECHANICAL PIPING STRUCTURAL AND CIVIL FOUNDATION WORKS IN PRE SHUTDOWN AND SHUTDOWN PHASES ALONG WITH MANPOWER ASSISTANCE FOR PRE COMMISSIONING AND COMMISSIONING ACTIVITIES FOR DR 1 EXPANSION PROJECT AT DIGBOI REFINERY]
package,04-Sep-2026 04:30 PM,15-Sep-2026 05:00 PM,16-Sep-2026 05:00 PM,"Expert Supervision Services Towards Major Overhauling, Maintenance and Troubleshooting of Multistage Centrifugal CCR RGC compressor package and Multistage HHP Drive Turbine along with Maintenance and Testing of GIMPEL Valve at Paradip Refinery",9070C26C18,2026_PDR_191300_1,IndianOil||Refineries||Paradip Refinery||Contracts,https://iocletenders.nic.in/nicgep/app?component=%24DirectLink_0&page=FrontEndAdvancedSearchResult&service=direct&session=T&sp=Slw%2BoeAhLt%2FWeywmTOBBvXA%3D%3D,"[Expert Supervision Services Towards Major Overhauling, Maintenance and Troubleshooting of Multistage Centrifugal CCR RGC compressor package and Multistage HHP Drive Turbine along with Maintenance and Testing of GIMPEL Valve at Paradip Refinery]"
package,02-Sep-2026 03:00 PM,12-Sep-2026 06:00 PM,14-Sep-2026 03:00 PM,Procurement of additive package ST1694and ST6038 Or ST1663 and ST6102 Or ST1685and ST6017,MnC/LUB-31/LT-40/26-27,2026_MKTHO_191215_1,IndianOil||Marketing||Marketing HO||Contract Cell,https://iocletenders.nic.in/nicgep/app?component=%24DirectLink_0&page=FrontEndAdvancedSearchResult&service=direct&session=T&sp=SNxwc%2FgHLZRsuLlgld%2F91uQ%3D%3D,[Procurement of additive package ST1694and ST6038 Or ST1663 and ST6102 Or ST1685and ST6017]
package,01-Sep-2026 06:35 PM,11-Sep-2026 06:35 PM,12-Sep-2026 06:35 PM,Proc of additive package,MnC/LUB-32/LT-41/26-27,2026_MKTHO_191247_1,IndianOil||Marketing||Marketing HO||Contract Cell,https://iocletenders.nic.in/nicgep/app?component=%24DirectLink_0&page=FrontEndAdvancedSearchResult&service=direct&session=T&sp=SUxVQMVrzezLOpxR3wDytNQ%3D%3D,[Proc of additive package]
package,27-Aug-2026 04:00 PM,09-Sep-2026 04:00 PM,10-Sep-2026 04:00 PM,Procurement of additive package  ST1617 Or ST1772 plus ST4574 Or ST1774,MnC/LUB-30/LT-39/26-27,2026_MKTHO_191166_1,IndianOil||Marketing||Marketing HO||Contract Cell,https://iocletenders.nic.in/nicgep/app?component=%24DirectLink_0&page=FrontEndAdvancedSearchResult&service=direct&session=T&sp=SYNeLxZGJqh8nQ0dyHvI7Cw%3D%3D,[Procurement of additive package  ST1617 Or ST1772 plus ST4574 Or ST1774]
spares,08-Sep-2026 06:00 PM,21-Sep-2026 03:30 PM,22-Sep-2026 03:30 PM,"Supply of Spares and Consumables for CFR RON, MON and Cetane  Engines",N1JB26022,2026_BGR_191338_1,IndianOil||Refineries||Bongaigaon Refinery||Indenter,https://iocletenders.nic.in/nicgep/app?component=%24DirectLink_0&page=FrontEndAdvancedSearchResult&service=direct&session=T&sp=SvP9asEl%2BecPOQvApvW7d6w%3D%3D,"[Supply of Spares and Consumables for CFR RON, MON and Cetane  Engines]"
spares,04-Sep-2026 06:00 PM,11-Sep-2026 03:00 PM,12-Sep-2026 03:00 PM,"Procurement of Capital Spares of 057-K-002A/B (RGC) and 057-K-003A/B (H2 makeup compressor), NHGU at IOCL Paradip Refinery",9070M26E61,2026_PDR_191297_1,IndianOil||Refineries||Paradip Refinery||Materials,https://iocletenders.nic.in/nicgep/app?component=%24DirectLink_0&page=FrontEndAdvancedSearchResult&service=direct&session=T&sp=S4%2Bf371dw2NQxvqJtrMKpzg%3D%3D,"[Procurement of Capital Spares of 057-K-002A/B (RGC) and 057-K-003A/B (H2 makeup compressor), NHGU at IOCL Paradip Refinery]"
spares,04-Sep-2026 06:00 PM,11-Sep-2026 03:00 PM,12-Sep-2026 03:00 PM,"Procurement of Capital Spare, Complete Trip and Throttle valve  (Make   Siemens Energy Industrial Turbomachinery India Private Limited) of WGC Turbine as per Insurance spares guideline rotary 2025 26 at IOCL Paradip Refinery",9070M26F67,2026_PDR_191304_1,IndianOil||Refineries||Paradip Refinery||Materials,https://iocletenders.nic.in/nicgep/app?component=%24DirectLink_0&page=FrontEndAdvancedSearchResult&service=direct&session=T&sp=SZw5ULmtuQ9BGZHcSKE5zTQ%3D%3D,"[Procurement of Capital Spare, Complete Trip and Throttle valve  (Make   Siemens Energy Industrial Turbomachinery India Private Limited) of WGC Turbine as per Insurance spares guideline rotary 2025 26 at IOCL Paradip Refinery]"
spares,03-Sep-2026 06:00 PM,10-Sep-2026 03:00 PM,11-Sep-2026 03:00 PM,"Procurement of Insurance spares and consumable spares for 057-K-06, NHGU(2026) at IOCL Paradip Refinery.",9070M26D45,2026_PDR_191288_1,IndianOil||Refineries||Paradip Refinery||Materials,https://iocletenders.nic.in/nicgep/app?component=%24DirectLink_0&page=FrontEndAdvancedSearchResult&service=direct&session=T&sp=SAz4ULG4HN5IGOAVa9VIVfg%3D%3D,"[Procurement of Insurance spares and consumable spares for 057-K-06, NHGU(2026) at IOCL Paradip Refinery.]"
spares,03-Sep-2026 04:00 PM,09-Sep-2026 03:00 PM,10-Sep-2026 03:00 PM,Procurement of spares for 92-K-01A/B of HGU-2,9040M26B25,2026_HR_191285_1,IndianOil||Refineries||Haldia Refinery||Materials,https://iocletenders.nic.in/nicgep/app?component=%24DirectLink_0&page=FrontEndAdvancedSearchResult&service=direct&session=T&sp=Sc0RDM%2Bw5bT4IhwyCbIXuuQ%3D%3D,[Procurement of spares for 92-K-01A/B of HGU-2]
spares,03-Sep-2026 03:00 PM,09-Sep-2026 03:00 PM,10-Sep-2026 03:00 PM,Spares for Compressor 92-K-12 of HGU-2,9040M26A71 AND 9040M26E74,2026_HR_191278_1,IndianOil||Refineries||Haldia Refinery||Materials,https://iocletenders.nic.in/nicgep/app?component=%24DirectLink_0&page=FrontEndAdvancedSearchResult&service=direct&session=T&sp=SRvAYP0fyb8y2eMD87%2F8pTg%3D%3D,[Spares for Compressor 92-K-12 of HGU-2]
spares,02-Sep-2026 06:00 PM,09-Sep-2026 03:00 PM,10-Sep-2026 03:00 PM,Procurement of Igniter spares for 20-F-01 OF VGO HDT unit at IOCL Paradip Refinery,9070M26G29,2026_PDR_191265_1,IndianOil||Refineries||Paradip Refinery||Materials,https://iocletenders.nic.in/nicgep/app?component=%24DirectLink_0&page=FrontEndAdvancedSearchResult&service=direct&session=T&sp=S5UdMsFMEhBlWV0I75%2BQJMA%3D%3D,[Procurement of Igniter spares for 20-F-01 OF VGO HDT unit at IOCL Paradip Refinery]
spares,31-Aug-2026 06:30 PM,15-Sep-2026 03:00 PM,16-Sep-2026 03:00 PM,Procurement of Spares for ROG Compressor(92-K-14),9040M26G24 AND 9040M25I15,2026_HR_191233_1,IndianOil||Refineries||Haldia Refinery||Materials,https://iocletenders.nic.in/nicgep/app?component=%24DirectLink_0&page=FrontEndAdvancedSearchResult&service=direct&session=T&sp=SzmYgpJTjvLxTtMDSlSwZ%2BA%3D%3D,[Procurement of Spares for ROG Compressor(92-K-14)]
spares,29-Aug-2026 12:15 PM,15-Sep-2026 03:00 PM,16-Sep-2026 03:00 PM,Spares of 23-K-101,9040M26D81,2026_HR_191204_1,IndianOil||Refineries||Haldia Refinery||Materials,https://iocletenders.nic.in/nicgep/app?component=%24DirectLink_0&page=FrontEndAdvancedSearchResult&service=direct&session=T&sp=S8paoBGIwTPrxhbiehX54fA%3D%3D,[Spares of 23-K-101]
spares,27-Aug-2026 11:00 AM,10-Sep-2026 03:00 PM,11-Sep-2026 03:30 PM,Procurement of Spares For RFCCU MAB DHDS RGC Turbine,PRMM268073,2026_PR_191116_1,IndianOil||Refineries||Panipat Refinery||Materials,https://iocletenders.nic.in/nicgep/app?component=%24DirectLink_0&page=FrontEndAdvancedSearchResult&service=direct&session=T&sp=S3bVg%2Fh%2B2ek1Okq8egdridw%3D%3D,[Procurement of Spares For RFCCU MAB DHDS RGC Turbine]
spares,20-Aug-2026 05:00 PM,09-Sep-2026 03:00 PM,10-Sep-2026 03:00 PM,Procurement of Spares of Expansion Turbine (96-M-02A/B) of NGU-2,9040M26F36,2026_HR_190906_2,IndianOil||Refineries||Haldia Refinery||Materials,https://iocletenders.nic.in/nicgep/app?component=%24DirectLink_0&page=FrontEndAdvancedSearchResult&service=direct&session=T&sp=SjqepQPkTDkCxlmcJ7wIYxA%3D%3D,[Procurement of Spares of Expansion Turbine (96-M-02A/B) of NGU-2]
spares,23-Jul-2026 03:00 PM,24-Sep-2026 03:00 PM,25-Sep-2026 03:00 PM,spares of Gear box of Tail gas compressor of CCR unit of Paradip Refinery,9070M26E25,2026_PDR_190698_1,IndianOil||Refineries||Paradip Refinery||Materials,https://iocletenders.nic.in/nicgep/app?component=%24DirectLink_0&page=FrontEndAdvancedSearchResult&service=direct&session=T&sp=SsLaOakoMCdboIIESyscc5A%3D%3D,[spares of Gear box of Tail gas compressor of CCR unit of Paradip Refinery]
overhaul,05-Sep-2026 04:00 PM,12-Sep-2026 05:00 PM,14-Sep-2026 05:00 PM,Expert Supervision Services for overhauling or Troubleshooting of Peroni make Pumps at various units of Paradip Refinery,9070C26C82,2026_PDR_191311_1,IndianOil||Refineries||Paradip Refinery||Contracts,https://iocletenders.nic.in/nicgep/app?component=%24DirectLink_0&page=FrontEndAdvancedSearchResult&service=direct&session=T&sp=SwyZ1nNq7bRfd5Ownz5e3LQ%3D%3D,[Expert Supervision Services for overhauling or Troubleshooting of Peroni make Pumps at various units of Paradip Refinery]
overhaul,04-Sep-2026 04:30 PM,15-Sep-2026 05:00 PM,16-Sep-2026 05:00 PM,"Expert Supervision Services Towards Major Overhauling, Maintenance and Troubleshooting of Multistage Centrifugal CCR RGC compressor package and Multistage HHP Drive Turbine along with Maintenance and Testing of GIMPEL Valve at Paradip Refinery",9070C26C18,2026_PDR_191300_1,IndianOil||Refineries||Paradip Refinery||Contracts,https://iocletenders.nic.in/nicgep/app?component=%24DirectLink_0&page=FrontEndAdvancedSearchResult&service=direct&session=T&sp=Slw%2BoeAhLt%2FWeywmTOBBvXA%3D%3D,"[Expert Supervision Services Towards Major Overhauling, Maintenance and Troubleshooting of Multistage Centrifugal CCR RGC compressor package and Multistage HHP Drive Turbine along with Maintenance and Testing of GIMPEL Valve at Paradip Refinery]"
overhaul,29-Aug-2026 12:00 PM,12-Sep-2026 12:00 PM,14-Sep-2026 03:00 PM,"DRE226B076 Annual rate contract for Servicing and overhauling of Transformers at AOD Refinery, Digboi and IOCL DR Township",DRE226B076,2026_AOD_191202_1,IndianOil||Refineries||AOD Digboi||Contracts Section,https://iocletenders.nic.in/nicgep/app?component=%24DirectLink_0&page=FrontEndAdvancedSearchResult&service=direct&session=T&sp=S%2F3KDGpZezR3nXOBOEBPEPg%3D%3D,"[DRE226B076 Annual rate contract for Servicing and overhauling of Transformers at AOD Refinery, Digboi and IOCL DR Township]"
testing,08-Sep-2026 03:20 PM,15-Sep-2026 03:20 PM,16-Sep-2026 03:20 PM,"FABRICATION, ERECTION, TESTING AND COMMISSIONING OF MECHANICAL PIPING(SS_GI_MS) FOR FOAM FEEDING THROUGH FOAM TROLLEY BANK AND ALLIED WORKS AT CHITTORGARH TERMINAL UNDER RSO.",MnC/NR/RSO/ENG/LT-158/26-27,2026_NRO_191327_1,IndianOil||Marketing||Northern Region Office||Contract Cell,https://iocletenders.nic.in/nicgep/app?component=%24DirectLink_0&page=FrontEndAdvancedSearchResult&service=direct&session=T&sp=SbJJPMFOkDaxozt%2FZUZyJrw%3D%3D,"[FABRICATION, ERECTION, TESTING AND COMMISSIONING OF MECHANICAL PIPING(SS_GI_MS) FOR FOAM FEEDING THROUGH FOAM TROLLEY BANK AND ALLIED WORKS AT CHITTORGARH TERMINAL UNDER RSO.]"
testing,07-Sep-2026 05:00 PM,14-Sep-2026 05:00 PM,15-Sep-2026 05:00 PM,"Design, supply, installation, testing of Hydrocarbon vapours detection system at Ahmedabad T Bareja for conversion of one no. of tank into Ethanol under GSO",GSO/ENG/2026-27/LT/06,2026_GSO_191320_1,IndianOil||Marketing||Gujarat State Office||Engineering,https://iocletenders.nic.in/nicgep/app?component=%24DirectLink_0&page=FrontEndAdvancedSearchResult&service=direct&session=T&sp=Sd4peR6w6%2FOtHzlRqWaAmJg%3D%3D,"[Design, supply, installation, testing of Hydrocarbon vapours detection system at Ahmedabad T Bareja for conversion of one no. of tank into Ethanol under GSO]"
testing,04-Sep-2026 04:30 PM,15-Sep-2026 05:00 PM,16-Sep-2026 05:00 PM,"Expert Supervision Services Towards Major Overhauling, Maintenance and Troubleshooting of Multistage Centrifugal CCR RGC compressor package and Multistage HHP Drive Turbine along with Maintenance and Testing of GIMPEL Valve at Paradip Refinery",9070C26C18,2026_PDR_191300_1,IndianOil||Refineries||Paradip Refinery||Contracts,https://iocletenders.nic.in/nicgep/app?component=%24DirectLink_0&page=FrontEndAdvancedSearchResult&service=direct&session=T&sp=Slw%2BoeAhLt%2FWeywmTOBBvXA%3D%3D,"[Expert Supervision Services Towards Major Overhauling, Maintenance and Troubleshooting of Multistage Centrifugal CCR RGC compressor package and Multistage HHP Drive Turbine along with Maintenance and Testing of GIMPEL Valve at Paradip Refinery]"
testing,03-Sep-2026 11:30 AM,17-Sep-2026 05:00 PM,18-Sep-2026 05:00 PM,Nitrogen Purging of Horton Spheres after Statutory Testing at LPG Bottling Plant Tikrikalan,IOCL/DSO/DBP/BB/2026-27/NIC/14,2026_DLSO_191270_1,IndianOil||Marketing||Delhi-Haryana State Office||LPG,https://iocletenders.nic.in/nicgep/app?component=%24DirectLink_0&page=FrontEndAdvancedSearchResult&service=direct&session=T&sp=SYbFPKWEZjrVA0hu9p7DQtg%3D%3D,[Nitrogen Purging of Horton Spheres after Statutory Testing at LPG Bottling Plant Tikrikalan]
testing,02-Sep-2026 04:15 PM,09-Sep-2026 04:15 PM,10-Sep-2026 04:15 PM,"Supply, Installation, Testing and Commissioning of 11 KV Substation, DG Set with interconnections Cables and Allied works at NFR Facilities at Location WSA Site at DAK9-Gurdaspur-Katra-Pkg14 -439_450-RHS-JK District Kathua, JK under Jammu DO PSO",MnC/NR/PSO/ENG/LT-146/26-27,2026_NRO_191264_1,IndianOil||Marketing||Northern Region Office||Contract Cell,https://iocletenders.nic.in/nicgep/app?component=%24DirectLink_0&page=FrontEndAdvancedSearchResult&service=direct&session=T&sp=SCSDXWTXsRYAARVnVzvMeQw%3D%3D,"[Supply, Installation, Testing and Commissioning of 11 KV Substation, DG Set with interconnections Cables and Allied works at NFR Facilities at Location WSA Site at DAK9-Gurdaspur-Katra-Pkg14 -439_450-RHS-JK District Kathua, JK under Jammu DO PSO]"
testing,02-Sep-2026 12:55 PM,09-Sep-2026 12:55 PM,10-Sep-2026 12:55 PM,"Supply, Installation, Testing and Commissioning of 11 KV Substation, DG Set with interconnections Cables and Allied works at NFR Facilities at Location WSA Site at DAK9 Gurdaspur-Katra-Pkg14-439 450-LHS-JK District Kathua, JK under Jammu DO PSO",MnC/NR/PSO/ENG/LT-145/26-27,2026_NRO_191252_1,IndianOil||Marketing||Northern Region Office||Contract Cell,https://iocletenders.nic.in/nicgep/app?component=%24DirectLink_0&page=FrontEndAdvancedSearchResult&service=direct&session=T&sp=StdndV%2FbMHfszn4GGsL9acw%3D%3D,"[Supply, Installation, Testing and Commissioning of 11 KV Substation, DG Set with interconnections Cables and Allied works at NFR Facilities at Location WSA Site at DAK9 Gurdaspur-Katra-Pkg14-439 450-LHS-JK District Kathua, JK under Jammu DO PSO]"
testing,01-Sep-2026 04:30 PM,15-Sep-2026 04:30 PM,16-Sep-2026 04:30 PM,"Supply, Installation, Testing and Commissioning of AC Interference mitigation measures for 681 Km of WRPL Pipelines Gp01 Chaksu to Mathura",PWRJT26508,2026_WRRAJ_190881_1,IndianOil||Pipelines||WRPL Rajkot||Technical Services,https://iocletenders.nic.in/nicgep/app?component=%24DirectLink_0&page=FrontEndAdvancedSearchResult&service=direct&session=T&sp=SPnjMkgo7cfFcxDaMZ5gQ8A%3D%3D,"[Supply, Installation, Testing and Commissioning of AC Interference mitigation measures for 681 Km of WRPL Pipelines Gp01 Chaksu to Mathura]"
testing,01-Sep-2026 04:30 PM,15-Sep-2026 04:30 PM,16-Sep-2026 04:30 PM,"Supply, Installation, Testing and Commissioning of AC Interference mitigation measures for 681 Km of WRPL Pipelines. Gp02 Abu Road to Kot",PWRJT26508,2026_WRRAJ_190881_2,IndianOil||Pipelines||WRPL Rajkot||Technical Services,https://iocletenders.nic.in/nicgep/app?component=%24DirectLink_0&page=FrontEndAdvancedSearchResult&service=direct&session=T&sp=SZuKCdMasfZc%2Fh%2FXP39D6OQ%3D%3D,"[Supply, Installation, Testing and Commissioning of AC Interference mitigation measures for 681 Km of WRPL Pipelines. Gp02 Abu Road to Kot]"
testing,27-Aug-2026 03:00 PM,15-Sep-2026 03:00 PM,16-Sep-2026 03:00 PM,"Design, Engineering, Supply, Boring, Installation, Testing and commissioning of Deep Tube Well (5 nos.) by DTH method along with 01 No. Iron removal filter plant (40000 LPH) for providing reliable groundwater-based water supply system ",9010C26B24,2026_GR_191163_1,IndianOil||Refineries||Guwahati Refinery||Contracts,https://iocletenders.nic.in/nicgep/app?component=%24DirectLink_0&page=FrontEndAdvancedSearchResult&service=direct&session=T&sp=SuC0q0Rm52YcrviQdav2I%2Fg%3D%3D,"[Design, Engineering, Supply, Boring, Installation, Testing and commissioning of Deep Tube Well (5 nos.) by DTH method along with 01 No. Iron removal filter plant (40000 LPH) for providing reliable groundwater-based water supply system ]"
testing,27-Aug-2026 02:00 PM,10-Sep-2026 02:30 PM,11-Sep-2026 03:00 PM,RPRC263369 ARC for maintenance and oil testing of transformers at P25 units of PRPC,9060C26C54,2026_PR_191158_1,IndianOil||Refineries||Panipat Refinery||Contracts,https://iocletenders.nic.in/nicgep/app?component=%24DirectLink_0&page=FrontEndAdvancedSearchResult&service=direct&session=T&sp=SLkthVw07BpaYhmb%2Br7e%2BRA%3D%3D,[RPRC263369 ARC for maintenance and oil testing of transformers at P25 units of PRPC]
testing,25-Aug-2026 04:00 PM,15-Sep-2026 02:30 PM,16-Sep-2026 03:00 PM,"Design, Engineering, Supply, Installation, Testing and Commissioning of Fire alarm detection system along with Additional Instrumentation for HRPL locations",PLCC/HRPL Fire alarm system/T and I/26060,2026_PLHO_191135_1,IndianOil||Pipelines||Pipelines HO||Contracts,https://iocletenders.nic.in/nicgep/app?component=%24DirectLink_0&page=FrontEndAdvancedSearchResult&service=direct&session=T&sp=S9KykSqxAwrar6CnOMQNAtQ%3D%3D,"[Design, Engineering, Supply, Installation, Testing and Commissioning of Fire alarm detection system along with Additional Instrumentation for HRPL locations]"
testing,21-Aug-2026 04:00 PM,11-Sep-2026 04:00 PM,12-Sep-2026 04:00 PM,"FABRICATION, ERECTION, TESTING AND COMMISSIONING OF 24 INCHES ABOVE-GROUND VLSFO DOCK LINE INCLUDING UTILIZATION OF EXISTING LPG PIPELINE SUPPORT STRUCTURES, CONSTRUCTION OF NEW PIPE SUPPORTS, FOUNDATIONS AND ALLIED CIVIL WORKS AT KANDLA PORT ",WRMC/2026-27/PT/280,2026_WRO_191096_1,IndianOil||Marketing||Western Region Office||Contracts Cell,https://iocletenders.nic.in/nicgep/app?component=%24DirectLink_0&page=FrontEndAdvancedSearchResult&service=direct&session=T&sp=SBorW3BI4A0RsUouO9A%2FxOw%3D%3D,"[FABRICATION, ERECTION, TESTING AND COMMISSIONING OF 24 INCHES ABOVE-GROUND VLSFO DOCK LINE INCLUDING UTILIZATION OF EXISTING LPG PIPELINE SUPPORT STRUCTURES, CONSTRUCTION OF NEW PIPE SUPPORTS, FOUNDATIONS AND ALLIED CIVIL WORKS AT KANDLA PORT ]"
testing,21-Aug-2026 12:45 PM,17-Sep-2026 12:45 PM,18-Sep-2026 12:45 PM,"Design, supply, installation, testing and commissioning of IP Based CCTV Surveillance System along with associated works at Jodhpur Terminal Under Rajasthan State Office.",MnC/NR/RSO/ENG/PT-93/26-27,2026_NRO_191072_1,IndianOil||Marketing||Northern Region Office||Contract Cell,https://iocletenders.nic.in/nicgep/app?component=%24DirectLink_0&page=FrontEndAdvancedSearchResult&service=direct&session=T&sp=SEtBcTEA8GAOOKIzcLAQ%2BSg%3D%3D,"[Design, supply, installation, testing and commissioning of IP Based CCTV Surveillance System along with associated works at Jodhpur Terminal Under Rajasthan State Office.]"
testing,19-Aug-2026 05:00 PM,09-Sep-2026 02:30 PM,10-Sep-2026 03:00 PM,"Design, Supply, Installation, Customization, Calibration, Testing and Commissioning of Optical Fiber based Pipeline Intrusion Detection and Warning System (PIDWS) in Koyali Ahmednagar Solapur Pipeline (KASPL) and Kot-Jodhpur Pipeline with 5 years AMC",PLCC/PIDWS/TI/26052,2026_PLHO_191027_1,IndianOil||Pipelines||Pipelines HO||Contracts,https://iocletenders.nic.in/nicgep/app?component=%24DirectLink_0&page=FrontEndAdvancedSearchResult&service=direct&session=T&sp=SfVUlx8Hu77xuyjrPynq%2Btw%3D%3D,"[Design, Supply, Installation, Customization, Calibration, Testing and Commissioning of Optical Fiber based Pipeline Intrusion Detection and Warning System (PIDWS) in Koyali Ahmednagar Solapur Pipeline (KASPL) and Kot-Jodhpur Pipeline with 5 years AMC]"
testing,18-Aug-2026 06:00 PM,09-Sep-2026 05:00 PM,10-Sep-2026 05:00 PM,"Supply Installation, Testing and Commissioning of Biometric Attendance System at ERPL Siliguri including 3 (Three) Years Comprehensive Annual Maintenance Contract",ERKLC2656,2026_ERKLK_191021_1,IndianOil||Pipelines||ERPL Kolkata||Materials,https://iocletenders.nic.in/nicgep/app?component=%24DirectLink_0&page=FrontEndAdvancedSearchResult&service=direct&session=T&sp=SPczUDvvea6d0ieN58X1JIw%3D%3D,"[Supply Installation, Testing and Commissioning of Biometric Attendance System at ERPL Siliguri including 3 (Three) Years Comprehensive Annual Maintenance Contract]"
revamp,04-Sep-2026 05:00 PM,14-Sep-2026 03:00 PM,15-Sep-2026 03:30 PM,"Miscellaneous Piping, Structural, Mechanical, Electrical  Instrumentation Works for RFCCU Revamp under BR 09 Project.",9020C26C76,2026_BR_191309_1,IndianOil||Refineries||Barauni Refinery||Contract,https://iocletenders.nic.in/nicgep/app?component=%24DirectLink_0&page=FrontEndAdvancedSearchResult&service=direct&session=T&sp=SRXHe76FQT51HeWkPTG02SA%3D%3D,"[Miscellaneous Piping, Structural, Mechanical, Electrical  Instrumentation Works for RFCCU Revamp under BR 09 Project.]"
insurance,04-Sep-2026 06:00 PM,11-Sep-2026 03:00 PM,12-Sep-2026 03:00 PM,"Procurement of Capital Spare, Complete Trip and Throttle valve  (Make   Siemens Energy Industrial Turbomachinery India Private Limited) of WGC Turbine as per Insurance spares guideline rotary 2025 26 at IOCL Paradip Refinery",9070M26F67,2026_PDR_191304_1,IndianOil||Refineries||Paradip Refinery||Materials,https://iocletenders.nic.in/nicgep/app?component=%24DirectLink_0&page=FrontEndAdvancedSearchResult&service=direct&session=T&sp=SZw5ULmtuQ9BGZHcSKE5zTQ%3D%3D,"[Procurement of Capital Spare, Complete Trip and Throttle valve  (Make   Siemens Energy Industrial Turbomachinery India Private Limited) of WGC Turbine as per Insurance spares guideline rotary 2025 26 at IOCL Paradip Refinery]"
insurance,03-Sep-2026 06:00 PM,10-Sep-2026 03:00 PM,11-Sep-2026 03:00 PM,"Procurement of Insurance spares and consumable spares for 057-K-06, NHGU(2026) at IOCL Paradip Refinery.",9070M26D45,2026_PDR_191288_1,IndianOil||Refineries||Paradip Refinery||Materials,https://iocletenders.nic.in/nicgep/app?component=%24DirectLink_0&page=FrontEndAdvancedSearchResult&service=direct&session=T&sp=SAz4ULG4HN5IGOAVa9VIVfg%3D%3D,"[Procurement of Insurance spares and consumable spares for 057-K-06, NHGU(2026) at IOCL Paradip Refinery.]"
indigenous,18-Aug-2026 05:00 PM,22-Sep-2026 03:00 PM,23-Sep-2026 03:15 PM,PARAFFINIC MINERAL OIL (Indigenous) for IOCL PNC and Paradip Refinery Units ,RHQMM26425,2026_REFHQ_191033_1,IndianOil||Refineries||Refineries HQ||Materials,https://iocletenders.nic.in/nicgep/app?component=%24DirectLink_0&page=FrontEndAdvancedSearchResult&service=direct&session=T&sp=STJF0cmS60GGUl6NZxzSIhw%3D%3D,[PARAFFINIC MINERAL OIL (Indigenous) for IOCL PNC and Paradip Refinery Units ]
contract,07-Sep-2026 02:00 PM,28-Sep-2026 02:00 PM,29-Sep-2026 02:00 PM,RATE CONTRACT FOR FABRICATION OF 10KL 20KL 50KL 70KL HORIZONTAL TANKS FOR DIVISIONAL OFFICES UNDER GUJARAT STATE OFFICE,WRMC/2026-27/PT/260,2026_WRO_191310_1,IndianOil||Marketing||Western Region Office||Contracts Cell,https://iocletenders.nic.in/nicgep/app?component=%24DirectLink_0&page=FrontEndAdvancedSearchResult&service=direct&session=T&sp=S4JCRW7%2BsobTg0PBzTCjtCA%3D%3D,[RATE CONTRACT FOR FABRICATION OF 10KL 20KL 50KL 70KL HORIZONTAL TANKS FOR DIVISIONAL OFFICES UNDER GUJARAT STATE OFFICE]
contract,03-Sep-2026 06:50 PM,14-Sep-2026 05:00 PM,15-Sep-2026 05:00 PM,"Proposal for lining up Rate Contract for emergency repair works such as  pipeline leak, burst, pilferage and other miscellaneous maintenance  activities in mainline jurisdiction for BKPL stations into 3 Groups   Group A PHBPL Barauni ",ERKLC2653,2026_ERKLK_191194_1,IndianOil||Pipelines||ERPL Kolkata||Materials,https://iocletenders.nic.in/nicgep/app?component=%24DirectLink_0&page=FrontEndAdvancedSearchResult&service=direct&session=T&sp=Spw9LOZ0GW5ZF4UPknDbY6Q%3D%3D,"[Proposal for lining up Rate Contract for emergency repair works such as  pipeline leak, burst, pilferage and other miscellaneous maintenance  activities in mainline jurisdiction for BKPL stations into 3 Groups   Group A PHBPL Barauni ]"
contract,03-Sep-2026 06:50 PM,14-Sep-2026 05:00 PM,15-Sep-2026 05:00 PM,"Proposal for lining up Rate Contract for emergency repair works such as pipeline leak, burst, pilferage and other miscellaneous maintenance activities in mainline jurisdiction for BKPL stations into 3 Groups Group C ERPL Jasidih",ERKLC2653,2026_ERKLK_191194_3,IndianOil||Pipelines||ERPL Kolkata||Materials,https://iocletenders.nic.in/nicgep/app?component=%24DirectLink_0&page=FrontEndAdvancedSearchResult&service=direct&session=T&sp=SMqMQEIfEZRFbF9m%2B4SfP8w%3D%3D,"[Proposal for lining up Rate Contract for emergency repair works such as pipeline leak, burst, pilferage and other miscellaneous maintenance activities in mainline jurisdiction for BKPL stations into 3 Groups Group C ERPL Jasidih]"
contract,03-Sep-2026 06:50 PM,14-Sep-2026 05:00 PM,15-Sep-2026 05:00 PM,"Proposal for lining up Rate Contract for emergency repair works such as pipeline leak, burst, pilferage and other miscellaneous maintenance activities in mainline jurisdiction for BKPL stations into 3 Groups Group B BKPL Barauni",ERKLC2653,2026_ERKLK_191194_2,IndianOil||Pipelines||ERPL Kolkata||Materials,https://iocletenders.nic.in/nicgep/app?component=%24DirectLink_0&page=FrontEndAdvancedSearchResult&service=direct&session=T&sp=SpqUnJ9p%2B9qRMZoCYdoNxxA%3D%3D,"[Proposal for lining up Rate Contract for emergency repair works such as pipeline leak, burst, pilferage and other miscellaneous maintenance activities in mainline jurisdiction for BKPL stations into 3 Groups Group B BKPL Barauni]"
contract,03-Sep-2026 05:00 PM,24-Sep-2026 03:00 PM,25-Sep-2026 03:00 PM,"Rate contract for procurement of UF membrane for Barauni, Haldia and Mathura Refinery",RHQMM26208,2026_REFHQ_191283_1,IndianOil||Refineries||Refineries HQ||Materials,https://iocletenders.nic.in/nicgep/app?component=%24DirectLink_0&page=FrontEndAdvancedSearchResult&service=direct&session=T&sp=SsmT6UdpydcjcohXqGTjsAQ%3D%3D,"[Rate contract for procurement of UF membrane for Barauni, Haldia and Mathura Refinery]"
contract,01-Sep-2026 03:30 PM,29-Sep-2026 03:00 PM,30-Sep-2026 03:00 PM,Rate Contract for Procurement of FCC Catalyst for IOCL Gujarat Refinery,RHQMM26301,2026_REFHQ_191246_1,IndianOil||Refineries||Refineries HQ||Materials,https://iocletenders.nic.in/nicgep/app?component=%24DirectLink_0&page=FrontEndAdvancedSearchResult&service=direct&session=T&sp=S0BYHL0OvsXJYYPGGSJZfNw%3D%3D,[Rate Contract for Procurement of FCC Catalyst for IOCL Gujarat Refinery]
contract,31-Aug-2026 01:00 PM,21-Sep-2026 01:00 PM,22-Sep-2026 01:00 PM,Rate Contract (Rs. 0 to 50.00 Lacs) for carrying out Capital / Revenue works upgradation / renovation / painting / M and R works up to Rs. 50 Lakhs,MnC/SR/HS/PT/107/SRO/2026-27,2026_SROTN_191032_1,IndianOil||Marketing||Southern Region and Tamilnadu State Office||Contracts Cell,https://iocletenders.nic.in/nicgep/app?component=%24DirectLink_0&page=FrontEndAdvancedSearchResult&service=direct&session=T&sp=SUpu5HHYLIc6%2FRPN4iOgyww%3D%3D,[Rate Contract (Rs. 0 to 50.00 Lacs) for carrying out Capital / Revenue works upgradation / renovation / painting / M and R works up to Rs. 50 Lakhs]
contract,31-Aug-2026 09:30 AM,14-Sep-2026 04:30 PM,15-Sep-2026 04:30 PM,Rate Contract for Maintenance of Office and Guest house of IOCL BGR at Six Mile Guwahati,BN26CL119,2026_BGR_191164_1,IndianOil||Refineries||Bongaigaon Refinery||Contract,https://iocletenders.nic.in/nicgep/app?component=%24DirectLink_0&page=FrontEndAdvancedSearchResult&service=direct&session=T&sp=Sg86i9d9Cu%2FsqCYTzJzvrYQ%3D%3D,[Rate Contract for Maintenance of Office and Guest house of IOCL BGR at Six Mile Guwahati]
contract,29-Aug-2026 12:00 PM,12-Sep-2026 12:00 PM,14-Sep-2026 03:00 PM,"DRE226B076 Annual rate contract for Servicing and overhauling of Transformers at AOD Refinery, Digboi and IOCL DR Township",DRE226B076,2026_AOD_191202_1,IndianOil||Refineries||AOD Digboi||Contracts Section,https://iocletenders.nic.in/nicgep/app?component=%24DirectLink_0&page=FrontEndAdvancedSearchResult&service=direct&session=T&sp=S%2F3KDGpZezR3nXOBOEBPEPg%3D%3D,"[DRE226B076 Annual rate contract for Servicing and overhauling of Transformers at AOD Refinery, Digboi and IOCL DR Township]"
contract,27-Aug-2026 05:00 PM,24-Sep-2026 05:00 PM,25-Sep-2026 05:00 PM,"Capex Rate Contract Category- I  Rs. 0 to 3.00 Lacs for carrying out maintenance and low value capital jobs of mechanical, civil and electrical nature at Retail Outlets including KSKs and Consumer Outlets under Bangalore, Belgaum, Mangalore, ",MnC/SR/VJI/PT/111/KASO/2026-27,2026_SROTN_191132_1,IndianOil||Marketing||Southern Region and Tamilnadu State Office||Contracts Cell,https://iocletenders.nic.in/nicgep/app?component=%24DirectLink_0&page=FrontEndAdvancedSearchResult&service=direct&session=T&sp=SNymCdjOzRV0JAOe5C1U8tw%3D%3D,"[Capex Rate Contract Category- I  Rs. 0 to 3.00 Lacs for carrying out maintenance and low value capital jobs of mechanical, civil and electrical nature at Retail Outlets including KSKs and Consumer Outlets under Bangalore, Belgaum, Mangalore, ]"
contract,27-Aug-2026 03:00 PM,10-Sep-2026 03:00 PM,11-Sep-2026 03:30 PM,Annual Rate Contract for Facility Management Services at Pipelines Kaushal Vikas Kendra Budhpur Rewari,PNP26047,2026_NRPNP_191165_1,IndianOil||Pipelines||NRPL Panipat||Materials,https://iocletenders.nic.in/nicgep/app?component=%24DirectLink_0&page=FrontEndAdvancedSearchResult&service=direct&session=T&sp=SmyjrfTqfmTyN0LG%2FcAqOsg%3D%3D,[Annual Rate Contract for Facility Management Services at Pipelines Kaushal Vikas Kendra Budhpur Rewari]
contract,21-Aug-2026 05:00 PM,14-Sep-2026 03:00 PM,15-Sep-2026 03:30 PM,"Annual Maintenance Contract (AMC) of Automatic Sliding Glass Doors at Administrative Building, NRPL HQ, Panipat",PNP26061,2026_NRPNP_191103_1,IndianOil||Pipelines||NRPL Panipat||Materials,https://iocletenders.nic.in/nicgep/app?component=%24DirectLink_0&page=FrontEndAdvancedSearchResult&service=direct&session=T&sp=S0s9YpOGOJfeUOIoktS%2BGsQ%3D%3D,"[Annual Maintenance Contract (AMC) of Automatic Sliding Glass Doors at Administrative Building, NRPL HQ, Panipat]"
contract,21-Aug-2026 09:00 AM,11-Sep-2026 05:00 PM,12-Sep-2026 05:00 PM,Annual Rate contract for Repair and Maintenance of Civil work at Paradip Refinery Township Paradip Odisha,9070C26C63,2026_PDR_191060_1,IndianOil||Refineries||Paradip Refinery||Contracts,https://iocletenders.nic.in/nicgep/app?component=%24DirectLink_0&page=FrontEndAdvancedSearchResult&service=direct&session=T&sp=SyixdIOwkkmTrVKPExDZWhw%3D%3D,[Annual Rate contract for Repair and Maintenance of Civil work at Paradip Refinery Township Paradip Odisha]
contract,18-Aug-2026 06:00 PM,09-Sep-2026 05:00 PM,10-Sep-2026 05:00 PM,"Supply Installation, Testing and Commissioning of Biometric Attendance System at ERPL Siliguri including 3 (Three) Years Comprehensive Annual Maintenance Contract",ERKLC2656,2026_ERKLK_191021_1,IndianOil||Pipelines||ERPL Kolkata||Materials,https://iocletenders.nic.in/nicgep/app?component=%24DirectLink_0&page=FrontEndAdvancedSearchResult&service=direct&session=T&sp=SPczUDvvea6d0ieN58X1JIw%3D%3D,"[Supply Installation, Testing and Commissioning of Biometric Attendance System at ERPL Siliguri including 3 (Three) Years Comprehensive Annual Maintenance Contract]"
contract,05-Aug-2026 03:25 PM,09-Sep-2026 03:00 PM,10-Sep-2026 03:00 PM,Rate Contract for Procurement of Antioxidant (ANTAX/STURMAX) for PBR project at Panipat Refinery,RHQMM26426,2026_REFHQ_190827_1,IndianOil||Refineries||Refineries HQ||Materials,https://iocletenders.nic.in/nicgep/app?component=%24DirectLink_0&page=FrontEndAdvancedSearchResult&service=direct&session=T&sp=Sa6OUfQWrexmJDbENvcHl%2FQ%3D%3D,[Rate Contract for Procurement of Antioxidant (ANTAX/STURMAX) for PBR project at Panipat Refinery]
contract,10-Jul-2026 03:30 PM,17-Sep-2026 03:00 PM,18-Sep-2026 03:00 PM,Rate Contract for procurement of Lubricity Additive for IOCL Refinery units ,RHQMM26422,2026_REFHQ_190536_1,IndianOil||Refineries||Refineries HQ||Materials,https://iocletenders.nic.in/nicgep/app?component=%24DirectLink_0&page=FrontEndAdvancedSearchResult&service=direct&session=T&sp=SIFYv5%2B0zb%2FiQWQBYXiEgng%3D%3D,[Rate Contract for procurement of Lubricity Additive for IOCL Refinery units ]
contract,24-Jun-2026 11:00 AM,24-Feb-2027 11:00 AM,25-Feb-2027 11:00 AM,PERPETUAL EMPANELMENT OF CONTRACTORS FOR EXECUTION OF VARIOUS TYPES AND NATURE OF ENGINEERING WORKS OF CIVIL MECHANICAL ELECTRICAL IN NATURE UNDER KARNATAKA STATE OFFICE UNDER CATEGORY 1 and CATEGORY II_100_200 LACS,MnC/SR/RIM/PT/058/KASO/2026-27,2026_SROTN_190337_1,IndianOil||Marketing||Southern Region and Tamilnadu State Office||Contracts Cell,https://iocletenders.nic.in/nicgep/app?component=%24DirectLink_0&page=FrontEndAdvancedSearchResult&service=direct&session=T&sp=SespWq0e3v8jwBEEXzcA%2Fzg%3D%3D,[PERPETUAL EMPANELMENT OF CONTRACTORS FOR EXECUTION OF VARIOUS TYPES AND NATURE OF ENGINEERING WORKS OF CIVIL MECHANICAL ELECTRICAL IN NATURE UNDER KARNATAKA STATE OFFICE UNDER CATEGORY 1 and CATEGORY II_100_200 LACS]
contract,25-Mar-2026 01:00 PM,25-Nov-2026 01:00 PM,26-Nov-2026 01:00 PM,Perpetual Empanelment of contractors for Execution of various types and nature of Engineering works under Tamil Nadu State Office under Category I 0-100 Lacs and Category II 100-200 lacs Empanelment for III rd Year,SRCC/AR/PT/223/TNSO/2025-26,2026_SROTN_189141_1,IndianOil||Marketing||Southern Region and Tamilnadu State Office||Contracts Cell,https://iocletenders.nic.in/nicgep/app?component=%24DirectLink_0&page=FrontEndAdvancedSearchResult&service=direct&session=T&sp=SgvS6%2Bsi%2FRonQJJ3h5GSu9g%3D%3D,[Perpetual Empanelment of contractors for Execution of various types and nature of Engineering works under Tamil Nadu State Office under Category I 0-100 Lacs and Category II 100-200 lacs Empanelment for III rd Year]
contract,24-Mar-2026 02:00 PM,24-Nov-2026 02:00 PM,25-Nov-2026 02:00 PM,Perpetual Empanelment of Contractors for Execution of various types and nature of works at IndianOil Cryogenics and LNG stations of IndianOil Cryogenics PAN India,CRYO_PT_IC2526001,2026_IBPN_189410_1,IndianOil||Marketing||IBP Nashik||Materials,https://iocletenders.nic.in/nicgep/app?component=%24DirectLink_0&page=FrontEndAdvancedSearchResult&service=direct&session=T&sp=S4gerqgN%2BMdCDX%2FNqzhZkPg%3D%3D,[Perpetual Empanelment of Contractors for Execution of various types and nature of works at IndianOil Cryogenics and LNG stations of IndianOil Cryogenics PAN India]
civil,08-Sep-2026 03:15 PM,16-Sep-2026 03:15 PM,17-Sep-2026 03:15 PM,Carrying out Various Civil Mechanical Pipeline Painting Safety and Allied Works at Ennore LPG Bottling Plant Ennore Chennai,EnnBP/MDT_Works1/LT/2026-27,2026_SROTN_191336_1,IndianOil||Marketing||Southern Region and Tamilnadu State Office||LPG,https://iocletenders.nic.in/nicgep/app?component=%24DirectLink_0&page=FrontEndAdvancedSearchResult&service=direct&session=T&sp=SxAojS%2BDv8req3qaI0HGsXw%3D%3D,[Carrying out Various Civil Mechanical Pipeline Painting Safety and Allied Works at Ennore LPG Bottling Plant Ennore Chennai]
civil,07-Sep-2026 01:10 PM,14-Sep-2026 01:10 PM,15-Sep-2026 01:10 PM,"Development of New WSA Sitapur site with facilities like Sales Building, Canopy, Paver block driveway and other allied civil and electrical works at location NH-24_474_131_RHS_Sitapur_UP District- Lucknow, under Lucknow DO UPSO-I",MnC/NR/UPSO-I/ENG/LT-148/26-27,2026_NRO_191255_1,IndianOil||Marketing||Northern Region Office||Contract Cell,https://iocletenders.nic.in/nicgep/app?component=%24DirectLink_0&page=FrontEndAdvancedSearchResult&service=direct&session=T&sp=SWkdZjrrljmrDeMzDBLpSLw%3D%3D,"[Development of New WSA Sitapur site with facilities like Sales Building, Canopy, Paver block driveway and other allied civil and electrical works at location NH-24_474_131_RHS_Sitapur_UP District- Lucknow, under Lucknow DO UPSO-I]"
civil,04-Sep-2026 03:00 PM,18-Sep-2026 03:00 PM,19-Sep-2026 03:00 PM,9030C26D27- Civil and electrical works involves in relocation of the emergency control centre room of Gujarat Refinery.,9030C26D27,2026_JR_191294_1,IndianOil||Refineries||Gujarat Refinery||Contracts,https://iocletenders.nic.in/nicgep/app?component=%24DirectLink_0&page=FrontEndAdvancedSearchResult&service=direct&session=T&sp=Sfi01orNIexTwmn6v%2BzfrAQ%3D%3D,[9030C26D27- Civil and electrical works involves in relocation of the emergency control centre room of Gujarat Refinery.]
civil,03-Sep-2026 06:55 PM,10-Sep-2026 06:55 PM,11-Sep-2026 06:55 PM,"Construction of new A site Retail Outlet with facilities like Sales Building, Canopy, Paver block driveway and other allied civil, electrical works at location Kalpetta Town on Bypass Road, District Wayanad under Kozhikode Div Office, Kerala SO",MnC/SR/RSR/LT/116/KESO/2026-27,2026_SROTN_191276_1,IndianOil||Marketing||Southern Region and Tamilnadu State Office||Contracts Cell,https://iocletenders.nic.in/nicgep/app?component=%24DirectLink_0&page=FrontEndAdvancedSearchResult&service=direct&session=T&sp=SWrbIL6JxbEUbaL3h%2BqGcLw%3D%3D,"[Construction of new A site Retail Outlet with facilities like Sales Building, Canopy, Paver block driveway and other allied civil, electrical works at location Kalpetta Town on Bypass Road, District Wayanad under Kozhikode Div Office, Kerala SO]"
civil,03-Sep-2026 05:00 PM,10-Sep-2026 05:00 PM,11-Sep-2026 05:00 PM,"MnC/SR/BNR/LT/107/KESO/2026-27 Construction of new  A Site Retail Outlet with facilities like Sales Building, Canopy, Paver block driveway and other allied civil  electrical works at location Kozhikode City 1 , Chelavoor on CWRDM Road in Kozhikode",MnC/SR/BNR/LT/107/KESO/2026-27,2026_SROTN_191235_1,IndianOil||Marketing||Southern Region and Tamilnadu State Office||Contracts Cell,https://iocletenders.nic.in/nicgep/app?component=%24DirectLink_0&page=FrontEndAdvancedSearchResult&service=direct&session=T&sp=SOeTFSdhbBV6FLyotlWGM5w%3D%3D,"[MnC/SR/BNR/LT/107/KESO/2026-27 Construction of new  A Site Retail Outlet with facilities like Sales Building, Canopy, Paver block driveway and other allied civil  electrical works at location Kozhikode City 1 , Chelavoor on CWRDM Road in Kozhikode]"
civil,03-Sep-2026 05:00 PM,17-Sep-2026 05:00 PM,18-Sep-2026 05:00 PM,"Balance civil works of GIS 300 extension building under BSVI project at IOCL Paradip Refinery, Odisha",9070C26C79,2026_PDR_191280_1,IndianOil||Refineries||Paradip Refinery||Contracts,https://iocletenders.nic.in/nicgep/app?component=%24DirectLink_0&page=FrontEndAdvancedSearchResult&service=direct&session=T&sp=SZJFcqSEpa2hhHjFuuWGonA%3D%3D,"[Balance civil works of GIS 300 extension building under BSVI project at IOCL Paradip Refinery, Odisha]"
civil,03-Sep-2026 04:00 PM,10-Sep-2026 04:00 PM,11-Sep-2026 04:00 PM,"CONSTRUCTION OF NEW BULK PETROLEUM INSTALLATION INVOLVING PIPELINE WORKS, TANK _ DU INSTALLATION, ELECTRICAL WORKS AND ASSOCIATED ALLIED CIVIL_STRUCTURAL WORKS AT ARMY UNIT - KM-120 CHONGTASH, LADAKH UNDER PUNJAB STATE OFFICE",MnC/NR/PSO/ENG/LT-137/26-27,2026_NRO_191179_1,IndianOil||Marketing||Northern Region Office||Contract Cell,https://iocletenders.nic.in/nicgep/app?component=%24DirectLink_0&page=FrontEndAdvancedSearchResult&service=direct&session=T&sp=Sa3J2KJNYvrHwRgKwaIQ4fA%3D%3D,"[CONSTRUCTION OF NEW BULK PETROLEUM INSTALLATION INVOLVING PIPELINE WORKS, TANK _ DU INSTALLATION, ELECTRICAL WORKS AND ASSOCIATED ALLIED CIVIL_STRUCTURAL WORKS AT ARMY UNIT - KM-120 CHONGTASH, LADAKH UNDER PUNJAB STATE OFFICE]"
civil,03-Sep-2026 02:00 PM,17-Sep-2026 03:00 PM,18-Sep-2026 03:15 PM,Balance Left Over Civil and Electrical Works for Development of New Conference Hall at IOCL Office Core2 Scope Complex  New Delhi,9000C26B01,2026_REFHQ_191273_1,IndianOil||Refineries||Refineries HQ||Contracts,https://iocletenders.nic.in/nicgep/app?component=%24DirectLink_0&page=FrontEndAdvancedSearchResult&service=direct&session=T&sp=ST8EJFqv6XnrE5SPVz%2F%2BkPA%3D%3D,[Balance Left Over Civil and Electrical Works for Development of New Conference Hall at IOCL Office Core2 Scope Complex  New Delhi]
civil,02-Sep-2026 04:15 PM,09-Sep-2026 04:15 PM,10-Sep-2026 04:15 PM,Construction of new A Site RO with facilities like Sales Building Canopy Paver block driveway and other allied civil and electrical works at location From Kayamkulam Police Station to Chettikulangara Bhagavathi Temple on SH Alappuzha under Cochin DO ,MnC/SR/AR/LT/110/KESO/2026-27,2026_SROTN_191243_1,IndianOil||Marketing||Southern Region and Tamilnadu State Office||Contracts Cell,https://iocletenders.nic.in/nicgep/app?component=%24DirectLink_0&page=FrontEndAdvancedSearchResult&service=direct&session=T&sp=SdCX3Uh2PTZcRLokF%2B6kVtw%3D%3D,[Construction of new A Site RO with facilities like Sales Building Canopy Paver block driveway and other allied civil and electrical works at location From Kayamkulam Police Station to Chettikulangara Bhagavathi Temple on SH Alappuzha under Cochin DO ]
civil,02-Sep-2026 03:00 PM,09-Sep-2026 02:00 PM,10-Sep-2026 03:00 PM,"Construction of new A Site Retail Outlet with facilities like Sales Building, Canopy, Paver block driveway and other allied civil and electrical works at location Between Adoor High School Jn. and Pazhakulam on State Highway 5, District, Pathanamthit",MnC/SR/RS/LT/104/KESO/2026-27,2026_SROTN_191257_1,IndianOil||Marketing||Southern Region and Tamilnadu State Office||Contracts Cell,https://iocletenders.nic.in/nicgep/app?component=%24DirectLink_0&page=FrontEndAdvancedSearchResult&service=direct&session=T&sp=SG0ybrZMAZ%2FKCFXg09b%2FPww%3D%3D,"[Construction of new A Site Retail Outlet with facilities like Sales Building, Canopy, Paver block driveway and other allied civil and electrical works at location Between Adoor High School Jn. and Pazhakulam on State Highway 5, District, Pathanamthit]"
civil,02-Sep-2026 03:00 PM,09-Sep-2026 03:00 PM,10-Sep-2026 03:00 PM,"Construction of new A Site Retail Outlet with facilities like Sales Building, Canopy, Paver block driveway and other allied civil and electrical works at location From Kulathur Junction to Calicut Airport within Kondotty Municipal Limits, KESO",MnC/SR/RS/LT/105/KESO/2026-27,2026_SROTN_191226_1,IndianOil||Marketing||Southern Region and Tamilnadu State Office||Contracts Cell,https://iocletenders.nic.in/nicgep/app?component=%24DirectLink_0&page=FrontEndAdvancedSearchResult&service=direct&session=T&sp=SiQPLWpmLm%2FJq2MP85YnlzA%3D%3D,"[Construction of new A Site Retail Outlet with facilities like Sales Building, Canopy, Paver block driveway and other allied civil and electrical works at location From Kulathur Junction to Calicut Airport within Kondotty Municipal Limits, KESO]"
civil,29-Aug-2026 12:00 PM,11-Sep-2026 03:00 PM,14-Sep-2026 03:30 PM,"Provision of FRP and MS gratings and allied Civil jobs in Units and Offsite areas of Haldia Refinery,Haldia,West Bengal",9040C26C59,2026_HR_191203_1,IndianOil||Refineries||Haldia Refinery||Contracts,https://iocletenders.nic.in/nicgep/app?component=%24DirectLink_0&page=FrontEndAdvancedSearchResult&service=direct&session=T&sp=Sl%2Bj%2Fyszw9Gki%2FIw8RGY02w%3D%3D,"[Provision of FRP and MS gratings and allied Civil jobs in Units and Offsite areas of Haldia Refinery,Haldia,West Bengal]"
civil,27-Aug-2026 05:00 PM,24-Sep-2026 05:00 PM,25-Sep-2026 05:00 PM,"Capex Rate Contract Category- I  Rs. 0 to 3.00 Lacs for carrying out maintenance and low value capital jobs of mechanical, civil and electrical nature at Retail Outlets including KSKs and Consumer Outlets under Bangalore, Belgaum, Mangalore, ",MnC/SR/VJI/PT/111/KASO/2026-27,2026_SROTN_191132_1,IndianOil||Marketing||Southern Region and Tamilnadu State Office||Contracts Cell,https://iocletenders.nic.in/nicgep/app?component=%24DirectLink_0&page=FrontEndAdvancedSearchResult&service=direct&session=T&sp=SNymCdjOzRV0JAOe5C1U8tw%3D%3D,"[Capex Rate Contract Category- I  Rs. 0 to 3.00 Lacs for carrying out maintenance and low value capital jobs of mechanical, civil and electrical nature at Retail Outlets including KSKs and Consumer Outlets under Bangalore, Belgaum, Mangalore, ]"
civil,26-Aug-2026 03:00 PM,09-Sep-2026 03:00 PM,10-Sep-2026 03:00 PM,Civil and Electrical works for GRSPF DCS control room  extension and comprehensive facelift at Gujarat Refinery,9030C26D26,2026_JR_191122_1,IndianOil||Refineries||Gujarat Refinery||Contracts,https://iocletenders.nic.in/nicgep/app?component=%24DirectLink_0&page=FrontEndAdvancedSearchResult&service=direct&session=T&sp=SFZ6nWz%2BizejfAhR5Xj1IGQ%3D%3D,[Civil and Electrical works for GRSPF DCS control room  extension and comprehensive facelift at Gujarat Refinery]
civil,21-Aug-2026 04:00 PM,11-Sep-2026 04:00 PM,12-Sep-2026 04:00 PM,"FABRICATION, ERECTION, TESTING AND COMMISSIONING OF 24 INCHES ABOVE-GROUND VLSFO DOCK LINE INCLUDING UTILIZATION OF EXISTING LPG PIPELINE SUPPORT STRUCTURES, CONSTRUCTION OF NEW PIPE SUPPORTS, FOUNDATIONS AND ALLIED CIVIL WORKS AT KANDLA PORT ",WRMC/2026-27/PT/280,2026_WRO_191096_1,IndianOil||Marketing||Western Region Office||Contracts Cell,https://iocletenders.nic.in/nicgep/app?component=%24DirectLink_0&page=FrontEndAdvancedSearchResult&service=direct&session=T&sp=SBorW3BI4A0RsUouO9A%2FxOw%3D%3D,"[FABRICATION, ERECTION, TESTING AND COMMISSIONING OF 24 INCHES ABOVE-GROUND VLSFO DOCK LINE INCLUDING UTILIZATION OF EXISTING LPG PIPELINE SUPPORT STRUCTURES, CONSTRUCTION OF NEW PIPE SUPPORTS, FOUNDATIONS AND ALLIED CIVIL WORKS AT KANDLA PORT ]"
civil,21-Aug-2026 09:00 AM,11-Sep-2026 05:00 PM,12-Sep-2026 05:00 PM,Annual Rate contract for Repair and Maintenance of Civil work at Paradip Refinery Township Paradip Odisha,9070C26C63,2026_PDR_191060_1,IndianOil||Refineries||Paradip Refinery||Contracts,https://iocletenders.nic.in/nicgep/app?component=%24DirectLink_0&page=FrontEndAdvancedSearchResult&service=direct&session=T&sp=SyixdIOwkkmTrVKPExDZWhw%3D%3D,[Annual Rate contract for Repair and Maintenance of Civil work at Paradip Refinery Township Paradip Odisha]
civil,06-Aug-2026 05:00 PM,10-Sep-2026 03:00 PM,11-Sep-2026 03:00 PM,COMPOSITE WORKS COMPRISING MECHANICAL PIPING STRUCTURAL AND CIVIL FOUNDATION WORKS IN PRE SHUTDOWN AND SHUTDOWN PHASES ALONG WITH MANPOWER ASSISTANCE FOR PRE COMMISSIONING AND COMMISSIONING ACTIVITIES FOR DR 1 EXPANSION PROJECT AT DIGBOI REFINERY,TP/214227C/T/28,2026_REFHQ_190883_1,IndianOil||Refineries||Refineries HQ||Project - PMC||Digboi-DR 1.0 Expansion||Project Group,https://iocletenders.nic.in/nicgep/app?component=%24DirectLink_0&page=FrontEndAdvancedSearchResult&service=direct&session=T&sp=ScWsP5QGqxVlzqdSBUG4zxg%3D%3D,[COMPOSITE WORKS COMPRISING MECHANICAL PIPING STRUCTURAL AND CIVIL FOUNDATION WORKS IN PRE SHUTDOWN AND SHUTDOWN PHASES ALONG WITH MANPOWER ASSISTANCE FOR PRE COMMISSIONING AND COMMISSIONING ACTIVITIES FOR DR 1 EXPANSION PROJECT AT DIGBOI REFINERY]
civil,24-Jun-2026 11:00 AM,24-Feb-2027 11:00 AM,25-Feb-2027 11:00 AM,PERPETUAL EMPANELMENT OF CONTRACTORS FOR EXECUTION OF VARIOUS TYPES AND NATURE OF ENGINEERING WORKS OF CIVIL MECHANICAL ELECTRICAL IN NATURE UNDER KARNATAKA STATE OFFICE UNDER CATEGORY 1 and CATEGORY II_100_200 LACS,MnC/SR/RIM/PT/058/KASO/2026-27,2026_SROTN_190337_1,IndianOil||Marketing||Southern Region and Tamilnadu State Office||Contracts Cell,https://iocletenders.nic.in/nicgep/app?component=%24DirectLink_0&page=FrontEndAdvancedSearchResult&service=direct&session=T&sp=SespWq0e3v8jwBEEXzcA%2Fzg%3D%3D,[PERPETUAL EMPANELMENT OF CONTRACTORS FOR EXECUTION OF VARIOUS TYPES AND NATURE OF ENGINEERING WORKS OF CIVIL MECHANICAL ELECTRICAL IN NATURE UNDER KARNATAKA STATE OFFICE UNDER CATEGORY 1 and CATEGORY II_100_200 LACS]
instrumentation,04-Sep-2026 05:00 PM,14-Sep-2026 03:00 PM,15-Sep-2026 03:30 PM,"Miscellaneous Piping, Structural, Mechanical, Electrical  Instrumentation Works for RFCCU Revamp under BR 09 Project.",9020C26C76,2026_BR_191309_1,IndianOil||Refineries||Barauni Refinery||Contract,https://iocletenders.nic.in/nicgep/app?component=%24DirectLink_0&page=FrontEndAdvancedSearchResult&service=direct&session=T&sp=SRXHe76FQT51HeWkPTG02SA%3D%3D,"[Miscellaneous Piping, Structural, Mechanical, Electrical  Instrumentation Works for RFCCU Revamp under BR 09 Project.]"
instrumentation,26-Aug-2026 03:00 PM,11-Sep-2026 03:00 PM,12-Sep-2026 03:00 PM,"Onsite Electrical and Instrumentation Integration Works and Commissioning Support for Augmentation of Existing LCNG Station at Vizag-Parwada, Andhra Pradesh as per IOCL Scope of Work and Tender Terms and Conditions",CRYO_LT_IC2627007,2026_IBPN_191133_1,IndianOil||Marketing||IBP Nashik||Materials,https://iocletenders.nic.in/nicgep/app?component=%24DirectLink_0&page=FrontEndAdvancedSearchResult&service=direct&session=T&sp=S0e1hsSdhi37t8lEKPnCKYg%3D%3D,"[Onsite Electrical and Instrumentation Integration Works and Commissioning Support for Augmentation of Existing LCNG Station at Vizag-Parwada, Andhra Pradesh as per IOCL Scope of Work and Tender Terms and Conditions]"
instrumentation,25-Aug-2026 04:00 PM,15-Sep-2026 02:30 PM,16-Sep-2026 03:00 PM,"Design, Engineering, Supply, Installation, Testing and Commissioning of Fire alarm detection system along with Additional Instrumentation for HRPL locations",PLCC/HRPL Fire alarm system/T and I/26060,2026_PLHO_191135_1,IndianOil||Pipelines||Pipelines HO||Contracts,https://iocletenders.nic.in/nicgep/app?component=%24DirectLink_0&page=FrontEndAdvancedSearchResult&service=direct&session=T&sp=S9KykSqxAwrar6CnOMQNAtQ%3D%3D,"[Design, Engineering, Supply, Installation, Testing and Commissioning of Fire alarm detection system along with Additional Instrumentation for HRPL locations]"
polymer,03-Sep-2026 05:00 PM,16-Sep-2026 05:00 PM,17-Sep-2026 05:00 PM,Disposal of 300 MT Polymer Scrap from PDPMC /PP Unit Paradip,BD/MAT/26-27/126,2026_BD_191230_1,IndianOil||Business Development||Contracts,https://iocletenders.nic.in/nicgep/app?component=%24DirectLink_0&page=FrontEndAdvancedSearchResult&service=direct&session=T&sp=SCgMguAxxH39cnZusZaxzSA%3D%3D,[Disposal of 300 MT Polymer Scrap from PDPMC /PP Unit Paradip]
polymer,28-Aug-2026 02:00 PM,11-Sep-2026 02:00 PM,14-Sep-2026 10:00 AM,Supply and Application of Polymer based Sealing/filling System on annular  plate projection of tanks at IOCL Mathura Refinery,9050C26C14,2026_MR_191186_1,IndianOil||Refineries||Mathura Refinery||Contracts,https://iocletenders.nic.in/nicgep/app?component=%24DirectLink_0&page=FrontEndAdvancedSearchResult&service=direct&session=T&sp=SC6qJ%2FvEqYc7Ekh1p79Whtg%3D%3D,[Supply and Application of Polymer based Sealing/filling System on annular  plate projection of tanks at IOCL Mathura Refinery]
paradip,08-Sep-2026 03:00 PM,22-Sep-2026 03:00 PM,23-Sep-2026 03:00 PM,Carrying out re-routing of existing 10.75 inch OD pipe section of Paradip Raipur Ranchi Pipeline PRRPL by Horizontal Directional Drilling HDD method at ch. 116 KM Saraipalli Korba section in Chhattisgarh,9320C26A91,2026_ERBBS_191331_1,"IndianOil||Pipelines||PRRPL, Bhubaneswar||Technical Services",https://iocletenders.nic.in/nicgep/app?component=%24DirectLink_0&page=FrontEndAdvancedSearchResult&service=direct&session=T&sp=Sxrm5DwY9uvCWDeVoxe2v%2Bw%3D%3D,[Carrying out re-routing of existing 10.75 inch OD pipe section of Paradip Raipur Ranchi Pipeline PRRPL by Horizontal Directional Drilling HDD method at ch. 116 KM Saraipalli Korba section in Chhattisgarh]
paradip,05-Sep-2026 04:00 PM,12-Sep-2026 05:00 PM,14-Sep-2026 05:00 PM,Expert Supervision Services for overhauling or Troubleshooting of Peroni make Pumps at various units of Paradip Refinery,9070C26C82,2026_PDR_191311_1,IndianOil||Refineries||Paradip Refinery||Contracts,https://iocletenders.nic.in/nicgep/app?component=%24DirectLink_0&page=FrontEndAdvancedSearchResult&service=direct&session=T&sp=SwyZ1nNq7bRfd5Ownz5e3LQ%3D%3D,[Expert Supervision Services for overhauling or Troubleshooting of Peroni make Pumps at various units of Paradip Refinery]
paradip,04-Sep-2026 06:00 PM,11-Sep-2026 03:00 PM,12-Sep-2026 03:00 PM,"Procurement of Capital Spare, Complete Trip and Throttle valve  (Make   Siemens Energy Industrial Turbomachinery India Private Limited) of WGC Turbine as per Insurance spares guideline rotary 2025 26 at IOCL Paradip Refinery",9070M26F67,2026_PDR_191304_1,IndianOil||Refineries||Paradip Refinery||Materials,https://iocletenders.nic.in/nicgep/app?component=%24DirectLink_0&page=FrontEndAdvancedSearchResult&service=direct&session=T&sp=SZw5ULmtuQ9BGZHcSKE5zTQ%3D%3D,"[Procurement of Capital Spare, Complete Trip and Throttle valve  (Make   Siemens Energy Industrial Turbomachinery India Private Limited) of WGC Turbine as per Insurance spares guideline rotary 2025 26 at IOCL Paradip Refinery]"
paradip,04-Sep-2026 06:00 PM,11-Sep-2026 03:00 PM,12-Sep-2026 03:00 PM,"Procurement of Capital Spares of 057-K-002A/B (RGC) and 057-K-003A/B (H2 makeup compressor), NHGU at IOCL Paradip Refinery",9070M26E61,2026_PDR_191297_1,IndianOil||Refineries||Paradip Refinery||Materials,https://iocletenders.nic.in/nicgep/app?component=%24DirectLink_0&page=FrontEndAdvancedSearchResult&service=direct&session=T&sp=S4%2Bf371dw2NQxvqJtrMKpzg%3D%3D,"[Procurement of Capital Spares of 057-K-002A/B (RGC) and 057-K-003A/B (H2 makeup compressor), NHGU at IOCL Paradip Refinery]"
paradip,04-Sep-2026 05:00 PM,18-Sep-2026 05:00 PM,19-Sep-2026 05:00 PM,"Grit shot blasting and painting jobs during M and I shutdown at Paradip Refinery, Odisha.",9070C26C68,2026_PDR_191293_1,IndianOil||Refineries||Paradip Refinery||Contracts,https://iocletenders.nic.in/nicgep/app?component=%24DirectLink_0&page=FrontEndAdvancedSearchResult&service=direct&session=T&sp=SZAnhAwsl%2FmnZYUkdV%2BxdVA%3D%3D,"[Grit shot blasting and painting jobs during M and I shutdown at Paradip Refinery, Odisha.]"
paradip,04-Sep-2026 04:30 PM,15-Sep-2026 05:00 PM,16-Sep-2026 05:00 PM,"Expert Supervision Services Towards Major Overhauling, Maintenance and Troubleshooting of Multistage Centrifugal CCR RGC compressor package and Multistage HHP Drive Turbine along with Maintenance and Testing of GIMPEL Valve at Paradip Refinery",9070C26C18,2026_PDR_191300_1,IndianOil||Refineries||Paradip Refinery||Contracts,https://iocletenders.nic.in/nicgep/app?component=%24DirectLink_0&page=FrontEndAdvancedSearchResult&service=direct&session=T&sp=Slw%2BoeAhLt%2FWeywmTOBBvXA%3D%3D,"[Expert Supervision Services Towards Major Overhauling, Maintenance and Troubleshooting of Multistage Centrifugal CCR RGC compressor package and Multistage HHP Drive Turbine along with Maintenance and Testing of GIMPEL Valve at Paradip Refinery]"
paradip,03-Sep-2026 06:00 PM,10-Sep-2026 03:00 PM,11-Sep-2026 03:00 PM,"Procurement of Insurance spares and consumable spares for 057-K-06, NHGU(2026) at IOCL Paradip Refinery.",9070M26D45,2026_PDR_191288_1,IndianOil||Refineries||Paradip Refinery||Materials,https://iocletenders.nic.in/nicgep/app?component=%24DirectLink_0&page=FrontEndAdvancedSearchResult&service=direct&session=T&sp=SAz4ULG4HN5IGOAVa9VIVfg%3D%3D,"[Procurement of Insurance spares and consumable spares for 057-K-06, NHGU(2026) at IOCL Paradip Refinery.]"
paradip,03-Sep-2026 05:00 PM,17-Sep-2026 05:00 PM,18-Sep-2026 05:00 PM,"Balance civil works of GIS 300 extension building under BSVI project at IOCL Paradip Refinery, Odisha",9070C26C79,2026_PDR_191280_1,IndianOil||Refineries||Paradip Refinery||Contracts,https://iocletenders.nic.in/nicgep/app?component=%24DirectLink_0&page=FrontEndAdvancedSearchResult&service=direct&session=T&sp=SZJFcqSEpa2hhHjFuuWGonA%3D%3D,"[Balance civil works of GIS 300 extension building under BSVI project at IOCL Paradip Refinery, Odisha]"
paradip,03-Sep-2026 05:00 PM,16-Sep-2026 05:00 PM,17-Sep-2026 05:00 PM,Disposal of 300 MT Polymer Scrap from PDPMC /PP Unit Paradip,BD/MAT/26-27/126,2026_BD_191230_1,IndianOil||Business Development||Contracts,https://iocletenders.nic.in/nicgep/app?component=%24DirectLink_0&page=FrontEndAdvancedSearchResult&service=direct&session=T&sp=SCgMguAxxH39cnZusZaxzSA%3D%3D,[Disposal of 300 MT Polymer Scrap from PDPMC /PP Unit Paradip]
paradip,02-Sep-2026 06:00 PM,09-Sep-2026 03:00 PM,10-Sep-2026 03:00 PM,Procurement of Igniter spares for 20-F-01 OF VGO HDT unit at IOCL Paradip Refinery,9070M26G29,2026_PDR_191265_1,IndianOil||Refineries||Paradip Refinery||Materials,https://iocletenders.nic.in/nicgep/app?component=%24DirectLink_0&page=FrontEndAdvancedSearchResult&service=direct&session=T&sp=S5UdMsFMEhBlWV0I75%2BQJMA%3D%3D,[Procurement of Igniter spares for 20-F-01 OF VGO HDT unit at IOCL Paradip Refinery]
paradip,25-Aug-2026 06:00 PM,15-Sep-2026 05:00 PM,16-Sep-2026 05:00 PM,Installation of Leak Detection System  on MS and HSD lines between SOJ and Paradip Refinery,9070C26C71,2026_PDR_191139_2,IndianOil||Refineries||Paradip Refinery||Contracts,https://iocletenders.nic.in/nicgep/app?component=%24DirectLink_0&page=FrontEndAdvancedSearchResult&service=direct&session=T&sp=Ss6kpGe4Che5OKlpDUGXqYA%3D%3D,[Installation of Leak Detection System  on MS and HSD lines between SOJ and Paradip Refinery]
paradip,21-Aug-2026 09:00 AM,11-Sep-2026 05:00 PM,12-Sep-2026 05:00 PM,Annual Rate contract for Repair and Maintenance of Civil work at Paradip Refinery Township Paradip Odisha,9070C26C63,2026_PDR_191060_1,IndianOil||Refineries||Paradip Refinery||Contracts,https://iocletenders.nic.in/nicgep/app?component=%24DirectLink_0&page=FrontEndAdvancedSearchResult&service=direct&session=T&sp=SyixdIOwkkmTrVKPExDZWhw%3D%3D,[Annual Rate contract for Repair and Maintenance of Civil work at Paradip Refinery Township Paradip Odisha]
paradip,19-Aug-2026 06:00 PM,12-Sep-2026 03:00 PM,14-Sep-2026 03:00 PM,Procurement of Extruder Gearbox and bearings in PP unit at IOCL Paradip Refinery,9070M26F84,2026_PDR_191057_1,IndianOil||Refineries||Paradip Refinery||Materials,https://iocletenders.nic.in/nicgep/app?component=%24DirectLink_0&page=FrontEndAdvancedSearchResult&service=direct&session=T&sp=SNC0lvvy9L%2BXi1%2BuXQN7xTw%3D%3D,[Procurement of Extruder Gearbox and bearings in PP unit at IOCL Paradip Refinery]
paradip,18-Aug-2026 05:00 PM,22-Sep-2026 03:00 PM,23-Sep-2026 03:15 PM,PARAFFINIC MINERAL OIL (Indigenous) for IOCL PNC and Paradip Refinery Units ,RHQMM26425,2026_REFHQ_191033_1,IndianOil||Refineries||Refineries HQ||Materials,https://iocletenders.nic.in/nicgep/app?component=%24DirectLink_0&page=FrontEndAdvancedSearchResult&service=direct&session=T&sp=STJF0cmS60GGUl6NZxzSIhw%3D%3D,[PARAFFINIC MINERAL OIL (Indigenous) for IOCL PNC and Paradip Refinery Units ]
paradip,17-Aug-2026 10:00 AM,11-Sep-2026 05:00 PM,12-Sep-2026 05:00 PM,"Tank boot sealing job at IOCL Paradip Refinery, Paradip, Odisha.",9070C26B69,2026_PDR_190990_1,IndianOil||Refineries||Paradip Refinery||Contracts,https://iocletenders.nic.in/nicgep/app?component=%24DirectLink_0&page=FrontEndAdvancedSearchResult&service=direct&session=T&sp=S3TMHgns2X7eDQxAK%2BMS9tQ%3D%3D,"[Tank boot sealing job at IOCL Paradip Refinery, Paradip, Odisha.]"
paradip,23-Jul-2026 03:00 PM,24-Sep-2026 03:00 PM,25-Sep-2026 03:00 PM,spares of Gear box of Tail gas compressor of CCR unit of Paradip Refinery,9070M26E25,2026_PDR_190698_1,IndianOil||Refineries||Paradip Refinery||Materials,https://iocletenders.nic.in/nicgep/app?component=%24DirectLink_0&page=FrontEndAdvancedSearchResult&service=direct&session=T&sp=SsLaOakoMCdboIIESyscc5A%3D%3D,[spares of Gear box of Tail gas compressor of CCR unit of Paradip Refinery]
paradip,06-Mar-2026 05:00 PM,22-Sep-2026 03:00 PM,23-Sep-2026 03:00 PM,"SPN/C077-000-LA-T-9502/03 - PROJECT MANAGEMENT CONSULTANCY SERVICES (PMC-3) FOR CUMENE AND PHENOL UNITS FOR THE PARADIP PETROCHEMICAL COMPLEX (PDPC) PROJECT OF INDIAN OIL CORPORATION LIMITED AT PARADIP, ODISHA",SPN/C077-000-LA-T-9502/03,2026_REFHQ_189208_1,IndianOil||Refineries||Refineries HQ||Project - PMC||PDPC-PMC-2,https://iocletenders.nic.in/nicgep/app?component=%24DirectLink_0&page=FrontEndAdvancedSearchResult&service=direct&session=T&sp=Sl%2Bbqo6maKiWn1%2BgrM0coMA%3D%3D,"[SPN/C077-000-LA-T-9502/03 - PROJECT MANAGEMENT CONSULTANCY SERVICES (PMC-3) FOR CUMENE AND PHENOL UNITS FOR THE PARADIP PETROCHEMICAL COMPLEX (PDPC) PROJECT OF INDIAN OIL CORPORATION LIMITED AT PARADIP, ODISHA]"
paradip,25-Feb-2026 05:30 PM,22-Sep-2026 03:00 PM,23-Sep-2026 03:00 PM,"SPN/C077-000-LA-T-9501/01 - PROJECT MANAGEMENT CONSULTANCY SERVICES (PMC-4) FOR LLDPE/HDPE (SWING) UNIT, PVC AND BUTENE-1 UNDER THE PARADIP PETROCHEMICAL COMPLEX (PDPC) PROJECT OF INDIAN OIL CORPORATION LIMITED AT PARADIP, ODISHA",SPN/C077-000-LA-T-9501/01,2026_REFHQ_189090_1,IndianOil||Refineries||Refineries HQ||Project - PMC||PDPC-PMC-2,https://iocletenders.nic.in/nicgep/app?component=%24DirectLink_0&page=FrontEndAdvancedSearchResult&service=direct&session=T&sp=SWqnzfRpMELpf9PEBAoxxgg%3D%3D,"[SPN/C077-000-LA-T-9501/01 - PROJECT MANAGEMENT CONSULTANCY SERVICES (PMC-4) FOR LLDPE/HDPE (SWING) UNIT, PVC AND BUTENE-1 UNDER THE PARADIP PETROCHEMICAL COMPLEX (PDPC) PROJECT OF INDIAN OIL CORPORATION LIMITED AT PARADIP, ODISHA]"
paradip,16-Feb-2026 06:00 PM,21-Sep-2026 03:00 PM,22-Sep-2026 03:00 PM,"Outright Sale of CCRU Spent Catalyst/Fines/Dust containing Platinum as precious metals at IOCL, Paradip Refinery, Paradip.",9070M26B23,2026_PDR_188923_1,IndianOil||Refineries||Paradip Refinery||Materials,https://iocletenders.nic.in/nicgep/app?component=%24DirectLink_0&page=FrontEndAdvancedSearchResult&service=direct&session=T&sp=SUMs5G1QI%2BeriTBpLPxe8WQ%3D%3D,"[Outright Sale of CCRU Spent Catalyst/Fines/Dust containing Platinum as precious metals at IOCL, Paradip Refinery, Paradip.]"
barauni,08-Sep-2026 04:00 PM,22-Sep-2026 04:00 PM,23-Sep-2026 04:00 PM,"Design, fabrication, supply and erection of Geodesic Aluminum Dome Roof for conversion of existing 01 No. External Floating Roof (EFR) Tank (6100 KL Capacity, 24 M Dia X 15 M Ht.) into Internal Floating Roof (IFR) Tank at Barauni Marketing Terminal.",ER-MnC/2026-27/PT/199,2026_ERO_191335_1,IndianOil||Marketing||Eastern Region Office||Contract Cell,https://iocletenders.nic.in/nicgep/app?component=%24DirectLink_0&page=FrontEndAdvancedSearchResult&service=direct&session=T&sp=SAjPTRIntJceDCi9v6MPipg%3D%3D,"[Design, fabrication, supply and erection of Geodesic Aluminum Dome Roof for conversion of existing 01 No. External Floating Roof (EFR) Tank (6100 KL Capacity, 24 M Dia X 15 M Ht.) into Internal Floating Roof (IFR) Tank at Barauni Marketing Terminal.]"
barauni,04-Sep-2026 03:00 PM,18-Sep-2026 03:00 PM,19-Sep-2026 03:30 PM,"Repair and provision of security grills, chain link fencing and colour-coated sheets at Barauni Refinery Township.",9020C26C70,2026_BR_191299_1,IndianOil||Refineries||Barauni Refinery||Contract,https://iocletenders.nic.in/nicgep/app?component=%24DirectLink_0&page=FrontEndAdvancedSearchResult&service=direct&session=T&sp=S%2ByTBDm8nAlcYaXMXX21yrA%3D%3D,"[Repair and provision of security grills, chain link fencing and colour-coated sheets at Barauni Refinery Township.]"
barauni,03-Sep-2026 06:50 PM,14-Sep-2026 05:00 PM,15-Sep-2026 05:00 PM,"Proposal for lining up Rate Contract for emergency repair works such as  pipeline leak, burst, pilferage and other miscellaneous maintenance  activities in mainline jurisdiction for BKPL stations into 3 Groups   Group A PHBPL Barauni ",ERKLC2653,2026_ERKLK_191194_1,IndianOil||Pipelines||ERPL Kolkata||Materials,https://iocletenders.nic.in/nicgep/app?component=%24DirectLink_0&page=FrontEndAdvancedSearchResult&service=direct&session=T&sp=Spw9LOZ0GW5ZF4UPknDbY6Q%3D%3D,"[Proposal for lining up Rate Contract for emergency repair works such as  pipeline leak, burst, pilferage and other miscellaneous maintenance  activities in mainline jurisdiction for BKPL stations into 3 Groups   Group A PHBPL Barauni ]"
barauni,03-Sep-2026 06:50 PM,14-Sep-2026 05:00 PM,15-Sep-2026 05:00 PM,"Proposal for lining up Rate Contract for emergency repair works such as pipeline leak, burst, pilferage and other miscellaneous maintenance activities in mainline jurisdiction for BKPL stations into 3 Groups Group B BKPL Barauni",ERKLC2653,2026_ERKLK_191194_2,IndianOil||Pipelines||ERPL Kolkata||Materials,https://iocletenders.nic.in/nicgep/app?component=%24DirectLink_0&page=FrontEndAdvancedSearchResult&service=direct&session=T&sp=SpqUnJ9p%2B9qRMZoCYdoNxxA%3D%3D,"[Proposal for lining up Rate Contract for emergency repair works such as pipeline leak, burst, pilferage and other miscellaneous maintenance activities in mainline jurisdiction for BKPL stations into 3 Groups Group B BKPL Barauni]"
barauni,03-Sep-2026 05:00 PM,24-Sep-2026 03:00 PM,25-Sep-2026 03:00 PM,"Rate contract for procurement of UF membrane for Barauni, Haldia and Mathura Refinery",RHQMM26208,2026_REFHQ_191283_1,IndianOil||Refineries||Refineries HQ||Materials,https://iocletenders.nic.in/nicgep/app?component=%24DirectLink_0&page=FrontEndAdvancedSearchResult&service=direct&session=T&sp=SsmT6UdpydcjcohXqGTjsAQ%3D%3D,"[Rate contract for procurement of UF membrane for Barauni, Haldia and Mathura Refinery]"
barauni,03-Sep-2026 03:00 PM,24-Sep-2026 03:00 PM,25-Sep-2026 03:30 PM,"Industrial Painting of Pipelines, Structures, Equipment, and Associated Facilities in Unit and Offsite Areas at Barauni Refinery (Part-A and Part-B).",9020C26C69,2026_BR_191281_1,IndianOil||Refineries||Barauni Refinery||Contract,https://iocletenders.nic.in/nicgep/app?component=%24DirectLink_0&page=FrontEndAdvancedSearchResult&service=direct&session=T&sp=Sf91yyx5wxNqLgfsSRLHUPw%3D%3D,"[Industrial Painting of Pipelines, Structures, Equipment, and Associated Facilities in Unit and Offsite Areas at Barauni Refinery (Part-A and Part-B).]"
barauni,04-Jul-2026 03:30 PM,09-Sep-2026 03:00 PM,10-Sep-2026 03:30 PM,LSTK works for Re-Orientation of power evacuation network at 33KV level and modification of 33KV GIS Boards for development of grid isolation and islanding scheme with TPS of Barauni Refinery,9020C26C15,2026_BR_190479_1,IndianOil||Refineries||Barauni Refinery||Contract,https://iocletenders.nic.in/nicgep/app?component=%24DirectLink_0&page=FrontEndAdvancedSearchResult&service=direct&session=T&sp=SmcP71sbkCldelSSPuveFFg%3D%3D,[LSTK works for Re-Orientation of power evacuation network at 33KV level and modification of 33KV GIS Boards for development of grid isolation and islanding scheme with TPS of Barauni Refinery]
koyali,19-Aug-2026 05:00 PM,09-Sep-2026 02:30 PM,10-Sep-2026 03:00 PM,"Design, Supply, Installation, Customization, Calibration, Testing and Commissioning of Optical Fiber based Pipeline Intrusion Detection and Warning System (PIDWS) in Koyali Ahmednagar Solapur Pipeline (KASPL) and Kot-Jodhpur Pipeline with 5 years AMC",PLCC/PIDWS/TI/26052,2026_PLHO_191027_1,IndianOil||Pipelines||Pipelines HO||Contracts,https://iocletenders.nic.in/nicgep/app?component=%24DirectLink_0&page=FrontEndAdvancedSearchResult&service=direct&session=T&sp=SfVUlx8Hu77xuyjrPynq%2Btw%3D%3D,"[Design, Supply, Installation, Customization, Calibration, Testing and Commissioning of Optical Fiber based Pipeline Intrusion Detection and Warning System (PIDWS) in Koyali Ahmednagar Solapur Pipeline (KASPL) and Kot-Jodhpur Pipeline with 5 years AMC]"
marketing,08-Sep-2026 04:00 PM,22-Sep-2026 04:00 PM,23-Sep-2026 04:00 PM,"Design, fabrication, supply and erection of Geodesic Aluminum Dome Roof for conversion of existing 01 No. External Floating Roof (EFR) Tank (6100 KL Capacity, 24 M Dia X 15 M Ht.) into Internal Floating Roof (IFR) Tank at Barauni Marketing Terminal.",ER-MnC/2026-27/PT/199,2026_ERO_191335_1,IndianOil||Marketing||Eastern Region Office||Contract Cell,https://iocletenders.nic.in/nicgep/app?component=%24DirectLink_0&page=FrontEndAdvancedSearchResult&service=direct&session=T&sp=SAjPTRIntJceDCi9v6MPipg%3D%3D,"[Design, fabrication, supply and erection of Geodesic Aluminum Dome Roof for conversion of existing 01 No. External Floating Roof (EFR) Tank (6100 KL Capacity, 24 M Dia X 15 M Ht.) into Internal Floating Roof (IFR) Tank at Barauni Marketing Terminal.]"
marketing,07-Sep-2026 04:00 PM,28-Sep-2026 04:00 PM,29-Sep-2026 04:00 PM,Appointment of 3rd party for outsourcing of manufacturing and marketing of IOC CLEARBLUE for the State of Madhya Pradesh under NFR model under brand of IOC Clearblue,MnC/LUB-23/PT-62/26-27,2026_MKTHO_191306_1,IndianOil||Marketing||Marketing HO||Contract Cell,https://iocletenders.nic.in/nicgep/app?component=%24DirectLink_0&page=FrontEndAdvancedSearchResult&service=direct&session=T&sp=Sp6%2BLC2nQ6zTZlsGJ2tHJSw%3D%3D,[Appointment of 3rd party for outsourcing of manufacturing and marketing of IOC CLEARBLUE for the State of Madhya Pradesh under NFR model under brand of IOC Clearblue]
marketing,27-Aug-2026 03:00 PM,17-Sep-2026 02:30 PM,18-Sep-2026 03:00 PM,Construction of Non Plant Buildings Sheds and allied facilities/works including associated works at Marketing Terminal Jhapa Nepal,PLCC/SJPL Buildings/CL/26061,2026_PLHO_191141_1,IndianOil||Pipelines||Pipelines HO||Contracts,https://iocletenders.nic.in/nicgep/app?component=%24DirectLink_0&page=FrontEndAdvancedSearchResult&service=direct&session=T&sp=SbzN8lDtOPXiYilN6%2F6v7MA%3D%3D,[Construction of Non Plant Buildings Sheds and allied facilities/works including associated works at Marketing Terminal Jhapa Nepal]
construction,08-Sep-2026 03:00 PM,15-Sep-2026 03:00 PM,16-Sep-2026 03:00 PM,CONSTRUCTION OF NEW A SITE RO AT LOCATION WITHIN 8 KM FROM RAIKERA CHOWK BAGICHA TOWARDS JASHPUR ON SH 17 BAGICHA RAIKERA KUNKURI ROAD UNDER AMBIKAPUR EAST RSA DISTT JASHPUR Location Sr No 204 SRMP 2023 UNDER RAIPUR DIVISIONAL OFFICE,WRMC/2026-27/LT/324,2026_WRO_191328_1,IndianOil||Marketing||Western Region Office||Contracts Cell,https://iocletenders.nic.in/nicgep/app?component=%24DirectLink_0&page=FrontEndAdvancedSearchResult&service=direct&session=T&sp=SkbVjLVpID6roRbVS2wyZMQ%3D%3D,[CONSTRUCTION OF NEW A SITE RO AT LOCATION WITHIN 8 KM FROM RAIKERA CHOWK BAGICHA TOWARDS JASHPUR ON SH 17 BAGICHA RAIKERA KUNKURI ROAD UNDER AMBIKAPUR EAST RSA DISTT JASHPUR Location Sr No 204 SRMP 2023 UNDER RAIPUR DIVISIONAL OFFICE]
construction,08-Sep-2026 09:00 AM,15-Sep-2026 09:00 AM,16-Sep-2026 09:00 AM, Construction of new A site Retail Outlet  Bekal,MnC/SR/BBS/LT/119/KeSO/2026-27,2026_SROTN_191317_1,IndianOil||Marketing||Southern Region and Tamilnadu State Office||Contracts Cell,https://iocletenders.nic.in/nicgep/app?component=%24DirectLink_0&page=FrontEndAdvancedSearchResult&service=direct&session=T&sp=SxWwn1yBxOGqNvJxQzQqaNA%3D%3D,[ Construction of new A site Retail Outlet  Bekal]
construction,07-Sep-2026 05:00 PM,14-Sep-2026 05:00 PM,15-Sep-2026 05:00 PM,New A Site RO Construction at Village NAYAGAON TEHSIL WAZIRPUR District Sawai Madhopur under Ajmer DO of Rajasthan State Office,MnC/NR/RSO/ENG/LT-157/26-27,2026_NRO_191319_1,IndianOil||Marketing||Northern Region Office||Contract Cell,https://iocletenders.nic.in/nicgep/app?component=%24DirectLink_0&page=FrontEndAdvancedSearchResult&service=direct&session=T&sp=S9IqTLYo%2Fo4GHKgolb5CHOA%3D%3D,[New A Site RO Construction at Village NAYAGAON TEHSIL WAZIRPUR District Sawai Madhopur under Ajmer DO of Rajasthan State Office]
construction,07-Sep-2026 02:00 PM,14-Sep-2026 02:00 PM,15-Sep-2026 02:00 PM,"Construction of Foam Trolley Bank(s) with provision for Gravity Feeding of Foam to Connected HVLRs at Ambabai, Jhansi Depot, District Jhansi, Uttar Pradesh, under UPSO-I",MnC/NR/UPSO-I/ENG/LT-156/26-27,2026_NRO_191296_1,IndianOil||Marketing||Northern Region Office||Contract Cell,https://iocletenders.nic.in/nicgep/app?component=%24DirectLink_0&page=FrontEndAdvancedSearchResult&service=direct&session=T&sp=SLFLsVoUNqEmknen6GHJ9UA%3D%3D,"[Construction of Foam Trolley Bank(s) with provision for Gravity Feeding of Foam to Connected HVLRs at Ambabai, Jhansi Depot, District Jhansi, Uttar Pradesh, under UPSO-I]"
construction,04-Sep-2026 04:00 PM,25-Sep-2026 04:00 PM,26-Sep-2026 04:00 PM,"Construction of Roads, drains and culverts at LPG BP, Mualkhang",MnC/LPG-6/PT-56/26-27,2026_MKTHO_191236_1,IndianOil||Marketing||Marketing HO||Contract Cell,https://iocletenders.nic.in/nicgep/app?component=%24DirectLink_0&page=FrontEndAdvancedSearchResult&service=direct&session=T&sp=SJ0w8n2rszALxHT4LhOj1AQ%3D%3D,"[Construction of Roads, drains and culverts at LPG BP, Mualkhang]"
construction,04-Sep-2026 09:00 AM,11-Sep-2026 09:00 AM,14-Sep-2026 11:00 AM,Construction of Foam Trolley Banks with provision for Gravity Feeding of Foam to Connected HVLRs Amausi Lucknow Terminal District Lucknow Uttar Pradesh under UPSOI,MnC/NR/UPSOI/ENG/LT-155/26-27,2026_NRO_191290_1,IndianOil||Marketing||Northern Region Office||Contract Cell,https://iocletenders.nic.in/nicgep/app?component=%24DirectLink_0&page=FrontEndAdvancedSearchResult&service=direct&session=T&sp=SF%2BMod9YwL3C%2BoY%2FClJMfTw%3D%3D,[Construction of Foam Trolley Banks with provision for Gravity Feeding of Foam to Connected HVLRs Amausi Lucknow Terminal District Lucknow Uttar Pradesh under UPSOI]
construction,04-Sep-2026 09:00 AM,11-Sep-2026 09:00 AM,14-Sep-2026 09:00 AM, Construction of new A site Retail Outlet Purathur,MnC/SR/BBS/LT/117/KeSO/2026-27,2026_SROTN_191275_1,IndianOil||Marketing||Southern Region and Tamilnadu State Office||Contracts Cell,https://iocletenders.nic.in/nicgep/app?component=%24DirectLink_0&page=FrontEndAdvancedSearchResult&service=direct&session=T&sp=SvRv1IrAK04FTdgyBew8XjA%3D%3D,[ Construction of new A site Retail Outlet Purathur]
construction,03-Sep-2026 06:55 PM,10-Sep-2026 06:55 PM,11-Sep-2026 06:55 PM,"Construction of new A site Retail Outlet with facilities like Sales Building, Canopy, Paver block driveway and other allied civil, electrical works at location Kalpetta Town on Bypass Road, District Wayanad under Kozhikode Div Office, Kerala SO",MnC/SR/RSR/LT/116/KESO/2026-27,2026_SROTN_191276_1,IndianOil||Marketing||Southern Region and Tamilnadu State Office||Contracts Cell,https://iocletenders.nic.in/nicgep/app?component=%24DirectLink_0&page=FrontEndAdvancedSearchResult&service=direct&session=T&sp=SWrbIL6JxbEUbaL3h%2BqGcLw%3D%3D,"[Construction of new A site Retail Outlet with facilities like Sales Building, Canopy, Paver block driveway and other allied civil, electrical works at location Kalpetta Town on Bypass Road, District Wayanad under Kozhikode Div Office, Kerala SO]"
construction,03-Sep-2026 05:00 PM,10-Sep-2026 05:00 PM,11-Sep-2026 05:00 PM,"Construction of Foam Trolley Banks with provision for Gravity Feeding of Foam to Connected HVLRs at Baitalpur, Baitalpur Depot, District Devoria, Uttar Pradesh, under UPSO-I.",MnC/NR/UPSO-I/ENG/LT-152/26-27,2026_NRO_191292_1,IndianOil||Marketing||Northern Region Office||Contract Cell,https://iocletenders.nic.in/nicgep/app?component=%24DirectLink_0&page=FrontEndAdvancedSearchResult&service=direct&session=T&sp=SbuN%2Bmg7YU4GDwQWAs7ZBDw%3D%3D,"[Construction of Foam Trolley Banks with provision for Gravity Feeding of Foam to Connected HVLRs at Baitalpur, Baitalpur Depot, District Devoria, Uttar Pradesh, under UPSO-I.]"
construction,03-Sep-2026 05:00 PM,10-Sep-2026 05:00 PM,11-Sep-2026 05:00 PM,"MnC/SR/BNR/LT/107/KESO/2026-27 Construction of new  A Site Retail Outlet with facilities like Sales Building, Canopy, Paver block driveway and other allied civil  electrical works at location Kozhikode City 1 , Chelavoor on CWRDM Road in Kozhikode",MnC/SR/BNR/LT/107/KESO/2026-27,2026_SROTN_191235_1,IndianOil||Marketing||Southern Region and Tamilnadu State Office||Contracts Cell,https://iocletenders.nic.in/nicgep/app?component=%24DirectLink_0&page=FrontEndAdvancedSearchResult&service=direct&session=T&sp=SOeTFSdhbBV6FLyotlWGM5w%3D%3D,"[MnC/SR/BNR/LT/107/KESO/2026-27 Construction of new  A Site Retail Outlet with facilities like Sales Building, Canopy, Paver block driveway and other allied civil  electrical works at location Kozhikode City 1 , Chelavoor on CWRDM Road in Kozhikode]"
construction,03-Sep-2026 04:00 PM,10-Sep-2026 04:00 PM,11-Sep-2026 04:00 PM,"CONSTRUCTION OF NEW BULK PETROLEUM INSTALLATION INVOLVING PIPELINE WORKS, TANK _ DU INSTALLATION, ELECTRICAL WORKS AND ASSOCIATED ALLIED CIVIL_STRUCTURAL WORKS AT ARMY UNIT - KM-120 CHONGTASH, LADAKH UNDER PUNJAB STATE OFFICE",MnC/NR/PSO/ENG/LT-137/26-27,2026_NRO_191179_1,IndianOil||Marketing||Northern Region Office||Contract Cell,https://iocletenders.nic.in/nicgep/app?component=%24DirectLink_0&page=FrontEndAdvancedSearchResult&service=direct&session=T&sp=Sa3J2KJNYvrHwRgKwaIQ4fA%3D%3D,"[CONSTRUCTION OF NEW BULK PETROLEUM INSTALLATION INVOLVING PIPELINE WORKS, TANK _ DU INSTALLATION, ELECTRICAL WORKS AND ASSOCIATED ALLIED CIVIL_STRUCTURAL WORKS AT ARMY UNIT - KM-120 CHONGTASH, LADAKH UNDER PUNJAB STATE OFFICE]"
construction,02-Sep-2026 06:00 PM,09-Sep-2026 03:00 PM,10-Sep-2026 03:00 PM,	CONSTRUCTION OF NEW A SITE RETAIL OUTLET Between KM stone no 1 and KM Stone no 3 on Thandla Kushalgadh State Highway on Right hand side While going to Kushalgarh from Thandla UNDER INDORE DIVISIONAL OFFICE OF MADHYA PRADESH STATE,WRMC/2026-27/LT/342,2026_WRO_191262_1,IndianOil||Marketing||Western Region Office||Contracts Cell,https://iocletenders.nic.in/nicgep/app?component=%24DirectLink_0&page=FrontEndAdvancedSearchResult&service=direct&session=T&sp=SFpVZnYw7NOFXdS6KaEqrEg%3D%3D,[	CONSTRUCTION OF NEW A SITE RETAIL OUTLET Between KM stone no 1 and KM Stone no 3 on Thandla Kushalgadh State Highway on Right hand side While going to Kushalgarh from Thandla UNDER INDORE DIVISIONAL OFFICE OF MADHYA PRADESH STATE]
construction,02-Sep-2026 04:15 PM,09-Sep-2026 04:15 PM,10-Sep-2026 04:15 PM,"Construction of new A Site Retail Outlet with facilities at location Within 6 Kms from Parappanangadi Railway Overbridge towards Tirurangadi on SH 65, Malappuram under Kozhikode DO, Kerala",MnC/SR/AR/LT/111/KESO/2026-27 ,2026_SROTN_191244_1,IndianOil||Marketing||Southern Region and Tamilnadu State Office||Contracts Cell,https://iocletenders.nic.in/nicgep/app?component=%24DirectLink_0&page=FrontEndAdvancedSearchResult&service=direct&session=T&sp=SGU%2BWfxi1cpZMIbv%2Ff4xd%2Bw%3D%3D,"[Construction of new A Site Retail Outlet with facilities at location Within 6 Kms from Parappanangadi Railway Overbridge towards Tirurangadi on SH 65, Malappuram under Kozhikode DO, Kerala]"
construction,02-Sep-2026 04:15 PM,09-Sep-2026 04:15 PM,10-Sep-2026 04:15 PM,Construction of new A Site RO with facilities like Sales Building Canopy Paver block driveway and other allied civil and electrical works at location From Kayamkulam Police Station to Chettikulangara Bhagavathi Temple on SH Alappuzha under Cochin DO ,MnC/SR/AR/LT/110/KESO/2026-27,2026_SROTN_191243_1,IndianOil||Marketing||Southern Region and Tamilnadu State Office||Contracts Cell,https://iocletenders.nic.in/nicgep/app?component=%24DirectLink_0&page=FrontEndAdvancedSearchResult&service=direct&session=T&sp=SdCX3Uh2PTZcRLokF%2B6kVtw%3D%3D,[Construction of new A Site RO with facilities like Sales Building Canopy Paver block driveway and other allied civil and electrical works at location From Kayamkulam Police Station to Chettikulangara Bhagavathi Temple on SH Alappuzha under Cochin DO ]
construction,02-Sep-2026 03:00 PM,09-Sep-2026 03:00 PM,10-Sep-2026 03:00 PM,"Construction of new A Site Retail Outlet with facilities like Sales Building, Canopy, Paver block driveway and other allied civil and electrical works at location From Kulathur Junction to Calicut Airport within Kondotty Municipal Limits, KESO",MnC/SR/RS/LT/105/KESO/2026-27,2026_SROTN_191226_1,IndianOil||Marketing||Southern Region and Tamilnadu State Office||Contracts Cell,https://iocletenders.nic.in/nicgep/app?component=%24DirectLink_0&page=FrontEndAdvancedSearchResult&service=direct&session=T&sp=SiQPLWpmLm%2FJq2MP85YnlzA%3D%3D,"[Construction of new A Site Retail Outlet with facilities like Sales Building, Canopy, Paver block driveway and other allied civil and electrical works at location From Kulathur Junction to Calicut Airport within Kondotty Municipal Limits, KESO]"
construction,02-Sep-2026 03:00 PM,09-Sep-2026 02:00 PM,10-Sep-2026 03:00 PM,"Construction of new A Site Retail Outlet with facilities like Sales Building, Canopy, Paver block driveway and other allied civil and electrical works at location Between Adoor High School Jn. and Pazhakulam on State Highway 5, District, Pathanamthit",MnC/SR/RS/LT/104/KESO/2026-27,2026_SROTN_191257_1,IndianOil||Marketing||Southern Region and Tamilnadu State Office||Contracts Cell,https://iocletenders.nic.in/nicgep/app?component=%24DirectLink_0&page=FrontEndAdvancedSearchResult&service=direct&session=T&sp=SG0ybrZMAZ%2FKCFXg09b%2FPww%3D%3D,"[Construction of new A Site Retail Outlet with facilities like Sales Building, Canopy, Paver block driveway and other allied civil and electrical works at location Between Adoor High School Jn. and Pazhakulam on State Highway 5, District, Pathanamthit]"
construction,02-Sep-2026 12:00 PM,09-Sep-2026 12:00 PM,10-Sep-2026 12:00 PM,"Construction of New A Site KSK at Sy.No.7/1 Of Chikkahandigola Village, Gadag Taluk, Gadag District, Karnataka State Under Belgaum Divisional Office of Karnataka State Office",MnC/SR/RIM/LT/112/KASO/2026-27,2026_SROTN_191249_1,IndianOil||Marketing||Southern Region and Tamilnadu State Office||Contracts Cell,https://iocletenders.nic.in/nicgep/app?component=%24DirectLink_0&page=FrontEndAdvancedSearchResult&service=direct&session=T&sp=SZDXGQWfepG2AKpCpv%2FAzhw%3D%3D,"[Construction of New A Site KSK at Sy.No.7/1 Of Chikkahandigola Village, Gadag Taluk, Gadag District, Karnataka State Under Belgaum Divisional Office of Karnataka State Office]"
construction,27-Aug-2026 03:00 PM,17-Sep-2026 02:30 PM,18-Sep-2026 03:00 PM,Construction of Non Plant Buildings Sheds and allied facilities/works including associated works at Marketing Terminal Jhapa Nepal,PLCC/SJPL Buildings/CL/26061,2026_PLHO_191141_1,IndianOil||Pipelines||Pipelines HO||Contracts,https://iocletenders.nic.in/nicgep/app?component=%24DirectLink_0&page=FrontEndAdvancedSearchResult&service=direct&session=T&sp=SbzN8lDtOPXiYilN6%2F6v7MA%3D%3D,[Construction of Non Plant Buildings Sheds and allied facilities/works including associated works at Marketing Terminal Jhapa Nepal]
construction,26-Aug-2026 04:00 PM,16-Sep-2026 04:00 PM,17-Sep-2026 04:00 PM,"CONSTRUCTION OF 1 Nos 16 M dia x 15 M HT ATF CR TANK 1 Nos 12M dia x15M HT SKO CR TANK WITH ASSOCIATEDIATED FACILITIES INCLUDING PIPELINE WORKS AND EXISTING 2 NO OF SKO TO ATF CONVERSION WORKS IN PETROLEUM STORAGE TERMINAL DEPOT ,DOIMUKH-ARUNACHAL",ER-MAC/2026-27/PT/254,2026_ERO_191144_1,IndianOil||Marketing||Eastern Region Office||Contract Cell,https://iocletenders.nic.in/nicgep/app?component=%24DirectLink_0&page=FrontEndAdvancedSearchResult&service=direct&session=T&sp=SN4fYih5eKy530AUfa%2F5Fqg%3D%3D,"[CONSTRUCTION OF 1 Nos 16 M dia x 15 M HT ATF CR TANK 1 Nos 12M dia x15M HT SKO CR TANK WITH ASSOCIATEDIATED FACILITIES INCLUDING PIPELINE WORKS AND EXISTING 2 NO OF SKO TO ATF CONVERSION WORKS IN PETROLEUM STORAGE TERMINAL DEPOT ,DOIMUKH-ARUNACHAL]"
construction,21-Aug-2026 06:55 PM,18-Sep-2026 02:30 PM,21-Sep-2026 03:00 PM,"Lining up Licensing, Engineering, Procurement and Construction (LEPC) agency for setting up 200 Tons per day (TPD) Segregated Organic Municipal Solid Waste (SOMSW) based Compressed Biogas plant at Gorakhpur",PLCC/CBG-Gorakhpur/EL/26055,2026_PLHO_191087_1,IndianOil||Pipelines||Pipelines HO||Contracts,https://iocletenders.nic.in/nicgep/app?component=%24DirectLink_0&page=FrontEndAdvancedSearchResult&service=direct&session=T&sp=S1IjuBmURczoNM6G1eWbytQ%3D%3D,"[Lining up Licensing, Engineering, Procurement and Construction (LEPC) agency for setting up 200 Tons per day (TPD) Segregated Organic Municipal Solid Waste (SOMSW) based Compressed Biogas plant at Gorakhpur]"
pipe,08-Sep-2026 03:15 PM,16-Sep-2026 03:15 PM,17-Sep-2026 03:15 PM,Carrying out Various Civil Mechanical Pipeline Painting Safety and Allied Works at Ennore LPG Bottling Plant Ennore Chennai,EnnBP/MDT_Works1/LT/2026-27,2026_SROTN_191336_1,IndianOil||Marketing||Southern Region and Tamilnadu State Office||LPG,https://iocletenders.nic.in/nicgep/app?component=%24DirectLink_0&page=FrontEndAdvancedSearchResult&service=direct&session=T&sp=SxAojS%2BDv8req3qaI0HGsXw%3D%3D,[Carrying out Various Civil Mechanical Pipeline Painting Safety and Allied Works at Ennore LPG Bottling Plant Ennore Chennai]
pipe,08-Sep-2026 03:00 PM,22-Sep-2026 03:00 PM,23-Sep-2026 03:00 PM,Carrying out re-routing of existing 10.75 inch OD pipe section of Paradip Raipur Ranchi Pipeline PRRPL by Horizontal Directional Drilling HDD method at ch. 116 KM Saraipalli Korba section in Chhattisgarh,9320C26A91,2026_ERBBS_191331_1,"IndianOil||Pipelines||PRRPL, Bhubaneswar||Technical Services",https://iocletenders.nic.in/nicgep/app?component=%24DirectLink_0&page=FrontEndAdvancedSearchResult&service=direct&session=T&sp=Sxrm5DwY9uvCWDeVoxe2v%2Bw%3D%3D,[Carrying out re-routing of existing 10.75 inch OD pipe section of Paradip Raipur Ranchi Pipeline PRRPL by Horizontal Directional Drilling HDD method at ch. 116 KM Saraipalli Korba section in Chhattisgarh]
pipe,04-Sep-2026 06:00 PM,11-Sep-2026 03:00 PM,14-Sep-2026 02:00 PM,provision of bottom loading facility in 2 nos. of TLF bays at Vashi terminal and modification of JVPL pump house pipelines at JNPT under Maharashtra State Office,WRMC/2026-27/LT/344,2026_WRO_191308_1,IndianOil||Marketing||Western Region Office||Contracts Cell,https://iocletenders.nic.in/nicgep/app?component=%24DirectLink_0&page=FrontEndAdvancedSearchResult&service=direct&session=T&sp=SgCHdHTTrROYyc4k9K0YhlA%3D%3D,[provision of bottom loading facility in 2 nos. of TLF bays at Vashi terminal and modification of JVPL pump house pipelines at JNPT under Maharashtra State Office]
pipe,04-Sep-2026 03:00 PM,18-Sep-2026 03:00 PM,21-Sep-2026 03:30 PM,Cleaning and removal of debris/earth underneath pipe racks in Haldia Refinery,9040C26C69,2026_HR_191302_1,IndianOil||Refineries||Haldia Refinery||Contracts,https://iocletenders.nic.in/nicgep/app?component=%24DirectLink_0&page=FrontEndAdvancedSearchResult&service=direct&session=T&sp=SIBi8WZc%2Fj1W57e6s1V9tqQ%3D%3D,[Cleaning and removal of debris/earth underneath pipe racks in Haldia Refinery]
pipe,03-Sep-2026 06:50 PM,14-Sep-2026 05:00 PM,15-Sep-2026 05:00 PM,"Proposal for lining up Rate Contract for emergency repair works such as  pipeline leak, burst, pilferage and other miscellaneous maintenance  activities in mainline jurisdiction for BKPL stations into 3 Groups   Group A PHBPL Barauni ",ERKLC2653,2026_ERKLK_191194_1,IndianOil||Pipelines||ERPL Kolkata||Materials,https://iocletenders.nic.in/nicgep/app?component=%24DirectLink_0&page=FrontEndAdvancedSearchResult&service=direct&session=T&sp=Spw9LOZ0GW5ZF4UPknDbY6Q%3D%3D,"[Proposal for lining up Rate Contract for emergency repair works such as  pipeline leak, burst, pilferage and other miscellaneous maintenance  activities in mainline jurisdiction for BKPL stations into 3 Groups   Group A PHBPL Barauni ]"
pipe,03-Sep-2026 06:50 PM,14-Sep-2026 05:00 PM,15-Sep-2026 05:00 PM,"Proposal for lining up Rate Contract for emergency repair works such as pipeline leak, burst, pilferage and other miscellaneous maintenance activities in mainline jurisdiction for BKPL stations into 3 Groups Group B BKPL Barauni",ERKLC2653,2026_ERKLK_191194_2,IndianOil||Pipelines||ERPL Kolkata||Materials,https://iocletenders.nic.in/nicgep/app?component=%24DirectLink_0&page=FrontEndAdvancedSearchResult&service=direct&session=T&sp=SpqUnJ9p%2B9qRMZoCYdoNxxA%3D%3D,"[Proposal for lining up Rate Contract for emergency repair works such as pipeline leak, burst, pilferage and other miscellaneous maintenance activities in mainline jurisdiction for BKPL stations into 3 Groups Group B BKPL Barauni]"
pipe,03-Sep-2026 06:50 PM,14-Sep-2026 05:00 PM,15-Sep-2026 05:00 PM,"Proposal for lining up Rate Contract for emergency repair works such as pipeline leak, burst, pilferage and other miscellaneous maintenance activities in mainline jurisdiction for BKPL stations into 3 Groups Group C ERPL Jasidih",ERKLC2653,2026_ERKLK_191194_3,IndianOil||Pipelines||ERPL Kolkata||Materials,https://iocletenders.nic.in/nicgep/app?component=%24DirectLink_0&page=FrontEndAdvancedSearchResult&service=direct&session=T&sp=SMqMQEIfEZRFbF9m%2B4SfP8w%3D%3D,"[Proposal for lining up Rate Contract for emergency repair works such as pipeline leak, burst, pilferage and other miscellaneous maintenance activities in mainline jurisdiction for BKPL stations into 3 Groups Group C ERPL Jasidih]"
pipe,03-Sep-2026 04:00 PM,10-Sep-2026 04:00 PM,11-Sep-2026 04:00 PM,"CONSTRUCTION OF NEW BULK PETROLEUM INSTALLATION INVOLVING PIPELINE WORKS, TANK _ DU INSTALLATION, ELECTRICAL WORKS AND ASSOCIATED ALLIED CIVIL_STRUCTURAL WORKS AT ARMY UNIT - KM-120 CHONGTASH, LADAKH UNDER PUNJAB STATE OFFICE",MnC/NR/PSO/ENG/LT-137/26-27,2026_NRO_191179_1,IndianOil||Marketing||Northern Region Office||Contract Cell,https://iocletenders.nic.in/nicgep/app?component=%24DirectLink_0&page=FrontEndAdvancedSearchResult&service=direct&session=T&sp=Sa3J2KJNYvrHwRgKwaIQ4fA%3D%3D,"[CONSTRUCTION OF NEW BULK PETROLEUM INSTALLATION INVOLVING PIPELINE WORKS, TANK _ DU INSTALLATION, ELECTRICAL WORKS AND ASSOCIATED ALLIED CIVIL_STRUCTURAL WORKS AT ARMY UNIT - KM-120 CHONGTASH, LADAKH UNDER PUNJAB STATE OFFICE]"
pipe,03-Sep-2026 03:00 PM,24-Sep-2026 03:00 PM,25-Sep-2026 03:30 PM,"Industrial Painting of Pipelines, Structures, Equipment, and Associated Facilities in Unit and Offsite Areas at Barauni Refinery (Part-A and Part-B).",9020C26C69,2026_BR_191281_1,IndianOil||Refineries||Barauni Refinery||Contract,https://iocletenders.nic.in/nicgep/app?component=%24DirectLink_0&page=FrontEndAdvancedSearchResult&service=direct&session=T&sp=Sf91yyx5wxNqLgfsSRLHUPw%3D%3D,"[Industrial Painting of Pipelines, Structures, Equipment, and Associated Facilities in Unit and Offsite Areas at Barauni Refinery (Part-A and Part-B).]"
pipe,01-Sep-2026 04:30 PM,15-Sep-2026 04:30 PM,16-Sep-2026 04:30 PM,"Supply, Installation, Testing and Commissioning of AC Interference mitigation measures for 681 Km of WRPL Pipelines Gp01 Chaksu to Mathura",PWRJT26508,2026_WRRAJ_190881_1,IndianOil||Pipelines||WRPL Rajkot||Technical Services,https://iocletenders.nic.in/nicgep/app?component=%24DirectLink_0&page=FrontEndAdvancedSearchResult&service=direct&session=T&sp=SPnjMkgo7cfFcxDaMZ5gQ8A%3D%3D,"[Supply, Installation, Testing and Commissioning of AC Interference mitigation measures for 681 Km of WRPL Pipelines Gp01 Chaksu to Mathura]"
pipe,01-Sep-2026 04:30 PM,15-Sep-2026 04:30 PM,16-Sep-2026 04:30 PM,"Supply, Installation, Testing and Commissioning of AC Interference mitigation measures for 681 Km of WRPL Pipelines. Gp02 Abu Road to Kot",PWRJT26508,2026_WRRAJ_190881_2,IndianOil||Pipelines||WRPL Rajkot||Technical Services,https://iocletenders.nic.in/nicgep/app?component=%24DirectLink_0&page=FrontEndAdvancedSearchResult&service=direct&session=T&sp=SZuKCdMasfZc%2Fh%2FXP39D6OQ%3D%3D,"[Supply, Installation, Testing and Commissioning of AC Interference mitigation measures for 681 Km of WRPL Pipelines. Gp02 Abu Road to Kot]"
pipe,27-Aug-2026 06:30 PM,17-Sep-2026 02:30 PM,18-Sep-2026 03:00 PM,"INSTALLATION OF 8.625 INCH OD, 4.3 KM (APPROX.) CROSS COUNTRY PIPELINE and ASSOCIATED COMBINED STATION WORKS AT IOCL WILLINGDON ISLAND TERMINAL AND SNC NORTH JETTY UNDER KOCHI HFHSD PIPELINE PROJECT.",PLCC/Kochi HFHSD PL/others/26059,2026_PLHO_191172_1,IndianOil||Pipelines||Pipelines HO||Contracts,https://iocletenders.nic.in/nicgep/app?component=%24DirectLink_0&page=FrontEndAdvancedSearchResult&service=direct&session=T&sp=SasvGQEWKHc94ZKzdU8GPqA%3D%3D,"[INSTALLATION OF 8.625 INCH OD, 4.3 KM (APPROX.) CROSS COUNTRY PIPELINE and ASSOCIATED COMBINED STATION WORKS AT IOCL WILLINGDON ISLAND TERMINAL AND SNC NORTH JETTY UNDER KOCHI HFHSD PIPELINE PROJECT.]"
pipe,27-Aug-2026 03:00 PM,10-Sep-2026 03:00 PM,11-Sep-2026 03:30 PM,Annual Rate Contract for Facility Management Services at Pipelines Kaushal Vikas Kendra Budhpur Rewari,PNP26047,2026_NRPNP_191165_1,IndianOil||Pipelines||NRPL Panipat||Materials,https://iocletenders.nic.in/nicgep/app?component=%24DirectLink_0&page=FrontEndAdvancedSearchResult&service=direct&session=T&sp=SmyjrfTqfmTyN0LG%2FcAqOsg%3D%3D,[Annual Rate Contract for Facility Management Services at Pipelines Kaushal Vikas Kendra Budhpur Rewari]
pipe,26-Aug-2026 04:00 PM,16-Sep-2026 04:00 PM,17-Sep-2026 04:00 PM,"CONSTRUCTION OF 1 Nos 16 M dia x 15 M HT ATF CR TANK 1 Nos 12M dia x15M HT SKO CR TANK WITH ASSOCIATEDIATED FACILITIES INCLUDING PIPELINE WORKS AND EXISTING 2 NO OF SKO TO ATF CONVERSION WORKS IN PETROLEUM STORAGE TERMINAL DEPOT ,DOIMUKH-ARUNACHAL",ER-MAC/2026-27/PT/254,2026_ERO_191144_1,IndianOil||Marketing||Eastern Region Office||Contract Cell,https://iocletenders.nic.in/nicgep/app?component=%24DirectLink_0&page=FrontEndAdvancedSearchResult&service=direct&session=T&sp=SN4fYih5eKy530AUfa%2F5Fqg%3D%3D,"[CONSTRUCTION OF 1 Nos 16 M dia x 15 M HT ATF CR TANK 1 Nos 12M dia x15M HT SKO CR TANK WITH ASSOCIATEDIATED FACILITIES INCLUDING PIPELINE WORKS AND EXISTING 2 NO OF SKO TO ATF CONVERSION WORKS IN PETROLEUM STORAGE TERMINAL DEPOT ,DOIMUKH-ARUNACHAL]"
pipe,21-Aug-2026 04:00 PM,11-Sep-2026 04:00 PM,12-Sep-2026 04:00 PM,"FABRICATION, ERECTION, TESTING AND COMMISSIONING OF 24 INCHES ABOVE-GROUND VLSFO DOCK LINE INCLUDING UTILIZATION OF EXISTING LPG PIPELINE SUPPORT STRUCTURES, CONSTRUCTION OF NEW PIPE SUPPORTS, FOUNDATIONS AND ALLIED CIVIL WORKS AT KANDLA PORT ",WRMC/2026-27/PT/280,2026_WRO_191096_1,IndianOil||Marketing||Western Region Office||Contracts Cell,https://iocletenders.nic.in/nicgep/app?component=%24DirectLink_0&page=FrontEndAdvancedSearchResult&service=direct&session=T&sp=SBorW3BI4A0RsUouO9A%2FxOw%3D%3D,"[FABRICATION, ERECTION, TESTING AND COMMISSIONING OF 24 INCHES ABOVE-GROUND VLSFO DOCK LINE INCLUDING UTILIZATION OF EXISTING LPG PIPELINE SUPPORT STRUCTURES, CONSTRUCTION OF NEW PIPE SUPPORTS, FOUNDATIONS AND ALLIED CIVIL WORKS AT KANDLA PORT ]"
pipe,19-Aug-2026 05:00 PM,09-Sep-2026 02:30 PM,10-Sep-2026 03:00 PM,"Design, Supply, Installation, Customization, Calibration, Testing and Commissioning of Optical Fiber based Pipeline Intrusion Detection and Warning System (PIDWS) in Koyali Ahmednagar Solapur Pipeline (KASPL) and Kot-Jodhpur Pipeline with 5 years AMC",PLCC/PIDWS/TI/26052,2026_PLHO_191027_1,IndianOil||Pipelines||Pipelines HO||Contracts,https://iocletenders.nic.in/nicgep/app?component=%24DirectLink_0&page=FrontEndAdvancedSearchResult&service=direct&session=T&sp=SfVUlx8Hu77xuyjrPynq%2Btw%3D%3D,"[Design, Supply, Installation, Customization, Calibration, Testing and Commissioning of Optical Fiber based Pipeline Intrusion Detection and Warning System (PIDWS) in Koyali Ahmednagar Solapur Pipeline (KASPL) and Kot-Jodhpur Pipeline with 5 years AMC]"
fastener,08-Sep-2026 05:00 PM,22-Sep-2026 12:00 PM,23-Sep-2026 02:00 PM,SPN/B269-000-WE-MR-3652/397 - FASTENERS FOR P-25 PROJECT OF M/s INDIAN OIL CORPORATION LIMITED ,SPN/B269-000-WE-MR-3652/397,2026_REFHQ_191332_1,IndianOil||Refineries||Refineries HQ||Project - PMC||PRPC- P25||Project Group,https://iocletenders.nic.in/nicgep/app?component=%24DirectLink_0&page=FrontEndAdvancedSearchResult&service=direct&session=T&sp=SydvvR7GmTag9Bx%2FstXEKuA%3D%3D,[SPN/B269-000-WE-MR-3652/397 - FASTENERS FOR P-25 PROJECT OF M/s INDIAN OIL CORPORATION LIMITED ]
fastener,02-Sep-2026 05:45 PM,17-Sep-2026 02:30 PM,18-Sep-2026 03:00 PM,SUPPLY OF FASTENERS (LOT-2),TP/214227C/DR/1370-0301/1111,2026_REFHQ_191266_1,IndianOil||Refineries||Refineries HQ||Project - PMC||Digboi-DR 1.0 Expansion||Project Group,https://iocletenders.nic.in/nicgep/app?component=%24DirectLink_0&page=FrontEndAdvancedSearchResult&service=direct&session=T&sp=SriGhomR8JQn9uBqdgii6Ww%3D%3D,[SUPPLY OF FASTENERS (LOT-2)]
bearing,19-Aug-2026 06:00 PM,12-Sep-2026 03:00 PM,14-Sep-2026 03:00 PM,Procurement of Extruder Gearbox and bearings in PP unit at IOCL Paradip Refinery,9070M26F84,2026_PDR_191057_1,IndianOil||Refineries||Paradip Refinery||Materials,https://iocletenders.nic.in/nicgep/app?component=%24DirectLink_0&page=FrontEndAdvancedSearchResult&service=direct&session=T&sp=SNC0lvvy9L%2BXi1%2BuXQN7xTw%3D%3D,[Procurement of Extruder Gearbox and bearings in PP unit at IOCL Paradip Refinery]
tube,27-Aug-2026 03:00 PM,15-Sep-2026 03:00 PM,16-Sep-2026 03:00 PM,"Design, Engineering, Supply, Boring, Installation, Testing and commissioning of Deep Tube Well (5 nos.) by DTH method along with 01 No. Iron removal filter plant (40000 LPH) for providing reliable groundwater-based water supply system ",9010C26B24,2026_GR_191163_1,IndianOil||Refineries||Guwahati Refinery||Contracts,https://iocletenders.nic.in/nicgep/app?component=%24DirectLink_0&page=FrontEndAdvancedSearchResult&service=direct&session=T&sp=SuC0q0Rm52YcrviQdav2I%2Fg%3D%3D,"[Design, Engineering, Supply, Boring, Installation, Testing and commissioning of Deep Tube Well (5 nos.) by DTH method along with 01 No. Iron removal filter plant (40000 LPH) for providing reliable groundwater-based water supply system ]"
tank,08-Sep-2026 04:00 PM,22-Sep-2026 04:00 PM,23-Sep-2026 04:00 PM,"Design, fabrication, supply and erection of Geodesic Aluminum Dome Roof for conversion of existing 01 No. External Floating Roof (EFR) Tank (6100 KL Capacity, 24 M Dia X 15 M Ht.) into Internal Floating Roof (IFR) Tank at Barauni Marketing Terminal.",ER-MnC/2026-27/PT/199,2026_ERO_191335_1,IndianOil||Marketing||Eastern Region Office||Contract Cell,https://iocletenders.nic.in/nicgep/app?component=%24DirectLink_0&page=FrontEndAdvancedSearchResult&service=direct&session=T&sp=SAjPTRIntJceDCi9v6MPipg%3D%3D,"[Design, fabrication, supply and erection of Geodesic Aluminum Dome Roof for conversion of existing 01 No. External Floating Roof (EFR) Tank (6100 KL Capacity, 24 M Dia X 15 M Ht.) into Internal Floating Roof (IFR) Tank at Barauni Marketing Terminal.]"
tank,07-Sep-2026 05:00 PM,14-Sep-2026 05:00 PM,15-Sep-2026 05:00 PM,"Design, supply, installation, testing of Hydrocarbon vapours detection system at Ahmedabad T Bareja for conversion of one no. of tank into Ethanol under GSO",GSO/ENG/2026-27/LT/06,2026_GSO_191320_1,IndianOil||Marketing||Gujarat State Office||Engineering,https://iocletenders.nic.in/nicgep/app?component=%24DirectLink_0&page=FrontEndAdvancedSearchResult&service=direct&session=T&sp=Sd4peR6w6%2FOtHzlRqWaAmJg%3D%3D,"[Design, supply, installation, testing of Hydrocarbon vapours detection system at Ahmedabad T Bareja for conversion of one no. of tank into Ethanol under GSO]"
tank,07-Sep-2026 02:00 PM,28-Sep-2026 02:00 PM,29-Sep-2026 02:00 PM,RATE CONTRACT FOR FABRICATION OF 10KL 20KL 50KL 70KL HORIZONTAL TANKS FOR DIVISIONAL OFFICES UNDER GUJARAT STATE OFFICE,WRMC/2026-27/PT/260,2026_WRO_191310_1,IndianOil||Marketing||Western Region Office||Contracts Cell,https://iocletenders.nic.in/nicgep/app?component=%24DirectLink_0&page=FrontEndAdvancedSearchResult&service=direct&session=T&sp=S4JCRW7%2BsobTg0PBzTCjtCA%3D%3D,[RATE CONTRACT FOR FABRICATION OF 10KL 20KL 50KL 70KL HORIZONTAL TANKS FOR DIVISIONAL OFFICES UNDER GUJARAT STATE OFFICE]
tank,03-Sep-2026 04:00 PM,10-Sep-2026 04:00 PM,11-Sep-2026 04:00 PM,"CONSTRUCTION OF NEW BULK PETROLEUM INSTALLATION INVOLVING PIPELINE WORKS, TANK _ DU INSTALLATION, ELECTRICAL WORKS AND ASSOCIATED ALLIED CIVIL_STRUCTURAL WORKS AT ARMY UNIT - KM-120 CHONGTASH, LADAKH UNDER PUNJAB STATE OFFICE",MnC/NR/PSO/ENG/LT-137/26-27,2026_NRO_191179_1,IndianOil||Marketing||Northern Region Office||Contract Cell,https://iocletenders.nic.in/nicgep/app?component=%24DirectLink_0&page=FrontEndAdvancedSearchResult&service=direct&session=T&sp=Sa3J2KJNYvrHwRgKwaIQ4fA%3D%3D,"[CONSTRUCTION OF NEW BULK PETROLEUM INSTALLATION INVOLVING PIPELINE WORKS, TANK _ DU INSTALLATION, ELECTRICAL WORKS AND ASSOCIATED ALLIED CIVIL_STRUCTURAL WORKS AT ARMY UNIT - KM-120 CHONGTASH, LADAKH UNDER PUNJAB STATE OFFICE]"
tank,01-Sep-2026 11:00 AM,22-Sep-2026 12:00 PM,23-Sep-2026 01:00 PM,Tender for road transportation of bulk petroleum products by bottom loading tank trucks- MS  HSD branded fuels ex Ahmednagar,WRMC/2026-27/PT/265,2026_WRO_191192_1,IndianOil||Marketing||Western Region Office||Contracts Cell,https://iocletenders.nic.in/nicgep/app?component=%24DirectLink_0&page=FrontEndAdvancedSearchResult&service=direct&session=T&sp=SWkFCNBUs1iu4aO%2BkSIvbAQ%3D%3D,[Tender for road transportation of bulk petroleum products by bottom loading tank trucks- MS  HSD branded fuels ex Ahmednagar]
tank,28-Aug-2026 02:00 PM,11-Sep-2026 02:00 PM,14-Sep-2026 10:00 AM,Supply and Application of Polymer based Sealing/filling System on annular  plate projection of tanks at IOCL Mathura Refinery,9050C26C14,2026_MR_191186_1,IndianOil||Refineries||Mathura Refinery||Contracts,https://iocletenders.nic.in/nicgep/app?component=%24DirectLink_0&page=FrontEndAdvancedSearchResult&service=direct&session=T&sp=SC6qJ%2FvEqYc7Ekh1p79Whtg%3D%3D,[Supply and Application of Polymer based Sealing/filling System on annular  plate projection of tanks at IOCL Mathura Refinery]
tank,27-Aug-2026 10:00 AM,16-Sep-2026 02:30 PM,17-Sep-2026 03:00 PM,"TANKAGE CONTRUCTION WORKS FOR JHAPA TERMINAL, NEPAL",PLCC/Tankage Jhapa Terminal/M/26050,2026_PLHO_191134_1,IndianOil||Pipelines||Pipelines HO||Contracts,https://iocletenders.nic.in/nicgep/app?component=%24DirectLink_0&page=FrontEndAdvancedSearchResult&service=direct&session=T&sp=ScApFqJ1FmWb2jrLcGPS58w%3D%3D,"[TANKAGE CONTRUCTION WORKS FOR JHAPA TERMINAL, NEPAL]"
tank,26-Aug-2026 04:00 PM,16-Sep-2026 04:00 PM,17-Sep-2026 04:00 PM,"CONSTRUCTION OF 1 Nos 16 M dia x 15 M HT ATF CR TANK 1 Nos 12M dia x15M HT SKO CR TANK WITH ASSOCIATEDIATED FACILITIES INCLUDING PIPELINE WORKS AND EXISTING 2 NO OF SKO TO ATF CONVERSION WORKS IN PETROLEUM STORAGE TERMINAL DEPOT ,DOIMUKH-ARUNACHAL",ER-MAC/2026-27/PT/254,2026_ERO_191144_1,IndianOil||Marketing||Eastern Region Office||Contract Cell,https://iocletenders.nic.in/nicgep/app?component=%24DirectLink_0&page=FrontEndAdvancedSearchResult&service=direct&session=T&sp=SN4fYih5eKy530AUfa%2F5Fqg%3D%3D,"[CONSTRUCTION OF 1 Nos 16 M dia x 15 M HT ATF CR TANK 1 Nos 12M dia x15M HT SKO CR TANK WITH ASSOCIATEDIATED FACILITIES INCLUDING PIPELINE WORKS AND EXISTING 2 NO OF SKO TO ATF CONVERSION WORKS IN PETROLEUM STORAGE TERMINAL DEPOT ,DOIMUKH-ARUNACHAL]"
tank,24-Aug-2026 04:00 PM,14-Sep-2026 04:00 PM,15-Sep-2026 04:00 PM,PWRJT26317 Maintenance and Inspection  Work of Crude Oil Storage Tanks VT 07 at WRPL Viramgam. ,PWRJT26317,2026_WRRAJ_191067_1,IndianOil||Pipelines||WRPL Rajkot||Technical Services,https://iocletenders.nic.in/nicgep/app?component=%24DirectLink_0&page=FrontEndAdvancedSearchResult&service=direct&session=T&sp=SjlpoCuWuv2M%2BTIPI6cj4TA%3D%3D,[PWRJT26317 Maintenance and Inspection  Work of Crude Oil Storage Tanks VT 07 at WRPL Viramgam. ]
tank,21-Aug-2026 04:00 PM,18-Sep-2026 04:00 PM,21-Sep-2026 10:30 AM,EOI for Road Transportation of Bulk Petroleum Products MS/ HSD/ Branded Fuels by Top Loading Tank Trucks For Dealers/Consumers Ex- Panipat Terminal,DSO/OPS/POL/EOI/27-32/PMC,2026_DLSO_191076_1,IndianOil||Marketing||Delhi-Haryana State Office||Operations,https://iocletenders.nic.in/nicgep/app?component=%24DirectLink_0&page=FrontEndAdvancedSearchResult&service=direct&session=T&sp=SmZYDrqYiDVO2tcdFdL4NPg%3D%3D,[EOI for Road Transportation of Bulk Petroleum Products MS/ HSD/ Branded Fuels by Top Loading Tank Trucks For Dealers/Consumers Ex- Panipat Terminal]
tank,20-Aug-2026 05:00 PM,10-Sep-2026 05:00 PM,11-Sep-2026 05:00 PM,Raze and rebuilt of existing TLF gantry Fabrication erection and commissioning of Product piping Loading and unloading product pump manifold Fire water network Sprinkler system for existing tanks and Railway Siding area HVLR system Foam System Nozzle,MnC/ENG-6/PT-46/26-27,2026_MKTHO_190920_1,IndianOil||Marketing||Marketing HO||Contract Cell,https://iocletenders.nic.in/nicgep/app?component=%24DirectLink_0&page=FrontEndAdvancedSearchResult&service=direct&session=T&sp=SJ4ByAJ4sjYDOiZiarLVsRg%3D%3D,[Raze and rebuilt of existing TLF gantry Fabrication erection and commissioning of Product piping Loading and unloading product pump manifold Fire water network Sprinkler system for existing tanks and Railway Siding area HVLR system Foam System Nozzle]
tank,17-Aug-2026 10:00 AM,11-Sep-2026 05:00 PM,12-Sep-2026 05:00 PM,"Tank boot sealing job at IOCL Paradip Refinery, Paradip, Odisha.",9070C26B69,2026_PDR_190990_1,IndianOil||Refineries||Paradip Refinery||Contracts,https://iocletenders.nic.in/nicgep/app?component=%24DirectLink_0&page=FrontEndAdvancedSearchResult&service=direct&session=T&sp=S3TMHgns2X7eDQxAK%2BMS9tQ%3D%3D,"[Tank boot sealing job at IOCL Paradip Refinery, Paradip, Odisha.]"
tank,17-Jun-2026 10:00 AM,17-Feb-2027 03:00 PM,18-Feb-2027 03:30 PM,"EMPANELMENT OF SHIPPING COMPANIES/ LINER/ AGENT AS FREIGHT FORWARDER FOR EXPORTING LUBE/GREASE IN SMALLS, PACKS, BARRELS/LOBS(BULK) IN FLEXI TANKS IN ISO CONTAINERS BY SEA SHIPMENTS FROM LBP, CHENNAI FOR THREE YEARS",SR/LC/EXP/PT-01/FF EMP/2026-27/May 2026 ,2026_NRBIJ_190168_1,IndianOil||Pipelines||NRPL Bijwasan||Technical Services,https://iocletenders.nic.in/nicgep/app?component=%24DirectLink_0&page=FrontEndAdvancedSearchResult&service=direct&session=T&sp=SISBa3jcWHu385V0ax2NbXA%3D%3D,"[EMPANELMENT OF SHIPPING COMPANIES/ LINER/ AGENT AS FREIGHT FORWARDER FOR EXPORTING LUBE/GREASE IN SMALLS, PACKS, BARRELS/LOBS(BULK) IN FLEXI TANKS IN ISO CONTAINERS BY SEA SHIPMENTS FROM LBP, CHENNAI FOR THREE YEARS]"
motor,25-Aug-2026 04:00 PM,16-Sep-2026 02:00 PM,17-Sep-2026 03:00 PM,RPRC262366 ARC for Rewinding/ Repairing of HT Motors in P25 Units of Panipat Refinery and Petrochemical Complex.,RPRC262366,2026_PR_191130_1,IndianOil||Refineries||Panipat Refinery||Materials,https://iocletenders.nic.in/nicgep/app?component=%24DirectLink_0&page=FrontEndAdvancedSearchResult&service=direct&session=T&sp=Sq0qRZx%2FYMHTg6K69aDHK8g%3D%3D,[RPRC262366 ARC for Rewinding/ Repairing of HT Motors in P25 Units of Panipat Refinery and Petrochemical Complex.]
motor,12-Aug-2026 06:00 PM,11-Sep-2026 04:00 PM,12-Sep-2026 04:30 PM,DRE226B059 REWINDING OF L.T. MOTORS OF DIGBOI REFINERY AT VENDORS WORKS,DRE226B059,2026_AOD_190743_2,IndianOil||Refineries||AOD Digboi||Contracts Section,https://iocletenders.nic.in/nicgep/app?component=%24DirectLink_0&page=FrontEndAdvancedSearchResult&service=direct&session=T&sp=S9yYn7rxVueNTZ4yWHfztgA%3D%3D,[DRE226B059 REWINDING OF L.T. MOTORS OF DIGBOI REFINERY AT VENDORS WORKS]
transformer,04-Sep-2026 04:00 PM,12-Sep-2026 11:10 AM,15-Sep-2026 02:00 PM,S/I/T/C of Transformer at Kenduapada station chhak towards Barikpur bazar chhak,OSO/RET/ENG/2026-27/LT-04,2026_OSO_191303_1,IndianOil||Marketing||Odisha State Office||Engineering,https://iocletenders.nic.in/nicgep/app?component=%24DirectLink_0&page=FrontEndAdvancedSearchResult&service=direct&session=T&sp=SsgGPRb5h3IYDgPb07Iv2LA%3D%3D,[S/I/T/C of Transformer at Kenduapada station chhak towards Barikpur bazar chhak]
transformer,04-Sep-2026 03:15 PM,12-Sep-2026 10:00 AM,15-Sep-2026 11:00 AM,S/I/T/C of Transformer at Jaida Khata 103 Plot 176 Tehsil Gopabandhunagar District Mayurbhanj ,OSO/RET/ENG/2026-27/LT-03,2026_OSO_191301_1,IndianOil||Marketing||Odisha State Office||Engineering,https://iocletenders.nic.in/nicgep/app?component=%24DirectLink_0&page=FrontEndAdvancedSearchResult&service=direct&session=T&sp=SEC3diHZZXcdsSFlaFk74qw%3D%3D,[S/I/T/C of Transformer at Jaida Khata 103 Plot 176 Tehsil Gopabandhunagar District Mayurbhanj ]
transformer,04-Sep-2026 03:00 PM,12-Sep-2026 12:00 PM,15-Sep-2026 12:00 PM,S/I/T/C of Transformer at Bamunigaon Daringabadi road Kandhamal ,OSO/RET/ENGG/2026-27/LT-02,2026_OSO_191143_1,IndianOil||Marketing||Odisha State Office||Engineering,https://iocletenders.nic.in/nicgep/app?component=%24DirectLink_0&page=FrontEndAdvancedSearchResult&service=direct&session=T&sp=SFg%2Fpv3O8mFhKaf3xTwRPIQ%3D%3D,[S/I/T/C of Transformer at Bamunigaon Daringabadi road Kandhamal ]
transformer,29-Aug-2026 12:00 PM,12-Sep-2026 12:00 PM,14-Sep-2026 03:00 PM,"DRE226B076 Annual rate contract for Servicing and overhauling of Transformers at AOD Refinery, Digboi and IOCL DR Township",DRE226B076,2026_AOD_191202_1,IndianOil||Refineries||AOD Digboi||Contracts Section,https://iocletenders.nic.in/nicgep/app?component=%24DirectLink_0&page=FrontEndAdvancedSearchResult&service=direct&session=T&sp=S%2F3KDGpZezR3nXOBOEBPEPg%3D%3D,"[DRE226B076 Annual rate contract for Servicing and overhauling of Transformers at AOD Refinery, Digboi and IOCL DR Township]"
transformer,27-Aug-2026 02:00 PM,10-Sep-2026 02:30 PM,11-Sep-2026 03:00 PM,RPRC263369 ARC for maintenance and oil testing of transformers at P25 units of PRPC,9060C26C54,2026_PR_191158_1,IndianOil||Refineries||Panipat Refinery||Contracts,https://iocletenders.nic.in/nicgep/app?component=%24DirectLink_0&page=FrontEndAdvancedSearchResult&service=direct&session=T&sp=SLkthVw07BpaYhmb%2Br7e%2BRA%3D%3D,[RPRC263369 ARC for maintenance and oil testing of transformers at P25 units of PRPC]
panel,07-Sep-2026 05:00 PM,21-Sep-2026 05:00 PM,22-Sep-2026 05:00 PM,Combined Station Works for installation and commissioning of HT panel at NRPL Ambala,PNP26075,2026_NRPNP_191322_1,IndianOil||Pipelines||NRPL Panipat||Materials,https://iocletenders.nic.in/nicgep/app?component=%24DirectLink_0&page=FrontEndAdvancedSearchResult&service=direct&session=T&sp=S3c24uECAV891lu0ojMMwUg%3D%3D,[Combined Station Works for installation and commissioning of HT panel at NRPL Ambala]
panel,28-Aug-2026 12:30 PM,14-Sep-2026 03:00 PM,15-Sep-2026 03:00 PM,Empanelment of vendors for supply of Biodiesel (B-100) produced from all feedstocks,OMC/BD/EMP/03/2026-27,2026_MKTHO_191188_1,IndianOil||Marketing||Marketing HO||S and D,https://iocletenders.nic.in/nicgep/app?component=%24DirectLink_0&page=FrontEndAdvancedSearchResult&service=direct&session=T&sp=SqXgChAG5T%2B%2FWDbYzd0gDMw%3D%3D,[Empanelment of vendors for supply of Biodiesel (B-100) produced from all feedstocks]
panel,27-Aug-2026 03:00 PM,18-Sep-2026 03:00 PM,21-Sep-2026 03:30 PM,"Empanelment of System Integrators for Development, Deployment, Migration and Enhancement of AI ML Use Cases across Refineries Division.",9000C26A94,2026_REFHQ_191167_1,IndianOil||Refineries||Refineries HQ||Contracts,https://iocletenders.nic.in/nicgep/app?component=%24DirectLink_0&page=FrontEndAdvancedSearchResult&service=direct&session=T&sp=Sz2K88gNAtzo3HV44WH7g1Q%3D%3D,"[Empanelment of System Integrators for Development, Deployment, Migration and Enhancement of AI ML Use Cases across Refineries Division.]"
panel,20-Aug-2026 03:00 PM,10-Sep-2026 03:00 PM,11-Sep-2026 03:00 PM,Upgradation of Electrical Panel along with Bus Duct and APFC Panel at Old Substation No-1.,9400C26A62,2026_RND_191068_1,IndianOil||Research and  Development||Contract Cell,https://iocletenders.nic.in/nicgep/app?component=%24DirectLink_0&page=FrontEndAdvancedSearchResult&service=direct&session=T&sp=SZKQ5DQClaEU0tSXfjKTE3w%3D%3D,[Upgradation of Electrical Panel along with Bus Duct and APFC Panel at Old Substation No-1.]
panel,24-Jun-2026 11:00 AM,24-Feb-2027 11:00 AM,25-Feb-2027 11:00 AM,PERPETUAL EMPANELMENT OF CONTRACTORS FOR EXECUTION OF VARIOUS TYPES AND NATURE OF ENGINEERING WORKS OF CIVIL MECHANICAL ELECTRICAL IN NATURE UNDER KARNATAKA STATE OFFICE UNDER CATEGORY 1 and CATEGORY II_100_200 LACS,MnC/SR/RIM/PT/058/KASO/2026-27,2026_SROTN_190337_1,IndianOil||Marketing||Southern Region and Tamilnadu State Office||Contracts Cell,https://iocletenders.nic.in/nicgep/app?component=%24DirectLink_0&page=FrontEndAdvancedSearchResult&service=direct&session=T&sp=SespWq0e3v8jwBEEXzcA%2Fzg%3D%3D,[PERPETUAL EMPANELMENT OF CONTRACTORS FOR EXECUTION OF VARIOUS TYPES AND NATURE OF ENGINEERING WORKS OF CIVIL MECHANICAL ELECTRICAL IN NATURE UNDER KARNATAKA STATE OFFICE UNDER CATEGORY 1 and CATEGORY II_100_200 LACS]
panel,17-Jun-2026 10:00 AM,17-Feb-2027 03:00 PM,18-Feb-2027 03:30 PM,"EMPANELMENT OF SHIPPING COMPANIES/ LINER/ AGENT AS FREIGHT FORWARDER FOR EXPORTING LUBE/GREASE IN SMALLS, PACKS, BARRELS/LOBS(BULK) IN FLEXI TANKS IN ISO CONTAINERS BY SEA SHIPMENTS FROM LBP, CHENNAI FOR THREE YEARS",SR/LC/EXP/PT-01/FF EMP/2026-27/May 2026 ,2026_NRBIJ_190168_1,IndianOil||Pipelines||NRPL Bijwasan||Technical Services,https://iocletenders.nic.in/nicgep/app?component=%24DirectLink_0&page=FrontEndAdvancedSearchResult&service=direct&session=T&sp=SISBa3jcWHu385V0ax2NbXA%3D%3D,"[EMPANELMENT OF SHIPPING COMPANIES/ LINER/ AGENT AS FREIGHT FORWARDER FOR EXPORTING LUBE/GREASE IN SMALLS, PACKS, BARRELS/LOBS(BULK) IN FLEXI TANKS IN ISO CONTAINERS BY SEA SHIPMENTS FROM LBP, CHENNAI FOR THREE YEARS]"
panel,15-May-2026 05:00 PM,22-Jan-2027 05:00 PM,23-Jan-2027 05:00 PM,1st Perpetual WSA WL Empanelment,HO/ENGG/WSA/PT-04/26-27,2026_MKTHO_189880_1,IndianOil||Marketing||Marketing HO||Engineering,https://iocletenders.nic.in/nicgep/app?component=%24DirectLink_0&page=FrontEndAdvancedSearchResult&service=direct&session=T&sp=SwrEMzDHxCxJNuB%2FzKrUU0g%3D%3D,[1st Perpetual WSA WL Empanelment]
panel,13-May-2026 05:00 PM,16-Nov-2026 05:00 PM,17-Nov-2026 05:00 PM,1st Perpetual WSA WA Empanelment,HO/ENGG/WSA/PT-03/26-27,2026_MKTHO_189857_1,IndianOil||Marketing||Marketing HO||Engineering,https://iocletenders.nic.in/nicgep/app?component=%24DirectLink_0&page=FrontEndAdvancedSearchResult&service=direct&session=T&sp=S65wcJ9yTndy82IMMORWWaQ%3D%3D,[1st Perpetual WSA WA Empanelment]
panel,25-Mar-2026 01:00 PM,25-Nov-2026 01:00 PM,26-Nov-2026 01:00 PM,Perpetual Empanelment of contractors for Execution of various types and nature of Engineering works under Tamil Nadu State Office under Category I 0-100 Lacs and Category II 100-200 lacs Empanelment for III rd Year,SRCC/AR/PT/223/TNSO/2025-26,2026_SROTN_189141_1,IndianOil||Marketing||Southern Region and Tamilnadu State Office||Contracts Cell,https://iocletenders.nic.in/nicgep/app?component=%24DirectLink_0&page=FrontEndAdvancedSearchResult&service=direct&session=T&sp=SgvS6%2Bsi%2FRonQJJ3h5GSu9g%3D%3D,[Perpetual Empanelment of contractors for Execution of various types and nature of Engineering works under Tamil Nadu State Office under Category I 0-100 Lacs and Category II 100-200 lacs Empanelment for III rd Year]
panel,24-Mar-2026 02:00 PM,24-Nov-2026 02:00 PM,25-Nov-2026 02:00 PM,Perpetual Empanelment of Contractors for Execution of various types and nature of works at IndianOil Cryogenics and LNG stations of IndianOil Cryogenics PAN India,CRYO_PT_IC2526001,2026_IBPN_189410_1,IndianOil||Marketing||IBP Nashik||Materials,https://iocletenders.nic.in/nicgep/app?component=%24DirectLink_0&page=FrontEndAdvancedSearchResult&service=direct&session=T&sp=S4gerqgN%2BMdCDX%2FNqzhZkPg%3D%3D,[Perpetual Empanelment of Contractors for Execution of various types and nature of works at IndianOil Cryogenics and LNG stations of IndianOil Cryogenics PAN India]
instrument,04-Sep-2026 05:00 PM,14-Sep-2026 03:00 PM,15-Sep-2026 03:30 PM,"Miscellaneous Piping, Structural, Mechanical, Electrical  Instrumentation Works for RFCCU Revamp under BR 09 Project.",9020C26C76,2026_BR_191309_1,IndianOil||Refineries||Barauni Refinery||Contract,https://iocletenders.nic.in/nicgep/app?component=%24DirectLink_0&page=FrontEndAdvancedSearchResult&service=direct&session=T&sp=SRXHe76FQT51HeWkPTG02SA%3D%3D,"[Miscellaneous Piping, Structural, Mechanical, Electrical  Instrumentation Works for RFCCU Revamp under BR 09 Project.]"
instrument,26-Aug-2026 03:00 PM,11-Sep-2026 03:00 PM,12-Sep-2026 03:00 PM,"Onsite Electrical and Instrumentation Integration Works and Commissioning Support for Augmentation of Existing LCNG Station at Vizag-Parwada, Andhra Pradesh as per IOCL Scope of Work and Tender Terms and Conditions",CRYO_LT_IC2627007,2026_IBPN_191133_1,IndianOil||Marketing||IBP Nashik||Materials,https://iocletenders.nic.in/nicgep/app?component=%24DirectLink_0&page=FrontEndAdvancedSearchResult&service=direct&session=T&sp=S0e1hsSdhi37t8lEKPnCKYg%3D%3D,"[Onsite Electrical and Instrumentation Integration Works and Commissioning Support for Augmentation of Existing LCNG Station at Vizag-Parwada, Andhra Pradesh as per IOCL Scope of Work and Tender Terms and Conditions]"
instrument,25-Aug-2026 04:00 PM,15-Sep-2026 02:30 PM,16-Sep-2026 03:00 PM,"Design, Engineering, Supply, Installation, Testing and Commissioning of Fire alarm detection system along with Additional Instrumentation for HRPL locations",PLCC/HRPL Fire alarm system/T and I/26060,2026_PLHO_191135_1,IndianOil||Pipelines||Pipelines HO||Contracts,https://iocletenders.nic.in/nicgep/app?component=%24DirectLink_0&page=FrontEndAdvancedSearchResult&service=direct&session=T&sp=S9KykSqxAwrar6CnOMQNAtQ%3D%3D,"[Design, Engineering, Supply, Installation, Testing and Commissioning of Fire alarm detection system along with Additional Instrumentation for HRPL locations]"
plc,27-Aug-2026 06:30 PM,17-Sep-2026 02:30 PM,18-Sep-2026 03:00 PM,"INSTALLATION OF 8.625 INCH OD, 4.3 KM (APPROX.) CROSS COUNTRY PIPELINE and ASSOCIATED COMBINED STATION WORKS AT IOCL WILLINGDON ISLAND TERMINAL AND SNC NORTH JETTY UNDER KOCHI HFHSD PIPELINE PROJECT.",PLCC/Kochi HFHSD PL/others/26059,2026_PLHO_191172_1,IndianOil||Pipelines||Pipelines HO||Contracts,https://iocletenders.nic.in/nicgep/app?component=%24DirectLink_0&page=FrontEndAdvancedSearchResult&service=direct&session=T&sp=SasvGQEWKHc94ZKzdU8GPqA%3D%3D,"[INSTALLATION OF 8.625 INCH OD, 4.3 KM (APPROX.) CROSS COUNTRY PIPELINE and ASSOCIATED COMBINED STATION WORKS AT IOCL WILLINGDON ISLAND TERMINAL AND SNC NORTH JETTY UNDER KOCHI HFHSD PIPELINE PROJECT.]"
plc,27-Aug-2026 05:00 PM,09-Sep-2026 02:30 PM,10-Sep-2026 03:00 PM,Modification works in Mechanical Seal system of MLPUs installed at Vadinar and Surendranagar under SMPL Aug J18 Project,PLCC/MLPU/M/26053,2026_PLHO_191175_1,IndianOil||Pipelines||Pipelines HO||Contracts,https://iocletenders.nic.in/nicgep/app?component=%24DirectLink_0&page=FrontEndAdvancedSearchResult&service=direct&session=T&sp=SNasyqFHUzEOyYMaMBujcWA%3D%3D,[Modification works in Mechanical Seal system of MLPUs installed at Vadinar and Surendranagar under SMPL Aug J18 Project]
plc,27-Aug-2026 03:00 PM,17-Sep-2026 02:30 PM,18-Sep-2026 03:00 PM,Construction of Non Plant Buildings Sheds and allied facilities/works including associated works at Marketing Terminal Jhapa Nepal,PLCC/SJPL Buildings/CL/26061,2026_PLHO_191141_1,IndianOil||Pipelines||Pipelines HO||Contracts,https://iocletenders.nic.in/nicgep/app?component=%24DirectLink_0&page=FrontEndAdvancedSearchResult&service=direct&session=T&sp=SbzN8lDtOPXiYilN6%2F6v7MA%3D%3D,[Construction of Non Plant Buildings Sheds and allied facilities/works including associated works at Marketing Terminal Jhapa Nepal]
plc,27-Aug-2026 10:00 AM,16-Sep-2026 02:30 PM,17-Sep-2026 03:00 PM,"TANKAGE CONTRUCTION WORKS FOR JHAPA TERMINAL, NEPAL",PLCC/Tankage Jhapa Terminal/M/26050,2026_PLHO_191134_1,IndianOil||Pipelines||Pipelines HO||Contracts,https://iocletenders.nic.in/nicgep/app?component=%24DirectLink_0&page=FrontEndAdvancedSearchResult&service=direct&session=T&sp=ScApFqJ1FmWb2jrLcGPS58w%3D%3D,"[TANKAGE CONTRUCTION WORKS FOR JHAPA TERMINAL, NEPAL]"
plc,25-Aug-2026 04:00 PM,15-Sep-2026 02:30 PM,16-Sep-2026 03:00 PM,"Design, Engineering, Supply, Installation, Testing and Commissioning of Fire alarm detection system along with Additional Instrumentation for HRPL locations",PLCC/HRPL Fire alarm system/T and I/26060,2026_PLHO_191135_1,IndianOil||Pipelines||Pipelines HO||Contracts,https://iocletenders.nic.in/nicgep/app?component=%24DirectLink_0&page=FrontEndAdvancedSearchResult&service=direct&session=T&sp=S9KykSqxAwrar6CnOMQNAtQ%3D%3D,"[Design, Engineering, Supply, Installation, Testing and Commissioning of Fire alarm detection system along with Additional Instrumentation for HRPL locations]"
plc,21-Aug-2026 06:55 PM,18-Sep-2026 02:30 PM,21-Sep-2026 03:00 PM,"Lining up Licensing, Engineering, Procurement and Construction (LEPC) agency for setting up 200 Tons per day (TPD) Segregated Organic Municipal Solid Waste (SOMSW) based Compressed Biogas plant at Gorakhpur",PLCC/CBG-Gorakhpur/EL/26055,2026_PLHO_191087_1,IndianOil||Pipelines||Pipelines HO||Contracts,https://iocletenders.nic.in/nicgep/app?component=%24DirectLink_0&page=FrontEndAdvancedSearchResult&service=direct&session=T&sp=S1IjuBmURczoNM6G1eWbytQ%3D%3D,"[Lining up Licensing, Engineering, Procurement and Construction (LEPC) agency for setting up 200 Tons per day (TPD) Segregated Organic Municipal Solid Waste (SOMSW) based Compressed Biogas plant at Gorakhpur]"
plc,19-Aug-2026 05:00 PM,09-Sep-2026 02:30 PM,10-Sep-2026 03:00 PM,"Design, Supply, Installation, Customization, Calibration, Testing and Commissioning of Optical Fiber based Pipeline Intrusion Detection and Warning System (PIDWS) in Koyali Ahmednagar Solapur Pipeline (KASPL) and Kot-Jodhpur Pipeline with 5 years AMC",PLCC/PIDWS/TI/26052,2026_PLHO_191027_1,IndianOil||Pipelines||Pipelines HO||Contracts,https://iocletenders.nic.in/nicgep/app?component=%24DirectLink_0&page=FrontEndAdvancedSearchResult&service=direct&session=T&sp=SfVUlx8Hu77xuyjrPynq%2Btw%3D%3D,"[Design, Supply, Installation, Customization, Calibration, Testing and Commissioning of Optical Fiber based Pipeline Intrusion Detection and Warning System (PIDWS) in Koyali Ahmednagar Solapur Pipeline (KASPL) and Kot-Jodhpur Pipeline with 5 years AMC]"
grease,17-Jun-2026 10:00 AM,17-Feb-2027 03:00 PM,18-Feb-2027 03:30 PM,"EMPANELMENT OF SHIPPING COMPANIES/ LINER/ AGENT AS FREIGHT FORWARDER FOR EXPORTING LUBE/GREASE IN SMALLS, PACKS, BARRELS/LOBS(BULK) IN FLEXI TANKS IN ISO CONTAINERS BY SEA SHIPMENTS FROM LBP, CHENNAI FOR THREE YEARS",SR/LC/EXP/PT-01/FF EMP/2026-27/May 2026 ,2026_NRBIJ_190168_1,IndianOil||Pipelines||NRPL Bijwasan||Technical Services,https://iocletenders.nic.in/nicgep/app?component=%24DirectLink_0&page=FrontEndAdvancedSearchResult&service=direct&session=T&sp=SISBa3jcWHu385V0ax2NbXA%3D%3D,"[EMPANELMENT OF SHIPPING COMPANIES/ LINER/ AGENT AS FREIGHT FORWARDER FOR EXPORTING LUBE/GREASE IN SMALLS, PACKS, BARRELS/LOBS(BULK) IN FLEXI TANKS IN ISO CONTAINERS BY SEA SHIPMENTS FROM LBP, CHENNAI FOR THREE YEARS]"
belt,03-Sep-2026 05:00 PM,19-Sep-2026 05:00 PM,21-Sep-2026 05:00 PM,Procurement of BELTS_IC ITEMS,9030M26E90,2026_JR_191279_1,IndianOil||Refineries||Gujarat Refinery||Materials,https://iocletenders.nic.in/nicgep/app?component=%24DirectLink_0&page=FrontEndAdvancedSearchResult&service=direct&session=T&sp=S%2BRJqyR8%2FgJkXbw93r8tsfQ%3D%3D,[Procurement of BELTS_IC ITEMS]
supply,08-Sep-2026 06:00 PM,21-Sep-2026 03:30 PM,22-Sep-2026 03:30 PM,"Supply of Spares and Consumables for CFR RON, MON and Cetane  Engines",N1JB26022,2026_BGR_191338_1,IndianOil||Refineries||Bongaigaon Refinery||Indenter,https://iocletenders.nic.in/nicgep/app?component=%24DirectLink_0&page=FrontEndAdvancedSearchResult&service=direct&session=T&sp=SvP9asEl%2BecPOQvApvW7d6w%3D%3D,"[Supply of Spares and Consumables for CFR RON, MON and Cetane  Engines]"
supply,08-Sep-2026 04:00 PM,22-Sep-2026 04:00 PM,23-Sep-2026 04:00 PM,"Design, fabrication, supply and erection of Geodesic Aluminum Dome Roof for conversion of existing 01 No. External Floating Roof (EFR) Tank (6100 KL Capacity, 24 M Dia X 15 M Ht.) into Internal Floating Roof (IFR) Tank at Barauni Marketing Terminal.",ER-MnC/2026-27/PT/199,2026_ERO_191335_1,IndianOil||Marketing||Eastern Region Office||Contract Cell,https://iocletenders.nic.in/nicgep/app?component=%24DirectLink_0&page=FrontEndAdvancedSearchResult&service=direct&session=T&sp=SAjPTRIntJceDCi9v6MPipg%3D%3D,"[Design, fabrication, supply and erection of Geodesic Aluminum Dome Roof for conversion of existing 01 No. External Floating Roof (EFR) Tank (6100 KL Capacity, 24 M Dia X 15 M Ht.) into Internal Floating Roof (IFR) Tank at Barauni Marketing Terminal.]"
supply,08-Sep-2026 12:00 PM,15-Sep-2026 12:00 PM,16-Sep-2026 12:00 PM,"WORK OF SUPPLY, FABRICATION, TRANSPORTATION,   ERECTION and COMMISSIONING OF STRUCTURAL STEEL CANOPIES AT 06 ROS/KSKS UNDER BHOPAL DIVISIONAL OFFICE OF MADHYA PRADESH STATE OFFICE",WRMC/2026-27/LT/331,2026_WRO_191325_1,IndianOil||Marketing||Western Region Office||Contracts Cell,https://iocletenders.nic.in/nicgep/app?component=%24DirectLink_0&page=FrontEndAdvancedSearchResult&service=direct&session=T&sp=SmLg%2BrX2s3Qxh57evKnOe1Q%3D%3D,"[WORK OF SUPPLY, FABRICATION, TRANSPORTATION,   ERECTION and COMMISSIONING OF STRUCTURAL STEEL CANOPIES AT 06 ROS/KSKS UNDER BHOPAL DIVISIONAL OFFICE OF MADHYA PRADESH STATE OFFICE]"
supply,08-Sep-2026 10:00 AM,22-Sep-2026 03:00 PM,23-Sep-2026 03:00 PM,SUPPLY OF EXHAUST HEAD,6745-PPM-000-CA-MQ64,2026_REFHQ_191324_1,IndianOil||Refineries||Refineries HQ||Project - PMC||PRPC-P25-EPCM2||Project Group,https://iocletenders.nic.in/nicgep/app?component=%24DirectLink_0&page=FrontEndAdvancedSearchResult&service=direct&session=T&sp=SZyzgWIitYWXmXv60tzCAOw%3D%3D,[SUPPLY OF EXHAUST HEAD]
supply,07-Sep-2026 05:00 PM,14-Sep-2026 05:00 PM,15-Sep-2026 05:00 PM,"Design, supply, installation, testing of Hydrocarbon vapours detection system at Ahmedabad T Bareja for conversion of one no. of tank into Ethanol under GSO",GSO/ENG/2026-27/LT/06,2026_GSO_191320_1,IndianOil||Marketing||Gujarat State Office||Engineering,https://iocletenders.nic.in/nicgep/app?component=%24DirectLink_0&page=FrontEndAdvancedSearchResult&service=direct&session=T&sp=Sd4peR6w6%2FOtHzlRqWaAmJg%3D%3D,"[Design, supply, installation, testing of Hydrocarbon vapours detection system at Ahmedabad T Bareja for conversion of one no. of tank into Ethanol under GSO]"
supply,03-Sep-2026 06:00 PM,17-Sep-2026 02:30 PM,18-Sep-2026 03:00 PM,SUPPLY OF GASKETS (MTO-4),TP/214227C/DR/1360-0301/1125,2026_REFHQ_191274_1,IndianOil||Refineries||Refineries HQ||Project - PMC||Digboi-DR 1.0 Expansion||Project Group,https://iocletenders.nic.in/nicgep/app?component=%24DirectLink_0&page=FrontEndAdvancedSearchResult&service=direct&session=T&sp=S0Tvo8RVJjtfsytXXNCgN8g%3D%3D,[SUPPLY OF GASKETS (MTO-4)]
supply,03-Sep-2026 04:00 PM,16-Sep-2026 03:00 PM,17-Sep-2026 03:00 PM,Supply of Cutter Blade,NCM2614043,2026_PR_191282_1,IndianOil||Refineries||Panipat Refinery||Materials,https://iocletenders.nic.in/nicgep/app?component=%24DirectLink_0&page=FrontEndAdvancedSearchResult&service=direct&session=T&sp=S4SZmv9Boy7wlaJZdAITBcw%3D%3D,[Supply of Cutter Blade]
supply,02-Sep-2026 05:45 PM,17-Sep-2026 02:30 PM,18-Sep-2026 03:00 PM,SUPPLY OF FASTENERS (LOT-2),TP/214227C/DR/1370-0301/1111,2026_REFHQ_191266_1,IndianOil||Refineries||Refineries HQ||Project - PMC||Digboi-DR 1.0 Expansion||Project Group,https://iocletenders.nic.in/nicgep/app?component=%24DirectLink_0&page=FrontEndAdvancedSearchResult&service=direct&session=T&sp=SriGhomR8JQn9uBqdgii6Ww%3D%3D,[SUPPLY OF FASTENERS (LOT-2)]
supply,02-Sep-2026 04:15 PM,09-Sep-2026 04:15 PM,10-Sep-2026 04:15 PM,"Supply, Installation, Testing and Commissioning of 11 KV Substation, DG Set with interconnections Cables and Allied works at NFR Facilities at Location WSA Site at DAK9-Gurdaspur-Katra-Pkg14 -439_450-RHS-JK District Kathua, JK under Jammu DO PSO",MnC/NR/PSO/ENG/LT-146/26-27,2026_NRO_191264_1,IndianOil||Marketing||Northern Region Office||Contract Cell,https://iocletenders.nic.in/nicgep/app?component=%24DirectLink_0&page=FrontEndAdvancedSearchResult&service=direct&session=T&sp=SCSDXWTXsRYAARVnVzvMeQw%3D%3D,"[Supply, Installation, Testing and Commissioning of 11 KV Substation, DG Set with interconnections Cables and Allied works at NFR Facilities at Location WSA Site at DAK9-Gurdaspur-Katra-Pkg14 -439_450-RHS-JK District Kathua, JK under Jammu DO PSO]"
supply,02-Sep-2026 12:55 PM,09-Sep-2026 12:55 PM,10-Sep-2026 12:55 PM,"Supply, Installation, Testing and Commissioning of 11 KV Substation, DG Set with interconnections Cables and Allied works at NFR Facilities at Location WSA Site at DAK9 Gurdaspur-Katra-Pkg14-439 450-LHS-JK District Kathua, JK under Jammu DO PSO",MnC/NR/PSO/ENG/LT-145/26-27,2026_NRO_191252_1,IndianOil||Marketing||Northern Region Office||Contract Cell,https://iocletenders.nic.in/nicgep/app?component=%24DirectLink_0&page=FrontEndAdvancedSearchResult&service=direct&session=T&sp=StdndV%2FbMHfszn4GGsL9acw%3D%3D,"[Supply, Installation, Testing and Commissioning of 11 KV Substation, DG Set with interconnections Cables and Allied works at NFR Facilities at Location WSA Site at DAK9 Gurdaspur-Katra-Pkg14-439 450-LHS-JK District Kathua, JK under Jammu DO PSO]"
supply,01-Sep-2026 06:30 PM,15-Sep-2026 03:00 PM,17-Sep-2026 03:30 PM,"Supply, installation and commissioning of Open Air (Outdoor) Gym equipment at Haldia Refinery Township",9040C26C63,2026_HR_191251_1,IndianOil||Refineries||Haldia Refinery||Contracts,https://iocletenders.nic.in/nicgep/app?component=%24DirectLink_0&page=FrontEndAdvancedSearchResult&service=direct&session=T&sp=SXAiqqOeKNCfqFMrI6MRgYA%3D%3D,"[Supply, installation and commissioning of Open Air (Outdoor) Gym equipment at Haldia Refinery Township]"
supply,01-Sep-2026 04:30 PM,15-Sep-2026 04:30 PM,16-Sep-2026 04:30 PM,"Supply, Installation, Testing and Commissioning of AC Interference mitigation measures for 681 Km of WRPL Pipelines. Gp02 Abu Road to Kot",PWRJT26508,2026_WRRAJ_190881_2,IndianOil||Pipelines||WRPL Rajkot||Technical Services,https://iocletenders.nic.in/nicgep/app?component=%24DirectLink_0&page=FrontEndAdvancedSearchResult&service=direct&session=T&sp=SZuKCdMasfZc%2Fh%2FXP39D6OQ%3D%3D,"[Supply, Installation, Testing and Commissioning of AC Interference mitigation measures for 681 Km of WRPL Pipelines. Gp02 Abu Road to Kot]"
supply,01-Sep-2026 04:30 PM,15-Sep-2026 04:30 PM,16-Sep-2026 04:30 PM,"Supply, Installation, Testing and Commissioning of AC Interference mitigation measures for 681 Km of WRPL Pipelines Gp01 Chaksu to Mathura",PWRJT26508,2026_WRRAJ_190881_1,IndianOil||Pipelines||WRPL Rajkot||Technical Services,https://iocletenders.nic.in/nicgep/app?component=%24DirectLink_0&page=FrontEndAdvancedSearchResult&service=direct&session=T&sp=SPnjMkgo7cfFcxDaMZ5gQ8A%3D%3D,"[Supply, Installation, Testing and Commissioning of AC Interference mitigation measures for 681 Km of WRPL Pipelines Gp01 Chaksu to Mathura]"
supply,31-Aug-2026 10:00 AM,09-Sep-2026 03:00 PM,10-Sep-2026 03:00 PM,"9030C26D45 Supply of Cooling Water Treatment Chemicals, along with treatment, monitoring, and operation of the Cooling Tower, and operation of Fire Water Pump House at the Oxo Acrylate Complex ,Dumad, Gujarat Refinery, Vadodara.",9030C26D45,2026_JR_191207_1,IndianOil||Refineries||Gujarat Refinery||Contracts,https://iocletenders.nic.in/nicgep/app?component=%24DirectLink_0&page=FrontEndAdvancedSearchResult&service=direct&session=T&sp=SpciLO869hGu7845j7FSgfw%3D%3D,"[9030C26D45 Supply of Cooling Water Treatment Chemicals, along with treatment, monitoring, and operation of the Cooling Tower, and operation of Fire Water Pump House at the Oxo Acrylate Complex ,Dumad, Gujarat Refinery, Vadodara.]"
supply,28-Aug-2026 02:00 PM,11-Sep-2026 02:00 PM,14-Sep-2026 10:00 AM,Supply and Application of Polymer based Sealing/filling System on annular  plate projection of tanks at IOCL Mathura Refinery,9050C26C14,2026_MR_191186_1,IndianOil||Refineries||Mathura Refinery||Contracts,https://iocletenders.nic.in/nicgep/app?component=%24DirectLink_0&page=FrontEndAdvancedSearchResult&service=direct&session=T&sp=SC6qJ%2FvEqYc7Ekh1p79Whtg%3D%3D,[Supply and Application of Polymer based Sealing/filling System on annular  plate projection of tanks at IOCL Mathura Refinery]
supply,28-Aug-2026 12:30 PM,14-Sep-2026 03:00 PM,15-Sep-2026 03:00 PM,Empanelment of vendors for supply of Biodiesel (B-100) produced from all feedstocks,OMC/BD/EMP/03/2026-27,2026_MKTHO_191188_1,IndianOil||Marketing||Marketing HO||S and D,https://iocletenders.nic.in/nicgep/app?component=%24DirectLink_0&page=FrontEndAdvancedSearchResult&service=direct&session=T&sp=SqXgChAG5T%2B%2FWDbYzd0gDMw%3D%3D,[Empanelment of vendors for supply of Biodiesel (B-100) produced from all feedstocks]
supply,27-Aug-2026 03:00 PM,15-Sep-2026 03:00 PM,16-Sep-2026 03:00 PM,"Design, Engineering, Supply, Boring, Installation, Testing and commissioning of Deep Tube Well (5 nos.) by DTH method along with 01 No. Iron removal filter plant (40000 LPH) for providing reliable groundwater-based water supply system ",9010C26B24,2026_GR_191163_1,IndianOil||Refineries||Guwahati Refinery||Contracts,https://iocletenders.nic.in/nicgep/app?component=%24DirectLink_0&page=FrontEndAdvancedSearchResult&service=direct&session=T&sp=SuC0q0Rm52YcrviQdav2I%2Fg%3D%3D,"[Design, Engineering, Supply, Boring, Installation, Testing and commissioning of Deep Tube Well (5 nos.) by DTH method along with 01 No. Iron removal filter plant (40000 LPH) for providing reliable groundwater-based water supply system ]"
supply,25-Aug-2026 06:00 PM,09-Sep-2026 02:30 PM,10-Sep-2026 03:00 PM,SUPPLY OF SLIDING PLATES,TP/214227C/DR/1384-0001/1112,2026_REFHQ_191118_1,IndianOil||Refineries||Refineries HQ||Project - PMC||Digboi-DR 1.0 Expansion||Project Group,https://iocletenders.nic.in/nicgep/app?component=%24DirectLink_0&page=FrontEndAdvancedSearchResult&service=direct&session=T&sp=SYYlr3yX1Ezkda%2F1Fagam2w%3D%3D,[SUPPLY OF SLIDING PLATES]
supply,25-Aug-2026 04:00 PM,15-Sep-2026 02:30 PM,16-Sep-2026 03:00 PM,"Design, Engineering, Supply, Installation, Testing and Commissioning of Fire alarm detection system along with Additional Instrumentation for HRPL locations",PLCC/HRPL Fire alarm system/T and I/26060,2026_PLHO_191135_1,IndianOil||Pipelines||Pipelines HO||Contracts,https://iocletenders.nic.in/nicgep/app?component=%24DirectLink_0&page=FrontEndAdvancedSearchResult&service=direct&session=T&sp=S9KykSqxAwrar6CnOMQNAtQ%3D%3D,"[Design, Engineering, Supply, Installation, Testing and Commissioning of Fire alarm detection system along with Additional Instrumentation for HRPL locations]"
supply,21-Aug-2026 12:45 PM,17-Sep-2026 12:45 PM,18-Sep-2026 12:45 PM,"Design, supply, installation, testing and commissioning of IP Based CCTV Surveillance System along with associated works at Jodhpur Terminal Under Rajasthan State Office.",MnC/NR/RSO/ENG/PT-93/26-27,2026_NRO_191072_1,IndianOil||Marketing||Northern Region Office||Contract Cell,https://iocletenders.nic.in/nicgep/app?component=%24DirectLink_0&page=FrontEndAdvancedSearchResult&service=direct&session=T&sp=SEtBcTEA8GAOOKIzcLAQ%2BSg%3D%3D,"[Design, supply, installation, testing and commissioning of IP Based CCTV Surveillance System along with associated works at Jodhpur Terminal Under Rajasthan State Office.]"
procurement of,04-Sep-2026 06:00 PM,11-Sep-2026 03:00 PM,12-Sep-2026 03:00 PM,"Procurement of Capital Spare, Complete Trip and Throttle valve  (Make   Siemens Energy Industrial Turbomachinery India Private Limited) of WGC Turbine as per Insurance spares guideline rotary 2025 26 at IOCL Paradip Refinery",9070M26F67,2026_PDR_191304_1,IndianOil||Refineries||Paradip Refinery||Materials,https://iocletenders.nic.in/nicgep/app?component=%24DirectLink_0&page=FrontEndAdvancedSearchResult&service=direct&session=T&sp=SZw5ULmtuQ9BGZHcSKE5zTQ%3D%3D,"[Procurement of Capital Spare, Complete Trip and Throttle valve  (Make   Siemens Energy Industrial Turbomachinery India Private Limited) of WGC Turbine as per Insurance spares guideline rotary 2025 26 at IOCL Paradip Refinery]"
procurement of,04-Sep-2026 06:00 PM,11-Sep-2026 03:00 PM,12-Sep-2026 03:00 PM,"Procurement of Capital Spares of 057-K-002A/B (RGC) and 057-K-003A/B (H2 makeup compressor), NHGU at IOCL Paradip Refinery",9070M26E61,2026_PDR_191297_1,IndianOil||Refineries||Paradip Refinery||Materials,https://iocletenders.nic.in/nicgep/app?component=%24DirectLink_0&page=FrontEndAdvancedSearchResult&service=direct&session=T&sp=S4%2Bf371dw2NQxvqJtrMKpzg%3D%3D,"[Procurement of Capital Spares of 057-K-002A/B (RGC) and 057-K-003A/B (H2 makeup compressor), NHGU at IOCL Paradip Refinery]"
procurement of,03-Sep-2026 06:00 PM,10-Sep-2026 03:00 PM,11-Sep-2026 03:00 PM,"Procurement of Insurance spares and consumable spares for 057-K-06, NHGU(2026) at IOCL Paradip Refinery.",9070M26D45,2026_PDR_191288_1,IndianOil||Refineries||Paradip Refinery||Materials,https://iocletenders.nic.in/nicgep/app?component=%24DirectLink_0&page=FrontEndAdvancedSearchResult&service=direct&session=T&sp=SAz4ULG4HN5IGOAVa9VIVfg%3D%3D,"[Procurement of Insurance spares and consumable spares for 057-K-06, NHGU(2026) at IOCL Paradip Refinery.]"
procurement of,03-Sep-2026 05:00 PM,19-Sep-2026 05:00 PM,21-Sep-2026 05:00 PM,Procurement of BELTS_IC ITEMS,9030M26E90,2026_JR_191279_1,IndianOil||Refineries||Gujarat Refinery||Materials,https://iocletenders.nic.in/nicgep/app?component=%24DirectLink_0&page=FrontEndAdvancedSearchResult&service=direct&session=T&sp=S%2BRJqyR8%2FgJkXbw93r8tsfQ%3D%3D,[Procurement of BELTS_IC ITEMS]
procurement of,03-Sep-2026 05:00 PM,24-Sep-2026 03:00 PM,25-Sep-2026 03:00 PM,"Rate contract for procurement of UF membrane for Barauni, Haldia and Mathura Refinery",RHQMM26208,2026_REFHQ_191283_1,IndianOil||Refineries||Refineries HQ||Materials,https://iocletenders.nic.in/nicgep/app?component=%24DirectLink_0&page=FrontEndAdvancedSearchResult&service=direct&session=T&sp=SsmT6UdpydcjcohXqGTjsAQ%3D%3D,"[Rate contract for procurement of UF membrane for Barauni, Haldia and Mathura Refinery]"
procurement of,03-Sep-2026 04:00 PM,09-Sep-2026 03:00 PM,10-Sep-2026 03:00 PM,Procurement of spares for 92-K-01A/B of HGU-2,9040M26B25,2026_HR_191285_1,IndianOil||Refineries||Haldia Refinery||Materials,https://iocletenders.nic.in/nicgep/app?component=%24DirectLink_0&page=FrontEndAdvancedSearchResult&service=direct&session=T&sp=Sc0RDM%2Bw5bT4IhwyCbIXuuQ%3D%3D,[Procurement of spares for 92-K-01A/B of HGU-2]
procurement of,03-Sep-2026 04:00 PM,17-Sep-2026 04:00 PM,18-Sep-2026 04:00 PM,"Procurement of 22 Nos. Microphones in Halls (A, B,C,D and E)  at IIPM against Buy Back of old 16 no of Microphones at IiPM Gurugram",9003M26A03,2026_REFHQ_191284_1,IndianOil||Refineries||Refineries HQ||Materials,https://iocletenders.nic.in/nicgep/app?component=%24DirectLink_0&page=FrontEndAdvancedSearchResult&service=direct&session=T&sp=SP7O8WRTuUkIEMY0R8DMNZQ%3D%3D,"[Procurement of 22 Nos. Microphones in Halls (A, B,C,D and E)  at IIPM against Buy Back of old 16 no of Microphones at IiPM Gurugram]"
procurement of,02-Sep-2026 06:00 PM,09-Sep-2026 03:00 PM,10-Sep-2026 03:00 PM,Procurement of Igniter spares for 20-F-01 OF VGO HDT unit at IOCL Paradip Refinery,9070M26G29,2026_PDR_191265_1,IndianOil||Refineries||Paradip Refinery||Materials,https://iocletenders.nic.in/nicgep/app?component=%24DirectLink_0&page=FrontEndAdvancedSearchResult&service=direct&session=T&sp=S5UdMsFMEhBlWV0I75%2BQJMA%3D%3D,[Procurement of Igniter spares for 20-F-01 OF VGO HDT unit at IOCL Paradip Refinery]
procurement of,02-Sep-2026 03:00 PM,12-Sep-2026 06:00 PM,14-Sep-2026 03:00 PM,Procurement of additive package ST1694and ST6038 Or ST1663 and ST6102 Or ST1685and ST6017,MnC/LUB-31/LT-40/26-27,2026_MKTHO_191215_1,IndianOil||Marketing||Marketing HO||Contract Cell,https://iocletenders.nic.in/nicgep/app?component=%24DirectLink_0&page=FrontEndAdvancedSearchResult&service=direct&session=T&sp=SNxwc%2FgHLZRsuLlgld%2F91uQ%3D%3D,[Procurement of additive package ST1694and ST6038 Or ST1663 and ST6102 Or ST1685and ST6017]
procurement of,01-Sep-2026 03:30 PM,29-Sep-2026 03:00 PM,30-Sep-2026 03:00 PM,Rate Contract for Procurement of FCC Catalyst for IOCL Gujarat Refinery,RHQMM26301,2026_REFHQ_191246_1,IndianOil||Refineries||Refineries HQ||Materials,https://iocletenders.nic.in/nicgep/app?component=%24DirectLink_0&page=FrontEndAdvancedSearchResult&service=direct&session=T&sp=S0BYHL0OvsXJYYPGGSJZfNw%3D%3D,[Rate Contract for Procurement of FCC Catalyst for IOCL Gujarat Refinery]
procurement of,31-Aug-2026 06:30 PM,15-Sep-2026 03:00 PM,16-Sep-2026 03:00 PM,Procurement of Spares for ROG Compressor(92-K-14),9040M26G24 AND 9040M25I15,2026_HR_191233_1,IndianOil||Refineries||Haldia Refinery||Materials,https://iocletenders.nic.in/nicgep/app?component=%24DirectLink_0&page=FrontEndAdvancedSearchResult&service=direct&session=T&sp=SzmYgpJTjvLxTtMDSlSwZ%2BA%3D%3D,[Procurement of Spares for ROG Compressor(92-K-14)]
procurement of,28-Aug-2026 05:00 PM,18-Sep-2026 03:00 PM,19-Sep-2026 03:00 PM,PROCUREMENT OF CATALYST AND CERAMIC SADDLES,9040M26H40,2026_HR_191195_1,IndianOil||Refineries||Haldia Refinery||Materials,https://iocletenders.nic.in/nicgep/app?component=%24DirectLink_0&page=FrontEndAdvancedSearchResult&service=direct&session=T&sp=SSRiAOhnZA%2BfGcf4bpafwGQ%3D%3D,[PROCUREMENT OF CATALYST AND CERAMIC SADDLES]
procurement of,27-Aug-2026 04:00 PM,09-Sep-2026 04:00 PM,10-Sep-2026 04:00 PM,Procurement of additive package  ST1617 Or ST1772 plus ST4574 Or ST1774,MnC/LUB-30/LT-39/26-27,2026_MKTHO_191166_1,IndianOil||Marketing||Marketing HO||Contract Cell,https://iocletenders.nic.in/nicgep/app?component=%24DirectLink_0&page=FrontEndAdvancedSearchResult&service=direct&session=T&sp=SYNeLxZGJqh8nQ0dyHvI7Cw%3D%3D,[Procurement of additive package  ST1617 Or ST1772 plus ST4574 Or ST1774]
procurement of,27-Aug-2026 11:00 AM,10-Sep-2026 03:00 PM,11-Sep-2026 03:30 PM,Procurement of Spares For RFCCU MAB DHDS RGC Turbine,PRMM268073,2026_PR_191116_1,IndianOil||Refineries||Panipat Refinery||Materials,https://iocletenders.nic.in/nicgep/app?component=%24DirectLink_0&page=FrontEndAdvancedSearchResult&service=direct&session=T&sp=S3bVg%2Fh%2B2ek1Okq8egdridw%3D%3D,[Procurement of Spares For RFCCU MAB DHDS RGC Turbine]
procurement of,25-Aug-2026 12:00 PM,15-Sep-2026 03:00 PM,16-Sep-2026 03:00 PM,Procurement of UPS contoller system for replacement in Gutor make UPS,NCM2616049,2026_PR_191127_1,IndianOil||Refineries||Panipat Refinery||Materials,https://iocletenders.nic.in/nicgep/app?component=%24DirectLink_0&page=FrontEndAdvancedSearchResult&service=direct&session=T&sp=SGInOMaUu%2FPs8sGoinWqsnA%3D%3D,[Procurement of UPS contoller system for replacement in Gutor make UPS]
procurement of,21-Aug-2026 05:00 PM,14-Sep-2026 03:00 PM,15-Sep-2026 03:00 PM,Procurement of 2.5 MT of Donor-D,NCM2611050,2026_PR_191100_1,IndianOil||Refineries||Panipat Refinery||Materials,https://iocletenders.nic.in/nicgep/app?component=%24DirectLink_0&page=FrontEndAdvancedSearchResult&service=direct&session=T&sp=ShMCmR%2BJtGP2eQIbQerX5Kw%3D%3D,[Procurement of 2.5 MT of Donor-D]
procurement of,20-Aug-2026 05:00 PM,09-Sep-2026 03:00 PM,10-Sep-2026 03:00 PM,Procurement of Spares of Expansion Turbine (96-M-02A/B) of NGU-2,9040M26F36,2026_HR_190906_2,IndianOil||Refineries||Haldia Refinery||Materials,https://iocletenders.nic.in/nicgep/app?component=%24DirectLink_0&page=FrontEndAdvancedSearchResult&service=direct&session=T&sp=SjqepQPkTDkCxlmcJ7wIYxA%3D%3D,[Procurement of Spares of Expansion Turbine (96-M-02A/B) of NGU-2]
procurement of,19-Aug-2026 06:00 PM,12-Sep-2026 03:00 PM,14-Sep-2026 03:00 PM,Procurement of Extruder Gearbox and bearings in PP unit at IOCL Paradip Refinery,9070M26F84,2026_PDR_191057_1,IndianOil||Refineries||Paradip Refinery||Materials,https://iocletenders.nic.in/nicgep/app?component=%24DirectLink_0&page=FrontEndAdvancedSearchResult&service=direct&session=T&sp=SNC0lvvy9L%2BXi1%2BuXQN7xTw%3D%3D,[Procurement of Extruder Gearbox and bearings in PP unit at IOCL Paradip Refinery]
procurement of,19-Aug-2026 05:00 PM,17-Sep-2026 02:00 PM,18-Sep-2026 03:00 PM,Procurement of Pressure vessel and Mechanical shaft assemblies,9400M26B53,2026_RND_191043_1,IndianOil||Research and  Development||Materials,https://iocletenders.nic.in/nicgep/app?component=%24DirectLink_0&page=FrontEndAdvancedSearchResult&service=direct&session=T&sp=SzgH9DjE8U80v%2FONGj01Eqw%3D%3D,[Procurement of Pressure vessel and Mechanical shaft assemblies]
procurement of,14-Aug-2026 03:00 PM,14-Sep-2026 03:00 PM,15-Sep-2026 03:30 PM,Procurement of BEGG COUSLAND MAKE CRITICAL Deduster Fan,PRMM268066,2026_PR_190862_1,IndianOil||Refineries||Panipat Refinery||Materials,https://iocletenders.nic.in/nicgep/app?component=%24DirectLink_0&page=FrontEndAdvancedSearchResult&service=direct&session=T&sp=SozBBYP7LAZHYFzOiISHq1w%3D%3D,[Procurement of BEGG COUSLAND MAKE CRITICAL Deduster Fan]
2026,08-Sep-2026 06:00 PM,21-Sep-2026 03:30 PM,22-Sep-2026 03:30 PM,"Supply of Spares and Consumables for CFR RON, MON and Cetane  Engines",N1JB26022,2026_BGR_191338_1,IndianOil||Refineries||Bongaigaon Refinery||Indenter,https://iocletenders.nic.in/nicgep/app?component=%24DirectLink_0&page=FrontEndAdvancedSearchResult&service=direct&session=T&sp=SvP9asEl%2BecPOQvApvW7d6w%3D%3D,"[Supply of Spares and Consumables for CFR RON, MON and Cetane  Engines]"
2026,08-Sep-2026 06:00 PM,22-Sep-2026 06:00 PM,23-Sep-2026 06:00 PM,RAZE AND REBUILD OF THE ENTIRE BOUNDARY WALL OF SEWREE I TERMINAL,WRMC/2026-27/PT/249,2026_WRO_191329_1,IndianOil||Marketing||Western Region Office||Contracts Cell,https://iocletenders.nic.in/nicgep/app?component=%24DirectLink_0&page=FrontEndAdvancedSearchResult&service=direct&session=T&sp=SzTCiahv2e0CX8aFrQ%2FCTHw%3D%3D,[RAZE AND REBUILD OF THE ENTIRE BOUNDARY WALL OF SEWREE I TERMINAL]
2026,08-Sep-2026 05:00 PM,22-Sep-2026 12:00 PM,23-Sep-2026 02:00 PM,SPN/B269-000-WE-MR-3652/397 - FASTENERS FOR P-25 PROJECT OF M/s INDIAN OIL CORPORATION LIMITED ,SPN/B269-000-WE-MR-3652/397,2026_REFHQ_191332_1,IndianOil||Refineries||Refineries HQ||Project - PMC||PRPC- P25||Project Group,https://iocletenders.nic.in/nicgep/app?component=%24DirectLink_0&page=FrontEndAdvancedSearchResult&service=direct&session=T&sp=SydvvR7GmTag9Bx%2FstXEKuA%3D%3D,[SPN/B269-000-WE-MR-3652/397 - FASTENERS FOR P-25 PROJECT OF M/s INDIAN OIL CORPORATION LIMITED ]
2026,08-Sep-2026 04:00 PM,22-Sep-2026 04:00 PM,23-Sep-2026 04:00 PM,"Design, fabrication, supply and erection of Geodesic Aluminum Dome Roof for conversion of existing 01 No. External Floating Roof (EFR) Tank (6100 KL Capacity, 24 M Dia X 15 M Ht.) into Internal Floating Roof (IFR) Tank at Barauni Marketing Terminal.",ER-MnC/2026-27/PT/199,2026_ERO_191335_1,IndianOil||Marketing||Eastern Region Office||Contract Cell,https://iocletenders.nic.in/nicgep/app?component=%24DirectLink_0&page=FrontEndAdvancedSearchResult&service=direct&session=T&sp=SAjPTRIntJceDCi9v6MPipg%3D%3D,"[Design, fabrication, supply and erection of Geodesic Aluminum Dome Roof for conversion of existing 01 No. External Floating Roof (EFR) Tank (6100 KL Capacity, 24 M Dia X 15 M Ht.) into Internal Floating Roof (IFR) Tank at Barauni Marketing Terminal.]"
2026,08-Sep-2026 03:20 PM,15-Sep-2026 03:20 PM,16-Sep-2026 03:20 PM,"FABRICATION, ERECTION, TESTING AND COMMISSIONING OF MECHANICAL PIPING(SS_GI_MS) FOR FOAM FEEDING THROUGH FOAM TROLLEY BANK AND ALLIED WORKS AT CHITTORGARH TERMINAL UNDER RSO.",MnC/NR/RSO/ENG/LT-158/26-27,2026_NRO_191327_1,IndianOil||Marketing||Northern Region Office||Contract Cell,https://iocletenders.nic.in/nicgep/app?component=%24DirectLink_0&page=FrontEndAdvancedSearchResult&service=direct&session=T&sp=SbJJPMFOkDaxozt%2FZUZyJrw%3D%3D,"[FABRICATION, ERECTION, TESTING AND COMMISSIONING OF MECHANICAL PIPING(SS_GI_MS) FOR FOAM FEEDING THROUGH FOAM TROLLEY BANK AND ALLIED WORKS AT CHITTORGARH TERMINAL UNDER RSO.]"
2026,08-Sep-2026 03:15 PM,16-Sep-2026 03:15 PM,17-Sep-2026 03:15 PM,Carrying out Various Civil Mechanical Pipeline Painting Safety and Allied Works at Ennore LPG Bottling Plant Ennore Chennai,EnnBP/MDT_Works1/LT/2026-27,2026_SROTN_191336_1,IndianOil||Marketing||Southern Region and Tamilnadu State Office||LPG,https://iocletenders.nic.in/nicgep/app?component=%24DirectLink_0&page=FrontEndAdvancedSearchResult&service=direct&session=T&sp=SxAojS%2BDv8req3qaI0HGsXw%3D%3D,[Carrying out Various Civil Mechanical Pipeline Painting Safety and Allied Works at Ennore LPG Bottling Plant Ennore Chennai]
2026,08-Sep-2026 03:00 PM,22-Sep-2026 03:00 PM,23-Sep-2026 03:00 PM,Renovation of Swimming pool at IIPM Gurugram,9003C26A09,2026_REFHQ_191334_1,IndianOil||Refineries||Refineries HQ||Materials,https://iocletenders.nic.in/nicgep/app?component=%24DirectLink_0&page=FrontEndAdvancedSearchResult&service=direct&session=T&sp=SYDYK3gwVlXJ%2F8Roywj%2FRxA%3D%3D,[Renovation of Swimming pool at IIPM Gurugram]
2026,08-Sep-2026 03:00 PM,22-Sep-2026 03:00 PM,23-Sep-2026 03:00 PM,Carrying out re-routing of existing 10.75 inch OD pipe section of Paradip Raipur Ranchi Pipeline PRRPL by Horizontal Directional Drilling HDD method at ch. 116 KM Saraipalli Korba section in Chhattisgarh,9320C26A91,2026_ERBBS_191331_1,"IndianOil||Pipelines||PRRPL, Bhubaneswar||Technical Services",https://iocletenders.nic.in/nicgep/app?component=%24DirectLink_0&page=FrontEndAdvancedSearchResult&service=direct&session=T&sp=Sxrm5DwY9uvCWDeVoxe2v%2Bw%3D%3D,[Carrying out re-routing of existing 10.75 inch OD pipe section of Paradip Raipur Ranchi Pipeline PRRPL by Horizontal Directional Drilling HDD method at ch. 116 KM Saraipalli Korba section in Chhattisgarh]
2026,08-Sep-2026 03:00 PM,15-Sep-2026 03:00 PM,16-Sep-2026 03:00 PM,CONSTRUCTION OF NEW A SITE RO AT LOCATION WITHIN 8 KM FROM RAIKERA CHOWK BAGICHA TOWARDS JASHPUR ON SH 17 BAGICHA RAIKERA KUNKURI ROAD UNDER AMBIKAPUR EAST RSA DISTT JASHPUR Location Sr No 204 SRMP 2023 UNDER RAIPUR DIVISIONAL OFFICE,WRMC/2026-27/LT/324,2026_WRO_191328_1,IndianOil||Marketing||Western Region Office||Contracts Cell,https://iocletenders.nic.in/nicgep/app?component=%24DirectLink_0&page=FrontEndAdvancedSearchResult&service=direct&session=T&sp=SkbVjLVpID6roRbVS2wyZMQ%3D%3D,[CONSTRUCTION OF NEW A SITE RO AT LOCATION WITHIN 8 KM FROM RAIKERA CHOWK BAGICHA TOWARDS JASHPUR ON SH 17 BAGICHA RAIKERA KUNKURI ROAD UNDER AMBIKAPUR EAST RSA DISTT JASHPUR Location Sr No 204 SRMP 2023 UNDER RAIPUR DIVISIONAL OFFICE]
2026,08-Sep-2026 01:05 PM,19-Oct-2026 02:00 PM,21-Oct-2026 03:00 PM,"Design, Development and Fabrication of Advanced Surya  Nutan PCB  Controller",9400M26B71,2026_RND_191323_1,IndianOil||Research and  Development||Materials,https://iocletenders.nic.in/nicgep/app?component=%24DirectLink_0&page=FrontEndAdvancedSearchResult&service=direct&session=T&sp=SIRhK7%2FWZEU464ityQJIhaQ%3D%3D,"[Design, Development and Fabrication of Advanced Surya  Nutan PCB  Controller]"
2026,08-Sep-2026 12:00 PM,15-Sep-2026 12:00 PM,16-Sep-2026 12:00 PM,"WORK OF SUPPLY, FABRICATION, TRANSPORTATION,   ERECTION and COMMISSIONING OF STRUCTURAL STEEL CANOPIES AT 06 ROS/KSKS UNDER BHOPAL DIVISIONAL OFFICE OF MADHYA PRADESH STATE OFFICE",WRMC/2026-27/LT/331,2026_WRO_191325_1,IndianOil||Marketing||Western Region Office||Contracts Cell,https://iocletenders.nic.in/nicgep/app?component=%24DirectLink_0&page=FrontEndAdvancedSearchResult&service=direct&session=T&sp=SmLg%2BrX2s3Qxh57evKnOe1Q%3D%3D,"[WORK OF SUPPLY, FABRICATION, TRANSPORTATION,   ERECTION and COMMISSIONING OF STRUCTURAL STEEL CANOPIES AT 06 ROS/KSKS UNDER BHOPAL DIVISIONAL OFFICE OF MADHYA PRADESH STATE OFFICE]"
2026,08-Sep-2026 11:00 AM,29-Sep-2026 03:00 PM,30-Sep-2026 03:00 PM,Engagement of Technical Manpower under Facility Management Services FMS for 24 by 7 Operations and  Monitoring for the Partner Experience Platform PEP for a Period of Three 3 Years,9003C26A10,2026_REFHQ_191326_1,IndianOil||Refineries||Refineries HQ||Materials,https://iocletenders.nic.in/nicgep/app?component=%24DirectLink_0&page=FrontEndAdvancedSearchResult&service=direct&session=T&sp=SUFGwWK5D56Q4I%2FG1jaU4yw%3D%3D,[Engagement of Technical Manpower under Facility Management Services FMS for 24 by 7 Operations and  Monitoring for the Partner Experience Platform PEP for a Period of Three 3 Years]
2026,08-Sep-2026 10:00 AM,22-Sep-2026 03:00 PM,23-Sep-2026 03:00 PM,SUPPLY OF EXHAUST HEAD,6745-PPM-000-CA-MQ64,2026_REFHQ_191324_1,IndianOil||Refineries||Refineries HQ||Project - PMC||PRPC-P25-EPCM2||Project Group,https://iocletenders.nic.in/nicgep/app?component=%24DirectLink_0&page=FrontEndAdvancedSearchResult&service=direct&session=T&sp=SZyzgWIitYWXmXv60tzCAOw%3D%3D,[SUPPLY OF EXHAUST HEAD]
2026,08-Sep-2026 09:00 AM,15-Sep-2026 09:00 AM,16-Sep-2026 09:00 AM, Construction of new A site Retail Outlet  Bekal,MnC/SR/BBS/LT/119/KeSO/2026-27,2026_SROTN_191317_1,IndianOil||Marketing||Southern Region and Tamilnadu State Office||Contracts Cell,https://iocletenders.nic.in/nicgep/app?component=%24DirectLink_0&page=FrontEndAdvancedSearchResult&service=direct&session=T&sp=SxWwn1yBxOGqNvJxQzQqaNA%3D%3D,[ Construction of new A site Retail Outlet  Bekal]
2026,08-Sep-2026 09:00 AM,15-Sep-2026 09:00 AM,16-Sep-2026 09:00 AM,"DEVELOPMENT OF NEW A-SITE RO AT LOCATION BETWEEN KM STONE NO. 146 AND 152 ON NH-509, CHHERAT DIST- ALIGARH UNDER MORADABAD DO, UPSO-II STATE OFFICE",MnC/NR/UPSOII/ENG/LT-149/26-27,2026_NRO_191256_1,IndianOil||Marketing||Northern Region Office||Contract Cell,https://iocletenders.nic.in/nicgep/app?component=%24DirectLink_0&page=FrontEndAdvancedSearchResult&service=direct&session=T&sp=SnXPEh%2Bn2l2axFh%2BkLg%2Fw5w%3D%3D,"[DEVELOPMENT OF NEW A-SITE RO AT LOCATION BETWEEN KM STONE NO. 146 AND 152 ON NH-509, CHHERAT DIST- ALIGARH UNDER MORADABAD DO, UPSO-II STATE OFFICE]"
2026,07-Sep-2026 06:55 PM,28-Sep-2026 06:55 PM,29-Sep-2026 06:55 PM,TRANSPORTATION OF PACKED LPG CYLINDERS TO / FROM PORT BLAIR BP TO / FROM DISTRIBUTORS GODOWN / EXTENSION COUNTERS AT FAR FLUNG ISLANDS IN A AND N FOR 05 YEARS.,ER-MnC/2026-27/PT/303,2026_ERO_191315_1,IndianOil||Marketing||Eastern Region Office||Contract Cell,https://iocletenders.nic.in/nicgep/app?component=%24DirectLink_0&page=FrontEndAdvancedSearchResult&service=direct&session=T&sp=SS6JNWc91co11vKES0y5lyg%3D%3D,[TRANSPORTATION OF PACKED LPG CYLINDERS TO / FROM PORT BLAIR BP TO / FROM DISTRIBUTORS GODOWN / EXTENSION COUNTERS AT FAR FLUNG ISLANDS IN A AND N FOR 05 YEARS.]
2026,07-Sep-2026 05:00 PM,14-Sep-2026 05:00 PM,15-Sep-2026 05:00 PM,New A Site RO Construction at Village NAYAGAON TEHSIL WAZIRPUR District Sawai Madhopur under Ajmer DO of Rajasthan State Office,MnC/NR/RSO/ENG/LT-157/26-27,2026_NRO_191319_1,IndianOil||Marketing||Northern Region Office||Contract Cell,https://iocletenders.nic.in/nicgep/app?component=%24DirectLink_0&page=FrontEndAdvancedSearchResult&service=direct&session=T&sp=S9IqTLYo%2Fo4GHKgolb5CHOA%3D%3D,[New A Site RO Construction at Village NAYAGAON TEHSIL WAZIRPUR District Sawai Madhopur under Ajmer DO of Rajasthan State Office]
2026,07-Sep-2026 05:00 PM,21-Sep-2026 05:00 PM,22-Sep-2026 05:00 PM,Combined Station Works for installation and commissioning of HT panel at NRPL Ambala,PNP26075,2026_NRPNP_191322_1,IndianOil||Pipelines||NRPL Panipat||Materials,https://iocletenders.nic.in/nicgep/app?component=%24DirectLink_0&page=FrontEndAdvancedSearchResult&service=direct&session=T&sp=S3c24uECAV891lu0ojMMwUg%3D%3D,[Combined Station Works for installation and commissioning of HT panel at NRPL Ambala]
2026,07-Sep-2026 05:00 PM,14-Sep-2026 05:00 PM,15-Sep-2026 05:00 PM,"Design, supply, installation, testing of Hydrocarbon vapours detection system at Ahmedabad T Bareja for conversion of one no. of tank into Ethanol under GSO",GSO/ENG/2026-27/LT/06,2026_GSO_191320_1,IndianOil||Marketing||Gujarat State Office||Engineering,https://iocletenders.nic.in/nicgep/app?component=%24DirectLink_0&page=FrontEndAdvancedSearchResult&service=direct&session=T&sp=Sd4peR6w6%2FOtHzlRqWaAmJg%3D%3D,"[Design, supply, installation, testing of Hydrocarbon vapours detection system at Ahmedabad T Bareja for conversion of one no. of tank into Ethanol under GSO]"
2026,07-Sep-2026 04:00 PM,28-Sep-2026 04:00 PM,29-Sep-2026 04:00 PM,Appointment of 3rd party for outsourcing of manufacturing and marketing of IOC CLEARBLUE for the State of Madhya Pradesh under NFR model under brand of IOC Clearblue,MnC/LUB-23/PT-62/26-27,2026_MKTHO_191306_1,IndianOil||Marketing||Marketing HO||Contract Cell,https://iocletenders.nic.in/nicgep/app?component=%24DirectLink_0&page=FrontEndAdvancedSearchResult&service=direct&session=T&sp=Sp6%2BLC2nQ6zTZlsGJ2tHJSw%3D%3D,[Appointment of 3rd party for outsourcing of manufacturing and marketing of IOC CLEARBLUE for the State of Madhya Pradesh under NFR model under brand of IOC Clearblue]
for,08-Sep-2026 06:00 PM,21-Sep-2026 03:30 PM,22-Sep-2026 03:30 PM,"Supply of Spares and Consumables for CFR RON, MON and Cetane  Engines",N1JB26022,2026_BGR_191338_1,IndianOil||Refineries||Bongaigaon Refinery||Indenter,https://iocletenders.nic.in/nicgep/app?component=%24DirectLink_0&page=FrontEndAdvancedSearchResult&service=direct&session=T&sp=SvP9asEl%2BecPOQvApvW7d6w%3D%3D,"[Supply of Spares and Consumables for CFR RON, MON and Cetane  Engines]"
for,08-Sep-2026 05:00 PM,22-Sep-2026 12:00 PM,23-Sep-2026 02:00 PM,SPN/B269-000-WE-MR-3652/397 - FASTENERS FOR P-25 PROJECT OF M/s INDIAN OIL CORPORATION LIMITED ,SPN/B269-000-WE-MR-3652/397,2026_REFHQ_191332_1,IndianOil||Refineries||Refineries HQ||Project - PMC||PRPC- P25||Project Group,https://iocletenders.nic.in/nicgep/app?component=%24DirectLink_0&page=FrontEndAdvancedSearchResult&service=direct&session=T&sp=SydvvR7GmTag9Bx%2FstXEKuA%3D%3D,[SPN/B269-000-WE-MR-3652/397 - FASTENERS FOR P-25 PROJECT OF M/s INDIAN OIL CORPORATION LIMITED ]
for,08-Sep-2026 04:00 PM,22-Sep-2026 04:00 PM,23-Sep-2026 04:00 PM,"Design, fabrication, supply and erection of Geodesic Aluminum Dome Roof for conversion of existing 01 No. External Floating Roof (EFR) Tank (6100 KL Capacity, 24 M Dia X 15 M Ht.) into Internal Floating Roof (IFR) Tank at Barauni Marketing Terminal.",ER-MnC/2026-27/PT/199,2026_ERO_191335_1,IndianOil||Marketing||Eastern Region Office||Contract Cell,https://iocletenders.nic.in/nicgep/app?component=%24DirectLink_0&page=FrontEndAdvancedSearchResult&service=direct&session=T&sp=SAjPTRIntJceDCi9v6MPipg%3D%3D,"[Design, fabrication, supply and erection of Geodesic Aluminum Dome Roof for conversion of existing 01 No. External Floating Roof (EFR) Tank (6100 KL Capacity, 24 M Dia X 15 M Ht.) into Internal Floating Roof (IFR) Tank at Barauni Marketing Terminal.]"
for,08-Sep-2026 03:20 PM,15-Sep-2026 03:20 PM,16-Sep-2026 03:20 PM,"FABRICATION, ERECTION, TESTING AND COMMISSIONING OF MECHANICAL PIPING(SS_GI_MS) FOR FOAM FEEDING THROUGH FOAM TROLLEY BANK AND ALLIED WORKS AT CHITTORGARH TERMINAL UNDER RSO.",MnC/NR/RSO/ENG/LT-158/26-27,2026_NRO_191327_1,IndianOil||Marketing||Northern Region Office||Contract Cell,https://iocletenders.nic.in/nicgep/app?component=%24DirectLink_0&page=FrontEndAdvancedSearchResult&service=direct&session=T&sp=SbJJPMFOkDaxozt%2FZUZyJrw%3D%3D,"[FABRICATION, ERECTION, TESTING AND COMMISSIONING OF MECHANICAL PIPING(SS_GI_MS) FOR FOAM FEEDING THROUGH FOAM TROLLEY BANK AND ALLIED WORKS AT CHITTORGARH TERMINAL UNDER RSO.]"
for,08-Sep-2026 11:00 AM,29-Sep-2026 03:00 PM,30-Sep-2026 03:00 PM,Engagement of Technical Manpower under Facility Management Services FMS for 24 by 7 Operations and  Monitoring for the Partner Experience Platform PEP for a Period of Three 3 Years,9003C26A10,2026_REFHQ_191326_1,IndianOil||Refineries||Refineries HQ||Materials,https://iocletenders.nic.in/nicgep/app?component=%24DirectLink_0&page=FrontEndAdvancedSearchResult&service=direct&session=T&sp=SUFGwWK5D56Q4I%2FG1jaU4yw%3D%3D,[Engagement of Technical Manpower under Facility Management Services FMS for 24 by 7 Operations and  Monitoring for the Partner Experience Platform PEP for a Period of Three 3 Years]
for,07-Sep-2026 06:55 PM,28-Sep-2026 06:55 PM,29-Sep-2026 06:55 PM,TRANSPORTATION OF PACKED LPG CYLINDERS TO / FROM PORT BLAIR BP TO / FROM DISTRIBUTORS GODOWN / EXTENSION COUNTERS AT FAR FLUNG ISLANDS IN A AND N FOR 05 YEARS.,ER-MnC/2026-27/PT/303,2026_ERO_191315_1,IndianOil||Marketing||Eastern Region Office||Contract Cell,https://iocletenders.nic.in/nicgep/app?component=%24DirectLink_0&page=FrontEndAdvancedSearchResult&service=direct&session=T&sp=SS6JNWc91co11vKES0y5lyg%3D%3D,[TRANSPORTATION OF PACKED LPG CYLINDERS TO / FROM PORT BLAIR BP TO / FROM DISTRIBUTORS GODOWN / EXTENSION COUNTERS AT FAR FLUNG ISLANDS IN A AND N FOR 05 YEARS.]
for,07-Sep-2026 05:00 PM,21-Sep-2026 05:00 PM,22-Sep-2026 05:00 PM,Combined Station Works for installation and commissioning of HT panel at NRPL Ambala,PNP26075,2026_NRPNP_191322_1,IndianOil||Pipelines||NRPL Panipat||Materials,https://iocletenders.nic.in/nicgep/app?component=%24DirectLink_0&page=FrontEndAdvancedSearchResult&service=direct&session=T&sp=S3c24uECAV891lu0ojMMwUg%3D%3D,[Combined Station Works for installation and commissioning of HT panel at NRPL Ambala]
for,07-Sep-2026 05:00 PM,14-Sep-2026 05:00 PM,15-Sep-2026 05:00 PM,"Design, supply, installation, testing of Hydrocarbon vapours detection system at Ahmedabad T Bareja for conversion of one no. of tank into Ethanol under GSO",GSO/ENG/2026-27/LT/06,2026_GSO_191320_1,IndianOil||Marketing||Gujarat State Office||Engineering,https://iocletenders.nic.in/nicgep/app?component=%24DirectLink_0&page=FrontEndAdvancedSearchResult&service=direct&session=T&sp=Sd4peR6w6%2FOtHzlRqWaAmJg%3D%3D,"[Design, supply, installation, testing of Hydrocarbon vapours detection system at Ahmedabad T Bareja for conversion of one no. of tank into Ethanol under GSO]"
for,07-Sep-2026 04:00 PM,28-Sep-2026 04:00 PM,29-Sep-2026 04:00 PM,Appointment of 3rd party for outsourcing of manufacturing and marketing of IOC CLEARBLUE for the State of Madhya Pradesh under NFR model under brand of IOC Clearblue,MnC/LUB-23/PT-62/26-27,2026_MKTHO_191306_1,IndianOil||Marketing||Marketing HO||Contract Cell,https://iocletenders.nic.in/nicgep/app?component=%24DirectLink_0&page=FrontEndAdvancedSearchResult&service=direct&session=T&sp=Sp6%2BLC2nQ6zTZlsGJ2tHJSw%3D%3D,[Appointment of 3rd party for outsourcing of manufacturing and marketing of IOC CLEARBLUE for the State of Madhya Pradesh under NFR model under brand of IOC Clearblue]
for,07-Sep-2026 02:00 PM,28-Sep-2026 02:00 PM,29-Sep-2026 02:00 PM,RATE CONTRACT FOR FABRICATION OF 10KL 20KL 50KL 70KL HORIZONTAL TANKS FOR DIVISIONAL OFFICES UNDER GUJARAT STATE OFFICE,WRMC/2026-27/PT/260,2026_WRO_191310_1,IndianOil||Marketing||Western Region Office||Contracts Cell,https://iocletenders.nic.in/nicgep/app?component=%24DirectLink_0&page=FrontEndAdvancedSearchResult&service=direct&session=T&sp=S4JCRW7%2BsobTg0PBzTCjtCA%3D%3D,[RATE CONTRACT FOR FABRICATION OF 10KL 20KL 50KL 70KL HORIZONTAL TANKS FOR DIVISIONAL OFFICES UNDER GUJARAT STATE OFFICE]
for,07-Sep-2026 02:00 PM,14-Sep-2026 02:00 PM,15-Sep-2026 02:00 PM,"Construction of Foam Trolley Bank(s) with provision for Gravity Feeding of Foam to Connected HVLRs at Ambabai, Jhansi Depot, District Jhansi, Uttar Pradesh, under UPSO-I",MnC/NR/UPSO-I/ENG/LT-156/26-27,2026_NRO_191296_1,IndianOil||Marketing||Northern Region Office||Contract Cell,https://iocletenders.nic.in/nicgep/app?component=%24DirectLink_0&page=FrontEndAdvancedSearchResult&service=direct&session=T&sp=SLFLsVoUNqEmknen6GHJ9UA%3D%3D,"[Construction of Foam Trolley Bank(s) with provision for Gravity Feeding of Foam to Connected HVLRs at Ambabai, Jhansi Depot, District Jhansi, Uttar Pradesh, under UPSO-I]"
for,05-Sep-2026 04:00 PM,12-Sep-2026 05:00 PM,14-Sep-2026 05:00 PM,Expert Supervision Services for overhauling or Troubleshooting of Peroni make Pumps at various units of Paradip Refinery,9070C26C82,2026_PDR_191311_1,IndianOil||Refineries||Paradip Refinery||Contracts,https://iocletenders.nic.in/nicgep/app?component=%24DirectLink_0&page=FrontEndAdvancedSearchResult&service=direct&session=T&sp=SwyZ1nNq7bRfd5Ownz5e3LQ%3D%3D,[Expert Supervision Services for overhauling or Troubleshooting of Peroni make Pumps at various units of Paradip Refinery]
for,05-Sep-2026 01:00 PM,19-Sep-2026 01:00 PM,21-Sep-2026 03:00 PM,ARC FOR REPAIR AND MAINTENANCE OF FIRE PROOFING JOBS AT IOCL-DIGBOI REFINERY.,DRG226K083/32709,2026_AOD_191312_1,IndianOil||Refineries||AOD Digboi||Contracts Section,https://iocletenders.nic.in/nicgep/app?component=%24DirectLink_0&page=FrontEndAdvancedSearchResult&service=direct&session=T&sp=SQlYOzyVBaL63K33lFUZTCA%3D%3D,[ARC FOR REPAIR AND MAINTENANCE OF FIRE PROOFING JOBS AT IOCL-DIGBOI REFINERY.]
for,05-Sep-2026 10:00 AM,19-Sep-2026 03:00 PM,21-Sep-2026 03:00 PM,9030C26D55 Providing and fixing various types of safety informatory signage and name boards at Gujarat Refinery township Vadodara IOCL,9030C26D55,2026_JR_191305_1,IndianOil||Refineries||Gujarat Refinery||Contracts,https://iocletenders.nic.in/nicgep/app?component=%24DirectLink_0&page=FrontEndAdvancedSearchResult&service=direct&session=T&sp=SJu35csJQt1o5wOmdns1JPQ%3D%3D,[9030C26D55 Providing and fixing various types of safety informatory signage and name boards at Gujarat Refinery township Vadodara IOCL]
for,05-Sep-2026 10:00 AM,19-Sep-2026 03:00 PM,21-Sep-2026 03:00 PM,9030C26D23 Rectification of jacket fuel naphtha portion of HGU-3 Reformer burner fuel Naphtha network,9030C26D23,2026_JR_191237_1,IndianOil||Refineries||Gujarat Refinery||Contracts,https://iocletenders.nic.in/nicgep/app?component=%24DirectLink_0&page=FrontEndAdvancedSearchResult&service=direct&session=T&sp=S5T5IZoMaDgie5o7KMS7V7g%3D%3D,[9030C26D23 Rectification of jacket fuel naphtha portion of HGU-3 Reformer burner fuel Naphtha network]
for,04-Sep-2026 05:00 PM,14-Sep-2026 03:00 PM,15-Sep-2026 03:30 PM,"Miscellaneous Piping, Structural, Mechanical, Electrical  Instrumentation Works for RFCCU Revamp under BR 09 Project.",9020C26C76,2026_BR_191309_1,IndianOil||Refineries||Barauni Refinery||Contract,https://iocletenders.nic.in/nicgep/app?component=%24DirectLink_0&page=FrontEndAdvancedSearchResult&service=direct&session=T&sp=SRXHe76FQT51HeWkPTG02SA%3D%3D,"[Miscellaneous Piping, Structural, Mechanical, Electrical  Instrumentation Works for RFCCU Revamp under BR 09 Project.]"
for,04-Sep-2026 04:30 PM,03-Oct-2026 03:00 PM,05-Oct-2026 10:00 AM,EOI for transport tender ex JNPT Complex,MSO/OPS/POL/EOI/2027-32/JNPT COMPLEX,2026_MSO_191307_1,IndianOil||Marketing||Maharashtra State Office||Operations,https://iocletenders.nic.in/nicgep/app?component=%24DirectLink_0&page=FrontEndAdvancedSearchResult&service=direct&session=T&sp=SlEo1AIQd3jH%2B56E5IyY2Tw%3D%3D,[EOI for transport tender ex JNPT Complex]
for,04-Sep-2026 04:00 PM,12-Sep-2026 11:10 AM,15-Sep-2026 02:00 PM,S/I/T/C of Transformer at Kenduapada station chhak towards Barikpur bazar chhak,OSO/RET/ENG/2026-27/LT-04,2026_OSO_191303_1,IndianOil||Marketing||Odisha State Office||Engineering,https://iocletenders.nic.in/nicgep/app?component=%24DirectLink_0&page=FrontEndAdvancedSearchResult&service=direct&session=T&sp=SsgGPRb5h3IYDgPb07Iv2LA%3D%3D,[S/I/T/C of Transformer at Kenduapada station chhak towards Barikpur bazar chhak]
for,04-Sep-2026 03:15 PM,12-Sep-2026 10:00 AM,15-Sep-2026 11:00 AM,S/I/T/C of Transformer at Jaida Khata 103 Plot 176 Tehsil Gopabandhunagar District Mayurbhanj ,OSO/RET/ENG/2026-27/LT-03,2026_OSO_191301_1,IndianOil||Marketing||Odisha State Office||Engineering,https://iocletenders.nic.in/nicgep/app?component=%24DirectLink_0&page=FrontEndAdvancedSearchResult&service=direct&session=T&sp=SEC3diHZZXcdsSFlaFk74qw%3D%3D,[S/I/T/C of Transformer at Jaida Khata 103 Plot 176 Tehsil Gopabandhunagar District Mayurbhanj ]
for,04-Sep-2026 03:00 PM,12-Sep-2026 12:00 PM,15-Sep-2026 12:00 PM,S/I/T/C of Transformer at Bamunigaon Daringabadi road Kandhamal ,OSO/RET/ENGG/2026-27/LT-02,2026_OSO_191143_1,IndianOil||Marketing||Odisha State Office||Engineering,https://iocletenders.nic.in/nicgep/app?component=%24DirectLink_0&page=FrontEndAdvancedSearchResult&service=direct&session=T&sp=SFg%2Fpv3O8mFhKaf3xTwRPIQ%3D%3D,[S/I/T/C of Transformer at Bamunigaon Daringabadi road Kandhamal ]
services,08-Sep-2026 11:00 AM,29-Sep-2026 03:00 PM,30-Sep-2026 03:00 PM,Engagement of Technical Manpower under Facility Management Services FMS for 24 by 7 Operations and  Monitoring for the Partner Experience Platform PEP for a Period of Three 3 Years,9003C26A10,2026_REFHQ_191326_1,IndianOil||Refineries||Refineries HQ||Materials,https://iocletenders.nic.in/nicgep/app?component=%24DirectLink_0&page=FrontEndAdvancedSearchResult&service=direct&session=T&sp=SUFGwWK5D56Q4I%2FG1jaU4yw%3D%3D,[Engagement of Technical Manpower under Facility Management Services FMS for 24 by 7 Operations and  Monitoring for the Partner Experience Platform PEP for a Period of Three 3 Years]
services,05-Sep-2026 04:00 PM,12-Sep-2026 05:00 PM,14-Sep-2026 05:00 PM,Expert Supervision Services for overhauling or Troubleshooting of Peroni make Pumps at various units of Paradip Refinery,9070C26C82,2026_PDR_191311_1,IndianOil||Refineries||Paradip Refinery||Contracts,https://iocletenders.nic.in/nicgep/app?component=%24DirectLink_0&page=FrontEndAdvancedSearchResult&service=direct&session=T&sp=SwyZ1nNq7bRfd5Ownz5e3LQ%3D%3D,[Expert Supervision Services for overhauling or Troubleshooting of Peroni make Pumps at various units of Paradip Refinery]
services,04-Sep-2026 04:30 PM,15-Sep-2026 05:00 PM,16-Sep-2026 05:00 PM,"Expert Supervision Services Towards Major Overhauling, Maintenance and Troubleshooting of Multistage Centrifugal CCR RGC compressor package and Multistage HHP Drive Turbine along with Maintenance and Testing of GIMPEL Valve at Paradip Refinery",9070C26C18,2026_PDR_191300_1,IndianOil||Refineries||Paradip Refinery||Contracts,https://iocletenders.nic.in/nicgep/app?component=%24DirectLink_0&page=FrontEndAdvancedSearchResult&service=direct&session=T&sp=Slw%2BoeAhLt%2FWeywmTOBBvXA%3D%3D,"[Expert Supervision Services Towards Major Overhauling, Maintenance and Troubleshooting of Multistage Centrifugal CCR RGC compressor package and Multistage HHP Drive Turbine along with Maintenance and Testing of GIMPEL Valve at Paradip Refinery]"
services,27-Aug-2026 04:30 PM,17-Sep-2026 04:30 PM,18-Sep-2026 04:30 PM,Hiring Professional Services of Registered Power  Trader of Power Exchange s of India for purchase of  Power through open access from Power Exchange s  in India for Gujarat Refinery and Oxo alcohol plant  Dumad.,9030C26C99,2026_JR_191177_1,IndianOil||Refineries||Gujarat Refinery||Contracts,https://iocletenders.nic.in/nicgep/app?component=%24DirectLink_0&page=FrontEndAdvancedSearchResult&service=direct&session=T&sp=St40ypGQVwAc%2B67mz5MMdZQ%3D%3D,[Hiring Professional Services of Registered Power  Trader of Power Exchange s of India for purchase of  Power through open access from Power Exchange s  in India for Gujarat Refinery and Oxo alcohol plant  Dumad.]
services,27-Aug-2026 03:00 PM,10-Sep-2026 03:00 PM,11-Sep-2026 03:30 PM,Annual Rate Contract for Facility Management Services at Pipelines Kaushal Vikas Kendra Budhpur Rewari,PNP26047,2026_NRPNP_191165_1,IndianOil||Pipelines||NRPL Panipat||Materials,https://iocletenders.nic.in/nicgep/app?component=%24DirectLink_0&page=FrontEndAdvancedSearchResult&service=direct&session=T&sp=SmyjrfTqfmTyN0LG%2FcAqOsg%3D%3D,[Annual Rate Contract for Facility Management Services at Pipelines Kaushal Vikas Kendra Budhpur Rewari]
services,20-Aug-2026 10:00 AM,14-Sep-2026 03:00 PM,15-Sep-2026 03:00 PM,Expert supervisory Services by Linde Engineering India Private Limited for Cryostar Make expansion turbine (52-KT-01) in N2 unit at Guwahati Refinery,9010C26B10,2026_GR_191061_1,IndianOil||Refineries||Guwahati Refinery||Contracts,https://iocletenders.nic.in/nicgep/app?component=%24DirectLink_0&page=FrontEndAdvancedSearchResult&service=direct&session=T&sp=S%2BgZNW24hzZYXR8aXxTqaDw%3D%3D,[Expert supervisory Services by Linde Engineering India Private Limited for Cryostar Make expansion turbine (52-KT-01) in N2 unit at Guwahati Refinery]
services,07-Aug-2026 06:00 PM,14-Sep-2026 03:00 PM,15-Sep-2026 03:00 PM,9000C26A88 Outline agreement towards consultancy services for Phase 1 and Phase 2 for upcoming IOCL projects,9000C26A88,2026_REFHQ_190904_1,IndianOil||Refineries||Refineries HQ||Contracts,https://iocletenders.nic.in/nicgep/app?component=%24DirectLink_0&page=FrontEndAdvancedSearchResult&service=direct&session=T&sp=SEtnc8aKOCZfxJ7EzyJWo2w%3D%3D,[9000C26A88 Outline agreement towards consultancy services for Phase 1 and Phase 2 for upcoming IOCL projects]
services,06-Mar-2026 05:00 PM,22-Sep-2026 03:00 PM,23-Sep-2026 03:00 PM,"SPN/C077-000-LA-T-9502/03 - PROJECT MANAGEMENT CONSULTANCY SERVICES (PMC-3) FOR CUMENE AND PHENOL UNITS FOR THE PARADIP PETROCHEMICAL COMPLEX (PDPC) PROJECT OF INDIAN OIL CORPORATION LIMITED AT PARADIP, ODISHA",SPN/C077-000-LA-T-9502/03,2026_REFHQ_189208_1,IndianOil||Refineries||Refineries HQ||Project - PMC||PDPC-PMC-2,https://iocletenders.nic.in/nicgep/app?component=%24DirectLink_0&page=FrontEndAdvancedSearchResult&service=direct&session=T&sp=Sl%2Bbqo6maKiWn1%2BgrM0coMA%3D%3D,"[SPN/C077-000-LA-T-9502/03 - PROJECT MANAGEMENT CONSULTANCY SERVICES (PMC-3) FOR CUMENE AND PHENOL UNITS FOR THE PARADIP PETROCHEMICAL COMPLEX (PDPC) PROJECT OF INDIAN OIL CORPORATION LIMITED AT PARADIP, ODISHA]"
services,25-Feb-2026 05:30 PM,22-Sep-2026 03:00 PM,23-Sep-2026 03:00 PM,"SPN/C077-000-LA-T-9501/01 - PROJECT MANAGEMENT CONSULTANCY SERVICES (PMC-4) FOR LLDPE/HDPE (SWING) UNIT, PVC AND BUTENE-1 UNDER THE PARADIP PETROCHEMICAL COMPLEX (PDPC) PROJECT OF INDIAN OIL CORPORATION LIMITED AT PARADIP, ODISHA",SPN/C077-000-LA-T-9501/01,2026_REFHQ_189090_1,IndianOil||Refineries||Refineries HQ||Project - PMC||PDPC-PMC-2,https://iocletenders.nic.in/nicgep/app?component=%24DirectLink_0&page=FrontEndAdvancedSearchResult&service=direct&session=T&sp=SWqnzfRpMELpf9PEBAoxxgg%3D%3D,"[SPN/C077-000-LA-T-9501/01 - PROJECT MANAGEMENT CONSULTANCY SERVICES (PMC-4) FOR LLDPE/HDPE (SWING) UNIT, PVC AND BUTENE-1 UNDER THE PARADIP PETROCHEMICAL COMPLEX (PDPC) PROJECT OF INDIAN OIL CORPORATION LIMITED AT PARADIP, ODISHA]"
make,05-Sep-2026 04:00 PM,12-Sep-2026 05:00 PM,14-Sep-2026 05:00 PM,Expert Supervision Services for overhauling or Troubleshooting of Peroni make Pumps at various units of Paradip Refinery,9070C26C82,2026_PDR_191311_1,IndianOil||Refineries||Paradip Refinery||Contracts,https://iocletenders.nic.in/nicgep/app?component=%24DirectLink_0&page=FrontEndAdvancedSearchResult&service=direct&session=T&sp=SwyZ1nNq7bRfd5Ownz5e3LQ%3D%3D,[Expert Supervision Services for overhauling or Troubleshooting of Peroni make Pumps at various units of Paradip Refinery]
make,04-Sep-2026 06:00 PM,11-Sep-2026 03:00 PM,12-Sep-2026 03:00 PM,"Procurement of Capital Spares of 057-K-002A/B (RGC) and 057-K-003A/B (H2 makeup compressor), NHGU at IOCL Paradip Refinery",9070M26E61,2026_PDR_191297_1,IndianOil||Refineries||Paradip Refinery||Materials,https://iocletenders.nic.in/nicgep/app?component=%24DirectLink_0&page=FrontEndAdvancedSearchResult&service=direct&session=T&sp=S4%2Bf371dw2NQxvqJtrMKpzg%3D%3D,"[Procurement of Capital Spares of 057-K-002A/B (RGC) and 057-K-003A/B (H2 makeup compressor), NHGU at IOCL Paradip Refinery]"
make,04-Sep-2026 06:00 PM,11-Sep-2026 03:00 PM,12-Sep-2026 03:00 PM,"Procurement of Capital Spare, Complete Trip and Throttle valve  (Make   Siemens Energy Industrial Turbomachinery India Private Limited) of WGC Turbine as per Insurance spares guideline rotary 2025 26 at IOCL Paradip Refinery",9070M26F67,2026_PDR_191304_1,IndianOil||Refineries||Paradip Refinery||Materials,https://iocletenders.nic.in/nicgep/app?component=%24DirectLink_0&page=FrontEndAdvancedSearchResult&service=direct&session=T&sp=SZw5ULmtuQ9BGZHcSKE5zTQ%3D%3D,"[Procurement of Capital Spare, Complete Trip and Throttle valve  (Make   Siemens Energy Industrial Turbomachinery India Private Limited) of WGC Turbine as per Insurance spares guideline rotary 2025 26 at IOCL Paradip Refinery]"
make,25-Aug-2026 12:00 PM,15-Sep-2026 03:00 PM,16-Sep-2026 03:00 PM,Procurement of UPS contoller system for replacement in Gutor make UPS,NCM2616049,2026_PR_191127_1,IndianOil||Refineries||Panipat Refinery||Materials,https://iocletenders.nic.in/nicgep/app?component=%24DirectLink_0&page=FrontEndAdvancedSearchResult&service=direct&session=T&sp=SGInOMaUu%2FPs8sGoinWqsnA%3D%3D,[Procurement of UPS contoller system for replacement in Gutor make UPS]
make,20-Aug-2026 10:00 AM,14-Sep-2026 03:00 PM,15-Sep-2026 03:00 PM,Expert supervisory Services by Linde Engineering India Private Limited for Cryostar Make expansion turbine (52-KT-01) in N2 unit at Guwahati Refinery,9010C26B10,2026_GR_191061_1,IndianOil||Refineries||Guwahati Refinery||Contracts,https://iocletenders.nic.in/nicgep/app?component=%24DirectLink_0&page=FrontEndAdvancedSearchResult&service=direct&session=T&sp=S%2BgZNW24hzZYXR8aXxTqaDw%3D%3D,[Expert supervisory Services by Linde Engineering India Private Limited for Cryostar Make expansion turbine (52-KT-01) in N2 unit at Guwahati Refinery]
make,14-Aug-2026 03:00 PM,14-Sep-2026 03:00 PM,15-Sep-2026 03:30 PM,Procurement of BEGG COUSLAND MAKE CRITICAL Deduster Fan,PRMM268066,2026_PR_190862_1,IndianOil||Refineries||Panipat Refinery||Materials,https://iocletenders.nic.in/nicgep/app?component=%24DirectLink_0&page=FrontEndAdvancedSearchResult&service=direct&session=T&sp=SozBBYP7LAZHYFzOiISHq1w%3D%3D,[Procurement of BEGG COUSLAND MAKE CRITICAL Deduster Fan]
lot-2,02-Sep-2026 05:45 PM,17-Sep-2026 02:30 PM,18-Sep-2026 03:00 PM,SUPPLY OF FASTENERS (LOT-2),TP/214227C/DR/1370-0301/1111,2026_REFHQ_191266_1,IndianOil||Refineries||Refineries HQ||Project - PMC||Digboi-DR 1.0 Expansion||Project Group,https://iocletenders.nic.in/nicgep/app?component=%24DirectLink_0&page=FrontEndAdvancedSearchResult&service=direct&session=T&sp=SriGhomR8JQn9uBqdgii6Ww%3D%3D,[SUPPLY OF FASTENERS (LOT-2)]
lot-2,20-Aug-2026 01:00 PM,10-Sep-2026 02:30 PM,11-Sep-2026 03:00 PM,SUPPLY OF CONTROL VALVES (LOT-2),TP/214227C/DR/1541-0002/1114,2026_REFHQ_191056_1,IndianOil||Refineries||Refineries HQ||Project - PMC||Digboi-DR 1.0 Expansion||Project Group,https://iocletenders.nic.in/nicgep/app?component=%24DirectLink_0&page=FrontEndAdvancedSearchResult&service=direct&session=T&sp=SccJIAtc8L96hkldWNNKysQ%3D%3D,[SUPPLY OF CONTROL VALVES (LOT-2)]
lot-2,20-Aug-2026 01:00 PM,10-Sep-2026 02:30 PM,11-Sep-2026 03:00 PM,SUPPLY OF ON-OFF VALVES (LOT-2),TP/214227C/DR/1543-0002/1115,2026_REFHQ_191062_1,IndianOil||Refineries||Refineries HQ||Project - PMC||Digboi-DR 1.0 Expansion||Project Group,https://iocletenders.nic.in/nicgep/app?component=%24DirectLink_0&page=FrontEndAdvancedSearchResult&service=direct&session=T&sp=STvp%2F30%2Fm2fOGoPhAAFgIpg%3D%3D,[SUPPLY OF ON-OFF VALVES (LOT-2)]
capital,04-Sep-2026 06:00 PM,11-Sep-2026 03:00 PM,12-Sep-2026 03:00 PM,"Procurement of Capital Spares of 057-K-002A/B (RGC) and 057-K-003A/B (H2 makeup compressor), NHGU at IOCL Paradip Refinery",9070M26E61,2026_PDR_191297_1,IndianOil||Refineries||Paradip Refinery||Materials,https://iocletenders.nic.in/nicgep/app?component=%24DirectLink_0&page=FrontEndAdvancedSearchResult&service=direct&session=T&sp=S4%2Bf371dw2NQxvqJtrMKpzg%3D%3D,"[Procurement of Capital Spares of 057-K-002A/B (RGC) and 057-K-003A/B (H2 makeup compressor), NHGU at IOCL Paradip Refinery]"
capital,04-Sep-2026 06:00 PM,11-Sep-2026 03:00 PM,12-Sep-2026 03:00 PM,"Procurement of Capital Spare, Complete Trip and Throttle valve  (Make   Siemens Energy Industrial Turbomachinery India Private Limited) of WGC Turbine as per Insurance spares guideline rotary 2025 26 at IOCL Paradip Refinery",9070M26F67,2026_PDR_191304_1,IndianOil||Refineries||Paradip Refinery||Materials,https://iocletenders.nic.in/nicgep/app?component=%24DirectLink_0&page=FrontEndAdvancedSearchResult&service=direct&session=T&sp=SZw5ULmtuQ9BGZHcSKE5zTQ%3D%3D,"[Procurement of Capital Spare, Complete Trip and Throttle valve  (Make   Siemens Energy Industrial Turbomachinery India Private Limited) of WGC Turbine as per Insurance spares guideline rotary 2025 26 at IOCL Paradip Refinery]"
capital,31-Aug-2026 01:00 PM,21-Sep-2026 01:00 PM,22-Sep-2026 01:00 PM,Rate Contract (Rs. 0 to 50.00 Lacs) for carrying out Capital / Revenue works upgradation / renovation / painting / M and R works up to Rs. 50 Lakhs,MnC/SR/HS/PT/107/SRO/2026-27,2026_SROTN_191032_1,IndianOil||Marketing||Southern Region and Tamilnadu State Office||Contracts Cell,https://iocletenders.nic.in/nicgep/app?component=%24DirectLink_0&page=FrontEndAdvancedSearchResult&service=direct&session=T&sp=SUpu5HHYLIc6%2FRPN4iOgyww%3D%3D,[Rate Contract (Rs. 0 to 50.00 Lacs) for carrying out Capital / Revenue works upgradation / renovation / painting / M and R works up to Rs. 50 Lakhs]
capital,27-Aug-2026 05:00 PM,24-Sep-2026 05:00 PM,25-Sep-2026 05:00 PM,"Capex Rate Contract Category- I  Rs. 0 to 3.00 Lacs for carrying out maintenance and low value capital jobs of mechanical, civil and electrical nature at Retail Outlets including KSKs and Consumer Outlets under Bangalore, Belgaum, Mangalore, ",MnC/SR/VJI/PT/111/KASO/2026-27,2026_SROTN_191132_1,IndianOil||Marketing||Southern Region and Tamilnadu State Office||Contracts Cell,https://iocletenders.nic.in/nicgep/app?component=%24DirectLink_0&page=FrontEndAdvancedSearchResult&service=direct&session=T&sp=SNymCdjOzRV0JAOe5C1U8tw%3D%3D,"[Capex Rate Contract Category- I  Rs. 0 to 3.00 Lacs for carrying out maintenance and low value capital jobs of mechanical, civil and electrical nature at Retail Outlets including KSKs and Consumer Outlets under Bangalore, Belgaum, Mangalore, ]"
maintenance,05-Sep-2026 01:00 PM,19-Sep-2026 01:00 PM,21-Sep-2026 03:00 PM,ARC FOR REPAIR AND MAINTENANCE OF FIRE PROOFING JOBS AT IOCL-DIGBOI REFINERY.,DRG226K083/32709,2026_AOD_191312_1,IndianOil||Refineries||AOD Digboi||Contracts Section,https://iocletenders.nic.in/nicgep/app?component=%24DirectLink_0&page=FrontEndAdvancedSearchResult&service=direct&session=T&sp=SQlYOzyVBaL63K33lFUZTCA%3D%3D,[ARC FOR REPAIR AND MAINTENANCE OF FIRE PROOFING JOBS AT IOCL-DIGBOI REFINERY.]
maintenance,04-Sep-2026 04:30 PM,15-Sep-2026 05:00 PM,16-Sep-2026 05:00 PM,"Expert Supervision Services Towards Major Overhauling, Maintenance and Troubleshooting of Multistage Centrifugal CCR RGC compressor package and Multistage HHP Drive Turbine along with Maintenance and Testing of GIMPEL Valve at Paradip Refinery",9070C26C18,2026_PDR_191300_1,IndianOil||Refineries||Paradip Refinery||Contracts,https://iocletenders.nic.in/nicgep/app?component=%24DirectLink_0&page=FrontEndAdvancedSearchResult&service=direct&session=T&sp=Slw%2BoeAhLt%2FWeywmTOBBvXA%3D%3D,"[Expert Supervision Services Towards Major Overhauling, Maintenance and Troubleshooting of Multistage Centrifugal CCR RGC compressor package and Multistage HHP Drive Turbine along with Maintenance and Testing of GIMPEL Valve at Paradip Refinery]"
maintenance,03-Sep-2026 06:50 PM,14-Sep-2026 05:00 PM,15-Sep-2026 05:00 PM,"Proposal for lining up Rate Contract for emergency repair works such as pipeline leak, burst, pilferage and other miscellaneous maintenance activities in mainline jurisdiction for BKPL stations into 3 Groups Group B BKPL Barauni",ERKLC2653,2026_ERKLK_191194_2,IndianOil||Pipelines||ERPL Kolkata||Materials,https://iocletenders.nic.in/nicgep/app?component=%24DirectLink_0&page=FrontEndAdvancedSearchResult&service=direct&session=T&sp=SpqUnJ9p%2B9qRMZoCYdoNxxA%3D%3D,"[Proposal for lining up Rate Contract for emergency repair works such as pipeline leak, burst, pilferage and other miscellaneous maintenance activities in mainline jurisdiction for BKPL stations into 3 Groups Group B BKPL Barauni]"
maintenance,03-Sep-2026 06:50 PM,14-Sep-2026 05:00 PM,15-Sep-2026 05:00 PM,"Proposal for lining up Rate Contract for emergency repair works such as pipeline leak, burst, pilferage and other miscellaneous maintenance activities in mainline jurisdiction for BKPL stations into 3 Groups Group C ERPL Jasidih",ERKLC2653,2026_ERKLK_191194_3,IndianOil||Pipelines||ERPL Kolkata||Materials,https://iocletenders.nic.in/nicgep/app?component=%24DirectLink_0&page=FrontEndAdvancedSearchResult&service=direct&session=T&sp=SMqMQEIfEZRFbF9m%2B4SfP8w%3D%3D,"[Proposal for lining up Rate Contract for emergency repair works such as pipeline leak, burst, pilferage and other miscellaneous maintenance activities in mainline jurisdiction for BKPL stations into 3 Groups Group C ERPL Jasidih]"
maintenance,03-Sep-2026 06:50 PM,14-Sep-2026 05:00 PM,15-Sep-2026 05:00 PM,"Proposal for lining up Rate Contract for emergency repair works such as  pipeline leak, burst, pilferage and other miscellaneous maintenance  activities in mainline jurisdiction for BKPL stations into 3 Groups   Group A PHBPL Barauni ",ERKLC2653,2026_ERKLK_191194_1,IndianOil||Pipelines||ERPL Kolkata||Materials,https://iocletenders.nic.in/nicgep/app?component=%24DirectLink_0&page=FrontEndAdvancedSearchResult&service=direct&session=T&sp=Spw9LOZ0GW5ZF4UPknDbY6Q%3D%3D,"[Proposal for lining up Rate Contract for emergency repair works such as  pipeline leak, burst, pilferage and other miscellaneous maintenance  activities in mainline jurisdiction for BKPL stations into 3 Groups   Group A PHBPL Barauni ]"
maintenance,31-Aug-2026 09:30 AM,14-Sep-2026 04:30 PM,15-Sep-2026 04:30 PM,Rate Contract for Maintenance of Office and Guest house of IOCL BGR at Six Mile Guwahati,BN26CL119,2026_BGR_191164_1,IndianOil||Refineries||Bongaigaon Refinery||Contract,https://iocletenders.nic.in/nicgep/app?component=%24DirectLink_0&page=FrontEndAdvancedSearchResult&service=direct&session=T&sp=Sg86i9d9Cu%2FsqCYTzJzvrYQ%3D%3D,[Rate Contract for Maintenance of Office and Guest house of IOCL BGR at Six Mile Guwahati]
maintenance,29-Aug-2026 12:00 PM,12-Sep-2026 02:30 PM,14-Sep-2026 03:00 PM,"ARC for  Repair and Maintenance  of cold Insulation in various units of PNC, Panipat.",RPNC265035,2026_PR_191200_1,IndianOil||Refineries||Panipat Refinery||Contracts,https://iocletenders.nic.in/nicgep/app?component=%24DirectLink_0&page=FrontEndAdvancedSearchResult&service=direct&session=T&sp=SupEqHus405%2BbjbN7FtdVNA%3D%3D,"[ARC for  Repair and Maintenance  of cold Insulation in various units of PNC, Panipat.]"
maintenance,29-Aug-2026 10:00 AM,11-Sep-2026 03:00 PM,14-Sep-2026 03:30 PM,"Repair and maintenance of Drains at IOCL, Haldia Refinery,West Bengal, Haldia.",9040C26C60,2026_HR_191198_1,IndianOil||Refineries||Haldia Refinery||Contracts,https://iocletenders.nic.in/nicgep/app?component=%24DirectLink_0&page=FrontEndAdvancedSearchResult&service=direct&session=T&sp=S%2BAkmInH6qa7QYvc7glwr0Q%3D%3D,"[Repair and maintenance of Drains at IOCL, Haldia Refinery,West Bengal, Haldia.]"
maintenance,27-Aug-2026 05:00 PM,24-Sep-2026 05:00 PM,25-Sep-2026 05:00 PM,"Capex Rate Contract Category- I  Rs. 0 to 3.00 Lacs for carrying out maintenance and low value capital jobs of mechanical, civil and electrical nature at Retail Outlets including KSKs and Consumer Outlets under Bangalore, Belgaum, Mangalore, ",MnC/SR/VJI/PT/111/KASO/2026-27,2026_SROTN_191132_1,IndianOil||Marketing||Southern Region and Tamilnadu State Office||Contracts Cell,https://iocletenders.nic.in/nicgep/app?component=%24DirectLink_0&page=FrontEndAdvancedSearchResult&service=direct&session=T&sp=SNymCdjOzRV0JAOe5C1U8tw%3D%3D,"[Capex Rate Contract Category- I  Rs. 0 to 3.00 Lacs for carrying out maintenance and low value capital jobs of mechanical, civil and electrical nature at Retail Outlets including KSKs and Consumer Outlets under Bangalore, Belgaum, Mangalore, ]"
maintenance,27-Aug-2026 02:00 PM,10-Sep-2026 02:30 PM,11-Sep-2026 03:00 PM,RPRC263369 ARC for maintenance and oil testing of transformers at P25 units of PRPC,9060C26C54,2026_PR_191158_1,IndianOil||Refineries||Panipat Refinery||Contracts,https://iocletenders.nic.in/nicgep/app?component=%24DirectLink_0&page=FrontEndAdvancedSearchResult&service=direct&session=T&sp=SLkthVw07BpaYhmb%2Br7e%2BRA%3D%3D,[RPRC263369 ARC for maintenance and oil testing of transformers at P25 units of PRPC]
maintenance,24-Aug-2026 04:00 PM,14-Sep-2026 04:00 PM,15-Sep-2026 04:00 PM,PWRJT26317 Maintenance and Inspection  Work of Crude Oil Storage Tanks VT 07 at WRPL Viramgam. ,PWRJT26317,2026_WRRAJ_191067_1,IndianOil||Pipelines||WRPL Rajkot||Technical Services,https://iocletenders.nic.in/nicgep/app?component=%24DirectLink_0&page=FrontEndAdvancedSearchResult&service=direct&session=T&sp=SjlpoCuWuv2M%2BTIPI6cj4TA%3D%3D,[PWRJT26317 Maintenance and Inspection  Work of Crude Oil Storage Tanks VT 07 at WRPL Viramgam. ]
maintenance,21-Aug-2026 05:00 PM,14-Sep-2026 03:00 PM,15-Sep-2026 03:30 PM,"Annual Maintenance Contract (AMC) of Automatic Sliding Glass Doors at Administrative Building, NRPL HQ, Panipat",PNP26061,2026_NRPNP_191103_1,IndianOil||Pipelines||NRPL Panipat||Materials,https://iocletenders.nic.in/nicgep/app?component=%24DirectLink_0&page=FrontEndAdvancedSearchResult&service=direct&session=T&sp=S0s9YpOGOJfeUOIoktS%2BGsQ%3D%3D,"[Annual Maintenance Contract (AMC) of Automatic Sliding Glass Doors at Administrative Building, NRPL HQ, Panipat]"
maintenance,21-Aug-2026 09:00 AM,11-Sep-2026 05:00 PM,12-Sep-2026 05:00 PM,Annual Rate contract for Repair and Maintenance of Civil work at Paradip Refinery Township Paradip Odisha,9070C26C63,2026_PDR_191060_1,IndianOil||Refineries||Paradip Refinery||Contracts,https://iocletenders.nic.in/nicgep/app?component=%24DirectLink_0&page=FrontEndAdvancedSearchResult&service=direct&session=T&sp=SyixdIOwkkmTrVKPExDZWhw%3D%3D,[Annual Rate contract for Repair and Maintenance of Civil work at Paradip Refinery Township Paradip Odisha]
maintenance,18-Aug-2026 06:00 PM,09-Sep-2026 05:00 PM,10-Sep-2026 05:00 PM,"Supply Installation, Testing and Commissioning of Biometric Attendance System at ERPL Siliguri including 3 (Three) Years Comprehensive Annual Maintenance Contract",ERKLC2656,2026_ERKLK_191021_1,IndianOil||Pipelines||ERPL Kolkata||Materials,https://iocletenders.nic.in/nicgep/app?component=%24DirectLink_0&page=FrontEndAdvancedSearchResult&service=direct&session=T&sp=SPczUDvvea6d0ieN58X1JIw%3D%3D,"[Supply Installation, Testing and Commissioning of Biometric Attendance System at ERPL Siliguri including 3 (Three) Years Comprehensive Annual Maintenance Contract]"
calibration,19-Aug-2026 05:00 PM,09-Sep-2026 02:30 PM,10-Sep-2026 03:00 PM,"Design, Supply, Installation, Customization, Calibration, Testing and Commissioning of Optical Fiber based Pipeline Intrusion Detection and Warning System (PIDWS) in Koyali Ahmednagar Solapur Pipeline (KASPL) and Kot-Jodhpur Pipeline with 5 years AMC",PLCC/PIDWS/TI/26052,2026_PLHO_191027_1,IndianOil||Pipelines||Pipelines HO||Contracts,https://iocletenders.nic.in/nicgep/app?component=%24DirectLink_0&page=FrontEndAdvancedSearchResult&service=direct&session=T&sp=SfVUlx8Hu77xuyjrPynq%2Btw%3D%3D,"[Design, Supply, Installation, Customization, Calibration, Testing and Commissioning of Optical Fiber based Pipeline Intrusion Detection and Warning System (PIDWS) in Koyali Ahmednagar Solapur Pipeline (KASPL) and Kot-Jodhpur Pipeline with 5 years AMC]"
shutdown,04-Sep-2026 05:00 PM,18-Sep-2026 05:00 PM,19-Sep-2026 05:00 PM,"Grit shot blasting and painting jobs during M and I shutdown at Paradip Refinery, Odisha.",9070C26C68,2026_PDR_191293_1,IndianOil||Refineries||Paradip Refinery||Contracts,https://iocletenders.nic.in/nicgep/app?component=%24DirectLink_0&page=FrontEndAdvancedSearchResult&service=direct&session=T&sp=SZAnhAwsl%2FmnZYUkdV%2BxdVA%3D%3D,"[Grit shot blasting and painting jobs during M and I shutdown at Paradip Refinery, Odisha.]"
shutdown,06-Aug-2026 05:00 PM,10-Sep-2026 03:00 PM,11-Sep-2026 03:00 PM,COMPOSITE WORKS COMPRISING MECHANICAL PIPING STRUCTURAL AND CIVIL FOUNDATION WORKS IN PRE SHUTDOWN AND SHUTDOWN PHASES ALONG WITH MANPOWER ASSISTANCE FOR PRE COMMISSIONING AND COMMISSIONING ACTIVITIES FOR DR 1 EXPANSION PROJECT AT DIGBOI REFINERY,TP/214227C/T/28,2026_REFHQ_190883_1,IndianOil||Refineries||Refineries HQ||Project - PMC||Digboi-DR 1.0 Expansion||Project Group,https://iocletenders.nic.in/nicgep/app?component=%24DirectLink_0&page=FrontEndAdvancedSearchResult&service=direct&session=T&sp=ScWsP5QGqxVlzqdSBUG4zxg%3D%3D,[COMPOSITE WORKS COMPRISING MECHANICAL PIPING STRUCTURAL AND CIVIL FOUNDATION WORKS IN PRE SHUTDOWN AND SHUTDOWN PHASES ALONG WITH MANPOWER ASSISTANCE FOR PRE COMMISSIONING AND COMMISSIONING ACTIVITIES FOR DR 1 EXPANSION PROJECT AT DIGBOI REFINERY]
critical,14-Aug-2026 03:00 PM,14-Sep-2026 03:00 PM,15-Sep-2026 03:30 PM,Procurement of BEGG COUSLAND MAKE CRITICAL Deduster Fan,PRMM268066,2026_PR_190862_1,IndianOil||Refineries||Panipat Refinery||Materials,https://iocletenders.nic.in/nicgep/app?component=%24DirectLink_0&page=FrontEndAdvancedSearchResult&service=direct&session=T&sp=SozBBYP7LAZHYFzOiISHq1w%3D%3D,[Procurement of BEGG COUSLAND MAKE CRITICAL Deduster Fan]
agency,21-Aug-2026 06:55 PM,18-Sep-2026 02:30 PM,21-Sep-2026 03:00 PM,"Lining up Licensing, Engineering, Procurement and Construction (LEPC) agency for setting up 200 Tons per day (TPD) Segregated Organic Municipal Solid Waste (SOMSW) based Compressed Biogas plant at Gorakhpur",PLCC/CBG-Gorakhpur/EL/26055,2026_PLHO_191087_1,IndianOil||Pipelines||Pipelines HO||Contracts,https://iocletenders.nic.in/nicgep/app?component=%24DirectLink_0&page=FrontEndAdvancedSearchResult&service=direct&session=T&sp=S1IjuBmURczoNM6G1eWbytQ%3D%3D,"[Lining up Licensing, Engineering, Procurement and Construction (LEPC) agency for setting up 200 Tons per day (TPD) Segregated Organic Municipal Solid Waste (SOMSW) based Compressed Biogas plant at Gorakhpur]"
agreement,07-Aug-2026 06:00 PM,14-Sep-2026 03:00 PM,15-Sep-2026 03:00 PM,9000C26A88 Outline agreement towards consultancy services for Phase 1 and Phase 2 for upcoming IOCL projects,9000C26A88,2026_REFHQ_190904_1,IndianOil||Refineries||Refineries HQ||Contracts,https://iocletenders.nic.in/nicgep/app?component=%24DirectLink_0&page=FrontEndAdvancedSearchResult&service=direct&session=T&sp=SEtnc8aKOCZfxJ7EzyJWo2w%3D%3D,[9000C26A88 Outline agreement towards consultancy services for Phase 1 and Phase 2 for upcoming IOCL projects]
mechanical,08-Sep-2026 03:20 PM,15-Sep-2026 03:20 PM,16-Sep-2026 03:20 PM,"FABRICATION, ERECTION, TESTING AND COMMISSIONING OF MECHANICAL PIPING(SS_GI_MS) FOR FOAM FEEDING THROUGH FOAM TROLLEY BANK AND ALLIED WORKS AT CHITTORGARH TERMINAL UNDER RSO.",MnC/NR/RSO/ENG/LT-158/26-27,2026_NRO_191327_1,IndianOil||Marketing||Northern Region Office||Contract Cell,https://iocletenders.nic.in/nicgep/app?component=%24DirectLink_0&page=FrontEndAdvancedSearchResult&service=direct&session=T&sp=SbJJPMFOkDaxozt%2FZUZyJrw%3D%3D,"[FABRICATION, ERECTION, TESTING AND COMMISSIONING OF MECHANICAL PIPING(SS_GI_MS) FOR FOAM FEEDING THROUGH FOAM TROLLEY BANK AND ALLIED WORKS AT CHITTORGARH TERMINAL UNDER RSO.]"
mechanical,08-Sep-2026 03:15 PM,16-Sep-2026 03:15 PM,17-Sep-2026 03:15 PM,Carrying out Various Civil Mechanical Pipeline Painting Safety and Allied Works at Ennore LPG Bottling Plant Ennore Chennai,EnnBP/MDT_Works1/LT/2026-27,2026_SROTN_191336_1,IndianOil||Marketing||Southern Region and Tamilnadu State Office||LPG,https://iocletenders.nic.in/nicgep/app?component=%24DirectLink_0&page=FrontEndAdvancedSearchResult&service=direct&session=T&sp=SxAojS%2BDv8req3qaI0HGsXw%3D%3D,[Carrying out Various Civil Mechanical Pipeline Painting Safety and Allied Works at Ennore LPG Bottling Plant Ennore Chennai]
mechanical,04-Sep-2026 05:00 PM,14-Sep-2026 03:00 PM,15-Sep-2026 03:30 PM,"Miscellaneous Piping, Structural, Mechanical, Electrical  Instrumentation Works for RFCCU Revamp under BR 09 Project.",9020C26C76,2026_BR_191309_1,IndianOil||Refineries||Barauni Refinery||Contract,https://iocletenders.nic.in/nicgep/app?component=%24DirectLink_0&page=FrontEndAdvancedSearchResult&service=direct&session=T&sp=SRXHe76FQT51HeWkPTG02SA%3D%3D,"[Miscellaneous Piping, Structural, Mechanical, Electrical  Instrumentation Works for RFCCU Revamp under BR 09 Project.]"
mechanical,27-Aug-2026 05:00 PM,09-Sep-2026 02:30 PM,10-Sep-2026 03:00 PM,Modification works in Mechanical Seal system of MLPUs installed at Vadinar and Surendranagar under SMPL Aug J18 Project,PLCC/MLPU/M/26053,2026_PLHO_191175_1,IndianOil||Pipelines||Pipelines HO||Contracts,https://iocletenders.nic.in/nicgep/app?component=%24DirectLink_0&page=FrontEndAdvancedSearchResult&service=direct&session=T&sp=SNasyqFHUzEOyYMaMBujcWA%3D%3D,[Modification works in Mechanical Seal system of MLPUs installed at Vadinar and Surendranagar under SMPL Aug J18 Project]
mechanical,27-Aug-2026 05:00 PM,24-Sep-2026 05:00 PM,25-Sep-2026 05:00 PM,"Capex Rate Contract Category- I  Rs. 0 to 3.00 Lacs for carrying out maintenance and low value capital jobs of mechanical, civil and electrical nature at Retail Outlets including KSKs and Consumer Outlets under Bangalore, Belgaum, Mangalore, ",MnC/SR/VJI/PT/111/KASO/2026-27,2026_SROTN_191132_1,IndianOil||Marketing||Southern Region and Tamilnadu State Office||Contracts Cell,https://iocletenders.nic.in/nicgep/app?component=%24DirectLink_0&page=FrontEndAdvancedSearchResult&service=direct&session=T&sp=SNymCdjOzRV0JAOe5C1U8tw%3D%3D,"[Capex Rate Contract Category- I  Rs. 0 to 3.00 Lacs for carrying out maintenance and low value capital jobs of mechanical, civil and electrical nature at Retail Outlets including KSKs and Consumer Outlets under Bangalore, Belgaum, Mangalore, ]"
mechanical,19-Aug-2026 05:00 PM,17-Sep-2026 02:00 PM,18-Sep-2026 03:00 PM,Procurement of Pressure vessel and Mechanical shaft assemblies,9400M26B53,2026_RND_191043_1,IndianOil||Research and  Development||Materials,https://iocletenders.nic.in/nicgep/app?component=%24DirectLink_0&page=FrontEndAdvancedSearchResult&service=direct&session=T&sp=SzgH9DjE8U80v%2FONGj01Eqw%3D%3D,[Procurement of Pressure vessel and Mechanical shaft assemblies]
mechanical,06-Aug-2026 05:00 PM,10-Sep-2026 03:00 PM,11-Sep-2026 03:00 PM,COMPOSITE WORKS COMPRISING MECHANICAL PIPING STRUCTURAL AND CIVIL FOUNDATION WORKS IN PRE SHUTDOWN AND SHUTDOWN PHASES ALONG WITH MANPOWER ASSISTANCE FOR PRE COMMISSIONING AND COMMISSIONING ACTIVITIES FOR DR 1 EXPANSION PROJECT AT DIGBOI REFINERY,TP/214227C/T/28,2026_REFHQ_190883_1,IndianOil||Refineries||Refineries HQ||Project - PMC||Digboi-DR 1.0 Expansion||Project Group,https://iocletenders.nic.in/nicgep/app?component=%24DirectLink_0&page=FrontEndAdvancedSearchResult&service=direct&session=T&sp=ScWsP5QGqxVlzqdSBUG4zxg%3D%3D,[COMPOSITE WORKS COMPRISING MECHANICAL PIPING STRUCTURAL AND CIVIL FOUNDATION WORKS IN PRE SHUTDOWN AND SHUTDOWN PHASES ALONG WITH MANPOWER ASSISTANCE FOR PRE COMMISSIONING AND COMMISSIONING ACTIVITIES FOR DR 1 EXPANSION PROJECT AT DIGBOI REFINERY]
mechanical,24-Jun-2026 11:00 AM,24-Feb-2027 11:00 AM,25-Feb-2027 11:00 AM,PERPETUAL EMPANELMENT OF CONTRACTORS FOR EXECUTION OF VARIOUS TYPES AND NATURE OF ENGINEERING WORKS OF CIVIL MECHANICAL ELECTRICAL IN NATURE UNDER KARNATAKA STATE OFFICE UNDER CATEGORY 1 and CATEGORY II_100_200 LACS,MnC/SR/RIM/PT/058/KASO/2026-27,2026_SROTN_190337_1,IndianOil||Marketing||Southern Region and Tamilnadu State Office||Contracts Cell,https://iocletenders.nic.in/nicgep/app?component=%24DirectLink_0&page=FrontEndAdvancedSearchResult&service=direct&session=T&sp=SespWq0e3v8jwBEEXzcA%2Fzg%3D%3D,[PERPETUAL EMPANELMENT OF CONTRACTORS FOR EXECUTION OF VARIOUS TYPES AND NATURE OF ENGINEERING WORKS OF CIVIL MECHANICAL ELECTRICAL IN NATURE UNDER KARNATAKA STATE OFFICE UNDER CATEGORY 1 and CATEGORY II_100_200 LACS]
chemical,02-Sep-2026 01:00 PM,16-Sep-2026 02:30 PM,17-Sep-2026 03:00 PM,"RPRC266373-Structural repair and chemical-resistant coating of neutralization pits and associated drainage network of DM Plant, Panipat Refinery",9060C26C58,2026_PR_191253_1,IndianOil||Refineries||Panipat Refinery||Contracts,https://iocletenders.nic.in/nicgep/app?component=%24DirectLink_0&page=FrontEndAdvancedSearchResult&service=direct&session=T&sp=SZZULsrAEoJ2mdkJYIvTiMw%3D%3D,"[RPRC266373-Structural repair and chemical-resistant coating of neutralization pits and associated drainage network of DM Plant, Panipat Refinery]"
chemical,31-Aug-2026 10:00 AM,09-Sep-2026 03:00 PM,10-Sep-2026 03:00 PM,"9030C26D45 Supply of Cooling Water Treatment Chemicals, along with treatment, monitoring, and operation of the Cooling Tower, and operation of Fire Water Pump House at the Oxo Acrylate Complex ,Dumad, Gujarat Refinery, Vadodara.",9030C26D45,2026_JR_191207_1,IndianOil||Refineries||Gujarat Refinery||Contracts,https://iocletenders.nic.in/nicgep/app?component=%24DirectLink_0&page=FrontEndAdvancedSearchResult&service=direct&session=T&sp=SpciLO869hGu7845j7FSgfw%3D%3D,"[9030C26D45 Supply of Cooling Water Treatment Chemicals, along with treatment, monitoring, and operation of the Cooling Tower, and operation of Fire Water Pump House at the Oxo Acrylate Complex ,Dumad, Gujarat Refinery, Vadodara.]"
chemical,25-Aug-2026 04:00 PM,16-Sep-2026 02:00 PM,17-Sep-2026 03:00 PM,RPRC262366 ARC for Rewinding/ Repairing of HT Motors in P25 Units of Panipat Refinery and Petrochemical Complex.,RPRC262366,2026_PR_191130_1,IndianOil||Refineries||Panipat Refinery||Materials,https://iocletenders.nic.in/nicgep/app?component=%24DirectLink_0&page=FrontEndAdvancedSearchResult&service=direct&session=T&sp=Sq0qRZx%2FYMHTg6K69aDHK8g%3D%3D,[RPRC262366 ARC for Rewinding/ Repairing of HT Motors in P25 Units of Panipat Refinery and Petrochemical Complex.]
chemical,06-Mar-2026 05:00 PM,22-Sep-2026 03:00 PM,23-Sep-2026 03:00 PM,"SPN/C077-000-LA-T-9502/03 - PROJECT MANAGEMENT CONSULTANCY SERVICES (PMC-3) FOR CUMENE AND PHENOL UNITS FOR THE PARADIP PETROCHEMICAL COMPLEX (PDPC) PROJECT OF INDIAN OIL CORPORATION LIMITED AT PARADIP, ODISHA",SPN/C077-000-LA-T-9502/03,2026_REFHQ_189208_1,IndianOil||Refineries||Refineries HQ||Project - PMC||PDPC-PMC-2,https://iocletenders.nic.in/nicgep/app?component=%24DirectLink_0&page=FrontEndAdvancedSearchResult&service=direct&session=T&sp=Sl%2Bbqo6maKiWn1%2BgrM0coMA%3D%3D,"[SPN/C077-000-LA-T-9502/03 - PROJECT MANAGEMENT CONSULTANCY SERVICES (PMC-3) FOR CUMENE AND PHENOL UNITS FOR THE PARADIP PETROCHEMICAL COMPLEX (PDPC) PROJECT OF INDIAN OIL CORPORATION LIMITED AT PARADIP, ODISHA]"
chemical,25-Feb-2026 05:30 PM,22-Sep-2026 03:00 PM,23-Sep-2026 03:00 PM,"SPN/C077-000-LA-T-9501/01 - PROJECT MANAGEMENT CONSULTANCY SERVICES (PMC-4) FOR LLDPE/HDPE (SWING) UNIT, PVC AND BUTENE-1 UNDER THE PARADIP PETROCHEMICAL COMPLEX (PDPC) PROJECT OF INDIAN OIL CORPORATION LIMITED AT PARADIP, ODISHA",SPN/C077-000-LA-T-9501/01,2026_REFHQ_189090_1,IndianOil||Refineries||Refineries HQ||Project - PMC||PDPC-PMC-2,https://iocletenders.nic.in/nicgep/app?component=%24DirectLink_0&page=FrontEndAdvancedSearchResult&service=direct&session=T&sp=SWqnzfRpMELpf9PEBAoxxgg%3D%3D,"[SPN/C077-000-LA-T-9501/01 - PROJECT MANAGEMENT CONSULTANCY SERVICES (PMC-4) FOR LLDPE/HDPE (SWING) UNIT, PVC AND BUTENE-1 UNDER THE PARADIP PETROCHEMICAL COMPLEX (PDPC) PROJECT OF INDIAN OIL CORPORATION LIMITED AT PARADIP, ODISHA]"
lube,17-Jun-2026 10:00 AM,17-Feb-2027 03:00 PM,18-Feb-2027 03:30 PM,"EMPANELMENT OF SHIPPING COMPANIES/ LINER/ AGENT AS FREIGHT FORWARDER FOR EXPORTING LUBE/GREASE IN SMALLS, PACKS, BARRELS/LOBS(BULK) IN FLEXI TANKS IN ISO CONTAINERS BY SEA SHIPMENTS FROM LBP, CHENNAI FOR THREE YEARS",SR/LC/EXP/PT-01/FF EMP/2026-27/May 2026 ,2026_NRBIJ_190168_1,IndianOil||Pipelines||NRPL Bijwasan||Technical Services,https://iocletenders.nic.in/nicgep/app?component=%24DirectLink_0&page=FrontEndAdvancedSearchResult&service=direct&session=T&sp=SISBa3jcWHu385V0ax2NbXA%3D%3D,"[EMPANELMENT OF SHIPPING COMPANIES/ LINER/ AGENT AS FREIGHT FORWARDER FOR EXPORTING LUBE/GREASE IN SMALLS, PACKS, BARRELS/LOBS(BULK) IN FLEXI TANKS IN ISO CONTAINERS BY SEA SHIPMENTS FROM LBP, CHENNAI FOR THREE YEARS]"
panipat,02-Sep-2026 01:00 PM,16-Sep-2026 02:30 PM,17-Sep-2026 03:00 PM,"RPRC266373-Structural repair and chemical-resistant coating of neutralization pits and associated drainage network of DM Plant, Panipat Refinery",9060C26C58,2026_PR_191253_1,IndianOil||Refineries||Panipat Refinery||Contracts,https://iocletenders.nic.in/nicgep/app?component=%24DirectLink_0&page=FrontEndAdvancedSearchResult&service=direct&session=T&sp=SZZULsrAEoJ2mdkJYIvTiMw%3D%3D,"[RPRC266373-Structural repair and chemical-resistant coating of neutralization pits and associated drainage network of DM Plant, Panipat Refinery]"
panipat,29-Aug-2026 12:00 PM,12-Sep-2026 02:30 PM,14-Sep-2026 03:00 PM,"ARC for  Repair and Maintenance  of cold Insulation in various units of PNC, Panipat.",RPNC265035,2026_PR_191200_1,IndianOil||Refineries||Panipat Refinery||Contracts,https://iocletenders.nic.in/nicgep/app?component=%24DirectLink_0&page=FrontEndAdvancedSearchResult&service=direct&session=T&sp=SupEqHus405%2BbjbN7FtdVNA%3D%3D,"[ARC for  Repair and Maintenance  of cold Insulation in various units of PNC, Panipat.]"
panipat,25-Aug-2026 04:00 PM,16-Sep-2026 02:00 PM,17-Sep-2026 03:00 PM,RPRC262366 ARC for Rewinding/ Repairing of HT Motors in P25 Units of Panipat Refinery and Petrochemical Complex.,RPRC262366,2026_PR_191130_1,IndianOil||Refineries||Panipat Refinery||Materials,https://iocletenders.nic.in/nicgep/app?component=%24DirectLink_0&page=FrontEndAdvancedSearchResult&service=direct&session=T&sp=Sq0qRZx%2FYMHTg6K69aDHK8g%3D%3D,[RPRC262366 ARC for Rewinding/ Repairing of HT Motors in P25 Units of Panipat Refinery and Petrochemical Complex.]
panipat,21-Aug-2026 05:00 PM,14-Sep-2026 03:00 PM,15-Sep-2026 03:30 PM,"Annual Maintenance Contract (AMC) of Automatic Sliding Glass Doors at Administrative Building, NRPL HQ, Panipat",PNP26061,2026_NRPNP_191103_1,IndianOil||Pipelines||NRPL Panipat||Materials,https://iocletenders.nic.in/nicgep/app?component=%24DirectLink_0&page=FrontEndAdvancedSearchResult&service=direct&session=T&sp=S0s9YpOGOJfeUOIoktS%2BGsQ%3D%3D,"[Annual Maintenance Contract (AMC) of Automatic Sliding Glass Doors at Administrative Building, NRPL HQ, Panipat]"
panipat,21-Aug-2026 04:00 PM,18-Sep-2026 04:00 PM,21-Sep-2026 10:30 AM,EOI for Road Transportation of Bulk Petroleum Products MS/ HSD/ Branded Fuels by Top Loading Tank Trucks For Dealers/Consumers Ex- Panipat Terminal,DSO/OPS/POL/EOI/27-32/PMC,2026_DLSO_191076_1,IndianOil||Marketing||Delhi-Haryana State Office||Operations,https://iocletenders.nic.in/nicgep/app?component=%24DirectLink_0&page=FrontEndAdvancedSearchResult&service=direct&session=T&sp=SmZYDrqYiDVO2tcdFdL4NPg%3D%3D,[EOI for Road Transportation of Bulk Petroleum Products MS/ HSD/ Branded Fuels by Top Loading Tank Trucks For Dealers/Consumers Ex- Panipat Terminal]
panipat,20-Aug-2026 05:30 PM,10-Sep-2026 02:30 PM,11-Sep-2026 03:00 PM,Development and Implementation of Rigorous Optimiser for Heater Downstream Section using Hybrid Models (First Principle plus Artificial Intelligence (AI) / Machine Learning (ML)) in Naphtha Cracker Unit of  Panipat Naphtha Cracker,RPNC261105,2026_PR_191082_1,IndianOil||Refineries||Panipat Refinery||Contracts,https://iocletenders.nic.in/nicgep/app?component=%24DirectLink_0&page=FrontEndAdvancedSearchResult&service=direct&session=T&sp=SJnD%2FwnX4yULjJmYm4xLz%2FA%3D%3D,[Development and Implementation of Rigorous Optimiser for Heater Downstream Section using Hybrid Models (First Principle plus Artificial Intelligence (AI) / Machine Learning (ML)) in Naphtha Cracker Unit of  Panipat Naphtha Cracker]
panipat,05-Aug-2026 03:25 PM,09-Sep-2026 03:00 PM,10-Sep-2026 03:00 PM,Rate Contract for Procurement of Antioxidant (ANTAX/STURMAX) for PBR project at Panipat Refinery,RHQMM26426,2026_REFHQ_190827_1,IndianOil||Refineries||Refineries HQ||Materials,https://iocletenders.nic.in/nicgep/app?component=%24DirectLink_0&page=FrontEndAdvancedSearchResult&service=direct&session=T&sp=Sa6OUfQWrexmJDbENvcHl%2FQ%3D%3D,[Rate Contract for Procurement of Antioxidant (ANTAX/STURMAX) for PBR project at Panipat Refinery]
guwahati,03-Sep-2026 05:05 PM,17-Sep-2026 05:05 PM,18-Sep-2026 05:05 PM,"Development of new A site Retail Outlet between KM Stone 10 and KM Stone 13 on RHS of NH-06 (New)/NH-40(Old) while moving from Jorabat towards Byrnihat, District -Ribhoi, State- Meghalaya under Guwahati Divisional Office",ER-MAC/2026-27/PT/283,2026_ERO_191277_1,IndianOil||Marketing||Eastern Region Office||Contract Cell,https://iocletenders.nic.in/nicgep/app?component=%24DirectLink_0&page=FrontEndAdvancedSearchResult&service=direct&session=T&sp=Ss0Crb8vYNkipmASHl3Yeag%3D%3D,"[Development of new A site Retail Outlet between KM Stone 10 and KM Stone 13 on RHS of NH-06 (New)/NH-40(Old) while moving from Jorabat towards Byrnihat, District -Ribhoi, State- Meghalaya under Guwahati Divisional Office]"
guwahati,01-Sep-2026 05:30 PM,15-Sep-2026 05:30 PM,16-Sep-2026 05:30 PM,Installation of crash guards in TT Parking Area at North Guwahati BP,ER-MnC/2026-27/PT/271,2026_ERO_191120_1,IndianOil||Marketing||Eastern Region Office||Contract Cell,https://iocletenders.nic.in/nicgep/app?component=%24DirectLink_0&page=FrontEndAdvancedSearchResult&service=direct&session=T&sp=SwTq1%2B9pPNBp2TUdgYB%2BxmA%3D%3D,[Installation of crash guards in TT Parking Area at North Guwahati BP]
guwahati,31-Aug-2026 09:30 AM,14-Sep-2026 04:30 PM,15-Sep-2026 04:30 PM,Rate Contract for Maintenance of Office and Guest house of IOCL BGR at Six Mile Guwahati,BN26CL119,2026_BGR_191164_1,IndianOil||Refineries||Bongaigaon Refinery||Contract,https://iocletenders.nic.in/nicgep/app?component=%24DirectLink_0&page=FrontEndAdvancedSearchResult&service=direct&session=T&sp=Sg86i9d9Cu%2FsqCYTzJzvrYQ%3D%3D,[Rate Contract for Maintenance of Office and Guest house of IOCL BGR at Six Mile Guwahati]
guwahati,20-Aug-2026 10:00 AM,14-Sep-2026 03:00 PM,15-Sep-2026 03:00 PM,Expert supervisory Services by Linde Engineering India Private Limited for Cryostar Make expansion turbine (52-KT-01) in N2 unit at Guwahati Refinery,9010C26B10,2026_GR_191061_1,IndianOil||Refineries||Guwahati Refinery||Contracts,https://iocletenders.nic.in/nicgep/app?component=%24DirectLink_0&page=FrontEndAdvancedSearchResult&service=direct&session=T&sp=S%2BgZNW24hzZYXR8aXxTqaDw%3D%3D,[Expert supervisory Services by Linde Engineering India Private Limited for Cryostar Make expansion turbine (52-KT-01) in N2 unit at Guwahati Refinery]
pipeline,08-Sep-2026 03:15 PM,16-Sep-2026 03:15 PM,17-Sep-2026 03:15 PM,Carrying out Various Civil Mechanical Pipeline Painting Safety and Allied Works at Ennore LPG Bottling Plant Ennore Chennai,EnnBP/MDT_Works1/LT/2026-27,2026_SROTN_191336_1,IndianOil||Marketing||Southern Region and Tamilnadu State Office||LPG,https://iocletenders.nic.in/nicgep/app?component=%24DirectLink_0&page=FrontEndAdvancedSearchResult&service=direct&session=T&sp=SxAojS%2BDv8req3qaI0HGsXw%3D%3D,[Carrying out Various Civil Mechanical Pipeline Painting Safety and Allied Works at Ennore LPG Bottling Plant Ennore Chennai]
pipeline,08-Sep-2026 03:00 PM,22-Sep-2026 03:00 PM,23-Sep-2026 03:00 PM,Carrying out re-routing of existing 10.75 inch OD pipe section of Paradip Raipur Ranchi Pipeline PRRPL by Horizontal Directional Drilling HDD method at ch. 116 KM Saraipalli Korba section in Chhattisgarh,9320C26A91,2026_ERBBS_191331_1,"IndianOil||Pipelines||PRRPL, Bhubaneswar||Technical Services",https://iocletenders.nic.in/nicgep/app?component=%24DirectLink_0&page=FrontEndAdvancedSearchResult&service=direct&session=T&sp=Sxrm5DwY9uvCWDeVoxe2v%2Bw%3D%3D,[Carrying out re-routing of existing 10.75 inch OD pipe section of Paradip Raipur Ranchi Pipeline PRRPL by Horizontal Directional Drilling HDD method at ch. 116 KM Saraipalli Korba section in Chhattisgarh]
pipeline,04-Sep-2026 06:00 PM,11-Sep-2026 03:00 PM,14-Sep-2026 02:00 PM,provision of bottom loading facility in 2 nos. of TLF bays at Vashi terminal and modification of JVPL pump house pipelines at JNPT under Maharashtra State Office,WRMC/2026-27/LT/344,2026_WRO_191308_1,IndianOil||Marketing||Western Region Office||Contracts Cell,https://iocletenders.nic.in/nicgep/app?component=%24DirectLink_0&page=FrontEndAdvancedSearchResult&service=direct&session=T&sp=SgCHdHTTrROYyc4k9K0YhlA%3D%3D,[provision of bottom loading facility in 2 nos. of TLF bays at Vashi terminal and modification of JVPL pump house pipelines at JNPT under Maharashtra State Office]
pipeline,03-Sep-2026 06:50 PM,14-Sep-2026 05:00 PM,15-Sep-2026 05:00 PM,"Proposal for lining up Rate Contract for emergency repair works such as  pipeline leak, burst, pilferage and other miscellaneous maintenance  activities in mainline jurisdiction for BKPL stations into 3 Groups   Group A PHBPL Barauni ",ERKLC2653,2026_ERKLK_191194_1,IndianOil||Pipelines||ERPL Kolkata||Materials,https://iocletenders.nic.in/nicgep/app?component=%24DirectLink_0&page=FrontEndAdvancedSearchResult&service=direct&session=T&sp=Spw9LOZ0GW5ZF4UPknDbY6Q%3D%3D,"[Proposal for lining up Rate Contract for emergency repair works such as  pipeline leak, burst, pilferage and other miscellaneous maintenance  activities in mainline jurisdiction for BKPL stations into 3 Groups   Group A PHBPL Barauni ]"
pipeline,03-Sep-2026 06:50 PM,14-Sep-2026 05:00 PM,15-Sep-2026 05:00 PM,"Proposal for lining up Rate Contract for emergency repair works such as pipeline leak, burst, pilferage and other miscellaneous maintenance activities in mainline jurisdiction for BKPL stations into 3 Groups Group B BKPL Barauni",ERKLC2653,2026_ERKLK_191194_2,IndianOil||Pipelines||ERPL Kolkata||Materials,https://iocletenders.nic.in/nicgep/app?component=%24DirectLink_0&page=FrontEndAdvancedSearchResult&service=direct&session=T&sp=SpqUnJ9p%2B9qRMZoCYdoNxxA%3D%3D,"[Proposal for lining up Rate Contract for emergency repair works such as pipeline leak, burst, pilferage and other miscellaneous maintenance activities in mainline jurisdiction for BKPL stations into 3 Groups Group B BKPL Barauni]"
pipeline,03-Sep-2026 06:50 PM,14-Sep-2026 05:00 PM,15-Sep-2026 05:00 PM,"Proposal for lining up Rate Contract for emergency repair works such as pipeline leak, burst, pilferage and other miscellaneous maintenance activities in mainline jurisdiction for BKPL stations into 3 Groups Group C ERPL Jasidih",ERKLC2653,2026_ERKLK_191194_3,IndianOil||Pipelines||ERPL Kolkata||Materials,https://iocletenders.nic.in/nicgep/app?component=%24DirectLink_0&page=FrontEndAdvancedSearchResult&service=direct&session=T&sp=SMqMQEIfEZRFbF9m%2B4SfP8w%3D%3D,"[Proposal for lining up Rate Contract for emergency repair works such as pipeline leak, burst, pilferage and other miscellaneous maintenance activities in mainline jurisdiction for BKPL stations into 3 Groups Group C ERPL Jasidih]"
pipeline,03-Sep-2026 04:00 PM,10-Sep-2026 04:00 PM,11-Sep-2026 04:00 PM,"CONSTRUCTION OF NEW BULK PETROLEUM INSTALLATION INVOLVING PIPELINE WORKS, TANK _ DU INSTALLATION, ELECTRICAL WORKS AND ASSOCIATED ALLIED CIVIL_STRUCTURAL WORKS AT ARMY UNIT - KM-120 CHONGTASH, LADAKH UNDER PUNJAB STATE OFFICE",MnC/NR/PSO/ENG/LT-137/26-27,2026_NRO_191179_1,IndianOil||Marketing||Northern Region Office||Contract Cell,https://iocletenders.nic.in/nicgep/app?component=%24DirectLink_0&page=FrontEndAdvancedSearchResult&service=direct&session=T&sp=Sa3J2KJNYvrHwRgKwaIQ4fA%3D%3D,"[CONSTRUCTION OF NEW BULK PETROLEUM INSTALLATION INVOLVING PIPELINE WORKS, TANK _ DU INSTALLATION, ELECTRICAL WORKS AND ASSOCIATED ALLIED CIVIL_STRUCTURAL WORKS AT ARMY UNIT - KM-120 CHONGTASH, LADAKH UNDER PUNJAB STATE OFFICE]"
pipeline,03-Sep-2026 03:00 PM,24-Sep-2026 03:00 PM,25-Sep-2026 03:30 PM,"Industrial Painting of Pipelines, Structures, Equipment, and Associated Facilities in Unit and Offsite Areas at Barauni Refinery (Part-A and Part-B).",9020C26C69,2026_BR_191281_1,IndianOil||Refineries||Barauni Refinery||Contract,https://iocletenders.nic.in/nicgep/app?component=%24DirectLink_0&page=FrontEndAdvancedSearchResult&service=direct&session=T&sp=Sf91yyx5wxNqLgfsSRLHUPw%3D%3D,"[Industrial Painting of Pipelines, Structures, Equipment, and Associated Facilities in Unit and Offsite Areas at Barauni Refinery (Part-A and Part-B).]"
pipeline,01-Sep-2026 04:30 PM,15-Sep-2026 04:30 PM,16-Sep-2026 04:30 PM,"Supply, Installation, Testing and Commissioning of AC Interference mitigation measures for 681 Km of WRPL Pipelines Gp01 Chaksu to Mathura",PWRJT26508,2026_WRRAJ_190881_1,IndianOil||Pipelines||WRPL Rajkot||Technical Services,https://iocletenders.nic.in/nicgep/app?component=%24DirectLink_0&page=FrontEndAdvancedSearchResult&service=direct&session=T&sp=SPnjMkgo7cfFcxDaMZ5gQ8A%3D%3D,"[Supply, Installation, Testing and Commissioning of AC Interference mitigation measures for 681 Km of WRPL Pipelines Gp01 Chaksu to Mathura]"
pipeline,01-Sep-2026 04:30 PM,15-Sep-2026 04:30 PM,16-Sep-2026 04:30 PM,"Supply, Installation, Testing and Commissioning of AC Interference mitigation measures for 681 Km of WRPL Pipelines. Gp02 Abu Road to Kot",PWRJT26508,2026_WRRAJ_190881_2,IndianOil||Pipelines||WRPL Rajkot||Technical Services,https://iocletenders.nic.in/nicgep/app?component=%24DirectLink_0&page=FrontEndAdvancedSearchResult&service=direct&session=T&sp=SZuKCdMasfZc%2Fh%2FXP39D6OQ%3D%3D,"[Supply, Installation, Testing and Commissioning of AC Interference mitigation measures for 681 Km of WRPL Pipelines. Gp02 Abu Road to Kot]"
pipeline,27-Aug-2026 06:30 PM,17-Sep-2026 02:30 PM,18-Sep-2026 03:00 PM,"INSTALLATION OF 8.625 INCH OD, 4.3 KM (APPROX.) CROSS COUNTRY PIPELINE and ASSOCIATED COMBINED STATION WORKS AT IOCL WILLINGDON ISLAND TERMINAL AND SNC NORTH JETTY UNDER KOCHI HFHSD PIPELINE PROJECT.",PLCC/Kochi HFHSD PL/others/26059,2026_PLHO_191172_1,IndianOil||Pipelines||Pipelines HO||Contracts,https://iocletenders.nic.in/nicgep/app?component=%24DirectLink_0&page=FrontEndAdvancedSearchResult&service=direct&session=T&sp=SasvGQEWKHc94ZKzdU8GPqA%3D%3D,"[INSTALLATION OF 8.625 INCH OD, 4.3 KM (APPROX.) CROSS COUNTRY PIPELINE and ASSOCIATED COMBINED STATION WORKS AT IOCL WILLINGDON ISLAND TERMINAL AND SNC NORTH JETTY UNDER KOCHI HFHSD PIPELINE PROJECT.]"
pipeline,27-Aug-2026 03:00 PM,10-Sep-2026 03:00 PM,11-Sep-2026 03:30 PM,Annual Rate Contract for Facility Management Services at Pipelines Kaushal Vikas Kendra Budhpur Rewari,PNP26047,2026_NRPNP_191165_1,IndianOil||Pipelines||NRPL Panipat||Materials,https://iocletenders.nic.in/nicgep/app?component=%24DirectLink_0&page=FrontEndAdvancedSearchResult&service=direct&session=T&sp=SmyjrfTqfmTyN0LG%2FcAqOsg%3D%3D,[Annual Rate Contract for Facility Management Services at Pipelines Kaushal Vikas Kendra Budhpur Rewari]
pipeline,26-Aug-2026 04:00 PM,16-Sep-2026 04:00 PM,17-Sep-2026 04:00 PM,"CONSTRUCTION OF 1 Nos 16 M dia x 15 M HT ATF CR TANK 1 Nos 12M dia x15M HT SKO CR TANK WITH ASSOCIATEDIATED FACILITIES INCLUDING PIPELINE WORKS AND EXISTING 2 NO OF SKO TO ATF CONVERSION WORKS IN PETROLEUM STORAGE TERMINAL DEPOT ,DOIMUKH-ARUNACHAL",ER-MAC/2026-27/PT/254,2026_ERO_191144_1,IndianOil||Marketing||Eastern Region Office||Contract Cell,https://iocletenders.nic.in/nicgep/app?component=%24DirectLink_0&page=FrontEndAdvancedSearchResult&service=direct&session=T&sp=SN4fYih5eKy530AUfa%2F5Fqg%3D%3D,"[CONSTRUCTION OF 1 Nos 16 M dia x 15 M HT ATF CR TANK 1 Nos 12M dia x15M HT SKO CR TANK WITH ASSOCIATEDIATED FACILITIES INCLUDING PIPELINE WORKS AND EXISTING 2 NO OF SKO TO ATF CONVERSION WORKS IN PETROLEUM STORAGE TERMINAL DEPOT ,DOIMUKH-ARUNACHAL]"
pipeline,21-Aug-2026 04:00 PM,11-Sep-2026 04:00 PM,12-Sep-2026 04:00 PM,"FABRICATION, ERECTION, TESTING AND COMMISSIONING OF 24 INCHES ABOVE-GROUND VLSFO DOCK LINE INCLUDING UTILIZATION OF EXISTING LPG PIPELINE SUPPORT STRUCTURES, CONSTRUCTION OF NEW PIPE SUPPORTS, FOUNDATIONS AND ALLIED CIVIL WORKS AT KANDLA PORT ",WRMC/2026-27/PT/280,2026_WRO_191096_1,IndianOil||Marketing||Western Region Office||Contracts Cell,https://iocletenders.nic.in/nicgep/app?component=%24DirectLink_0&page=FrontEndAdvancedSearchResult&service=direct&session=T&sp=SBorW3BI4A0RsUouO9A%2FxOw%3D%3D,"[FABRICATION, ERECTION, TESTING AND COMMISSIONING OF 24 INCHES ABOVE-GROUND VLSFO DOCK LINE INCLUDING UTILIZATION OF EXISTING LPG PIPELINE SUPPORT STRUCTURES, CONSTRUCTION OF NEW PIPE SUPPORTS, FOUNDATIONS AND ALLIED CIVIL WORKS AT KANDLA PORT ]"
pipeline,19-Aug-2026 05:00 PM,09-Sep-2026 02:30 PM,10-Sep-2026 03:00 PM,"Design, Supply, Installation, Customization, Calibration, Testing and Commissioning of Optical Fiber based Pipeline Intrusion Detection and Warning System (PIDWS) in Koyali Ahmednagar Solapur Pipeline (KASPL) and Kot-Jodhpur Pipeline with 5 years AMC",PLCC/PIDWS/TI/26052,2026_PLHO_191027_1,IndianOil||Pipelines||Pipelines HO||Contracts,https://iocletenders.nic.in/nicgep/app?component=%24DirectLink_0&page=FrontEndAdvancedSearchResult&service=direct&session=T&sp=SfVUlx8Hu77xuyjrPynq%2Btw%3D%3D,"[Design, Supply, Installation, Customization, Calibration, Testing and Commissioning of Optical Fiber based Pipeline Intrusion Detection and Warning System (PIDWS) in Koyali Ahmednagar Solapur Pipeline (KASPL) and Kot-Jodhpur Pipeline with 5 years AMC]"
