tender_id,tender_reference,title,work_description,organisation_chain,product_category,sub_category,tender_category,tender_type,form_of_contract,contract_type,tender_value,tender_fee,emd_amount,location,pincode,bid_validity_days,period_of_work_days,tender_publication_date,tender_closing_date,bid_opening_date,doc_download_start,doc_download_end,no_of_covers,n_covers_listed,covers,payment_mode,nda_prequalification,found_via_keyword,detail_url
2026_PDR_191304_1,9070M26F67,"Procurement of Capital Spare, Complete Trip and Throttle valve (Make Siemens Energy Industrial Turbomachinery India Private Limited) of WGC Turbine as per Insurance spares guideline rotary 2025 26 at IOCL Paradip Refinery","Procurement of Capital Spare, Complete Trip and Throttle valve (Make Siemens Energy Industrial Turbomachinery India Private Limited) of WGC Turbine as per Insurance spares guideline rotary 2025 26 at IOCL Paradip Refinery",IndianOil||Refineries||Paradip Refinery||Materials,Mechanical - All,NA,Goods,Single,Supply,Tender,NA,,0.00,IOCL Paradip Refinery Jhimani Kujang Jagatsinghpur,754141,120,365,,,12-Sep-2026 03:00 PM,,,1,2,"[1] Fee/PreQual/Technical/Finance | UNPRICE BID DOCUMENT(Bid_Doc file in xls duly filled AND TechSpec, POA and others in pdf) (.rar) ;; []  | BOQ (.xls)",Not Applicable,Please refer Tender documents.,valve,https://iocletenders.nic.in/nicgep/app?component=%24DirectLink_0&page=FrontEndAdvancedSearchResult&service=direct&session=T&sp=SZw5ULmtuQ9BGZHcSKE5zTQ%3D%3D
2026_PDR_191300_1,9070C26C18,"Expert Supervision Services Towards Major Overhauling, Maintenance and Troubleshooting of Multistage Centrifugal CCR RGC compressor package and Multistage HHP Drive Turbine along with Maintenance and Testing of GIMPEL Valve at Paradip Refinery","Expert Supervision Services Towards Major Overhauling, Maintenance and Troubleshooting of Multistage Centrifugal CCR RGC compressor package and Multistage HHP Drive Turbine along with Maintenance and Testing of GIMPEL Valve at Paradip Refinery",IndianOil||Refineries||Paradip Refinery||Contracts,Mechanical Services,NA,Services,Single,Service,Tender,NA,,0.00,PARADIP REFINERY,754141,120,365,,,16-Sep-2026 05:00 PM,,,1,4,"[1] Fee/PreQual/Technical/Finance | PF, ESI, PAN, GSTIN, ITR, COI, MOA/AOA, PD/ PA with Power of Attorney (.pdf) ;; []  | Duly filled Undertakings and Declarations, with sign and seal of authorized person (.pdf) ;; []  | Duly filled Annexures , with sign and seal of authorized person (.pdf) ;; []  | BOQ PRICE PART (.xls)",Not Applicable,Please refer Tender documents.,valve,https://iocletenders.nic.in/nicgep/app?component=%24DirectLink_0&page=FrontEndAdvancedSearchResult&service=direct&session=T&sp=Slw%2BoeAhLt%2FWeywmTOBBvXA%3D%3D
2026_REFHQ_191210_1,SPN/B269-000-WB-MR-3741/396,"SP/B269-000-WB-MR-3741/396 - VALVES-GATE, GLOBE, CHECK FOR P-25 PROJECT OF M/s INDIAN OIL CORPORATION LIMITED","SP/B269-000-WB-MR-3741/396 - VALVES-GATE, GLOBE, CHECK FOR P-25 PROJECT OF M/s INDIAN OIL CORPORATION LIMITED",IndianOil||Refineries||Refineries HQ||Project - PMC||PRPC- P25||Project Group,Miscellaneous Goods,NA,Goods,Limited,Supply,Tender,NA,,0.00,AS PER BIDDING DOCUMENT,122001,120,70,,,15-Sep-2026 02:00 PM,,,1,5,[1] Fee/PreQual/Technical/Finance | Bid Covering letter/ POA (.pdf) ;; []  | Documents as per BDS / ITB (.pdf) ;; []  | MSE/ PPP-MII- 2017 Document /Amendments (.pdf) ;; []  | Any other Document / RFQ / Bidding Forms(.xls File) (.rar) ;; []  | PRICE BID (.xls),Not Applicable,Please refer tender documents.,valve,https://iocletenders.nic.in/nicgep/app?component=%24DirectLink_0&page=FrontEndAdvancedSearchResult&service=direct&session=T&sp=SYaXVBSTyDzVnoWJfQ6wTyw%3D%3D
2026_REFHQ_191056_1,TP/214227C/DR/1541-0002/1114,SUPPLY OF CONTROL VALVES (LOT-2),"Manufacturing, procurement of materials and bought out components, assembly at shop, Inspection including inspection by TPIA, Testing at manufacturer works, packing, SUPPLY OF CONTROL VALVES (LOT-2) details as per material requisition",IndianOil||Refineries||Refineries HQ||Project - PMC||Digboi-DR 1.0 Expansion||Project Group,Instrumentation-Goods,CONTROL VALVES,Goods,Limited,Supply,Tender,NA,,0.00,IOCL DIGBOI REFINERY,786171,120,150,,,11-Sep-2026 03:00 PM,,,2,6,[1] Fee/PreQual/Technical | Commercial Documents with all Annexures as per checklist (.pdf) ;; []  | Relevant Power of Attorney duly signed and stamped (.pdf) ;; []  | Tender Acceptance Format duly signed and stamped on company letterhead (.pdf) ;; []  | MR and Technical Documents (.pdf) ;; []  | Unpriced Bid Document with All Annexures (.xls) ;; [2] Finance | BOQ (.xls),Not Applicable,Refer tender details,valve,https://iocletenders.nic.in/nicgep/app?component=%24DirectLink_0&page=FrontEndAdvancedSearchResult&service=direct&session=T&sp=SccJIAtc8L96hkldWNNKysQ%3D%3D
2026_REFHQ_191062_1,TP/214227C/DR/1543-0002/1115,SUPPLY OF ON-OFF VALVES (LOT-2),"Manufacturing, procurement of materials and bought out components, assembly at shop, Inspection including inspection by TPIA, Testing at manufacturer works, packing, SUPPLY OF ON-OFF VALVES (LOT-2) details as per material requisition",IndianOil||Refineries||Refineries HQ||Project - PMC||Digboi-DR 1.0 Expansion||Project Group,Instrumentation-Goods,ON-OFF VALVES,Goods,Limited,Supply,Tender,NA,,0.00,IOCL DIGBOI REFINERY,786171,120,150,,,11-Sep-2026 03:00 PM,,,2,6,[1] Fee/PreQual/Technical | Commercial Documents with all Annexures as per checklist (.pdf) ;; []  | Relevant Power of Attorney duly signed and stamped (.pdf) ;; []  | Tender Acceptance Format duly signed and stamped on company letterhead (.pdf) ;; []  | MR and Technical Documents (.pdf) ;; []  | Unpriced Bid Document with All Annexures (.xls) ;; [2] Finance | BOQ (.xls),Not Applicable,Refer tender details,valve,https://iocletenders.nic.in/nicgep/app?component=%24DirectLink_0&page=FrontEndAdvancedSearchResult&service=direct&session=T&sp=STvp%2F30%2Fm2fOGoPhAAFgIpg%3D%3D
2026_REFHQ_191274_1,TP/214227C/DR/1360-0301/1125,SUPPLY OF GASKETS (MTO-4),"Manufacturing, procurement of materials and bought out components, assembly at shop, Inspection including inspection by TPIA, Testing at manufacturer works, packing, SUPPLY OF GASKETS (MTO-4) details as per material requisition",IndianOil||Refineries||Refineries HQ||Project - PMC||Digboi-DR 1.0 Expansion||Project Group,"Mechanical - Sealing, Packing Material, Gaskets",GASKETS,Goods,Limited,Supply,Tender,NA,,0.00,IOCL DIGBOI REFINERY,786171,120,90,,,18-Sep-2026 03:00 PM,,,2,6,[1] Fee/PreQual/Technical | Commercial Documents with All Annexures as per checklist (.pdf) ;; []  | Relevant Power of Attorney duly signed and stamped (.pdf) ;; []  | Tender Acceptance Format duly signed and stamped on company letterhead (.pdf) ;; []  | MR and Technical Documents (.pdf) ;; []  | Unpriced Bid Document with All Annexures (.xls) ;; [2] Finance | BOQ (.xls),Not Applicable,Refer Tender Details,gasket,https://iocletenders.nic.in/nicgep/app?component=%24DirectLink_0&page=FrontEndAdvancedSearchResult&service=direct&session=T&sp=S0Tvo8RVJjtfsytXXNCgN8g%3D%3D
2026_PDR_191311_1,9070C26C82,Expert Supervision Services for overhauling or Troubleshooting of Peroni make Pumps at various units of Paradip Refinery,Expert Supervision Services for overhauling or Troubleshooting of Peroni make Pumps at various units of Paradip Refinery,IndianOil||Refineries||Paradip Refinery||Contracts,Mechanical Services,NA,Services,Single,Service,Tender,NA,,0.00,"IOCL, PARADIP REFINERY",754141,120,NA,,,14-Sep-2026 05:00 PM,,,1,5,"[1] Fee/PreQual/Technical/Finance | PAN INCOME TAX RETURNS FOR LAST 3 YEARS, GSTIN, PF, ESIC CODES, COI, MOA WITH POWER OF ATTORNEY (.pdf) ;; []  | TECHNO-COMMERCIAL BID, UNDERTAKING FOR NON TAMPERING, ANNEXURES (.pdf) ;; []  | BOQ_SCHEDULE OF RATES (.xls) ;; []  | COMMON DOCUMENTS (.pdf) ;; []  | ADDITIONAL DOCUMENTS (.pdf)",Not Applicable,Please refer Tender documents.,pump,https://iocletenders.nic.in/nicgep/app?component=%24DirectLink_0&page=FrontEndAdvancedSearchResult&service=direct&session=T&sp=SwyZ1nNq7bRfd5Ownz5e3LQ%3D%3D
2026_WRO_191308_1,WRMC/2026-27/LT/344,provision of bottom loading facility in 2 nos. of TLF bays at Vashi terminal and modification of JVPL pump house pipelines at JNPT under Maharashtra State Office,provision of bottom loading facility in 2 nos. of TLF bays at Vashi terminal and modification of JVPL pump house pipelines at JNPT under Maharashtra State Office,IndianOil||Marketing||Western Region Office||Contracts Cell,Civil Works,NA,Works,Limited,Works,Tender,NA,,0.00,Mumbai,400051,120,365,,,14-Sep-2026 02:00 PM,,,2,3,[1] Fee/PreQual/Technical | Declarations and Undertakings (.pdf) ;; []  | Declarations and Undertakings (.xls) ;; [2] Finance | Price Bid BOQ (.xls),Not Applicable,NA,pump,https://iocletenders.nic.in/nicgep/app?component=%24DirectLink_0&page=FrontEndAdvancedSearchResult&service=direct&session=T&sp=SgCHdHTTrROYyc4k9K0YhlA%3D%3D
2026_JR_191207_1,9030C26D45,"9030C26D45 Supply of Cooling Water Treatment Chemicals, along with treatment, monitoring, and operation of the Cooling Tower, and operation of Fire Water Pump House at the Oxo Acrylate Complex ,Dumad, Gujarat Refinery, Vadodara.","9030C26D45 Supply of Cooling Water Treatment Chemicals, along with treatment, monitoring, and operation of the Cooling Tower, and operation of Fire Water Pump House at the Oxo Acrylate Complex ,Dumad, Gujarat Refinery, Vadodara.",IndianOil||Refineries||Gujarat Refinery||Contracts,Services,NA,Works,Open Tender,Tender cum Auction,Tender,"3,30,01,089",,"83,000","Gujarat Refinery, Vadodara",391320,120,730,,,10-Sep-2026 03:00 PM,,,2,6,"[1] Fee/PreQual/Technical | Audited profit and Loss Statements and Balance sheets for last 3 Fin. Year (.pdf) ;; []  | Work Order, completion certificate as per NIT Pre-Qualification criteria and other Supporting docs (.pdf) ;; []  | Acceptance of Annexures duly filled signed sealed Exhibit formats Part-1 (.pdf) ;; []  | PF and ESI code allotment letter, PAN card, Power of Attorney, GST certificate (.pdf) ;; []  | Certificate of Incorporation/Partnership deed/Proprietorship affidavit, MSME certificate (.pdf) ;; [2] Finance | BOQ Price Bid including GST (.xls)",Online,Please refer Tender documents.,pump,https://iocletenders.nic.in/nicgep/app?component=%24DirectLink_0&page=FrontEndAdvancedSearchResult&service=direct&session=T&sp=SpciLO869hGu7845j7FSgfw%3D%3D
2026_JR_191077_1,9030M26C26,Vertical Mounted VS-1 Type API-610 Pumps for LPG Bullets,Vertical Mounted VS-1 Type API-610 Pumps for LPG Bullets,IndianOil||Refineries||Gujarat Refinery||Materials,Mechanical - All,NA,Goods,Open Tender,Tender cum Auction,Tender,NA,,0.00,IOCL Gujarat Refinery,391320,180,960,,,18-Sep-2026 03:00 PM,,,2,5,[1] Fee/PreQual/Technical | Bid documents (.xls) ;; []  | Commercial and financial PQC (.pdf) ;; []  | Enquiry cum scope and specifications of tender (.pdf) ;; []  | Other documents (.pdf) ;; [2] Finance | Price Bid BOQ (.xls),Not Applicable,Ref. NIT,pump,https://iocletenders.nic.in/nicgep/app?component=%24DirectLink_0&page=FrontEndAdvancedSearchResult&service=direct&session=T&sp=Sc6hcSWivKB9GWrMCDMzIJQ%3D%3D
2026_MKTHO_190920_1,MnC/ENG-6/PT-46/26-27,Raze and rebuilt of existing TLF gantry Fabrication erection and commissioning of Product piping Loading and unloading product pump manifold Fire water network Sprinkler system for existing tanks and Railway Siding area HVLR system Foam System Nozzle,Raze and rebuilt of existing TLF gantry Fabrication erection and commissioning of Product piping Loading and unloading product pump manifold Fire water network Sprinkler system for existing tanks and Railway Siding area HVLR system Foam System Nozzle,IndianOil||Marketing||Marketing HO||Contract Cell,Mechanical Works,NA,Works,Open Tender,Tender cum Auction,Tender,"57,40,05,531",,"14,36,000",Dimapur Depot,781032,180,300,,,11-Sep-2026 05:00 PM,,,2,5,"[1] Fee/PreQual/Technical | Statement of Credential (.xls) ;; []  | Declaration in Excel file, to be filled, validated and unloaded by the Bidder with Technical Bid (.xls) ;; []  | PRE-QUALIFICATION CRITERIA Documents (.pdf) ;; []  | Other Commercial criteria Documents (.pdf) ;; [2] Finance | Price bid (.xls)",Online,Please refer Tender documents.,pump,https://iocletenders.nic.in/nicgep/app?component=%24DirectLink_0&page=FrontEndAdvancedSearchResult&service=direct&session=T&sp=SJ4ByAJ4sjYDOiZiarLVsRg%3D%3D
2026_PDR_191057_1,9070M26F84,Procurement of Extruder Gearbox and bearings in PP unit at IOCL Paradip Refinery,Procurement of Extruder Gearbox and bearings in PP unit at IOCL Paradip Refinery,IndianOil||Refineries||Paradip Refinery||Materials,Mechanical - All,NA,Goods,Single,Supply,Tender,NA,,0.00,IOCL Paradip Refinery Jhimani Kujang Jagatsinghpur,754141,120,180,,,14-Sep-2026 03:00 PM,,,1,2,[1] Fee/PreQual/Technical/Finance | Complete Bid Documents (.rar) ;; []  | BOQ (.xls),Not Applicable,Please refer Tender documents.,bearings,https://iocletenders.nic.in/nicgep/app?component=%24DirectLink_0&page=FrontEndAdvancedSearchResult&service=direct&session=T&sp=SNC0lvvy9L%2BXi1%2BuXQN7xTw%3D%3D
2026_PDR_191297_1,9070M26E61,"Procurement of Capital Spares of 057-K-002A/B (RGC) and 057-K-003A/B (H2 makeup compressor), NHGU at IOCL Paradip Refinery","Procurement of Capital Spares of 057-K-002A/B (RGC) and 057-K-003A/B (H2 makeup compressor), NHGU at IOCL Paradip Refinery",IndianOil||Refineries||Paradip Refinery||Materials,Mechanical - All,NA,Goods,Single,Supply,Tender,NA,,0.00,IOCL Paradip Refinery Jhimani Kujang Jagatsinghpur,754141,120,224,,,12-Sep-2026 03:00 PM,,,1,2,"[1] Fee/PreQual/Technical/Finance | UNPRICE BID DOCUMENT(Bid_Doc file in xls duly filled AND TechSpec, POA and others in pdf) (.rar) ;; []  | BOQ (.xls)",Not Applicable,Please refer Tender documents.,compressor,https://iocletenders.nic.in/nicgep/app?component=%24DirectLink_0&page=FrontEndAdvancedSearchResult&service=direct&session=T&sp=S4%2Bf371dw2NQxvqJtrMKpzg%3D%3D
2026_HR_191278_1,9040M26A71 AND 9040M26E74,Spares for Compressor 92-K-12 of HGU-2,Spares for Compressor 92-K-12 of HGU-2,IndianOil||Refineries||Haldia Refinery||Materials,Mechanical - All,NA,Goods,Single,Supply,Tender,NA,,0.00,IOCL HALDIA REFINERY,721606,120,90,,,10-Sep-2026 03:00 PM,,,1,2,[1] Fee/PreQual/Technical/Finance | TENER DOCUMENT (.rar) ;; []  | PRICE BIDS (.xls),Not Applicable,Please refer Tender documents.,compressor,https://iocletenders.nic.in/nicgep/app?component=%24DirectLink_0&page=FrontEndAdvancedSearchResult&service=direct&session=T&sp=SRvAYP0fyb8y2eMD87%2F8pTg%3D%3D
2026_HR_191233_1,9040M26G24 AND 9040M25I15,Procurement of Spares for ROG Compressor(92-K-14),Procurement of Spares for ROG Compressor(92-K-14),IndianOil||Refineries||Haldia Refinery||Materials,Mechanical - All,NA,Goods,Single,Supply,Tender,NA,,0.00,IOCL HALDIA REFINERY,721606,120,180,,,16-Sep-2026 03:00 PM,,,1,2,[1] Fee/PreQual/Technical/Finance | TENDER DOCUMENT (.rar) ;; []  | BOQ (.xls),Not Applicable,Please refer Tender documents.,compressor,https://iocletenders.nic.in/nicgep/app?component=%24DirectLink_0&page=FrontEndAdvancedSearchResult&service=direct&session=T&sp=SzmYgpJTjvLxTtMDSlSwZ%2BA%3D%3D
2026_PDR_190698_1,9070M26E25,spares of Gear box of Tail gas compressor of CCR unit of Paradip Refinery,spares of Gear box of Tail gas compressor of CCR unit of Paradip Refinery,IndianOil||Refineries||Paradip Refinery||Materials,Mechanical - All,NA,Goods,Single,Supply,Tender,NA,,0.00,IOCL PARADIP REFINARY,754141,120,NA,,,25-Sep-2026 03:00 PM,,,1,2,[1] Fee/PreQual/Technical/Finance | tender documents (.rar) ;; []  | BOQ (.xls),Not Applicable,Please refer Tender documents.,compressor,https://iocletenders.nic.in/nicgep/app?component=%24DirectLink_0&page=FrontEndAdvancedSearchResult&service=direct&session=T&sp=SsLaOakoMCdboIIESyscc5A%3D%3D
2026_PR_190862_1,PRMM268066,Procurement of BEGG COUSLAND MAKE CRITICAL Deduster Fan,Procurement of BEGG COUSLAND MAKE CRITICAL Deduster Fan,IndianOil||Refineries||Panipat Refinery||Materials,Mechanical - All,NA,Goods,Single,Supply,Tender,NA,,0.00,Panipat Refinery Indian Oil Corporation Limited,132140,120,90,,,15-Sep-2026 03:30 PM,,,1,4,[1] Fee/PreQual/Technical/Finance | Tender document (.pdf) ;; []  | ATC (.rar) ;; []  | BOQ (.xls) ;; []  | GPC (.pdf),Not Applicable,Please refer Tender documents.,fan,https://iocletenders.nic.in/nicgep/app?component=%24DirectLink_0&page=FrontEndAdvancedSearchResult&service=direct&session=T&sp=SozBBYP7LAZHYFzOiISHq1w%3D%3D
2026_RND_191043_1,9400M26B53,Procurement of Pressure vessel and Mechanical shaft assemblies,9400M26B53_Procurement of Pressure vessel and Mechanical shaft assemblies,IndianOil||Research and Development||Materials,LAB / QC Equipment,NA,Goods,Limited,Supply,Tender,NA,,0.00,IOCL R N D CENTRE,121007,120,180,,,18-Sep-2026 03:00 PM,,,3,9,"[1] Fee | Authority of the person uploading the bids with his/her DSC (.pdf) ;; []  | Authorization certificate or letter from OEM (.pdf) ;; []  | Undertaking by the bidder in tender acceptance format (.pdf) ;; []  | Annexure O for bid security declaration in lieu of EMD on bidders letter head (.pdf) ;; [2] PreQual/Technical | Agreed terms and conditions annexure 2 a and 2 b (.xls) ;; []  | Technical specifications duly filled signed and stamped along with supporting technical brochure (.pdf) ;; []  | Unpriced schedule (.xls) ;; []  | Format H, I , K,L,M,N,O,P ( as applicable) (.pdf) ;; [3] Finance | Price bid schedule (BOQ) (.xls)",Not Applicable,As per NIT,vessel,https://iocletenders.nic.in/nicgep/app?component=%24DirectLink_0&page=FrontEndAdvancedSearchResult&service=direct&session=T&sp=SzgH9DjE8U80v%2FONGj01Eqw%3D%3D
2026_PR_191082_1,RPNC261105,Development and Implementation of Rigorous Optimiser for Heater Downstream Section using Hybrid Models (First Principle plus Artificial Intelligence (AI) / Machine Learning (ML)) in Naphtha Cracker Unit of Panipat Naphtha Cracker,Development and Implementation of Rigorous Optimiser for Heater Downstream Section using Hybrid Models (First Principle plus Artificial Intelligence (AI) / Machine Learning (ML)) in Naphtha Cracker Unit of Panipat Naphtha Cracker,IndianOil||Refineries||Panipat Refinery||Contracts,Lump Sum TurnKey,NA,Works,Open Tender,Tender cum Auction,Tender,NA,,"2,47,000",Panipat Naphtha Cracker,132140,120,420,,,11-Sep-2026 03:00 PM,,,2,6,"[1] Fee/PreQual/Technical | 1. Audited balance sheet with profit and loss statement signed, stamped, CA membership no. and UDIN (.pdf) ;; []  | Copy of complete Work orders (Max3) and its Completion cert cl.no. 11.2 and 11.3 of NIT (.pdf) ;; []  | Duly filled signed stamped copy of Exhibit formats Part-2 (.pdf) ;; []  | Other additional requirement as per clause No 14of NIT (like PAN,PF,ESIC, GST etc.) (.pdf) ;; []  | Supporting documents against Additional technical requirement as per clause no 12 of NIT (.pdf) ;; [2] Finance | BOQ Price Bid (.xls)",Online,please refer tender documents,heater,https://iocletenders.nic.in/nicgep/app?component=%24DirectLink_0&page=FrontEndAdvancedSearchResult&service=direct&session=T&sp=SJnD%2FwnX4yULjJmYm4xLz%2FA%3D%3D
2026_PR_191130_1,RPRC262366,RPRC262366 ARC for Rewinding/ Repairing of HT Motors in P25 Units of Panipat Refinery and Petrochemical Complex.,RPRC262366 ARC for Rewinding/ Repairing of HT Motors in P25 Units of Panipat Refinery and Petrochemical Complex.,IndianOil||Refineries||Panipat Refinery||Materials,Electrical Works,NA,Works,Open Tender,Tender cum Auction,Rate Contract,"3,56,70,419",,"90,000",P-25 Units,132140,120,730,,,17-Sep-2026 03:00 PM,,,2,5,"[1] Fee/PreQual/Technical | Work Order along with completion Certificate indicating Executed Value as per NIT (.pdf) ;; []  | Exhibit Formats _PART_2 (.pdf) ;; []  | Audited Balance Sheet with Profit and Loss statement signed, stamped, CA firm registration no (.pdf) ;; []  | PF Code allotment letter, ESIC, PAN, MSME certificate, GST certificate, Notarized POA (.pdf) ;; [2] Finance | BOQ for price bid (.xls)",Online,Please refer Tender documents.,motors,https://iocletenders.nic.in/nicgep/app?component=%24DirectLink_0&page=FrontEndAdvancedSearchResult&service=direct&session=T&sp=Sq0qRZx%2FYMHTg6K69aDHK8g%3D%3D
2026_AOD_190743_2,DRE226B059,DRE226B059 REWINDING OF L.T. MOTORS OF DIGBOI REFINERY AT VENDORS WORKS,DRE226B059 REWINDING OF L.T. MOTORS OF DIGBOI REFINERY AT VENDORS WORKS,IndianOil||Refineries||AOD Digboi||Contracts Section,Electrical Works,NA,Works,Open Tender,Works,Tender,"17,69,157",,0.00,IOCL Digboi Refinery,786171,120,365,,,12-Sep-2026 04:30 PM,,,2,6,"[1] Fee/PreQual/Technical | Work Order, completion certificate as per NIT Pre Qualification criteria and other Supporting docs. (.pdf) ;; []  | Audited profit and Loss Statements and Balance sheets, Assessment Order of ITRs for last 3 fin. Yrs. (.pdf) ;; []  | Acceptance of Annexures with duly filled, signed, sealed, Tender doc and Undertaking by the Tenderer (.pdf) ;; []  | PF and ESI code allotment letter, PAN card, Power of Attorney, GST certificate (.pdf) ;; []  | Certificate of Incorporation/Partnership deed/Proprietorship affidavit, MSME certificate. (.pdf) ;; [2] Finance | Price Bid (.xls)",Not Applicable,Please refer tender Documents. Dates mentioned in NIT to be ignored as this is a re tender.,motors,https://iocletenders.nic.in/nicgep/app?component=%24DirectLink_0&page=FrontEndAdvancedSearchResult&service=direct&session=T&sp=S9yYn7rxVueNTZ4yWHfztgA%3D%3D
2026_NRO_191264_1,MnC/NR/PSO/ENG/LT-146/26-27,"Supply, Installation, Testing and Commissioning of 11 KV Substation, DG Set with interconnections Cables and Allied works at NFR Facilities at Location WSA Site at DAK9-Gurdaspur-Katra-Pkg14 -439_450-RHS-JK District Kathua, JK under Jammu DO PSO","Supply, Installation, Testing and Commissioning of 11 KV Substation, DG Set with interconnections Cables and Allied works at NFR Facilities at Location WSA Site at DAK9-Gurdaspur-Katra-Pkg14- 439_450-RHS-JK District Kathua, JK under Jammu DO PSO",IndianOil||Marketing||Northern Region Office||Contract Cell,Electrical Works,NA,Works,Limited,Works,Tender,"68,78,901",,"18,000",Jammu DO,180004,180,70,,,10-Sep-2026 04:15 PM,,,2,4,[1] Fee/PreQual/Technical | EMD Instrument (.pdf) ;; []  | Other Mandatory Documents (.pdf) ;; []  | Excel declarations as per proforma (.xls) ;; [2] Finance | BOQ (.xls),Online,As per NIT,cable,https://iocletenders.nic.in/nicgep/app?component=%24DirectLink_0&page=FrontEndAdvancedSearchResult&service=direct&session=T&sp=SCSDXWTXsRYAARVnVzvMeQw%3D%3D
2026_NRO_191252_1,MnC/NR/PSO/ENG/LT-145/26-27,"Supply, Installation, Testing and Commissioning of 11 KV Substation, DG Set with interconnections Cables and Allied works at NFR Facilities at Location WSA Site at DAK9 Gurdaspur-Katra-Pkg14-439 450-LHS-JK District Kathua, JK under Jammu DO PSO","Supply, Installation, Testing and Commissioning of 11 KV Substation, DG Set with interconnections Cables and Allied works at NFR Facilities at Location WSA Site at DAK9 Gurdaspur-Katra-Pkg14-439 450-LHS-JK District Kathua, JK under Jammu DO PSO",IndianOil||Marketing||Northern Region Office||Contract Cell,Electrical Works,NA,Works,Limited,Works,Tender,"68,99,102",,"18,000",Jammu DO,180004,180,70,,,10-Sep-2026 12:55 PM,,,2,4,[1] Fee/PreQual/Technical | EMD Instrument (.pdf) ;; []  | Other mandatory documents (.pdf) ;; []  | Excel Declarations as per proforma (.xls) ;; [2] Finance | BOQ (.xls),Online,As per NIT,cable,https://iocletenders.nic.in/nicgep/app?component=%24DirectLink_0&page=FrontEndAdvancedSearchResult&service=direct&session=T&sp=StdndV%2FbMHfszn4GGsL9acw%3D%3D
2026_WRO_191325_1,WRMC/2026-27/LT/331,"WORK OF SUPPLY, FABRICATION, TRANSPORTATION, ERECTION and COMMISSIONING OF STRUCTURAL STEEL CANOPIES AT 06 ROS/KSKS UNDER BHOPAL DIVISIONAL OFFICE OF MADHYA PRADESH STATE OFFICE","WORK OF SUPPLY, FABRICATION, TRANSPORTATION, ERECTION and COMMISSIONING OF STRUCTURAL STEEL CANOPIES AT 06 ROS/KSKS UNDER BHOPAL DIVISIONAL OFFICE OF MADHYA PRADESH STATE OFFICE",IndianOil||Marketing||Western Region Office||Contracts Cell,Civil Works,NA,Works,Limited,Works,Tender,"93,82,707",,"24,000",bhopal,999999,180,112,,,16-Sep-2026 12:00 PM,,,2,2,[1] Fee/PreQual/Technical | Declarations (.xls) ;; [2] Finance | Boq (.xls),Online,Please refer Tender documents.,structural steel,https://iocletenders.nic.in/nicgep/app?component=%24DirectLink_0&page=FrontEndAdvancedSearchResult&service=direct&session=T&sp=SmLg%2BrX2s3Qxh57evKnOe1Q%3D%3D
2026_SROTN_191336_1,EnnBP/MDT_Works1/LT/2026-27,Carrying out Various Civil Mechanical Pipeline Painting Safety and Allied Works at Ennore LPG Bottling Plant Ennore Chennai,Carrying out Various Civil Mechanical Pipeline Painting Safety and Allied Works at Ennore LPG Bottling Plant Ennore Chennai,IndianOil||Marketing||Southern Region and Tamilnadu State Office||LPG,Mechanical Works,NA,Works,Limited,Lump-sum,Tender,NA,,0.00,Ennore BP,600120,120,60,,,17-Sep-2026 03:15 PM,,,1,2,[1] Fee/PreQual/Technical/Finance | NIT (.pdf) ;; []  | BOQ (.xls),Not Applicable,As per tender Document,paint,https://iocletenders.nic.in/nicgep/app?component=%24DirectLink_0&page=FrontEndAdvancedSearchResult&service=direct&session=T&sp=SxAojS%2BDv8req3qaI0HGsXw%3D%3D
2026_PDR_191293_1,9070C26C68,"Grit shot blasting and painting jobs during M and I shutdown at Paradip Refinery, Odisha.","Grit shot blasting and painting jobs during M and I shutdown at Paradip Refinery, Odisha.",IndianOil||Refineries||Paradip Refinery||Contracts,Civil Works,NA,Works,Open Tender,Tender cum Auction,Tender,"2,12,63,608",,"39,000","IOCL, PARDIP REFINERY",754141,120,730,,,19-Sep-2026 05:00 PM,,,3,11,"[1] Fee | ONLINE EMD/EMD Exemption- to upload here (.pdf) ;; []  | PF, ESIC CODES allotment letter copy, PAN and GSTIN copy- To upload here (.pdf) ;; []  | INCOME TAX RETURNS FOR LAST 3 YEARS to upload here (.pdf) ;; []  | PROPRIETORSHIP AFFIDAVIT/ PARTNERSHIP DEED/ COI, MOA ALONG WITH POWER OF ATTORNEY to upload here (.pdf) ;; []  | TECHNO COMMERCIAL BID, GCC (unsigned) - to upload here as a token of acceptance (.pdf) ;; [2] PreQual/Technical | WORK ORDERS WITH COMPLETION CERTIFICATES to upload here (.pdf) ;; []  | AUDITED BALANCE SHEET AND PROFIT AND LOSS ACCOUNT STATEMENTS FOR LAST 3 YEARS (.pdf) ;; []  | ALL Other Tender Documents - to upload here (.pdf) ;; []  | Common Tender Documents (.pdf) ;; []  | DOCUMENTS AGAINST ADDITIONAL TECHNICAL REQUIREMENT OF NIT - To upload here (.pdf) ;; [3] Finance | BOQ-SCHEDULE OF RATES (.xls)",Online,Please refer Tender documents.,paint,https://iocletenders.nic.in/nicgep/app?component=%24DirectLink_0&page=FrontEndAdvancedSearchResult&service=direct&session=T&sp=SZAnhAwsl%2FmnZYUkdV%2BxdVA%3D%3D
2026_BR_191281_1,9020C26C69,"Industrial Painting of Pipelines, Structures, Equipment, and Associated Facilities in Unit and Offsite Areas at Barauni Refinery (Part-A and Part-B).","Industrial Painting of Pipelines, Structures, Equipment, and Associated Facilities in Unit and Offsite Areas at Barauni Refinery (Part-A and Part-B).",IndianOil||Refineries||Barauni Refinery||Contract,Civil Works,NA,Works,Open Tender,Tender cum Auction,Tender,NA,,"1,50,000","Contract cell, Barauni Refinery",851114,120,420,,,25-Sep-2026 03:30 PM,,,2,5,"[1] Fee/PreQual/Technical | Format regarding Acceptance Of Tender Doc , Bid security dec (.pdf) ;; []  | PQC,ATO,ESIC,PF,GST,ITR,Proprietor,Partner affidavit,Cert of Inc,Ebanking,PAN,Holiday Listing,Udyam (.pdf) ;; []  | Special instructions to renderers regarding GST Vendor to submit duly filled GST declaration (.pdf) ;; []  | Additional documents (.pdf) ;; [2] Finance | Price bid cum BOQ (.xls)",Online,Please refer Tender documents.,paint,https://iocletenders.nic.in/nicgep/app?component=%24DirectLink_0&page=FrontEndAdvancedSearchResult&service=direct&session=T&sp=Sf91yyx5wxNqLgfsSRLHUPw%3D%3D
2026_SROTN_191032_1,MnC/SR/HS/PT/107/SRO/2026-27,Rate Contract (Rs. 0 to 50.00 Lacs) for carrying out Capital / Revenue works upgradation / renovation / painting / M and R works up to Rs. 50 Lakhs,Rate Contract (Rs. 0 to 50.00 Lacs) for carrying out Capital / Revenue works upgradation / renovation / painting / M R works up to Rs. 50 Lakhs at IOC owned Residential Quarters / Guest House/ Transit Accommodation/Southern Regional Office building,IndianOil||Marketing||Southern Region and Tamilnadu State Office||Contracts Cell,Civil Works,NA,Works,Open Tender,Works,Tender,"8,50,44,000",,"50,000",SRO Chennai,999999,180,NA,,,22-Sep-2026 01:00 PM,,,2,5,[1] Fee/PreQual/Technical | Excel Declarations (.xls) ;; []  | Standard Comparative Sheet (.xls) ;; []  | ATO and PQC documents (.pdf) ;; []  | Other Mandatory Documents (.pdf) ;; [2] Finance | Price bid BoQ (.xls),Online,Please refer Tender documents.,paint,https://iocletenders.nic.in/nicgep/app?component=%24DirectLink_0&page=FrontEndAdvancedSearchResult&service=direct&session=T&sp=SUpu5HHYLIc6%2FRPN4iOgyww%3D%3D
2026_PR_191253_1,9060C26C58,"RPRC266373-Structural repair and chemical-resistant coating of neutralization pits and associated drainage network of DM Plant, Panipat Refinery","RPRC266373-Structural repair and chemical-resistant coating of neutralization pits and associated drainage network of DM Plant, Panipat Refinery",IndianOil||Refineries||Panipat Refinery||Contracts,Civil Works,NA,Works,Open Tender,Works,Tender,"1,15,91,415",,"29,000",Panipat Refinery,132140,120,NA,,,17-Sep-2026 03:00 PM,,,2,6,"[1] Fee/PreQual/Technical | Documents towards fulfillment of PQC as given in NIT CL No 11 and 12 (.pdf) ;; []  | Balance sheet as per NIT Cl 10.1 with CA membership no. and sign and stamp of both parties and UDIN (.pdf) ;; []  | Completely filled signed and stamped Exhibit Formats_Part_2 (.pdf) ;; []  | PF, ESIC Code registration, PAN, GST registration, MSME Certificate (.pdf) ;; []  | Notarized Power of Attorney in favor of person authorized to submit the bid (.pdf) ;; [2] Finance | BOQ for Price Bid (.xls)",Online,Please refer Tender documents.,chemical,https://iocletenders.nic.in/nicgep/app?component=%24DirectLink_0&page=FrontEndAdvancedSearchResult&service=direct&session=T&sp=SZZULsrAEoJ2mdkJYIvTiMw%3D%3D
2026_REFHQ_189208_1,SPN/C077-000-LA-T-9502/03,"SPN/C077-000-LA-T-9502/03 - PROJECT MANAGEMENT CONSULTANCY SERVICES (PMC-3) FOR CUMENE AND PHENOL UNITS FOR THE PARADIP PETROCHEMICAL COMPLEX (PDPC) PROJECT OF INDIAN OIL CORPORATION LIMITED AT PARADIP, ODISHA","PROJECT MANAGEMENT CONSULTANCY SERVICES (PMC-3) FOR CUMENE AND PHENOL UNITS FOR THE PARADIP PETROCHEMICAL COMPLEX (PDPC) PROJECT OF INDIAN OIL CORPORATION LIMITED AT PARADIP, ODISHA",IndianOil||Refineries||Refineries HQ||Project - PMC||PDPC-PMC-2,Services,NA,Works,Open Tender,Service,Tender,NA,,"31,66,000",AS PER TENDER DOCUMENT,122001,180,1410,,,23-Sep-2026 03:00 PM,,,3,7,[1] Fee | Scanned copy of Bid Security /Earnest Money Deposit as per clause 10.1.2(a) of ITB (.pdf) ;; [2] PreQual/Technical | ALL DOCUMENTS LISTED UNDER SL.NO.9 OF BID DATA SHEET SECTION -I (.pdf) ;; []  | ALL DOCUMENTS LISTED UNDER SL.NO.9 OF BID DATA SHEET SECTION -II (.pdf) ;; []  | ALL DOCUMENTS LISTED UNDER SL.NO.9 OF BID DATA SHEET SECTION -III (.pdf) ;; []  | ALL DOCUMENTS LISTED UNDER SL.NO.9 OF BID DATA SHEET SECTION -IV (.pdf) ;; []  | ANY OTHER DOCUMENTS (.pdf) ;; [3] Finance | PRICE BID (.xls),Online,Please refer Tender documents.,chemical,https://iocletenders.nic.in/nicgep/app?component=%24DirectLink_0&page=FrontEndAdvancedSearchResult&service=direct&session=T&sp=Sl%2Bbqo6maKiWn1%2BgrM0coMA%3D%3D
2026_REFHQ_189090_1,SPN/C077-000-LA-T-9501/01,"SPN/C077-000-LA-T-9501/01 - PROJECT MANAGEMENT CONSULTANCY SERVICES (PMC-4) FOR LLDPE/HDPE (SWING) UNIT, PVC AND BUTENE-1 UNDER THE PARADIP PETROCHEMICAL COMPLEX (PDPC) PROJECT OF INDIAN OIL CORPORATION LIMITED AT PARADIP, ODISHA","PROJECT MANAGEMENT CONSULTANCY SERVICES (PMC-4) FOR LLDPE/HDPE (SWING) UNIT, PVC AND BUTENE-1 UNDER THE PARADIP PETROCHEMICAL COMPLEX (PDPC) PROJECT OF INDIAN OIL CORPORATION LIMITED AT PARADIP, ODISHA",IndianOil||Refineries||Refineries HQ||Project - PMC||PDPC-PMC-2,Services,NA,Works,Open Tender,Service,Tender,NA,,"58,26,000",AS PER TENDER DOCUMENT,122001,180,1560,,,23-Sep-2026 03:00 PM,,,3,7,[1] Fee | Scanned copy of Bid Security /Earnest Money Deposit as per clause 10.1.2(a) of ITB (.pdf) ;; [2] PreQual/Technical | ALL DOCUMENTS LISTED UNDER SL.NO.9 OF BID DATA SHEET SECTION -I (.pdf) ;; []  | ALL DOCUMENTS LISTED UNDER SL.NO.9 OF BID DATA SHEET SECTION -II (.pdf) ;; []  | ALL DOCUMENTS LISTED UNDER SL.NO.9 OF BID DATA SHEET SECTION -III (.pdf) ;; []  | ALL DOCUMENTS LISTED UNDER SL.NO.9 OF BID DATA SHEET SECTION -IV (.pdf) ;; []  | ANY OTHER DOCUMENTS (.pdf) ;; [3] Finance | PRICE BID (.xls),Online,Please refer Tender documents.,chemical,https://iocletenders.nic.in/nicgep/app?component=%24DirectLink_0&page=FrontEndAdvancedSearchResult&service=direct&session=T&sp=SWqnzfRpMELpf9PEBAoxxgg%3D%3D
2026_PR_191200_1,RPNC265035,"ARC for Repair and Maintenance of cold Insulation in various units of PNC, Panipat.","ARC for Repair and Maintenance of cold Insulation in various units of PNC, Panipat.",IndianOil||Refineries||Panipat Refinery||Contracts,Civil Works,NA,Works,Open Tender,Works,Tender,"1,33,82,845",,"34,000",Panipat Naphtha Cracker,132140,120,365,,,14-Sep-2026 03:00 PM,,,2,5,"[1] Fee/PreQual/Technical | Audited balance sheet with profit and loss statement signed, stamped, CA membership no. and UDIN no (.pdf) ;; []  | Other additional requirement as per clause no. 14 of NIT (like PF, ESIC, PAN, MSME Certificate, GST (.pdf) ;; []  | Copy of complete Work orders (Max3) and its Completion certificate meeting cl.no.11.2 and11.3 of NIT (.pdf) ;; []  | Duly filled signed stamped copy of Exhibit formats Part-2 (.pdf) ;; [2] Finance | Price Bid (.xls)",Online,Refer Tender documents,insulation,https://iocletenders.nic.in/nicgep/app?component=%24DirectLink_0&page=FrontEndAdvancedSearchResult&service=direct&session=T&sp=SupEqHus405%2BbjbN7FtdVNA%3D%3D
2026_BGR_191338_1,N1JB26022,"Supply of Spares and Consumables for CFR RON, MON and Cetane Engines","Supply of Spares and Consumables for CFR RON, MON and Cetane Engines",IndianOil||Refineries||Bongaigaon Refinery||Indenter,LAB / QC Equipment,NA,Goods,Single,Supply,Tender,NA,,0.00,BGR,783385,120,90,,,22-Sep-2026 03:30 PM,,,1,2,[1] Fee/PreQual/Technical/Finance | BOQ (.xls) ;; []  | TENDER DOCUMENT (.rar),Not Applicable,Please refer Tender documents.,spares,https://iocletenders.nic.in/nicgep/app?component=%24DirectLink_0&page=FrontEndAdvancedSearchResult&service=direct&session=T&sp=SvP9asEl%2BecPOQvApvW7d6w%3D%3D
2026_PDR_191288_1,9070M26D45,"Procurement of Insurance spares and consumable spares for 057-K-06, NHGU(2026) at IOCL Paradip Refinery.","Procurement of Insurance spares and consumable spares for 057-K-06, NHGU (2026) at IOCL Paradip Refinery.",IndianOil||Refineries||Paradip Refinery||Materials,Mechanical - All,NA,Goods,Single,Supply,Tender,NA,,0.00,IOCL Paradip Refinery Jhimani Kujang Jagatsinghpur,754141,120,224,,,11-Sep-2026 03:00 PM,,,1,2,"[1] Fee/PreQual/Technical/Finance | UNPRICE BID DOCUMENT(Bid_Doc file in xls duly filled AND TechSpec, POA and others in pdf) (.rar) ;; []  | BOQ (.xls)",Not Applicable,Please refer Tender documents.,spares,https://iocletenders.nic.in/nicgep/app?component=%24DirectLink_0&page=FrontEndAdvancedSearchResult&service=direct&session=T&sp=SAz4ULG4HN5IGOAVa9VIVfg%3D%3D
2026_HR_191285_1,9040M26B25,Procurement of spares for 92-K-01A/B of HGU-2,AS PER TENDER,IndianOil||Refineries||Haldia Refinery||Materials,Mechanical - All,NA,Goods,Single,Supply,Tender,NA,,0.00,IOCL HALDIA REFINERY,721606,120,90,,,10-Sep-2026 03:00 PM,,,1,2,[1] Fee/PreQual/Technical/Finance | TENDER DOCUMENT (.rar) ;; []  | PRICE BIDS (.xls),Not Applicable,Please refer Tender documents.,spares,https://iocletenders.nic.in/nicgep/app?component=%24DirectLink_0&page=FrontEndAdvancedSearchResult&service=direct&session=T&sp=Sc0RDM%2Bw5bT4IhwyCbIXuuQ%3D%3D
2026_PDR_191265_1,9070M26G29,Procurement of Igniter spares for 20-F-01 OF VGO HDT unit at IOCL Paradip Refinery,Procurement of Igniter spares for 20-F-01 OF VGO HDT unit at IOCL Paradip Refinery,IndianOil||Refineries||Paradip Refinery||Materials,Electrical - All,NA,Goods,Single,Supply,Tender,NA,,0.00,IOCL Paradip Refinery Jhimani Kujang Jagatsinghpur,754141,120,90,,,10-Sep-2026 03:00 PM,,,1,2,[1] Fee/PreQual/Technical/Finance | Complete Bid Documents (.rar) ;; []  | BOQ (.xls),Not Applicable,Please refer Tender documents.,spares,https://iocletenders.nic.in/nicgep/app?component=%24DirectLink_0&page=FrontEndAdvancedSearchResult&service=direct&session=T&sp=S5UdMsFMEhBlWV0I75%2BQJMA%3D%3D
2026_HR_191204_1,9040M26D81,Spares of 23-K-101,Spares of 23-K-101,IndianOil||Refineries||Haldia Refinery||Materials,Mechanical - All,NA,Goods,Single,Supply,Tender,NA,,0.00,IOCL HALDIA REFINERY,721606,120,120,,,16-Sep-2026 03:00 PM,,,1,2,[1] Fee/PreQual/Technical/Finance | TENDER DOCUMENT (.rar) ;; []  | BOQ (.xls),Not Applicable,Please refer Tender documents.,spares,https://iocletenders.nic.in/nicgep/app?component=%24DirectLink_0&page=FrontEndAdvancedSearchResult&service=direct&session=T&sp=S8paoBGIwTPrxhbiehX54fA%3D%3D
2026_PR_191116_1,PRMM268073,Procurement of Spares For RFCCU MAB DHDS RGC Turbine,Procurement of Spares For RFCCU MAB DHDS RGC Turbine,IndianOil||Refineries||Panipat Refinery||Materials,Mechanical - All,NA,Goods,Single,Supply,Tender,NA,,0.00,IOCL Panipat Refinery,132140,120,180,,,11-Sep-2026 03:30 PM,,,1,4,[1] Fee/PreQual/Technical/Finance | GPC (.pdf) ;; []  | Tender Documents (.pdf) ;; []  | BID Documents (.rar) ;; []  | BOQ (.xls),Not Applicable,Please refer Tender documents.,spares,https://iocletenders.nic.in/nicgep/app?component=%24DirectLink_0&page=FrontEndAdvancedSearchResult&service=direct&session=T&sp=S3bVg%2Fh%2B2ek1Okq8egdridw%3D%3D
2026_HR_190906_2,9040M26F36,Procurement of Spares of Expansion Turbine (96-M-02A/B) of NGU-2,Procurement of Spares of Expansion Turbine (96-M-02A/B) of NGU-2,IndianOil||Refineries||Haldia Refinery||Materials,Mechanical - All,NA,Goods,Single,Supply,Tender,NA,,0.00,IOCL HALDIA REFINERY,721606,120,84,,,10-Sep-2026 03:00 PM,,,1,2,[1] Fee/PreQual/Technical/Finance | TENDER DOCUMENT (.rar) ;; []  | PRICE BID (.xls),Not Applicable,NA,spares,https://iocletenders.nic.in/nicgep/app?component=%24DirectLink_0&page=FrontEndAdvancedSearchResult&service=direct&session=T&sp=SjqepQPkTDkCxlmcJ7wIYxA%3D%3D
2026_AOD_191312_1,DRG226K083/32709,ARC FOR REPAIR AND MAINTENANCE OF FIRE PROOFING JOBS AT IOCL-DIGBOI REFINERY.,ARC FOR REPAIR AND MAINTENANCE OF FIRE PROOFING JOBS AT IOCL-DIGBOI REFINERY.,IndianOil||Refineries||AOD Digboi||Contracts Section,Civil Works,NA,Works,Open Tender,Tender cum Auction,Tender,"2,15,13,877",,"54,000","AOD REFINERY, DIGBOI",786171,120,730,,,21-Sep-2026 03:00 PM,,,2,6,"[1] Fee/PreQual/Technical | 1.Work Order, completion certificate as per NIT Pre Qualification criteria. (.pdf) ;; []  | 2.Audited profit and Loss Statements and Balance sheets, Assessment Order or ITRs for last 3 fin. Y (.pdf) ;; []  | 3.Acceptance of Annexures with duly filled, signed, sealed, Tender doc and Undertaking by the Tende (.pdf) ;; []  | 4.PF and ESI code allotment letter, PAN card, Power of Attorney, GST certificate (.pdf) ;; []  | 5.Certificate of Incorporation/Partnership deed/Proprietorship affidavit (.pdf) ;; [2] Finance | BOQ (.xls)",Online,AS PER NIT,fire,https://iocletenders.nic.in/nicgep/app?component=%24DirectLink_0&page=FrontEndAdvancedSearchResult&service=direct&session=T&sp=SQlYOzyVBaL63K33lFUZTCA%3D%3D
2026_PLHO_191135_1,PLCC/HRPL Fire alarm system/T and I/26060,"Design, Engineering, Supply, Installation, Testing and Commissioning of Fire alarm detection system along with Additional Instrumentation for HRPL locations","Design, Engineering, Supply, Installation, Testing and Commissioning of Fire alarm detection system along with Additional Instrumentation for HRPL locations",IndianOil||Pipelines||Pipelines HO||Contracts,Instrumentation - All,NA,Works,Open Tender,Works,Tender,NA,,"13,000",As per tender document,825301,120,153,,,16-Sep-2026 03:00 PM,,,4,8,"[1] Fee | EMD submission proof/EMD exemption document (.pdf) ;; [2] PreQual | Audited financial statements for last 3 FY (.pdf) ;; []  | Work order and completion certificate for commercial qualification (.pdf) ;; []  | Other commercial documents-PAN, PF, GST, POA, BOARD RESOLUTION, CIN, MOA, AOA (.pdf) ;; []  | Commercial Annexure (.xls) ;; [3] Technical | Documents for technical qualification (.pdf) ;; []  | Technical Annexures and Other technical documents (.pdf) ;; [4] Finance | BoQ, Price bids to be Quoted here (.xls)",Online,as per tender document,fire,https://iocletenders.nic.in/nicgep/app?component=%24DirectLink_0&page=FrontEndAdvancedSearchResult&service=direct&session=T&sp=S9KykSqxAwrar6CnOMQNAtQ%3D%3D
2026_REFHQ_191324_1,6745-PPM-000-CA-MQ64,SUPPLY OF EXHAUST HEAD,SUPPLY OF EXHAUST HEAD FOR P25 PROJECT AT IOCL PANIPAT REFINERY,IndianOil||Refineries||Refineries HQ||Project - PMC||PRPC-P25-EPCM2||Project Group,Mechanical - Pressure vessels and other fabrications,NA,Goods,Open Tender,Supply,Tender,NA,,0.00,IOCL Panipat Refinery,132140,120,70,,,23-Sep-2026 03:00 PM,,,2,6,[1] Fee/PreQual/Technical | Bid_Documents_MQ64 (.xls) ;; []  | Commercial_Documents_MQ64 (.pdf) ;; []  | Technical_Documents_MQ64 (.pdf) ;; []  | Technical PQC Documents (.pdf) ;; []  | Checklist_MQ64 (.pdf) ;; [2] Finance | BOQ (.xls),Not Applicable,Please refer Tender documents.,supply of,https://iocletenders.nic.in/nicgep/app?component=%24DirectLink_0&page=FrontEndAdvancedSearchResult&service=direct&session=T&sp=SZyzgWIitYWXmXv60tzCAOw%3D%3D
2026_PR_191282_1,NCM2614043,Supply of Cutter Blade,Supply of Cutter Blade,IndianOil||Refineries||Panipat Refinery||Materials,Mechanical - All,NA,Goods,Global Tenders,Tender cum Auction,Tender,NA,,0.00,Panipat,132140,120,450,,,17-Sep-2026 03:00 PM,,,2,6,[1] Fee/PreQual/Technical | Document.xls file all applicable sheets dully filled (.rar) ;; []  | Enquiry cum Offer containing technical specification and scope of supply (.pdf) ;; []  | PQC documents and MSE documents (If applicable) (.pdf) ;; []  | DeclarationFormat (.pdf) ;; []  | Declaration form and undertaking for availing Purchase preference (.pdf) ;; [2] Finance | Price Bid (BoQ) (.xls),Not Applicable,Please refer Tender Document,supply of,https://iocletenders.nic.in/nicgep/app?component=%24DirectLink_0&page=FrontEndAdvancedSearchResult&service=direct&session=T&sp=S4SZmv9Boy7wlaJZdAITBcw%3D%3D
2026_REFHQ_191266_1,TP/214227C/DR/1370-0301/1111,SUPPLY OF FASTENERS (LOT-2),"Manufacturing, procurement of materials and bought out components, assembly at shop, Inspection including inspection by TPIA, Testing at manufacturer works, packing, SUPPLY OF FASTENERS (LOT-2) details as per material requisition",IndianOil||Refineries||Refineries HQ||Project - PMC||Digboi-DR 1.0 Expansion||Project Group,"Mechanical - Piping, materials, flanges, valves, seals",FASTENERS,Goods,Limited,Supply,Tender,NA,,0.00,IOCL DIGBOI REFINERY,786171,120,90,,,18-Sep-2026 03:00 PM,,,2,6,[1] Fee/PreQual/Technical | Commercial Documents with all Annexures as per checklist (.pdf) ;; []  | Documents related to DMISP Policy and Relevant Power of Attorney duly signed and stamped (.pdf) ;; []  | Tender Acceptance Format duly signed and stamped on company letterhead (.pdf) ;; []  | MR and Technical Documents (.pdf) ;; []  | Unpriced Bid Document with All Annexures (.xls) ;; [2] Finance | BOQ (.xls),Not Applicable,Refer Tender Details,supply of,https://iocletenders.nic.in/nicgep/app?component=%24DirectLink_0&page=FrontEndAdvancedSearchResult&service=direct&session=T&sp=SriGhomR8JQn9uBqdgii6Ww%3D%3D
2026_MKTHO_191188_1,OMC/BD/EMP/03/2026-27,Empanelment of vendors for supply of Biodiesel (B-100) produced from all feedstocks,Empanelment of vendors for supply of Biodiesel (B-100) produced from all feedstocks,IndianOil||Marketing||Marketing HO||S and D,Chemical - All,NA,Goods,Open Tender,Empanelment,Empanelment,NA,,0.00,"IOCL HO, Mumbai",400051,120,NA,,,15-Sep-2026 03:00 PM,,,1,5,"[1] Fee/PreQual/Technical/Finance | TPIA certified Consent to Operation. (.pdf) ;; []  | Integrity Pacts, declaration or relationship with Directors of OMCs, Bid Security Declaration (.pdf) ;; []  | Signed and stamped EOI Document, Minutes of Prebid Meeting and corrigendum if any (.pdf) ;; []  | Tender Acceptance Format undertaking by tenderers and other tender related Annexures and document. (.pdf) ;; []  | Bidder Detail (.xls)",Not Applicable,Please refer Tender documents.,supply of,https://iocletenders.nic.in/nicgep/app?component=%24DirectLink_0&page=FrontEndAdvancedSearchResult&service=direct&session=T&sp=SqXgChAG5T%2B%2FWDbYzd0gDMw%3D%3D
2026_REFHQ_191118_1,TP/214227C/DR/1384-0001/1112,SUPPLY OF SLIDING PLATES,"Manufacturing, procurement of materials and bought out components, assembly at shop, Inspection including inspection by TPIA, Testing at manufacturer works, packing, SUPPLY OF SLIDING PLATES details as per material requisition",IndianOil||Refineries||Refineries HQ||Project - PMC||Digboi-DR 1.0 Expansion||Project Group,Miscellaneous Goods,SLIDING PLATES,Goods,Limited,Supply,Tender,NA,,0.00,IOCL DIGBOI REFINERY,786171,120,90,,,10-Sep-2026 03:00 PM,,,2,6,[1] Fee/PreQual/Technical | Commercial Documents with all Annexures as per checklist (.pdf) ;; []  | Relevant Power of Attorney duly signed and stamped (.pdf) ;; []  | Tender Acceptance Format duly signed and stamped on company letterhead (.pdf) ;; []  | MR and Technical Documents (.pdf) ;; []  | Unpriced Bid Document with All Annexures (.xls) ;; [2] Finance | BOQ (.xls),Not Applicable,Refer tender details,supply of,https://iocletenders.nic.in/nicgep/app?component=%24DirectLink_0&page=FrontEndAdvancedSearchResult&service=direct&session=T&sp=SYYlr3yX1Ezkda%2F1Fagam2w%3D%3D
2026_REFHQ_191075_1,6746-PPM-022-CA-0226,Supply of CO and CO2 Cylinder,Supply of CO and CO2 Cylinder,IndianOil||Refineries||Refineries HQ||Project - PMC||PRPC-P25-EPCM3||Project Group,Chemical - Chemicals and Additives,NA,Goods,Open Tender,Supply,Tender,NA,,0.00,IOCL Panipat Refinery,132140,120,60,,,18-Sep-2026 02:00 PM,,,2,6,[1] Fee/PreQual/Technical | Bid Documents (.xls) ;; []  | Technical Documents (.pdf) ;; []  | Commercial Documents (.pdf) ;; []  | Additional Commercial Documents (.pdf) ;; []  | Additional Technical Documents (.pdf) ;; [2] Finance | BOQ (.xls),Not Applicable,Please refer Tender documents,supply of,https://iocletenders.nic.in/nicgep/app?component=%24DirectLink_0&page=FrontEndAdvancedSearchResult&service=direct&session=T&sp=SQyiAl5XN5xkZZa84pVhZOw%3D%3D
2026_JR_191305_1,9030C26D55,9030C26D55 Providing and fixing various types of safety informatory signage and name boards at Gujarat Refinery township Vadodara IOCL,9030C26D55 Providing and fixing various types of safety informatory signage and name boards at Gujarat Refinery township Vadodara IOCL,IndianOil||Refineries||Gujarat Refinery||Contracts,Civil Works,NA,Works,Open Tender,Works,Tender,"24,09,563",,0.00,"Gujarat Refinery, Vadodara",391320,120,180,,,21-Sep-2026 03:00 PM,,,2,6,"[1] Fee/PreQual/Technical | Audited profit and Loss Statements and Balance sheets for last 3 Fin. Year (.pdf) ;; []  | Work Order, completion certificate as per NIT Pre-Qualification criteria and other Supporting docs (.pdf) ;; []  | Acceptance of Annexures duly filled signed sealed Exhibit formats Part-1 (.pdf) ;; []  | PF and ESI code allotment letter, PAN card, Power of Attorney, GST certificate (.pdf) ;; []  | Certificate of Incorporation/Partnership deed/Proprietorship affidavit, MSME certificate (.pdf) ;; [2] Finance | BOQ Price Bid including GST (.xls)",Not Applicable,Please refer Tender documents.,refinery,https://iocletenders.nic.in/nicgep/app?component=%24DirectLink_0&page=FrontEndAdvancedSearchResult&service=direct&session=T&sp=SJu35csJQt1o5wOmdns1JPQ%3D%3D
2026_JR_191294_1,9030C26D27,9030C26D27- Civil and electrical works involves in relocation of the emergency control centre room of Gujarat Refinery.,9030C26D27- Civil and electrical works involves in relocation of the emergency control centre room of Gujarat Refinery.,IndianOil||Refineries||Gujarat Refinery||Contracts,Civil Works,NA,Works,Open Tender,Works,Tender,"65,98,482",,"17,000","IOCL Gujarat Refinery, Vadodara",391320,120,180,,,19-Sep-2026 03:00 PM,,,2,6,"[1] Fee/PreQual/Technical | Audited profit and Loss Statements and Balance sheets for last 3 Fin. Year (.pdf) ;; []  | Work Order, completion certificate as per NIT Pre-Qualification criteria and other Supporting doc (.pdf) ;; []  | Acceptance of Annexures duly filled signed sealed Declarations and Undertakings (.pdf) ;; []  | PF and ESI code allotment letter, PAN card, Power of Attorney, GST certificate (.pdf) ;; []  | Certificate of Incorporation/ Partnership deed/ Proprietorship affidavit, MSME certificate (.pdf) ;; [2] Finance | Price Bid including GST (.xls)",Online,Please refer Tender Documents,refinery,https://iocletenders.nic.in/nicgep/app?component=%24DirectLink_0&page=FrontEndAdvancedSearchResult&service=direct&session=T&sp=Sfi01orNIexTwmn6v%2BzfrAQ%3D%3D
2026_HR_191302_1,9040C26C69,Cleaning and removal of debris/earth underneath pipe racks in Haldia Refinery,Cleaning and removal of debris/earth underneath pipe racks in Haldia Refinery,IndianOil||Refineries||Haldia Refinery||Contracts,Civil Works,NA,Works,Open Tender,Works,Tender,NA,,"21,000",IOCL Haldia Refinery,721606,120,548,,,21-Sep-2026 03:30 PM,,,2,5,"[1] Fee/PreQual/Technical | EMD (.pdf) ;; []  | Work Order and completion certificate and annual turn over documents (.pdf) ;; []  | Undertaking Letter, PF and certificate of incorporation/partnership deed/proprietorship affidavit (.pdf) ;; []  | Annexures (.pdf) ;; [2] Finance | BOQ (.xls)",Online,Please refer Tender documents.,refinery,https://iocletenders.nic.in/nicgep/app?component=%24DirectLink_0&page=FrontEndAdvancedSearchResult&service=direct&session=T&sp=SIBi8WZc%2Fj1W57e6s1V9tqQ%3D%3D
2026_BR_191299_1,9020C26C70,"Repair and provision of security grills, chain link fencing and colour-coated sheets at Barauni Refinery Township.","Repair and provision of security grills, chain link fencing and colour-coated sheets at Barauni Refinery Township.",IndianOil||Refineries||Barauni Refinery||Contract,Civil Works,NA,Works,Open Tender,Works,Tender,NA,,"47,000","Contract cell, Barauni Refinery",851114,120,330,,,19-Sep-2026 03:30 PM,,,2,4,"[1] Fee/PreQual/Technical | Format regarding Acceptance Of Tender Doc , Bid security dec (.pdf) ;; []  | PQC,ATO,ESIC,PF,GST,ITR,Proprietor,Partner affidavit,Cert of Inc,Ebanking,PAN,Holiday Listing,Udyam (.pdf) ;; []  | Special instructions to renderers regarding GST Vendor to submit duly filled GST declaration (.pdf) ;; [2] Finance | Price bid cum BOQ (.xls)",Online,Please refer Tender documents.,refinery,https://iocletenders.nic.in/nicgep/app?component=%24DirectLink_0&page=FrontEndAdvancedSearchResult&service=direct&session=T&sp=S%2ByTBDm8nAlcYaXMXX21yrA%3D%3D
2026_REFHQ_191283_1,RHQMM26208,"Rate contract for procurement of UF membrane for Barauni, Haldia and Mathura Refinery","Rate contract for procurement of UF membrane for Barauni, Haldia and Mathura Refinery",IndianOil||Refineries||Refineries HQ||Materials,Electrical - All,NA,Goods,Open Tender,Tender cum Auction,Rate Contract,NA,,0.00,AS PER TENDER,110003,120,60,,,25-Sep-2026 03:00 PM,,,2,6,"[1] Fee/PreQual/Technical | DOCUMENTS TOWARDS COMPLIANCE OF PREQUALIFICATION CRITERIA (.pdf) ;; []  | TECHNCIAL SPECIFICATION SHEET DULY FILLED, SIGNED AND STAMPED (.pdf) ;; []  | POWER OF ATTORNEY, MISC. DOCS. DOCUMENTS IN COMPLIANCE OF GOVT POLICIES (.pdf) ;; []  | DULY FILLED BID DOCUMENTS-EXCEL FILE ALLSHEETS (.xls) ;; []  | DULY FILLED, SIGNED AND STAMPED BID SECURITY DECLARATION IN LIEU OF EMD (.pdf) ;; [2] Finance | PRICE SCHEDULE (BoQ) (.xls)",Not Applicable,Please refer Tender documents.,refinery,https://iocletenders.nic.in/nicgep/app?component=%24DirectLink_0&page=FrontEndAdvancedSearchResult&service=direct&session=T&sp=SsmT6UdpydcjcohXqGTjsAQ%3D%3D
2026_PDR_191280_1,9070C26C79,"Balance civil works of GIS 300 extension building under BSVI project at IOCL Paradip Refinery, Odisha","Balance civil works of GIS 300 extension building under BSVI project at IOCL Paradip Refinery, Odisha",IndianOil||Refineries||Paradip Refinery||Contracts,Civil Works,NA,Works,Open Tender,Works,Tender,"35,17,229",,"12,000",PARADIP REFINERY,754141,120,120,,,18-Sep-2026 05:00 PM,,,2,6,"[1] Fee/PreQual/Technical | Copy of Work Order copy with Schedule of Rates and completion certificate as per clause 11.2 of NIT (.pdf) ;; []  | Audited balance sheet and profit loss account statement for last 03 years as per clasue11.1 of NIT (.pdf) ;; []  | PF, ESI, PAN, GSTIN, ITR, COI, MOA/AOA, PD/ PA with Power of Attorney (.pdf) ;; []  | Duly filled Undertakings and Declarations, with sign and seal of authorized person (.pdf) ;; []  | Duly filled Annexures , with sign and seal of authorized person (.pdf) ;; [2] Finance | BOQ PRICE PART (.xls)",Online,Please refer Tender documents.,refinery,https://iocletenders.nic.in/nicgep/app?component=%24DirectLink_0&page=FrontEndAdvancedSearchResult&service=direct&session=T&sp=SZJFcqSEpa2hhHjFuuWGonA%3D%3D
2026_HR_191268_1,9040C26C67,Repair of road works at Cluster - 10 and 12 and at miscellaneous damaged locations at Haldia Refinery Township for the year 2026-2027,Repair of road works at Cluster - 10 and 12 and at miscellaneous damaged locations at Haldia Refinery Township for the year 2026-2027,IndianOil||Refineries||Haldia Refinery||Contracts,Civil Works,NA,Works,Open Tender,Works,Tender,NA,,"35,000",IOCL Haldia Refinery,721606,120,300,,,19-Sep-2026 03:30 PM,,,2,5,"[1] Fee/PreQual/Technical | EMD (.pdf) ;; []  | Work order and completion certificate and annual turn over documents (.pdf) ;; []  | Undertaking Letter, PF and certificate of incorporation/partnership deed/proprietorship affidavit (.pdf) ;; []  | Annexures (.pdf) ;; [2] Finance | BOQ (.xls)",Online,Please refer Tender documents.,refinery,https://iocletenders.nic.in/nicgep/app?component=%24DirectLink_0&page=FrontEndAdvancedSearchResult&service=direct&session=T&sp=SzN4aOUqCS1pvxpuEWiIe3Q%3D%3D
2026_JR_191168_1,9030C26D22,9030C26D22- Earthing jobs at Gujarat Refinery.,9030C26D22- Earthing jobs at Gujarat Refinery.,IndianOil||Refineries||Gujarat Refinery||Contracts,Electrical Works,NA,Works,Open Tender,Works,Tender,"31,19,468",,"8,000","IOCL Gujarat Refinery, Vadodara",391320,120,365,,,17-Sep-2026 04:00 PM,,,2,6,"[1] Fee/PreQual/Technical | Audited profit and Loss Statements and Balance sheets for last 3 Fin. Years (.pdf) ;; []  | Work Order, completion certificate as per NIT PQC and other Supporting doc (.pdf) ;; []  | Acceptance of Annexures duly filled signed sealed Declarations and Undertakings (.pdf) ;; []  | PF and ESI code allotment letter, PAN card, Power of Attorney, GST certificate (.pdf) ;; []  | Certificate of Incorporation/ Partnership deed/ Proprietorship affidavit, MSME certificate (.pdf) ;; [2] Finance | BOQ Price Bid including GST (.xls)",Online,Please refer Tender Documents,refinery,https://iocletenders.nic.in/nicgep/app?component=%24DirectLink_0&page=FrontEndAdvancedSearchResult&service=direct&session=T&sp=SOEM%2FPOnVJ82u7vUxZ05uWQ%3D%3D
2026_JR_191213_1,9030C26D40,Renovation of Staff Quarters at Gujarat Refinery Township IOCL Vadodara Phase 2,Renovation of Staff Quarters at Gujarat Refinery Township IOCL Vadodara Phase 2,IndianOil||Refineries||Gujarat Refinery||Contracts,Civil Works,NA,Works,Open Tender,Tender cum Auction,Tender,"15,29,77,541",,"1,53,000","Gujarat Refinery, Vadodara",391320,120,540,,,24-Sep-2026 03:30 PM,,,2,6,"[1] Fee/PreQual/Technical | Audited profit and Loss Statements and Balance sheets for last 3 Fin. Year (.pdf) ;; []  | Work Order, completion certificate as per NIT Pre-Qualification criteria and other Supporting docs (.pdf) ;; []  | Acceptance of Annexures duly filled signed sealed Exhibit formats Part-1 (.pdf) ;; []  | PF and ESI code allotment letter, PAN card, Power of Attorney, GST certificate (.pdf) ;; []  | Certificate of Incorporation/Partnership deed/Proprietorship affidavit, MSME certificate (.pdf) ;; [2] Finance | BOQ Price Bid including GST (.xls)",Online,Please refer Tender documents.,refinery,https://iocletenders.nic.in/nicgep/app?component=%24DirectLink_0&page=FrontEndAdvancedSearchResult&service=direct&session=T&sp=S0v10ITcox2XE6ULRi9qgUw%3D%3D
2026_HR_191251_1,9040C26C63,"Supply, installation and commissioning of Open Air (Outdoor) Gym equipment at Haldia Refinery Township","Supply, installation and commissioning of Open Air (Outdoor) Gym equipment at Haldia Refinery Township",IndianOil||Refineries||Haldia Refinery||Contracts,Civil Works,NA,Works,Open Tender,Works,Tender,NA,,"10,000",IOCL Haldia Refinery,721607,120,183,,,17-Sep-2026 03:30 PM,,,2,5,"[1] Fee/PreQual/Technical | EMD (.pdf) ;; []  | Work Order and completion certificate and annual turn over documents (.pdf) ;; []  | Undertaking Letter, PF and proprietorship affidavit/partnership deed/certificate of incorporation (.pdf) ;; []  | Annexures (.pdf) ;; [2] Finance | BOQ (.xls)",Online,Please refer Tender documents.,refinery,https://iocletenders.nic.in/nicgep/app?component=%24DirectLink_0&page=FrontEndAdvancedSearchResult&service=direct&session=T&sp=SXAiqqOeKNCfqFMrI6MRgYA%3D%3D
2026_SROTN_189141_1,SRCC/AR/PT/223/TNSO/2025-26,Perpetual Empanelment of contractors for Execution of various types and nature of Engineering works under Tamil Nadu State Office under Category I 0-100 Lacs and Category II 100-200 lacs Empanelment for III rd Year,Perpetual Empanelment of contractors for Execution of various types and nature of Engineering works under Tamil Nadu State Office under Category I 0-100 Lacs and Category II 100-200 lacs Empanelment for III rd Year,IndianOil||Marketing||Southern Region and Tamilnadu State Office||Contracts Cell,Civil Works,NA,Works,Open Tender,Empanelment,Empanelment,NA,,"9,00,000",As per tender,999999,180,NA,,,26-Nov-2026 01:00 PM,,,1,3,[1] Fee/PreQual/Technical/Finance | Prequalification documents as per tender (.pdf) ;; []  | Declarations/Other mandatory documents as per tender (.pdf) ;; []  | Excel Declarations Undertakings and Bidder Credential statement (.xls),Online,As per tender,2025,https://iocletenders.nic.in/nicgep/app?component=%24DirectLink_0&page=FrontEndAdvancedSearchResult&service=direct&session=T&sp=SgvS6%2Bsi%2FRonQJJ3h5GSu9g%3D%3D
2026_WRO_191329_1,WRMC/2026-27/PT/249,RAZE AND REBUILD OF THE ENTIRE BOUNDARY WALL OF SEWREE I TERMINAL,RAZE AND REBUILD OF THE ENTIRE BOUNDARY WALL OF SEWREE I TERMINAL,IndianOil||Marketing||Western Region Office||Contracts Cell,Civil Works,NA,Works,Open Tender,Tender cum Auction,Tender,"6,47,44,477",,"1,62,000","IOCL Sewree I Terminal, Mumbai",400015,180,365,,,23-Sep-2026 06:00 PM,,,2,4,[1] Fee/PreQual/Technical | PQC Document (.pdf) ;; []  | Declarations (.pdf) ;; []  | EMD Document (.pdf) ;; [2] Finance | BOQ (.xls),Online,Please refer tender documents,and,https://iocletenders.nic.in/nicgep/app?component=%24DirectLink_0&page=FrontEndAdvancedSearchResult&service=direct&session=T&sp=SzTCiahv2e0CX8aFrQ%2FCTHw%3D%3D
2026_ERO_191335_1,ER-MnC/2026-27/PT/199,"Design, fabrication, supply and erection of Geodesic Aluminum Dome Roof for conversion of existing 01 No. External Floating Roof (EFR) Tank (6100 KL Capacity, 24 M Dia X 15 M Ht.) into Internal Floating Roof (IFR) Tank at Barauni Marketing Terminal.","Design, fabrication, supply and erection of Geodesic Aluminum Dome Roof for conversion of existing 01 No. External Floating Roof (EFR) Tank (6100 KL Capacity, 24 M Dia X 15 M Ht.) into Internal Floating Roof (IFR) Tank at Barauni Marketing Terminal.",IndianOil||Marketing||Eastern Region Office||Contract Cell,Mechanical Works,NA,Works,Open Tender,Tender cum Auction,Tender,NA,,"54,000","Barauni Terminal, Bihar",851114,120,180,,,23-Sep-2026 04:00 PM,,,2,5,[1] Fee/PreQual/Technical | (A) Pre-Qualification Document(s) as per Tender Document. (.pdf) ;; []  | (B) Other Mandatory Document(s) as per Tender Document. (.pdf) ;; []  | (C) Statement of Credential as per attached Excel file only. (.xls) ;; []  | (D) Duly Filled Misc. Declaration / Undertakings as per attached Excel File only. (.xls) ;; [2] Finance | Price Bid - BOQ (.xls),Online,Please refer Tender documents.,and,https://iocletenders.nic.in/nicgep/app?component=%24DirectLink_0&page=FrontEndAdvancedSearchResult&service=direct&session=T&sp=SAjPTRIntJceDCi9v6MPipg%3D%3D
2026_NRO_191327_1,MnC/NR/RSO/ENG/LT-158/26-27,"FABRICATION, ERECTION, TESTING AND COMMISSIONING OF MECHANICAL PIPING(SS_GI_MS) FOR FOAM FEEDING THROUGH FOAM TROLLEY BANK AND ALLIED WORKS AT CHITTORGARH TERMINAL UNDER RSO.","FABRICATION, ERECTION, TESTING AND COMMISSIONING OF MECHANICAL PIPING(SS_GI_MS) FOR FOAM FEEDING THROUGH FOAM TROLLEY BANK AND ALLIED WORKS AT CHITTORGARH TERMINAL UNDER RSO.",IndianOil||Marketing||Northern Region Office||Contract Cell,Mechanical Works,NA,Works,Limited,Works,Tender,"1,97,75,749",,"50,000",Jodhpur DO,342008,180,180,,,16-Sep-2026 03:20 PM,,,2,5,[1] Fee/PreQual/Technical | EMD Instrument (.pdf) ;; []  | Other Mandatory Documents (.pdf) ;; []  | PP MII (.pdf) ;; []  | Excel Declarations (.xls) ;; [2] Finance | BOQ (.xls),Online,As per NIT,and,https://iocletenders.nic.in/nicgep/app?component=%24DirectLink_0&page=FrontEndAdvancedSearchResult&service=direct&session=T&sp=SbJJPMFOkDaxozt%2FZUZyJrw%3D%3D
2026_RND_191323_1,9400M26B71,"Design, Development and Fabrication of Advanced Surya Nutan PCB Controller","9400M26B71_Design, Development and Fabrication of Advanced Surya Nutan PCB Controller",IndianOil||Research and Development||Materials,LAB / QC Equipment,NA,Goods,Open Tender,Supply,Tender,NA,,0.00,IOCL R N D CENTRE,121007,120,84,,,21-Oct-2026 03:00 PM,,,3,9,"[1] Fee | Authority of the person uploading the bids with his/her DSC (.pdf) ;; []  | Authorization certificate or letter from OEM (.pdf) ;; []  | Undertaking by the bidder in tender acceptance format (.pdf) ;; []  | Annexure O for bid security declaration in lieu of EMD on bidders letter head (.pdf) ;; [2] PreQual/Technical | Agreed terms and conditions annexure 2 a and 2 b (.xls) ;; []  | Technical specifications duly filled signed and stamped along with supporting technical brochure (.pdf) ;; []  | Unpriced schedule (.xls) ;; []  | Format H, I , K,L,M,N,O,P ( as applicable) (.pdf) ;; [3] Finance | Price bid schedule (BOQ) (.xls)",Not Applicable,As per NIT,and,https://iocletenders.nic.in/nicgep/app?component=%24DirectLink_0&page=FrontEndAdvancedSearchResult&service=direct&session=T&sp=SIRhK7%2FWZEU464ityQJIhaQ%3D%3D
2026_REFHQ_191326_1,9003C26A10,Engagement of Technical Manpower under Facility Management Services FMS for 24 by 7 Operations and Monitoring for the Partner Experience Platform PEP for a Period of Three 3 Years,Engagement of Technical Manpower under Facility Management Services FMS for 24 by 7 Operations and Monitoring for the Partner Experience Platform PEP for a Period of Three 3 Years,IndianOil||Refineries||Refineries HQ||Materials,IT Services,NA,Services,Open Tender,Tender cum Auction,Rate Contract,NA,,"2,16,000","IIPM,Gurugram",122001,120,1095,,,30-Sep-2026 03:00 PM,,,2,5,"[1] Fee/PreQual/Technical | PoA,declaration of acceptance of tender as per Annexure-XVI to AITB,PF,PAN,ESI,GSTIN,COI doc (.pdf) ;; []  | Scanned copies of work orders and completion certificates,documents of additional technical criteria (.pdf) ;; []  | Scanned copies of audited balance sheets and profit loss account statements and other company docs (.pdf) ;; []  | Duly filled annexures to AITB as per Checklist cum Annexures to AITB excel file (.xls) ;; [2] Finance | Price BoQ duly filled (.xls)",Online,Please refer Tender documents.,and,https://iocletenders.nic.in/nicgep/app?component=%24DirectLink_0&page=FrontEndAdvancedSearchResult&service=direct&session=T&sp=SUFGwWK5D56Q4I%2FG1jaU4yw%3D%3D
2026_NRO_191256_1,MnC/NR/UPSOII/ENG/LT-149/26-27,"DEVELOPMENT OF NEW A-SITE RO AT LOCATION BETWEEN KM STONE NO. 146 AND 152 ON NH-509, CHHERAT DIST- ALIGARH UNDER MORADABAD DO, UPSO-II STATE OFFICE","DEVELOPMENT OF NEW A-SITE RO AT LOCATION BETWEEN KM STONE NO. 146 AND 152 ON NH-509, CHHERAT DIST- ALIGARH UNDER MORADABAD DO, UPSO-II STATE OFFICE",IndianOil||Marketing||Northern Region Office||Contract Cell,Civil Works,NA,Works,Limited,Works,Tender,"1,44,93,546",,"37,000",Moradabad DO,244102,180,98,,,16-Sep-2026 09:00 AM,,,2,5,[1] Fee/PreQual/Technical | EMD Instrument (.pdf) ;; []  | Other Mandatory Documents (.pdf) ;; []  | PP MII (.pdf) ;; []  | Excel Declarations (.xls) ;; [2] Finance | BOQ (.xls),Online,As per NIT,and,https://iocletenders.nic.in/nicgep/app?component=%24DirectLink_0&page=FrontEndAdvancedSearchResult&service=direct&session=T&sp=SnXPEh%2Bn2l2axFh%2BkLg%2Fw5w%3D%3D
2026_ERO_191315_1,ER-MnC/2026-27/PT/303,TRANSPORTATION OF PACKED LPG CYLINDERS TO / FROM PORT BLAIR BP TO / FROM DISTRIBUTORS GODOWN / EXTENSION COUNTERS AT FAR FLUNG ISLANDS IN A AND N FOR 05 YEARS.,TRANSPORTATION OF PACKED LPG CYLINDERS TO / FROM PORT BLAIR BP TO / FROM DISTRIBUTORS GODOWN / EXTENSION COUNTERS AT FAR FLUNG ISLANDS IN A AND N FOR 05 YEARS.,IndianOil||Marketing||Eastern Region Office||Contract Cell,Transportation Services,NA,Services,Open Tender,Tender cum Auction,Tender,NA,,0.00,Please refer Tender documents.,744107,270,1825,,,29-Sep-2026 06:55 PM,,,2,5,[1] Fee/PreQual/Technical | (A) Pre-Qualification Document(s) as per Tender Document. (.pdf) ;; []  | (B) Other Mandatory Document(s) as per Tender Document. (.pdf) ;; []  | (C) Statement of Credential as per attached Excel file only. (.xls) ;; []  | (D) Duly Filled Misc. Declaration / Undertakings as per attached Excel File only. (.xls) ;; [2] Finance | Price Bid - BOQ (.xls),Not Applicable,Please refer Tender documents.,and,https://iocletenders.nic.in/nicgep/app?component=%24DirectLink_0&page=FrontEndAdvancedSearchResult&service=direct&session=T&sp=SS6JNWc91co11vKES0y5lyg%3D%3D
2026_NRPNP_191322_1,PNP26075,Combined Station Works for installation and commissioning of HT panel at NRPL Ambala,Combined Station Works for installation and commissioning of HT panel at NRPL Ambala,IndianOil||Pipelines||NRPL Panipat||Materials,Electrical Works,NA,Works,Open Tender,Works,Tender,"32,28,855",,"9,000",NRPL Ambala,133001,120,NA,,,22-Sep-2026 05:00 PM,,,4,10,"[1] Fee | EMD submission proof (.pdf) ;; []  | Scanned copy of Unpriced SOR (.pdf) ;; [2] PreQual | Audited financial statements for last 3 FY (.pdf) ;; []  | Work order and completion certificate for commercial qualification (.pdf) ;; []  | Annexure-35 on their letter head (If Applicable) (.pdf) ;; []  | Other commercial documents PAN, PF, GST, POA, BOARD RESOLUTION, CIN, MOA, AOA, PARTNERSHIP DEED (.pdf) ;; []  | Commercial Annexures (.xls) ;; [3] Technical | Documents for technical qualification (.pdf) ;; []  | Other technical documents (.pdf) ;; [4] Finance | BoQ, Price bids to be Quoted here (.xls)",Online,Please refer Tender documents.,and,https://iocletenders.nic.in/nicgep/app?component=%24DirectLink_0&page=FrontEndAdvancedSearchResult&service=direct&session=T&sp=S3c24uECAV891lu0ojMMwUg%3D%3D
2026_MKTHO_191306_1,MnC/LUB-23/PT-62/26-27,Appointment of 3rd party for outsourcing of manufacturing and marketing of IOC CLEARBLUE for the State of Madhya Pradesh under NFR model under brand of IOC Clearblue,Appointment of 3rd party for outsourcing of manufacturing and marketing of IOC CLEARBLUE for the State of Madhya Pradesh under NFR model under brand of IOC Clearblue,IndianOil||Marketing||Marketing HO||Contract Cell,Other Services,NA,Services,Open Tender,Tender cum Auction,Tender,NA,,0.00,As per Tender documents,400051,180,1825,,,29-Sep-2026 04:00 PM,,,2,4,"[1] Fee/PreQual/Technical | OtherCommercialcriteriaDocuments (.pdf) ;; []  | Declaration inExcel file, to befilled,validatedand unloaded bythe BidderwithTechnical Bid (.xls) ;; []  | Pre Qualification Documents (.pdf) ;; [2] Finance | Financial Bid (.xls)",Not Applicable,As per Tender Documents,and,https://iocletenders.nic.in/nicgep/app?component=%24DirectLink_0&page=FrontEndAdvancedSearchResult&service=direct&session=T&sp=Sp6%2BLC2nQ6zTZlsGJ2tHJSw%3D%3D
2026_NRO_191255_1,MnC/NR/UPSO-I/ENG/LT-148/26-27,"Development of New WSA Sitapur site with facilities like Sales Building, Canopy, Paver block driveway and other allied civil and electrical works at location NH-24_474_131_RHS_Sitapur_UP District- Lucknow, under Lucknow DO UPSO-I","Development of New WSA Sitapur site with facilities like Sales Building, Canopy, Paver block driveway and other allied civil and electrical works at location NH-24_474_131_RHS_Sitapur_UP District- Lucknow, under Lucknow DO UPSO-I",IndianOil||Marketing||Northern Region Office||Contract Cell,Civil Works,NA,Works,Limited,Works,Tender,"1,83,62,359",,"46,000",Lucknow DO,226010,180,98,,,15-Sep-2026 01:10 PM,,,2,5,[1] Fee/PreQual/Technical | EMD Instrument (.pdf) ;; []  | Other Mandatory Documents (.pdf) ;; []  | PP MII (.pdf) ;; []  | Excel Declarations (.xls) ;; [2] Finance | BOQ (.xls),Online,As per NIT,and,https://iocletenders.nic.in/nicgep/app?component=%24DirectLink_0&page=FrontEndAdvancedSearchResult&service=direct&session=T&sp=SWkdZjrrljmrDeMzDBLpSLw%3D%3D
2026_WRO_191212_1,WRMC/2026-27/LT/300,"Development of New A Site RO at Within 2 KM from Ajanta Tourist Hotel, Balapur towards Sillod on Left Hand Side of NH753F (Ajanta-Sillod Stretch) Village-Balapur, Taluka-Sillod, Dist. Chhatrapati Sambhajinagar under Aurangabad Divisional Office","Development of New A Site RO at Within 2 KM from Ajanta Tourist Hotel, Balapur towards Sillod on Left Hand Side of NH753F (Ajanta-Sillod Stretch) Village-Balapur, Taluka-Sillod, Dist. Chhatrapati Sambhajinagar under Aurangabad Divisional Office",IndianOil||Marketing||Western Region Office||Contracts Cell,Civil Works,NA,Works,Limited,Works,Tender,"97,93,786",,0.00,Aurangabad,999999,180,112,,,15-Sep-2026 12:00 PM,,,2,3,[1] Fee/PreQual/Technical | Declarations (.xls) ;; []  | BSD (.pdf) ;; [2] Finance | BOQ (.xls),Not Applicable,Please refer Tender documents.,and,https://iocletenders.nic.in/nicgep/app?component=%24DirectLink_0&page=FrontEndAdvancedSearchResult&service=direct&session=T&sp=SZL8lxMHWWdQYx%2F5X86P5qg%3D%3D
2026_WRO_191096_1,WRMC/2026-27/PT/280,"FABRICATION, ERECTION, TESTING AND COMMISSIONING OF 24 INCHES ABOVE-GROUND VLSFO DOCK LINE INCLUDING UTILIZATION OF EXISTING LPG PIPELINE SUPPORT STRUCTURES, CONSTRUCTION OF NEW PIPE SUPPORTS, FOUNDATIONS AND ALLIED CIVIL WORKS AT KANDLA PORT","FABRICATION, ERECTION, TESTING AND COMMISSIONING OF 24 INCHES ABOVE-GROUND VLSFO DOCK LINE INCLUDING UTILIZATION OF EXISTING LPG PIPELINE SUPPORT STRUCTURES, CONSTRUCTION OF NEW PIPE SUPPORTS, FOUNDATIONS AND ALLIED CIVIL WORKS AT KANDLA PORT",IndianOil||Marketing||Western Region Office||Contracts Cell,Civil Works,NA,Works,Open Tender,Tender cum Auction,Tender,"8,24,54,655",,"2,07,000",TAP-OFF POINT OF EXISTING VLSFO DOCKLINE TO JETTY-,400051,180,150,,,12-Sep-2026 04:00 PM,,,2,6,[1] Fee/PreQual/Technical | EMD details AND PAN PF GST POA ETC (.pdf) ;; []  | MANDATORYDECLARATIONSEXCEL DULLY FILLED (.xls) ;; []  | PQC DOCUMENTS FORSIMILAR WORKS (.pdf) ;; []  | PQC DOCUMENTS FORANNUAL TURNOVER (.pdf) ;; []  | BIDDER CREDENTIAL IN EXCEL (.xls) ;; [2] Finance | BOQ (.xls),Online,PLEASE REFER TENDER DOCUMENTS,erection,https://iocletenders.nic.in/nicgep/app?component=%24DirectLink_0&page=FrontEndAdvancedSearchResult&service=direct&session=T&sp=SBorW3BI4A0RsUouO9A%2FxOw%3D%3D
2026_JR_191177_1,9030C26C99,Hiring Professional Services of Registered Power Trader of Power Exchange s of India for purchase of Power through open access from Power Exchange s in India for Gujarat Refinery and Oxo alcohol plant Dumad.,Hiring Professional Services of Registered Power Trader of Power Exchanges of India for purchase of Power through open access from Power Exchanges in India for Gujarat Refinery and Oxo alcohol plant Dumad.,IndianOil||Refineries||Gujarat Refinery||Contracts,Electrical Services,NA,Services,Open Tender,Service,Tender,"39,10,13,740",,0.00,"Gujarat Refinery, Vadodara",391320,120,365,,,18-Sep-2026 04:30 PM,,,2,4,"[1] Fee/PreQual/Technical | Audited profit and Loss Statements and Balance sheets for last 3 Fin. Year (.pdf) ;; []  | Acceptance of Annexures duly filled signed sealed Exhibit formats Part-1 (.pdf) ;; []  | Certificate of Incorporation/Partnership deed/Proprietorship affidavit, MSME certificate (.pdf) ;; [2] Finance | BOQ Price Bid including GST (.xls)",Not Applicable,Please refer Tender documents.,service,https://iocletenders.nic.in/nicgep/app?component=%24DirectLink_0&page=FrontEndAdvancedSearchResult&service=direct&session=T&sp=St40ypGQVwAc%2B67mz5MMdZQ%3D%3D
2026_NRPNP_191165_1,PNP26047,Annual Rate Contract for Facility Management Services at Pipelines Kaushal Vikas Kendra Budhpur Rewari,Annual Rate Contract for Facility Management Services at Pipelines Kaushal Vikas Kendra Budhpur Rewari,IndianOil||Pipelines||NRPL Panipat||Materials,Civil Works,NA,Works,Open Tender,Works,Rate Contract,"39,76,816",,"10,000",IOCL NRPL Rewari,123401,120,730,,,11-Sep-2026 03:30 PM,,,4,10,"[1] Fee | EMD submission proof (.pdf) ;; []  | Scanned copy of Unpriced SOR (.pdf) ;; [2] PreQual | Audited financial statements for last 3 FY (.pdf) ;; []  | Work order and completion certificate for commercial qualification (.pdf) ;; []  | Annexure-35 on their letter head (If Applicable) (.pdf) ;; []  | Other commercial documents PAN, PF, GST, POA, BOARD RESOLUTION, CIN, MOA, AOA, PARTNERSHIP DEED (.pdf) ;; []  | Commercial Annexures (.xls) ;; [3] Technical | Documents for technical qualification (.pdf) ;; []  | Other technical documents (.pdf) ;; [4] Finance | BoQ, Price bids to be Quoted here (.xls)",Online,Please refer Tender documents.,service,https://iocletenders.nic.in/nicgep/app?component=%24DirectLink_0&page=FrontEndAdvancedSearchResult&service=direct&session=T&sp=SmyjrfTqfmTyN0LG%2FcAqOsg%3D%3D
2026_GR_191061_1,9010C26B10,Expert supervisory Services by Linde Engineering India Private Limited for Cryostar Make expansion turbine (52-KT-01) in N2 unit at Guwahati Refinery,Expert supervisory Services by Linde Engineering India Private Limited for Cryostar Make expansion turbine (52-KT-01) in N2 unit at Guwahati Refinery,IndianOil||Refineries||Guwahati Refinery||Contracts,Mechanical Services,NA,Services,Single,Service,Tender,NA,,0.00,"Guwahati Refinery, IOCL 781020",781020,120,730,,,15-Sep-2026 03:00 PM,,,1,5,"[1] Fee/PreQual/Technical/Finance | PAN, GST, PF Registration Certificate, ESIC certificate (.pdf) ;; []  | Sealed and signed Tender Document, GCC (.pdf) ;; []  | Filled, stamped and signed Proposal Forms and Checklist (.pdf) ;; []  | Company registration certificates, Power of Attorney and Board Resolution copy (.pdf) ;; []  | BoQ (.xls)",Not Applicable,NA,service,https://iocletenders.nic.in/nicgep/app?component=%24DirectLink_0&page=FrontEndAdvancedSearchResult&service=direct&session=T&sp=S%2BgZNW24hzZYXR8aXxTqaDw%3D%3D
2026_REFHQ_190904_1,9000C26A88,9000C26A88 Outline agreement towards consultancy services for Phase 1 and Phase 2 for upcoming IOCL projects,9000C26A88 Outline agreement towards consultancy services for Phase 1 and Phase 2 for upcoming IOCL projects,IndianOil||Refineries||Refineries HQ||Contracts,Consultancy Service,NA,Services,Limited,Service,Tender,NA,,0.00,"IOCL, RHQ New Delhi",110003,120,NA,,,15-Sep-2026 03:00 PM,,,2,5,"[1] Fee/PreQual/Technical | UNDERTAKINGS AND DECLARATIONS AS PER FORMAT GIVEN IN THE TENDER (.pdf) ;; []  | TECHNO COMMERCIAL BID AND OTHER STATUTORY DOCUMENTS (.pdf) ;; []  | PAN, GSTIN, POA, Integrity Pact Agreement etc copy (.pdf) ;; []  | Letter of Waiver, Deviation format etc. (.pdf) ;; [2] Finance | DULY FILLED BOQ WITH PRICES (.xls)",Not Applicable,LTE,service,https://iocletenders.nic.in/nicgep/app?component=%24DirectLink_0&page=FrontEndAdvancedSearchResult&service=direct&session=T&sp=SEtnc8aKOCZfxJ7EzyJWo2w%3D%3D
2026_OSO_191301_1,OSO/RET/ENG/2026-27/LT-03,S/I/T/C of Transformer at Jaida Khata 103 Plot 176 Tehsil Gopabandhunagar District Mayurbhanj,"Supply, Installation, Testing, Charging, commissioning of Outdoor Type transformers including DP Structure, all Applicable poles, metering arrangement, Necessary Earthing, Electrical Fittings, all types of cabling Accessories etc complete.",IndianOil||Marketing||Odisha State Office||Engineering,Electrical Works,NA,Works,Limited,Works,Tender,"7,01,131",,0.00,Jaida Khata 103 Plot 176 Tehsil Gopabandhunagar Di,757041,180,42,,,15-Sep-2026 11:00 AM,,,2,6,[1] Fee/PreQual/Technical | Technical Bid (.pdf) ;; []  | Other Documents including Declaration (.rar) ;; []  | Declaration (.xls) ;; []  | Technical Specifications (.rar) ;; []  | Safety Declarations (.rar) ;; [2] Finance | Price bid (.xls),Not Applicable,Please refer Tender documents.,lot,https://iocletenders.nic.in/nicgep/app?component=%24DirectLink_0&page=FrontEndAdvancedSearchResult&service=direct&session=T&sp=SEC3diHZZXcdsSFlaFk74qw%3D%3D
2026_RND_191038_1,9400C26A65,Scale up study for the synthesis of Salicylic Acid in different scales Bench Scale Pilot Scale DemonstrationScale or any combination thereof using external vendor facility,Scaleup study for the synthesis of Salicylic Acid in different scales Bench Scale Pilot Scale DemonstrationScale or any combination thereof using external vendor facility,IndianOil||Research and Development||Contract Cell,Other Services,NA,Services,Open Tender,Service,Tender,"5,50,000",,"14,000",faridabad,121007,120,NA,,,17-Sep-2026 03:00 PM,,,3,7,"[1] Fee | NDA format signed and stamped (.pdf) ;; []  | Commercial PQC ,work orders and completion certificates to be submitted (.pdf) ;; []  | Technical PQC documents to be submitted (.pdf) ;; []  | Annual turnover documents (.pdf) ;; []  | All annexures as per ITB documents to be sign and stamped (.pdf) ;; [2] PreQual/Technical | Technical Documents (.pdf) ;; [3] Finance | Price bid (.xls)",Online,Please refer Tender documents.,lot,https://iocletenders.nic.in/nicgep/app?component=%24DirectLink_0&page=FrontEndAdvancedSearchResult&service=direct&session=T&sp=S2jQweahOWVNj0Zj%2BE6WE1A%3D%3D
2026_ERKLK_191194_3,ERKLC2653,"Proposal for lining up Rate Contract for emergency repair works such as pipeline leak, burst, pilferage and other miscellaneous maintenance activities in mainline jurisdiction for BKPL stations into 3 Groups Group C ERPL Jasidih","Proposal for lining up Rate Contract for emergency repair works such as pipeline leak, burst, pilferage and other miscellaneous maintenance activities in mainline jurisdiction for BKPL stations into 3 Groups Group C ERPL Jasidih",IndianOil||Pipelines||ERPL Kolkata||Materials,Mechanical Works,NA,Works,Open Tender,Tender cum Auction,Tender,"3,34,79,118",,"84,000","JASIDIH DELIVERY STATION, JASIDIH INDUSTRIAL AREA",814142,120,1096,,,15-Sep-2026 05:00 PM,,,2,6,"[1] Fee/PreQual/Technical | Proof of submitted EMD, dully signed copy of Unpriced SOR and tender acceptance format (.pdf) ;; []  | Duly filled and signed Commercial and technical annexures and Duly signed addendum/corrigendum (.pdf) ;; []  | Power of Attorney on stamp paper with Partnership Deed/ MOA/AOA/Certificate of Incorporation (.pdf) ;; []  | PAN,GSTN, Provident fund registration certificate and ESI (if applicable) of bidding entity (.pdf) ;; []  | Audited Balance Sheet_PL Statements_Details of experience such as WO and completion certificate (.pdf) ;; [2] Finance | BOQ (.xls)",Online,Please refer Tender documents.,repair,https://iocletenders.nic.in/nicgep/app?component=%24DirectLink_0&page=FrontEndAdvancedSearchResult&service=direct&session=T&sp=SMqMQEIfEZRFbF9m%2B4SfP8w%3D%3D
2026_ERKLK_191194_2,ERKLC2653,"Proposal for lining up Rate Contract for emergency repair works such as pipeline leak, burst, pilferage and other miscellaneous maintenance activities in mainline jurisdiction for BKPL stations into 3 Groups Group B BKPL Barauni","Proposal for lining up Rate Contract for emergency repair works such as pipeline leak, burst, pilferage and other miscellaneous maintenance activities in mainline jurisdiction for BKPL stations into 3 Groups Group B BKPL Barauni",IndianOil||Pipelines||ERPL Kolkata||Materials,Mechanical Works,NA,Works,Open Tender,Tender cum Auction,Tender,"2,33,24,888",,"59,000",BARAUNI-KANPUR PIPELINE BEGUSARAI,851114,120,1096,,,15-Sep-2026 05:00 PM,,,2,6,"[1] Fee/PreQual/Technical | Proof of submitted EMD, dully signed copy of Unpriced SOR and tender acceptance format (.pdf) ;; []  | Duly filled and signed Commercial and technical annexures and Duly signed addendum/corrigendum (.pdf) ;; []  | Power of Attorney on stamp paper with Partnership Deed/ MOA/AOA/Certificate of Incorporation (.pdf) ;; []  | PAN,GSTN, Provident fund registration certificate and ESI (if applicable) of bidding entity (.pdf) ;; []  | Audited Balance Sheet_PL Statements_Details of experience such as WO and completion certificate (.pdf) ;; [2] Finance | BOQ (.xls)",Online,Please refer Tender documents.,repair,https://iocletenders.nic.in/nicgep/app?component=%24DirectLink_0&page=FrontEndAdvancedSearchResult&service=direct&session=T&sp=SpqUnJ9p%2B9qRMZoCYdoNxxA%3D%3D
2026_ERKLK_191194_1,ERKLC2653,"Proposal for lining up Rate Contract for emergency repair works such as pipeline leak, burst, pilferage and other miscellaneous maintenance activities in mainline jurisdiction for BKPL stations into 3 Groups Group A PHBPL Barauni","Proposal for lining up Rate Contract for emergency repair works such as pipeline leak, burst, pilferage and other miscellaneous maintenance activities in mainline jurisdiction for BKPL stations into 3 Groups Group A PHBPL Barauni",IndianOil||Pipelines||ERPL Kolkata||Materials,Mechanical Works,NA,Works,Open Tender,Tender cum Auction,Tender,"1,47,56,744",,"37,000",PARADIP-HALDIA-BARAUNI CRUDE OIL PIPELINE BEGUSARA,851114,120,1096,,,15-Sep-2026 05:00 PM,,,2,6,"[1] Fee/PreQual/Technical | Proof of submitted EMD, dully signed copy of Unpriced SOR and tender acceptance format (.pdf) ;; []  | Duly filled and signed Commercial and technical annexures and Duly signed addendum/corrigendum (.pdf) ;; []  | Power of Attorney on stamp paper with Partnership Deed/ MOA/AOA/Certificate of Incorporation (.pdf) ;; []  | PAN,GSTN, Provident fund registration certificate and ESI (if applicable) of bidding entity (.pdf) ;; []  | Audited Balance Sheet_PL Statements_Details of experience such as WO and completion certificate (.pdf) ;; [2] Finance | BOQ (.xls)",Online,Please refer Tender documents.,repair,https://iocletenders.nic.in/nicgep/app?component=%24DirectLink_0&page=FrontEndAdvancedSearchResult&service=direct&session=T&sp=Spw9LOZ0GW5ZF4UPknDbY6Q%3D%3D
2026_JR_191152_1,9030C26D39,Repair of drip irrigation and sprinkler system at Gujarat Refinery Township IOCL Vadodara,Repair of drip irrigation and sprinkler system at Gujarat Refinery Township IOCL Vadodara,IndianOil||Refineries||Gujarat Refinery||Contracts,Civil Works,NA,Works,Open Tender,Works,Tender,"10,08,408",,0.00,"Gujarat Refinery, Vadodara",391320,120,90,,,14-Sep-2026 03:00 PM,,,2,6,"[1] Fee/PreQual/Technical | Audited profit and Loss Statements and Balance sheets for last 3 Fin. Year (.pdf) ;; []  | Work Order, completion certificate as per NIT Pre-Qualification criteria and other Supporting docs (.pdf) ;; []  | Acceptance of Annexures duly filled signed sealed Exhibit formats Part-1 (.pdf) ;; []  | PF and ESI code allotment letter, PAN card, Power of Attorney, GST certificate (.pdf) ;; []  | Certificate of Incorporation/Partnership deed/Proprietorship affidavit, MSME certificate (.pdf) ;; [2] Finance | BOQ Price Bid including GST (.xls)",Not Applicable,Please refer Tender documents.,repair,https://iocletenders.nic.in/nicgep/app?component=%24DirectLink_0&page=FrontEndAdvancedSearchResult&service=direct&session=T&sp=SuY6KphUmfA10Gwd7H6T7Yw%3D%3D
2026_HR_191198_1,9040C26C60,"Repair and maintenance of Drains at IOCL, Haldia Refinery,West Bengal, Haldia.","Repair and maintenance of Drains at IOCL, Haldia Refinery,West Bengal, Haldia.",IndianOil||Refineries||Haldia Refinery||Contracts,Civil Works,NA,Works,Open Tender,Works,Tender,NA,,"21,000",IOCL Haldia Refinery,721606,120,240,,,14-Sep-2026 03:30 PM,,,2,5,"[1] Fee/PreQual/Technical | EMD (.pdf) ;; []  | Work Order and Completion certificate and Annual Turn over documents (.pdf) ;; []  | Undertaking Letter, PF Document and certificate of incorporation/partnership deed/proprietorship aff (.pdf) ;; []  | Annexures (.pdf) ;; [2] Finance | BOQ (.xls)",Online,Please refer Tender documents.,repair,https://iocletenders.nic.in/nicgep/app?component=%24DirectLink_0&page=FrontEndAdvancedSearchResult&service=direct&session=T&sp=S%2BAkmInH6qa7QYvc7glwr0Q%3D%3D
2026_PDR_191060_1,9070C26C63,Annual Rate contract for Repair and Maintenance of Civil work at Paradip Refinery Township Paradip Odisha,Annual Rate contract for Repair and Maintenance of Civil work at Paradip Refinery Township Paradip Odisha,IndianOil||Refineries||Paradip Refinery||Contracts,Civil Works,NA,Works,Open Tender,Tender cum Auction,Tender,"5,40,14,722",,"96,000","IOCL, PARADIP REFINERY",754141,120,365,,,12-Sep-2026 05:00 PM,,,3,10,"[1] Fee | ONLINE EMD/EMD Exemption, BG- to upload here (.pdf) ;; []  | PF, ESIC CODES allotment letter copy, PAN and GSTIN copy- To upload here (.pdf) ;; []  | INCOME TAX RETURNS FOR LAST 3 YEARS to upload here (.pdf) ;; []  | PROPRIETORSHIP AFFIDAVIT/ PARTNERSHIP DEED/ COI, MOA ALONG WITH POWER OF ATTORNEY to upload here (.pdf) ;; []  | TECHNO-COMMERCIAL BID, GCC (unsigned) - to upload here as a token of acceptance (.pdf) ;; [2] PreQual/Technical | WORK ORDERS WITH COMPLETION CERTIFICATES to upload here (.pdf) ;; []  | AUDITED BALANCE SHEET AND PROFIT AND LOSS ACCOUNT STATEMENTS FOR LAST 3 YEARS (.pdf) ;; []  | ALL Other Tender Documents - to upload here (.pdf) ;; []  | Common Tender Documents (.pdf) ;; [3] Finance | BOQ-SCHEDULE OF RATES (.xls)",Online,Please refer Tender documents.,repair,https://iocletenders.nic.in/nicgep/app?component=%24DirectLink_0&page=FrontEndAdvancedSearchResult&service=direct&session=T&sp=SyixdIOwkkmTrVKPExDZWhw%3D%3D
2026_GSO_191320_1,GSO/ENG/2026-27/LT/06,"Design, supply, installation, testing of Hydrocarbon vapours detection system at Ahmedabad T Bareja for conversion of one no. of tank into Ethanol under GSO","Design, supply, installation, testing of Hydrocarbon vapours detection system at Ahmedabad T Bareja for conversion of one no. of tank into Ethanol under GSO",IndianOil||Marketing||Gujarat State Office||Engineering,Instrumentation - All,NA,Works,Limited,Works,Tender,"24,43,454",,0.00,AHMEDABAD TERMINAL,380060,120,35,,,15-Sep-2026 05:00 PM,,,1,2,[1] Fee/PreQual/Technical/Finance | MANDATORY DECLARATION FROM BIDDER ANNEXURE A TO E FROM PART B ON BIDDER LETTERHEAD (.pdf) ;; []  | BOQ (.xls),Not Applicable,as per Tender,installation,https://iocletenders.nic.in/nicgep/app?component=%24DirectLink_0&page=FrontEndAdvancedSearchResult&service=direct&session=T&sp=Sd4peR6w6%2FOtHzlRqWaAmJg%3D%3D
2026_NRO_191179_1,MnC/NR/PSO/ENG/LT-137/26-27,"CONSTRUCTION OF NEW BULK PETROLEUM INSTALLATION INVOLVING PIPELINE WORKS, TANK _ DU INSTALLATION, ELECTRICAL WORKS AND ASSOCIATED ALLIED CIVIL_STRUCTURAL WORKS AT ARMY UNIT - KM-120 CHONGTASH, LADAKH UNDER PUNJAB STATE OFFICE","CONSTRUCTION OF NEW BULK PETROLEUM INSTALLATION INVOLVING PIPELINE WORKS, TANK _ DU INSTALLATION, ELECTRICAL WORKS AND ASSOCIATED ALLIED CIVIL_STRUCTURAL WORKS AT ARMY UNIT - KM-120 CHONGTASH, LADAKH UNDER PUNJAB STATE OFFICE",IndianOil||Marketing||Northern Region Office||Contract Cell,Mechanical Works,NA,Works,Limited,Works,Tender,"1,35,80,758",,"34,000",Jammu DO,180012,120,120,,,11-Sep-2026 04:00 PM,,,2,6,"[1] Fee/PreQual/Technical | EMD Instrument (.pdf) ;; []  | Other MandatoryDocuments-Annexures,Declaration(AnnexA to J of Part B) (.pdf) ;; []  | Other Mandatory Docs 2-PAN,PF,GST,SoleProp.orDeed_POA_COI_MOAcopyand Annex A to J (PartB-Pg 70-88) (.pdf) ;; []  | PP MII (.pdf) ;; []  | Excel Declaration (.xls) ;; [2] Finance | BOQ (.xls)",Online,As per NIT,installation,https://iocletenders.nic.in/nicgep/app?component=%24DirectLink_0&page=FrontEndAdvancedSearchResult&service=direct&session=T&sp=Sa3J2KJNYvrHwRgKwaIQ4fA%3D%3D
2026_UPSO2_191250_1,PBP/LPG/LT/LUX/26-27,"INSTALLATION OF ELECTRIC POLES AND LIGHTS FOR LUX LEVEL IMPROVEMENT AS PER OISD-144 AND MDT HSE RECOMMENDATION AT KASHIPUR BOTTLING PLANT, PATTIKALAN.","INSTALLATION OF ELECTRIC POLES AND LIGHTS FOR LUX LEVEL IMPROVEMENT AS PER OISD-144 AND MDT HSE RECOMMENDATION AT KASHIPUR BOTTLING PLANT, PATTIKALAN.",IndianOil||Marketing||Uttar Pradesh State Office-2||BP - Kashipur,Electrical Works,LUX level improvement,Works,Limited,Works,Tender,"36,37,487",,"9,094",Pattikalan BP,244924,180,45,,,10-Sep-2026 03:00 PM,,,2,6,"[1] Fee/PreQual/Technical | Tech Bid Part A (.pdf) ;; []  | Tech Bid Part B (.pdf) ;; []  | GCC/ GPC (.pdf) ;; []  | Datasheet, makes etc (.pdf) ;; []  | Technical Specification Mechanical (.pdf) ;; [2] Finance | BoQ (.xls)",Online,Not applicable for this tender,installation,https://iocletenders.nic.in/nicgep/app?component=%24DirectLink_0&page=FrontEndAdvancedSearchResult&service=direct&session=T&sp=SHq%2BNOPLjDZrD6hg0nONbHA%3D%3D
2026_ERO_191120_1,ER-MnC/2026-27/PT/271,Installation of crash guards in TT Parking Area at North Guwahati BP,Installation of crash guards in TT Parking Area at North Guwahati BP,IndianOil||Marketing||Eastern Region Office||Contract Cell,Civil Works,NA,Works,Open Tender,Works,Tender,"54,58,432",,"14,000","LPG Bottling Plant, North Guwahati",781031,180,180,,,16-Sep-2026 05:30 PM,,,2,4,[1] Fee/PreQual/Technical | PQC documents (.pdf) ;; []  | Other mandatory documents (.pdf) ;; []  | Any other document (.pdf) ;; [2] Finance | BOQ (.xls),Online,Refer NIT,installation,https://iocletenders.nic.in/nicgep/app?component=%24DirectLink_0&page=FrontEndAdvancedSearchResult&service=direct&session=T&sp=SwTq1%2B9pPNBp2TUdgYB%2BxmA%3D%3D
2026_WRRAJ_190881_2,PWRJT26508,"Supply, Installation, Testing and Commissioning of AC Interference mitigation measures for 681 Km of WRPL Pipelines. Gp02 Abu Road to Kot","Supply, Installation, Testing and Commissioning of AC Interference mitigation measures for 681 Km of WRPL Pipelines. Gp02 Abu Road to Kot",IndianOil||Pipelines||WRPL Rajkot||Technical Services,Electrical Works,NA,Works,Open Tender,Tender cum Auction,Tender,"66,84,243",,"17,000","WRPL Locations in Gujarat, Rajasthan",360003,120,365,,,16-Sep-2026 04:30 PM,,,4,16,[1] Fee | Commercial Annexures 1 to 34 duly filled signed and stamped by authorized signatory (.xls) ;; []  | EMD payment proof or Exemption document/ MSME/NSIC/Any other certificate for EMD exemption (.pdf) ;; []  | MOA/MOU or other documents applicable to bidding entities (.pdf) ;; []  | Tender Document -PWRJT26508 (.pdf) ;; []  | Tender Acceptance- Format (Signed and stamped by the bidder) (.pdf) ;; [2] PreQual | Turnover Certificate and Tax Audit Report (UDIN mandatory) for last 3 FYs along with detailed ITR. (.pdf) ;; []  | Full WO-1 along with completion certificate and all payment proofs (.pdf) ;; []  | Full WO-2 along with completion certificate and all payment proofs (.pdf) ;; []  | Full WO-3 along with completion certificate and all payment proofs (.pdf) ;; []  | Technical Annexures (.pdf) ;; [3] Technical | Provident Fund Registration Certificate (.pdf) ;; []  | Certificate of Incorporation / Partnership Deed (.pdf) ;; []  | PAN Card (.pdf) ;; []  | GST - Goods and Service Tax Registration Certificate (.pdf) ;; []  | Power of Attorney or Affidavit of Partnership or Proprietorship on Stamp paper duly notarized (.pdf) ;; [4] Finance | Bill of Quantities (BoQ) (.xls),Online,Please refer Tender documents.,installation,https://iocletenders.nic.in/nicgep/app?component=%24DirectLink_0&page=FrontEndAdvancedSearchResult&service=direct&session=T&sp=SZuKCdMasfZc%2Fh%2FXP39D6OQ%3D%3D
2026_WRRAJ_190881_1,PWRJT26508,"Supply, Installation, Testing and Commissioning of AC Interference mitigation measures for 681 Km of WRPL Pipelines Gp01 Chaksu to Mathura","Supply, Installation, Testing and Commissioning of AC Interference mitigation measures for 681 Km of WRPL Pipelines Gp01 Chaksu to Mathura",IndianOil||Pipelines||WRPL Rajkot||Technical Services,Electrical Works,NA,Works,Open Tender,Tender cum Auction,Tender,"2,23,71,911",,"56,000","WRPL Locations in Gujarat, Rajasthan",360003,120,365,,,16-Sep-2026 04:30 PM,,,4,16,[1] Fee | Commercial Annexures 1 to 34 duly filled signed and stamped by authorized signatory (.xls) ;; []  | EMD payment proof or Exemption document/ MSME/NSIC/Any other certificate for EMD exemption (.pdf) ;; []  | MOA/MOU or other documents applicable to bidding entities (.pdf) ;; []  | Tender Document -PWRJT26508 (.pdf) ;; []  | Tender Acceptance- Format (Signed and stamped by the bidder) (.pdf) ;; [2] PreQual | Turnover Certificate and Tax Audit Report (UDIN mandatory) for last 3 FYs along with detailed ITR. (.pdf) ;; []  | Full WO-1 along with completion certificate and all payment proofs (.pdf) ;; []  | Full WO-2 along with completion certificate and all payment proofs (.pdf) ;; []  | Full WO-3 along with completion certificate and all payment proofs (.pdf) ;; []  | Technical Annexures (.pdf) ;; [3] Technical | Provident Fund Registration Certificate (.pdf) ;; []  | Certificate of Incorporation / Partnership Deed (.pdf) ;; []  | PAN Card (.pdf) ;; []  | GST - Goods and Service Tax Registration Certificate (.pdf) ;; []  | Power of Attorney or Affidavit of Partnership or Proprietorship on Stamp paper duly notarized (.pdf) ;; [4] Finance | Bill of Quantities (BoQ) (.xls),Online,Please refer Tender documents.,installation,https://iocletenders.nic.in/nicgep/app?component=%24DirectLink_0&page=FrontEndAdvancedSearchResult&service=direct&session=T&sp=SPnjMkgo7cfFcxDaMZ5gQ8A%3D%3D
2026_PLHO_191172_1,PLCC/Kochi HFHSD PL/others/26059,"INSTALLATION OF 8.625 INCH OD, 4.3 KM (APPROX.) CROSS COUNTRY PIPELINE and ASSOCIATED COMBINED STATION WORKS AT IOCL WILLINGDON ISLAND TERMINAL AND SNC NORTH JETTY UNDER KOCHI HFHSD PIPELINE PROJECT.","INSTALLATION OF 8.625 INCH OD, 4.3 KM (APPROX.) CROSS COUNTRY PIPELINE and ASSOCIATED COMBINED STATION WORKS AT IOCL WILLINGDON ISLAND TERMINAL AND SNC NORTH JETTY UNDER KOCHI HFHSD PIPELINE PROJECT.",IndianOil||Pipelines||Pipelines HO||Contracts,Civil Works,Mainline laying works,Works,Open Tender,Works,Tender,NA,,"2,64,000",WILLINGDON,682003,120,365,,,18-Sep-2026 03:00 PM,,,4,8,"[1] Fee | EMD submission proof/EMD exemption document (.pdf) ;; [2] PreQual | Audited financial statements for last 3 FY (.pdf) ;; []  | Work order and completion certificate for commercial qualification (.pdf) ;; []  | Commercial Annexure (.xls) ;; []  | Other commercial documents-PAN, PF, GST, POA, BOARD RESOLUTION, CIN, MOA, AOA (.pdf) ;; [3] Technical | Documents for technical qualification (.pdf) ;; []  | Technical Annexures and Other technical documents (.pdf) ;; [4] Finance | BoQ, Price bids to be Quoted here (.xls)",Online,Please refer Tender documents.,installation,https://iocletenders.nic.in/nicgep/app?component=%24DirectLink_0&page=FrontEndAdvancedSearchResult&service=direct&session=T&sp=SasvGQEWKHc94ZKzdU8GPqA%3D%3D
2026_GR_191163_1,9010C26B24,"Design, Engineering, Supply, Boring, Installation, Testing and commissioning of Deep Tube Well (5 nos.) by DTH method along with 01 No. Iron removal filter plant (40000 LPH) for providing reliable groundwater-based water supply system","Design, Engineering, Supply, Boring, Installation, Testing and commissioning of Deep Tube Well (5 nos.) by DTH method along with 01 No. Iron removal filter plant (40000 LPH) for providing reliable groundwater-based water supply system",IndianOil||Refineries||Guwahati Refinery||Contracts,Civil Works,NA,Works,Open Tender,Works,Tender,NA,,"26,000","Guwahati Refinery, IOCL 781020",781020,120,90,,,16-Sep-2026 03:00 PM,,,3,10,"[1] Fee | Tender Document and IOCL GCC (.pdf) ;; []  | Filled in Proposal Forms duly signed and stamped (.pdf) ;; []  | Signed copy of checklist for submission of bid (.pdf) ;; []  | PAN Card, GST and ESIC Certificate, COI/ Partnership Deed, POA, IT return of Last 3 yrs etc. (.pdf) ;; [2] PreQual/Technical | PF Registration Certificate (.pdf) ;; []  | Audited Balance Sheet and P/L Statements for Last 3 years (.pdf) ;; []  | Work Completion Certificate for similar work in Last 7 Years (.pdf) ;; []  | Work Order Copies for similar work in Last 7 Years (.pdf) ;; []  | Any Other PQC Documents (.pdf) ;; [3] Finance | BOQ (.xls)",Online,As mentioned in NIT under PQC,installation,https://iocletenders.nic.in/nicgep/app?component=%24DirectLink_0&page=FrontEndAdvancedSearchResult&service=direct&session=T&sp=SuC0q0Rm52YcrviQdav2I%2Fg%3D%3D
2026_PDR_191139_2,9070C26C71,Installation of Leak Detection System on MS and HSD lines between SOJ and Paradip Refinery,Installation of Leak Detection System on MS and HSD lines between SOJ and Paradip Refinery,IndianOil||Refineries||Paradip Refinery||Contracts,Electrical Works,NA,Works,Open Tender,Tender cum Auction,Tender,NA,,"62,000",PARADIP REFINERY,754141,120,300,,,16-Sep-2026 05:00 PM,,,2,6,"[1] Fee/PreQual/Technical | Copy of Work Order copy with Schedule of Rates and completion certificate as per clause 11.2 of NIT (.pdf) ;; []  | Audited balance sheet and profit loss account statement for last 03 years as per clasue11.1 of NIT (.pdf) ;; []  | PF, ESI, PAN, GSTIN, ITR, COI, MOA/AOA, PD/ PA with Power of Attorney (.pdf) ;; []  | Duly filled Undertakings and Declarations, with sign and seal of authorized person (.pdf) ;; []  | Duly filled Annexures , with sign and seal of authorized person (.pdf) ;; [2] Finance | BOQ PRICE PART (.xls)",Online,Please refer Tender documents.,installation,https://iocletenders.nic.in/nicgep/app?component=%24DirectLink_0&page=FrontEndAdvancedSearchResult&service=direct&session=T&sp=Ss6kpGe4Che5OKlpDUGXqYA%3D%3D
2026_NRO_191072_1,MnC/NR/RSO/ENG/PT-93/26-27,"Design, supply, installation, testing and commissioning of IP Based CCTV Surveillance System along with associated works at Jodhpur Terminal Under Rajasthan State Office.","Design, supply, installation, testing and commissioning of IP Based CCTV Surveillance System along with associated works at Jodhpur Terminal Under Rajasthan State Office.",IndianOil||Marketing||Northern Region Office||Contract Cell,Instrumentation - All,NA,Works,Open Tender,Tender cum Auction,Tender,"8,09,85,090",,"2,03,000","Jodhpur Terminal, Rajasthan",342804,180,240,,,18-Sep-2026 12:45 PM,,,2,5,[1] Fee/PreQual/Technical | EMD (Scanned copy of online payment receipt/Copy of BG/ISB to be uploaded) (.pdf) ;; []  | PQC Documents (.pdf) ;; []  | Declarations and undertakings (.xls) ;; []  | Other Documents (.pdf) ;; [2] Finance | Price Bid (.xls),Online,As per NIT,installation,https://iocletenders.nic.in/nicgep/app?component=%24DirectLink_0&page=FrontEndAdvancedSearchResult&service=direct&session=T&sp=SEtBcTEA8GAOOKIzcLAQ%2BSg%3D%3D
2026_PLHO_191027_1,PLCC/PIDWS/TI/26052,"Design, Supply, Installation, Customization, Calibration, Testing and Commissioning of Optical Fiber based Pipeline Intrusion Detection and Warning System (PIDWS) in Koyali Ahmednagar Solapur Pipeline (KASPL) and Kot-Jodhpur Pipeline with 5 years AMC","Design, Supply, Installation, Customization, Calibration, Testing and Commissioning of Optical Fiber based Pipeline Intrusion Detection and Warning System (PIDWS) in Koyali Ahmednagar Solapur Pipeline (KASPL) and Kot-Jodhpur Pipeline with 5 years AMC",IndianOil||Pipelines||Pipelines HO||Contracts,Instrumentation - All,NA,Works,Open Tender,Tender cum Auction,Tender,NA,,"6,51,000",As per NIT,999999,120,270,,,10-Sep-2026 03:00 PM,,,4,8,"[1] Fee | EMD submission proof/EMD exemption document (.pdf) ;; [2] PreQual | Audited financial statements for last 3 FY (.pdf) ;; []  | Work order and completion certificate for commercial qualification (.pdf) ;; []  | Commercial Annexures (.xls) ;; []  | Other commercial documents-PAN, PF, GST, POA, BOARD RESOLUTION, CIN, MOA, AOA (.pdf) ;; [3] Technical | Documents for technical qualification (.pdf) ;; []  | Technical Annexures and Other technical documents (.pdf) ;; [4] Finance | BoQ, Price bids to be Quoted here (.xls)",Online,As per tender,installation,https://iocletenders.nic.in/nicgep/app?component=%24DirectLink_0&page=FrontEndAdvancedSearchResult&service=direct&session=T&sp=SfVUlx8Hu77xuyjrPynq%2Btw%3D%3D
2026_ERKLK_191021_1,ERKLC2656,"Supply Installation, Testing and Commissioning of Biometric Attendance System at ERPL Siliguri including 3 (Three) Years Comprehensive Annual Maintenance Contract","Supply Installation, Testing and Commissioning of Biometric Attendance System at ERPL Siliguri including 3 (Three) Years Comprehensive Annual Maintenance Contract",IndianOil||Pipelines||ERPL Kolkata||Materials,IT - Works related,NA,Works,Open Tender,Works,Tender,"5,46,247",,0.00,"ERPL, Siliguri Construction Office",734010,120,1170,,,10-Sep-2026 05:00 PM,,,2,6,"[1] Fee/PreQual/Technical | Proof of submitted dully signed copy of Unpriced SOR and tender acceptance format (.pdf) ;; []  | Duly filled and signed Commercial annexures and technical annexures and Duly signed corrigendum (.pdf) ;; []  | Power of Attorney on stamp paper with Partnership Deed/ MOA/AOA/Certificate of Incorporation (.pdf) ;; []  | PAN,GSTN, Provident fund registration certificate and ESI (if applicable) of bidding entity (.pdf) ;; []  | Audited Balance Sheet and P/L Statements and Details of WO and completion certificate (.pdf) ;; [2] Finance | BOQ (.xls)",Not Applicable,Please refer Tender documents.,installation,https://iocletenders.nic.in/nicgep/app?component=%24DirectLink_0&page=FrontEndAdvancedSearchResult&service=direct&session=T&sp=SPczUDvvea6d0ieN58X1JIw%3D%3D
2026_SROTN_191267_1,MnC/SR/RSR/LT/115/TNSO/2026-27,"UPGRADATION OF THREE FLATS (A8-3BHK, A5-2BHK, B3-2BHK) AT INDIANOIL QUARTERS AT MADURAI DIVISIONAL OFFICE OF TAMIL NADU STATE OFFICE","UPGRADATION OF THREE FLATS (A8-3BHK, A5-2BHK, B3-2BHK) AT INDIANOIL QUARTERS AT MADURAI DIVISIONAL OFFICE OF TAMIL NADU STATE OFFICE",IndianOil||Marketing||Southern Region and Tamilnadu State Office||Contracts Cell,Civil Works,NA,Works,Limited,Works,Tender,NA,,0.00,AT INDIANOIL QUARTERS AT MADURAI DIVISIONAL OFFICE,999999,180,NA,,,14-Sep-2026 09:00 AM,,,2,4,[1] Fee/PreQual/Technical | Excel Declarations (.xls) ;; []  | Standard Comparative chart (.xls) ;; []  | Other Documents if any (.pdf) ;; [2] Finance | Price Bid (.xls),Not Applicable,Please refer Tender documents.,upgradation,https://iocletenders.nic.in/nicgep/app?component=%24DirectLink_0&page=FrontEndAdvancedSearchResult&service=direct&session=T&sp=SVsffpYzphIL40TEY4C3zQQ%3D%3D
2026_PR_191269_1,9060C26C60,RPRC261375 Renovation and Upgradation of company owned residential accommodations (Phase-3) at PRPC Township,RPRC261375 Renovation and Upgradation of company owned residential accommodations (Phase-3) at PRPC Township,IndianOil||Refineries||Panipat Refinery||Contracts,Civil Works,NA,Works,Open Tender,Tender cum Auction,Tender,"28,28,88,373",,"4,25,000",Panipat Refinery,132140,120,730,,,25-Sep-2026 03:00 PM,,,2,5,"[1] Fee/PreQual/Technical | Work Order along with completion Certificate indicating Executed Value as per NIT (.pdf) ;; []  | Exhibit Formats _PART_2 (.pdf) ;; []  | Audited Balance Sheet with Profit and Loss statement signed, stamped, CA firm registration no. (.pdf) ;; []  | PF Code allotment letter, ESIC, PAN, MSME certificate, GST certificate, Notarized POA (.pdf) ;; [2] Finance | BOQ for price bid (.xls)",Online,Please refer tender documents,upgradation,https://iocletenders.nic.in/nicgep/app?component=%24DirectLink_0&page=FrontEndAdvancedSearchResult&service=direct&session=T&sp=S6DcEqD%2BIDBZuMyUP3NHNmA%3D%3D
2026_RND_191068_1,9400C26A62,Upgradation of Electrical Panel along with Bus Duct and APFC Panel at Old Substation No-1.,Upgradation of Electrical Panel along with Bus Duct and APFC Panel at Old Substation No-1.,IndianOil||Research and Development||Contract Cell,Electrical Works,NA,Works,Open Tender,Tender cum Auction,Tender,"2,79,97,388",,"70,000","RnD Centre, Faridabad",121007,120,150,,,11-Sep-2026 03:00 PM,,,2,4,[1] Fee/PreQual/Technical | PQC Documents ATO Work Orders completion certificates etc (.pdf) ;; []  | Other mandatory documents ITR PAN ESI PF GSTN and other documents (.pdf) ;; []  | All annexures and declarations in ITB (.pdf) ;; [2] Finance | BoQ (.xls),Online,Refer NIT,upgradation,https://iocletenders.nic.in/nicgep/app?component=%24DirectLink_0&page=FrontEndAdvancedSearchResult&service=direct&session=T&sp=SZKQ5DQClaEU0tSXfjKTE3w%3D%3D
2026_WRO_191310_1,WRMC/2026-27/PT/260,RATE CONTRACT FOR FABRICATION OF 10KL 20KL 50KL 70KL HORIZONTAL TANKS FOR DIVISIONAL OFFICES UNDER GUJARAT STATE OFFICE,RATE CONTRACT FOR FABRICATION OF 10KL 20KL 50KL 70KL HORIZONTAL TANKS FOR DIVISIONAL OFFICES UNDER GUJARAT STATE OFFICE,IndianOil||Marketing||Western Region Office||Contracts Cell,Mechanical Works,NA,Works,Open Tender,Tender cum Auction,Rate Contract,"15,03,56,287",,"1,26,000",GUJARAT,382425,120,730,,,29-Sep-2026 02:00 PM,,,2,6,[1] Fee/PreQual/Technical | EMD (.pdf) ;; []  | PQC DOCUMENT (.pdf) ;; []  | DULY FILLED PT260DELARATION (.xls) ;; []  | Bidder credential excel sheet (.xls) ;; []  | Declaration and undertaking including Other Commercial Criteria (.pdf) ;; [2] Finance | Price Bid (.xls),Online,As per tender,rate,https://iocletenders.nic.in/nicgep/app?component=%24DirectLink_0&page=FrontEndAdvancedSearchResult&service=direct&session=T&sp=S4JCRW7%2BsobTg0PBzTCjtCA%3D%3D
2026_WRO_191318_1,WRMC/2026-27/PT/309,TRANSPORTATION OF INDANE LPG CYLINDERS IN VERTICAL POSITION ON UNIT RATE BASIS EX- MURBAD BOTTLING PLANT.,TRANSPORTATION OF INDANE LPG CYLINDERS IN VERTICAL POSITION ON UNIT RATE BASIS EX- MURBAD BOTTLING PLANT.,IndianOil||Marketing||Western Region Office||Contracts Cell,Transportation Works,NA,Works,Open Tender,Works,Tender,"37,69,63,000",,"4,05,000",MURBAD BOTTLING PLANT,421401,270,1825,,,29-Sep-2026 01:00 PM,,,2,6,[1] Fee/PreQual/Technical | EMD DOCUMENT (.pdf) ;; []  | All Declaration and Undertakings (.pdf) ;; []  | Pre Qualifying Criteria Documents (.pdf) ;; []  | Bidder Details Truck Details and Annexures in EXCEL (.xls) ;; []  | Any Other Document (.pdf) ;; [2] Finance | Price Bid BOQ (.xls),Online,As per tender document.,rate,https://iocletenders.nic.in/nicgep/app?component=%24DirectLink_0&page=FrontEndAdvancedSearchResult&service=direct&session=T&sp=SrSs6fFVY0nx4vxffcuplyQ%3D%3D
2026_REFHQ_191246_1,RHQMM26301,Rate Contract for Procurement of FCC Catalyst for IOCL Gujarat Refinery,Rate Contract for Procurement of FCC Catalyst for IOCL Gujarat Refinery,IndianOil||Refineries||Refineries HQ||Materials,Chemical - Catalysts,NA,Goods,Global Tenders,Supply,Rate Contract,NA,,"40,23,438","IOCL RHQ, New Delhi",110003,120,1502,,,30-Sep-2026 03:00 PM,,,2,5,"[1] Fee/PreQual/Technical | DOCUMENTS TOWARDS COMPLIANCE OF PREQUALIFICATION CRITERIA, EMD OR BSD DETAILS (.pdf) ;; []  | TECHNICAL SPECIFICATION SHEET DULY SIGNED AND STAMPED, DOCUMENTS IN COMPLIANCE OF GOVT POLICY (.pdf) ;; []  | HOLIDAY LIST DECLARATION, POWER OF ATTORNEY, MISC. DOCS (.pdf) ;; []  | DULY FILLED BID DOCUMENTS, EXCEL FILE ALL SHEETS (.xls) ;; [2] Finance | PRICE SCHEDULE (BoQ) (.xls)",Online,As per NIT,rate,https://iocletenders.nic.in/nicgep/app?component=%24DirectLink_0&page=FrontEndAdvancedSearchResult&service=direct&session=T&sp=S0BYHL0OvsXJYYPGGSJZfNw%3D%3D
2026_BGR_191164_1,BN26CL119,Rate Contract for Maintenance of Office and Guest house of IOCL BGR at Six Mile Guwahati,Rate Contract for Maintenance of Office and Guest house of IOCL BGR at Six Mile Guwahati. Address of work location 167 Jayanagar Rd Jaya Nagar Khanapara Guwahati Assam 781022,IndianOil||Refineries||Bongaigaon Refinery||Contract,Civil Works,NA,Works,Open Tender,Works,Tender,"34,81,003",,"9,000","BGR Guest house at Six Mile, Guw",781022,120,730,,,15-Sep-2026 04:30 PM,,,2,4,[1] Fee/PreQual/Technical | PROPOSAL FORMS (.pdf) ;; []  | SCANNED DOCUMENTS AS PER CHECKLIST (.pdf) ;; []  | UNDERTAKING BY TENDERER (.pdf) ;; [2] Finance | BOQ (.xls),Online,REFER NIT,rate,https://iocletenders.nic.in/nicgep/app?component=%24DirectLink_0&page=FrontEndAdvancedSearchResult&service=direct&session=T&sp=Sg86i9d9Cu%2FsqCYTzJzvrYQ%3D%3D
2026_AOD_191202_1,DRE226B076,"DRE226B076 Annual rate contract for Servicing and overhauling of Transformers at AOD Refinery, Digboi and IOCL DR Township","DRE226B076 Annual rate contract for Servicing and overhauling of Transformers at AOD Refinery, Digboi and IOCL DR Township",IndianOil||Refineries||AOD Digboi||Contracts Section,Electrical Works,NA,Works,Open Tender,Works,Tender,"39,34,259",,"10,000",IOCL Digboi Refinery,786171,120,730,,,14-Sep-2026 03:00 PM,,,2,6,"[1] Fee/PreQual/Technical | Work Order, completion certificate as per NIT Pre Qualification criteria and other Supporting docs. (.pdf) ;; []  | Audited profit and Loss Statements and Balance sheets, Assessment Order or ITRs for last 3 fin. Yrs. (.pdf) ;; []  | Acceptance of Annexures with duly filled, signed, sealed, Tender doc and Undertaking by the Tenderer (.pdf) ;; []  | PF and ESI code allotment letter, PAN card, Power of Attorney, GST certificate (.pdf) ;; []  | Certificate of Incorporation/Partnership deed/Proprietorship affidavit, MSME certificate. (.pdf) ;; [2] Finance | Price Bid (.xls)",Online,Please refer tender Documents,rate,https://iocletenders.nic.in/nicgep/app?component=%24DirectLink_0&page=FrontEndAdvancedSearchResult&service=direct&session=T&sp=S%2F3KDGpZezR3nXOBOEBPEPg%3D%3D
2026_SROTN_191132_1,MnC/SR/VJI/PT/111/KASO/2026-27,"Capex Rate Contract Category- I Rs. 0 to 3.00 Lacs for carrying out maintenance and low value capital jobs of mechanical, civil and electrical nature at Retail Outlets including KSKs and Consumer Outlets under Bangalore, Belgaum, Mangalore,","Capex Rate Contract Category- I Rs. 0 to 3.00 Lacs for carrying out maintenance and low value capital jobs of mechanical, civil and electrical nature at Retail Outlets including KSKs and Consumer Outlets under Bangalore, Belgaum, Mangalore,",IndianOil||Marketing||Southern Region and Tamilnadu State Office||Contracts Cell,Civil Works,NA,Works,Open Tender,Works,Rate Contract,"1,06,15,00,000",,"12,000",BANGALORE LOCATIONS,999999,180,1095,,,25-Sep-2026 05:00 PM,,,2,5,[1] Fee/PreQual/Technical | Excel declarations and Undertakings (.xls) ;; []  | Excel credential statement (to be duly filled by all bidders) (.xls) ;; []  | Pre Qualification Documents as per tender. (.pdf) ;; []  | Other Mandatory documents as per tender (.pdf) ;; [2] Finance | Price Bid_BoQ (.xls),Online,Please refer Tender documents.,rate,https://iocletenders.nic.in/nicgep/app?component=%24DirectLink_0&page=FrontEndAdvancedSearchResult&service=direct&session=T&sp=SNymCdjOzRV0JAOe5C1U8tw%3D%3D
2026_SROTN_190983_1,MnC/SR/BNR/PT/103/TNSO/2026-27,MnC/SR/BNR/PT/103/TNSO/2026-27 Transportation of Indane LPG Cylinders in vertical position on unit rate basis ex-Coimbatore Bottling Plant under Tamil Nadu State Office,MnC/SR/BNR/PT/103/TNSO/2026-27 Transportation of Indane LPG Cylinders in vertical position on unit rate basis ex-Coimbatore Bottling Plant under Tamil Nadu State Office,IndianOil||Marketing||Southern Region and Tamilnadu State Office||Contracts Cell,Transportation Services,NA,Services,Open Tender,Service,Tender,"69,63,00,000",,"6,45,000",TNSO,999999,270,1825,,,24-Sep-2026 04:00 PM,,,2,4,"[1] Fee/PreQual/Technical | Excel declarations, Credential statement- Bidder details , Trucks details (.xls) ;; []  | Pre Qualification Documents as per tender (.pdf) ;; []  | Other Mandatory documents as per tender (.pdf) ;; [2] Finance | PRICE BID BOQ (.xls)",Online,Pls refer tender documents,rate,https://iocletenders.nic.in/nicgep/app?component=%24DirectLink_0&page=FrontEndAdvancedSearchResult&service=direct&session=T&sp=Sl3kEKhIxScHHc7cangU8OA%3D%3D
2026_NRO_190872_1,MnC/NR/RSO/LPG/PT-071/26-27,Transportation of Indane LPG Cylinders in vertical position on unit rate basis ex- Jhunjhunu Bottling Plant.,Transportation of Indane LPG Cylinders in vertical position on unit rate basis ex- Jhunjhunu Bottling Plant.,IndianOil||Marketing||Northern Region Office||Contract Cell,Transportation Works,NA,Works,Open Tender,Works,Tender,"37,12,73,757",,"3,45,000",Jhunjhunu,333001,270,1825,,,25-Sep-2026 11:00 AM,,,2,5,"[1] Fee/PreQual/Technical | Doc on EMD Details or Valid EMD Exemption doc as per NIT (.pdf) ;; []  | Doc. wrt PQC for Owned/Attached/New Truck-RC Book/Smart Card/Invoice with TRC (.pdf) ;; []  | Doc on PAN, GST, POA/BR-DSC User, CIN, AoA and MoA, Partnership Deed n Undertaking and Annexures (.pdf) ;; []  | Validated Mandatory Decl n TT Details as per attached Excel file Annex-I n II (Not Price Bid here) (.xls) ;; [2] Finance | Duly filled and quoted Price Bid i.e BoQ exactly as per tender format. (UPLOAD PRICE BID HERE) (.xls)",Online,Please refer tender document,rate,https://iocletenders.nic.in/nicgep/app?component=%24DirectLink_0&page=FrontEndAdvancedSearchResult&service=direct&session=T&sp=S2hipSt4znPntV9uORdtarg%3D%3D
2026_REFHQ_190827_1,RHQMM26426,Rate Contract for Procurement of Antioxidant (ANTAX/STURMAX) for PBR project at Panipat Refinery,Rate Contract for Procurement of Antioxidant (ANTAX/STURMAX) for PBR project at Panipat Refinery,IndianOil||Refineries||Refineries HQ||Materials,Chemical - All,NA,Goods,Global Tenders,Tender cum Auction,Rate Contract,NA,,0.00,"IOCL,RHQ, NEW DELHI",110003,120,730,,,10-Sep-2026 03:00 PM,,,2,5,"[1] Fee/PreQual/Technical | DOCUMENTS TOWARDS COMPLIANCE OF PRE QUALIFICATION CRITERIA (.pdf) ;; []  | TECHNICAL SPECIFICATION SHEET DULY SIGNED AND STAMPED (.pdf) ;; []  | DULY FILLED BID DOCUMENTS , EXCEL FILE ALL SHEETS (.xls) ;; []  | DECLARATIONS-BSD,BLACKLISITING,NCLT ETC (.pdf) ;; [2] Finance | PRICED BOQ (.xls)",Not Applicable,Please refer Tender documents.,rate,https://iocletenders.nic.in/nicgep/app?component=%24DirectLink_0&page=FrontEndAdvancedSearchResult&service=direct&session=T&sp=Sa6OUfQWrexmJDbENvcHl%2FQ%3D%3D
2026_REFHQ_190536_1,RHQMM26422,Rate Contract for procurement of Lubricity Additive for IOCL Refinery units,Rate Contract for procurement of Lubricity Additive for IOCL Refinery units,IndianOil||Refineries||Refineries HQ||Materials,Chemical - Chemicals and Additives,NA,Goods,Open Tender,Supply,Rate Contract,NA,,"29,74,287","IOCL,RHQ, NEW DELHI",110003,120,730,,,18-Sep-2026 03:00 PM,,,2,6,"[1] Fee/PreQual/Technical | DOCUMENTS TOWARDS COMPLIANCE OF PRE QUALIFICATION CRITERIA (.pdf) ;; []  | TECHNICAL SPECIFICATION SHEET DULY SIGNED AND STAMPED. (.pdf) ;; []  | DOCUMENTS IN COMPLIANCE OF GOVT POLICIES,POWER OF ATTORNEY,MISC DOCS (.pdf) ;; []  | DULY FILLED BID DOCUMENTS , EXCEL FILE ALL SHEETS (.xls) ;; []  | DULY FILLED AND SIGNED DECLARATIONS ALONG WITH INTEGRITY PACT . (.xls) ;; [2] Finance | PRICED BOQ (.xls)",Online,As per Tender,rate,https://iocletenders.nic.in/nicgep/app?component=%24DirectLink_0&page=FrontEndAdvancedSearchResult&service=direct&session=T&sp=SIFYv5%2B0zb%2FiQWQBYXiEgng%3D%3D
2026_BR_191309_1,9020C26C76,"Miscellaneous Piping, Structural, Mechanical, Electrical Instrumentation Works for RFCCU Revamp under BR 09 Project.","Miscellaneous Piping, Structural, Mechanical, Electrical Instrumentation Works for RFCCU Revamp under BR 09 Project.",IndianOil||Refineries||Barauni Refinery||Contract,Mechanical Works,NA,Works,Open Tender,Tender cum Auction,Tender,NA,,"4,06,000",CONTRACT DEPT. BARAUNI REFINERY,851114,180,270,,,15-Sep-2026 03:30 PM,,,2,6,"[1] Fee/PreQual/Technical | Decl. of GST,HOLIDAY LIST,SAC ,Tenderacceptance,Letter of waiver,Directorrelation,IBC,Land etc (.pdf) ;; []  | PF,ESIC,GST,firmtyepdoc,Turnoverdoc,PQC doc,experience doc (.pdf) ;; []  | GST declaration (.pdf) ;; []  | Additional documents as per NIT (.pdf) ;; []  | PQC,ATO (.pdf) ;; [2] Finance | BOQ (.xls)",Online,AS PER NIT,works,https://iocletenders.nic.in/nicgep/app?component=%24DirectLink_0&page=FrontEndAdvancedSearchResult&service=direct&session=T&sp=SRXHe76FQT51HeWkPTG02SA%3D%3D
2026_SROTN_191276_1,MnC/SR/RSR/LT/116/KESO/2026-27,"Construction of new A site Retail Outlet with facilities like Sales Building, Canopy, Paver block driveway and other allied civil, electrical works at location Kalpetta Town on Bypass Road, District Wayanad under Kozhikode Div Office, Kerala SO","Construction of new A site Retail Outlet with facilities like Sales Building, Canopy, Paver block driveway and other allied civil, electrical works at location Kalpetta Town on Bypass Road, District Wayanad under Kozhikode Div Office, Kerala SO",IndianOil||Marketing||Southern Region and Tamilnadu State Office||Contracts Cell,Civil Works,NA,Works,Limited,Works,Tender,NA,,0.00,"Kalpetta Town on Bypass Road, District Wayanad",999999,180,NA,,,11-Sep-2026 06:55 PM,,,2,4,[1] Fee/PreQual/Technical | Excel Declarations (.xls) ;; []  | Standard Comparative chart (.xls) ;; []  | Other Documents if any (.pdf) ;; [2] Finance | Price Bid (.xls),Not Applicable,Please refer Tender documents.,works,https://iocletenders.nic.in/nicgep/app?component=%24DirectLink_0&page=FrontEndAdvancedSearchResult&service=direct&session=T&sp=SWrbIL6JxbEUbaL3h%2BqGcLw%3D%3D
2026_SROTN_191286_1,MnC/SR/RIM/LT/118/KASO/2026-27,Phase II works for Development of 2 Nos A Site Retail Outlets namely at Sy No 151 10 from Sastapur to Chandakapur on NH 9 Halli Village Basavakalyan Taluk Bidar District Karnataka and Sy No 75 6 within 2 KM from Chigateri Cross on Harapanahalli to Ko,Phase II works for Development of 2 Nos A Site Retail Outlets namely at Sy No 151 10 from Sastapur to Chandakapur on NH 9 Halli Village Basavakalyan Taluk Bidar District Karnataka and Sy No 75 6 within 2 KM from Chigateri Cross on Harapanahalli to Ko,IndianOil||Marketing||Southern Region and Tamilnadu State Office||Contracts Cell,Civil Works,NA,Works,Limited,Works,Tender,"1,87,18,401",,0.00,District Karnataka under Bellary Divisional Office,999999,120,98,,,11-Sep-2026 05:30 PM,,,2,4,[1] Fee/PreQual/Technical | Bid Security Declaration in lieu of EMD (.pdf) ;; []  | Undertaking on PP_MII (.pdf) ;; []  | Excel Declaration Undertaking (.xls) ;; [2] Finance | Price Bid (.xls),Not Applicable,Please refer Tender documents.,works,https://iocletenders.nic.in/nicgep/app?component=%24DirectLink_0&page=FrontEndAdvancedSearchResult&service=direct&session=T&sp=S2bjoam%2FwYaFJ0w8MLcCmZQ%3D%3D
2026_NRO_191259_1,MnC/NR/PSO/ENG/LT-150/26-27,"Miscellaneous works for provision of canopies at 3 ROs including allied works under Jammu DO, PSO","Miscellaneous works for provision of canopies at 3 ROs including allied works under Jammu DO, PSO",IndianOil||Marketing||Northern Region Office||Contract Cell,Civil Works,NA,Works,Limited,Works,Tender,"74,34,300",,"19,000",As per NIT,180004,180,120,,,11-Sep-2026 05:10 PM,,,2,4,[1] Fee/PreQual/Technical | EMD (.pdf) ;; []  | Undertakings and Declarations (.pdf) ;; []  | ED (.xls) ;; [2] Finance | BOQ (.xls),Online,Please refer Tender documents.,works,https://iocletenders.nic.in/nicgep/app?component=%24DirectLink_0&page=FrontEndAdvancedSearchResult&service=direct&session=T&sp=SWH8Ijyx%2BKxkVUAFlxhw7NA%3D%3D
2026_SROTN_191235_1,MnC/SR/BNR/LT/107/KESO/2026-27,"MnC/SR/BNR/LT/107/KESO/2026-27 Construction of new A Site Retail Outlet with facilities like Sales Building, Canopy, Paver block driveway and other allied civil electrical works at location Kozhikode City 1 , Chelavoor on CWRDM Road in Kozhikode","MnC/SR/BNR/LT/107/KESO/2026-27 Construction of new A Site Retail Outlet with facilities like Sales Building, Canopy, Paver block driveway and other allied civil electrical works at location Kozhikode City 1 , Chelavoor on CWRDM Road in Kozhikode",IndianOil||Marketing||Southern Region and Tamilnadu State Office||Contracts Cell,Civil Works,NA,Works,Limited,Works,Tender,"1,18,07,145",,0.00,KESO,999999,180,98,,,11-Sep-2026 05:00 PM,,,2,6,[1] Fee/PreQual/Technical | Statement of credentials (Excel sheet) to be filled in by the tenderer and submit (.xls) ;; []  | Declarations_Undertakings (Excel sheet) to be filled in by the tenderer and submit (.xls) ;; []  | Audited balance sheet and profit loss statements as per tender Documents (.pdf) ;; []  | Proprietorship declaration/Partnership deeed/ Certificate of Incorporation with MOA and AOA (.pdf) ;; []  | Power of Attorney / Board resolution (as applicable) in favour of Tender Signing authority. (.pdf) ;; [2] Finance | BOQ (Price Bid) (.xls),Not Applicable,AS PER NIT,works,https://iocletenders.nic.in/nicgep/app?component=%24DirectLink_0&page=FrontEndAdvancedSearchResult&service=direct&session=T&sp=SOeTFSdhbBV6FLyotlWGM5w%3D%3D
2026_NRPNP_191272_1,PNP26069,Renovation works at NRPL Jalandhar,Renovation works at NRPL Jalandhar,IndianOil||Pipelines||NRPL Panipat||Materials,Civil Works,NA,Works,Open Tender,Works,Tender,"34,24,525",,"9,000",IOCL NRPL Jalandhar,144009,120,270,,,18-Sep-2026 03:30 PM,,,4,10,"[1] Fee | EMD submission proof (.pdf) ;; []  | Scanned copy of Unpriced SOR (.pdf) ;; [2] PreQual | Audited financial statements for last 3 FY (.pdf) ;; []  | Work order and completion certificate for commercial qualification (.pdf) ;; []  | Commercial Annexures (.pdf) ;; []  | Annexure-35 on their letter head (If Applicable) (.pdf) ;; []  | Other commercial documents PAN, PF, GST, POA, BOARD RESOLUTION, CIN, MOA, AOA, PARTNERSHIP DEED (.pdf) ;; [3] Technical | Documents for technical qualification (.pdf) ;; []  | Other technical documents (.pdf) ;; [4] Finance | BoQ, Price bids to be Quoted here (.xls)",Online,Please refer Tender documents.,works,https://iocletenders.nic.in/nicgep/app?component=%24DirectLink_0&page=FrontEndAdvancedSearchResult&service=direct&session=T&sp=SP1yrsxWBIcxVcBz7L2evSw%3D%3D
2026_REFHQ_191273_1,9000C26B01,Balance Left Over Civil and Electrical Works for Development of New Conference Hall at IOCL Office Core2 Scope Complex New Delhi,Balance Left Over Civil and Electrical Works for Development of New Conference Hall at IOCL Office Core2 Scope Complex New Delhi,IndianOil||Refineries||Refineries HQ||Contracts,Civil Works,NA,Works,Open Tender,Works,Tender,"58,07,178",,"19,000",New Delhi,110001,120,90,,,18-Sep-2026 03:15 PM,,,2,4,[1] Fee/PreQual/Technical | Tender (.pdf) ;; []  | GCC (.pdf) ;; []  | Other documents (.pdf) ;; [2] Finance | BOQ (.xls),Online,Please refer Tender documents.,works,https://iocletenders.nic.in/nicgep/app?component=%24DirectLink_0&page=FrontEndAdvancedSearchResult&service=direct&session=T&sp=ST8EJFqv6XnrE5SPVz%2F%2BkPA%3D%3D
2026_SROTN_191243_1,MnC/SR/AR/LT/110/KESO/2026-27,Construction of new A Site RO with facilities like Sales Building Canopy Paver block driveway and other allied civil and electrical works at location From Kayamkulam Police Station to Chettikulangara Bhagavathi Temple on SH Alappuzha under Cochin DO,Construction of new A Site RO with facilities like Sales Building Canopy Paver block driveway and other allied civil and electrical works at location From Kayamkulam Police Station to Chettikulangara Bhagavathi Temple on SH Alappuzha under Cochin DO,IndianOil||Marketing||Southern Region and Tamilnadu State Office||Contracts Cell,Civil Works,NA,Works,Limited,Works,Tender,"1,19,15,528",,0.00,As per tender,999999,180,98,,,10-Sep-2026 04:15 PM,,,2,4,[1] Fee/PreQual/Technical | Bidder Credential Statement (.xls) ;; []  | Excel Declarations Undertakings (.xls) ;; []  | ATO/Any other documents as per tender (.pdf) ;; [2] Finance | Price bid (.xls),Not Applicable,As per tender,works,https://iocletenders.nic.in/nicgep/app?component=%24DirectLink_0&page=FrontEndAdvancedSearchResult&service=direct&session=T&sp=SdCX3Uh2PTZcRLokF%2B6kVtw%3D%3D
2026_SROTN_191257_1,MnC/SR/RS/LT/104/KESO/2026-27,"Construction of new A Site Retail Outlet with facilities like Sales Building, Canopy, Paver block driveway and other allied civil and electrical works at location Between Adoor High School Jn. and Pazhakulam on State Highway 5, District, Pathanamthit","Construction of new A Site Retail Outlet with facilities like Sales Building, Canopy, Paver block driveway and other allied civil and electrical works at location Between Adoor High School Jn. and Pazhakulam on State Highway 5, District, Pathanamthit",IndianOil||Marketing||Southern Region and Tamilnadu State Office||Contracts Cell,Civil Works,NA,Works,Limited,Works,Tender,"1,37,57,074",,0.00,As per tender,999999,180,98,,,10-Sep-2026 03:00 PM,,,2,4,[1] Fee/PreQual/Technical | Excel declarations and Undertakings including EMD document (BID SECURITY DECLARATION) (.xls) ;; []  | Excel credential statement (to be duly filled by all bidders) (.xls) ;; []  | Other Mandatory documents as per tender (.pdf) ;; [2] Finance | Price Bid_BoQ (.xls),Not Applicable,As per tender,electrical,https://iocletenders.nic.in/nicgep/app?component=%24DirectLink_0&page=FrontEndAdvancedSearchResult&service=direct&session=T&sp=SG0ybrZMAZ%2FKCFXg09b%2FPww%3D%3D
2026_SROTN_191226_1,MnC/SR/RS/LT/105/KESO/2026-27,"Construction of new A Site Retail Outlet with facilities like Sales Building, Canopy, Paver block driveway and other allied civil and electrical works at location From Kulathur Junction to Calicut Airport within Kondotty Municipal Limits, KESO","Construction of new A Site Retail Outlet with facilities like Sales Building, Canopy, Paver block driveway and other allied civil and electrical works at location From Kulathur Junction to Calicut Airport within Kondotty Municipal Limits, KESO",IndianOil||Marketing||Southern Region and Tamilnadu State Office||Contracts Cell,Civil Works,NA,Works,Limited,Works,Tender,"1,29,26,867",,0.00,KESO,999999,180,98,,,10-Sep-2026 03:00 PM,,,2,4,[1] Fee/PreQual/Technical | Excel declarationsandUndertakings includingEMDdocument (BIDSECURITYDECLARATION) (.xls) ;; []  | Excel credential statement(tobe duly filled by all bidders) (.xls) ;; []  | Other Mandatory documentsasper tender (.pdf) ;; [2] Finance | Price Bid_BoQ (.xls),Not Applicable,as per NIT,electrical,https://iocletenders.nic.in/nicgep/app?component=%24DirectLink_0&page=FrontEndAdvancedSearchResult&service=direct&session=T&sp=SiQPLWpmLm%2FJq2MP85YnlzA%3D%3D
2026_NRO_191136_1,MnC/NR/PSO/ENG/PT-96/26-27,ELECTRICAL WORKS FOR OPERATION OF UPCOMING ATF FACILITIES AT BPI 1 AND BPI 2 DIST LEH LADAKH,ELECTRICAL WORKS FOR OPERATION OF UPCOMING ATF FACILITIES AT BPI 1 AND BPI 2 DIST LEH LADAKH,IndianOil||Marketing||Northern Region Office||Contract Cell,Electrical Works,NA,Works,Open Tender,Works,Tender,"1,36,59,203",,"35,000",LEH,194101,180,150,,,10-Sep-2026 03:00 PM,,,2,5,[1] Fee/PreQual/Technical | EMD/ Exemption certificate (.pdf) ;; []  | Document for work order criteria and turnover criteria (.pdf) ;; []  | Document for other commercial criteria (.pdf) ;; []  | Declarations and undertaking in excel format (DO NOT UPLOAD PRICE BID IN THIS COVER) (.xls) ;; [2] Finance | Price Bid (.xls),Online,As per tender,electrical,https://iocletenders.nic.in/nicgep/app?component=%24DirectLink_0&page=FrontEndAdvancedSearchResult&service=direct&session=T&sp=STClK4U8%2B4mlK%2BJvno%2BZsgg%3D%3D
2026_IBPN_191133_1,CRYO_LT_IC2627007,"Onsite Electrical and Instrumentation Integration Works and Commissioning Support for Augmentation of Existing LCNG Station at Vizag-Parwada, Andhra Pradesh as per IOCL Scope of Work and Tender Terms and Conditions","Onsite Electrical and Instrumentation Integration Works and Commissioning Support for Augmentation of Existing LCNG Station at Vizag-Parwada, Andhra Pradesh as per IOCL Scope of Work and Tender Terms and Conditions",IndianOil||Marketing||IBP Nashik||Materials,Electrical Works,NA,Works,Limited,Works,Tender,NA,,"13,000","LCNG Station at Vizag-Parwada, Andhra Pradesh",531021,180,NA,,,12-Sep-2026 03:00 PM,,,2,2,[1] Fee/PreQual/Technical | Tender Documents (.rar) ;; [2] Finance | BOQ (.xls),Online,Please refer Tender documents.,electrical,https://iocletenders.nic.in/nicgep/app?component=%24DirectLink_0&page=FrontEndAdvancedSearchResult&service=direct&session=T&sp=S0e1hsSdhi37t8lEKPnCKYg%3D%3D
2026_JR_191122_1,9030C26D26,Civil and Electrical works for GRSPF DCS control room extension and comprehensive facelift at Gujarat Refinery,Civil and Electrical works for GRSPF DCS control room extension and comprehensive facelift at Gujarat Refinery,IndianOil||Refineries||Gujarat Refinery||Contracts,Civil Works,NA,Works,Open Tender,Works,Tender,"1,70,95,905",,"43,000","Gujarat Refinery, Vadodara",391320,120,365,,,10-Sep-2026 03:00 PM,,,2,6,"[1] Fee/PreQual/Technical | Audited profit and Loss Statements and Balance sheets for last 3 Fin. Year (.pdf) ;; []  | Work Order, completion certificate as per NIT Pre-Qualification criteria and other Supporting docs (.pdf) ;; []  | Acceptance of Annexures duly filled signed sealed Exhibit formats Part-1 (.pdf) ;; []  | PF and ESI code allotment letter, PAN card, Power of Attorney, GST certificate (.pdf) ;; []  | Certificate of Incorporation/Partnership deed/Proprietorship affidavit, MSME certificate (.pdf) ;; [2] Finance | BOQ Price Bid including GST (.xls)",Online,Please refer Tender documents.,electrical,https://iocletenders.nic.in/nicgep/app?component=%24DirectLink_0&page=FrontEndAdvancedSearchResult&service=direct&session=T&sp=SFZ6nWz%2BizejfAhR5Xj1IGQ%3D%3D
2026_SROTN_190337_1,MnC/SR/RIM/PT/058/KASO/2026-27,PERPETUAL EMPANELMENT OF CONTRACTORS FOR EXECUTION OF VARIOUS TYPES AND NATURE OF ENGINEERING WORKS OF CIVIL MECHANICAL ELECTRICAL IN NATURE UNDER KARNATAKA STATE OFFICE UNDER CATEGORY 1 and CATEGORY II_100_200 LACS,PERPETUAL EMPANELMENT OF CONTRACTORS FOR EXECUTION OF VARIOUS TYPES AND NATURE OF ENGINEERING WORKS OF CIVIL_MECHANICAL_ELECTRICAL IN NATURE INVOLVING CONSTRUCTION_MAINTENANCE OF RETAIL OUTLETS_RDI_RCDS_TERMINALS_DEPOTS_AFS_LUBE PLANTS AND LPG PLANTS,IndianOil||Marketing||Southern Region and Tamilnadu State Office||Contracts Cell,Civil Works,NA,Works,Open Tender,Empanelment,Empanelment,NA,,0.00,Karnataka State Office,999999,120,NA,,,25-Feb-2027 11:00 AM,,,1,4,[1] Fee/PreQual/Technical/Finance | Bid Security Declaration in lieu of EMD (.pdf) ;; []  | PQC document as per NIT (.pdf) ;; []  | Other Document as per nIT (.pdf) ;; []  | Excel Declaration Undertaking (.xls),Not Applicable,Please refer Tender documents.,electrical,https://iocletenders.nic.in/nicgep/app?component=%24DirectLink_0&page=FrontEndAdvancedSearchResult&service=direct&session=T&sp=SespWq0e3v8jwBEEXzcA%2Fzg%3D%3D
2026_HR_191195_1,9040M26H40,PROCUREMENT OF CATALYST AND CERAMIC SADDLES,PROCUREMENT OF CATALYST AND CERAMIC SADDLES,IndianOil||Refineries||Haldia Refinery||Materials,Chemical - Catalysts,NA,Goods,Global Tenders,Tender cum Auction,Tender,NA,,0.00,HALDIA REFINERY,721606,120,NA,,,19-Sep-2026 03:00 PM,,,2,2,[1] Fee/PreQual/Technical | Tender Documents (.rar) ;; [2] Finance | BOQ (.xls),Not Applicable,Please refer Tender documents.,catalyst,https://iocletenders.nic.in/nicgep/app?component=%24DirectLink_0&page=FrontEndAdvancedSearchResult&service=direct&session=T&sp=SSRiAOhnZA%2BfGcf4bpafwGQ%3D%3D
2026_JR_190221_1,9030M26C22,Outright Sale of Spent Catalyst containing precious metals,Outright Sale of Spent Catalyst containing precious metals,IndianOil||Refineries||Gujarat Refinery||Materials,Chemical - All,NA,Goods,Limited,Tender cum Auction,Tender,NA,,"3,71,400",Gujarat Refinery,391320,120,50,,,09-Oct-2026 03:00 PM,,,2,3,[1] Fee/PreQual/Technical | Bid Documents (.xls) ;; []  | Tender Documents (.rar) ;; [2] Finance | Price BOQ (.xls),Online,As per NIT,catalyst,https://iocletenders.nic.in/nicgep/app?component=%24DirectLink_0&page=FrontEndAdvancedSearchResult&service=direct&session=T&sp=SWVSV3H2W2DjsxBKqallV0w%3D%3D
2026_PDR_188923_1,9070M26B23,"Outright Sale of CCRU Spent Catalyst/Fines/Dust containing Platinum as precious metals at IOCL, Paradip Refinery, Paradip.","Outright Sale of CCRU Spent Catalyst/Fines/Dust containing Platinum as precious metals at IOCL, Paradip Refinery, Paradip.",IndianOil||Refineries||Paradip Refinery||Materials,Chemical - Catalysts,NA,Goods,Limited,Tender cum Auction,Tender,NA,,"1,92,000",IOCL Paradip Refinery,754141,120,NA,,,22-Sep-2026 03:00 PM,,,2,3,[1] Fee/PreQual/Technical | Declarations (.pdf) ;; []  | Other documents (.pdf) ;; [2] Finance | Price BoQ (.xls),Online,NA,catalyst,https://iocletenders.nic.in/nicgep/app?component=%24DirectLink_0&page=FrontEndAdvancedSearchResult&service=direct&session=T&sp=SUMs5G1QI%2BeriTBpLPxe8WQ%3D%3D
2026_REFHQ_190883_1,TP/214227C/T/28,COMPOSITE WORKS COMPRISING MECHANICAL PIPING STRUCTURAL AND CIVIL FOUNDATION WORKS IN PRE SHUTDOWN AND SHUTDOWN PHASES ALONG WITH MANPOWER ASSISTANCE FOR PRE COMMISSIONING AND COMMISSIONING ACTIVITIES FOR DR 1 EXPANSION PROJECT AT DIGBOI REFINERY,COMPOSITE WORKS COMPRISING MECHANICAL PIPING STRUCTURAL AND CIVIL FOUNDATION WORKS IN PRE SHUTDOWN AND SHUTDOWN PHASES ALONG WITH MANPOWER ASSISTANCE FOR PRE COMMISSIONING AND COMMISSIONING ACTIVITIES FOR DR 1.0 EXPANSION PROJECT AT DIGBOI REFINERY,IndianOil||Refineries||Refineries HQ||Project - PMC||Digboi-DR 1.0 Expansion||Project Group,Mechanical Works,NA,Works,Open Tender,Tender cum Auction,Tender,NA,,"12,75,000",IOCL DIGBOI REFINERY,786171,120,225,,,11-Sep-2026 03:00 PM,,,2,6,"[1] Fee/PreQual/Technical | Duly signed and stamped copy of Master Index and NIT along with SCC annexures. (.pdf) ;; []  | Duly filled, signed and stamped copy of ITB Appendices along with Supporting documents. (.pdf) ;; []  | Duly filled, signed and stamped copy of Bidding forms along with supporting documents. (.pdf) ;; []  | Duly signed and stamped copy of PART II PRICED SECTION along with quoted written on each page of SP1 (.pdf) ;; []  | Documents supporting BQC criteria and documents related to EMD. (.pdf) ;; [2] Finance | BOQ (.xls)",Online,AS PER NIT,digboi,https://iocletenders.nic.in/nicgep/app?component=%24DirectLink_0&page=FrontEndAdvancedSearchResult&service=direct&session=T&sp=ScWsP5QGqxVlzqdSBUG4zxg%3D%3D
2026_MR_191186_1,9050C26C14,Supply and Application of Polymer based Sealing/filling System on annular plate projection of tanks at IOCL Mathura Refinery,Supply and Application of Polymer based Sealing/filling System on annular plate projection of tanks at IOCL Mathura Refinery,IndianOil||Refineries||Mathura Refinery||Contracts,Civil Works,NA,Works,Open Tender,Tender cum Auction,Tender,"1,86,32,114",,"47,000",Mathura Refinery,281005,120,365,,,14-Sep-2026 10:00 AM,,,2,5,"[1] Fee/PreQual/Technical | Techno-commercial bid(Part-1 Part-2) along with duly filled annexure(A-N), ASCC-T other tender doc (.pdf) ;; []  | EMD Instrument, audited balance sheet with P/L statement signed-stamped, CA membership no. and UDIN (.pdf) ;; []  | Scan copy of PQ documents against similar work experience as per CL No. 10.2 and 10.3 of the NIT (.pdf) ;; []  | Copy of PF, ESI and other requirements (PAN GST AUTHORIZATION etc) as per NIT CL No. 13.1 and 13.2 (.pdf) ;; [2] Finance | BOQ (.xls)",Online,AS PER NIT,mathura,https://iocletenders.nic.in/nicgep/app?component=%24DirectLink_0&page=FrontEndAdvancedSearchResult&service=direct&session=T&sp=SC6qJ%2FvEqYc7Ekh1p79Whtg%3D%3D
2026_HR_191203_1,9040C26C59,"Provision of FRP and MS gratings and allied Civil jobs in Units and Offsite areas of Haldia Refinery,Haldia,West Bengal","Provision of FRP and MS gratings and allied Civil jobs in Units and Offsite areas of Haldia Refinery,Haldia,West Bengal",IndianOil||Refineries||Haldia Refinery||Contracts,Civil Works,NA,Works,Open Tender,Works,Tender,NA,,"28,000",IOCL Haldia Refinery,721606,120,335,,,14-Sep-2026 03:30 PM,,,2,5,"[1] Fee/PreQual/Technical | EMD (.pdf) ;; []  | WO and completion certificate and annual turn over documents (.pdf) ;; []  | Undertaking letter, PF and certificate of incorporation/partnership deed/proprietorship affidavit (.pdf) ;; []  | Annexures (.pdf) ;; [2] Finance | BOQ (.xls)",Online,Please refer Tender documents.,haldia,https://iocletenders.nic.in/nicgep/app?component=%24DirectLink_0&page=FrontEndAdvancedSearchResult&service=direct&session=T&sp=Sl%2Bj%2Fyszw9Gki%2FIw8RGY02w%3D%3D
2026_RND_190781_1,e-nivida18302,Procurement of Advanced Electronics for IPIG Tool,Procurement of Advanced Electronics for IPIG Tool,IndianOil||Research and Development||Materials,LAB / QC Equipment,NA,Goods,Open Tender,Supply,Tender,NA,,0.00,IOCL RND centre Faridabad,121007,120,120,,,14-Oct-2026 03:00 PM,,,3,9,"[1] Fee | Authority of the person uploading the bids with his/her DSC (.pdf) ;; []  | Authorization certificate or letter from OEM (.pdf) ;; []  | Undertaking by the bidder intender acceptance format (.pdf) ;; []  | Annexure O for bid security declaration in lieu of EMD on bidders letter head (.pdf) ;; [2] PreQual/Technical | Agreed terms and conditions annexure 2 a and 2 b (.xls) ;; []  | Technical specifications duly filled signed and stamped along with supporting technical brochure (.pdf) ;; []  | Unpriced schedule (.xls) ;; []  | Format H, I , K,L,M,N,O,P ( as applicable) (.pdf) ;; [3] Finance | Price bid schedule (BOQ) (.xls)",Not Applicable,As per NIT,rnd,https://iocletenders.nic.in/nicgep/app?component=%24DirectLink_0&page=FrontEndAdvancedSearchResult&service=direct&session=T&sp=S7mVKNXo7wfitgAl%2FyxZY6Q%3D%3D
2026_RND_190691_1,9400M26B18,Procurement of fully assembled and tested electronics for Caliper PIGs with Inertial Measurement Unit(IMU),9400M26B18_Procurement of fully assembled and tested electronics for Caliper PIGs with Inertial Measurement Unit(IMU),IndianOil||Research and Development||Materials,LAB / QC Equipment,NA,Goods,Open Tender,Supply,Tender,NA,,0.00,IOCL RND centre Faridabad,121007,120,120,,,14-Oct-2026 03:00 PM,,,3,9,"[1] Fee | Authority of the person uploading the bids with his/her DSC (.pdf) ;; []  | Authorization certificate or letter from OEM (.pdf) ;; []  | Undertaking by the bidder intender acceptance format (.pdf) ;; []  | Annexure O for bid security declaration in lieu of EMD on bidders letter head (.pdf) ;; [2] PreQual/Technical | Agreed terms and conditions annexure 2 a and 2 b (.xls) ;; []  | Technical specifications duly filled signed and stamped along with supporting technical brochure (.pdf) ;; []  | Unpriced schedule (.xls) ;; []  | Format H, I , K,L,M,N,O,P ( as applicable) (.pdf) ;; [3] Finance | Price bid schedule (BOQ) (.xls)",Not Applicable,As per NIT,rnd,https://iocletenders.nic.in/nicgep/app?component=%24DirectLink_0&page=FrontEndAdvancedSearchResult&service=direct&session=T&sp=SmVfws0%2F58dV7mL0O14uqdQ%3D%3D
2026_RND_190260_1,9400M26A93,Toll manufacturing of IOC developed microbial blends through open tender,Toll manufacturing of IOC developed microbial blends through open tender,IndianOil||Research and Development||Materials,LAB / QC Equipment,NA,Goods,Open Tender,Supply,Tender,NA,,0.00,IOCLRND centre Faridabad,121007,120,NA,,,15-Sep-2026 03:00 PM,,,3,9,"[1] Fee | Authority of person uploading the bids with her or her DSC (.pdf) ;; []  | Authorization certificate from OEM (.pdf) ;; []  | Undertaking by the bidder in tender acceptance format (.pdf) ;; []  | annexure O for bid security declaration and other certificates (.pdf) ;; [2] PreQual/Technical | Technical specs signed and stamped (.pdf) ;; []  | Agreed terms and conditions (.xls) ;; []  | unpriced schedule (.xls) ;; []  | format H,I,K,L,M,M,O,P as applicable (.pdf) ;; [3] Finance | Price bid schedule (.xls)",Not Applicable,as per NIT,rnd,https://iocletenders.nic.in/nicgep/app?component=%24DirectLink_0&page=FrontEndAdvancedSearchResult&service=direct&session=T&sp=SkMyARO9jNifi47ATMBX5ew%3D%3D
2026_PLHO_191175_1,PLCC/MLPU/M/26053,Modification works in Mechanical Seal system of MLPUs installed at Vadinar and Surendranagar under SMPL Aug J18 Project,Modification works in Mechanical Seal system of MLPUs installed at Vadinar and Surendranagar under SMPL Aug J18 Project,IndianOil||Pipelines||Pipelines HO||Contracts,Mechanical Works,NA,Works,Single,Works,Tender,NA,,0.00,As per NIT,999999,120,112,,,10-Sep-2026 03:00 PM,,,3,6,"[1] Fee | EMD Not Applicable (.pdf) ;; [2] PreQual/Technical | Commercial Annexures (.xls) ;; []  | Other commercial documents-PAN, PF, GST, POA, Board Resolution, CIN, MOA, AOA (.pdf) ;; []  | Technical Annexures (.pdf) ;; []  | Other Technical Documents (.pdf) ;; [3] Finance | BoQ, Price bids to be Quoted here (.xls)",Not Applicable,NA,mechanical seal,https://iocletenders.nic.in/nicgep/app?component=%24DirectLink_0&page=FrontEndAdvancedSearchResult&service=direct&session=T&sp=SNasyqFHUzEOyYMaMBujcWA%3D%3D
2026_JR_191279_1,9030M26E90,Procurement of BELTS_IC ITEMS,"1. Procurement of BELTS against PR Nos. 3785388,3785389,3785390,3785391,3785392,3785393,3785394. 2. Procurement of BELTS against PR Nos. 3789356,3789357,3789358,3789359,3789360,3789361.",IndianOil||Refineries||Gujarat Refinery||Materials,Mechanical - All,NA,Goods,Open Tender,Supply,Tender,NA,,0.00,"IOCL Gujarat Refinery, Jawaharnagar, Vadodara",391320,120,56,,,21-Sep-2026 05:00 PM,,,2,2,[1] Fee/PreQual/Technical | COMPLETE TENDER DOCUMENTS (.rar) ;; [2] Finance | Price bid BOQ (.xls),Not Applicable,Please refer Tender documents.,procurement,https://iocletenders.nic.in/nicgep/app?component=%24DirectLink_0&page=FrontEndAdvancedSearchResult&service=direct&session=T&sp=S%2BRJqyR8%2FgJkXbw93r8tsfQ%3D%3D
2026_REFHQ_191284_1,9003M26A03,"Procurement of 22 Nos. Microphones in Halls (A, B,C,D and E) at IIPM against Buy Back of old 16 no of Microphones at IiPM Gurugram","Procurement of 22 Nos. Microphones in Halls (A, B,C,D and E) at IIPM against Buy Back of old 16 no of Microphones at IiPM Gurugram",IndianOil||Refineries||Refineries HQ||Materials,IT - All,NA,Goods,Open Tender,Supply,Tender,NA,,0.00,"IiPM, Gurugram",122001,120,NA,,,18-Sep-2026 04:00 PM,,,2,5,"[1] Fee/PreQual/Technical | BID SECURITY DECLARATION in lieu of EMD (.pdf) ;; []  | CHECK LIST FOR SUBMISSION OF OFFER (.pdf) ;; []  | Duly filled and signed Annexures and OTHER REQUIREMENTS as per NIT Clause 12.0 (.pdf) ;; []  | Duly Signed Special Purchase Conditions (SPC), with Supporting Documents, if any (.pdf) ;; [2] Finance | Price part_BOQ (.xls)",Not Applicable,Please refer Tender documents.,procurement,https://iocletenders.nic.in/nicgep/app?component=%24DirectLink_0&page=FrontEndAdvancedSearchResult&service=direct&session=T&sp=SP7O8WRTuUkIEMY0R8DMNZQ%3D%3D
2026_MKTHO_191215_1,MnC/LUB-31/LT-40/26-27,Procurement of additive package ST1694and ST6038 Or ST1663 and ST6102 Or ST1685and ST6017,Procurement of additive package ST1694and ST6038 Or ST1663 and ST6102 Or ST1685and ST6017,IndianOil||Marketing||Marketing HO||Contract Cell,Chemical - Chemicals and Additives,NA,Goods,Limited,Supply,Tender,NA,,0.00,IOC Lube plants all over Indian,400058,120,180,,,14-Sep-2026 03:00 PM,,,2,6,[1] Fee/PreQual/Technical | Bidder Declarations as per part B (.xls) ;; []  | Other Commercial Documents (.pdf) ;; []  | Tender documents (.pdf) ;; []  | Part B (.pdf) ;; []  | GPC (.pdf) ;; [2] Finance | BOQ (.xls),Not Applicable,Please refer Tender documents.,procurement,https://iocletenders.nic.in/nicgep/app?component=%24DirectLink_0&page=FrontEndAdvancedSearchResult&service=direct&session=T&sp=SNxwc%2FgHLZRsuLlgld%2F91uQ%3D%3D
2026_MKTHO_191166_1,MnC/LUB-30/LT-39/26-27,Procurement of additive package ST1617 Or ST1772 plus ST4574 Or ST1774,Procurement of additive package ST1617 Or ST1772 plus ST4574 Or ST1774,IndianOil||Marketing||Marketing HO||Contract Cell,Chemical - Chemicals and Additives,NA,Goods,Limited,Supply,Tender,NA,,0.00,As per Tender Documents,400051,120,180,,,10-Sep-2026 04:00 PM,,,2,3,"[1] Fee/PreQual/Technical | OtherCommercialcriteriaDocuments (.pdf) ;; []  | Declaration inExcel file, to befilled, validatedand unloaded bythe Bidder withTechnical Bid (.xls) ;; [2] Finance | Financial Bid BOQ (.xls)",Not Applicable,Please refer Tender documents.,procurement,https://iocletenders.nic.in/nicgep/app?component=%24DirectLink_0&page=FrontEndAdvancedSearchResult&service=direct&session=T&sp=SYNeLxZGJqh8nQ0dyHvI7Cw%3D%3D
2026_PR_191127_1,NCM2616049,Procurement of UPS contoller system for replacement in Gutor make UPS,Procurement of UPS controller system for replacement in Gutor make UPS,IndianOil||Refineries||Panipat Refinery||Materials,Electrical - All,NA,Goods,Single,Supply,Tender,NA,,0.00,PNC PANIPAT,132140,120,180,,,16-Sep-2026 03:00 PM,,,1,2,[1] Fee/PreQual/Technical/Finance | Tender documents (.rar) ;; []  | BOQ (.xls),Not Applicable,Please refer tender documents,procurement,https://iocletenders.nic.in/nicgep/app?component=%24DirectLink_0&page=FrontEndAdvancedSearchResult&service=direct&session=T&sp=SGInOMaUu%2FPs8sGoinWqsnA%3D%3D
2026_PLHO_191087_1,PLCC/CBG-Gorakhpur/EL/26055,"Lining up Licensing, Engineering, Procurement and Construction (LEPC) agency for setting up 200 Tons per day (TPD) Segregated Organic Municipal Solid Waste (SOMSW) based Compressed Biogas plant at Gorakhpur","Lining up Licensing, Engineering, Procurement and Construction (LEPC) agency for setting up 200 Tons per day (TPD) Segregated Organic Municipal Solid Waste (SOMSW) based Compressed Biogas plant at Gorakhpur",IndianOil||Pipelines||Pipelines HO||Contracts,Lump Sum TurnKey,NA,Works,Open Tender,Works,Tender,NA,,"32,68,000",Gorakhpur,273001,120,540,,,21-Sep-2026 03:00 PM,,,4,8,"[1] Fee | EMD submission proof/EMD exemption document (.pdf) ;; [2] PreQual | Audited financial statements for last 3 FY (.pdf) ;; []  | Work order and completion certificate for commercial qualification (.pdf) ;; []  | Other commercial documents-PAN, PF, GST, POA, BOARD RESOLUTION, CIN, MOA, AOA (.pdf) ;; []  | Commercial Annexures (.xls) ;; [3] Technical | Documents for technical qualification (.pdf) ;; []  | Technical Annexures and Other technical doc (.pdf) ;; [4] Finance | BoQ, Price bids to be Quoted here (.xls)",Online,As per tender,procurement,https://iocletenders.nic.in/nicgep/app?component=%24DirectLink_0&page=FrontEndAdvancedSearchResult&service=direct&session=T&sp=S1IjuBmURczoNM6G1eWbytQ%3D%3D
2026_PR_191100_1,NCM2611050,Procurement of 2.5 MT of Donor-D,Procurement of 2.5 MT of Donor-D,IndianOil||Refineries||Panipat Refinery||Materials,Chemical - All,NA,Goods,Global Tenders,Supply,Tender,NA,,0.00,PNC PANIPAT,132140,120,150,,,15-Sep-2026 03:00 PM,,,2,6,"[1] Fee/PreQual/Technical | Bid documents excel file containing Sheet 1 to Sheet 5 (.xls) ;; []  | Enquiry Cum offer containing scope of supply cum technical specification documents and data sheet (.pdf) ;; []  | Documents towards fulfilment of Pre-Qualification criteria (.pdf) ;; []  | Format for acceptance of tender condition (.pdf) ;; []  | Format of bid Security, Holiday Listing, Restriction, Local Content, Insolvency and Bankruptcy (.pdf) ;; [2] Finance | Priced BOQ (.xls)",Not Applicable,Please refer tender documents,procurement,https://iocletenders.nic.in/nicgep/app?component=%24DirectLink_0&page=FrontEndAdvancedSearchResult&service=direct&session=T&sp=ShMCmR%2BJtGP2eQIbQerX5Kw%3D%3D
2026_REFHQ_191332_1,SPN/B269-000-WE-MR-3652/397,SPN/B269-000-WE-MR-3652/397 - FASTENERS FOR P-25 PROJECT OF M/s INDIAN OIL CORPORATION LIMITED,SPN/B269-000-WE-MR-3652/397 - FASTENERS FOR P-25 PROJECT OF M/s INDIAN OIL CORPORATION LIMITED,IndianOil||Refineries||Refineries HQ||Project - PMC||PRPC- P25||Project Group,Miscellaneous Goods,NA,Goods,Limited,Supply,Tender,NA,,0.00,AS PER BIDDING DOCUMENT,122001,120,56,,,23-Sep-2026 02:00 PM,,,1,5,[1] Fee/PreQual/Technical/Finance | Bid Covering letter/ POA / Integrity Pact (as applicable) (.pdf) ;; []  | Documents as per BDS / ITB (.pdf) ;; []  | MSE/PPLC Document /Amendments/ DMI and SP (.pdf) ;; []  | Any other Document / RFQ / Bidding Forms(.xls File) (.rar) ;; []  | BOQ (.xls File) (.xls),Not Applicable,Please refer tender documents.,project,https://iocletenders.nic.in/nicgep/app?component=%24DirectLink_0&page=FrontEndAdvancedSearchResult&service=direct&session=T&sp=SydvvR7GmTag9Bx%2FstXEKuA%3D%3D
2026_REFHQ_190961_1,SPN/B269-000-WH-MR-3744/393,SPN/B269-000-WH-MR-3744/393 - STEAM TRAP FOR P-25 PROJECT OF M/s INDIAN OIL CORPORATION LIMITED,SPN/B269-000-WH-MR-3744/393 - STEAM TRAP FOR P-25 PROJECT OF M/s INDIAN OIL CORPORATION LIMITED,IndianOil||Refineries||Refineries HQ||Project - PMC||PRPC- P25||Project Group,Miscellaneous Goods,NA,Goods,Limited,Supply,Tender,NA,,0.00,AS PER BIDDING DOCUMENT,122001,120,56,,,15-Sep-2026 02:00 PM,,,1,5,[1] Fee/PreQual/Technical/Finance | Bid Covering letter/ POA / Integrity Pact (as applicable) (.pdf) ;; []  | Documents as per BDS / ITB (.pdf) ;; []  | MSE/PPLC Document /Amendments/ DMI and SP (.pdf) ;; []  | Any other Document / RFQ / Bidding Forms(.xls File) (.rar) ;; []  | BOQ (.xls File) (.xls),Not Applicable,Please refer tender documents.,project,https://iocletenders.nic.in/nicgep/app?component=%24DirectLink_0&page=FrontEndAdvancedSearchResult&service=direct&session=T&sp=Snea8RR7g0RIXFDqMrSpZDg%3D%3D
2026_AOD_191219_1,DRE226B075,DRE226B075 Rubber lining and FRP jobs in DM Plant Acid Storage units and Other requirement units In DR,DRE226B075 Rubber lining and FRP jobs in DM Plant Acid Storage units and Other requirement units In DR,IndianOil||Refineries||AOD Digboi||Contracts Section,Mechanical Works,NA,Works,Open Tender,Works,Tender,"1,06,00,102",,"27,000",IOCL Digboi Refinery,786171,120,730,,,16-Sep-2026 04:00 PM,,,2,6,"[1] Fee/PreQual/Technical | Work Order, completion certificate as per NIT Pre Qualification criteria and other Supporting docs. (.pdf) ;; []  | Audited profit and Loss Statements and Balance sheets, Assessment Order or ITRs for last 3 fin. Yrs. (.pdf) ;; []  | Acceptance of Annexures with duly filled, signed, sealed, Tender doc and Undertaking by the Tenderer (.pdf) ;; []  | PF and ESI code allotment letter, PAN card, Power of Attorney, GST certificate (.pdf) ;; []  | Certificate of Incorporation/Partnership deed/Proprietorship affidavit, MSME certificate. (.pdf) ;; [2] Finance | Price Bid (.xls)",Online,Please refer tender Documents,the,https://iocletenders.nic.in/nicgep/app?component=%24DirectLink_0&page=FrontEndAdvancedSearchResult&service=direct&session=T&sp=Sh8a35AqBsg5E92Bli71%2BrA%3D%3D
2026_SROTN_191042_1,MnC/SR/RIM/PT/108/TNSO/2026-27,Public Tender from the transporters for induction of packed transportation truck for Madurai BP under Tamil Nadu State Office,Public Tender from the transporters for induction of packed transportation truck for Madurai BP under Tamil Nadu State Office,IndianOil||Marketing||Southern Region and Tamilnadu State Office||Contracts Cell,Transportation Services,NA,Services,Open Tender,Service,Tender,"71,99,58,282",,"7,05,000",Madurai BP under Tamil Nadu State Office,999999,270,1825,,,12-Sep-2026 02:00 PM,,,2,5,"[1] Fee/PreQual/Technical | EMD or EMD exemption certificate as per tender (.pdf) ;; []  | PQC document as per NIT (.pdf) ;; []  | Other mandatory document as per NIT (.pdf) ;; []  | Excel declarations, Credential statement-Bidder details , Trucks details (.xls) ;; [2] Finance | PRICE BID/BOQ (.xls)",Online,Please refer Tender documents.,the,https://iocletenders.nic.in/nicgep/app?component=%24DirectLink_0&page=FrontEndAdvancedSearchResult&service=direct&session=T&sp=Sp%2Bu0Lmy2NX%2FjmNaiGxIyVA%3D%3D
2026_MKTHO_191247_1,MnC/LUB-32/LT-41/26-27,Proc of additive package,Procurement of additive package ST1742 Or ST1613 Or ST1790 Or ST1599,IndianOil||Marketing||Marketing HO||Contract Cell,Chemical - Chemicals and Additives,Additives,Goods,Limited,Supply,Tender,NA,,0.00,As per NIT,400051,120,180,,,12-Sep-2026 06:35 PM,,,2,2,[1] Fee/PreQual/Technical | Technical bid (.pdf) ;; [2] Finance | Price bid (.xls),Not Applicable,LT,package,https://iocletenders.nic.in/nicgep/app?component=%24DirectLink_0&page=FrontEndAdvancedSearchResult&service=direct&session=T&sp=SUxVQMVrzezLOpxR3wDytNQ%3D%3D
2026_DLSO_191270_1,IOCL/DSO/DBP/BB/2026-27/NIC/14,Nitrogen Purging of Horton Spheres after Statutory Testing at LPG Bottling Plant Tikrikalan,Nitrogen Purging of Horton Spheres after Statutory Testing at LPG Bottling Plant Tikrikalan,IndianOil||Marketing||Delhi-Haryana State Office||LPG,Mechanical Works,NA,Works,Open Tender,Works,Tender,"15,44,030",,0.00,Tikrikalan BP New Delhi,110041,120,NA,,,18-Sep-2026 05:00 PM,,,2,4,[1] Fee/PreQual/Technical | Pre-Qualification Documents (.pdf) ;; []  | Tender Documents (.pdf) ;; []  | Other Documents (.pdf) ;; [2] Finance | BOQ (.xls),Not Applicable,Please refer Tender documents.,testing,https://iocletenders.nic.in/nicgep/app?component=%24DirectLink_0&page=FrontEndAdvancedSearchResult&service=direct&session=T&sp=SYbFPKWEZjrVA0hu9p7DQtg%3D%3D
2026_PR_191158_1,9060C26C54,RPRC263369 ARC for maintenance and oil testing of transformers at P25 units of PRPC,RPRC263369 ARC for maintenance and oil testing of transformers at P25 units of PRPC,IndianOil||Refineries||Panipat Refinery||Contracts,Electrical Works,Refer NIT and tender documents,Works,Open Tender,Works,Tender,"91,64,731",,"23,000",IOCL Panipat Refinery,132140,120,730,,,11-Sep-2026 03:00 PM,,,2,6,"[1] Fee/PreQual/Technical | All Pages of Exhibit Formats Part-2 must be submitted duly filled, signed and stamped (.pdf) ;; []  | Copy of Work Order with SOR and Completion cert with executed value of work done as per NIT (.pdf) ;; []  | Audited Balance Sheet and P/L Statements as per NIT, PAN, GST and ITR as per NIT (.pdf) ;; []  | PF, ESIC, GST, PAN (.pdf) ;; []  | Notarized Power of Attorney, Partnership deed OR Proprietorship affidavit OR Certification of Incorp (.pdf) ;; [2] Finance | Price Bid BoQ (.xls)",Online,Refer NIT and tender documents,testing,https://iocletenders.nic.in/nicgep/app?component=%24DirectLink_0&page=FrontEndAdvancedSearchResult&service=direct&session=T&sp=SLkthVw07BpaYhmb%2Br7e%2BRA%3D%3D
2026_REFHQ_191033_1,RHQMM26425,PARAFFINIC MINERAL OIL (Indigenous) for IOCL PNC and Paradip Refinery Units,PARAFFINIC MINERAL OIL (Indigenous) for IOCL PNC and Paradip Refinery Units,IndianOil||Refineries||Refineries HQ||Materials,Chemical - All,NA,Goods,Open Tender,Tender cum Auction,Rate Contract,NA,,0.00,As per Tender,110003,120,758,,,23-Sep-2026 03:15 PM,,,2,5,"[1] Fee/PreQual/Technical | DOCUMENTS TOWARDS COMPLIANCE OF PREQUALIFICATION CRITERIA, EMD OR BSD DETAILS (.pdf) ;; []  | TECHNICAL SPECIFICATION SHEET DULY SIGNED AND STAMPED, DOCUMENTS IN COMPLIANCE OF GOVT POLICY (.pdf) ;; []  | HOLIDAY LIST DECLARATION, POWER OF ATTORNEY, MISC. DOCS (.pdf) ;; []  | DULY FILLED BID DOCUMENTS, EXCEL FILE ALL SHEETS (.xls) ;; [2] Finance | PRICE SCHEDULE (BoQ) (.xls)",Not Applicable,As per NIT,indigenous,https://iocletenders.nic.in/nicgep/app?component=%24DirectLink_0&page=FrontEndAdvancedSearchResult&service=direct&session=T&sp=STJF0cmS60GGUl6NZxzSIhw%3D%3D
2026_NRPNP_191103_1,PNP26061,"Annual Maintenance Contract (AMC) of Automatic Sliding Glass Doors at Administrative Building, NRPL HQ, Panipat","Annual Maintenance Contract (AMC) of Automatic Sliding Glass Doors at Administrative Building, NRPL HQ, Panipat",IndianOil||Pipelines||NRPL Panipat||Materials,Electrical Works,NA,Works,Open Tender,Works,Rate Contract,"9,43,707",,0.00,NRPL Panipat,132140,120,1095,,,15-Sep-2026 03:30 PM,,,4,9,"[1] Fee | Scanned copy of Unpriced SOR (.pdf) ;; [2] PreQual | Audited financial statements for last 3 FY (.pdf) ;; []  | Work order and completion certificate for commercial qualification (.pdf) ;; []  | Commercial Annexures (.pdf) ;; []  | Annexure-35 on their letter head (If Applicable) (.pdf) ;; []  | Other commercial documents PAN, PF, GST, POA, BOARD RESOLUTION, CIN, MOA, AOA, PARTNERSHIP DEED (.pdf) ;; [3] Technical | Documents for technical qualification (.pdf) ;; []  | Other technical documents (.pdf) ;; [4] Finance | BoQ, Price bids to be Quoted here (.xls)",Not Applicable,Please refer Tender documents.,contract,https://iocletenders.nic.in/nicgep/app?component=%24DirectLink_0&page=FrontEndAdvancedSearchResult&service=direct&session=T&sp=S0s9YpOGOJfeUOIoktS%2BGsQ%3D%3D
2026_IBPN_189410_1,CRYO_PT_IC2526001,Perpetual Empanelment of Contractors for Execution of various types and nature of works at IndianOil Cryogenics and LNG stations of IndianOil Cryogenics PAN India,Perpetual Empanelment of Contractors for Execution of various types and nature of works at IndianOil Cryogenics and LNG stations of IndianOil Cryogenics PAN India,IndianOil||Marketing||IBP Nashik||Materials,Mechanical Works,Perpetual Empanelment,Works,Open Tender,Empanelment,Empanelment,NA,,0.00,PAN India,422010,180,365,,,25-Nov-2026 02:00 PM,,,1,2,[1] Fee/PreQual/Technical/Finance | Tender Documents (.rar) ;; []  | Price Bid (.xls),Not Applicable,Please refer Tender documents.,contract,https://iocletenders.nic.in/nicgep/app?component=%24DirectLink_0&page=FrontEndAdvancedSearchResult&service=direct&session=T&sp=S4gerqgN%2BMdCDX%2FNqzhZkPg%3D%3D
2026_BD_191230_1,BD/MAT/26-27/126,Disposal of 300 MT Polymer Scrap from PDPMC /PP Unit Paradip,Disposal of 300 MT Polymer Scrap from PDPMC /PP Unit Paradip,IndianOil||Business Development||Contracts,Miscellaneous Goods,NA,Goods,Open Tender,Tender cum Auction,Tender,NA,,"30,000",Paradip,754141,120,365,,,17-Sep-2026 05:00 PM,,,2,6,[1] Fee/PreQual/Technical | EMD document (.pdf) ;; []  | Annual Balance sheet and Profit Loss Statements for last 3 years with UDIN as per Tender (.pdf) ;; []  | Commercial Annexures (.pdf) ;; []  | Declaration certifying their turnover in the field of polymer/ petrochemical/ chemical/scraps. (.pdf) ;; []  | Submission of Declaration for Inspection of Materials (.pdf) ;; [2] Finance | BOQ (.xls),Online,As per Tender Document,polymer,https://iocletenders.nic.in/nicgep/app?component=%24DirectLink_0&page=FrontEndAdvancedSearchResult&service=direct&session=T&sp=SCgMguAxxH39cnZusZaxzSA%3D%3D
2026_ERBBS_191331_1,9320C26A91,Carrying out re-routing of existing 10.75 inch OD pipe section of Paradip Raipur Ranchi Pipeline PRRPL by Horizontal Directional Drilling HDD method at ch. 116 KM Saraipalli Korba section in Chhattisgarh,Carrying out re-routing of existing 10.75 inch OD pipe section of Paradip Raipur Ranchi Pipeline PRRPL by Horizontal Directional Drilling HDD method at ch. 116 KM Saraipalli Korba section in Chhattisgarh,"IndianOil||Pipelines||PRRPL, Bhubaneswar||Technical Services",Civil Works,NA,Works,Open Tender,Works,Tender,NA,,"45,000",As mentioned in NIT and Tender Document,495450,120,150,,,23-Sep-2026 03:00 PM,,,3,11,"[1] Fee | PF Registration, ESIC Registration, PAN Card, GSTIN Certificate, Memorandum, and article of associat (.pdf) ;; []  | Work order with completion certificate and TDS document as per NIT and tender document (.pdf) ;; []  | Document indicating annual turnover as per NIT and tender document with UDIN certificate (.pdf) ;; []  | Authority of person signing the tender document, Any other documents (.pdf) ;; []  | Duly filled and signed copy of ANNEXURE (.rar) ;; [2] PreQual/Technical | Technical Annexure and Specifications I (.pdf) ;; []  | Technical Annexure and Specifications II (.pdf) ;; []  | Technical Annexure and Specifications III (.pdf) ;; []  | Technical Annexure and Specifications IV (.pdf) ;; []  | Technical Annexure and Specifications V (.rar) ;; [3] Finance | BOQ (.xls)",Online,Please refer Tender documents.,paradip,https://iocletenders.nic.in/nicgep/app?component=%24DirectLink_0&page=FrontEndAdvancedSearchResult&service=direct&session=T&sp=Sxrm5DwY9uvCWDeVoxe2v%2Bw%3D%3D
2026_PDR_190990_1,9070C26B69,"Tank boot sealing job at IOCL Paradip Refinery, Paradip, Odisha.","Tank boot sealing job at IOCL Paradip Refinery, Paradip, Odisha.",IndianOil||Refineries||Paradip Refinery||Contracts,Civil Works,NA,Works,Open Tender,Works,Tender,"27,07,473",,"8,000",PARADIP REFINERY,754141,120,120,,,12-Sep-2026 05:00 PM,,,3,10,"[1] Fee | ONLINE EMD/EMD Exemption- to upload here (.pdf) ;; []  | INCOME TAX RETURNS FOR LAST 3 YEARS to upload here (.pdf) ;; []  | PROPRIETORSHIP AFFIDAVIT/ PARTNERSHIP DEED/ COI, MOA ALONG WITH POWER OF ATTORNEY to upload here (.pdf) ;; []  | TECHNO COMMERCIAL BID, GCC (unsigned) - to upload here as a token of acceptance (.pdf) ;; []  | PF, ESIC CODES allotment letter copy, PAN and GSTIN copy- To upload here (.pdf) ;; [2] PreQual/Technical | WORK ORDERS WITH COMPLETION CERTIFICATES to upload here (.pdf) ;; []  | AUDITED BALANCE SHEET AND PROFIT AND LOSS ACCOUNT STATEMENTS FOR LAST 3 YEARS (.pdf) ;; []  | ALL Other Tender Documents - to upload here (.pdf) ;; []  | Common Tender Documents (.pdf) ;; [3] Finance | BOQ-SCHEDULE OF RATES (.xls)",Online,Please refer Tender documents.,paradip,https://iocletenders.nic.in/nicgep/app?component=%24DirectLink_0&page=FrontEndAdvancedSearchResult&service=direct&session=T&sp=S3TMHgns2X7eDQxAK%2BMS9tQ%3D%3D
2026_BR_190479_1,9020C26C15,LSTK works for Re-Orientation of power evacuation network at 33KV level and modification of 33KV GIS Boards for development of grid isolation and islanding scheme with TPS of Barauni Refinery,LSTK works for Re-Orientation of power evacuation network at 33KV level and modification of 33KV GIS Boards for development of grid isolation and islanding scheme with TPS of Barauni Refinery,IndianOil||Refineries||Barauni Refinery||Contract,Electrical Works,NA,Works,Open Tender,Tender cum Auction,Tender,NA,,"96,000",Barauni Refinery,851114,180,240,,,10-Sep-2026 03:30 PM,,,2,6,"[1] Fee/PreQual/Technical | Format regarding Acceptance of Tender Doc, Bid security dec (.pdf) ;; []  | PQC,ATO Proof (.pdf) ;; []  | ESIC,PF,GST,ITR,Proprietor,Partner affidavit,Cert of Inc,Ebanking,PAN,Holiday Listing,Udyam (.pdf) ;; []  | Special instructions to renderers regarding GST Vendor to submit duly filled GST declaration (.pdf) ;; []  | Additional documents (.pdf) ;; [2] Finance | Price bid cum BOQ (.xls)",Online,As per Tender NIT and Documents,barauni,https://iocletenders.nic.in/nicgep/app?component=%24DirectLink_0&page=FrontEndAdvancedSearchResult&service=direct&session=T&sp=SmcP71sbkCldelSSPuveFFg%3D%3D
2026_PLHO_191141_1,PLCC/SJPL Buildings/CL/26061,Construction of Non Plant Buildings Sheds and allied facilities/works including associated works at Marketing Terminal Jhapa Nepal,Construction of Non Plant Buildings Sheds and allied facilities/works including associated works at Marketing Terminal Jhapa Nepal,IndianOil||Pipelines||Pipelines HO||Contracts,Civil Works,NA,Works,Open Tender,Works,Tender,NA,,"12,34,000",As per tender documents,999999,120,545,,,18-Sep-2026 03:00 PM,,,4,9,"[1] Fee | EMD submission proof/EMD exemption document (.pdf) ;; [2] PreQual | Audited financial statements for last 3 FY (.pdf) ;; []  | Work order and completion certificate for commercial qualification (.pdf) ;; []  | Commercial Annexure (.xls) ;; []  | Other commercial documents-PAN, PF, GST, POA, BOARD RESOLUTION, CIN, MOA, AOA (.pdf) ;; [3] Technical | Documents for technical qualification (.pdf) ;; []  | Technical Annexures (.pdf) ;; []  | Other technical documents (.pdf) ;; [4] Finance | BoQ, Price bids to be Quoted here (.xls)",Online,As per tender documents,marketing,https://iocletenders.nic.in/nicgep/app?component=%24DirectLink_0&page=FrontEndAdvancedSearchResult&service=direct&session=T&sp=SbzN8lDtOPXiYilN6%2F6v7MA%3D%3D
2026_WRO_191328_1,WRMC/2026-27/LT/324,CONSTRUCTION OF NEW A SITE RO AT LOCATION WITHIN 8 KM FROM RAIKERA CHOWK BAGICHA TOWARDS JASHPUR ON SH 17 BAGICHA RAIKERA KUNKURI ROAD UNDER AMBIKAPUR EAST RSA DISTT JASHPUR Location Sr No 204 SRMP 2023 UNDER RAIPUR DIVISIONAL OFFICE,CONSTRUCTION OF NEW A SITE RO AT LOCATION WITHIN 8 KM FROM RAIKERA CHOWK BAGICHA TOWARDS JASHPUR ON SH 17 BAGICHA RAIKERA KUNKURI ROAD UNDER AMBIKAPUR EAST RSA DISTT JASHPUR Location Sr No 204 SRMP 2023 UNDER RAIPUR DIVISIONAL OFFICE,IndianOil||Marketing||Western Region Office||Contracts Cell,Civil Works,NA,Works,Limited,Works,Tender,"95,64,070",,"24,000",JASHPUR,999999,180,112,,,16-Sep-2026 03:00 PM,,,2,2,[1] Fee/PreQual/Technical | Declarations (.xls) ;; [2] Finance | Boq (.xls),Online,Please refer Tender documents.,construction,https://iocletenders.nic.in/nicgep/app?component=%24DirectLink_0&page=FrontEndAdvancedSearchResult&service=direct&session=T&sp=SkbVjLVpID6roRbVS2wyZMQ%3D%3D
2026_SROTN_191317_1,MnC/SR/BBS/LT/119/KeSO/2026-27,Construction of new A site Retail Outlet Bekal,"Construction of new A Site Retail Outlet with facilities like Sales Building, Canopy, Paver block driveway and other allied civil and electrical works at location From Bekal Periyathadukkam NH road intersection, Periyathadukkam to KSEB substation",IndianOil||Marketing||Southern Region and Tamilnadu State Office||Contracts Cell,Civil Works,NA,Works,Limited,Works,Tender,"1,49,70,572",,0.00,Bekal Periyathadukkam NH road intersection,999999,180,98,,,16-Sep-2026 09:00 AM,,,2,5,[1] Fee/PreQual/Technical | Tender Documents (.pdf) ;; []  | Additional Tender Documents (.pdf) ;; []  | Credential Statement (.xls) ;; []  | Excel Undertaking and Declarations (.xls) ;; [2] Finance | BoQ (.xls),Not Applicable,As per Tender,construction,https://iocletenders.nic.in/nicgep/app?component=%24DirectLink_0&page=FrontEndAdvancedSearchResult&service=direct&session=T&sp=SxWwn1yBxOGqNvJxQzQqaNA%3D%3D
2026_NRO_191319_1,MnC/NR/RSO/ENG/LT-157/26-27,New A Site RO Construction at Village NAYAGAON TEHSIL WAZIRPUR District Sawai Madhopur under Ajmer DO of Rajasthan State Office,New A Site RO Construction at Village NAYAGAON TEHSIL WAZIRPUR District Sawai Madhopur under Ajmer DO of Rajasthan State Office,IndianOil||Marketing||Northern Region Office||Contract Cell,Civil Works,NA,Works,Limited,Works,Tender,"1,02,00,995",,"26,000",IOCL Ajmer DO,305003,180,112,,,15-Sep-2026 05:00 PM,,,2,4,[1] Fee/PreQual/Technical | EMD Docs or BSD along with EMD exemption certificate/Doc (.pdf) ;; []  | Other mandatory document (.pdf) ;; []  | Other mandatory document in excel (.xls) ;; [2] Finance | BoQ (.xls),Online,Please refer Tender documents.,construction,https://iocletenders.nic.in/nicgep/app?component=%24DirectLink_0&page=FrontEndAdvancedSearchResult&service=direct&session=T&sp=S9IqTLYo%2Fo4GHKgolb5CHOA%3D%3D
2026_NRO_191296_1,MnC/NR/UPSO-I/ENG/LT-156/26-27,"Construction of Foam Trolley Bank(s) with provision for Gravity Feeding of Foam to Connected HVLRs at Ambabai, Jhansi Depot, District Jhansi, Uttar Pradesh, under UPSO-I","Construction of Foam Trolley Bank(s) with provision for Gravity Feeding of Foam to Connected HVLRs at Ambabai, Jhansi Depot, District Jhansi, Uttar Pradesh, under UPSO-I",IndianOil||Marketing||Northern Region Office||Contract Cell,Mechanical Works,NA,Works,Limited,Works,Tender,"51,21,232",,"13,000",As per NIT,284003,180,90,,,15-Sep-2026 02:00 PM,,,2,4,[1] Fee/PreQual/Technical | EMD (.pdf) ;; []  | Undertakings and Declarations (.pdf) ;; []  | Excel Declaration (.xls) ;; [2] Finance | BOQ (.xls),Online,Please refer Tender documents.,construction,https://iocletenders.nic.in/nicgep/app?component=%24DirectLink_0&page=FrontEndAdvancedSearchResult&service=direct&session=T&sp=SLFLsVoUNqEmknen6GHJ9UA%3D%3D
2026_MKTHO_191236_1,MnC/LPG-6/PT-56/26-27,"Construction of Roads, drains and culverts at LPG BP, Mualkhang","Construction of Roads, drains and culverts at LPG BP, Mualkhang",IndianOil||Marketing||Marketing HO||Contract Cell,Civil Works,NA,Works,Open Tender,Tender cum Auction,Tender,"19,93,69,802",,"4,99,000",Maulkhang Mizoram,796410,180,365,,,26-Sep-2026 04:00 PM,,,2,5,"[1] Fee/PreQual/Technical | Statement of Credential (.xls) ;; []  | PREQUALIFICATION CRITERIA DOCUMENTS (.pdf) ;; []  | Standard Declaration in Excel file, to be filled, validated and unloaded (.xls) ;; []  | Other Commercial criteria Documents (.pdf) ;; [2] Finance | Price bid (.xls)",Online,As per Tender,construction,https://iocletenders.nic.in/nicgep/app?component=%24DirectLink_0&page=FrontEndAdvancedSearchResult&service=direct&session=T&sp=SJ0w8n2rszALxHT4LhOj1AQ%3D%3D
2026_NRO_191290_1,MnC/NR/UPSOI/ENG/LT-155/26-27,Construction of Foam Trolley Banks with provision for Gravity Feeding of Foam to Connected HVLRs Amausi Lucknow Terminal District Lucknow Uttar Pradesh under UPSOI,Construction of Foam Trolley Banks with provision for Gravity Feeding of Foam to Connected HVLRs Amausi Lucknow Terminal District Lucknow Uttar Pradesh under UPSOI,IndianOil||Marketing||Northern Region Office||Contract Cell,Mechanical Works,NA,Works,Limited,Works,Tender,"63,07,260",,"16,000",IOCL Amousi Terminal Lucknow,226008,180,90,,,14-Sep-2026 11:00 AM,,,2,4,[1] Fee/PreQual/Technical | EMD Docs and EMD Exemption Docs (.pdf) ;; []  | Other Mandatory Docs (.pdf) ;; []  | Other Mandatory Docs in excel (.xls) ;; [2] Finance | BoQ (.xls),Online,Please refer Tender documents.,construction,https://iocletenders.nic.in/nicgep/app?component=%24DirectLink_0&page=FrontEndAdvancedSearchResult&service=direct&session=T&sp=SF%2BMod9YwL3C%2BoY%2FClJMfTw%3D%3D
2026_SROTN_191275_1,MnC/SR/BBS/LT/117/KeSO/2026-27,Construction of new A site Retail Outlet Purathur,"Construction of new A Site KSK Retail Outlet with facilities like Sales Building, Canopy, Paver block driveway and other allied civil and electrical works at location Within Purathur Revenue Village in Chamravattom Kavilkkad Mangala, District, KeSO",IndianOil||Marketing||Southern Region and Tamilnadu State Office||Contracts Cell,Civil Works,NA,Works,Limited,Works,Tender,"1,09,26,812",,0.00,Purathur Revenue Village in Chamravattom Kavilkkad,999999,180,98,,,14-Sep-2026 09:00 AM,,,2,5,[1] Fee/PreQual/Technical | Tender Documents (.pdf) ;; []  | Additional Tender Documents (.pdf) ;; []  | Excel Undertaking and Declarations (.xls) ;; []  | Credential Statement (.xls) ;; [2] Finance | BoQ (.xls),Not Applicable,As per Tender,construction,https://iocletenders.nic.in/nicgep/app?component=%24DirectLink_0&page=FrontEndAdvancedSearchResult&service=direct&session=T&sp=SvRv1IrAK04FTdgyBew8XjA%3D%3D
2026_NRO_191292_1,MnC/NR/UPSO-I/ENG/LT-152/26-27,"Construction of Foam Trolley Banks with provision for Gravity Feeding of Foam to Connected HVLRs at Baitalpur, Baitalpur Depot, District Devoria, Uttar Pradesh, under UPSO-I.","Construction of Foam Trolley Banks with provision for Gravity Feeding of Foam to Connected HVLRs at Baitalpur, Baitalpur Depot, District Devoria, Uttar Pradesh, under UPSO-I.",IndianOil||Marketing||Northern Region Office||Contract Cell,Mechanical Works,NA,Works,Limited,Works,Tender,"56,65,677",,"15,000",Baitalpur Depot,274201,180,90,,,11-Sep-2026 05:00 PM,,,2,4,[1] Fee/PreQual/Technical | EMD Instrument (.pdf) ;; []  | Other Mandatory Docs (.pdf) ;; []  | Excel declarations as per proforma (.xls) ;; [2] Finance | BOQ (.xls),Online,As per NIT,construction,https://iocletenders.nic.in/nicgep/app?component=%24DirectLink_0&page=FrontEndAdvancedSearchResult&service=direct&session=T&sp=SbuN%2Bmg7YU4GDwQWAs7ZBDw%3D%3D
2026_WRO_191262_1,WRMC/2026-27/LT/342,CONSTRUCTION OF NEW A SITE RETAIL OUTLET Between KM stone no 1 and KM Stone no 3 on Thandla Kushalgadh State Highway on Right hand side While going to Kushalgarh from Thandla UNDER INDORE DIVISIONAL OFFICE OF MADHYA PRADESH STATE,CONSTRUCTION OF NEW A SITE RETAIL OUTLET Between KM stone no 1 and KM Stone no 3 on Thandla Kushalgadh State Highway on Right hand side While going to Kushalgarh from Thandla UNDER INDORE DIVISIONAL OFFICE OF MADHYA PRADESH STATE,IndianOil||Marketing||Western Region Office||Contracts Cell,Civil Works,NA,Works,Limited,Works,Tender,NA,,"20,000",Mumbai,400051,180,112,,,10-Sep-2026 03:00 PM,,,2,4,[1] Fee/PreQual/Technical | EMD (.pdf) ;; []  | Declarations and undertakings (.pdf) ;; []  | Declarations and undertakings (.xls) ;; [2] Finance | Price Bid BOQ (.xls),Online,NA,construction,https://iocletenders.nic.in/nicgep/app?component=%24DirectLink_0&page=FrontEndAdvancedSearchResult&service=direct&session=T&sp=SFpVZnYw7NOFXdS6KaEqrEg%3D%3D
2026_SROTN_191244_1,MnC/SR/AR/LT/111/KESO/2026-27,"Construction of new A Site Retail Outlet with facilities at location Within 6 Kms from Parappanangadi Railway Overbridge towards Tirurangadi on SH 65, Malappuram under Kozhikode DO, Kerala","Construction of new A Site Retail Outlet with facilities at location Within 6 Kms from Parappanangadi Railway Overbridge towards Tirurangadi on SH 65, Malappuram under Kozhikode DO, Kerala",IndianOil||Marketing||Southern Region and Tamilnadu State Office||Contracts Cell,Civil Works,NA,Works,Limited,Works,Tender,"1,17,77,318",,0.00,As per tender,999999,180,98,,,10-Sep-2026 04:15 PM,,,2,4,[1] Fee/PreQual/Technical | Bidder Credential Statement (.xls) ;; []  | Excel Declarations Undertakings (.xls) ;; []  | ATO/Any other documents as per tender (.pdf) ;; [2] Finance | Price bid (.xls),Not Applicable,As per tender,construction,https://iocletenders.nic.in/nicgep/app?component=%24DirectLink_0&page=FrontEndAdvancedSearchResult&service=direct&session=T&sp=SGU%2BWfxi1cpZMIbv%2Ff4xd%2Bw%3D%3D
2026_SROTN_191249_1,MnC/SR/RIM/LT/112/KASO/2026-27,"Construction of New A Site KSK at Sy.No.7/1 Of Chikkahandigola Village, Gadag Taluk, Gadag District, Karnataka State Under Belgaum Divisional Office of Karnataka State Office","Construction of New A Site KSK at Sy.No.7/1 Of Chikkahandigola Village, Gadag Taluk, Gadag District, Karnataka State Under Belgaum Divisional Office of Karnataka State Office",IndianOil||Marketing||Southern Region and Tamilnadu State Office||Contracts Cell,Civil Works,NA,Works,Limited,Works,Tender,"51,01,269",,0.00,Belgaum Divisional Office of Karnataka State Offic,999999,180,98,,,10-Sep-2026 12:00 PM,,,2,3,[1] Fee/PreQual/Technical | Bid Security Declaration (.pdf) ;; []  | Excel Declaration Undertaking (.xls) ;; [2] Finance | Price Bid (.xls),Not Applicable,Please refer Tender documents.,construction,https://iocletenders.nic.in/nicgep/app?component=%24DirectLink_0&page=FrontEndAdvancedSearchResult&service=direct&session=T&sp=SZDXGQWfepG2AKpCpv%2FAzhw%3D%3D
2026_ERO_191144_1,ER-MAC/2026-27/PT/254,"CONSTRUCTION OF 1 Nos 16 M dia x 15 M HT ATF CR TANK 1 Nos 12M dia x15M HT SKO CR TANK WITH ASSOCIATEDIATED FACILITIES INCLUDING PIPELINE WORKS AND EXISTING 2 NO OF SKO TO ATF CONVERSION WORKS IN PETROLEUM STORAGE TERMINAL DEPOT ,DOIMUKH-ARUNACHAL","CONSTRUCTION OF 1 Nos 16 M dia x 15 M HT ATF CR TANK 1 Nos 12M dia x15M HT SKO CR TANK WITH ASSOCIATEDIATED FACILITIES INCLUDING PIPELINE WORKS AND EXISTING 2 NO OF SKO TO ATF CONVERSION WORKS IN PETROLEUM STORAGE TERMINAL DEPOT ,DOIMUKH-ARUNACHAL",IndianOil||Marketing||Eastern Region Office||Contract Cell,Mechanical Works,NA,Works,Open Tender,Tender cum Auction,Tender,NA,,"1,67,000","AT DOIMUKH, ARUNACHAL PRADESH",791112,120,270,,,17-Sep-2026 04:00 PM,,,2,6,[1] Fee/PreQual/Technical | PQC DOCUMENTS_WORK EXPERIENCE and ANNUAL TURNOVER DOCUMENTS (.pdf) ;; []  | EMD DOCUMENTS_DETAILS (.pdf) ;; []  | MANDATORY DOCUMENTS_DECLARATIONS_UNDERTAKINGS (.pdf) ;; []  | MANDATORY DOCUMENTS_DECLARATIONS_UNDERTAKINGS (.xls) ;; []  | STATEMENT OF CREDENTIALS (.xls) ;; [2] Finance | BOQ (.xls),Online,As per Tender Document,construction,https://iocletenders.nic.in/nicgep/app?component=%24DirectLink_0&page=FrontEndAdvancedSearchResult&service=direct&session=T&sp=SN4fYih5eKy530AUfa%2F5Fqg%3D%3D
2026_WRO_191192_1,WRMC/2026-27/PT/265,Tender for road transportation of bulk petroleum products by bottom loading tank trucks- MS HSD branded fuels ex Ahmednagar,Tender for road transportation of bulk petroleum products by bottom loading tank trucks- MS HSD branded fuels ex Ahmednagar Maharashtra,IndianOil||Marketing||Western Region Office||Contracts Cell,Transportation Works,NA,Works,Open Tender,EOI,Tender,"96,25,12,107",,0.00,Ahmednagar Maharashtra,414005,300,1825,,,23-Sep-2026 01:00 PM,,,1,4,[1] Fee/PreQual/Technical/Finance | Bid security declarations in lieu of EMD (.pdf) ;; []  | PQC documents (.pdf) ;; []  | Declarations and undertakings (.pdf) ;; []  | Excel file with duly filled TT details Declarations and credential details (.xls),Not Applicable,Please refer NIT,tank,https://iocletenders.nic.in/nicgep/app?component=%24DirectLink_0&page=FrontEndAdvancedSearchResult&service=direct&session=T&sp=SWkFCNBUs1iu4aO%2BkSIvbAQ%3D%3D
2026_PLHO_191134_1,PLCC/Tankage Jhapa Terminal/M/26050,"TANKAGE CONTRUCTION WORKS FOR JHAPA TERMINAL, NEPAL",As per tender document,IndianOil||Pipelines||Pipelines HO||Contracts,Mechanical Works,NA,Works,Open Tender,Works,Tender,NA,,"12,18,000",As per tender document,999999,120,480,,,17-Sep-2026 03:00 PM,,,4,9,"[1] Fee | EMD submission proof/EMD exemption document. Bidder to note that there is NO EMD exemption for MSE (.pdf) ;; [2] PreQual | Audited financial statements for last 3 FY (.pdf) ;; []  | Work order and completion certificate for commercial qualification (.pdf) ;; []  | Commercial Annexure (.xls) ;; []  | Other commercial documents-PAN, PF, GST, POA, BOARD RESOLUTION, CIN, MOA, AOA (.pdf) ;; [3] Technical | Documents for technical qualification (.pdf) ;; []  | Technical Annexures (.pdf) ;; []  | Other technical documents (.pdf) ;; [4] Finance | BoQ, Price bids to be Quoted here (.xls)",Online,Please refer Tender documents.,tank,https://iocletenders.nic.in/nicgep/app?component=%24DirectLink_0&page=FrontEndAdvancedSearchResult&service=direct&session=T&sp=ScApFqJ1FmWb2jrLcGPS58w%3D%3D
2026_WRRAJ_191067_1,PWRJT26317,PWRJT26317 Maintenance and Inspection Work of Crude Oil Storage Tanks VT 07 at WRPL Viramgam.,PWRJT26317 Maintenance and Inspection Work of Crude Oil Storage Tanks VT 07 at WRPL Viramgam.,IndianOil||Pipelines||WRPL Rajkot||Technical Services,Mechanical Works,Tank M and I,Works,Open Tender,Tender cum Auction,Tender,"13,51,37,438",,"3,38,000",WRPL Viramgam,382150,120,300,,,15-Sep-2026 04:00 PM,,,4,16,"[1] Fee | PAN Card and GST (.pdf) ;; []  | EMD payment proof (EMD/BG is mandatory) (.pdf) ;; []  | MOA/MOU or other documents applicable to bidding entities (.pdf) ;; []  | Tender Documents (.pdf) ;; []  | Tender Acceptance- Format (Signed and stamped by the bidder) (.pdf) ;; [2] PreQual | Audited Balance Sheets along with P/L statements, Form 3CD and detailed ITR for last 3 financial yea (.pdf) ;; []  | Complete WO-1 along with completion certificate and all payment proofs (.pdf) ;; []  | Complete WO-2 along with completion certificate and all payment proofs (.pdf) ;; []  | Complete WO-3 along with completion certificate and all payment proofs (.pdf) ;; []  | Balance Sheets additional Document due to size Constraint (.pdf) ;; [3] Technical | Technical Annexure-T1, T2 , T3 and Annexure 27 (.pdf) ;; []  | Annexure 1 to 34 (Excel) duly filled by authorized signatory (DSC user) (.xls) ;; []  | Provident Fund Registration Certificate (.pdf) ;; []  | Certificate of Incorporation / Partnership Deed (.pdf) ;; []  | Power of Attorney or Affidavit of Partnership or Proprietorship on Stamp paper duly notarized (.pdf) ;; [4] Finance | Bill of Quantities (to be uploaded in .xls format only) (.xls)",Online,Please refer Tender Documents,tank,https://iocletenders.nic.in/nicgep/app?component=%24DirectLink_0&page=FrontEndAdvancedSearchResult&service=direct&session=T&sp=SjlpoCuWuv2M%2BTIPI6cj4TA%3D%3D
2026_DLSO_191076_1,DSO/OPS/POL/EOI/27-32/PMC,EOI for Road Transportation of Bulk Petroleum Products MS/ HSD/ Branded Fuels by Top Loading Tank Trucks For Dealers/Consumers Ex- Panipat Terminal,EOI for Road Transportation of Bulk Petroleum Products MS/ HSD/ Branded Fuels by Top Loading Tank Trucks For Dealers/Consumers Ex- Panipat Terminal,IndianOil||Marketing||Delhi-Haryana State Office||Operations,Transportation Works,NA,Works,Open Tender,EOI,Tender,NA,,"5,00,000",Panipat,132140,365,1826,,,21-Sep-2026 10:30 AM,,,1,2,[1] Fee/PreQual/Technical/Finance | EOI (.pdf) ;; []  | TTFormat (.xls),Online,Please refer Tender documents.,tank,https://iocletenders.nic.in/nicgep/app?component=%24DirectLink_0&page=FrontEndAdvancedSearchResult&service=direct&session=T&sp=SmZYDrqYiDVO2tcdFdL4NPg%3D%3D
2026_NRBIJ_190168_1,SR/LC/EXP/PT-01/FF EMP/2026-27/May 2026,"EMPANELMENT OF SHIPPING COMPANIES/ LINER/ AGENT AS FREIGHT FORWARDER FOR EXPORTING LUBE/GREASE IN SMALLS, PACKS, BARRELS/LOBS(BULK) IN FLEXI TANKS IN ISO CONTAINERS BY SEA SHIPMENTS FROM LBP, CHENNAI FOR THREE YEARS","EMPANELMENT OF SHIPPING COMPANIES/ LINER/ AGENT AS FREIGHT FORWARDER FOR EXPORTING LUBE/GREASE IN SMALLS, PACKS, BARRELS/LOBS(BULK) IN FLEXI TANKS IN ISO CONTAINERS BY SEA SHIPMENTS FROM LBP, CHENNAI FOR THREE YEARS",IndianOil||Pipelines||NRPL Bijwasan||Technical Services,Other Services,NA,Services,Open Tender,Empanelment,Empanelment,"7,27,370",,0.00,LBP Chennai,600081,180,1095,,,18-Feb-2027 03:30 PM,,,1,4,[1] Fee/PreQual/Technical/Finance | NIT (.pdf) ;; []  | PQC Documents (.pdf) ;; []  | Other Mandatory documents (.pdf) ;; []  | Excel declaration_undertakings (.xls),Not Applicable,Please refer Tender Documents,tank,https://iocletenders.nic.in/nicgep/app?component=%24DirectLink_0&page=FrontEndAdvancedSearchResult&service=direct&session=T&sp=SISBa3jcWHu385V0ax2NbXA%3D%3D
2026_OSO_191303_1,OSO/RET/ENG/2026-27/LT-04,S/I/T/C of Transformer at Kenduapada station chhak towards Barikpur bazar chhak,"Supply, Installation, Testing, Charging commissioning of Outdoor Type Transformers including DP Structure, all Applicable poles, metering arrangement, Necessary Earthing, Electrical Fittings, all types of cabling etc complete",IndianOil||Marketing||Odisha State Office||Engineering,Electrical Works,NA,Works,Limited,Works,Tender,"6,43,487",,0.00,Kenduapada station chhak towards Barikpur bazar ch,756112,180,42,,,15-Sep-2026 02:00 PM,,,2,6,[1] Fee/PreQual/Technical | Technical Bid (.pdf) ;; []  | Declaration (.xls) ;; []  | Other Documents (.rar) ;; []  | Technical bid PartB (.pdf) ;; []  | GCC (.pdf) ;; [2] Finance | Price bid (.xls),Not Applicable,Please refer Tender documents.,transformer,https://iocletenders.nic.in/nicgep/app?component=%24DirectLink_0&page=FrontEndAdvancedSearchResult&service=direct&session=T&sp=SsgGPRb5h3IYDgPb07Iv2LA%3D%3D
2026_OSO_191143_1,OSO/RET/ENGG/2026-27/LT-02,S/I/T/C of Transformer at Bamunigaon Daringabadi road Kandhamal,"Supply, Installation, Testing, Charging commissioning of Outdoor Type Transformers including DP Structure, all Applicable poles, metering arrangement, Necessary Earthing, Electrical Fittings, all types of cabling Accessories from respective State",IndianOil||Marketing||Odisha State Office||Engineering,Electrical Works,NA,Works,Limited,Works,Tender,"12,36,017",,0.00,Bamunigaon Daringabadi road Kandhamal,762021,180,42,,,15-Sep-2026 12:00 PM,,,2,6,"[1] Fee/PreQual/Technical | Technical Bid_partA (.pdf) ;; []  | GCC (.pdf) ;; []  | Specifications(Civil, Electrical) (.pdf) ;; []  | Other Documents (.rar) ;; []  | Declaration (.xls) ;; [2] Finance | Price Bid (.xls)",Not Applicable,Please refer Tender documents.,transformer,https://iocletenders.nic.in/nicgep/app?component=%24DirectLink_0&page=FrontEndAdvancedSearchResult&service=direct&session=T&sp=SFg%2Fpv3O8mFhKaf3xTwRPIQ%3D%3D
2026_REFHQ_191167_1,9000C26A94,"Empanelment of System Integrators for Development, Deployment, Migration and Enhancement of AI ML Use Cases across Refineries Division.","Empanelment of System Integrators for Development, Deployment, Migration and Enhancement of AI ML Use Cases across Refineries Division.",IndianOil||Refineries||Refineries HQ||Contracts,Other Services,NA,Services,Open Tender,Empanelment,Empanelment,NA,,0.00,New Delhi,110003,120,730,,,21-Sep-2026 03:30 PM,,,1,3,"[1] Fee/PreQual/Technical/Finance | PQ Documents, Audited Balance Sheet (.pdf) ;; []  | Any other Document required as per Empanelment document (.pdf) ;; []  | Bid evaluation criteria document and QBS criteria documents (.pdf)",Not Applicable,Please refer Tender documents.,panel,https://iocletenders.nic.in/nicgep/app?component=%24DirectLink_0&page=FrontEndAdvancedSearchResult&service=direct&session=T&sp=Sz2K88gNAtzo3HV44WH7g1Q%3D%3D
2026_MKTHO_189880_1,HO/ENGG/WSA/PT-04/26-27,1st Perpetual WSA WL Empanelment,1st Perpetual Empanelment of contractors towards execution of various nature of engineering works for development of Wayside amenities non fueling facilities WL under various State Offices of Indian Oil Corporation Ltd,IndianOil||Marketing||Marketing HO||Engineering,Civil Works,NA,Works,Open Tender,Empanelment,Empanelment,0.00,,0.00,All India,400051,120,NA,,,23-Jan-2027 05:00 PM,,,1,4,"[1] Fee/PreQual/Technical/Finance | Documents pertaining to Pre Qualification criteria (PQC) and Bid Security Declaration (BSD) (.pdf) ;; []  | Documents related to Other commercial criteria, Declarations, undertakings and annexures (.pdf) ;; []  | FORMAT FOR EMPANELMENT SOUGHT (Annexure 6) (.pdf) ;; []  | Statement of credential and bid submission checklist (Annexure 1) (.xls)",Not Applicable,Please refer NIT,panel,https://iocletenders.nic.in/nicgep/app?component=%24DirectLink_0&page=FrontEndAdvancedSearchResult&service=direct&session=T&sp=SwrEMzDHxCxJNuB%2FzKrUU0g%3D%3D
2026_MKTHO_189857_1,HO/ENGG/WSA/PT-03/26-27,1st Perpetual WSA WA Empanelment,1st Perpetual Empanelment of architects for nonfuelling facilities of Way Side Amenities Architectural WA under various State Offices of Indian Oil Corporation Ltd,IndianOil||Marketing||Marketing HO||Engineering,Consultancy Service,NA,Services,Open Tender,Empanelment,Empanelment,0.00,,0.00,All India,400051,180,NA,,,17-Nov-2026 05:00 PM,,,1,5,"[1] Fee/PreQual/Technical/Finance | Documents pertaining to Pre-Qualification criteria (PQC) and Bid Security Declaration (BSD) (.pdf) ;; []  | Documents related to Other commercial criteria, Declarations, undertakings and annexures (.pdf) ;; []  | Documents pertaining to Stage 2 Technical evaluation (.pdf) ;; []  | FORMAT FOR EMPANELMENT SOUGHT (Annexure 6) (.pdf) ;; []  | Statement of credential and bid submission checklist (Annexure 1) (.xls)",Not Applicable,Please refer NIT,panel,https://iocletenders.nic.in/nicgep/app?component=%24DirectLink_0&page=FrontEndAdvancedSearchResult&service=direct&session=T&sp=S65wcJ9yTndy82IMMORWWaQ%3D%3D
2026_REFHQ_191334_1,9003C26A09,Renovation of Swimming pool at IIPM Gurugram,Renovation of Swimming pool at IIPM Gurugram,IndianOil||Refineries||Refineries HQ||Materials,Civil Works,NA,Works,Open Tender,Works,Tender,NA,,"26,000","IiPM, Gurugram",122001,120,NA,,,23-Sep-2026 03:00 PM,,,2,5,"[1] Fee/PreQual/Technical | Duly filled and signed CHAPTER-2 i.e. CHECK LIST FOR SUBMISSION OF OFFER (.pdf) ;; []  | Supporting Documents for PQC (PRE-QUALIFICATION CRITERIA) as per NIT Clause 11.0 (.pdf) ;; []  | Duly filled and signed Annexures and OTHER REQUIREMENTS as per NIT Clause 14.0 (.pdf) ;; []  | Duly Signed Special Conditions of Contract (SCC), Chapter-4 with Supporting Documents, if any (.pdf) ;; [2] Finance | BOQ (.xls)",Online,Please refer Tender documents.,2026,https://iocletenders.nic.in/nicgep/app?component=%24DirectLink_0&page=FrontEndAdvancedSearchResult&service=direct&session=T&sp=SYDYK3gwVlXJ%2F8Roywj%2FRxA%3D%3D
2026_JR_191237_1,9030C26D23,9030C26D23 Rectification of jacket fuel naphtha portion of HGU-3 Reformer burner fuel Naphtha network,9030C26D23 Rectification of jacket fuel naphtha portion of HGU-3 Reformer burner fuel Naphtha network,IndianOil||Refineries||Gujarat Refinery||Contracts,Mechanical Works,NA,Works,Open Tender,Tender cum Auction,Tender,NA,,"59,000","Gujarat Refinery, Vadodara",391320,120,365,,,21-Sep-2026 03:00 PM,,,2,6,"[1] Fee/PreQual/Technical | Audited profit and Loss Statements and Balance sheets for last 3 Fin. Year (.pdf) ;; []  | Work Order, completion certificate as per NIT Pre-Qualification criteria and other Supporting docs (.pdf) ;; []  | Acceptance of Annexures duly filled signed sealed Exhibit formats Part-1 (.pdf) ;; []  | PF and ESI code allotment letter, PAN card, Power of Attorney, GST certificate (.pdf) ;; []  | Certificate of Incorporation/Partnership deed/Proprietorship affidavit, MSME certificate (.pdf) ;; [2] Finance | BOQ Price Bid including GST (.xls)",Online,Please Refer Tender Document,for,https://iocletenders.nic.in/nicgep/app?component=%24DirectLink_0&page=FrontEndAdvancedSearchResult&service=direct&session=T&sp=S5T5IZoMaDgie5o7KMS7V7g%3D%3D
2026_MSO_191307_1,MSO/OPS/POL/EOI/2027-32/JNPT COMPLEX,EOI for transport tender ex JNPT Complex,EXPRESSION OF INTEREST FOR ROAD TRANSPORTATION OF BULK PETROLEUM PRODUCTS MS/ HSD/ Branded Fuels for DEALERS/CONSUMERS through Bottom Loading TTs Ex JNPT Complex,IndianOil||Marketing||Maharashtra State Office||Operations,Transportation Services,NA,Services,Open Tender,EOI,Tender,1,,0.00,JNPT COMPLEX,400707,180,NA,,,05-Oct-2026 10:00 AM,,,1,3,[1] Fee/PreQual/Technical/Finance | EOI DOCUMENTS (.pdf) ;; []  | TT DOCUMENTS (.pdf) ;; []  | BID DETAILS CHECKLIST (.xls),Not Applicable,PLEASE REFER TENDER DOCUMENTS,for,https://iocletenders.nic.in/nicgep/app?component=%24DirectLink_0&page=FrontEndAdvancedSearchResult&service=direct&session=T&sp=SlEo1AIQd3jH%2B56E5IyY2Tw%3D%3D
2026_ERO_191277_1,ER-MAC/2026-27/PT/283,"Development of new A site Retail Outlet between KM Stone 10 and KM Stone 13 on RHS of NH-06 (New)/NH-40(Old) while moving from Jorabat towards Byrnihat, District -Ribhoi, State- Meghalaya under Guwahati Divisional Office","Development of new A site Retail Outlet between KM Stone 10 and KM Stone 13 on RHS of NH-06 (New)/NH-40(Old) while moving from Jorabat towards Byrnihat, District -Ribhoi, State- Meghalaya under Guwahati Divisional Office",IndianOil||Marketing||Eastern Region Office||Contract Cell,Civil Works,NA,Works,Open Tender,Tender cum Auction,Tender,"2,72,57,720",,"69,000",Between KM Stone 10 and KM Stone 13 on NH-06 (New),793101,180,105,,,18-Sep-2026 05:05 PM,,,2,6,[1] Fee/PreQual/Technical | EMD Submission Details (.pdf) ;; []  | Declarations and Undertakings (.xls) ;; []  | Credential Statement (.xls) ;; []  | PQC Documents (.pdf) ;; []  | Other Documents (.pdf) ;; [2] Finance | Price Bid (.xls),Online,Please refer Tender documents.,guwahati,https://iocletenders.nic.in/nicgep/app?component=%24DirectLink_0&page=FrontEndAdvancedSearchResult&service=direct&session=T&sp=Ss0Crb8vYNkipmASHl3Yeag%3D%3D
