nit_id,doc_type,doc_name,doc_url,cor_number,cor_pub_date,local_path,bytes
29708,nit_document,NIT Download,https://ntpctender.ntpc.co.in/Uploads/job_45354.pdf,,,data/raw/ntpc/documents/29708_NIT_Download.pdf,1103839
29708,nit_document,Click here to view Salient Technical Features,https://ntpctender.ntpc.co.in/Uploads/tech_job_45354.pdf,,,data/raw/ntpc/documents/29708_Click_here_to_view_Salient_Technical_Features.pdf,140762
29708,corrigendum,cor_29708_10_1.pdf,https://ntpctender.ntpc.co.in/Uploads/cor_29708_10_1.pdf,10,2026-09-08T13:00:00,data/raw/ntpc/documents/29708_cor_29708_10_1.pdf,2209888
29741,nit_document,NIT Download,https://ntpctender.ntpc.co.in/Uploads/job_45386.pdf,,,data/raw/ntpc/documents/29741_NIT_Download.pdf,619922
29741,corrigendum,cor_29741_10_1.pdf,https://ntpctender.ntpc.co.in/Uploads/cor_29741_10_1.pdf,10,2026-09-01T12:00:00,data/raw/ntpc/documents/29741_cor_29741_10_1.pdf,258402
30038,nit_document,NIT Download,https://ntpctender.ntpc.co.in/Uploads/job_45682.pdf,,,data/raw/ntpc/documents/30038_NIT_Download.pdf,1083466
30038,corrigendum,cor_30038_2_1.pdf,https://ntpctender.ntpc.co.in/Uploads/cor_30038_2_1.pdf,2,2026-09-01T13:00:00,data/raw/ntpc/documents/30038_cor_30038_2_1.pdf,5963
30054,nit_document,NIT Download,https://ntpctender.ntpc.co.in/Uploads/job_45699.pdf,,,data/raw/ntpc/documents/30054_NIT_Download.pdf,930075
30081,nit_document,NIT Download,https://ntpctender.ntpc.co.in/Uploads/job_45726.pdf,,,data/raw/ntpc/documents/30081_NIT_Download.pdf,638642
30081,corrigendum,cor_30081_1_1.pdf,https://ntpctender.ntpc.co.in/Uploads/cor_30081_1_1.pdf,1,2026-08-28T10:05:00,data/raw/ntpc/documents/30081_cor_30081_1_1.pdf,513267
30082,nit_document,NIT Download,https://ntpctender.ntpc.co.in/Uploads/job_45727.pdf,,,data/raw/ntpc/documents/30082_NIT_Download.pdf,98627
30082,corrigendum,cor_30082_5_1.pdf,https://ntpctender.ntpc.co.in/Uploads/cor_30082_5_1.pdf,5,2026-09-06T11:30:00,data/raw/ntpc/documents/30082_cor_30082_5_1.pdf,438106
30122,nit_document,NIT Download,https://ntpctender.ntpc.co.in/Uploads/job_45767.pdf,,,data/raw/ntpc/documents/30122_NIT_Download.pdf,848955
30122,corrigendum,cor_30122_2_1.pdf,https://ntpctender.ntpc.co.in/Uploads/cor_30122_2_1.pdf,2,2026-09-02T12:00:00,data/raw/ntpc/documents/30122_cor_30122_2_1.pdf,618907
30131,nit_document,NIT Download,https://ntpctender.ntpc.co.in/Uploads/job_45776.pdf,,,data/raw/ntpc/documents/30131_NIT_Download.pdf,451658
30131,nit_document,Click here to view Salient Technical Features,https://ntpctender.ntpc.co.in/Uploads/tech_job_45776.pdf,,,data/raw/ntpc/documents/30131_Click_here_to_view_Salient_Technical_Features.pdf,64299
30152,nit_document,NIT Download,https://ntpctender.ntpc.co.in/Uploads/job_45797.pdf,,,data/raw/ntpc/documents/30152_NIT_Download.pdf,275932
30161,nit_document,NIT Download,https://ntpctender.ntpc.co.in/Uploads/job_45806.pdf,,,data/raw/ntpc/documents/30161_NIT_Download.pdf,1483008
30162,nit_document,NIT Download,https://ntpctender.ntpc.co.in/Uploads/job_45807.pdf,,,data/raw/ntpc/documents/30162_NIT_Download.pdf,136702
30164,nit_document,NIT Download,https://ntpctender.ntpc.co.in/Uploads/job_45809.pdf,,,data/raw/ntpc/documents/30164_NIT_Download.pdf,103142
30165,nit_document,NIT Download,https://ntpctender.ntpc.co.in/Uploads/job_45810.pdf,,,data/raw/ntpc/documents/30165_NIT_Download.pdf,101298
30166,nit_document,NIT Download,https://ntpctender.ntpc.co.in/Uploads/job_45811.pdf,,,data/raw/ntpc/documents/30166_NIT_Download.pdf,1348799
30166,nit_document,Click here to view Salient Technical Features,https://ntpctender.ntpc.co.in/Uploads/tech_job_45811.pdf,,,data/raw/ntpc/documents/30166_Click_here_to_view_Salient_Technical_Features.pdf,189847
30166,corrigendum,cor_30166_1_1.pdf,https://ntpctender.ntpc.co.in/Uploads/cor_30166_1_1.pdf,1,2026-09-07T17:30:00,data/raw/ntpc/documents/30166_cor_30166_1_1.pdf,348666
30167,nit_document,NIT Download,https://ntpctender.ntpc.co.in/Uploads/job_45812.pdf,,,data/raw/ntpc/documents/30167_NIT_Download.pdf,112240
30168,nit_document,NIT Download,https://ntpctender.ntpc.co.in/Uploads/job_45813.pdf,,,data/raw/ntpc/documents/30168_NIT_Download.pdf,104417
30168,corrigendum,cor_30168_2_1.pdf,https://ntpctender.ntpc.co.in/Uploads/cor_30168_2_1.pdf,2,2026-09-07T11:40:00,data/raw/ntpc/documents/30168_cor_30168_2_1.pdf,80772
30169,nit_document,NIT Download,https://ntpctender.ntpc.co.in/Uploads/job_45814.pdf,,,data/raw/ntpc/documents/30169_NIT_Download.pdf,193365
30171,nit_document,NIT Download,https://ntpctender.ntpc.co.in/Uploads/job_45816.pdf,,,data/raw/ntpc/documents/30171_NIT_Download.pdf,104776
30172,nit_document,NIT Download,https://ntpctender.ntpc.co.in/Uploads/job_45817.pdf,,,data/raw/ntpc/documents/30172_NIT_Download.pdf,566578
30176,nit_document,NIT Download,https://ntpctender.ntpc.co.in/Uploads/job_45821.pdf,,,data/raw/ntpc/documents/30176_NIT_Download.pdf,1375384
30177,nit_document,NIT Download,https://ntpctender.ntpc.co.in/Uploads/job_45822.pdf,,,data/raw/ntpc/documents/30177_NIT_Download.pdf,101479
30179,nit_document,NIT Download,https://ntpctender.ntpc.co.in/Uploads/job_45824.pdf,,,data/raw/ntpc/documents/30179_NIT_Download.pdf,167232
30179,nit_document,Click here to view Salient Technical Features,https://ntpctender.ntpc.co.in/Uploads/tech_job_45824.pdf,,,data/raw/ntpc/documents/30179_Click_here_to_view_Salient_Technical_Features.pdf,228212
30180,nit_document,NIT Download,https://ntpctender.ntpc.co.in/Uploads/job_45825.pdf,,,data/raw/ntpc/documents/30180_NIT_Download.pdf,109697
30182,nit_document,NIT Download,https://ntpctender.ntpc.co.in/Uploads/job_45827.pdf,,,data/raw/ntpc/documents/30182_NIT_Download.pdf,107367
30182,corrigendum,cor_30182_1_1.pdf,https://ntpctender.ntpc.co.in/Uploads/cor_30182_1_1.pdf,1,2026-09-07T16:30:00,data/raw/ntpc/documents/30182_cor_30182_1_1.pdf,38005
30183,nit_document,NIT Download,https://ntpctender.ntpc.co.in/Uploads/job_45828.pdf,,,data/raw/ntpc/documents/30183_NIT_Download.pdf,111414
30185,nit_document,NIT Download,https://ntpctender.ntpc.co.in/Uploads/job_45830.pdf,,,data/raw/ntpc/documents/30185_NIT_Download.pdf,119439
30186,nit_document,NIT Download,https://ntpctender.ntpc.co.in/Uploads/job_45831.pdf,,,data/raw/ntpc/documents/30186_NIT_Download.pdf,121349
30187,nit_document,NIT Download,https://ntpctender.ntpc.co.in/Uploads/job_45832.pdf,,,data/raw/ntpc/documents/30187_NIT_Download.pdf,353338
30189,nit_document,NIT Download,https://ntpctender.ntpc.co.in/Uploads/job_45834.pdf,,,data/raw/ntpc/documents/30189_NIT_Download.pdf,100118
30190,nit_document,NIT Download,https://ntpctender.ntpc.co.in/Uploads/job_45835.pdf,,,data/raw/ntpc/documents/30190_NIT_Download.pdf,185999
30191,nit_document,NIT Download,https://ntpctender.ntpc.co.in/Uploads/job_45836.pdf,,,data/raw/ntpc/documents/30191_NIT_Download.pdf,106288
30192,nit_document,NIT Download,https://ntpctender.ntpc.co.in/Uploads/job_45837.pdf,,,data/raw/ntpc/documents/30192_NIT_Download.pdf,208466
30193,nit_document,NIT Download,https://ntpctender.ntpc.co.in/Uploads/job_45838.pdf,,,data/raw/ntpc/documents/30193_NIT_Download.pdf,108127
30194,nit_document,NIT Download,https://ntpctender.ntpc.co.in/Uploads/job_45839.pdf,,,data/raw/ntpc/documents/30194_NIT_Download.pdf,509660
30196,nit_document,NIT Download,https://ntpctender.ntpc.co.in/Uploads/job_45841.pdf,,,data/raw/ntpc/documents/30196_NIT_Download.pdf,800763
30198,nit_document,NIT Download,https://ntpctender.ntpc.co.in/Uploads/job_45843.pdf,,,data/raw/ntpc/documents/30198_NIT_Download.pdf,636317
30199,nit_document,NIT Download,https://ntpctender.ntpc.co.in/Uploads/job_45844.pdf,,,data/raw/ntpc/documents/30199_NIT_Download.pdf,635970
30200,nit_document,NIT Download,https://ntpctender.ntpc.co.in/Uploads/job_45845.pdf,,,data/raw/ntpc/documents/30200_NIT_Download.pdf,2348942
30201,nit_document,NIT Download,https://ntpctender.ntpc.co.in/Uploads/job_45846.pdf,,,data/raw/ntpc/documents/30201_NIT_Download.pdf,440756
30202,nit_document,NIT Download,https://ntpctender.ntpc.co.in/Uploads/job_45847.pdf,,,data/raw/ntpc/documents/30202_NIT_Download.pdf,423538
30203,nit_document,NIT Download,https://ntpctender.ntpc.co.in/Uploads/job_45858.pdf,,,data/raw/ntpc/documents/30203_NIT_Download.pdf,99648
30204,nit_document,NIT Download,https://ntpctender.ntpc.co.in/Uploads/job_45857.pdf,,,data/raw/ntpc/documents/30204_NIT_Download.pdf,4147364
30205,nit_document,NIT Download,https://ntpctender.ntpc.co.in/Uploads/job_45856.pdf,,,data/raw/ntpc/documents/30205_NIT_Download.pdf,57165
30206,nit_document,NIT Download,https://ntpctender.ntpc.co.in/Uploads/job_45855.pdf,,,data/raw/ntpc/documents/30206_NIT_Download.pdf,103493
30207,nit_document,NIT Download,https://ntpctender.ntpc.co.in/Uploads/job_45854.pdf,,,data/raw/ntpc/documents/30207_NIT_Download.pdf,523075
30208,nit_document,NIT Download,https://ntpctender.ntpc.co.in/Uploads/job_45853.pdf,,,data/raw/ntpc/documents/30208_NIT_Download.pdf,202874
30209,nit_document,NIT Download,https://ntpctender.ntpc.co.in/Uploads/job_45852.pdf,,,data/raw/ntpc/documents/30209_NIT_Download.pdf,637556
30210,nit_document,NIT Download,https://ntpctender.ntpc.co.in/Uploads/job_45851.pdf,,,data/raw/ntpc/documents/30210_NIT_Download.pdf,283252
30211,nit_document,NIT Download,https://ntpctender.ntpc.co.in/Uploads/job_45850.pdf,,,data/raw/ntpc/documents/30211_NIT_Download.pdf,185672
30212,nit_document,NIT Download,https://ntpctender.ntpc.co.in/Uploads/job_45849.pdf,,,data/raw/ntpc/documents/30212_NIT_Download.pdf,181263
30213,nit_document,NIT Download,https://ntpctender.ntpc.co.in/Uploads/job_45848.pdf,,,data/raw/ntpc/documents/30213_NIT_Download.pdf,372869
30214,nit_document,NIT Download,https://ntpctender.ntpc.co.in/Uploads/job_45859.pdf,,,data/raw/ntpc/documents/30214_NIT_Download.pdf,738101
30215,nit_document,NIT Download,https://ntpctender.ntpc.co.in/Uploads/job_45860.pdf,,,data/raw/ntpc/documents/30215_NIT_Download.pdf,160044
30216,nit_document,NIT Download,https://ntpctender.ntpc.co.in/Uploads/job_45861.pdf,,,data/raw/ntpc/documents/30216_NIT_Download.pdf,113556
30217,nit_document,NIT Download,https://ntpctender.ntpc.co.in/Uploads/job_45862.pdf,,,data/raw/ntpc/documents/30217_NIT_Download.pdf,126616
30218,nit_document,NIT Download,https://ntpctender.ntpc.co.in/Uploads/job_45863.pdf,,,data/raw/ntpc/documents/30218_NIT_Download.pdf,136127
30219,nit_document,NIT Download,https://ntpctender.ntpc.co.in/Uploads/job_45864.pdf,,,data/raw/ntpc/documents/30219_NIT_Download.pdf,517651
30220,nit_document,NIT Download,https://ntpctender.ntpc.co.in/Uploads/job_45865.pdf,,,data/raw/ntpc/documents/30220_NIT_Download.pdf,203229
30221,nit_document,NIT Download,https://ntpctender.ntpc.co.in/Uploads/job_45866.pdf,,,data/raw/ntpc/documents/30221_NIT_Download.pdf,644037
30222,nit_document,NIT Download,https://ntpctender.ntpc.co.in/Uploads/job_45867.pdf,,,data/raw/ntpc/documents/30222_NIT_Download.pdf,108485
30223,nit_document,NIT Download,https://ntpctender.ntpc.co.in/Uploads/job_45868.pdf,,,data/raw/ntpc/documents/30223_NIT_Download.pdf,305388
30224,nit_document,NIT Download,https://ntpctender.ntpc.co.in/Uploads/job_45869.pdf,,,data/raw/ntpc/documents/30224_NIT_Download.pdf,1335316
30225,nit_document,NIT Download,https://ntpctender.ntpc.co.in/Uploads/job_45870.pdf,,,data/raw/ntpc/documents/30225_NIT_Download.pdf,104108
30226,nit_document,NIT Download,https://ntpctender.ntpc.co.in/Uploads/job_45871.pdf,,,data/raw/ntpc/documents/30226_NIT_Download.pdf,221050
30227,nit_document,NIT Download,https://ntpctender.ntpc.co.in/Uploads/job_45872.pdf,,,data/raw/ntpc/documents/30227_NIT_Download.pdf,457862
30228,nit_document,NIT Download,https://ntpctender.ntpc.co.in/Uploads/job_45873.pdf,,,data/raw/ntpc/documents/30228_NIT_Download.pdf,108539
30229,nit_document,NIT Download,https://ntpctender.ntpc.co.in/Uploads/job_45874.pdf,,,data/raw/ntpc/documents/30229_NIT_Download.pdf,3785003
30230,nit_document,NIT Download,https://ntpctender.ntpc.co.in/Uploads/job_45875.pdf,,,data/raw/ntpc/documents/30230_NIT_Download.pdf,250444
30231,nit_document,NIT Download,https://ntpctender.ntpc.co.in/Uploads/job_45876.pdf,,,data/raw/ntpc/documents/30231_NIT_Download.pdf,105856
28808,nit_document,NIT Download,https://ntpctender.ntpc.co.in/Uploads/job_44454.pdf,,,data/raw/ntpc/documents/28808_NIT_Download.pdf,248197
28809,nit_document,NIT Download,https://ntpctender.ntpc.co.in/Uploads/job_44455.pdf,,,data/raw/ntpc/documents/28809_NIT_Download.pdf,1093928
28809,nit_document,Click here to view Salient Technical Features,https://ntpctender.ntpc.co.in/Uploads/tech_job_44455.pdf,,,data/raw/ntpc/documents/28809_Click_here_to_view_Salient_Technical_Features.pdf,158721
28810,nit_document,NIT Download,https://ntpctender.ntpc.co.in/Uploads/job_44456.pdf,,,data/raw/ntpc/documents/28810_NIT_Download.pdf,734282
28811,nit_document,NIT Download,https://ntpctender.ntpc.co.in/Uploads/job_44457.pdf,,,data/raw/ntpc/documents/28811_NIT_Download.pdf,1416468
28812,nit_document,NIT Download,https://ntpctender.ntpc.co.in/Uploads/job_44458.pdf,,,data/raw/ntpc/documents/28812_NIT_Download.pdf,6139384
28813,nit_document,NIT Download,https://ntpctender.ntpc.co.in/Uploads/job_44459.pdf,,,data/raw/ntpc/documents/28813_NIT_Download.pdf,315072
28814,nit_document,NIT Download,https://ntpctender.ntpc.co.in/Uploads/job_44460.pdf,,,data/raw/ntpc/documents/28814_NIT_Download.pdf,145964
28815,nit_document,NIT Download,https://ntpctender.ntpc.co.in/Uploads/job_44461.pdf,,,data/raw/ntpc/documents/28815_NIT_Download.pdf,420177
28816,nit_document,NIT Download,https://ntpctender.ntpc.co.in/Uploads/job_44462.pdf,,,data/raw/ntpc/documents/28816_NIT_Download.pdf,236063
28816,corrigendum,cor_28816_1_1.pdf,https://ntpctender.ntpc.co.in/Uploads/cor_28816_1_1.pdf,1,2025-07-28T12:10:00,data/raw/ntpc/documents/28816_cor_28816_1_1.pdf,49438
28817,nit_document,NIT Download,https://ntpctender.ntpc.co.in/Uploads/job_44463.pdf,,,data/raw/ntpc/documents/28817_NIT_Download.pdf,1370290
28818,nit_document,NIT Download,https://ntpctender.ntpc.co.in/Uploads/job_44464.pdf,,,data/raw/ntpc/documents/28818_NIT_Download.pdf,280771
28819,nit_document,NIT Download,https://ntpctender.ntpc.co.in/Uploads/job_44465.pdf,,,data/raw/ntpc/documents/28819_NIT_Download.pdf,141629
28819,corrigendum,cor_28819_3_1.pdf,https://ntpctender.ntpc.co.in/Uploads/cor_28819_3_1.pdf,3,2025-09-06T15:20:00,data/raw/ntpc/documents/28819_cor_28819_3_1.pdf,137716
28820,nit_document,NIT Download,https://ntpctender.ntpc.co.in/Uploads/job_44466.pdf,,,data/raw/ntpc/documents/28820_NIT_Download.pdf,135333
28821,nit_document,NIT Download,https://ntpctender.ntpc.co.in/Uploads/job_44467.pdf,,,data/raw/ntpc/documents/28821_NIT_Download.pdf,97700
28821,corrigendum,cor_28821_1_1.pdf,https://ntpctender.ntpc.co.in/Uploads/cor_28821_1_1.pdf,1,2025-07-23T16:15:00,data/raw/ntpc/documents/28821_cor_28821_1_1.pdf,97700
28822,nit_document,NIT Download,https://ntpctender.ntpc.co.in/Uploads/job_44468.pdf,,,data/raw/ntpc/documents/28822_NIT_Download.pdf,158771
28822,corrigendum,cor_28822_1_1.pdf,https://ntpctender.ntpc.co.in/Uploads/cor_28822_1_1.pdf,1,2025-08-04T09:30:00,data/raw/ntpc/documents/28822_cor_28822_1_1.pdf,49825
28823,nit_document,NIT Download,https://ntpctender.ntpc.co.in/Uploads/job_44469.pdf,,,data/raw/ntpc/documents/28823_NIT_Download.pdf,1556941
28824,nit_document,NIT Download,https://ntpctender.ntpc.co.in/Uploads/job_44470.pdf,,,data/raw/ntpc/documents/28824_NIT_Download.pdf,99579
28824,corrigendum,cor_28824_4_1.pdf,https://ntpctender.ntpc.co.in/Uploads/cor_28824_4_1.pdf,4,2025-08-26T13:15:00,data/raw/ntpc/documents/28824_cor_28824_4_1.pdf,274077
28825,nit_document,NIT Download,https://ntpctender.ntpc.co.in/Uploads/job_44471.pdf,,,data/raw/ntpc/documents/28825_NIT_Download.pdf,144885
28826,nit_document,NIT Download,https://ntpctender.ntpc.co.in/Uploads/job_44472.pdf,,,data/raw/ntpc/documents/28826_NIT_Download.pdf,318963
28827,nit_document,NIT Download,https://ntpctender.ntpc.co.in/Uploads/job_44473.pdf,,,data/raw/ntpc/documents/28827_NIT_Download.pdf,302006
28828,nit_document,NIT Download,https://ntpctender.ntpc.co.in/Uploads/job_44474.pdf,,,data/raw/ntpc/documents/28828_NIT_Download.pdf,301974
28829,nit_document,NIT Download,https://ntpctender.ntpc.co.in/Uploads/job_44475.pdf,,,data/raw/ntpc/documents/28829_NIT_Download.pdf,100775
28830,nit_document,NIT Download,https://ntpctender.ntpc.co.in/Uploads/job_44476.pdf,,,data/raw/ntpc/documents/28830_NIT_Download.pdf,3538226
28831,nit_document,NIT Download,https://ntpctender.ntpc.co.in/Uploads/job_44477.pdf,,,data/raw/ntpc/documents/28831_NIT_Download.pdf,342996
28832,nit_document,NIT Download,https://ntpctender.ntpc.co.in/Uploads/job_44478.pdf,,,data/raw/ntpc/documents/28832_NIT_Download.pdf,796654
28833,nit_document,NIT Download,https://ntpctender.ntpc.co.in/Uploads/job_44479.pdf,,,data/raw/ntpc/documents/28833_NIT_Download.pdf,422503
28834,nit_document,NIT Download,https://ntpctender.ntpc.co.in/Uploads/job_44480.pdf,,,data/raw/ntpc/documents/28834_NIT_Download.pdf,222600
28835,nit_document,NIT Download,https://ntpctender.ntpc.co.in/Uploads/job_44481.pdf,,,data/raw/ntpc/documents/28835_NIT_Download.pdf,308585
28836,nit_document,NIT Download,https://ntpctender.ntpc.co.in/Uploads/job_44482.pdf,,,data/raw/ntpc/documents/28836_NIT_Download.pdf,93870
28837,nit_document,NIT Download,https://ntpctender.ntpc.co.in/Uploads/job_44483.pdf,,,data/raw/ntpc/documents/28837_NIT_Download.pdf,90997
28838,nit_document,NIT Download,https://ntpctender.ntpc.co.in/Uploads/job_44484.pdf,,,data/raw/ntpc/documents/28838_NIT_Download.pdf,130255
28839,nit_document,NIT Download,https://ntpctender.ntpc.co.in/Uploads/job_44485.pdf,,,data/raw/ntpc/documents/28839_NIT_Download.pdf,130336
28840,nit_document,NIT Download,https://ntpctender.ntpc.co.in/Uploads/job_44486.pdf,,,data/raw/ntpc/documents/28840_NIT_Download.pdf,114538
28841,nit_document,NIT Download,https://ntpctender.ntpc.co.in/Uploads/job_44487.pdf,,,data/raw/ntpc/documents/28841_NIT_Download.pdf,114646
28842,nit_document,NIT Download,https://ntpctender.ntpc.co.in/Uploads/job_44488.pdf,,,data/raw/ntpc/documents/28842_NIT_Download.pdf,114601
28843,nit_document,NIT Download,https://ntpctender.ntpc.co.in/Uploads/job_44489.pdf,,,data/raw/ntpc/documents/28843_NIT_Download.pdf,114739
28844,nit_document,NIT Download,https://ntpctender.ntpc.co.in/Uploads/job_44490.pdf,,,data/raw/ntpc/documents/28844_NIT_Download.pdf,114347
28845,nit_document,NIT Download,https://ntpctender.ntpc.co.in/Uploads/job_44491.pdf,,,data/raw/ntpc/documents/28845_NIT_Download.pdf,363904
28845,corrigendum,cor_28845_7_1.pdf,https://ntpctender.ntpc.co.in/Uploads/cor_28845_7_1.pdf,7,2025-09-19T17:00:00,data/raw/ntpc/documents/28845_cor_28845_7_1.pdf,372895
28846,nit_document,NIT Download,https://ntpctender.ntpc.co.in/Uploads/job_44492.pdf,,,data/raw/ntpc/documents/28846_NIT_Download.pdf,131898
28847,nit_document,NIT Download,https://ntpctender.ntpc.co.in/Uploads/job_44493.pdf,,,data/raw/ntpc/documents/28847_NIT_Download.pdf,121449
28848,nit_document,NIT Download,https://ntpctender.ntpc.co.in/Uploads/job_44494.pdf,,,data/raw/ntpc/documents/28848_NIT_Download.pdf,300240
28849,nit_document,NIT Download,https://ntpctender.ntpc.co.in/Uploads/job_44495.pdf,,,data/raw/ntpc/documents/28849_NIT_Download.pdf,118341
28849,corrigendum,cor_28849_2_1.pdf,https://ntpctender.ntpc.co.in/Uploads/cor_28849_2_1.pdf,2,2025-08-08T11:00:00,data/raw/ntpc/documents/28849_cor_28849_2_1.pdf,96472
28850,nit_document,NIT Download,https://ntpctender.ntpc.co.in/Uploads/job_44496.pdf,,,data/raw/ntpc/documents/28850_NIT_Download.pdf,105106
28851,nit_document,NIT Download,https://ntpctender.ntpc.co.in/Uploads/job_44497.pdf,,,data/raw/ntpc/documents/28851_NIT_Download.pdf,122266
28852,nit_document,NIT Download,https://ntpctender.ntpc.co.in/Uploads/job_44498.pdf,,,data/raw/ntpc/documents/28852_NIT_Download.pdf,185798
28853,nit_document,NIT Download,https://ntpctender.ntpc.co.in/Uploads/job_44499.pdf,,,data/raw/ntpc/documents/28853_NIT_Download.pdf,521545
28854,nit_document,NIT Download,https://ntpctender.ntpc.co.in/Uploads/job_44500.pdf,,,data/raw/ntpc/documents/28854_NIT_Download.pdf,847128
28855,nit_document,NIT Download,https://ntpctender.ntpc.co.in/Uploads/job_44501.pdf,,,data/raw/ntpc/documents/28855_NIT_Download.pdf,127161
28856,nit_document,NIT Download,https://ntpctender.ntpc.co.in/Uploads/job_44502.pdf,,,data/raw/ntpc/documents/28856_NIT_Download.pdf,510653
28857,nit_document,NIT Download,https://ntpctender.ntpc.co.in/Uploads/job_44503.pdf,,,data/raw/ntpc/documents/28857_NIT_Download.pdf,128312
28858,nit_document,NIT Download,https://ntpctender.ntpc.co.in/Uploads/job_44504.pdf,,,data/raw/ntpc/documents/28858_NIT_Download.pdf,126920
28859,nit_document,NIT Download,https://ntpctender.ntpc.co.in/Uploads/job_44505.pdf,,,data/raw/ntpc/documents/28859_NIT_Download.pdf,102995
28860,nit_document,NIT Download,https://ntpctender.ntpc.co.in/Uploads/job_44506.pdf,,,data/raw/ntpc/documents/28860_NIT_Download.pdf,104498
28861,nit_document,NIT Download,https://ntpctender.ntpc.co.in/Uploads/job_44507.pdf,,,data/raw/ntpc/documents/28861_NIT_Download.pdf,362742
28861,corrigendum,cor_28861_5_1.pdf,https://ntpctender.ntpc.co.in/Uploads/cor_28861_5_1.pdf,5,2025-09-15T10:10:00,data/raw/ntpc/documents/28861_cor_28861_5_1.pdf,370221
28862,nit_document,NIT Download,https://ntpctender.ntpc.co.in/Uploads/job_44508.pdf,,,data/raw/ntpc/documents/28862_NIT_Download.pdf,287449
28863,nit_document,NIT Download,https://ntpctender.ntpc.co.in/Uploads/job_44509.pdf,,,data/raw/ntpc/documents/28863_NIT_Download.pdf,253949
28864,nit_document,NIT Download,https://ntpctender.ntpc.co.in/Uploads/job_44510.pdf,,,data/raw/ntpc/documents/28864_NIT_Download.pdf,300404
28865,nit_document,NIT Download,https://ntpctender.ntpc.co.in/Uploads/job_44511.pdf,,,data/raw/ntpc/documents/28865_NIT_Download.pdf,365090
28865,corrigendum,cor_28865_10_1.pdf,https://ntpctender.ntpc.co.in/Uploads/cor_28865_10_1.pdf,10,2025-10-27T11:00:00,data/raw/ntpc/documents/28865_cor_28865_10_1.pdf,364573
28866,nit_document,NIT Download,https://ntpctender.ntpc.co.in/Uploads/job_44512.pdf,,,data/raw/ntpc/documents/28866_NIT_Download.pdf,139850
28867,nit_document,NIT Download,https://ntpctender.ntpc.co.in/Uploads/job_44513.pdf,,,data/raw/ntpc/documents/28867_NIT_Download.pdf,102380
28868,nit_document,NIT Download,https://ntpctender.ntpc.co.in/Uploads/job_44514.pdf,,,data/raw/ntpc/documents/28868_NIT_Download.pdf,425732
28868,corrigendum,cor_28868_5_1.pdf,https://ntpctender.ntpc.co.in/Uploads/cor_28868_5_1.pdf,5,2025-09-22T10:20:00,data/raw/ntpc/documents/28868_cor_28868_5_1.pdf,7223211
28869,nit_document,NIT Download,https://ntpctender.ntpc.co.in/Uploads/job_44515.pdf,,,data/raw/ntpc/documents/28869_NIT_Download.pdf,264817
28870,nit_document,NIT Download,https://ntpctender.ntpc.co.in/Uploads/job_44516.pdf,,,data/raw/ntpc/documents/28870_NIT_Download.pdf,204129
28870,corrigendum,cor_28870_1_1.pdf,https://ntpctender.ntpc.co.in/Uploads/cor_28870_1_1.pdf,1,2025-07-25T15:40:00,data/raw/ntpc/documents/28870_cor_28870_1_1.pdf,152927
28871,nit_document,NIT Download,https://ntpctender.ntpc.co.in/Uploads/job_44517.pdf,,,data/raw/ntpc/documents/28871_NIT_Download.pdf,671655
28871,corrigendum,cor_28871_1_1.pdf,https://ntpctender.ntpc.co.in/Uploads/cor_28871_1_1.pdf,1,2025-08-21T10:20:00,data/raw/ntpc/documents/28871_cor_28871_1_1.pdf,687593
28872,nit_document,NIT Download,https://ntpctender.ntpc.co.in/Uploads/job_44518.pdf,,,data/raw/ntpc/documents/28872_NIT_Download.pdf,288002
28873,nit_document,NIT Download,https://ntpctender.ntpc.co.in/Uploads/job_44519.pdf,,,data/raw/ntpc/documents/28873_NIT_Download.pdf,414613
28873,corrigendum,cor_28873_1_1.pdf,https://ntpctender.ntpc.co.in/Uploads/cor_28873_1_1.pdf,1,2025-08-12T09:55:00,data/raw/ntpc/documents/28873_cor_28873_1_1.pdf,93494
28874,nit_document,NIT Download,https://ntpctender.ntpc.co.in/Uploads/job_44520.pdf,,,data/raw/ntpc/documents/28874_NIT_Download.pdf,132380
28875,nit_document,NIT Download,https://ntpctender.ntpc.co.in/Uploads/job_44521.pdf,,,data/raw/ntpc/documents/28875_NIT_Download.pdf,159633
28876,nit_document,NIT Download,https://ntpctender.ntpc.co.in/Uploads/job_44522.pdf,,,data/raw/ntpc/documents/28876_NIT_Download.pdf,384875
28877,nit_document,NIT Download,https://ntpctender.ntpc.co.in/Uploads/job_44523.pdf,,,data/raw/ntpc/documents/28877_NIT_Download.pdf,260898
28878,nit_document,NIT Download,https://ntpctender.ntpc.co.in/Uploads/job_44524.pdf,,,data/raw/ntpc/documents/28878_NIT_Download.pdf,96414
28879,nit_document,NIT Download,https://ntpctender.ntpc.co.in/Uploads/job_44525.pdf,,,data/raw/ntpc/documents/28879_NIT_Download.pdf,101570
28880,nit_document,NIT Download,https://ntpctender.ntpc.co.in/Uploads/job_44526.pdf,,,data/raw/ntpc/documents/28880_NIT_Download.pdf,97602
28881,nit_document,NIT Download,https://ntpctender.ntpc.co.in/Uploads/job_44527.pdf,,,data/raw/ntpc/documents/28881_NIT_Download.pdf,779770
28882,nit_document,NIT Download,https://ntpctender.ntpc.co.in/Uploads/job_44528.pdf,,,data/raw/ntpc/documents/28882_NIT_Download.pdf,362193
28883,nit_document,NIT Download,https://ntpctender.ntpc.co.in/Uploads/job_44529.pdf,,,data/raw/ntpc/documents/28883_NIT_Download.pdf,114648
28884,nit_document,NIT Download,https://ntpctender.ntpc.co.in/Uploads/job_44530.pdf,,,data/raw/ntpc/documents/28884_NIT_Download.pdf,132210
28885,nit_document,NIT Download,https://ntpctender.ntpc.co.in/Uploads/job_44531.pdf,,,data/raw/ntpc/documents/28885_NIT_Download.pdf,102311
28886,nit_document,NIT Download,https://ntpctender.ntpc.co.in/Uploads/job_44532.pdf,,,data/raw/ntpc/documents/28886_NIT_Download.pdf,227478
28887,nit_document,NIT Download,https://ntpctender.ntpc.co.in/Uploads/job_44533.pdf,,,data/raw/ntpc/documents/28887_NIT_Download.pdf,256645
28887,nit_document,Click here to view Salient Technical Features,https://ntpctender.ntpc.co.in/Uploads/tech_job_44533.pdf,,,data/raw/ntpc/documents/28887_Click_here_to_view_Salient_Technical_Features.pdf,55472
28887,corrigendum,cor_28887_1_1.pdf,https://ntpctender.ntpc.co.in/Uploads/cor_28887_1_1.pdf,1,2025-08-14T16:00:00,data/raw/ntpc/documents/28887_cor_28887_1_1.pdf,181953
28888,nit_document,NIT Download,https://ntpctender.ntpc.co.in/Uploads/job_44534.pdf,,,data/raw/ntpc/documents/28888_NIT_Download.pdf,253140
28889,nit_document,NIT Download,https://ntpctender.ntpc.co.in/Uploads/job_44535.pdf,,,data/raw/ntpc/documents/28889_NIT_Download.pdf,235799
28890,nit_document,NIT Download,https://ntpctender.ntpc.co.in/Uploads/job_44536.pdf,,,data/raw/ntpc/documents/28890_NIT_Download.pdf,111378
28891,nit_document,NIT Download,https://ntpctender.ntpc.co.in/Uploads/job_44537.pdf,,,data/raw/ntpc/documents/28891_NIT_Download.pdf,96419
28892,nit_document,NIT Download,https://ntpctender.ntpc.co.in/Uploads/job_44538.pdf,,,data/raw/ntpc/documents/28892_NIT_Download.pdf,850655
28892,corrigendum,cor_28892_2_1.pdf,https://ntpctender.ntpc.co.in/Uploads/cor_28892_2_1.pdf,2,2025-08-30T15:10:00,data/raw/ntpc/documents/28892_cor_28892_2_1.pdf,854395
28893,nit_document,NIT Download,https://ntpctender.ntpc.co.in/Uploads/job_44539.pdf,,,data/raw/ntpc/documents/28893_NIT_Download.pdf,647385
28894,nit_document,NIT Download,https://ntpctender.ntpc.co.in/Uploads/job_44540.pdf,,,,
28894,nit_document,Click here to view Salient Technical Features,https://ntpctender.ntpc.co.in/Uploads/tech_job_44540.pdf,,,data/raw/ntpc/documents/28894_Click_here_to_view_Salient_Technical_Features.pdf,61920
28894,corrigendum,cor_28894_2_1.pdf,https://ntpctender.ntpc.co.in/Uploads/cor_28894_2_1.pdf,2,2025-08-19T17:25:00,data/raw/ntpc/documents/28894_cor_28894_2_1.pdf,627868
28895,nit_document,NIT Download,https://ntpctender.ntpc.co.in/Uploads/job_44541.pdf,,,data/raw/ntpc/documents/28895_NIT_Download.pdf,1173076
28896,nit_document,NIT Download,https://ntpctender.ntpc.co.in/Uploads/job_44542.pdf,,,data/raw/ntpc/documents/28896_NIT_Download.pdf,3267187
28897,nit_document,NIT Download,https://ntpctender.ntpc.co.in/Uploads/job_44543.pdf,,,data/raw/ntpc/documents/28897_NIT_Download.pdf,362701
28898,nit_document,NIT Download,https://ntpctender.ntpc.co.in/Uploads/job_44544.pdf,,,data/raw/ntpc/documents/28898_NIT_Download.pdf,362333
28899,nit_document,NIT Download,https://ntpctender.ntpc.co.in/Uploads/job_44545.pdf,,,data/raw/ntpc/documents/28899_NIT_Download.pdf,371812
28900,nit_document,NIT Download,https://ntpctender.ntpc.co.in/Uploads/job_44546.pdf,,,data/raw/ntpc/documents/28900_NIT_Download.pdf,905083
28901,nit_document,NIT Download,https://ntpctender.ntpc.co.in/Uploads/job_44548.pdf,,,data/raw/ntpc/documents/28901_NIT_Download.pdf,240830
28902,nit_document,NIT Download,https://ntpctender.ntpc.co.in/Uploads/job_44549.pdf,,,data/raw/ntpc/documents/28902_NIT_Download.pdf,660206
28902,corrigendum,cor_28902_1_1.pdf,https://ntpctender.ntpc.co.in/Uploads/cor_28902_1_1.pdf,1,2025-08-14T10:50:00,data/raw/ntpc/documents/28902_cor_28902_1_1.pdf,252791
28903,nit_document,NIT Download,https://ntpctender.ntpc.co.in/Uploads/job_44550.pdf,,,data/raw/ntpc/documents/28903_NIT_Download.pdf,130285
28904,nit_document,NIT Download,https://ntpctender.ntpc.co.in/Uploads/job_44551.pdf,,,data/raw/ntpc/documents/28904_NIT_Download.pdf,93074
28904,corrigendum,cor_28904_6_1.pdf,https://ntpctender.ntpc.co.in/Uploads/cor_28904_6_1.pdf,6,2025-11-06T10:50:00,data/raw/ntpc/documents/28904_cor_28904_6_1.pdf,4732328
28905,nit_document,NIT Download,https://ntpctender.ntpc.co.in/Uploads/job_44563.pdf,,,data/raw/ntpc/documents/28905_NIT_Download.pdf,1505933
28906,nit_document,NIT Download,https://ntpctender.ntpc.co.in/Uploads/job_44564.pdf,,,data/raw/ntpc/documents/28906_NIT_Download.pdf,219892
28907,nit_document,NIT Download,https://ntpctender.ntpc.co.in/Uploads/job_44565.pdf,,,data/raw/ntpc/documents/28907_NIT_Download.pdf,21356
28908,nit_document,NIT Download,https://ntpctender.ntpc.co.in/Uploads/job_44566.pdf,,,data/raw/ntpc/documents/28908_NIT_Download.pdf,22358
28909,nit_document,NIT Download,https://ntpctender.ntpc.co.in/Uploads/job_44567.pdf,,,data/raw/ntpc/documents/28909_NIT_Download.pdf,868004
28910,nit_document,NIT Download,https://ntpctender.ntpc.co.in/Uploads/job_44568.pdf,,,data/raw/ntpc/documents/28910_NIT_Download.pdf,110888
28911,nit_document,NIT Download,https://ntpctender.ntpc.co.in/Uploads/job_44569.pdf,,,data/raw/ntpc/documents/28911_NIT_Download.pdf,19437
28912,nit_document,NIT Download,https://ntpctender.ntpc.co.in/Uploads/job_44562.pdf,,,data/raw/ntpc/documents/28912_NIT_Download.pdf,53956
28913,nit_document,NIT Download,https://ntpctender.ntpc.co.in/Uploads/job_44561.pdf,,,data/raw/ntpc/documents/28913_NIT_Download.pdf,96407
28914,nit_document,NIT Download,https://ntpctender.ntpc.co.in/Uploads/job_44560.pdf,,,data/raw/ntpc/documents/28914_NIT_Download.pdf,2386954
28915,nit_document,NIT Download,https://ntpctender.ntpc.co.in/Uploads/job_44559.pdf,,,data/raw/ntpc/documents/28915_NIT_Download.pdf,2351443
28916,nit_document,NIT Download,https://ntpctender.ntpc.co.in/Uploads/job_44558.pdf,,,data/raw/ntpc/documents/28916_NIT_Download.pdf,2270815
28917,nit_document,NIT Download,https://ntpctender.ntpc.co.in/Uploads/job_44557.pdf,,,data/raw/ntpc/documents/28917_NIT_Download.pdf,57165
28918,nit_document,NIT Download,https://ntpctender.ntpc.co.in/Uploads/job_44556.pdf,,,data/raw/ntpc/documents/28918_NIT_Download.pdf,185672
28919,nit_document,NIT Download,https://ntpctender.ntpc.co.in/Uploads/job_44555.pdf,,,data/raw/ntpc/documents/28919_NIT_Download.pdf,169584
28920,nit_document,NIT Download,https://ntpctender.ntpc.co.in/Uploads/job_44554.pdf,,,data/raw/ntpc/documents/28920_NIT_Download.pdf,172180
28921,nit_document,NIT Download,https://ntpctender.ntpc.co.in/Uploads/job_44553.pdf,,,data/raw/ntpc/documents/28921_NIT_Download.pdf,393644
28922,nit_document,NIT Download,https://ntpctender.ntpc.co.in/Uploads/job_44552.pdf,,,data/raw/ntpc/documents/28922_NIT_Download.pdf,148892
28923,nit_document,NIT Download,https://ntpctender.ntpc.co.in/Uploads/job_44570.pdf,,,data/raw/ntpc/documents/28923_NIT_Download.pdf,979849
28924,nit_document,NIT Download,https://ntpctender.ntpc.co.in/Uploads/job_44571.pdf,,,data/raw/ntpc/documents/28924_NIT_Download.pdf,222475
28925,nit_document,NIT Download,https://ntpctender.ntpc.co.in/Uploads/job_44572.pdf,,,data/raw/ntpc/documents/28925_NIT_Download.pdf,97873
28925,corrigendum,cor_28925_2_1.pdf,https://ntpctender.ntpc.co.in/Uploads/cor_28925_2_1.pdf,2,2025-08-25T11:40:00,data/raw/ntpc/documents/28925_cor_28925_2_1.pdf,264167
28926,nit_document,NIT Download,https://ntpctender.ntpc.co.in/Uploads/job_44573.pdf,,,data/raw/ntpc/documents/28926_NIT_Download.pdf,346316
28927,nit_document,NIT Download,https://ntpctender.ntpc.co.in/Uploads/job_44574.pdf,,,data/raw/ntpc/documents/28927_NIT_Download.pdf,263427
28928,nit_document,NIT Download,https://ntpctender.ntpc.co.in/Uploads/job_44575.pdf,,,data/raw/ntpc/documents/28928_NIT_Download.pdf,622982
28928,corrigendum,cor_28928_1_1.pdf,https://ntpctender.ntpc.co.in/Uploads/cor_28928_1_1.pdf,1,2025-10-01T17:25:00,data/raw/ntpc/documents/28928_cor_28928_1_1.pdf,579923
28929,nit_document,NIT Download,https://ntpctender.ntpc.co.in/Uploads/job_44576.pdf,,,data/raw/ntpc/documents/28929_NIT_Download.pdf,361306
28929,corrigendum,cor_28929_10_1.pdf,https://ntpctender.ntpc.co.in/Uploads/cor_28929_10_1.pdf,10,2025-11-07T15:50:00,data/raw/ntpc/documents/28929_cor_28929_10_1.pdf,366936
28930,nit_document,NIT Download,https://ntpctender.ntpc.co.in/Uploads/job_44577.pdf,,,data/raw/ntpc/documents/28930_NIT_Download.pdf,97190
28931,nit_document,NIT Download,https://ntpctender.ntpc.co.in/Uploads/job_44578.pdf,,,data/raw/ntpc/documents/28931_NIT_Download.pdf,130916
28932,nit_document,NIT Download,https://ntpctender.ntpc.co.in/Uploads/job_44579.pdf,,,data/raw/ntpc/documents/28932_NIT_Download.pdf,313835
28933,nit_document,NIT Download,https://ntpctender.ntpc.co.in/Uploads/job_44580.pdf,,,data/raw/ntpc/documents/28933_NIT_Download.pdf,1053866
28934,nit_document,NIT Download,https://ntpctender.ntpc.co.in/Uploads/job_44581.pdf,,,data/raw/ntpc/documents/28934_NIT_Download.pdf,300480
28935,nit_document,NIT Download,https://ntpctender.ntpc.co.in/Uploads/job_44582.pdf,,,data/raw/ntpc/documents/28935_NIT_Download.pdf,224930
28935,corrigendum,cor_28935_2_1.pdf,https://ntpctender.ntpc.co.in/Uploads/cor_28935_2_1.pdf,2,2025-09-17T15:15:00,data/raw/ntpc/documents/28935_cor_28935_2_1.pdf,197183
28936,nit_document,NIT Download,https://ntpctender.ntpc.co.in/Uploads/job_44583.pdf,,,data/raw/ntpc/documents/28936_NIT_Download.pdf,375863
28937,nit_document,NIT Download,https://ntpctender.ntpc.co.in/Uploads/job_44584.pdf,,,data/raw/ntpc/documents/28937_NIT_Download.pdf,95510
28938,nit_document,NIT Download,https://ntpctender.ntpc.co.in/Uploads/job_44585.pdf,,,data/raw/ntpc/documents/28938_NIT_Download.pdf,106475
28939,nit_document,NIT Download,https://ntpctender.ntpc.co.in/Uploads/job_44586.pdf,,,data/raw/ntpc/documents/28939_NIT_Download.pdf,97869
28940,nit_document,NIT Download,https://ntpctender.ntpc.co.in/Uploads/job_44587.pdf,,,data/raw/ntpc/documents/28940_NIT_Download.pdf,1227752
28941,nit_document,NIT Download,https://ntpctender.ntpc.co.in/Uploads/job_44588.pdf,,,data/raw/ntpc/documents/28941_NIT_Download.pdf,208004
28942,nit_document,NIT Download,https://ntpctender.ntpc.co.in/Uploads/job_44589.pdf,,,data/raw/ntpc/documents/28942_NIT_Download.pdf,129952
28943,nit_document,NIT Download,https://ntpctender.ntpc.co.in/Uploads/job_44590.pdf,,,data/raw/ntpc/documents/28943_NIT_Download.pdf,96659
28944,nit_document,NIT Download,https://ntpctender.ntpc.co.in/Uploads/job_44591.pdf,,,data/raw/ntpc/documents/28944_NIT_Download.pdf,744477
28944,nit_document,Click here to view Salient Technical Features,https://ntpctender.ntpc.co.in/Uploads/tech_job_44591.pdf,,,data/raw/ntpc/documents/28944_Click_here_to_view_Salient_Technical_Features.pdf,590207
28944,corrigendum,cor_28944_2_1.pdf,https://ntpctender.ntpc.co.in/Uploads/cor_28944_2_1.pdf,2,2025-08-20T14:00:00,data/raw/ntpc/documents/28944_cor_28944_2_1.pdf,358441
28945,nit_document,NIT Download,https://ntpctender.ntpc.co.in/Uploads/job_44592.pdf,,,data/raw/ntpc/documents/28945_NIT_Download.pdf,200637
28946,nit_document,NIT Download,https://ntpctender.ntpc.co.in/Uploads/job_44593.pdf,,,data/raw/ntpc/documents/28946_NIT_Download.pdf,137538
28947,nit_document,NIT Download,https://ntpctender.ntpc.co.in/Uploads/job_44594.pdf,,,data/raw/ntpc/documents/28947_NIT_Download.pdf,140466
28948,nit_document,NIT Download,https://ntpctender.ntpc.co.in/Uploads/job_44595.pdf,,,data/raw/ntpc/documents/28948_NIT_Download.pdf,514073
28948,nit_document,Click here to view Salient Technical Features,https://ntpctender.ntpc.co.in/Uploads/tech_job_44595.pdf,,,data/raw/ntpc/documents/28948_Click_here_to_view_Salient_Technical_Features.pdf,62152
28949,nit_document,NIT Download,https://ntpctender.ntpc.co.in/Uploads/job_44596.pdf,,,data/raw/ntpc/documents/28949_NIT_Download.pdf,251407
28950,nit_document,NIT Download,https://ntpctender.ntpc.co.in/Uploads/job_44597.pdf,,,data/raw/ntpc/documents/28950_NIT_Download.pdf,353814
28951,nit_document,NIT Download,https://ntpctender.ntpc.co.in/Uploads/job_44598.pdf,,,data/raw/ntpc/documents/28951_NIT_Download.pdf,1270059
28951,corrigendum,cor_28951_3_1.pdf,https://ntpctender.ntpc.co.in/Uploads/cor_28951_3_1.pdf,3,2025-09-08T12:30:00,data/raw/ntpc/documents/28951_cor_28951_3_1.pdf,365571
28952,nit_document,NIT Download,https://ntpctender.ntpc.co.in/Uploads/job_44599.pdf,,,data/raw/ntpc/documents/28952_NIT_Download.pdf,1948590
28952,nit_document,Click here to view Salient Technical Features,https://ntpctender.ntpc.co.in/Uploads/tech_job_44599.pdf,,,data/raw/ntpc/documents/28952_Click_here_to_view_Salient_Technical_Features.pdf,570417
28952,corrigendum,cor_28952_2_1.pdf,https://ntpctender.ntpc.co.in/Uploads/cor_28952_2_1.pdf,2,2025-09-24T12:20:00,data/raw/ntpc/documents/28952_cor_28952_2_1.pdf,288715
28953,nit_document,NIT Download,https://ntpctender.ntpc.co.in/Uploads/job_44600.pdf,,,data/raw/ntpc/documents/28953_NIT_Download.pdf,969592
28954,nit_document,NIT Download,https://ntpctender.ntpc.co.in/Uploads/job_44601.pdf,,,data/raw/ntpc/documents/28954_NIT_Download.pdf,366109
28954,corrigendum,cor_28954_8_1.pdf,https://ntpctender.ntpc.co.in/Uploads/cor_28954_8_1.pdf,8,2025-10-31T16:00:00,data/raw/ntpc/documents/28954_cor_28954_8_1.pdf,370176
28955,nit_document,NIT Download,https://ntpctender.ntpc.co.in/Uploads/job_44602.pdf,,,data/raw/ntpc/documents/28955_NIT_Download.pdf,103580
28956,nit_document,NIT Download,https://ntpctender.ntpc.co.in/Uploads/job_44603.pdf,,,data/raw/ntpc/documents/28956_NIT_Download.pdf,101743
28957,nit_document,NIT Download,https://ntpctender.ntpc.co.in/Uploads/job_44604.pdf,,,data/raw/ntpc/documents/28957_NIT_Download.pdf,112900
28958,nit_document,NIT Download,https://ntpctender.ntpc.co.in/Uploads/job_44605.pdf,,,data/raw/ntpc/documents/28958_NIT_Download.pdf,112640
28959,nit_document,NIT Download,https://ntpctender.ntpc.co.in/Uploads/job_44606.pdf,,,data/raw/ntpc/documents/28959_NIT_Download.pdf,142865
28960,nit_document,NIT Download,https://ntpctender.ntpc.co.in/Uploads/job_44607.pdf,,,data/raw/ntpc/documents/28960_NIT_Download.pdf,97009
28961,nit_document,NIT Download,https://ntpctender.ntpc.co.in/Uploads/job_44608.pdf,,,data/raw/ntpc/documents/28961_NIT_Download.pdf,583989
28962,nit_document,NIT Download,https://ntpctender.ntpc.co.in/Uploads/job_44609.pdf,,,data/raw/ntpc/documents/28962_NIT_Download.pdf,210657
28963,nit_document,NIT Download,https://ntpctender.ntpc.co.in/Uploads/job_44610.pdf,,,data/raw/ntpc/documents/28963_NIT_Download.pdf,128447
28964,nit_document,NIT Download,https://ntpctender.ntpc.co.in/Uploads/job_44611.pdf,,,data/raw/ntpc/documents/28964_NIT_Download.pdf,102003
28965,nit_document,NIT Download,https://ntpctender.ntpc.co.in/Uploads/job_44612.pdf,,,data/raw/ntpc/documents/28965_NIT_Download.pdf,824326
28965,nit_document,Click here to view Salient Technical Features,https://ntpctender.ntpc.co.in/Uploads/tech_job_44612.pdf,,,data/raw/ntpc/documents/28965_Click_here_to_view_Salient_Technical_Features.pdf,691231
28966,nit_document,NIT Download,https://ntpctender.ntpc.co.in/Uploads/job_44613.pdf,,,data/raw/ntpc/documents/28966_NIT_Download.pdf,97186
28967,nit_document,NIT Download,https://ntpctender.ntpc.co.in/Uploads/job_44614.pdf,,,data/raw/ntpc/documents/28967_NIT_Download.pdf,92629
28968,nit_document,NIT Download,https://ntpctender.ntpc.co.in/Uploads/job_44615.pdf,,,data/raw/ntpc/documents/28968_NIT_Download.pdf,85682
28969,nit_document,NIT Download,https://ntpctender.ntpc.co.in/Uploads/job_44616.pdf,,,data/raw/ntpc/documents/28969_NIT_Download.pdf,122142
28970,nit_document,NIT Download,https://ntpctender.ntpc.co.in/Uploads/job_44617.pdf,,,data/raw/ntpc/documents/28970_NIT_Download.pdf,114809
28971,nit_document,NIT Download,https://ntpctender.ntpc.co.in/Uploads/job_44618.pdf,,,data/raw/ntpc/documents/28971_NIT_Download.pdf,147303
28972,nit_document,NIT Download,https://ntpctender.ntpc.co.in/Uploads/job_44619.pdf,,,data/raw/ntpc/documents/28972_NIT_Download.pdf,204844
28973,nit_document,NIT Download,https://ntpctender.ntpc.co.in/Uploads/job_44620.pdf,,,data/raw/ntpc/documents/28973_NIT_Download.pdf,97062
28974,nit_document,NIT Download,https://ntpctender.ntpc.co.in/Uploads/job_44621.pdf,,,data/raw/ntpc/documents/28974_NIT_Download.pdf,101696
28974,corrigendum,cor_28974_2_1.pdf,https://ntpctender.ntpc.co.in/Uploads/cor_28974_2_1.pdf,2,2025-09-08T15:25:00,data/raw/ntpc/documents/28974_cor_28974_2_1.pdf,256541
28975,nit_document,NIT Download,https://ntpctender.ntpc.co.in/Uploads/job_44622.pdf,,,data/raw/ntpc/documents/28975_NIT_Download.pdf,209749
28976,nit_document,NIT Download,https://ntpctender.ntpc.co.in/Uploads/job_44623.pdf,,,data/raw/ntpc/documents/28976_NIT_Download.pdf,103966
28976,corrigendum,cor_28976_3_1.pdf,https://ntpctender.ntpc.co.in/Uploads/cor_28976_3_1.pdf,3,2025-09-18T18:00:00,data/raw/ntpc/documents/28976_cor_28976_3_1.pdf,358271
28977,nit_document,NIT Download,https://ntpctender.ntpc.co.in/Uploads/job_44624.pdf,,,data/raw/ntpc/documents/28977_NIT_Download.pdf,228435
28978,nit_document,NIT Download,https://ntpctender.ntpc.co.in/Uploads/job_44625.pdf,,,data/raw/ntpc/documents/28978_NIT_Download.pdf,97817
28979,nit_document,NIT Download,https://ntpctender.ntpc.co.in/Uploads/job_44626.pdf,,,data/raw/ntpc/documents/28979_NIT_Download.pdf,130717
28980,nit_document,NIT Download,https://ntpctender.ntpc.co.in/Uploads/job_44627.pdf,,,data/raw/ntpc/documents/28980_NIT_Download.pdf,522570
28981,nit_document,NIT Download,https://ntpctender.ntpc.co.in/Uploads/job_44628.pdf,,,data/raw/ntpc/documents/28981_NIT_Download.pdf,220416
28982,nit_document,NIT Download,https://ntpctender.ntpc.co.in/Uploads/job_44629.pdf,,,data/raw/ntpc/documents/28982_NIT_Download.pdf,122470
28983,nit_document,NIT Download,https://ntpctender.ntpc.co.in/Uploads/job_44630.zip,,,data/raw/ntpc/documents/28983_NIT_Download.zip,13481953
28984,nit_document,NIT Download,https://ntpctender.ntpc.co.in/Uploads/job_44631.pdf,,,data/raw/ntpc/documents/28984_NIT_Download.pdf,223866
28984,corrigendum,cor_28984_2_1.pdf,https://ntpctender.ntpc.co.in/Uploads/cor_28984_2_1.pdf,2,2025-09-16T10:50:00,data/raw/ntpc/documents/28984_cor_28984_2_1.pdf,78662
28985,nit_document,NIT Download,https://ntpctender.ntpc.co.in/Uploads/job_44636.pdf,,,data/raw/ntpc/documents/28985_NIT_Download.pdf,97105
28986,nit_document,NIT Download,https://ntpctender.ntpc.co.in/Uploads/job_44635.pdf,,,data/raw/ntpc/documents/28986_NIT_Download.pdf,156364
28987,nit_document,NIT Download,https://ntpctender.ntpc.co.in/Uploads/job_44634.pdf,,,data/raw/ntpc/documents/28987_NIT_Download.pdf,674501
28988,nit_document,NIT Download,https://ntpctender.ntpc.co.in/Uploads/job_44633.pdf,,,data/raw/ntpc/documents/28988_NIT_Download.pdf,232108
28989,nit_document,NIT Download,https://ntpctender.ntpc.co.in/Uploads/job_44632.pdf,,,data/raw/ntpc/documents/28989_NIT_Download.pdf,588513
28990,nit_document,NIT Download,https://ntpctender.ntpc.co.in/Uploads/job_44637.pdf,,,data/raw/ntpc/documents/28990_NIT_Download.pdf,129697
28991,nit_document,NIT Download,https://ntpctender.ntpc.co.in/Uploads/job_44638.pdf,,,data/raw/ntpc/documents/28991_NIT_Download.pdf,920641
28992,nit_document,NIT Download,https://ntpctender.ntpc.co.in/Uploads/job_44639.pdf,,,data/raw/ntpc/documents/28992_NIT_Download.pdf,95478
28992,corrigendum,cor_28992_1_1.pdf,https://ntpctender.ntpc.co.in/Uploads/cor_28992_1_1.pdf,1,2025-09-11T14:45:00,data/raw/ntpc/documents/28992_cor_28992_1_1.pdf,47665
28993,nit_document,NIT Download,https://ntpctender.ntpc.co.in/Uploads/job_44640.pdf,,,data/raw/ntpc/documents/28993_NIT_Download.pdf,8178
28994,nit_document,NIT Download,https://ntpctender.ntpc.co.in/Uploads/job_44641.pdf,,,data/raw/ntpc/documents/28994_NIT_Download.pdf,277476
28995,nit_document,NIT Download,https://ntpctender.ntpc.co.in/Uploads/job_44642.pdf,,,data/raw/ntpc/documents/28995_NIT_Download.pdf,344348
28996,nit_document,NIT Download,https://ntpctender.ntpc.co.in/Uploads/job_44643.pdf,,,data/raw/ntpc/documents/28996_NIT_Download.pdf,108119
28997,nit_document,NIT Download,https://ntpctender.ntpc.co.in/Uploads/job_44644.pdf,,,data/raw/ntpc/documents/28997_NIT_Download.pdf,168678
28997,corrigendum,cor_28997_1_1.pdf,https://ntpctender.ntpc.co.in/Uploads/cor_28997_1_1.pdf,1,2025-09-18T18:15:00,data/raw/ntpc/documents/28997_cor_28997_1_1.pdf,2153837
28998,nit_document,NIT Download,https://ntpctender.ntpc.co.in/Uploads/job_44645.pdf,,,data/raw/ntpc/documents/28998_NIT_Download.pdf,129818
28999,nit_document,NIT Download,https://ntpctender.ntpc.co.in/Uploads/job_44646.pdf,,,data/raw/ntpc/documents/28999_NIT_Download.pdf,132235
29000,nit_document,NIT Download,https://ntpctender.ntpc.co.in/Uploads/job_44647.pdf,,,data/raw/ntpc/documents/29000_NIT_Download.pdf,106420
29001,nit_document,NIT Download,https://ntpctender.ntpc.co.in/Uploads/job_44648.pdf,,,data/raw/ntpc/documents/29001_NIT_Download.pdf,93696
29002,nit_document,NIT Download,https://ntpctender.ntpc.co.in/Uploads/job_44649.pdf,,,data/raw/ntpc/documents/29002_NIT_Download.pdf,294973
29003,nit_document,NIT Download,https://ntpctender.ntpc.co.in/Uploads/job_44650.pdf,,,data/raw/ntpc/documents/29003_NIT_Download.pdf,344711
29004,nit_document,NIT Download,https://ntpctender.ntpc.co.in/Uploads/job_44651.pdf,,,data/raw/ntpc/documents/29004_NIT_Download.pdf,245692
29005,nit_document,NIT Download,https://ntpctender.ntpc.co.in/Uploads/job_44652.pdf,,,data/raw/ntpc/documents/29005_NIT_Download.pdf,126024
29006,nit_document,NIT Download,https://ntpctender.ntpc.co.in/Uploads/job_44653.pdf,,,data/raw/ntpc/documents/29006_NIT_Download.pdf,108084
29007,nit_document,NIT Download,https://ntpctender.ntpc.co.in/Uploads/job_44654.pdf,,,data/raw/ntpc/documents/29007_NIT_Download.pdf,254196
29008,nit_document,NIT Download,https://ntpctender.ntpc.co.in/Uploads/job_44655.pdf,,,data/raw/ntpc/documents/29008_NIT_Download.pdf,440385
29009,nit_document,NIT Download,https://ntpctender.ntpc.co.in/Uploads/job_44656.pdf,,,data/raw/ntpc/documents/29009_NIT_Download.pdf,361358
29009,corrigendum,cor_29009_1_1.pdf,https://ntpctender.ntpc.co.in/Uploads/cor_29009_1_1.pdf,1,2025-10-03T15:35:00,data/raw/ntpc/documents/29009_cor_29009_1_1.pdf,371711
29010,nit_document,NIT Download,https://ntpctender.ntpc.co.in/Uploads/job_44657.pdf,,,data/raw/ntpc/documents/29010_NIT_Download.pdf,249456
29011,nit_document,NIT Download,https://ntpctender.ntpc.co.in/Uploads/job_44658.pdf,,,data/raw/ntpc/documents/29011_NIT_Download.pdf,252024
29012,nit_document,NIT Download,https://ntpctender.ntpc.co.in/Uploads/job_44659.pdf,,,data/raw/ntpc/documents/29012_NIT_Download.pdf,218758
29012,corrigendum,cor_29012_2_1.pdf,https://ntpctender.ntpc.co.in/Uploads/cor_29012_2_1.pdf,2,2025-10-16T17:30:00,data/raw/ntpc/documents/29012_cor_29012_2_1.pdf,50348
29013,nit_document,NIT Download,https://ntpctender.ntpc.co.in/Uploads/job_44660.pdf,,,data/raw/ntpc/documents/29013_NIT_Download.pdf,310571
29013,corrigendum,cor_29013_2_1.pdf,https://ntpctender.ntpc.co.in/Uploads/cor_29013_2_1.pdf,2,2025-10-16T17:20:00,data/raw/ntpc/documents/29013_cor_29013_2_1.pdf,50795
29014,nit_document,NIT Download,https://ntpctender.ntpc.co.in/Uploads/job_44661.pdf,,,data/raw/ntpc/documents/29014_NIT_Download.pdf,96721
29015,nit_document,NIT Download,https://ntpctender.ntpc.co.in/Uploads/job_44662.pdf,,,data/raw/ntpc/documents/29015_NIT_Download.pdf,630386
29016,nit_document,NIT Download,https://ntpctender.ntpc.co.in/Uploads/job_44663.pdf,,,data/raw/ntpc/documents/29016_NIT_Download.pdf,112119
29017,nit_document,NIT Download,https://ntpctender.ntpc.co.in/Uploads/job_44664.pdf,,,data/raw/ntpc/documents/29017_NIT_Download.pdf,113595
29018,nit_document,NIT Download,https://ntpctender.ntpc.co.in/Uploads/job_44665.pdf,,,data/raw/ntpc/documents/29018_NIT_Download.pdf,96806
29019,nit_document,NIT Download,https://ntpctender.ntpc.co.in/Uploads/job_44666.pdf,,,data/raw/ntpc/documents/29019_NIT_Download.pdf,95457
29020,nit_document,NIT Download,https://ntpctender.ntpc.co.in/Uploads/job_44667.pdf,,,data/raw/ntpc/documents/29020_NIT_Download.pdf,90611
29021,nit_document,NIT Download,https://ntpctender.ntpc.co.in/Uploads/job_44668.pdf,,,data/raw/ntpc/documents/29021_NIT_Download.pdf,93758
29022,nit_document,NIT Download,https://ntpctender.ntpc.co.in/Uploads/job_44669.pdf,,,data/raw/ntpc/documents/29022_NIT_Download.pdf,96100
29023,nit_document,NIT Download,https://ntpctender.ntpc.co.in/Uploads/job_44670.pdf,,,data/raw/ntpc/documents/29023_NIT_Download.pdf,107503
29024,nit_document,NIT Download,https://ntpctender.ntpc.co.in/Uploads/job_44671.pdf,,,data/raw/ntpc/documents/29024_NIT_Download.pdf,106427
29025,nit_document,NIT Download,https://ntpctender.ntpc.co.in/Uploads/job_44672.pdf,,,data/raw/ntpc/documents/29025_NIT_Download.pdf,106751
29026,nit_document,NIT Download,https://ntpctender.ntpc.co.in/Uploads/job_44673.pdf,,,data/raw/ntpc/documents/29026_NIT_Download.pdf,663581
29027,nit_document,NIT Download,https://ntpctender.ntpc.co.in/Uploads/job_44674.pdf,,,data/raw/ntpc/documents/29027_NIT_Download.pdf,712749
29028,nit_document,NIT Download,https://ntpctender.ntpc.co.in/Uploads/job_44675.pdf,,,data/raw/ntpc/documents/29028_NIT_Download.pdf,100242
29029,nit_document,NIT Download,https://ntpctender.ntpc.co.in/Uploads/job_44676.pdf,,,data/raw/ntpc/documents/29029_NIT_Download.pdf,355554
29030,nit_document,NIT Download,https://ntpctender.ntpc.co.in/Uploads/job_44677.pdf,,,data/raw/ntpc/documents/29030_NIT_Download.pdf,98000
29031,nit_document,NIT Download,https://ntpctender.ntpc.co.in/Uploads/job_44678.pdf,,,data/raw/ntpc/documents/29031_NIT_Download.pdf,330841
29032,nit_document,NIT Download,https://ntpctender.ntpc.co.in/Uploads/job_44679.pdf,,,data/raw/ntpc/documents/29032_NIT_Download.pdf,153194
29033,nit_document,NIT Download,https://ntpctender.ntpc.co.in/Uploads/job_44680.pdf,,,data/raw/ntpc/documents/29033_NIT_Download.pdf,114921
29034,nit_document,NIT Download,https://ntpctender.ntpc.co.in/Uploads/job_44681.pdf,,,data/raw/ntpc/documents/29034_NIT_Download.pdf,114679
29035,nit_document,NIT Download,https://ntpctender.ntpc.co.in/Uploads/job_44682.pdf,,,data/raw/ntpc/documents/29035_NIT_Download.pdf,405888
29035,corrigendum,cor_29035_2_1.pdf,https://ntpctender.ntpc.co.in/Uploads/cor_29035_2_1.pdf,2,2025-11-03T16:41:00,data/raw/ntpc/documents/29035_cor_29035_2_1.pdf,363321
29036,nit_document,NIT Download,https://ntpctender.ntpc.co.in/Uploads/job_44683.pdf,,,data/raw/ntpc/documents/29036_NIT_Download.pdf,365444
29037,nit_document,NIT Download,https://ntpctender.ntpc.co.in/Uploads/job_44684.pdf,,,data/raw/ntpc/documents/29037_NIT_Download.pdf,687110
29038,nit_document,NIT Download,https://ntpctender.ntpc.co.in/Uploads/job_44685.pdf,,,data/raw/ntpc/documents/29038_NIT_Download.pdf,109841
29039,nit_document,NIT Download,https://ntpctender.ntpc.co.in/Uploads/job_44686.pdf,,,data/raw/ntpc/documents/29039_NIT_Download.pdf,133201
29040,nit_document,NIT Download,https://ntpctender.ntpc.co.in/Uploads/job_44687.pdf,,,data/raw/ntpc/documents/29040_NIT_Download.pdf,526556
29040,corrigendum,cor_29040_2_1.pdf,https://ntpctender.ntpc.co.in/Uploads/cor_29040_2_1.pdf,2,2025-10-31T18:10:00,data/raw/ntpc/documents/29040_cor_29040_2_1.pdf,1451542
29041,nit_document,NIT Download,https://ntpctender.ntpc.co.in/Uploads/job_44688.pdf,,,data/raw/ntpc/documents/29041_NIT_Download.pdf,132282
29042,nit_document,NIT Download,https://ntpctender.ntpc.co.in/Uploads/job_44689.pdf,,,data/raw/ntpc/documents/29042_NIT_Download.pdf,233018
29043,nit_document,NIT Download,https://ntpctender.ntpc.co.in/Uploads/job_44690.pdf,,,data/raw/ntpc/documents/29043_NIT_Download.pdf,949947
29044,nit_document,NIT Download,https://ntpctender.ntpc.co.in/Uploads/job_44691.pdf,,,data/raw/ntpc/documents/29044_NIT_Download.pdf,232854
29045,nit_document,NIT Download,https://ntpctender.ntpc.co.in/Uploads/job_44692.pdf,,,data/raw/ntpc/documents/29045_NIT_Download.pdf,129094
29046,nit_document,NIT Download,https://ntpctender.ntpc.co.in/Uploads/job_44693.pdf,,,data/raw/ntpc/documents/29046_NIT_Download.pdf,108353
29047,nit_document,NIT Download,https://ntpctender.ntpc.co.in/Uploads/job_44694.pdf,,,data/raw/ntpc/documents/29047_NIT_Download.pdf,96958
29048,nit_document,NIT Download,https://ntpctender.ntpc.co.in/Uploads/job_44695.pdf,,,data/raw/ntpc/documents/29048_NIT_Download.pdf,97075
29049,nit_document,NIT Download,https://ntpctender.ntpc.co.in/Uploads/job_44696.pdf,,,data/raw/ntpc/documents/29049_NIT_Download.pdf,360808
29049,corrigendum,cor_29049_5_1.pdf,https://ntpctender.ntpc.co.in/Uploads/cor_29049_5_1.pdf,5,2025-11-24T15:35:00,data/raw/ntpc/documents/29049_cor_29049_5_1.pdf,370430
29050,nit_document,NIT Download,https://ntpctender.ntpc.co.in/Uploads/job_44697.pdf,,,data/raw/ntpc/documents/29050_NIT_Download.pdf,254856
29051,nit_document,NIT Download,https://ntpctender.ntpc.co.in/Uploads/job_44698.pdf,,,data/raw/ntpc/documents/29051_NIT_Download.pdf,178245
29052,nit_document,NIT Download,https://ntpctender.ntpc.co.in/Uploads/job_44699.pdf,,,data/raw/ntpc/documents/29052_NIT_Download.pdf,103748
29053,nit_document,NIT Download,https://ntpctender.ntpc.co.in/Uploads/job_44700.pdf,,,data/raw/ntpc/documents/29053_NIT_Download.pdf,978637
29053,corrigendum,cor_29053_1_1.pdf,https://ntpctender.ntpc.co.in/Uploads/cor_29053_1_1.pdf,1,2025-10-13T17:20:00,data/raw/ntpc/documents/29053_cor_29053_1_1.pdf,807855
29054,nit_document,NIT Download,https://ntpctender.ntpc.co.in/Uploads/job_44701.pdf,,,data/raw/ntpc/documents/29054_NIT_Download.pdf,131912
29055,nit_document,NIT Download,https://ntpctender.ntpc.co.in/Uploads/job_44702.pdf,,,data/raw/ntpc/documents/29055_NIT_Download.pdf,202658
29056,nit_document,NIT Download,https://ntpctender.ntpc.co.in/Uploads/job_44703.pdf,,,data/raw/ntpc/documents/29056_NIT_Download.pdf,958445
29056,corrigendum,cor_29056_3_1.pdf,https://ntpctender.ntpc.co.in/Uploads/cor_29056_3_1.pdf,3,2025-11-07T16:15:00,data/raw/ntpc/documents/29056_cor_29056_3_1.pdf,100671
29057,nit_document,NIT Download,https://ntpctender.ntpc.co.in/Uploads/job_44704.pdf,,,data/raw/ntpc/documents/29057_NIT_Download.pdf,116074
29058,nit_document,NIT Download,https://ntpctender.ntpc.co.in/Uploads/job_44705.pdf,,,data/raw/ntpc/documents/29058_NIT_Download.pdf,202634
29059,nit_document,NIT Download,https://ntpctender.ntpc.co.in/Uploads/job_44706.pdf,,,data/raw/ntpc/documents/29059_NIT_Download.pdf,359197
29060,nit_document,NIT Download,https://ntpctender.ntpc.co.in/Uploads/job_44707.pdf,,,data/raw/ntpc/documents/29060_NIT_Download.pdf,360673
29060,corrigendum,cor_29060_4_1.pdf,https://ntpctender.ntpc.co.in/Uploads/cor_29060_4_1.pdf,4,2025-11-24T15:15:00,data/raw/ntpc/documents/29060_cor_29060_4_1.pdf,371690
29061,nit_document,NIT Download,https://ntpctender.ntpc.co.in/Uploads/job_44708.pdf,,,data/raw/ntpc/documents/29061_NIT_Download.pdf,240031
29062,nit_document,NIT Download,https://ntpctender.ntpc.co.in/Uploads/job_44709.pdf,,,data/raw/ntpc/documents/29062_NIT_Download.pdf,2551122
29062,nit_document,Click here to view Salient Technical Features,https://ntpctender.ntpc.co.in/Uploads/tech_job_44709.pdf,,,data/raw/ntpc/documents/29062_Click_here_to_view_Salient_Technical_Features.pdf,2670165
29063,nit_document,NIT Download,https://ntpctender.ntpc.co.in/Uploads/job_44710.pdf,,,data/raw/ntpc/documents/29063_NIT_Download.pdf,466477
29064,nit_document,NIT Download,https://ntpctender.ntpc.co.in/Uploads/job_44711.pdf,,,data/raw/ntpc/documents/29064_NIT_Download.pdf,306057
29065,nit_document,NIT Download,https://ntpctender.ntpc.co.in/Uploads/job_44712.pdf,,,data/raw/ntpc/documents/29065_NIT_Download.pdf,344847
29066,nit_document,NIT Download,https://ntpctender.ntpc.co.in/Uploads/job_44713.pdf,,,data/raw/ntpc/documents/29066_NIT_Download.pdf,127809
29067,nit_document,NIT Download,https://ntpctender.ntpc.co.in/Uploads/job_44714.pdf,,,data/raw/ntpc/documents/29067_NIT_Download.pdf,695234
29068,nit_document,NIT Download,https://ntpctender.ntpc.co.in/Uploads/job_44715.pdf,,,data/raw/ntpc/documents/29068_NIT_Download.pdf,3586574
29069,nit_document,NIT Download,https://ntpctender.ntpc.co.in/Uploads/job_44716.pdf,,,data/raw/ntpc/documents/29069_NIT_Download.pdf,1600508
29070,nit_document,NIT Download,https://ntpctender.ntpc.co.in/Uploads/job_44717.pdf,,,data/raw/ntpc/documents/29070_NIT_Download.pdf,106794
29071,nit_document,NIT Download,https://ntpctender.ntpc.co.in/Uploads/job_44718.pdf,,,data/raw/ntpc/documents/29071_NIT_Download.pdf,457145
29072,nit_document,NIT Download,https://ntpctender.ntpc.co.in/Uploads/job_44719.pdf,,,data/raw/ntpc/documents/29072_NIT_Download.pdf,126017
29072,corrigendum,cor_29072_1_1.pdf,https://ntpctender.ntpc.co.in/Uploads/cor_29072_1_1.pdf,1,2025-10-17T10:25:00,data/raw/ntpc/documents/29072_cor_29072_1_1.pdf,49980
29073,nit_document,NIT Download,https://ntpctender.ntpc.co.in/Uploads/job_44720.pdf,,,data/raw/ntpc/documents/29073_NIT_Download.pdf,99455
29074,nit_document,NIT Download,https://ntpctender.ntpc.co.in/Uploads/job_44721.pdf,,,data/raw/ntpc/documents/29074_NIT_Download.pdf,125621
29075,nit_document,NIT Download,https://ntpctender.ntpc.co.in/Uploads/job_44722.pdf,,,data/raw/ntpc/documents/29075_NIT_Download.pdf,273749
29076,nit_document,NIT Download,https://ntpctender.ntpc.co.in/Uploads/job_44723.pdf,,,data/raw/ntpc/documents/29076_NIT_Download.pdf,94605
29077,nit_document,NIT Download,https://ntpctender.ntpc.co.in/Uploads/job_44724.pdf,,,data/raw/ntpc/documents/29077_NIT_Download.pdf,278153
29078,nit_document,NIT Download,https://ntpctender.ntpc.co.in/Uploads/job_44725.pdf,,,data/raw/ntpc/documents/29078_NIT_Download.pdf,814515
29079,nit_document,NIT Download,https://ntpctender.ntpc.co.in/Uploads/job_44726.pdf,,,data/raw/ntpc/documents/29079_NIT_Download.pdf,268648
29079,corrigendum,cor_29079_5_1.pdf,https://ntpctender.ntpc.co.in/Uploads/cor_29079_5_1.pdf,5,2025-12-04T15:25:00,data/raw/ntpc/documents/29079_cor_29079_5_1.pdf,90846
29080,nit_document,NIT Download,https://ntpctender.ntpc.co.in/Uploads/job_44736.pdf,,,data/raw/ntpc/documents/29080_NIT_Download.pdf,391514
29081,nit_document,NIT Download,https://ntpctender.ntpc.co.in/Uploads/job_44735.pdf,,,data/raw/ntpc/documents/29081_NIT_Download.pdf,99648
29082,nit_document,NIT Download,https://ntpctender.ntpc.co.in/Uploads/job_44734.pdf,,,data/raw/ntpc/documents/29082_NIT_Download.pdf,91626
29083,nit_document,NIT Download,https://ntpctender.ntpc.co.in/Uploads/job_44733.pdf,,,data/raw/ntpc/documents/29083_NIT_Download.pdf,22231
29084,nit_document,NIT Download,https://ntpctender.ntpc.co.in/Uploads/job_44732.pdf,,,data/raw/ntpc/documents/29084_NIT_Download.pdf,172684
29085,nit_document,NIT Download,https://ntpctender.ntpc.co.in/Uploads/job_44731.pdf,,,data/raw/ntpc/documents/29085_NIT_Download.pdf,260892
29086,nit_document,NIT Download,https://ntpctender.ntpc.co.in/Uploads/job_44730.pdf,,,data/raw/ntpc/documents/29086_NIT_Download.pdf,342070
29087,nit_document,NIT Download,https://ntpctender.ntpc.co.in/Uploads/job_44729.pdf,,,data/raw/ntpc/documents/29087_NIT_Download.pdf,464156
29088,nit_document,NIT Download,https://ntpctender.ntpc.co.in/Uploads/job_44728.pdf,,,data/raw/ntpc/documents/29088_NIT_Download.pdf,79676
29089,nit_document,NIT Download,https://ntpctender.ntpc.co.in/Uploads/job_44727.pdf,,,data/raw/ntpc/documents/29089_NIT_Download.pdf,523075
29090,nit_document,NIT Download,https://ntpctender.ntpc.co.in/Uploads/job_44737.pdf,,,data/raw/ntpc/documents/29090_NIT_Download.pdf,258559
29091,nit_document,NIT Download,https://ntpctender.ntpc.co.in/Uploads/job_44738.pdf,,,data/raw/ntpc/documents/29091_NIT_Download.pdf,109759
29092,nit_document,NIT Download,https://ntpctender.ntpc.co.in/Uploads/job_44739.pdf,,,data/raw/ntpc/documents/29092_NIT_Download.pdf,680848
29093,nit_document,NIT Download,https://ntpctender.ntpc.co.in/Uploads/job_44740.pdf,,,data/raw/ntpc/documents/29093_NIT_Download.pdf,154141
29094,nit_document,NIT Download,https://ntpctender.ntpc.co.in/Uploads/job_44741.pdf,,,data/raw/ntpc/documents/29094_NIT_Download.pdf,169125
29094,corrigendum,cor_29094_1_1.pdf,https://ntpctender.ntpc.co.in/Uploads/cor_29094_1_1.pdf,1,2025-11-11T11:10:00,data/raw/ntpc/documents/29094_cor_29094_1_1.pdf,169217
29095,nit_document,NIT Download,https://ntpctender.ntpc.co.in/Uploads/job_44742.pdf,,,data/raw/ntpc/documents/29095_NIT_Download.pdf,672024
29096,nit_document,NIT Download,https://ntpctender.ntpc.co.in/Uploads/job_44743.pdf,,,data/raw/ntpc/documents/29096_NIT_Download.pdf,409758
29097,nit_document,NIT Download,https://ntpctender.ntpc.co.in/Uploads/job_44744.pdf,,,data/raw/ntpc/documents/29097_NIT_Download.pdf,363254
29098,nit_document,NIT Download,https://ntpctender.ntpc.co.in/Uploads/job_44745.pdf,,,data/raw/ntpc/documents/29098_NIT_Download.pdf,96977
29099,nit_document,NIT Download,https://ntpctender.ntpc.co.in/Uploads/job_44746.pdf,,,data/raw/ntpc/documents/29099_NIT_Download.pdf,233069
29100,nit_document,NIT Download,https://ntpctender.ntpc.co.in/Uploads/job_44747.pdf,,,data/raw/ntpc/documents/29100_NIT_Download.pdf,432827
29101,nit_document,NIT Download,https://ntpctender.ntpc.co.in/Uploads/job_44748.pdf,,,data/raw/ntpc/documents/29101_NIT_Download.pdf,973626
29101,corrigendum,cor_29101_2_1.pdf,https://ntpctender.ntpc.co.in/Uploads/cor_29101_2_1.pdf,2,2025-11-20T10:25:00,data/raw/ntpc/documents/29101_cor_29101_2_1.pdf,1029989
29102,nit_document,NIT Download,https://ntpctender.ntpc.co.in/Uploads/job_44749.pdf,,,data/raw/ntpc/documents/29102_NIT_Download.pdf,699686
29103,nit_document,NIT Download,https://ntpctender.ntpc.co.in/Uploads/job_44750.pdf,,,data/raw/ntpc/documents/29103_NIT_Download.pdf,94796
29104,nit_document,NIT Download,https://ntpctender.ntpc.co.in/Uploads/job_44751.pdf,,,data/raw/ntpc/documents/29104_NIT_Download.pdf,814418
29105,nit_document,NIT Download,https://ntpctender.ntpc.co.in/Uploads/job_44752.pdf,,,data/raw/ntpc/documents/29105_NIT_Download.pdf,5446262
29106,nit_document,NIT Download,https://ntpctender.ntpc.co.in/Uploads/job_44753.pdf,,,data/raw/ntpc/documents/29106_NIT_Download.pdf,283074
29107,nit_document,NIT Download,https://ntpctender.ntpc.co.in/Uploads/job_44754.pdf,,,data/raw/ntpc/documents/29107_NIT_Download.pdf,342636
29108,nit_document,NIT Download,https://ntpctender.ntpc.co.in/Uploads/job_44755.pdf,,,data/raw/ntpc/documents/29108_NIT_Download.pdf,150395
29109,nit_document,NIT Download,https://ntpctender.ntpc.co.in/Uploads/job_44756.pdf,,,data/raw/ntpc/documents/29109_NIT_Download.pdf,344575
29110,nit_document,NIT Download,https://ntpctender.ntpc.co.in/Uploads/job_44757.pdf,,,data/raw/ntpc/documents/29110_NIT_Download.pdf,332063
29111,nit_document,NIT Download,https://ntpctender.ntpc.co.in/Uploads/job_44758.pdf,,,data/raw/ntpc/documents/29111_NIT_Download.pdf,550045
29112,nit_document,NIT Download,https://ntpctender.ntpc.co.in/Uploads/job_44759.pdf,,,data/raw/ntpc/documents/29112_NIT_Download.pdf,117461
29113,nit_document,NIT Download,https://ntpctender.ntpc.co.in/Uploads/job_44760.pdf,,,data/raw/ntpc/documents/29113_NIT_Download.pdf,407946
29114,nit_document,NIT Download,https://ntpctender.ntpc.co.in/Uploads/job_44761.pdf,,,data/raw/ntpc/documents/29114_NIT_Download.pdf,449008
29115,nit_document,NIT Download,https://ntpctender.ntpc.co.in/Uploads/job_44762.pdf,,,data/raw/ntpc/documents/29115_NIT_Download.pdf,96759
29116,nit_document,NIT Download,https://ntpctender.ntpc.co.in/Uploads/job_44763.pdf,,,data/raw/ntpc/documents/29116_NIT_Download.pdf,96977
29117,nit_document,NIT Download,https://ntpctender.ntpc.co.in/Uploads/job_44764.pdf,,,data/raw/ntpc/documents/29117_NIT_Download.pdf,219574
29118,nit_document,NIT Download,https://ntpctender.ntpc.co.in/Uploads/job_44765.pdf,,,data/raw/ntpc/documents/29118_NIT_Download.pdf,1012971
29119,nit_document,NIT Download,https://ntpctender.ntpc.co.in/Uploads/job_44766.pdf,,,data/raw/ntpc/documents/29119_NIT_Download.pdf,1046972
29119,corrigendum,cor_29119_1_1.pdf,https://ntpctender.ntpc.co.in/Uploads/cor_29119_1_1.pdf,1,2025-11-15T21:50:00,data/raw/ntpc/documents/29119_cor_29119_1_1.pdf,217356
29120,nit_document,NIT Download,https://ntpctender.ntpc.co.in/Uploads/job_44767.pdf,,,data/raw/ntpc/documents/29120_NIT_Download.pdf,1028433
29120,corrigendum,cor_29120_3_1.pdf,https://ntpctender.ntpc.co.in/Uploads/cor_29120_3_1.pdf,3,2025-12-15T12:30:00,data/raw/ntpc/documents/29120_cor_29120_3_1.pdf,1028612
29121,nit_document,NIT Download,https://ntpctender.ntpc.co.in/Uploads/job_44768.pdf,,,data/raw/ntpc/documents/29121_NIT_Download.pdf,213120
29122,nit_document,NIT Download,https://ntpctender.ntpc.co.in/Uploads/job_44769.pdf,,,data/raw/ntpc/documents/29122_NIT_Download.pdf,136787
29123,nit_document,NIT Download,https://ntpctender.ntpc.co.in/Uploads/job_44770.pdf,,,data/raw/ntpc/documents/29123_NIT_Download.pdf,133689
29124,nit_document,NIT Download,https://ntpctender.ntpc.co.in/Uploads/job_44771.pdf,,,data/raw/ntpc/documents/29124_NIT_Download.pdf,96407
29125,nit_document,NIT Download,https://ntpctender.ntpc.co.in/Uploads/job_44772.pdf,,,data/raw/ntpc/documents/29125_NIT_Download.pdf,154424
29126,nit_document,NIT Download,https://ntpctender.ntpc.co.in/Uploads/job_44773.pdf,,,data/raw/ntpc/documents/29126_NIT_Download.pdf,96547
29127,nit_document,NIT Download,https://ntpctender.ntpc.co.in/Uploads/job_44774.pdf,,,data/raw/ntpc/documents/29127_NIT_Download.pdf,1838034
29128,nit_document,NIT Download,https://ntpctender.ntpc.co.in/Uploads/job_44775.pdf,,,data/raw/ntpc/documents/29128_NIT_Download.pdf,361779
29128,corrigendum,cor_29128_6_1.pdf,https://ntpctender.ntpc.co.in/Uploads/cor_29128_6_1.pdf,6,2025-12-31T18:15:00,data/raw/ntpc/documents/29128_cor_29128_6_1.pdf,365024
29129,nit_document,NIT Download,https://ntpctender.ntpc.co.in/Uploads/job_44776.pdf,,,data/raw/ntpc/documents/29129_NIT_Download.pdf,372174
29130,nit_document,NIT Download,https://ntpctender.ntpc.co.in/Uploads/job_44777.pdf,,,data/raw/ntpc/documents/29130_NIT_Download.pdf,886984
29131,nit_document,NIT Download,https://ntpctender.ntpc.co.in/Uploads/job_44778.pdf,,,data/raw/ntpc/documents/29131_NIT_Download.pdf,299017
29132,nit_document,NIT Download,https://ntpctender.ntpc.co.in/Uploads/job_44779.pdf,,,data/raw/ntpc/documents/29132_NIT_Download.pdf,215526
29133,nit_document,NIT Download,https://ntpctender.ntpc.co.in/Uploads/job_44780.pdf,,,data/raw/ntpc/documents/29133_NIT_Download.pdf,202003
29134,nit_document,NIT Download,https://ntpctender.ntpc.co.in/Uploads/job_44781.pdf,,,data/raw/ntpc/documents/29134_NIT_Download.pdf,97289
29135,nit_document,NIT Download,https://ntpctender.ntpc.co.in/Uploads/job_44782.pdf,,,data/raw/ntpc/documents/29135_NIT_Download.pdf,314406
29136,nit_document,NIT Download,https://ntpctender.ntpc.co.in/Uploads/job_44783.pdf,,,data/raw/ntpc/documents/29136_NIT_Download.pdf,301938
29137,nit_document,NIT Download,https://ntpctender.ntpc.co.in/Uploads/job_44784.pdf,,,data/raw/ntpc/documents/29137_NIT_Download.pdf,346729
29138,nit_document,NIT Download,https://ntpctender.ntpc.co.in/Uploads/job_44785.pdf,,,data/raw/ntpc/documents/29138_NIT_Download.pdf,142201
29139,nit_document,NIT Download,https://ntpctender.ntpc.co.in/Uploads/job_44786.pdf,,,data/raw/ntpc/documents/29139_NIT_Download.pdf,348218
29140,nit_document,NIT Download,https://ntpctender.ntpc.co.in/Uploads/job_44787.pdf,,,data/raw/ntpc/documents/29140_NIT_Download.pdf,134130
29141,nit_document,NIT Download,https://ntpctender.ntpc.co.in/Uploads/job_44788.pdf,,,data/raw/ntpc/documents/29141_NIT_Download.pdf,104894
29141,corrigendum,cor_29141_3_1.pdf,https://ntpctender.ntpc.co.in/Uploads/cor_29141_3_1.pdf,3,2025-11-21T11:35:00,data/raw/ntpc/documents/29141_cor_29141_3_1.pdf,119824
29142,nit_document,NIT Download,https://ntpctender.ntpc.co.in/Uploads/job_44789.pdf,,,data/raw/ntpc/documents/29142_NIT_Download.pdf,91157
29142,corrigendum,cor_29142_1_1.pdf,https://ntpctender.ntpc.co.in/Uploads/cor_29142_1_1.pdf,1,2025-11-12T11:00:00,data/raw/ntpc/documents/29142_cor_29142_1_1.pdf,33234
29143,nit_document,NIT Download,https://ntpctender.ntpc.co.in/Uploads/job_44790.pdf,,,data/raw/ntpc/documents/29143_NIT_Download.pdf,144040
29144,nit_document,NIT Download,https://ntpctender.ntpc.co.in/Uploads/job_44791.pdf,,,data/raw/ntpc/documents/29144_NIT_Download.pdf,212259
29145,nit_document,NIT Download,https://ntpctender.ntpc.co.in/Uploads/job_44792.pdf,,,data/raw/ntpc/documents/29145_NIT_Download.pdf,190339
29147,nit_document,NIT Download,https://ntpctender.ntpc.co.in/Uploads/job_44793.pdf,,,data/raw/ntpc/documents/29147_NIT_Download.pdf,163388
29148,nit_document,NIT Download,https://ntpctender.ntpc.co.in/Uploads/job_44794.pdf,,,data/raw/ntpc/documents/29148_NIT_Download.pdf,324550
29149,nit_document,NIT Download,https://ntpctender.ntpc.co.in/Uploads/job_44795.pdf,,,data/raw/ntpc/documents/29149_NIT_Download.pdf,1142854
29150,nit_document,NIT Download,https://ntpctender.ntpc.co.in/Uploads/job_44796.pdf,,,data/raw/ntpc/documents/29150_NIT_Download.pdf,1010624
29151,nit_document,NIT Download,https://ntpctender.ntpc.co.in/Uploads/job_44797.pdf,,,data/raw/ntpc/documents/29151_NIT_Download.pdf,997381
29152,nit_document,NIT Download,https://ntpctender.ntpc.co.in/Uploads/job_44810.pdf,,,data/raw/ntpc/documents/29152_NIT_Download.pdf,7727744
29153,nit_document,NIT Download,https://ntpctender.ntpc.co.in/Uploads/job_44809.pdf,,,data/raw/ntpc/documents/29153_NIT_Download.pdf,7727909
29154,nit_document,NIT Download,https://ntpctender.ntpc.co.in/Uploads/job_44808.pdf,,,data/raw/ntpc/documents/29154_NIT_Download.pdf,7727972
29155,nit_document,NIT Download,https://ntpctender.ntpc.co.in/Uploads/job_44807.pdf,,,data/raw/ntpc/documents/29155_NIT_Download.pdf,7729349
29156,nit_document,NIT Download,https://ntpctender.ntpc.co.in/Uploads/job_44806.pdf,,,data/raw/ntpc/documents/29156_NIT_Download.pdf,7774907
29157,nit_document,NIT Download,https://ntpctender.ntpc.co.in/Uploads/job_44805.pdf,,,data/raw/ntpc/documents/29157_NIT_Download.pdf,175100
29158,nit_document,NIT Download,https://ntpctender.ntpc.co.in/Uploads/job_44804.pdf,,,data/raw/ntpc/documents/29158_NIT_Download.pdf,166523
29159,nit_document,NIT Download,https://ntpctender.ntpc.co.in/Uploads/job_44803.pdf,,,data/raw/ntpc/documents/29159_NIT_Download.pdf,197929
29160,nit_document,NIT Download,https://ntpctender.ntpc.co.in/Uploads/job_44802.pdf,,,data/raw/ntpc/documents/29160_NIT_Download.pdf,2797523
29161,nit_document,NIT Download,https://ntpctender.ntpc.co.in/Uploads/job_44801.pdf,,,data/raw/ntpc/documents/29161_NIT_Download.pdf,50060
29162,nit_document,NIT Download,https://ntpctender.ntpc.co.in/Uploads/job_44800.pdf,,,data/raw/ntpc/documents/29162_NIT_Download.pdf,238969
29163,nit_document,NIT Download,https://ntpctender.ntpc.co.in/Uploads/job_44799.pdf,,,data/raw/ntpc/documents/29163_NIT_Download.pdf,169829
29164,nit_document,NIT Download,https://ntpctender.ntpc.co.in/Uploads/job_44798.pdf,,,data/raw/ntpc/documents/29164_NIT_Download.pdf,637556
29165,nit_document,NIT Download,https://ntpctender.ntpc.co.in/Uploads/job_44811.pdf,,,data/raw/ntpc/documents/29165_NIT_Download.pdf,328336
29166,nit_document,NIT Download,https://ntpctender.ntpc.co.in/Uploads/job_44812.pdf,,,data/raw/ntpc/documents/29166_NIT_Download.pdf,160835
29167,nit_document,NIT Download,https://ntpctender.ntpc.co.in/Uploads/job_44813.pdf,,,data/raw/ntpc/documents/29167_NIT_Download.pdf,328605
29168,nit_document,NIT Download,https://ntpctender.ntpc.co.in/Uploads/job_44814.pdf,,,data/raw/ntpc/documents/29168_NIT_Download.pdf,127369
29169,nit_document,NIT Download,https://ntpctender.ntpc.co.in/Uploads/job_44815.pdf,,,data/raw/ntpc/documents/29169_NIT_Download.pdf,100577
29170,nit_document,NIT Download,https://ntpctender.ntpc.co.in/Uploads/job_44816.pdf,,,data/raw/ntpc/documents/29170_NIT_Download.pdf,703689
29170,corrigendum,cor_29170_1_1.pdf,https://ntpctender.ntpc.co.in/Uploads/cor_29170_1_1.pdf,1,2025-11-21T12:45:00,data/raw/ntpc/documents/29170_cor_29170_1_1.pdf,96294
29171,nit_document,NIT Download,https://ntpctender.ntpc.co.in/Uploads/job_44817.pdf,,,data/raw/ntpc/documents/29171_NIT_Download.pdf,756896
29171,corrigendum,cor_29171_2_1.pdf,https://ntpctender.ntpc.co.in/Uploads/cor_29171_2_1.pdf,2,2026-01-02T12:15:00,data/raw/ntpc/documents/29171_cor_29171_2_1.pdf,1101526
29172,nit_document,NIT Download,https://ntpctender.ntpc.co.in/Uploads/job_44818.pdf,,,data/raw/ntpc/documents/29172_NIT_Download.pdf,97506
29173,nit_document,NIT Download,https://ntpctender.ntpc.co.in/Uploads/job_44819.pdf,,,data/raw/ntpc/documents/29173_NIT_Download.pdf,228031
29174,nit_document,NIT Download,https://ntpctender.ntpc.co.in/Uploads/job_44820.pdf,,,data/raw/ntpc/documents/29174_NIT_Download.pdf,538792
29175,nit_document,NIT Download,https://ntpctender.ntpc.co.in/Uploads/job_44821.pdf,,,data/raw/ntpc/documents/29175_NIT_Download.pdf,108500
29176,nit_document,NIT Download,https://ntpctender.ntpc.co.in/Uploads/job_44822.pdf,,,data/raw/ntpc/documents/29176_NIT_Download.pdf,123324
29177,nit_document,NIT Download,https://ntpctender.ntpc.co.in/Uploads/job_44823.pdf,,,data/raw/ntpc/documents/29177_NIT_Download.pdf,794836
29178,nit_document,NIT Download,https://ntpctender.ntpc.co.in/Uploads/job_44824.pdf,,,data/raw/ntpc/documents/29178_NIT_Download.pdf,108859
29179,nit_document,NIT Download,https://ntpctender.ntpc.co.in/Uploads/job_44825.pdf,,,data/raw/ntpc/documents/29179_NIT_Download.pdf,504424
29180,nit_document,NIT Download,https://ntpctender.ntpc.co.in/Uploads/job_44846.pdf,,,data/raw/ntpc/documents/29180_NIT_Download.pdf,165089
29181,nit_document,NIT Download,https://ntpctender.ntpc.co.in/Uploads/job_44845.pdf,,,data/raw/ntpc/documents/29181_NIT_Download.pdf,782218
29182,nit_document,NIT Download,https://ntpctender.ntpc.co.in/Uploads/job_44844.pdf,,,data/raw/ntpc/documents/29182_NIT_Download.pdf,95876
29183,nit_document,NIT Download,https://ntpctender.ntpc.co.in/Uploads/job_44843.pdf,,,data/raw/ntpc/documents/29183_NIT_Download.pdf,342070
29184,nit_document,NIT Download,https://ntpctender.ntpc.co.in/Uploads/job_44842.pdf,,,data/raw/ntpc/documents/29184_NIT_Download.pdf,110888
29185,nit_document,NIT Download,https://ntpctender.ntpc.co.in/Uploads/job_44841.pdf,,,data/raw/ntpc/documents/29185_NIT_Download.pdf,314101
29186,nit_document,NIT Download,https://ntpctender.ntpc.co.in/Uploads/job_44840.pdf,,,data/raw/ntpc/documents/29186_NIT_Download.pdf,96407
29187,nit_document,NIT Download,https://ntpctender.ntpc.co.in/Uploads/job_44839.pdf,,,data/raw/ntpc/documents/29187_NIT_Download.pdf,2386954
29188,nit_document,NIT Download,https://ntpctender.ntpc.co.in/Uploads/job_44838.pdf,,,data/raw/ntpc/documents/29188_NIT_Download.pdf,2351443
29189,nit_document,NIT Download,https://ntpctender.ntpc.co.in/Uploads/job_44837.pdf,,,data/raw/ntpc/documents/29189_NIT_Download.pdf,22231
29190,nit_document,NIT Download,https://ntpctender.ntpc.co.in/Uploads/job_44836.pdf,,,data/raw/ntpc/documents/29190_NIT_Download.pdf,2270815
29191,nit_document,NIT Download,https://ntpctender.ntpc.co.in/Uploads/job_44835.pdf,,,data/raw/ntpc/documents/29191_NIT_Download.pdf,1505933
29192,nit_document,NIT Download,https://ntpctender.ntpc.co.in/Uploads/job_44834.pdf,,,data/raw/ntpc/documents/29192_NIT_Download.pdf,391514
29193,nit_document,NIT Download,https://ntpctender.ntpc.co.in/Uploads/job_44833.pdf,,,data/raw/ntpc/documents/29193_NIT_Download.pdf,1652672
29194,nit_document,NIT Download,https://ntpctender.ntpc.co.in/Uploads/job_44832.pdf,,,data/raw/ntpc/documents/29194_NIT_Download.pdf,583547
29195,nit_document,NIT Download,https://ntpctender.ntpc.co.in/Uploads/job_44831.pdf,,,data/raw/ntpc/documents/29195_NIT_Download.pdf,785683
29196,nit_document,NIT Download,https://ntpctender.ntpc.co.in/Uploads/job_44830.pdf,,,data/raw/ntpc/documents/29196_NIT_Download.pdf,77784
29197,nit_document,NIT Download,https://ntpctender.ntpc.co.in/Uploads/job_44829.pdf,,,data/raw/ntpc/documents/29197_NIT_Download.pdf,240064
29198,nit_document,NIT Download,https://ntpctender.ntpc.co.in/Uploads/job_44828.pdf,,,data/raw/ntpc/documents/29198_NIT_Download.pdf,108002
29199,nit_document,NIT Download,https://ntpctender.ntpc.co.in/Uploads/job_44827.pdf,,,data/raw/ntpc/documents/29199_NIT_Download.pdf,575093
29200,nit_document,NIT Download,https://ntpctender.ntpc.co.in/Uploads/job_44826.pdf,,,data/raw/ntpc/documents/29200_NIT_Download.pdf,69627
29201,nit_document,NIT Download,https://ntpctender.ntpc.co.in/Uploads/job_44847.pdf,,,data/raw/ntpc/documents/29201_NIT_Download.pdf,225141
29202,nit_document,NIT Download,https://ntpctender.ntpc.co.in/Uploads/job_44848.pdf,,,data/raw/ntpc/documents/29202_NIT_Download.pdf,524481
29203,nit_document,NIT Download,https://ntpctender.ntpc.co.in/Uploads/job_44849.pdf,,,data/raw/ntpc/documents/29203_NIT_Download.pdf,406402
29204,nit_document,NIT Download,https://ntpctender.ntpc.co.in/Uploads/job_44850.zip,,,data/raw/ntpc/documents/29204_NIT_Download.zip,11541126
29205,nit_document,NIT Download,https://ntpctender.ntpc.co.in/Uploads/job_44851.pdf,,,data/raw/ntpc/documents/29205_NIT_Download.pdf,287238
29206,nit_document,NIT Download,https://ntpctender.ntpc.co.in/Uploads/job_44852.pdf,,,data/raw/ntpc/documents/29206_NIT_Download.pdf,108659
29207,nit_document,NIT Download,https://ntpctender.ntpc.co.in/Uploads/job_44853.pdf,,,data/raw/ntpc/documents/29207_NIT_Download.pdf,705241
29208,nit_document,NIT Download,https://ntpctender.ntpc.co.in/Uploads/job_44854.pdf,,,data/raw/ntpc/documents/29208_NIT_Download.pdf,107359
29209,nit_document,NIT Download,https://ntpctender.ntpc.co.in/Uploads/job_44855.pdf,,,data/raw/ntpc/documents/29209_NIT_Download.pdf,996975
29209,corrigendum,cor_29209_3_1.pdf,https://ntpctender.ntpc.co.in/Uploads/cor_29209_3_1.pdf,3,2026-01-03T15:00:00,data/raw/ntpc/documents/29209_cor_29209_3_1.pdf,1028309
29210,nit_document,NIT Download,https://ntpctender.ntpc.co.in/Uploads/job_44856.pdf,,,data/raw/ntpc/documents/29210_NIT_Download.pdf,329918
29211,nit_document,NIT Download,https://ntpctender.ntpc.co.in/Uploads/job_44857.pdf,,,data/raw/ntpc/documents/29211_NIT_Download.pdf,347352
29212,nit_document,NIT Download,https://ntpctender.ntpc.co.in/Uploads/job_44858.pdf,,,data/raw/ntpc/documents/29212_NIT_Download.pdf,136357
29213,nit_document,NIT Download,https://ntpctender.ntpc.co.in/Uploads/job_44859.pdf,,,data/raw/ntpc/documents/29213_NIT_Download.pdf,362305
29214,nit_document,NIT Download,https://ntpctender.ntpc.co.in/Uploads/job_44860.pdf,,,data/raw/ntpc/documents/29214_NIT_Download.pdf,343946
29215,nit_document,NIT Download,https://ntpctender.ntpc.co.in/Uploads/job_44861.pdf,,,data/raw/ntpc/documents/29215_NIT_Download.pdf,683059
29216,nit_document,NIT Download,https://ntpctender.ntpc.co.in/Uploads/job_44862.pdf,,,data/raw/ntpc/documents/29216_NIT_Download.pdf,252265
29216,corrigendum,cor_29216_1_1.pdf,https://ntpctender.ntpc.co.in/Uploads/cor_29216_1_1.pdf,1,2026-01-21T11:15:00,data/raw/ntpc/documents/29216_cor_29216_1_1.pdf,1965083
29217,nit_document,NIT Download,https://ntpctender.ntpc.co.in/Uploads/job_44863.pdf,,,data/raw/ntpc/documents/29217_NIT_Download.pdf,94316
29218,nit_document,NIT Download,https://ntpctender.ntpc.co.in/Uploads/job_44864.pdf,,,data/raw/ntpc/documents/29218_NIT_Download.pdf,389477
29219,nit_document,NIT Download,https://ntpctender.ntpc.co.in/Uploads/job_44865.pdf,,,data/raw/ntpc/documents/29219_NIT_Download.pdf,228706
29220,nit_document,NIT Download,https://ntpctender.ntpc.co.in/Uploads/job_44866.pdf,,,data/raw/ntpc/documents/29220_NIT_Download.pdf,527541
29220,corrigendum,cor_29220_1_1.pdf,https://ntpctender.ntpc.co.in/Uploads/cor_29220_1_1.pdf,1,2026-02-07T19:10:00,data/raw/ntpc/documents/29220_cor_29220_1_1.pdf,527541
29221,nit_document,NIT Download,https://ntpctender.ntpc.co.in/Uploads/job_44867.pdf,,,data/raw/ntpc/documents/29221_NIT_Download.pdf,814639
29222,nit_document,NIT Download,https://ntpctender.ntpc.co.in/Uploads/job_44868.pdf,,,data/raw/ntpc/documents/29222_NIT_Download.pdf,350534
29223,nit_document,NIT Download,https://ntpctender.ntpc.co.in/Uploads/job_44869.pdf,,,data/raw/ntpc/documents/29223_NIT_Download.pdf,421974
29224,nit_document,NIT Download,https://ntpctender.ntpc.co.in/Uploads/job_44870.pdf,,,data/raw/ntpc/documents/29224_NIT_Download.pdf,683633
29224,corrigendum,cor_29224_5_1.pdf,https://ntpctender.ntpc.co.in/Uploads/cor_29224_5_1.pdf,5,2026-02-26T13:40:00,data/raw/ntpc/documents/29224_cor_29224_5_1.pdf,205833
29225,nit_document,NIT Download,https://ntpctender.ntpc.co.in/Uploads/job_44871.pdf,,,data/raw/ntpc/documents/29225_NIT_Download.pdf,344711
29226,nit_document,NIT Download,https://ntpctender.ntpc.co.in/Uploads/job_44872.pdf,,,data/raw/ntpc/documents/29226_NIT_Download.pdf,304928
29227,nit_document,NIT Download,https://ntpctender.ntpc.co.in/Uploads/job_44873.pdf,,,data/raw/ntpc/documents/29227_NIT_Download.pdf,96996
29228,nit_document,NIT Download,https://ntpctender.ntpc.co.in/Uploads/job_44874.pdf,,,data/raw/ntpc/documents/29228_NIT_Download.pdf,766162
29229,nit_document,NIT Download,https://ntpctender.ntpc.co.in/Uploads/job_44875.pdf,,,data/raw/ntpc/documents/29229_NIT_Download.pdf,250328
29229,nit_document,Click here to view Salient Technical Features,https://ntpctender.ntpc.co.in/Uploads/tech_job_44875.pdf,,,data/raw/ntpc/documents/29229_Click_here_to_view_Salient_Technical_Features.pdf,177010
29230,nit_document,NIT Download,https://ntpctender.ntpc.co.in/Uploads/job_44876.pdf,,,data/raw/ntpc/documents/29230_NIT_Download.pdf,1262827
29230,corrigendum,cor_29230_2_1.pdf,https://ntpctender.ntpc.co.in/Uploads/cor_29230_2_1.pdf,2,2026-01-03T15:15:00,data/raw/ntpc/documents/29230_cor_29230_2_1.pdf,1262627
29231,nit_document,NIT Download,https://ntpctender.ntpc.co.in/Uploads/job_44877.pdf,,,data/raw/ntpc/documents/29231_NIT_Download.pdf,1260649
29231,corrigendum,cor_29231_1_1.pdf,https://ntpctender.ntpc.co.in/Uploads/cor_29231_1_1.pdf,1,2025-12-15T12:55:00,data/raw/ntpc/documents/29231_cor_29231_1_1.pdf,1260940
29232,nit_document,NIT Download,https://ntpctender.ntpc.co.in/Uploads/job_44878.pdf,,,data/raw/ntpc/documents/29232_NIT_Download.pdf,705184
29233,nit_document,NIT Download,https://ntpctender.ntpc.co.in/Uploads/job_44879.pdf,,,data/raw/ntpc/documents/29233_NIT_Download.pdf,98038
29234,nit_document,NIT Download,https://ntpctender.ntpc.co.in/Uploads/job_44880.pdf,,,data/raw/ntpc/documents/29234_NIT_Download.pdf,3074157
29235,nit_document,NIT Download,https://ntpctender.ntpc.co.in/Uploads/job_44881.pdf,,,data/raw/ntpc/documents/29235_NIT_Download.pdf,974103
29235,nit_document,Click here to view Salient Technical Features,https://ntpctender.ntpc.co.in/Uploads/tech_job_44881.pdf,,,data/raw/ntpc/documents/29235_Click_here_to_view_Salient_Technical_Features.pdf,718300
29236,nit_document,NIT Download,https://ntpctender.ntpc.co.in/Uploads/job_44882.pdf,,,data/raw/ntpc/documents/29236_NIT_Download.pdf,202137
29237,nit_document,NIT Download,https://ntpctender.ntpc.co.in/Uploads/job_44883.pdf,,,data/raw/ntpc/documents/29237_NIT_Download.pdf,135652
29238,nit_document,NIT Download,https://ntpctender.ntpc.co.in/Uploads/job_44884.pdf,,,data/raw/ntpc/documents/29238_NIT_Download.pdf,96850
29239,nit_document,NIT Download,https://ntpctender.ntpc.co.in/Uploads/job_44885.pdf,,,data/raw/ntpc/documents/29239_NIT_Download.pdf,305981
29240,nit_document,NIT Download,https://ntpctender.ntpc.co.in/Uploads/job_44886.pdf,,,data/raw/ntpc/documents/29240_NIT_Download.pdf,1233923
29241,nit_document,NIT Download,https://ntpctender.ntpc.co.in/Uploads/job_44887.pdf,,,data/raw/ntpc/documents/29241_NIT_Download.pdf,137513
29242,nit_document,NIT Download,https://ntpctender.ntpc.co.in/Uploads/job_44888.pdf,,,data/raw/ntpc/documents/29242_NIT_Download.pdf,97994
29243,nit_document,NIT Download,https://ntpctender.ntpc.co.in/Uploads/job_44889.pdf,,,data/raw/ntpc/documents/29243_NIT_Download.pdf,96389
29244,nit_document,NIT Download,https://ntpctender.ntpc.co.in/Uploads/job_44890.pdf,,,data/raw/ntpc/documents/29244_NIT_Download.pdf,94747
29245,nit_document,NIT Download,https://ntpctender.ntpc.co.in/Uploads/job_44891.pdf,,,data/raw/ntpc/documents/29245_NIT_Download.pdf,386489
29246,nit_document,NIT Download,https://ntpctender.ntpc.co.in/Uploads/job_44892.pdf,,,data/raw/ntpc/documents/29246_NIT_Download.pdf,95432
29247,nit_document,NIT Download,https://ntpctender.ntpc.co.in/Uploads/job_44893.pdf,,,data/raw/ntpc/documents/29247_NIT_Download.pdf,247207
29248,nit_document,NIT Download,https://ntpctender.ntpc.co.in/Uploads/job_44894.pdf,,,data/raw/ntpc/documents/29248_NIT_Download.pdf,333375
29249,nit_document,NIT Download,https://ntpctender.ntpc.co.in/Uploads/job_44895.pdf,,,data/raw/ntpc/documents/29249_NIT_Download.pdf,440586
29250,nit_document,NIT Download,https://ntpctender.ntpc.co.in/Uploads/job_44896.pdf,,,data/raw/ntpc/documents/29250_NIT_Download.pdf,104879
29250,corrigendum,cor_29250_2_1.pdf,https://ntpctender.ntpc.co.in/Uploads/cor_29250_2_1.pdf,2,2026-01-30T15:35:00,data/raw/ntpc/documents/29250_cor_29250_2_1.pdf,1160523
29251,nit_document,NIT Download,https://ntpctender.ntpc.co.in/Uploads/job_44897.pdf,,,data/raw/ntpc/documents/29251_NIT_Download.pdf,119248
29252,nit_document,NIT Download,https://ntpctender.ntpc.co.in/Uploads/job_44898.pdf,,,data/raw/ntpc/documents/29252_NIT_Download.pdf,4657382
29252,corrigendum,cor_29252_2_1.pdf,https://ntpctender.ntpc.co.in/Uploads/cor_29252_2_1.pdf,2,2026-02-11T12:35:00,data/raw/ntpc/documents/29252_cor_29252_2_1.pdf,4724682
29253,nit_document,NIT Download,https://ntpctender.ntpc.co.in/Uploads/job_44899.pdf,,,data/raw/ntpc/documents/29253_NIT_Download.pdf,1185497
29254,nit_document,NIT Download,https://ntpctender.ntpc.co.in/Uploads/job_44900.pdf,,,data/raw/ntpc/documents/29254_NIT_Download.pdf,293104
29255,nit_document,NIT Download,https://ntpctender.ntpc.co.in/Uploads/job_44901.pdf,,,data/raw/ntpc/documents/29255_NIT_Download.pdf,106251
29256,nit_document,NIT Download,https://ntpctender.ntpc.co.in/Uploads/job_44902.pdf,,,data/raw/ntpc/documents/29256_NIT_Download.pdf,125069
29257,nit_document,NIT Download,https://ntpctender.ntpc.co.in/Uploads/job_44903.pdf,,,data/raw/ntpc/documents/29257_NIT_Download.pdf,258540
29258,nit_document,NIT Download,https://ntpctender.ntpc.co.in/Uploads/job_44904.pdf,,,data/raw/ntpc/documents/29258_NIT_Download.pdf,109232
29259,nit_document,NIT Download,https://ntpctender.ntpc.co.in/Uploads/job_44905.zip,,,data/raw/ntpc/documents/29259_NIT_Download.zip,42420453
29260,nit_document,NIT Download,https://ntpctender.ntpc.co.in/Uploads/job_44906.pdf,,,data/raw/ntpc/documents/29260_NIT_Download.pdf,339149
29261,nit_document,NIT Download,https://ntpctender.ntpc.co.in/Uploads/job_44907.pdf,,,data/raw/ntpc/documents/29261_NIT_Download.pdf,330023
29262,nit_document,NIT Download,https://ntpctender.ntpc.co.in/Uploads/job_44908.pdf,,,data/raw/ntpc/documents/29262_NIT_Download.pdf,1396779
29263,nit_document,NIT Download,https://ntpctender.ntpc.co.in/Uploads/job_44909.pdf,,,data/raw/ntpc/documents/29263_NIT_Download.pdf,862104
29264,nit_document,NIT Download,https://ntpctender.ntpc.co.in/Uploads/job_44910.pdf,,,data/raw/ntpc/documents/29264_NIT_Download.pdf,189403
29265,nit_document,NIT Download,https://ntpctender.ntpc.co.in/Uploads/job_44911.pdf,,,data/raw/ntpc/documents/29265_NIT_Download.pdf,179203
29266,nit_document,NIT Download,https://ntpctender.ntpc.co.in/Uploads/job_44912.pdf,,,data/raw/ntpc/documents/29266_NIT_Download.pdf,133786
29267,nit_document,NIT Download,https://ntpctender.ntpc.co.in/Uploads/job_44913.pdf,,,data/raw/ntpc/documents/29267_NIT_Download.pdf,113627
29268,nit_document,NIT Download,https://ntpctender.ntpc.co.in/Uploads/job_44914.pdf,,,data/raw/ntpc/documents/29268_NIT_Download.pdf,719275
29269,nit_document,NIT Download,https://ntpctender.ntpc.co.in/Uploads/job_44915.pdf,,,data/raw/ntpc/documents/29269_NIT_Download.pdf,463265
29270,nit_document,NIT Download,https://ntpctender.ntpc.co.in/Uploads/job_44916.pdf,,,data/raw/ntpc/documents/29270_NIT_Download.pdf,266506
29271,nit_document,NIT Download,https://ntpctender.ntpc.co.in/Uploads/job_44917.pdf,,,data/raw/ntpc/documents/29271_NIT_Download.pdf,952179
29272,nit_document,NIT Download,https://ntpctender.ntpc.co.in/Uploads/job_44918.pdf,,,data/raw/ntpc/documents/29272_NIT_Download.pdf,524629
29273,nit_document,NIT Download,https://ntpctender.ntpc.co.in/Uploads/job_44919.pdf,,,data/raw/ntpc/documents/29273_NIT_Download.pdf,683918
29274,nit_document,NIT Download,https://ntpctender.ntpc.co.in/Uploads/job_44920.pdf,,,data/raw/ntpc/documents/29274_NIT_Download.pdf,101297
29275,nit_document,NIT Download,https://ntpctender.ntpc.co.in/Uploads/job_44921.pdf,,,data/raw/ntpc/documents/29275_NIT_Download.pdf,1053606
29276,nit_document,NIT Download,https://ntpctender.ntpc.co.in/Uploads/job_44922.pdf,,,data/raw/ntpc/documents/29276_NIT_Download.pdf,992619
29276,corrigendum,cor_29276_1_1.pdf,https://ntpctender.ntpc.co.in/Uploads/cor_29276_1_1.pdf,1,2026-01-03T14:50:00,data/raw/ntpc/documents/29276_cor_29276_1_1.pdf,992981
29277,nit_document,NIT Download,https://ntpctender.ntpc.co.in/Uploads/job_44923.pdf,,,data/raw/ntpc/documents/29277_NIT_Download.pdf,221716
29278,nit_document,NIT Download,https://ntpctender.ntpc.co.in/Uploads/job_44924.pdf,,,data/raw/ntpc/documents/29278_NIT_Download.pdf,3633760
29278,nit_document,Click here to view Salient Technical Features,https://ntpctender.ntpc.co.in/Uploads/tech_job_44924.pdf,,,data/raw/ntpc/documents/29278_Click_here_to_view_Salient_Technical_Features.pdf,201789
29279,nit_document,NIT Download,https://ntpctender.ntpc.co.in/Uploads/job_44925.pdf,,,data/raw/ntpc/documents/29279_NIT_Download.pdf,109311
29280,nit_document,NIT Download,https://ntpctender.ntpc.co.in/Uploads/job_44926.pdf,,,data/raw/ntpc/documents/29280_NIT_Download.pdf,827744
29281,nit_document,NIT Download,https://ntpctender.ntpc.co.in/Uploads/job_44927.pdf,,,data/raw/ntpc/documents/29281_NIT_Download.pdf,154931
29282,nit_document,NIT Download,https://ntpctender.ntpc.co.in/Uploads/job_44928.pdf,,,data/raw/ntpc/documents/29282_NIT_Download.pdf,1027467
29283,nit_document,NIT Download,https://ntpctender.ntpc.co.in/Uploads/job_44929.pdf,,,data/raw/ntpc/documents/29283_NIT_Download.pdf,116642
29284,nit_document,NIT Download,https://ntpctender.ntpc.co.in/Uploads/job_44930.pdf,,,data/raw/ntpc/documents/29284_NIT_Download.pdf,99380
29285,nit_document,NIT Download,https://ntpctender.ntpc.co.in/Uploads/job_44931.pdf,,,data/raw/ntpc/documents/29285_NIT_Download.pdf,96383
29286,nit_document,NIT Download,https://ntpctender.ntpc.co.in/Uploads/job_44932.pdf,,,data/raw/ntpc/documents/29286_NIT_Download.pdf,103445
29287,nit_document,NIT Download,https://ntpctender.ntpc.co.in/Uploads/job_44933.pdf,,,data/raw/ntpc/documents/29287_NIT_Download.pdf,187174
29287,corrigendum,cor_29287_1_1.pdf,https://ntpctender.ntpc.co.in/Uploads/cor_29287_1_1.pdf,1,2026-01-06T15:50:00,data/raw/ntpc/documents/29287_cor_29287_1_1.pdf,43974
29288,nit_document,NIT Download,https://ntpctender.ntpc.co.in/Uploads/job_44934.pdf,,,data/raw/ntpc/documents/29288_NIT_Download.pdf,93127
29289,nit_document,NIT Download,https://ntpctender.ntpc.co.in/Uploads/job_44935.pdf,,,data/raw/ntpc/documents/29289_NIT_Download.pdf,84492
29290,nit_document,NIT Download,https://ntpctender.ntpc.co.in/Uploads/job_44936.pdf,,,data/raw/ntpc/documents/29290_NIT_Download.pdf,646391
29291,nit_document,NIT Download,https://ntpctender.ntpc.co.in/Uploads/job_44937.pdf,,,data/raw/ntpc/documents/29291_NIT_Download.pdf,110364
29292,nit_document,NIT Download,https://ntpctender.ntpc.co.in/Uploads/job_44938.pdf,,,data/raw/ntpc/documents/29292_NIT_Download.pdf,239472
29293,nit_document,NIT Download,https://ntpctender.ntpc.co.in/Uploads/job_44939.pdf,,,data/raw/ntpc/documents/29293_NIT_Download.pdf,216475
29294,nit_document,NIT Download,https://ntpctender.ntpc.co.in/Uploads/job_44940.pdf,,,data/raw/ntpc/documents/29294_NIT_Download.pdf,170191
29295,nit_document,NIT Download,https://ntpctender.ntpc.co.in/Uploads/job_44941.pdf,,,data/raw/ntpc/documents/29295_NIT_Download.pdf,129282
29296,nit_document,NIT Download,https://ntpctender.ntpc.co.in/Uploads/job_44942.pdf,,,data/raw/ntpc/documents/29296_NIT_Download.pdf,97995
29297,nit_document,NIT Download,https://ntpctender.ntpc.co.in/Uploads/job_44943.pdf,,,data/raw/ntpc/documents/29297_NIT_Download.pdf,270136
29298,nit_document,NIT Download,https://ntpctender.ntpc.co.in/Uploads/job_44944.pdf,,,data/raw/ntpc/documents/29298_NIT_Download.pdf,552972
29299,nit_document,NIT Download,https://ntpctender.ntpc.co.in/Uploads/job_44945.pdf,,,data/raw/ntpc/documents/29299_NIT_Download.pdf,611484
29300,nit_document,NIT Download,https://ntpctender.ntpc.co.in/Uploads/job_44946.pdf,,,data/raw/ntpc/documents/29300_NIT_Download.pdf,126153
29301,nit_document,NIT Download,https://ntpctender.ntpc.co.in/Uploads/job_44947.pdf,,,data/raw/ntpc/documents/29301_NIT_Download.pdf,243873
29302,nit_document,NIT Download,https://ntpctender.ntpc.co.in/Uploads/job_44948.pdf,,,data/raw/ntpc/documents/29302_NIT_Download.pdf,257867
29303,nit_document,NIT Download,https://ntpctender.ntpc.co.in/Uploads/job_44949.pdf,,,data/raw/ntpc/documents/29303_NIT_Download.pdf,133618
29304,nit_document,NIT Download,https://ntpctender.ntpc.co.in/Uploads/job_44950.pdf,,,data/raw/ntpc/documents/29304_NIT_Download.pdf,395338
29305,nit_document,NIT Download,https://ntpctender.ntpc.co.in/Uploads/job_44951.pdf,,,data/raw/ntpc/documents/29305_NIT_Download.pdf,330662
29306,nit_document,NIT Download,https://ntpctender.ntpc.co.in/Uploads/job_44952.pdf,,,data/raw/ntpc/documents/29306_NIT_Download.pdf,675273
29307,nit_document,NIT Download,https://ntpctender.ntpc.co.in/Uploads/job_44953.pdf,,,data/raw/ntpc/documents/29307_NIT_Download.pdf,243122
29308,nit_document,NIT Download,https://ntpctender.ntpc.co.in/Uploads/job_44954.pdf,,,data/raw/ntpc/documents/29308_NIT_Download.pdf,297804
29308,corrigendum,cor_29308_2_1.pdf,https://ntpctender.ntpc.co.in/Uploads/cor_29308_2_1.pdf,2,2026-01-30T19:15:00,data/raw/ntpc/documents/29308_cor_29308_2_1.pdf,446069
29309,nit_document,NIT Download,https://ntpctender.ntpc.co.in/Uploads/job_44955.pdf,,,data/raw/ntpc/documents/29309_NIT_Download.pdf,879880
29310,nit_document,NIT Download,https://ntpctender.ntpc.co.in/Uploads/job_44956.pdf,,,data/raw/ntpc/documents/29310_NIT_Download.pdf,876753
29311,nit_document,NIT Download,https://ntpctender.ntpc.co.in/Uploads/job_44957.pdf,,,data/raw/ntpc/documents/29311_NIT_Download.pdf,105036
29312,nit_document,NIT Download,https://ntpctender.ntpc.co.in/Uploads/job_44958.pdf,,,data/raw/ntpc/documents/29312_NIT_Download.pdf,105332
29313,nit_document,NIT Download,https://ntpctender.ntpc.co.in/Uploads/job_44959.pdf,,,data/raw/ntpc/documents/29313_NIT_Download.pdf,166236
29314,nit_document,NIT Download,https://ntpctender.ntpc.co.in/Uploads/job_44960.pdf,,,data/raw/ntpc/documents/29314_NIT_Download.pdf,132067
29315,nit_document,NIT Download,https://ntpctender.ntpc.co.in/Uploads/job_44961.pdf,,,data/raw/ntpc/documents/29315_NIT_Download.pdf,851553
29315,corrigendum,cor_29315_1_1.pdf,https://ntpctender.ntpc.co.in/Uploads/cor_29315_1_1.pdf,1,2026-01-12T18:15:00,data/raw/ntpc/documents/29315_cor_29315_1_1.pdf,99667
29316,nit_document,NIT Download,https://ntpctender.ntpc.co.in/Uploads/job_44962.pdf,,,data/raw/ntpc/documents/29316_NIT_Download.pdf,362336
29317,nit_document,NIT Download,https://ntpctender.ntpc.co.in/Uploads/job_44963.pdf,,,data/raw/ntpc/documents/29317_NIT_Download.pdf,362082
29318,nit_document,NIT Download,https://ntpctender.ntpc.co.in/Uploads/job_44964.pdf,,,data/raw/ntpc/documents/29318_NIT_Download.pdf,683501
29319,nit_document,NIT Download,https://ntpctender.ntpc.co.in/Uploads/job_44966.pdf,,,data/raw/ntpc/documents/29319_NIT_Download.pdf,309749
29319,nit_document,Click here to view Salient Technical Features,https://ntpctender.ntpc.co.in/Uploads/tech_job_44966.pdf,,,data/raw/ntpc/documents/29319_Click_here_to_view_Salient_Technical_Features.pdf,264679
29319,corrigendum,cor_29319_4_1.pdf,https://ntpctender.ntpc.co.in/Uploads/cor_29319_4_1.pdf,4,2026-03-14T20:55:00,data/raw/ntpc/documents/29319_cor_29319_4_1.pdf,1520264
29320,nit_document,NIT Download,https://ntpctender.ntpc.co.in/Uploads/job_44965.pdf,,,data/raw/ntpc/documents/29320_NIT_Download.pdf,417366
29320,nit_document,Click here to view Salient Technical Features,https://ntpctender.ntpc.co.in/Uploads/tech_job_44965.pdf,,,data/raw/ntpc/documents/29320_Click_here_to_view_Salient_Technical_Features.pdf,170815
29320,corrigendum,cor_29320_2_1.pdf,https://ntpctender.ntpc.co.in/Uploads/cor_29320_2_1.pdf,2,2026-02-18T16:15:00,data/raw/ntpc/documents/29320_cor_29320_2_1.pdf,396477
29321,nit_document,NIT Download,https://ntpctender.ntpc.co.in/Uploads/job_44967.pdf,,,data/raw/ntpc/documents/29321_NIT_Download.pdf,1066998
29321,corrigendum,cor_29321_1_1.pdf,https://ntpctender.ntpc.co.in/Uploads/cor_29321_1_1.pdf,1,2026-01-31T17:25:00,data/raw/ntpc/documents/29321_cor_29321_1_1.pdf,1067022
29322,nit_document,NIT Download,https://ntpctender.ntpc.co.in/Uploads/job_44968.pdf,,,data/raw/ntpc/documents/29322_NIT_Download.pdf,290588
29322,corrigendum,cor_29322_3_1.pdf,https://ntpctender.ntpc.co.in/Uploads/cor_29322_3_1.pdf,3,2026-02-02T17:45:00,data/raw/ntpc/documents/29322_cor_29322_3_1.pdf,3505047
29323,nit_document,NIT Download,https://ntpctender.ntpc.co.in/Uploads/job_44969.pdf,,,data/raw/ntpc/documents/29323_NIT_Download.pdf,142940
29324,nit_document,NIT Download,https://ntpctender.ntpc.co.in/Uploads/job_44970.pdf,,,data/raw/ntpc/documents/29324_NIT_Download.pdf,310507
29325,nit_document,NIT Download,https://ntpctender.ntpc.co.in/Uploads/job_44971.pdf,,,data/raw/ntpc/documents/29325_NIT_Download.pdf,128392
29326,nit_document,NIT Download,https://ntpctender.ntpc.co.in/Uploads/job_44972.pdf,,,data/raw/ntpc/documents/29326_NIT_Download.pdf,105824
29327,nit_document,NIT Download,https://ntpctender.ntpc.co.in/Uploads/job_44973.pdf,,,data/raw/ntpc/documents/29327_NIT_Download.pdf,293332
29328,nit_document,NIT Download,https://ntpctender.ntpc.co.in/Uploads/job_44974.pdf,,,data/raw/ntpc/documents/29328_NIT_Download.pdf,106231
29329,nit_document,NIT Download,https://ntpctender.ntpc.co.in/Uploads/EnlistmentMEGCEG06012026.zip,,,data/raw/ntpc/documents/29329_NIT_Download.zip,20800885
29329,corrigendum,cor_29329_1_1.pdf,https://ntpctender.ntpc.co.in/Uploads/cor_29329_1_1.pdf,1,2026-01-30T08:30:00,data/raw/ntpc/documents/29329_cor_29329_1_1.pdf,439791
29330,nit_document,NIT Download,https://ntpctender.ntpc.co.in/Uploads/job_44976.pdf,,,data/raw/ntpc/documents/29330_NIT_Download.pdf,98908
29331,nit_document,NIT Download,https://ntpctender.ntpc.co.in/Uploads/job_44977.pdf,,,data/raw/ntpc/documents/29331_NIT_Download.pdf,1067139
29331,corrigendum,cor_29331_1_1.pdf,https://ntpctender.ntpc.co.in/Uploads/cor_29331_1_1.pdf,1,2026-01-31T17:40:00,data/raw/ntpc/documents/29331_cor_29331_1_1.pdf,1067132
29332,nit_document,NIT Download,https://ntpctender.ntpc.co.in/Uploads/job_44978.pdf,,,data/raw/ntpc/documents/29332_NIT_Download.pdf,196422
29333,nit_document,NIT Download,https://ntpctender.ntpc.co.in/Uploads/job_44979.pdf,,,data/raw/ntpc/documents/29333_NIT_Download.pdf,1064644
29333,corrigendum,cor_29333_1_1.pdf,https://ntpctender.ntpc.co.in/Uploads/cor_29333_1_1.pdf,1,2026-01-31T17:55:00,data/raw/ntpc/documents/29333_cor_29333_1_1.pdf,1064612
29334,nit_document,NIT Download,https://ntpctender.ntpc.co.in/Uploads/job_44980.pdf,,,data/raw/ntpc/documents/29334_NIT_Download.pdf,1441842
29335,nit_document,NIT Download,https://ntpctender.ntpc.co.in/Uploads/job_44981.pdf,,,data/raw/ntpc/documents/29335_NIT_Download.pdf,132399
29336,nit_document,NIT Download,https://ntpctender.ntpc.co.in/Uploads/job_44982.pdf,,,data/raw/ntpc/documents/29336_NIT_Download.pdf,254420
29336,corrigendum,cor_29336_1_1.pdf,https://ntpctender.ntpc.co.in/Uploads/cor_29336_1_1.pdf,1,2026-02-16T16:50:00,data/raw/ntpc/documents/29336_cor_29336_1_1.pdf,254420
29337,nit_document,NIT Download,https://ntpctender.ntpc.co.in/Uploads/job_44983.pdf,,,data/raw/ntpc/documents/29337_NIT_Download.pdf,874118
29337,corrigendum,cor_29337_1_1.pdf,https://ntpctender.ntpc.co.in/Uploads/cor_29337_1_1.pdf,1,2026-01-20T11:25:00,data/raw/ntpc/documents/29337_cor_29337_1_1.pdf,91180
29338,nit_document,NIT Download,https://ntpctender.ntpc.co.in/Uploads/job_44984.pdf,,,data/raw/ntpc/documents/29338_NIT_Download.pdf,482312
29339,nit_document,NIT Download,https://ntpctender.ntpc.co.in/Uploads/job_44985.pdf,,,data/raw/ntpc/documents/29339_NIT_Download.pdf,240791
29340,nit_document,NIT Download,https://ntpctender.ntpc.co.in/Uploads/job_44986.pdf,,,data/raw/ntpc/documents/29340_NIT_Download.pdf,361747
29341,nit_document,NIT Download,https://ntpctender.ntpc.co.in/Uploads/job_44987.pdf,,,data/raw/ntpc/documents/29341_NIT_Download.pdf,100509
29342,nit_document,NIT Download,https://ntpctender.ntpc.co.in/Uploads/job_44988.pdf,,,data/raw/ntpc/documents/29342_NIT_Download.pdf,95449
29343,nit_document,NIT Download,https://ntpctender.ntpc.co.in/Uploads/job_44989.pdf,,,data/raw/ntpc/documents/29343_NIT_Download.pdf,97369
29344,nit_document,NIT Download,https://ntpctender.ntpc.co.in/Uploads/job_44990.pdf,,,data/raw/ntpc/documents/29344_NIT_Download.pdf,147162
29345,nit_document,NIT Download,https://ntpctender.ntpc.co.in/Uploads/job_44991.pdf,,,data/raw/ntpc/documents/29345_NIT_Download.pdf,1029207
29346,nit_document,NIT Download,https://ntpctender.ntpc.co.in/Uploads/job_44992.pdf,,,data/raw/ntpc/documents/29346_NIT_Download.pdf,249611
29347,nit_document,NIT Download,https://ntpctender.ntpc.co.in/Uploads/job_44993.pdf,,,data/raw/ntpc/documents/29347_NIT_Download.pdf,5374150
29348,nit_document,NIT Download,https://ntpctender.ntpc.co.in/Uploads/job_44994.pdf,,,data/raw/ntpc/documents/29348_NIT_Download.pdf,99316
29349,nit_document,NIT Download,https://ntpctender.ntpc.co.in/Uploads/job_44995.pdf,,,data/raw/ntpc/documents/29349_NIT_Download.pdf,94764
29350,nit_document,NIT Download,https://ntpctender.ntpc.co.in/Uploads/job_44996.pdf,,,data/raw/ntpc/documents/29350_NIT_Download.pdf,202135
29351,nit_document,NIT Download,https://ntpctender.ntpc.co.in/Uploads/job_44997.pdf,,,data/raw/ntpc/documents/29351_NIT_Download.pdf,193724
29352,nit_document,NIT Download,https://ntpctender.ntpc.co.in/Uploads/job_44998.pdf,,,data/raw/ntpc/documents/29352_NIT_Download.pdf,248000
29353,nit_document,NIT Download,https://ntpctender.ntpc.co.in/Uploads/job_44999.pdf,,,data/raw/ntpc/documents/29353_NIT_Download.pdf,110870
29354,nit_document,NIT Download,https://ntpctender.ntpc.co.in/Uploads/job_45000.pdf,,,data/raw/ntpc/documents/29354_NIT_Download.pdf,742879
29355,nit_document,NIT Download,https://ntpctender.ntpc.co.in/Uploads/job_45001.pdf,,,data/raw/ntpc/documents/29355_NIT_Download.pdf,101526
29356,nit_document,NIT Download,https://ntpctender.ntpc.co.in/Uploads/job_45002.pdf,,,data/raw/ntpc/documents/29356_NIT_Download.pdf,215704
29357,nit_document,NIT Download,https://ntpctender.ntpc.co.in/Uploads/job_45003.pdf,,,data/raw/ntpc/documents/29357_NIT_Download.pdf,247994
29358,nit_document,NIT Download,https://ntpctender.ntpc.co.in/Uploads/job_45004.pdf,,,data/raw/ntpc/documents/29358_NIT_Download.pdf,103457
29358,corrigendum,cor_29358_6_1.pdf,https://ntpctender.ntpc.co.in/Uploads/cor_29358_6_1.pdf,6,2026-04-16T15:00:00,data/raw/ntpc/documents/29358_cor_29358_6_1.pdf,1251861
29359,nit_document,NIT Download,https://ntpctender.ntpc.co.in/Uploads/job_45005.pdf,,,data/raw/ntpc/documents/29359_NIT_Download.pdf,299096
29360,nit_document,NIT Download,https://ntpctender.ntpc.co.in/Uploads/job_45006.pdf,,,data/raw/ntpc/documents/29360_NIT_Download.pdf,673289
29361,nit_document,NIT Download,https://ntpctender.ntpc.co.in/Uploads/job_45007.pdf,,,data/raw/ntpc/documents/29361_NIT_Download.pdf,697062
29362,nit_document,NIT Download,https://ntpctender.ntpc.co.in/Uploads/job_45008.pdf,,,data/raw/ntpc/documents/29362_NIT_Download.pdf,168236
29362,corrigendum,cor_29362_1_1.pdf,https://ntpctender.ntpc.co.in/Uploads/cor_29362_1_1.pdf,1,2026-03-10T14:50:00,data/raw/ntpc/documents/29362_cor_29362_1_1.pdf,50468
29363,nit_document,NIT Download,https://ntpctender.ntpc.co.in/Uploads/job_45009.pdf,,,data/raw/ntpc/documents/29363_NIT_Download.pdf,381844
29363,corrigendum,cor_29363_1_1.pdf,https://ntpctender.ntpc.co.in/Uploads/cor_29363_1_1.pdf,1,2026-02-06T15:50:00,data/raw/ntpc/documents/29363_cor_29363_1_1.pdf,368301
29364,nit_document,NIT Download,https://ntpctender.ntpc.co.in/Uploads/job_45010.pdf,,,data/raw/ntpc/documents/29364_NIT_Download.pdf,314354
29366,nit_document,NIT Download,https://ntpctender.ntpc.co.in/Uploads/job_45012.pdf,,,data/raw/ntpc/documents/29366_NIT_Download.pdf,475261
29366,corrigendum,cor_29366_2_1.pdf,https://ntpctender.ntpc.co.in/Uploads/cor_29366_2_1.pdf,2,2026-02-18T10:35:00,data/raw/ntpc/documents/29366_cor_29366_2_1.pdf,354807
29367,nit_document,NIT Download,https://ntpctender.ntpc.co.in/Uploads/job_45013.pdf,,,data/raw/ntpc/documents/29367_NIT_Download.pdf,164457
29367,corrigendum,cor_29367_3_1.pdf,https://ntpctender.ntpc.co.in/Uploads/cor_29367_3_1.pdf,3,2026-04-02T09:10:00,data/raw/ntpc/documents/29367_cor_29367_3_1.pdf,196828
29368,nit_document,NIT Download,https://ntpctender.ntpc.co.in/Uploads/job_45014.pdf,,,data/raw/ntpc/documents/29368_NIT_Download.pdf,310375
29369,nit_document,NIT Download,https://ntpctender.ntpc.co.in/Uploads/job_45015.pdf,,,data/raw/ntpc/documents/29369_NIT_Download.pdf,276689
29369,corrigendum,cor_29369_1_1.pdf,https://ntpctender.ntpc.co.in/Uploads/cor_29369_1_1.pdf,1,2026-02-04T17:25:00,data/raw/ntpc/documents/29369_cor_29369_1_1.pdf,93391
29370,nit_document,NIT Download,https://ntpctender.ntpc.co.in/Uploads/job_45016.pdf,,,data/raw/ntpc/documents/29370_NIT_Download.pdf,289924
29371,nit_document,NIT Download,https://ntpctender.ntpc.co.in/Uploads/job_45017.pdf,,,data/raw/ntpc/documents/29371_NIT_Download.pdf,103369
29372,nit_document,NIT Download,https://ntpctender.ntpc.co.in/Uploads/job_45018.pdf,,,data/raw/ntpc/documents/29372_NIT_Download.pdf,212568
29373,nit_document,NIT Download,https://ntpctender.ntpc.co.in/Uploads/job_45019.pdf,,,data/raw/ntpc/documents/29373_NIT_Download.pdf,1113446
29374,nit_document,NIT Download,https://ntpctender.ntpc.co.in/Uploads/job_45020.pdf,,,data/raw/ntpc/documents/29374_NIT_Download.pdf,118525
29375,nit_document,NIT Download,https://ntpctender.ntpc.co.in/Uploads/job_45021.pdf,,,data/raw/ntpc/documents/29375_NIT_Download.pdf,103306
29376,nit_document,NIT Download,https://ntpctender.ntpc.co.in/Uploads/job_45022.pdf,,,data/raw/ntpc/documents/29376_NIT_Download.pdf,249417
29377,nit_document,NIT Download,https://ntpctender.ntpc.co.in/Uploads/job_45023.pdf,,,data/raw/ntpc/documents/29377_NIT_Download.pdf,1549412
29378,nit_document,NIT Download,https://ntpctender.ntpc.co.in/Uploads/job_45024.pdf,,,data/raw/ntpc/documents/29378_NIT_Download.pdf,679125
29379,nit_document,NIT Download,https://ntpctender.ntpc.co.in/Uploads/job_45025.pdf,,,data/raw/ntpc/documents/29379_NIT_Download.pdf,639067
29380,nit_document,NIT Download,https://ntpctender.ntpc.co.in/Uploads/job_45026.pdf,,,data/raw/ntpc/documents/29380_NIT_Download.pdf,747750
29381,nit_document,NIT Download,https://ntpctender.ntpc.co.in/Uploads/job_45027.pdf,,,data/raw/ntpc/documents/29381_NIT_Download.pdf,115339
29382,nit_document,NIT Download,https://ntpctender.ntpc.co.in/Uploads/job_45028.pdf,,,data/raw/ntpc/documents/29382_NIT_Download.pdf,96238
29383,nit_document,NIT Download,https://ntpctender.ntpc.co.in/Uploads/job_45029.pdf,,,data/raw/ntpc/documents/29383_NIT_Download.pdf,201266
29384,nit_document,NIT Download,https://ntpctender.ntpc.co.in/Uploads/job_45030.pdf,,,data/raw/ntpc/documents/29384_NIT_Download.pdf,200510
29385,nit_document,NIT Download,https://ntpctender.ntpc.co.in/Uploads/job_45031.pdf,,,data/raw/ntpc/documents/29385_NIT_Download.pdf,305749
29386,nit_document,NIT Download,https://ntpctender.ntpc.co.in/Uploads/job_45032.pdf,,,data/raw/ntpc/documents/29386_NIT_Download.pdf,244125
29387,nit_document,NIT Download,https://ntpctender.ntpc.co.in/Uploads/job_45033.pdf,,,data/raw/ntpc/documents/29387_NIT_Download.pdf,96227
29388,nit_document,NIT Download,https://ntpctender.ntpc.co.in/Uploads/job_45034.pdf,,,data/raw/ntpc/documents/29388_NIT_Download.pdf,258361
29388,corrigendum,cor_29388_1_1.pdf,https://ntpctender.ntpc.co.in/Uploads/cor_29388_1_1.pdf,1,2026-03-25T11:05:00,data/raw/ntpc/documents/29388_cor_29388_1_1.pdf,961769
29389,nit_document,NIT Download,https://ntpctender.ntpc.co.in/Uploads/job_45035.pdf,,,data/raw/ntpc/documents/29389_NIT_Download.pdf,145525
29390,nit_document,NIT Download,https://ntpctender.ntpc.co.in/Uploads/job_45036.pdf,,,data/raw/ntpc/documents/29390_NIT_Download.pdf,201380
29391,nit_document,NIT Download,https://ntpctender.ntpc.co.in/Uploads/job_45037.pdf,,,data/raw/ntpc/documents/29391_NIT_Download.pdf,730474
29392,nit_document,NIT Download,https://ntpctender.ntpc.co.in/Uploads/job_45038.pdf,,,data/raw/ntpc/documents/29392_NIT_Download.pdf,103718
29393,nit_document,NIT Download,https://ntpctender.ntpc.co.in/Uploads/job_45039.pdf,,,data/raw/ntpc/documents/29393_NIT_Download.pdf,289538
29393,corrigendum,cor_29393_1_1.pdf,https://ntpctender.ntpc.co.in/Uploads/cor_29393_1_1.pdf,1,2026-02-18T17:30:00,data/raw/ntpc/documents/29393_cor_29393_1_1.pdf,1167260
29394,nit_document,NIT Download,https://ntpctender.ntpc.co.in/Uploads/job_45070.pdf,,,data/raw/ntpc/documents/29394_NIT_Download.pdf,1365216
29395,nit_document,NIT Download,https://ntpctender.ntpc.co.in/Uploads/job_45069.pdf,,,data/raw/ntpc/documents/29395_NIT_Download.pdf,1412591
29396,nit_document,NIT Download,https://ntpctender.ntpc.co.in/Uploads/job_45068.pdf,,,data/raw/ntpc/documents/29396_NIT_Download.pdf,1476440
29397,nit_document,NIT Download,https://ntpctender.ntpc.co.in/Uploads/job_45067.pdf,,,data/raw/ntpc/documents/29397_NIT_Download.pdf,1393125
29398,nit_document,NIT Download,https://ntpctender.ntpc.co.in/Uploads/job_45066.pdf,,,data/raw/ntpc/documents/29398_NIT_Download.pdf,1415791
29399,nit_document,NIT Download,https://ntpctender.ntpc.co.in/Uploads/job_45065.pdf,,,data/raw/ntpc/documents/29399_NIT_Download.pdf,2196148
29400,nit_document,NIT Download,https://ntpctender.ntpc.co.in/Uploads/job_45064.pdf,,,data/raw/ntpc/documents/29400_NIT_Download.pdf,1643161
29401,nit_document,NIT Download,https://ntpctender.ntpc.co.in/Uploads/job_45063.pdf,,,data/raw/ntpc/documents/29401_NIT_Download.pdf,1871998
29402,nit_document,NIT Download,https://ntpctender.ntpc.co.in/Uploads/job_45062.pdf,,,data/raw/ntpc/documents/29402_NIT_Download.pdf,1585078
29403,nit_document,NIT Download,https://ntpctender.ntpc.co.in/Uploads/job_45061.pdf,,,data/raw/ntpc/documents/29403_NIT_Download.pdf,55755
29404,nit_document,NIT Download,https://ntpctender.ntpc.co.in/Uploads/job_45060.pdf,,,data/raw/ntpc/documents/29404_NIT_Download.pdf,121922
29405,nit_document,NIT Download,https://ntpctender.ntpc.co.in/Uploads/job_45059.pdf,,,data/raw/ntpc/documents/29405_NIT_Download.pdf,408134
29406,nit_document,NIT Download,https://ntpctender.ntpc.co.in/Uploads/job_45058.pdf,,,data/raw/ntpc/documents/29406_NIT_Download.pdf,240064
29407,nit_document,NIT Download,https://ntpctender.ntpc.co.in/Uploads/job_45057.pdf,,,data/raw/ntpc/documents/29407_NIT_Download.pdf,1652672
29408,nit_document,NIT Download,https://ntpctender.ntpc.co.in/Uploads/job_45056.pdf,,,data/raw/ntpc/documents/29408_NIT_Download.pdf,22231
29409,nit_document,NIT Download,https://ntpctender.ntpc.co.in/Uploads/job_45055.pdf,,,data/raw/ntpc/documents/29409_NIT_Download.pdf,314101
29410,nit_document,NIT Download,https://ntpctender.ntpc.co.in/Uploads/job_45054.pdf,,,data/raw/ntpc/documents/29410_NIT_Download.pdf,77784
29411,nit_document,NIT Download,https://ntpctender.ntpc.co.in/Uploads/job_45053.pdf,,,data/raw/ntpc/documents/29411_NIT_Download.pdf,1505933
29412,nit_document,NIT Download,https://ntpctender.ntpc.co.in/Uploads/job_45052.pdf,,,data/raw/ntpc/documents/29412_NIT_Download.pdf,2386954
29412,corrigendum,cor_29412_1_1.pdf,https://ntpctender.ntpc.co.in/Uploads/cor_29412_1_1.pdf,1,2026-02-24T11:10:00,data/raw/ntpc/documents/29412_cor_29412_1_1.pdf,220116
29413,nit_document,NIT Download,https://ntpctender.ntpc.co.in/Uploads/job_45050.pdf,,,data/raw/ntpc/documents/29413_NIT_Download.pdf,2270815
29413,corrigendum,cor_29413_1_1.pdf,https://ntpctender.ntpc.co.in/Uploads/cor_29413_1_1.pdf,1,2026-02-24T11:10:00,data/raw/ntpc/documents/29413_cor_29413_1_1.pdf,220116
29414,nit_document,NIT Download,https://ntpctender.ntpc.co.in/Uploads/job_45049.pdf,,,data/raw/ntpc/documents/29414_NIT_Download.pdf,782218
29415,nit_document,NIT Download,https://ntpctender.ntpc.co.in/Uploads/job_45048.pdf,,,data/raw/ntpc/documents/29415_NIT_Download.pdf,229296
29416,nit_document,NIT Download,https://ntpctender.ntpc.co.in/Uploads/job_45047.pdf,,,data/raw/ntpc/documents/29416_NIT_Download.pdf,46489
29417,nit_document,NIT Download,https://ntpctender.ntpc.co.in/Uploads/job_45046.pdf,,,data/raw/ntpc/documents/29417_NIT_Download.pdf,4519302
29418,nit_document,NIT Download,https://ntpctender.ntpc.co.in/Uploads/job_45045.pdf,,,data/raw/ntpc/documents/29418_NIT_Download.pdf,47261
29419,nit_document,NIT Download,https://ntpctender.ntpc.co.in/Uploads/job_45044.pdf,,,data/raw/ntpc/documents/29419_NIT_Download.pdf,69627
29420,nit_document,NIT Download,https://ntpctender.ntpc.co.in/Uploads/job_45043.pdf,,,data/raw/ntpc/documents/29420_NIT_Download.pdf,232108
29421,nit_document,NIT Download,https://ntpctender.ntpc.co.in/Uploads/job_45042.pdf,,,data/raw/ntpc/documents/29421_NIT_Download.pdf,172180
29422,nit_document,NIT Download,https://ntpctender.ntpc.co.in/Uploads/job_45041.pdf,,,data/raw/ntpc/documents/29422_NIT_Download.pdf,588513
29423,nit_document,NIT Download,https://ntpctender.ntpc.co.in/Uploads/job_45040.pdf,,,data/raw/ntpc/documents/29423_NIT_Download.pdf,504424
29424,nit_document,NIT Download,https://ntpctender.ntpc.co.in/Uploads/job_45051.pdf,,,data/raw/ntpc/documents/29424_NIT_Download.pdf,2351443
29424,corrigendum,cor_29424_1_1.pdf,https://ntpctender.ntpc.co.in/Uploads/cor_29424_1_1.pdf,1,2026-02-24T11:10:00,data/raw/ntpc/documents/29424_cor_29424_1_1.pdf,220116
29425,nit_document,NIT Download,https://ntpctender.ntpc.co.in/Uploads/job_45071.pdf,,,data/raw/ntpc/documents/29425_NIT_Download.pdf,189333
29426,nit_document,NIT Download,https://ntpctender.ntpc.co.in/Uploads/job_45072.pdf,,,data/raw/ntpc/documents/29426_NIT_Download.pdf,745995
29427,nit_document,NIT Download,https://ntpctender.ntpc.co.in/Uploads/job_45073.pdf,,,data/raw/ntpc/documents/29427_NIT_Download.pdf,713952
29427,nit_document,Click here to view Salient Technical Features,https://ntpctender.ntpc.co.in/Uploads/tech_job_45073.pdf,,,data/raw/ntpc/documents/29427_Click_here_to_view_Salient_Technical_Features.pdf,178342
29427,corrigendum,cor_29427_4_1.pdf,https://ntpctender.ntpc.co.in/Uploads/cor_29427_4_1.pdf,4,2026-04-27T11:40:00,data/raw/ntpc/documents/29427_cor_29427_4_1.pdf,362152
29428,nit_document,NIT Download,https://ntpctender.ntpc.co.in/Uploads/job_45074.pdf,,,data/raw/ntpc/documents/29428_NIT_Download.pdf,845056
29429,nit_document,NIT Download,https://ntpctender.ntpc.co.in/Uploads/job_45075.pdf,,,data/raw/ntpc/documents/29429_NIT_Download.pdf,671674
29430,nit_document,NIT Download,https://ntpctender.ntpc.co.in/Uploads/job_45076.pdf,,,data/raw/ntpc/documents/29430_NIT_Download.pdf,248559
29431,nit_document,NIT Download,https://ntpctender.ntpc.co.in/Uploads/job_45077.pdf,,,data/raw/ntpc/documents/29431_NIT_Download.pdf,105788
29432,nit_document,NIT Download,https://ntpctender.ntpc.co.in/Uploads/job_45078.pdf,,,data/raw/ntpc/documents/29432_NIT_Download.pdf,228188
29433,nit_document,NIT Download,https://ntpctender.ntpc.co.in/Uploads/job_45079.pdf,,,data/raw/ntpc/documents/29433_NIT_Download.pdf,543515
29434,nit_document,NIT Download,https://ntpctender.ntpc.co.in/Uploads/job_45080.pdf,,,data/raw/ntpc/documents/29434_NIT_Download.pdf,577626
29435,nit_document,NIT Download,https://ntpctender.ntpc.co.in/Uploads/job_45081.pdf,,,data/raw/ntpc/documents/29435_NIT_Download.pdf,139391
29436,nit_document,NIT Download,https://ntpctender.ntpc.co.in/Uploads/job_45082.pdf,,,data/raw/ntpc/documents/29436_NIT_Download.pdf,239708
29437,nit_document,NIT Download,https://ntpctender.ntpc.co.in/Uploads/job_45083.pdf,,,data/raw/ntpc/documents/29437_NIT_Download.pdf,246957
29438,nit_document,NIT Download,https://ntpctender.ntpc.co.in/Uploads/job_45084.pdf,,,data/raw/ntpc/documents/29438_NIT_Download.pdf,105511
29439,nit_document,NIT Download,https://ntpctender.ntpc.co.in/Uploads/job_45085.pdf,,,data/raw/ntpc/documents/29439_NIT_Download.pdf,724199
29440,nit_document,NIT Download,https://ntpctender.ntpc.co.in/Uploads/job_45086.pdf,,,data/raw/ntpc/documents/29440_NIT_Download.pdf,1280061
29441,nit_document,NIT Download,https://ntpctender.ntpc.co.in/Uploads/job_45087.pdf,,,data/raw/ntpc/documents/29441_NIT_Download.pdf,3682320
29441,nit_document,Click here to view Salient Technical Features,https://ntpctender.ntpc.co.in/Uploads/tech_job_45087.pdf,,,data/raw/ntpc/documents/29441_Click_here_to_view_Salient_Technical_Features.pdf,477420
29442,nit_document,NIT Download,https://ntpctender.ntpc.co.in/Uploads/job_45088.pdf,,,data/raw/ntpc/documents/29442_NIT_Download.pdf,102320
29443,nit_document,NIT Download,https://ntpctender.ntpc.co.in/Uploads/job_45089.pdf,,,data/raw/ntpc/documents/29443_NIT_Download.pdf,957218
29443,corrigendum,cor_29443_1_1.pdf,https://ntpctender.ntpc.co.in/Uploads/cor_29443_1_1.pdf,1,2026-02-21T16:45:00,data/raw/ntpc/documents/29443_cor_29443_1_1.pdf,699320
29444,nit_document,NIT Download,https://ntpctender.ntpc.co.in/Uploads/job_45090.pdf,,,data/raw/ntpc/documents/29444_NIT_Download.pdf,201907
29445,nit_document,NIT Download,https://ntpctender.ntpc.co.in/Uploads/job_45091.pdf,,,data/raw/ntpc/documents/29445_NIT_Download.pdf,299314
29446,nit_document,NIT Download,https://ntpctender.ntpc.co.in/Uploads/job_45092.pdf,,,data/raw/ntpc/documents/29446_NIT_Download.pdf,272545
29447,nit_document,NIT Download,https://ntpctender.ntpc.co.in/Uploads/job_45093.pdf,,,data/raw/ntpc/documents/29447_NIT_Download.pdf,102016
29448,nit_document,NIT Download,https://ntpctender.ntpc.co.in/Uploads/job_45094.pdf,,,data/raw/ntpc/documents/29448_NIT_Download.pdf,114871
29449,nit_document,NIT Download,https://ntpctender.ntpc.co.in/Uploads/job_45095.pdf,,,data/raw/ntpc/documents/29449_NIT_Download.pdf,187442
29450,nit_document,NIT Download,https://ntpctender.ntpc.co.in/Uploads/job_45096.pdf,,,data/raw/ntpc/documents/29450_NIT_Download.pdf,451883
29451,nit_document,NIT Download,https://ntpctender.ntpc.co.in/Uploads/job_45097.pdf,,,data/raw/ntpc/documents/29451_NIT_Download.pdf,220150
29452,nit_document,NIT Download,https://ntpctender.ntpc.co.in/Uploads/job_45098.pdf,,,data/raw/ntpc/documents/29452_NIT_Download.pdf,195390
29453,nit_document,NIT Download,https://ntpctender.ntpc.co.in/Uploads/job_45099.pdf,,,data/raw/ntpc/documents/29453_NIT_Download.pdf,209381
29454,nit_document,NIT Download,https://ntpctender.ntpc.co.in/Uploads/job_45100.pdf,,,data/raw/ntpc/documents/29454_NIT_Download.pdf,76249
29455,nit_document,NIT Download,https://ntpctender.ntpc.co.in/Uploads/job_45101.pdf,,,data/raw/ntpc/documents/29455_NIT_Download.pdf,120688
29455,corrigendum,cor_29455_1_1.pdf,https://ntpctender.ntpc.co.in/Uploads/cor_29455_1_1.pdf,1,2026-03-02T10:35:00,data/raw/ntpc/documents/29455_cor_29455_1_1.pdf,49812
29456,nit_document,NIT Download,https://ntpctender.ntpc.co.in/Uploads/job_45102.pdf,,,data/raw/ntpc/documents/29456_NIT_Download.pdf,115878
29457,nit_document,NIT Download,https://ntpctender.ntpc.co.in/Uploads/job_45103.pdf,,,data/raw/ntpc/documents/29457_NIT_Download.pdf,292638
29457,corrigendum,cor_29457_1_1.pdf,https://ntpctender.ntpc.co.in/Uploads/cor_29457_1_1.pdf,1,2026-02-12T16:00:00,data/raw/ntpc/documents/29457_cor_29457_1_1.pdf,178128
29458,nit_document,NIT Download,https://ntpctender.ntpc.co.in/Uploads/job_45104.pdf,,,data/raw/ntpc/documents/29458_NIT_Download.pdf,291973
29458,corrigendum,cor_29458_1_1.pdf,https://ntpctender.ntpc.co.in/Uploads/cor_29458_1_1.pdf,1,2026-02-12T17:30:00,data/raw/ntpc/documents/29458_cor_29458_1_1.pdf,260998
29459,nit_document,NIT Download,https://ntpctender.ntpc.co.in/Uploads/job_45105.pdf,,,data/raw/ntpc/documents/29459_NIT_Download.pdf,282544
29460,nit_document,NIT Download,https://ntpctender.ntpc.co.in/Uploads/job_45106.pdf,,,data/raw/ntpc/documents/29460_NIT_Download.pdf,98557
29461,nit_document,NIT Download,https://ntpctender.ntpc.co.in/Uploads/job_45107.pdf,,,data/raw/ntpc/documents/29461_NIT_Download.pdf,217183
29462,nit_document,NIT Download,https://ntpctender.ntpc.co.in/Uploads/job_45108.pdf,,,data/raw/ntpc/documents/29462_NIT_Download.pdf,1297497
29463,nit_document,NIT Download,https://ntpctender.ntpc.co.in/Uploads/job_45109.pdf,,,data/raw/ntpc/documents/29463_NIT_Download.pdf,576131
29464,nit_document,NIT Download,https://ntpctender.ntpc.co.in/Uploads/job_45110.pdf,,,data/raw/ntpc/documents/29464_NIT_Download.pdf,2157854
29464,nit_document,Click here to view Salient Technical Features,https://ntpctender.ntpc.co.in/Uploads/tech_job_45110.pdf,,,data/raw/ntpc/documents/29464_Click_here_to_view_Salient_Technical_Features.pdf,513959
29464,corrigendum,cor_29464_4_1.pdf,https://ntpctender.ntpc.co.in/Uploads/cor_29464_4_1.pdf,4,2026-09-03T17:10:00,data/raw/ntpc/documents/29464_cor_29464_4_1.pdf,614891
29465,nit_document,NIT Download,https://ntpctender.ntpc.co.in/Uploads/job_45111.pdf,,,data/raw/ntpc/documents/29465_NIT_Download.pdf,105291
29466,nit_document,NIT Download,https://ntpctender.ntpc.co.in/Uploads/job_45112.pdf,,,data/raw/ntpc/documents/29466_NIT_Download.pdf,288944
29466,nit_document,Click here to view Salient Technical Features,https://ntpctender.ntpc.co.in/Uploads/tech_job_45112.pdf,,,data/raw/ntpc/documents/29466_Click_here_to_view_Salient_Technical_Features.pdf,139856
29466,corrigendum,cor_29466_11_1.pdf,https://ntpctender.ntpc.co.in/Uploads/cor_29466_11_1.pdf,11,2026-08-26T12:00:00,data/raw/ntpc/documents/29466_cor_29466_11_1.pdf,2435734
29467,nit_document,NIT Download,https://ntpctender.ntpc.co.in/Uploads/job_45113.pdf,,,data/raw/ntpc/documents/29467_NIT_Download.pdf,134259
29468,nit_document,NIT Download,https://ntpctender.ntpc.co.in/Uploads/job_45114.pdf,,,data/raw/ntpc/documents/29468_NIT_Download.pdf,97671
29469,nit_document,NIT Download,https://ntpctender.ntpc.co.in/Uploads/job_45115.pdf,,,data/raw/ntpc/documents/29469_NIT_Download.pdf,358856
29470,nit_document,NIT Download,https://ntpctender.ntpc.co.in/Uploads/job_45116.pdf,,,data/raw/ntpc/documents/29470_NIT_Download.pdf,179524
29471,nit_document,NIT Download,https://ntpctender.ntpc.co.in/Uploads/job_45117.pdf,,,data/raw/ntpc/documents/29471_NIT_Download.pdf,451796
29472,nit_document,NIT Download,https://ntpctender.ntpc.co.in/Uploads/job_45118.pdf,,,data/raw/ntpc/documents/29472_NIT_Download.pdf,146961
29472,corrigendum,cor_29472_1_1.pdf,https://ntpctender.ntpc.co.in/Uploads/cor_29472_1_1.pdf,1,2026-03-05T14:00:00,data/raw/ntpc/documents/29472_cor_29472_1_1.pdf,146648
29473,nit_document,NIT Download,https://ntpctender.ntpc.co.in/Uploads/job_45119.pdf,,,data/raw/ntpc/documents/29473_NIT_Download.pdf,104242
29474,nit_document,NIT Download,https://ntpctender.ntpc.co.in/Uploads/job_45120.pdf,,,data/raw/ntpc/documents/29474_NIT_Download.pdf,163462
29475,nit_document,NIT Download,https://ntpctender.ntpc.co.in/Uploads/job_45121.pdf,,,data/raw/ntpc/documents/29475_NIT_Download.pdf,98637
29476,nit_document,NIT Download,https://ntpctender.ntpc.co.in/Uploads/job_45122.pdf,,,data/raw/ntpc/documents/29476_NIT_Download.pdf,141528
29477,nit_document,NIT Download,https://ntpctender.ntpc.co.in/Uploads/job_45123.pdf,,,data/raw/ntpc/documents/29477_NIT_Download.pdf,101778
29478,nit_document,NIT Download,https://ntpctender.ntpc.co.in/Uploads/job_45124.pdf,,,data/raw/ntpc/documents/29478_NIT_Download.pdf,240599
29479,nit_document,NIT Download,https://ntpctender.ntpc.co.in/Uploads/job_45125.pdf,,,data/raw/ntpc/documents/29479_NIT_Download.pdf,421724
29480,nit_document,NIT Download,https://ntpctender.ntpc.co.in/Uploads/job_45126.pdf,,,data/raw/ntpc/documents/29480_NIT_Download.pdf,353190
29481,nit_document,NIT Download,https://ntpctender.ntpc.co.in/Uploads/job_45127.pdf,,,data/raw/ntpc/documents/29481_NIT_Download.pdf,221371
29482,nit_document,NIT Download,https://ntpctender.ntpc.co.in/Uploads/job_45128.pdf,,,data/raw/ntpc/documents/29482_NIT_Download.pdf,159077
29483,nit_document,NIT Download,https://ntpctender.ntpc.co.in/Uploads/job_45129.pdf,,,data/raw/ntpc/documents/29483_NIT_Download.pdf,347222
29484,nit_document,NIT Download,https://ntpctender.ntpc.co.in/Uploads/job_45130.pdf,,,data/raw/ntpc/documents/29484_NIT_Download.pdf,460530
29485,nit_document,NIT Download,https://ntpctender.ntpc.co.in/Uploads/job_45131.pdf,,,data/raw/ntpc/documents/29485_NIT_Download.pdf,196214
29486,nit_document,NIT Download,https://ntpctender.ntpc.co.in/Uploads/job_45132.pdf,,,data/raw/ntpc/documents/29486_NIT_Download.pdf,132676
29487,nit_document,NIT Download,https://ntpctender.ntpc.co.in/Uploads/job_45133.pdf,,,data/raw/ntpc/documents/29487_NIT_Download.pdf,546266
29488,nit_document,NIT Download,https://ntpctender.ntpc.co.in/Uploads/job_45134.pdf,,,data/raw/ntpc/documents/29488_NIT_Download.pdf,361117
29488,nit_document,Click here to view Salient Technical Features,https://ntpctender.ntpc.co.in/Uploads/tech_job_45134.pdf,,,data/raw/ntpc/documents/29488_Click_here_to_view_Salient_Technical_Features.pdf,383668
29488,corrigendum,cor_29488_1_1.pdf,https://ntpctender.ntpc.co.in/Uploads/cor_29488_1_1.pdf,1,2026-03-19T17:50:00,data/raw/ntpc/documents/29488_cor_29488_1_1.pdf,613886
29489,nit_document,NIT Download,https://ntpctender.ntpc.co.in/Uploads/job_45135.pdf,,,data/raw/ntpc/documents/29489_NIT_Download.pdf,177722
29490,nit_document,NIT Download,https://ntpctender.ntpc.co.in/Uploads/job_45136.pdf,,,data/raw/ntpc/documents/29490_NIT_Download.pdf,99270
29491,nit_document,NIT Download,https://ntpctender.ntpc.co.in/Uploads/job_45137.pdf,,,data/raw/ntpc/documents/29491_NIT_Download.pdf,99077
29492,nit_document,NIT Download,https://ntpctender.ntpc.co.in/Uploads/job_45138.pdf,,,data/raw/ntpc/documents/29492_NIT_Download.pdf,96492
29493,nit_document,NIT Download,https://ntpctender.ntpc.co.in/Uploads/job_45139.pdf,,,data/raw/ntpc/documents/29493_NIT_Download.pdf,109224
29494,nit_document,NIT Download,https://ntpctender.ntpc.co.in/Uploads/job_45140.pdf,,,data/raw/ntpc/documents/29494_NIT_Download.pdf,119991
29495,nit_document,NIT Download,https://ntpctender.ntpc.co.in/Uploads/job_45141.pdf,,,data/raw/ntpc/documents/29495_NIT_Download.pdf,802714
29496,nit_document,NIT Download,https://ntpctender.ntpc.co.in/Uploads/job_45142.pdf,,,data/raw/ntpc/documents/29496_NIT_Download.pdf,550339
29497,nit_document,NIT Download,https://ntpctender.ntpc.co.in/Uploads/job_45143.pdf,,,data/raw/ntpc/documents/29497_NIT_Download.pdf,432542
29498,nit_document,NIT Download,https://ntpctender.ntpc.co.in/Uploads/job_45144.pdf,,,data/raw/ntpc/documents/29498_NIT_Download.pdf,108537
29499,nit_document,NIT Download,https://ntpctender.ntpc.co.in/Uploads/job_45145.pdf,,,data/raw/ntpc/documents/29499_NIT_Download.pdf,97492
29500,nit_document,NIT Download,https://ntpctender.ntpc.co.in/Uploads/job_45146.pdf,,,data/raw/ntpc/documents/29500_NIT_Download.pdf,124933
29501,nit_document,NIT Download,https://ntpctender.ntpc.co.in/Uploads/job_45147.pdf,,,data/raw/ntpc/documents/29501_NIT_Download.pdf,921285
29502,nit_document,NIT Download,https://ntpctender.ntpc.co.in/Uploads/job_45148.pdf,,,data/raw/ntpc/documents/29502_NIT_Download.pdf,117850
29503,nit_document,NIT Download,https://ntpctender.ntpc.co.in/Uploads/job_45149.pdf,,,data/raw/ntpc/documents/29503_NIT_Download.pdf,102601
29503,corrigendum,cor_29503_2_1.pdf,https://ntpctender.ntpc.co.in/Uploads/cor_29503_2_1.pdf,2,2026-04-02T14:40:00,data/raw/ntpc/documents/29503_cor_29503_2_1.pdf,97334
29504,nit_document,NIT Download,https://ntpctender.ntpc.co.in/Uploads/job_45150.pdf,,,data/raw/ntpc/documents/29504_NIT_Download.pdf,103837
29505,nit_document,NIT Download,https://ntpctender.ntpc.co.in/Uploads/job_45151.pdf,,,data/raw/ntpc/documents/29505_NIT_Download.pdf,357393
29506,nit_document,NIT Download,https://ntpctender.ntpc.co.in/Uploads/job_45152.pdf,,,data/raw/ntpc/documents/29506_NIT_Download.pdf,123670
29507,nit_document,NIT Download,https://ntpctender.ntpc.co.in/Uploads/job_45153.pdf,,,data/raw/ntpc/documents/29507_NIT_Download.pdf,117065
29508,nit_document,NIT Download,https://ntpctender.ntpc.co.in/Uploads/job_45154.pdf,,,data/raw/ntpc/documents/29508_NIT_Download.pdf,127663
29509,nit_document,NIT Download,https://ntpctender.ntpc.co.in/Uploads/job_45155.pdf,,,data/raw/ntpc/documents/29509_NIT_Download.pdf,200835
29510,nit_document,NIT Download,https://ntpctender.ntpc.co.in/Uploads/job_45156.pdf,,,data/raw/ntpc/documents/29510_NIT_Download.pdf,99116
29511,nit_document,NIT Download,https://ntpctender.ntpc.co.in/Uploads/job_45157.pdf,,,data/raw/ntpc/documents/29511_NIT_Download.pdf,104836
29512,nit_document,NIT Download,https://ntpctender.ntpc.co.in/Uploads/job_45158.pdf,,,data/raw/ntpc/documents/29512_NIT_Download.pdf,103529
29513,nit_document,NIT Download,https://ntpctender.ntpc.co.in/Uploads/job_45159.pdf,,,data/raw/ntpc/documents/29513_NIT_Download.pdf,107958
29514,nit_document,NIT Download,https://ntpctender.ntpc.co.in/Uploads/job_45160.pdf,,,data/raw/ntpc/documents/29514_NIT_Download.pdf,122355
29515,nit_document,NIT Download,https://ntpctender.ntpc.co.in/Uploads/job_45161.pdf,,,data/raw/ntpc/documents/29515_NIT_Download.pdf,101413
29516,nit_document,NIT Download,https://ntpctender.ntpc.co.in/Uploads/job_45162.pdf,,,data/raw/ntpc/documents/29516_NIT_Download.pdf,348388
29517,nit_document,NIT Download,https://ntpctender.ntpc.co.in/Uploads/job_45163.pdf,,,data/raw/ntpc/documents/29517_NIT_Download.pdf,257925
29518,nit_document,NIT Download,https://ntpctender.ntpc.co.in/Uploads/job_45164.pdf,,,data/raw/ntpc/documents/29518_NIT_Download.pdf,394242
29519,nit_document,NIT Download,https://ntpctender.ntpc.co.in/Uploads/job_45165.pdf,,,data/raw/ntpc/documents/29519_NIT_Download.pdf,136433
29520,nit_document,NIT Download,https://ntpctender.ntpc.co.in/Uploads/job_45166.pdf,,,data/raw/ntpc/documents/29520_NIT_Download.pdf,281484
29521,nit_document,NIT Download,https://ntpctender.ntpc.co.in/Uploads/job_45167.pdf,,,data/raw/ntpc/documents/29521_NIT_Download.pdf,106943
29522,nit_document,NIT Download,https://ntpctender.ntpc.co.in/Uploads/job_45168.pdf,,,data/raw/ntpc/documents/29522_NIT_Download.pdf,1967038
29523,nit_document,NIT Download,https://ntpctender.ntpc.co.in/Uploads/job_45169.pdf,,,data/raw/ntpc/documents/29523_NIT_Download.pdf,368168
29524,nit_document,NIT Download,https://ntpctender.ntpc.co.in/Uploads/job_45170.pdf,,,data/raw/ntpc/documents/29524_NIT_Download.pdf,103615
29525,nit_document,NIT Download,https://ntpctender.ntpc.co.in/Uploads/job_45171.pdf,,,data/raw/ntpc/documents/29525_NIT_Download.pdf,101396
29526,nit_document,NIT Download,https://ntpctender.ntpc.co.in/Uploads/job_45172.pdf,,,data/raw/ntpc/documents/29526_NIT_Download.pdf,102816
29527,nit_document,NIT Download,https://ntpctender.ntpc.co.in/Uploads/job_45173.pdf,,,data/raw/ntpc/documents/29527_NIT_Download.pdf,102345
29528,nit_document,NIT Download,https://ntpctender.ntpc.co.in/Uploads/job_45174.pdf,,,data/raw/ntpc/documents/29528_NIT_Download.pdf,94500
29529,nit_document,NIT Download,https://ntpctender.ntpc.co.in/Uploads/job_45175.pdf,,,data/raw/ntpc/documents/29529_NIT_Download.pdf,100835
29530,nit_document,NIT Download,https://ntpctender.ntpc.co.in/Uploads/job_45176.pdf,,,data/raw/ntpc/documents/29530_NIT_Download.pdf,19318
29531,nit_document,NIT Download,https://ntpctender.ntpc.co.in/Uploads/job_45177.pdf,,,data/raw/ntpc/documents/29531_NIT_Download.pdf,221304
29532,nit_document,NIT Download,https://ntpctender.ntpc.co.in/Uploads/job_45178.pdf,,,data/raw/ntpc/documents/29532_NIT_Download.pdf,139225
29533,nit_document,NIT Download,https://ntpctender.ntpc.co.in/Uploads/job_45179.pdf,,,data/raw/ntpc/documents/29533_NIT_Download.pdf,106747
29534,nit_document,NIT Download,https://ntpctender.ntpc.co.in/Uploads/job_45180.pdf,,,data/raw/ntpc/documents/29534_NIT_Download.pdf,94209
29535,nit_document,NIT Download,https://ntpctender.ntpc.co.in/Uploads/job_45181.pdf,,,data/raw/ntpc/documents/29535_NIT_Download.pdf,116369
29535,corrigendum,cor_29535_4_1.pdf,https://ntpctender.ntpc.co.in/Uploads/cor_29535_4_1.pdf,4,2026-04-15T15:10:00,data/raw/ntpc/documents/29535_cor_29535_4_1.pdf,89451
29536,nit_document,NIT Download,https://ntpctender.ntpc.co.in/Uploads/job_45182.pdf,,,data/raw/ntpc/documents/29536_NIT_Download.pdf,214240
29537,nit_document,NIT Download,https://ntpctender.ntpc.co.in/Uploads/job_45209.pdf,,,data/raw/ntpc/documents/29537_NIT_Download.pdf,172299
29538,nit_document,NIT Download,https://ntpctender.ntpc.co.in/Uploads/job_45208.pdf,,,data/raw/ntpc/documents/29538_NIT_Download.pdf,817659
29539,nit_document,NIT Download,https://ntpctender.ntpc.co.in/Uploads/job_45207.pdf,,,data/raw/ntpc/documents/29539_NIT_Download.pdf,1652672
29540,nit_document,NIT Download,https://ntpctender.ntpc.co.in/Uploads/job_45206.pdf,,,data/raw/ntpc/documents/29540_NIT_Download.pdf,584271
29541,nit_document,NIT Download,https://ntpctender.ntpc.co.in/Uploads/job_45205.pdf,,,data/raw/ntpc/documents/29541_NIT_Download.pdf,240064
29542,nit_document,NIT Download,https://ntpctender.ntpc.co.in/Uploads/job_45204.pdf,,,data/raw/ntpc/documents/29542_NIT_Download.pdf,97352
29543,nit_document,NIT Download,https://ntpctender.ntpc.co.in/Uploads/job_45203.pdf,,,data/raw/ntpc/documents/29543_NIT_Download.pdf,121922
29544,nit_document,NIT Download,https://ntpctender.ntpc.co.in/Uploads/job_45202.pdf,,,data/raw/ntpc/documents/29544_NIT_Download.pdf,230453
29545,nit_document,NIT Download,https://ntpctender.ntpc.co.in/Uploads/job_45201.pdf,,,data/raw/ntpc/documents/29545_NIT_Download.pdf,108214
29546,nit_document,NIT Download,https://ntpctender.ntpc.co.in/Uploads/job_45200.pdf,,,data/raw/ntpc/documents/29546_NIT_Download.pdf,1783425
29547,nit_document,NIT Download,https://ntpctender.ntpc.co.in/Uploads/job_45199.pdf,,,data/raw/ntpc/documents/29547_NIT_Download.pdf,1785894
29548,nit_document,NIT Download,https://ntpctender.ntpc.co.in/Uploads/job_45198.pdf,,,data/raw/ntpc/documents/29548_NIT_Download.pdf,1679315
29549,nit_document,NIT Download,https://ntpctender.ntpc.co.in/Uploads/job_45197.pdf,,,data/raw/ntpc/documents/29549_NIT_Download.pdf,46533
29550,nit_document,NIT Download,https://ntpctender.ntpc.co.in/Uploads/job_45196.pdf,,,data/raw/ntpc/documents/29550_NIT_Download.pdf,1102325
29551,nit_document,NIT Download,https://ntpctender.ntpc.co.in/Uploads/job_45195.pdf,,,data/raw/ntpc/documents/29551_NIT_Download.pdf,1102315
29552,nit_document,NIT Download,https://ntpctender.ntpc.co.in/Uploads/job_45194.pdf,,,data/raw/ntpc/documents/29552_NIT_Download.pdf,1271391
29553,nit_document,NIT Download,https://ntpctender.ntpc.co.in/Uploads/job_45193.pdf,,,data/raw/ntpc/documents/29553_NIT_Download.pdf,527647
29554,nit_document,NIT Download,https://ntpctender.ntpc.co.in/Uploads/job_45192.pdf,,,data/raw/ntpc/documents/29554_NIT_Download.pdf,20694
29555,nit_document,NIT Download,https://ntpctender.ntpc.co.in/Uploads/job_45191.pdf,,,data/raw/ntpc/documents/29555_NIT_Download.pdf,18813
29556,nit_document,NIT Download,https://ntpctender.ntpc.co.in/Uploads/job_45190.pdf,,,data/raw/ntpc/documents/29556_NIT_Download.pdf,92201
29557,nit_document,NIT Download,https://ntpctender.ntpc.co.in/Uploads/job_45189.pdf,,,data/raw/ntpc/documents/29557_NIT_Download.pdf,44366
29558,nit_document,NIT Download,https://ntpctender.ntpc.co.in/Uploads/job_45188.pdf,,,data/raw/ntpc/documents/29558_NIT_Download.pdf,258338
29559,nit_document,NIT Download,https://ntpctender.ntpc.co.in/Uploads/job_45187.pdf,,,data/raw/ntpc/documents/29559_NIT_Download.pdf,471186
29560,nit_document,NIT Download,https://ntpctender.ntpc.co.in/Uploads/job_45186.pdf,,,data/raw/ntpc/documents/29560_NIT_Download.pdf,236276
29561,nit_document,NIT Download,https://ntpctender.ntpc.co.in/Uploads/job_45185.pdf,,,data/raw/ntpc/documents/29561_NIT_Download.pdf,2441682
29562,nit_document,NIT Download,https://ntpctender.ntpc.co.in/Uploads/job_45184.pdf,,,data/raw/ntpc/documents/29562_NIT_Download.pdf,1769513
29563,nit_document,NIT Download,https://ntpctender.ntpc.co.in/Uploads/job_45183.pdf,,,data/raw/ntpc/documents/29563_NIT_Download.pdf,769442
29564,nit_document,NIT Download,https://ntpctender.ntpc.co.in/Uploads/job_45210.pdf,,,data/raw/ntpc/documents/29564_NIT_Download.pdf,705464
29565,nit_document,NIT Download,https://ntpctender.ntpc.co.in/Uploads/job_45211.pdf,,,data/raw/ntpc/documents/29565_NIT_Download.pdf,1541645
29566,nit_document,NIT Download,https://ntpctender.ntpc.co.in/Uploads/job_45212.pdf,,,data/raw/ntpc/documents/29566_NIT_Download.pdf,696958
29567,nit_document,NIT Download,https://ntpctender.ntpc.co.in/Uploads/job_45213.pdf,,,data/raw/ntpc/documents/29567_NIT_Download.pdf,154209
29568,nit_document,NIT Download,https://ntpctender.ntpc.co.in/Uploads/job_45214.pdf,,,data/raw/ntpc/documents/29568_NIT_Download.pdf,110128
29568,corrigendum,cor_29568_1_1.pdf,https://ntpctender.ntpc.co.in/Uploads/cor_29568_1_1.pdf,1,2026-03-16T10:35:00,data/raw/ntpc/documents/29568_cor_29568_1_1.pdf,46893
29569,nit_document,NIT Download,https://ntpctender.ntpc.co.in/Uploads/job_45215.pdf,,,data/raw/ntpc/documents/29569_NIT_Download.pdf,116516
29570,nit_document,NIT Download,https://ntpctender.ntpc.co.in/Uploads/job_45216.pdf,,,data/raw/ntpc/documents/29570_NIT_Download.pdf,99957
29571,nit_document,NIT Download,https://ntpctender.ntpc.co.in/Uploads/job_45217.pdf,,,data/raw/ntpc/documents/29571_NIT_Download.pdf,314410
29572,nit_document,NIT Download,https://ntpctender.ntpc.co.in/Uploads/job_45218.pdf,,,data/raw/ntpc/documents/29572_NIT_Download.pdf,769126
29573,nit_document,NIT Download,https://ntpctender.ntpc.co.in/Uploads/job_45219.pdf,,,data/raw/ntpc/documents/29573_NIT_Download.pdf,195171
29574,nit_document,NIT Download,https://ntpctender.ntpc.co.in/Uploads/job_45220.pdf,,,data/raw/ntpc/documents/29574_NIT_Download.pdf,95302
29574,corrigendum,cor_29574_1_1.pdf,https://ntpctender.ntpc.co.in/Uploads/cor_29574_1_1.pdf,1,2026-03-20T09:45:00,data/raw/ntpc/documents/29574_cor_29574_1_1.pdf,47635
29575,nit_document,NIT Download,https://ntpctender.ntpc.co.in/Uploads/job_45221.pdf,,,data/raw/ntpc/documents/29575_NIT_Download.pdf,855561
29576,nit_document,NIT Download,https://ntpctender.ntpc.co.in/Uploads/job_45222.pdf,,,data/raw/ntpc/documents/29576_NIT_Download.pdf,761367
29577,nit_document,NIT Download,https://ntpctender.ntpc.co.in/Uploads/job_45223.pdf,,,data/raw/ntpc/documents/29577_NIT_Download.pdf,761383
29578,nit_document,NIT Download,https://ntpctender.ntpc.co.in/Uploads/job_45224.pdf,,,data/raw/ntpc/documents/29578_NIT_Download.pdf,95923
29579,nit_document,NIT Download,https://ntpctender.ntpc.co.in/Uploads/job_45225.pdf,,,data/raw/ntpc/documents/29579_NIT_Download.pdf,104578
29580,nit_document,NIT Download,https://ntpctender.ntpc.co.in/Uploads/job_45226.pdf,,,data/raw/ntpc/documents/29580_NIT_Download.pdf,345535
29581,nit_document,NIT Download,https://ntpctender.ntpc.co.in/Uploads/job_45227.pdf,,,data/raw/ntpc/documents/29581_NIT_Download.pdf,916210
29582,nit_document,NIT Download,https://ntpctender.ntpc.co.in/Uploads/job_45228.pdf,,,data/raw/ntpc/documents/29582_NIT_Download.pdf,96475
29583,nit_document,NIT Download,https://ntpctender.ntpc.co.in/Uploads/job_45229.pdf,,,data/raw/ntpc/documents/29583_NIT_Download.pdf,960403
29584,nit_document,NIT Download,https://ntpctender.ntpc.co.in/Uploads/job_45230.pdf,,,data/raw/ntpc/documents/29584_NIT_Download.pdf,100425
29585,nit_document,NIT Download,https://ntpctender.ntpc.co.in/Uploads/job_45231.pdf,,,data/raw/ntpc/documents/29585_NIT_Download.pdf,101042
29586,nit_document,NIT Download,https://ntpctender.ntpc.co.in/Uploads/job_45232.pdf,,,data/raw/ntpc/documents/29586_NIT_Download.pdf,300510
29587,nit_document,NIT Download,https://ntpctender.ntpc.co.in/Uploads/job_45233.pdf,,,data/raw/ntpc/documents/29587_NIT_Download.pdf,248444
29588,nit_document,NIT Download,https://ntpctender.ntpc.co.in/Uploads/job_45234.pdf,,,data/raw/ntpc/documents/29588_NIT_Download.pdf,131495
29589,nit_document,NIT Download,https://ntpctender.ntpc.co.in/Uploads/job_45235.pdf,,,data/raw/ntpc/documents/29589_NIT_Download.pdf,96986
29590,nit_document,NIT Download,https://ntpctender.ntpc.co.in/Uploads/job_45236.pdf,,,data/raw/ntpc/documents/29590_NIT_Download.pdf,140653
29591,nit_document,NIT Download,https://ntpctender.ntpc.co.in/Uploads/job_45237.pdf,,,data/raw/ntpc/documents/29591_NIT_Download.pdf,1072732
29592,nit_document,NIT Download,https://ntpctender.ntpc.co.in/Uploads/job_45238.pdf,,,data/raw/ntpc/documents/29592_NIT_Download.pdf,101513
29593,nit_document,NIT Download,https://ntpctender.ntpc.co.in/Uploads/job_45239.pdf,,,data/raw/ntpc/documents/29593_NIT_Download.pdf,267512
29594,nit_document,NIT Download,https://ntpctender.ntpc.co.in/Uploads/job_45240.pdf,,,data/raw/ntpc/documents/29594_NIT_Download.pdf,128343
29595,nit_document,NIT Download,https://ntpctender.ntpc.co.in/Uploads/job_45241.pdf,,,data/raw/ntpc/documents/29595_NIT_Download.pdf,809990
29596,nit_document,NIT Download,https://ntpctender.ntpc.co.in/Uploads/job_45242.pdf,,,data/raw/ntpc/documents/29596_NIT_Download.pdf,620896
29597,nit_document,NIT Download,https://ntpctender.ntpc.co.in/Uploads/job_45243.pdf,,,data/raw/ntpc/documents/29597_NIT_Download.pdf,185686
29598,nit_document,NIT Download,https://ntpctender.ntpc.co.in/Uploads/job_45244.pdf,,,data/raw/ntpc/documents/29598_NIT_Download.pdf,193143
29599,nit_document,NIT Download,https://ntpctender.ntpc.co.in/Uploads/job_45245.pdf,,,data/raw/ntpc/documents/29599_NIT_Download.pdf,144534
29600,nit_document,NIT Download,https://ntpctender.ntpc.co.in/Uploads/job_45246.pdf,,,data/raw/ntpc/documents/29600_NIT_Download.pdf,452369
29601,nit_document,NIT Download,https://ntpctender.ntpc.co.in/Uploads/job_45247.pdf,,,data/raw/ntpc/documents/29601_NIT_Download.pdf,121044
29602,nit_document,NIT Download,https://ntpctender.ntpc.co.in/Uploads/job_45248.pdf,,,data/raw/ntpc/documents/29602_NIT_Download.pdf,867818
29603,nit_document,NIT Download,https://ntpctender.ntpc.co.in/Uploads/job_45249.pdf,,,data/raw/ntpc/documents/29603_NIT_Download.pdf,416281
29604,nit_document,NIT Download,https://ntpctender.ntpc.co.in/Uploads/job_45250.pdf,,,data/raw/ntpc/documents/29604_NIT_Download.pdf,125126
29605,nit_document,NIT Download,https://ntpctender.ntpc.co.in/Uploads/job_45251.pdf,,,data/raw/ntpc/documents/29605_NIT_Download.pdf,215103
29606,nit_document,NIT Download,https://ntpctender.ntpc.co.in/Uploads/job_45252.pdf,,,data/raw/ntpc/documents/29606_NIT_Download.pdf,132160
29607,nit_document,NIT Download,https://ntpctender.ntpc.co.in/Uploads/job_45253.pdf,,,data/raw/ntpc/documents/29607_NIT_Download.pdf,719995
29608,nit_document,NIT Download,https://ntpctender.ntpc.co.in/Uploads/job_45254.pdf,,,data/raw/ntpc/documents/29608_NIT_Download.pdf,175815
29609,nit_document,NIT Download,https://ntpctender.ntpc.co.in/Uploads/job_45255.pdf,,,data/raw/ntpc/documents/29609_NIT_Download.pdf,204321
29610,nit_document,NIT Download,https://ntpctender.ntpc.co.in/Uploads/job_45256.pdf,,,data/raw/ntpc/documents/29610_NIT_Download.pdf,103893
29611,nit_document,NIT Download,https://ntpctender.ntpc.co.in/Uploads/job_45257.pdf,,,data/raw/ntpc/documents/29611_NIT_Download.pdf,106303
29612,nit_document,NIT Download,https://ntpctender.ntpc.co.in/Uploads/job_45258.pdf,,,data/raw/ntpc/documents/29612_NIT_Download.pdf,98370
29613,nit_document,NIT Download,https://ntpctender.ntpc.co.in/Uploads/job_45259.pdf,,,data/raw/ntpc/documents/29613_NIT_Download.pdf,100372
29614,nit_document,NIT Download,https://ntpctender.ntpc.co.in/Uploads/job_45260.pdf,,,data/raw/ntpc/documents/29614_NIT_Download.pdf,94164
29615,nit_document,NIT Download,https://ntpctender.ntpc.co.in/Uploads/job_45261.pdf,,,data/raw/ntpc/documents/29615_NIT_Download.pdf,100757
29616,nit_document,NIT Download,https://ntpctender.ntpc.co.in/Uploads/job_45262.pdf,,,data/raw/ntpc/documents/29616_NIT_Download.pdf,713920
29616,corrigendum,cor_29616_1_1.pdf,https://ntpctender.ntpc.co.in/Uploads/cor_29616_1_1.pdf,1,2026-04-17T09:55:00,data/raw/ntpc/documents/29616_cor_29616_1_1.pdf,97169
29617,nit_document,NIT Download,https://ntpctender.ntpc.co.in/Uploads/job_45263.pdf,,,data/raw/ntpc/documents/29617_NIT_Download.pdf,99720
29618,nit_document,NIT Download,https://ntpctender.ntpc.co.in/Uploads/job_45264.pdf,,,data/raw/ntpc/documents/29618_NIT_Download.pdf,156596
29619,nit_document,NIT Download,https://ntpctender.ntpc.co.in/Uploads/job_45265.pdf,,,data/raw/ntpc/documents/29619_NIT_Download.pdf,102989
29620,nit_document,NIT Download,https://ntpctender.ntpc.co.in/Uploads/job_45266.pdf,,,data/raw/ntpc/documents/29620_NIT_Download.pdf,345201
29620,corrigendum,cor_29620_1_1.pdf,https://ntpctender.ntpc.co.in/Uploads/cor_29620_1_1.pdf,1,2026-04-29T17:15:00,data/raw/ntpc/documents/29620_cor_29620_1_1.pdf,243290
29621,nit_document,NIT Download,https://ntpctender.ntpc.co.in/Uploads/job_45267.pdf,,,data/raw/ntpc/documents/29621_NIT_Download.pdf,191640
29622,nit_document,NIT Download,https://ntpctender.ntpc.co.in/Uploads/job_45268.pdf,,,data/raw/ntpc/documents/29622_NIT_Download.pdf,122967
29623,nit_document,NIT Download,https://ntpctender.ntpc.co.in/Uploads/job_45269.pdf,,,data/raw/ntpc/documents/29623_NIT_Download.pdf,117995
29624,nit_document,NIT Download,https://ntpctender.ntpc.co.in/Uploads/job_45270.pdf,,,data/raw/ntpc/documents/29624_NIT_Download.pdf,461915
29625,nit_document,NIT Download,https://ntpctender.ntpc.co.in/Uploads/job_45271.pdf,,,data/raw/ntpc/documents/29625_NIT_Download.pdf,216133
29626,nit_document,NIT Download,https://ntpctender.ntpc.co.in/Uploads/job_45272.pdf,,,data/raw/ntpc/documents/29626_NIT_Download.pdf,381762
29627,nit_document,NIT Download,https://ntpctender.ntpc.co.in/Uploads/job_45273.pdf,,,data/raw/ntpc/documents/29627_NIT_Download.pdf,135311
29628,nit_document,NIT Download,https://ntpctender.ntpc.co.in/Uploads/job_45274.pdf,,,data/raw/ntpc/documents/29628_NIT_Download.pdf,93451
29629,nit_document,NIT Download,https://ntpctender.ntpc.co.in/Uploads/job_45275.pdf,,,data/raw/ntpc/documents/29629_NIT_Download.pdf,93752
29630,nit_document,NIT Download,https://ntpctender.ntpc.co.in/Uploads/job_45276.pdf,,,data/raw/ntpc/documents/29630_NIT_Download.pdf,103444
29631,nit_document,NIT Download,https://ntpctender.ntpc.co.in/Uploads/job_45277.pdf,,,data/raw/ntpc/documents/29631_NIT_Download.pdf,110826
29632,nit_document,NIT Download,https://ntpctender.ntpc.co.in/Uploads/job_45278.pdf,,,data/raw/ntpc/documents/29632_NIT_Download.pdf,90219
29633,nit_document,NIT Download,https://ntpctender.ntpc.co.in/Uploads/job_45279.pdf,,,data/raw/ntpc/documents/29633_NIT_Download.pdf,91342
29634,nit_document,NIT Download,https://ntpctender.ntpc.co.in/Uploads/job_45280.pdf,,,data/raw/ntpc/documents/29634_NIT_Download.pdf,241020
29635,nit_document,NIT Download,https://ntpctender.ntpc.co.in/Uploads/job_45281.pdf,,,data/raw/ntpc/documents/29635_NIT_Download.pdf,131270
29636,nit_document,NIT Download,https://ntpctender.ntpc.co.in/Uploads/job_45282.pdf,,,data/raw/ntpc/documents/29636_NIT_Download.pdf,183444
29637,nit_document,NIT Download,https://ntpctender.ntpc.co.in/Uploads/job_45283.pdf,,,data/raw/ntpc/documents/29637_NIT_Download.pdf,131981
29638,nit_document,NIT Download,https://ntpctender.ntpc.co.in/Uploads/job_45284.pdf,,,data/raw/ntpc/documents/29638_NIT_Download.pdf,243132
29639,nit_document,NIT Download,https://ntpctender.ntpc.co.in/Uploads/job_45285.pdf,,,data/raw/ntpc/documents/29639_NIT_Download.pdf,193527
29640,nit_document,NIT Download,https://ntpctender.ntpc.co.in/Uploads/job_45286.pdf,,,data/raw/ntpc/documents/29640_NIT_Download.pdf,124933
29641,nit_document,NIT Download,https://ntpctender.ntpc.co.in/Uploads/job_45287.pdf,,,data/raw/ntpc/documents/29641_NIT_Download.pdf,102029
29642,nit_document,NIT Download,https://ntpctender.ntpc.co.in/Uploads/job_45288.pdf,,,data/raw/ntpc/documents/29642_NIT_Download.pdf,299785
29642,corrigendum,cor_29642_2_1.pdf,https://ntpctender.ntpc.co.in/Uploads/cor_29642_2_1.pdf,2,2026-05-15T16:10:00,data/raw/ntpc/documents/29642_cor_29642_2_1.pdf,136030
29643,nit_document,NIT Download,https://ntpctender.ntpc.co.in/Uploads/job_45289.pdf,,,data/raw/ntpc/documents/29643_NIT_Download.pdf,93234
29644,nit_document,NIT Download,https://ntpctender.ntpc.co.in/Uploads/job_45290.pdf,,,data/raw/ntpc/documents/29644_NIT_Download.pdf,110044
29645,nit_document,NIT Download,https://ntpctender.ntpc.co.in/Uploads/job_45291.pdf,,,data/raw/ntpc/documents/29645_NIT_Download.pdf,966889
29645,corrigendum,cor_29645_1_1.pdf,https://ntpctender.ntpc.co.in/Uploads/cor_29645_1_1.pdf,1,2026-04-24T18:40:00,data/raw/ntpc/documents/29645_cor_29645_1_1.pdf,1291943
29646,nit_document,NIT Download,https://ntpctender.ntpc.co.in/Uploads/job_45292.pdf,,,data/raw/ntpc/documents/29646_NIT_Download.pdf,151714
29647,nit_document,NIT Download,https://ntpctender.ntpc.co.in/Uploads/job_45293.pdf,,,data/raw/ntpc/documents/29647_NIT_Download.pdf,803748
29648,nit_document,NIT Download,https://ntpctender.ntpc.co.in/Uploads/job_45294.pdf,,,data/raw/ntpc/documents/29648_NIT_Download.pdf,1012453
29649,nit_document,NIT Download,https://ntpctender.ntpc.co.in/Uploads/job_45295.pdf,,,data/raw/ntpc/documents/29649_NIT_Download.pdf,667255
29650,nit_document,NIT Download,https://ntpctender.ntpc.co.in/Uploads/job_45296.pdf,,,data/raw/ntpc/documents/29650_NIT_Download.pdf,216516
29651,nit_document,NIT Download,https://ntpctender.ntpc.co.in/Uploads/job_45297.pdf,,,data/raw/ntpc/documents/29651_NIT_Download.pdf,335180
29651,nit_document,Click here to view Salient Technical Features,https://ntpctender.ntpc.co.in/Uploads/tech_job_45297.pdf,,,data/raw/ntpc/documents/29651_Click_here_to_view_Salient_Technical_Features.pdf,485920
29651,corrigendum,cor_29651_2_1.pdf,https://ntpctender.ntpc.co.in/Uploads/cor_29651_2_1.pdf,2,2026-05-04T17:25:00,data/raw/ntpc/documents/29651_cor_29651_2_1.pdf,831943
29652,nit_document,NIT Download,https://ntpctender.ntpc.co.in/Uploads/job_45298.pdf,,,data/raw/ntpc/documents/29652_NIT_Download.pdf,98116
29653,nit_document,NIT Download,https://ntpctender.ntpc.co.in/Uploads/job_45299.pdf,,,data/raw/ntpc/documents/29653_NIT_Download.pdf,250331
29653,nit_document,Click here to view Salient Technical Features,https://ntpctender.ntpc.co.in/Uploads/tech_job_45299.pdf,,,data/raw/ntpc/documents/29653_Click_here_to_view_Salient_Technical_Features.pdf,81702
29654,nit_document,NIT Download,https://ntpctender.ntpc.co.in/Uploads/job_45300.pdf,,,data/raw/ntpc/documents/29654_NIT_Download.pdf,216864
29655,nit_document,NIT Download,https://ntpctender.ntpc.co.in/Uploads/job_45301.pdf,,,data/raw/ntpc/documents/29655_NIT_Download.pdf,253042
29656,nit_document,NIT Download,https://ntpctender.ntpc.co.in/Uploads/job_45302.pdf,,,data/raw/ntpc/documents/29656_NIT_Download.pdf,96200
29657,nit_document,NIT Download,https://ntpctender.ntpc.co.in/Uploads/job_45303.pdf,,,data/raw/ntpc/documents/29657_NIT_Download.pdf,839838
29658,nit_document,NIT Download,https://ntpctender.ntpc.co.in/Uploads/job_45304.pdf,,,data/raw/ntpc/documents/29658_NIT_Download.pdf,405152
29659,nit_document,NIT Download,https://ntpctender.ntpc.co.in/Uploads/job_45305.pdf,,,data/raw/ntpc/documents/29659_NIT_Download.pdf,91738
29660,nit_document,NIT Download,https://ntpctender.ntpc.co.in/Uploads/job_45306.pdf,,,data/raw/ntpc/documents/29660_NIT_Download.pdf,89668
29661,nit_document,NIT Download,https://ntpctender.ntpc.co.in/Uploads/job_45307.pdf,,,data/raw/ntpc/documents/29661_NIT_Download.pdf,247572
29662,nit_document,NIT Download,https://ntpctender.ntpc.co.in/Uploads/job_45308.pdf,,,data/raw/ntpc/documents/29662_NIT_Download.pdf,156461
29663,nit_document,NIT Download,https://ntpctender.ntpc.co.in/Uploads/job_45309.pdf,,,data/raw/ntpc/documents/29663_NIT_Download.pdf,876468
29664,nit_document,NIT Download,https://ntpctender.ntpc.co.in/Uploads/job_45310.pdf,,,data/raw/ntpc/documents/29664_NIT_Download.pdf,1214562
29665,nit_document,NIT Download,https://ntpctender.ntpc.co.in/Uploads/job_45311.pdf,,,data/raw/ntpc/documents/29665_NIT_Download.pdf,1183945
29666,nit_document,NIT Download,https://ntpctender.ntpc.co.in/Uploads/job_45312.pdf,,,data/raw/ntpc/documents/29666_NIT_Download.pdf,524682
29666,nit_document,Click here to view Salient Technical Features,https://ntpctender.ntpc.co.in/Uploads/tech_job_45312.pdf,,,data/raw/ntpc/documents/29666_Click_here_to_view_Salient_Technical_Features.pdf,316737
29666,corrigendum,cor_29666_2_1.pdf,https://ntpctender.ntpc.co.in/Uploads/cor_29666_2_1.pdf,2,2026-05-04T09:40:00,data/raw/ntpc/documents/29666_cor_29666_2_1.pdf,30433
29667,nit_document,NIT Download,https://ntpctender.ntpc.co.in/Uploads/job_45349.pdf,,,data/raw/ntpc/documents/29667_NIT_Download.pdf,95876
29668,nit_document,NIT Download,https://ntpctender.ntpc.co.in/Uploads/job_45348.pdf,,,data/raw/ntpc/documents/29668_NIT_Download.pdf,22231
29669,nit_document,NIT Download,https://ntpctender.ntpc.co.in/Uploads/job_45347.pdf,,,data/raw/ntpc/documents/29669_NIT_Download.pdf,287508
29670,nit_document,NIT Download,https://ntpctender.ntpc.co.in/Uploads/job_45346.pdf,,,data/raw/ntpc/documents/29670_NIT_Download.pdf,782218
29671,nit_document,NIT Download,https://ntpctender.ntpc.co.in/Uploads/job_45345.pdf,,,data/raw/ntpc/documents/29671_NIT_Download.pdf,342070
29672,nit_document,NIT Download,https://ntpctender.ntpc.co.in/Uploads/job_45344.pdf,,,data/raw/ntpc/documents/29672_NIT_Download.pdf,314101
29673,nit_document,NIT Download,https://ntpctender.ntpc.co.in/Uploads/job_45343.pdf,,,data/raw/ntpc/documents/29673_NIT_Download.pdf,111569
29674,nit_document,NIT Download,https://ntpctender.ntpc.co.in/Uploads/job_45342.pdf,,,data/raw/ntpc/documents/29674_NIT_Download.pdf,111079
29675,nit_document,NIT Download,https://ntpctender.ntpc.co.in/Uploads/job_45341.pdf,,,data/raw/ntpc/documents/29675_NIT_Download.pdf,2386954
29676,nit_document,NIT Download,https://ntpctender.ntpc.co.in/Uploads/job_45340.pdf,,,data/raw/ntpc/documents/29676_NIT_Download.pdf,2351443
29677,nit_document,NIT Download,https://ntpctender.ntpc.co.in/Uploads/job_45339.pdf,,,data/raw/ntpc/documents/29677_NIT_Download.pdf,2270815
29678,nit_document,NIT Download,https://ntpctender.ntpc.co.in/Uploads/job_45338.pdf,,,data/raw/ntpc/documents/29678_NIT_Download.pdf,77784
29679,nit_document,NIT Download,https://ntpctender.ntpc.co.in/Uploads/job_45337.pdf,,,data/raw/ntpc/documents/29679_NIT_Download.pdf,785683
29680,nit_document,NIT Download,https://ntpctender.ntpc.co.in/Uploads/job_45336.pdf,,,data/raw/ntpc/documents/29680_NIT_Download.pdf,1652672
29681,nit_document,NIT Download,https://ntpctender.ntpc.co.in/Uploads/job_45335.pdf,,,data/raw/ntpc/documents/29681_NIT_Download.pdf,110888
29682,nit_document,NIT Download,https://ntpctender.ntpc.co.in/Uploads/job_45334.pdf,,,data/raw/ntpc/documents/29682_NIT_Download.pdf,16458512
29683,nit_document,NIT Download,https://ntpctender.ntpc.co.in/Uploads/job_45333.pdf,,,data/raw/ntpc/documents/29683_NIT_Download.pdf,7614341
29684,nit_document,NIT Download,https://ntpctender.ntpc.co.in/Uploads/job_45332.pdf,,,data/raw/ntpc/documents/29684_NIT_Download.pdf,2797523
29685,nit_document,NIT Download,https://ntpctender.ntpc.co.in/Uploads/job_45331.pdf,,,data/raw/ntpc/documents/29685_NIT_Download.pdf,240064
29686,nit_document,NIT Download,https://ntpctender.ntpc.co.in/Uploads/job_45330.pdf,,,data/raw/ntpc/documents/29686_NIT_Download.pdf,108002
29687,nit_document,NIT Download,https://ntpctender.ntpc.co.in/Uploads/job_45329.pdf,,,data/raw/ntpc/documents/29687_NIT_Download.pdf,424383
29688,nit_document,NIT Download,https://ntpctender.ntpc.co.in/Uploads/job_45328.pdf,,,data/raw/ntpc/documents/29688_NIT_Download.pdf,120832
29689,nit_document,NIT Download,https://ntpctender.ntpc.co.in/Uploads/job_45327.pdf,,,data/raw/ntpc/documents/29689_NIT_Download.pdf,122675
29690,nit_document,NIT Download,https://ntpctender.ntpc.co.in/Uploads/job_45326.pdf,,,data/raw/ntpc/documents/29690_NIT_Download.pdf,393644
29691,nit_document,NIT Download,https://ntpctender.ntpc.co.in/Uploads/job_45325.pdf,,,data/raw/ntpc/documents/29691_NIT_Download.pdf,282928
29692,nit_document,NIT Download,https://ntpctender.ntpc.co.in/Uploads/job_45324.pdf,,,data/raw/ntpc/documents/29692_NIT_Download.pdf,877201
29693,nit_document,NIT Download,https://ntpctender.ntpc.co.in/Uploads/job_45323.pdf,,,data/raw/ntpc/documents/29693_NIT_Download.pdf,608911
29694,nit_document,NIT Download,https://ntpctender.ntpc.co.in/Uploads/job_45322.pdf,,,data/raw/ntpc/documents/29694_NIT_Download.pdf,51279
29695,nit_document,NIT Download,https://ntpctender.ntpc.co.in/Uploads/job_45321.pdf,,,data/raw/ntpc/documents/29695_NIT_Download.pdf,63075
29696,nit_document,NIT Download,https://ntpctender.ntpc.co.in/Uploads/job_45320.pdf,,,data/raw/ntpc/documents/29696_NIT_Download.pdf,41954
29697,nit_document,NIT Download,https://ntpctender.ntpc.co.in/Uploads/job_45319.pdf,,,data/raw/ntpc/documents/29697_NIT_Download.pdf,223209
29698,nit_document,NIT Download,https://ntpctender.ntpc.co.in/Uploads/job_45318.pdf,,,data/raw/ntpc/documents/29698_NIT_Download.pdf,275649
29699,nit_document,NIT Download,https://ntpctender.ntpc.co.in/Uploads/job_45317.pdf,,,data/raw/ntpc/documents/29699_NIT_Download.pdf,46904
29700,nit_document,NIT Download,https://ntpctender.ntpc.co.in/Uploads/job_45316.pdf,,,data/raw/ntpc/documents/29700_NIT_Download.pdf,47372
29701,nit_document,NIT Download,https://ntpctender.ntpc.co.in/Uploads/job_45315.pdf,,,data/raw/ntpc/documents/29701_NIT_Download.pdf,48998
29702,nit_document,NIT Download,https://ntpctender.ntpc.co.in/Uploads/job_45314.pdf,,,data/raw/ntpc/documents/29702_NIT_Download.pdf,232108
29703,nit_document,NIT Download,https://ntpctender.ntpc.co.in/Uploads/job_45313.pdf,,,data/raw/ntpc/documents/29703_NIT_Download.pdf,504424
29704,nit_document,NIT Download,https://ntpctender.ntpc.co.in/Uploads/job_45350.pdf,,,data/raw/ntpc/documents/29704_NIT_Download.pdf,98322
29705,nit_document,NIT Download,https://ntpctender.ntpc.co.in/Uploads/job_45351.pdf,,,data/raw/ntpc/documents/29705_NIT_Download.pdf,306017
29706,nit_document,NIT Download,https://ntpctender.ntpc.co.in/Uploads/job_45352.pdf,,,data/raw/ntpc/documents/29706_NIT_Download.pdf,475149
29707,nit_document,NIT Download,https://ntpctender.ntpc.co.in/Uploads/job_45353.pdf,,,data/raw/ntpc/documents/29707_NIT_Download.pdf,422777
29709,nit_document,NIT Download,https://ntpctender.ntpc.co.in/Uploads/job_45355.pdf,,,data/raw/ntpc/documents/29709_NIT_Download.pdf,103763
29710,nit_document,NIT Download,https://ntpctender.ntpc.co.in/Uploads/job_45356.pdf,,,data/raw/ntpc/documents/29710_NIT_Download.pdf,363482
29711,nit_document,NIT Download,https://ntpctender.ntpc.co.in/Uploads/job_45357.pdf,,,data/raw/ntpc/documents/29711_NIT_Download.pdf,132308
29712,nit_document,NIT Download,https://ntpctender.ntpc.co.in/Uploads/job_45358.pdf,,,data/raw/ntpc/documents/29712_NIT_Download.pdf,210446
29713,nit_document,NIT Download,https://ntpctender.ntpc.co.in/Uploads/job_45359.pdf,,,data/raw/ntpc/documents/29713_NIT_Download.pdf,174264
29714,nit_document,NIT Download,https://ntpctender.ntpc.co.in/Uploads/job_45360.pdf,,,data/raw/ntpc/documents/29714_NIT_Download.pdf,472511
29714,corrigendum,cor_29714_1_1.pdf,https://ntpctender.ntpc.co.in/Uploads/cor_29714_1_1.pdf,1,2026-05-01T18:35:00,data/raw/ntpc/documents/29714_cor_29714_1_1.pdf,812656
29715,nit_document,NIT Download,https://ntpctender.ntpc.co.in/Uploads/job_45361.pdf,,,data/raw/ntpc/documents/29715_NIT_Download.pdf,1107719
29716,nit_document,NIT Download,https://ntpctender.ntpc.co.in/Uploads/job_45362.pdf,,,data/raw/ntpc/documents/29716_NIT_Download.pdf,132447
29717,nit_document,NIT Download,https://ntpctender.ntpc.co.in/Uploads/job_45363.pdf,,,data/raw/ntpc/documents/29717_NIT_Download.pdf,635540
29718,nit_document,NIT Download,https://ntpctender.ntpc.co.in/Uploads/job_45364.pdf,,,data/raw/ntpc/documents/29718_NIT_Download.pdf,210651
29719,nit_document,NIT Download,https://ntpctender.ntpc.co.in/Uploads/job_45365.pdf,,,data/raw/ntpc/documents/29719_NIT_Download.pdf,199417
29720,nit_document,NIT Download,https://ntpctender.ntpc.co.in/Uploads/job_45366.pdf,,,data/raw/ntpc/documents/29720_NIT_Download.pdf,168693
29721,nit_document,NIT Download,https://ntpctender.ntpc.co.in/Uploads/job_45367.pdf,,,data/raw/ntpc/documents/29721_NIT_Download.pdf,258444
29722,nit_document,NIT Download,https://ntpctender.ntpc.co.in/Uploads/job_45368.pdf,,,data/raw/ntpc/documents/29722_NIT_Download.pdf,134817
29723,nit_document,NIT Download,https://ntpctender.ntpc.co.in/Uploads/job_45369.pdf,,,data/raw/ntpc/documents/29723_NIT_Download.pdf,109240
29724,nit_document,NIT Download,https://ntpctender.ntpc.co.in/Uploads/job_45370.pdf,,,data/raw/ntpc/documents/29724_NIT_Download.pdf,209670
29725,nit_document,NIT Download,https://ntpctender.ntpc.co.in/Uploads/job_45371.pdf,,,data/raw/ntpc/documents/29725_NIT_Download.pdf,677785
29726,nit_document,NIT Download,https://ntpctender.ntpc.co.in/Uploads/job_45372.pdf,,,data/raw/ntpc/documents/29726_NIT_Download.pdf,102195
29726,corrigendum,cor_29726_6_1.pdf,https://ntpctender.ntpc.co.in/Uploads/cor_29726_6_1.pdf,6,2026-07-16T15:00:00,data/raw/ntpc/documents/29726_cor_29726_6_1.pdf,691992
29727,nit_document,NIT Download,https://ntpctender.ntpc.co.in/Uploads/job_45373.pdf,,,data/raw/ntpc/documents/29727_NIT_Download.pdf,163920
29728,nit_document,NIT Download,https://ntpctender.ntpc.co.in/Uploads/job_45374.pdf,,,data/raw/ntpc/documents/29728_NIT_Download.pdf,229249
29729,nit_document,NIT Download,https://ntpctender.ntpc.co.in/Uploads/job_45375.pdf,,,data/raw/ntpc/documents/29729_NIT_Download.pdf,184515
29730,nit_document,NIT Download,https://ntpctender.ntpc.co.in/Uploads/job_45376.pdf,,,data/raw/ntpc/documents/29730_NIT_Download.pdf,670604
29731,nit_document,NIT Download,https://ntpctender.ntpc.co.in/Uploads/job_45377.pdf,,,data/raw/ntpc/documents/29731_NIT_Download.pdf,393123
29732,nit_document,NIT Download,https://ntpctender.ntpc.co.in/Uploads/job_45378.pdf,,,data/raw/ntpc/documents/29732_NIT_Download.pdf,133901
29733,nit_document,NIT Download,https://ntpctender.ntpc.co.in/Uploads/job_45379.pdf,,,data/raw/ntpc/documents/29733_NIT_Download.pdf,134272
29734,nit_document,NIT Download,https://ntpctender.ntpc.co.in/Uploads/job_45380.pdf,,,data/raw/ntpc/documents/29734_NIT_Download.pdf,736932
29735,nit_document,NIT Download,https://ntpctender.ntpc.co.in/Uploads/job_45381.pdf,,,data/raw/ntpc/documents/29735_NIT_Download.pdf,707402
29736,nit_document,NIT Download,https://ntpctender.ntpc.co.in/Uploads/job_45382.pdf,,,data/raw/ntpc/documents/29736_NIT_Download.pdf,416125
29737,nit_document,NIT Download,https://ntpctender.ntpc.co.in/Uploads/job_45383.pdf,,,data/raw/ntpc/documents/29737_NIT_Download.pdf,1628864
29737,corrigendum,cor_29737_5_1.pdf,https://ntpctender.ntpc.co.in/Uploads/cor_29737_5_1.pdf,5,2026-06-29T19:00:00,data/raw/ntpc/documents/29737_cor_29737_5_1.pdf,4025858
29738,nit_document,NIT Download,https://ntpctender.ntpc.co.in/Uploads/job_45384.pdf,,,data/raw/ntpc/documents/29738_NIT_Download.pdf,105823
29739,nit_document,NIT Download,https://ntpctender.ntpc.co.in/Uploads/job_45385.pdf,,,data/raw/ntpc/documents/29739_NIT_Download.pdf,614221
29742,nit_document,NIT Download,https://ntpctender.ntpc.co.in/Uploads/job_45387.pdf,,,data/raw/ntpc/documents/29742_NIT_Download.pdf,232476
29743,nit_document,NIT Download,https://ntpctender.ntpc.co.in/Uploads/job_45388.pdf,,,data/raw/ntpc/documents/29743_NIT_Download.pdf,219867
29744,nit_document,NIT Download,https://ntpctender.ntpc.co.in/Uploads/job_45389.pdf,,,data/raw/ntpc/documents/29744_NIT_Download.pdf,148121
29745,nit_document,NIT Download,https://ntpctender.ntpc.co.in/Uploads/job_45390.pdf,,,data/raw/ntpc/documents/29745_NIT_Download.pdf,385827
29746,nit_document,NIT Download,https://ntpctender.ntpc.co.in/Uploads/job_45391.pdf,,,data/raw/ntpc/documents/29746_NIT_Download.pdf,140531
29747,nit_document,NIT Download,https://ntpctender.ntpc.co.in/Uploads/job_45392.pdf,,,data/raw/ntpc/documents/29747_NIT_Download.pdf,140943
29748,nit_document,NIT Download,https://ntpctender.ntpc.co.in/Uploads/job_45393.pdf,,,data/raw/ntpc/documents/29748_NIT_Download.pdf,1408584
29749,nit_document,NIT Download,https://ntpctender.ntpc.co.in/Uploads/job_45394.pdf,,,data/raw/ntpc/documents/29749_NIT_Download.pdf,334329
29750,nit_document,NIT Download,https://ntpctender.ntpc.co.in/Uploads/job_45395.pdf,,,data/raw/ntpc/documents/29750_NIT_Download.pdf,1797926
29750,corrigendum,cor_29750_1_1.pdf,https://ntpctender.ntpc.co.in/Uploads/cor_29750_1_1.pdf,1,2026-05-07T17:40:00,data/raw/ntpc/documents/29750_cor_29750_1_1.pdf,4034123
29751,nit_document,NIT Download,https://ntpctender.ntpc.co.in/Uploads/job_45396.pdf,,,data/raw/ntpc/documents/29751_NIT_Download.pdf,2350062
29752,nit_document,NIT Download,https://ntpctender.ntpc.co.in/Uploads/job_45397.pdf,,,data/raw/ntpc/documents/29752_NIT_Download.pdf,157910
29753,nit_document,NIT Download,https://ntpctender.ntpc.co.in/Uploads/job_45398.pdf,,,data/raw/ntpc/documents/29753_NIT_Download.pdf,139273
29754,nit_document,NIT Download,https://ntpctender.ntpc.co.in/Uploads/job_45399.pdf,,,data/raw/ntpc/documents/29754_NIT_Download.pdf,135157
29755,nit_document,NIT Download,https://ntpctender.ntpc.co.in/Uploads/job_45400.pdf,,,data/raw/ntpc/documents/29755_NIT_Download.pdf,117457
29756,nit_document,NIT Download,https://ntpctender.ntpc.co.in/Uploads/job_45401.pdf,,,data/raw/ntpc/documents/29756_NIT_Download.pdf,1008247
29756,corrigendum,cor_29756_5_1.pdf,https://ntpctender.ntpc.co.in/Uploads/cor_29756_5_1.pdf,5,2026-05-26T17:30:00,data/raw/ntpc/documents/29756_cor_29756_5_1.pdf,2425486
29757,nit_document,NIT Download,https://ntpctender.ntpc.co.in/Uploads/job_45402.pdf,,,data/raw/ntpc/documents/29757_NIT_Download.pdf,219892
29758,nit_document,NIT Download,https://ntpctender.ntpc.co.in/Uploads/job_45403.pdf,,,data/raw/ntpc/documents/29758_NIT_Download.pdf,99824
29759,nit_document,NIT Download,https://ntpctender.ntpc.co.in/Uploads/job_45404.pdf,,,data/raw/ntpc/documents/29759_NIT_Download.pdf,235498
29760,nit_document,NIT Download,https://ntpctender.ntpc.co.in/Uploads/job_45405.pdf,,,data/raw/ntpc/documents/29760_NIT_Download.pdf,198813
29761,nit_document,NIT Download,https://ntpctender.ntpc.co.in/Uploads/job_45406.pdf,,,data/raw/ntpc/documents/29761_NIT_Download.pdf,128251
29762,nit_document,NIT Download,https://ntpctender.ntpc.co.in/Uploads/job_45407.pdf,,,data/raw/ntpc/documents/29762_NIT_Download.pdf,187424
29763,nit_document,NIT Download,https://ntpctender.ntpc.co.in/Uploads/job_45408.pdf,,,data/raw/ntpc/documents/29763_NIT_Download.pdf,441375
29764,nit_document,NIT Download,https://ntpctender.ntpc.co.in/Uploads/job_45409.pdf,,,data/raw/ntpc/documents/29764_NIT_Download.pdf,99222
29765,nit_document,NIT Download,https://ntpctender.ntpc.co.in/Uploads/job_45410.pdf,,,data/raw/ntpc/documents/29765_NIT_Download.pdf,826043
29766,nit_document,NIT Download,https://ntpctender.ntpc.co.in/Uploads/job_45411.pdf,,,data/raw/ntpc/documents/29766_NIT_Download.pdf,127573
29767,nit_document,NIT Download,https://ntpctender.ntpc.co.in/Uploads/job_45412.pdf,,,data/raw/ntpc/documents/29767_NIT_Download.pdf,110422
29768,nit_document,NIT Download,https://ntpctender.ntpc.co.in/Uploads/job_45413.pdf,,,data/raw/ntpc/documents/29768_NIT_Download.pdf,191953
29768,corrigendum,cor_29768_1_1.pdf,https://ntpctender.ntpc.co.in/Uploads/cor_29768_1_1.pdf,1,2026-05-05T15:35:00,data/raw/ntpc/documents/29768_cor_29768_1_1.pdf,346705
29769,nit_document,NIT Download,https://ntpctender.ntpc.co.in/Uploads/job_45414.pdf,,,data/raw/ntpc/documents/29769_NIT_Download.pdf,228225
29770,nit_document,NIT Download,https://ntpctender.ntpc.co.in/Uploads/job_45415.pdf,,,data/raw/ntpc/documents/29770_NIT_Download.pdf,522708
29771,nit_document,NIT Download,https://ntpctender.ntpc.co.in/Uploads/job_45416.pdf,,,data/raw/ntpc/documents/29771_NIT_Download.pdf,299037
29771,corrigendum,cor_29771_2_1.pdf,https://ntpctender.ntpc.co.in/Uploads/cor_29771_2_1.pdf,2,2026-05-14T17:00:00,data/raw/ntpc/documents/29771_cor_29771_2_1.pdf,210254
29772,nit_document,NIT Download,https://ntpctender.ntpc.co.in/Uploads/job_45417.pdf,,,data/raw/ntpc/documents/29772_NIT_Download.pdf,155897
29773,nit_document,NIT Download,https://ntpctender.ntpc.co.in/Uploads/job_45418.pdf,,,data/raw/ntpc/documents/29773_NIT_Download.pdf,213729
29774,nit_document,NIT Download,https://ntpctender.ntpc.co.in/Uploads/job_45419.pdf,,,data/raw/ntpc/documents/29774_NIT_Download.pdf,102343
29775,nit_document,NIT Download,https://ntpctender.ntpc.co.in/Uploads/job_45422.pdf,,,data/raw/ntpc/documents/29775_NIT_Download.pdf,2375413
29775,corrigendum,cor_29775_2_1.pdf,https://ntpctender.ntpc.co.in/Uploads/cor_29775_2_1.pdf,2,2026-07-23T16:05:00,data/raw/ntpc/documents/29775_cor_29775_2_1.pdf,12585797
29776,nit_document,NIT Download,https://ntpctender.ntpc.co.in/Uploads/job_45421.pdf,,,data/raw/ntpc/documents/29776_NIT_Download.pdf,2376536
29776,corrigendum,cor_29776_2_1.pdf,https://ntpctender.ntpc.co.in/Uploads/cor_29776_2_1.pdf,2,2026-07-23T16:05:00,data/raw/ntpc/documents/29776_cor_29776_2_1.pdf,12556686
29777,nit_document,NIT Download,https://ntpctender.ntpc.co.in/Uploads/job_45420.pdf,,,data/raw/ntpc/documents/29777_NIT_Download.pdf,7686901
29777,corrigendum,cor_29777_2_1.pdf,https://ntpctender.ntpc.co.in/Uploads/cor_29777_2_1.pdf,2,2026-07-23T16:05:00,data/raw/ntpc/documents/29777_cor_29777_2_1.pdf,7747823
29778,nit_document,NIT Download,https://ntpctender.ntpc.co.in/Uploads/job_45423.pdf,,,data/raw/ntpc/documents/29778_NIT_Download.pdf,839376
29779,nit_document,NIT Download,https://ntpctender.ntpc.co.in/Uploads/job_45424.pdf,,,data/raw/ntpc/documents/29779_NIT_Download.pdf,1923077
29780,nit_document,NIT Download,https://ntpctender.ntpc.co.in/Uploads/job_45425.pdf,,,data/raw/ntpc/documents/29780_NIT_Download.pdf,186634
29781,nit_document,NIT Download,https://ntpctender.ntpc.co.in/Uploads/job_45426.pdf,,,data/raw/ntpc/documents/29781_NIT_Download.pdf,289172
29782,nit_document,NIT Download,https://ntpctender.ntpc.co.in/Uploads/job_45427.pdf,,,data/raw/ntpc/documents/29782_NIT_Download.pdf,98372
29783,nit_document,NIT Download,https://ntpctender.ntpc.co.in/Uploads/job_45428.pdf,,,data/raw/ntpc/documents/29783_NIT_Download.pdf,968510
29784,nit_document,NIT Download,https://ntpctender.ntpc.co.in/Uploads/job_45429.pdf,,,data/raw/ntpc/documents/29784_NIT_Download.pdf,430316
29785,nit_document,NIT Download,https://ntpctender.ntpc.co.in/Uploads/job_45430.pdf,,,data/raw/ntpc/documents/29785_NIT_Download.pdf,244122
29786,nit_document,NIT Download,https://ntpctender.ntpc.co.in/Uploads/job_45431.pdf,,,data/raw/ntpc/documents/29786_NIT_Download.pdf,219657
29787,nit_document,NIT Download,https://ntpctender.ntpc.co.in/Uploads/job_45432.pdf,,,data/raw/ntpc/documents/29787_NIT_Download.pdf,100920
29787,corrigendum,cor_29787_3_1.pdf,https://ntpctender.ntpc.co.in/Uploads/cor_29787_3_1.pdf,3,2026-07-14T10:40:00,data/raw/ntpc/documents/29787_cor_29787_3_1.pdf,94279
29788,nit_document,NIT Download,https://ntpctender.ntpc.co.in/Uploads/job_45433.pdf,,,data/raw/ntpc/documents/29788_NIT_Download.pdf,1014624
29789,nit_document,NIT Download,https://ntpctender.ntpc.co.in/Uploads/job_45434.pdf,,,data/raw/ntpc/documents/29789_NIT_Download.pdf,326189
29790,nit_document,NIT Download,https://ntpctender.ntpc.co.in/Uploads/job_45435.pdf,,,data/raw/ntpc/documents/29790_NIT_Download.pdf,240434
29791,nit_document,NIT Download,https://ntpctender.ntpc.co.in/Uploads/job_45436.pdf,,,data/raw/ntpc/documents/29791_NIT_Download.pdf,930463
29791,nit_document,Click here to view Salient Technical Features,https://ntpctender.ntpc.co.in/Uploads/tech_job_45436.pdf,,,data/raw/ntpc/documents/29791_Click_here_to_view_Salient_Technical_Features.pdf,486613
29792,nit_document,NIT Download,https://ntpctender.ntpc.co.in/Uploads/job_45437.pdf,,,data/raw/ntpc/documents/29792_NIT_Download.pdf,383445
29793,nit_document,NIT Download,https://ntpctender.ntpc.co.in/Uploads/job_45438.pdf,,,data/raw/ntpc/documents/29793_NIT_Download.pdf,107433
29794,nit_document,NIT Download,https://ntpctender.ntpc.co.in/Uploads/job_45439.pdf,,,data/raw/ntpc/documents/29794_NIT_Download.pdf,789601
29795,nit_document,NIT Download,https://ntpctender.ntpc.co.in/Uploads/job_45440.pdf,,,data/raw/ntpc/documents/29795_NIT_Download.pdf,100188
29795,corrigendum,cor_29795_8_1.pdf,https://ntpctender.ntpc.co.in/Uploads/cor_29795_8_1.pdf,8,2026-07-10T18:35:00,data/raw/ntpc/documents/29795_cor_29795_8_1.pdf,3151490
29796,nit_document,NIT Download,https://ntpctender.ntpc.co.in/Uploads/job_45456.pdf,,,data/raw/ntpc/documents/29796_NIT_Download.pdf,784304
29797,nit_document,NIT Download,https://ntpctender.ntpc.co.in/Uploads/job_45455.pdf,,,data/raw/ntpc/documents/29797_NIT_Download.pdf,220782
29798,nit_document,NIT Download,https://ntpctender.ntpc.co.in/Uploads/job_45454.pdf,,,data/raw/ntpc/documents/29798_NIT_Download.pdf,238801
29799,nit_document,NIT Download,https://ntpctender.ntpc.co.in/Uploads/job_45453.pdf,,,data/raw/ntpc/documents/29799_NIT_Download.pdf,47343
29800,nit_document,NIT Download,https://ntpctender.ntpc.co.in/Uploads/job_45452.pdf,,,data/raw/ntpc/documents/29800_NIT_Download.pdf,44984
29801,nit_document,NIT Download,https://ntpctender.ntpc.co.in/Uploads/job_45451.pdf,,,data/raw/ntpc/documents/29801_NIT_Download.pdf,45836
29802,nit_document,NIT Download,https://ntpctender.ntpc.co.in/Uploads/job_45450.pdf,,,data/raw/ntpc/documents/29802_NIT_Download.pdf,26295
29803,nit_document,NIT Download,https://ntpctender.ntpc.co.in/Uploads/job_45449.pdf,,,data/raw/ntpc/documents/29803_NIT_Download.pdf,69627
29804,nit_document,NIT Download,https://ntpctender.ntpc.co.in/Uploads/job_45448.pdf,,,data/raw/ntpc/documents/29804_NIT_Download.pdf,314296
29805,nit_document,NIT Download,https://ntpctender.ntpc.co.in/Uploads/job_45447.pdf,,,data/raw/ntpc/documents/29805_NIT_Download.pdf,450930
29806,nit_document,NIT Download,https://ntpctender.ntpc.co.in/Uploads/job_45446.pdf,,,data/raw/ntpc/documents/29806_NIT_Download.pdf,784762
29807,nit_document,NIT Download,https://ntpctender.ntpc.co.in/Uploads/job_45445.pdf,,,data/raw/ntpc/documents/29807_NIT_Download.pdf,74085
29808,nit_document,NIT Download,https://ntpctender.ntpc.co.in/Uploads/job_45444.pdf,,,data/raw/ntpc/documents/29808_NIT_Download.pdf,612009
29809,nit_document,NIT Download,https://ntpctender.ntpc.co.in/Uploads/job_45443.pdf,,,data/raw/ntpc/documents/29809_NIT_Download.pdf,1091970
29810,nit_document,NIT Download,https://ntpctender.ntpc.co.in/Uploads/job_45442.pdf,,,data/raw/ntpc/documents/29810_NIT_Download.pdf,216952
29811,nit_document,NIT Download,https://ntpctender.ntpc.co.in/Uploads/job_45441.pdf,,,data/raw/ntpc/documents/29811_NIT_Download.pdf,222583
29812,nit_document,NIT Download,https://ntpctender.ntpc.co.in/Uploads/job_45457.pdf,,,data/raw/ntpc/documents/29812_NIT_Download.pdf,314422
29813,nit_document,NIT Download,https://ntpctender.ntpc.co.in/Uploads/job_45458.pdf,,,data/raw/ntpc/documents/29813_NIT_Download.pdf,216236
29814,nit_document,NIT Download,https://ntpctender.ntpc.co.in/Uploads/job_45459.pdf,,,data/raw/ntpc/documents/29814_NIT_Download.pdf,582676
29815,nit_document,NIT Download,https://ntpctender.ntpc.co.in/Uploads/job_45460.pdf,,,data/raw/ntpc/documents/29815_NIT_Download.pdf,111934
29816,nit_document,NIT Download,https://ntpctender.ntpc.co.in/Uploads/job_45461.pdf,,,data/raw/ntpc/documents/29816_NIT_Download.pdf,98374
29817,nit_document,NIT Download,https://ntpctender.ntpc.co.in/Uploads/job_45462.pdf,,,data/raw/ntpc/documents/29817_NIT_Download.pdf,224578
29817,corrigendum,cor_29817_8_1.pdf,https://ntpctender.ntpc.co.in/Uploads/cor_29817_8_1.pdf,8,2026-07-16T09:45:00,data/raw/ntpc/documents/29817_cor_29817_8_1.pdf,1303307
29818,nit_document,NIT Download,https://ntpctender.ntpc.co.in/Uploads/job_45463.pdf,,,data/raw/ntpc/documents/29818_NIT_Download.pdf,189858
29819,nit_document,NIT Download,https://ntpctender.ntpc.co.in/Uploads/job_45464.pdf,,,data/raw/ntpc/documents/29819_NIT_Download.pdf,782027
29820,nit_document,NIT Download,https://ntpctender.ntpc.co.in/Uploads/job_45465.pdf,,,data/raw/ntpc/documents/29820_NIT_Download.pdf,172059
29821,nit_document,NIT Download,https://ntpctender.ntpc.co.in/Uploads/job_45466.pdf,,,data/raw/ntpc/documents/29821_NIT_Download.pdf,138933
29822,nit_document,NIT Download,https://ntpctender.ntpc.co.in/Uploads/job_45467.pdf,,,data/raw/ntpc/documents/29822_NIT_Download.pdf,101271
29823,nit_document,NIT Download,https://ntpctender.ntpc.co.in/Uploads/job_45468.pdf,,,data/raw/ntpc/documents/29823_NIT_Download.pdf,104494
29824,nit_document,NIT Download,https://ntpctender.ntpc.co.in/Uploads/job_45469.pdf,,,data/raw/ntpc/documents/29824_NIT_Download.pdf,533352
29824,nit_document,Click here to view Salient Technical Features,https://ntpctender.ntpc.co.in/Uploads/tech_job_45469.pdf,,,data/raw/ntpc/documents/29824_Click_here_to_view_Salient_Technical_Features.pdf,131905
29824,corrigendum,cor_29824_4_1.pdf,https://ntpctender.ntpc.co.in/Uploads/cor_29824_4_1.pdf,4,2026-07-17T12:35:00,data/raw/ntpc/documents/29824_cor_29824_4_1.pdf,293210
29825,nit_document,NIT Download,https://ntpctender.ntpc.co.in/Uploads/job_45470.pdf,,,data/raw/ntpc/documents/29825_NIT_Download.pdf,357338
29826,nit_document,NIT Download,https://ntpctender.ntpc.co.in/Uploads/job_45471.pdf,,,data/raw/ntpc/documents/29826_NIT_Download.pdf,104434
29827,nit_document,NIT Download,https://ntpctender.ntpc.co.in/Uploads/job_45472.pdf,,,data/raw/ntpc/documents/29827_NIT_Download.pdf,101321
29828,nit_document,NIT Download,https://ntpctender.ntpc.co.in/Uploads/job_45473.pdf,,,data/raw/ntpc/documents/29828_NIT_Download.pdf,169693
29829,nit_document,NIT Download,https://ntpctender.ntpc.co.in/Uploads/job_45474.pdf,,,data/raw/ntpc/documents/29829_NIT_Download.pdf,610690
29830,nit_document,NIT Download,https://ntpctender.ntpc.co.in/Uploads/job_45475.pdf,,,data/raw/ntpc/documents/29830_NIT_Download.pdf,491565
29831,nit_document,NIT Download,https://ntpctender.ntpc.co.in/Uploads/job_45476.pdf,,,data/raw/ntpc/documents/29831_NIT_Download.pdf,366573
29832,nit_document,NIT Download,https://ntpctender.ntpc.co.in/Uploads/job_45477.pdf,,,data/raw/ntpc/documents/29832_NIT_Download.pdf,145242
29833,nit_document,NIT Download,https://ntpctender.ntpc.co.in/Uploads/job_45478.pdf,,,data/raw/ntpc/documents/29833_NIT_Download.pdf,475390
29834,nit_document,NIT Download,https://ntpctender.ntpc.co.in/Uploads/job_45479.pdf,,,data/raw/ntpc/documents/29834_NIT_Download.pdf,487814
29834,nit_document,Click here to view Salient Technical Features,https://ntpctender.ntpc.co.in/Uploads/tech_job_45479.pdf,,,data/raw/ntpc/documents/29834_Click_here_to_view_Salient_Technical_Features.pdf,95697
29834,corrigendum,cor_29834_1_1.pdf,https://ntpctender.ntpc.co.in/Uploads/cor_29834_1_1.pdf,1,2026-05-16T12:05:00,data/raw/ntpc/documents/29834_cor_29834_1_1.pdf,149567
29835,nit_document,NIT Download,https://ntpctender.ntpc.co.in/Uploads/job_45480.pdf,,,data/raw/ntpc/documents/29835_NIT_Download.pdf,756088
29836,nit_document,NIT Download,https://ntpctender.ntpc.co.in/Uploads/job_45481.pdf,,,data/raw/ntpc/documents/29836_NIT_Download.pdf,316074
29837,nit_document,NIT Download,https://ntpctender.ntpc.co.in/Uploads/job_45482.pdf,,,data/raw/ntpc/documents/29837_NIT_Download.pdf,151407
29838,nit_document,NIT Download,https://ntpctender.ntpc.co.in/Uploads/job_45483.pdf,,,data/raw/ntpc/documents/29838_NIT_Download.pdf,104095
29839,nit_document,NIT Download,https://ntpctender.ntpc.co.in/Uploads/job_45484.pdf,,,data/raw/ntpc/documents/29839_NIT_Download.pdf,189120
29840,nit_document,NIT Download,https://ntpctender.ntpc.co.in/Uploads/job_45485.pdf,,,data/raw/ntpc/documents/29840_NIT_Download.pdf,171605
29841,nit_document,NIT Download,https://ntpctender.ntpc.co.in/Uploads/job_45486.pdf,,,data/raw/ntpc/documents/29841_NIT_Download.pdf,100139
29842,nit_document,NIT Download,https://ntpctender.ntpc.co.in/Uploads/job_45487.pdf,,,data/raw/ntpc/documents/29842_NIT_Download.pdf,140387
29843,nit_document,NIT Download,https://ntpctender.ntpc.co.in/Uploads/job_45488.pdf,,,data/raw/ntpc/documents/29843_NIT_Download.pdf,103768
29844,nit_document,NIT Download,https://ntpctender.ntpc.co.in/Uploads/job_45489.pdf,,,data/raw/ntpc/documents/29844_NIT_Download.pdf,106075
29844,corrigendum,cor_29844_1_1.pdf,https://ntpctender.ntpc.co.in/Uploads/cor_29844_1_1.pdf,1,2026-05-20T17:35:00,data/raw/ntpc/documents/29844_cor_29844_1_1.pdf,48688
29845,nit_document,NIT Download,https://ntpctender.ntpc.co.in/Uploads/job_45490.pdf,,,data/raw/ntpc/documents/29845_NIT_Download.pdf,358516
29845,corrigendum,cor_29845_1_1.pdf,https://ntpctender.ntpc.co.in/Uploads/cor_29845_1_1.pdf,1,2026-06-11T12:25:00,data/raw/ntpc/documents/29845_cor_29845_1_1.pdf,55560
29846,nit_document,NIT Download,https://ntpctender.ntpc.co.in/Uploads/job_45491.pdf,,,data/raw/ntpc/documents/29846_NIT_Download.pdf,163035
29847,nit_document,NIT Download,https://ntpctender.ntpc.co.in/Uploads/job_45492.pdf,,,data/raw/ntpc/documents/29847_NIT_Download.pdf,245464
29848,nit_document,NIT Download,https://ntpctender.ntpc.co.in/Uploads/job_45493.pdf,,,data/raw/ntpc/documents/29848_NIT_Download.pdf,954021
29848,corrigendum,cor_29848_2_1.pdf,https://ntpctender.ntpc.co.in/Uploads/cor_29848_2_1.pdf,2,2026-06-23T09:15:00,data/raw/ntpc/documents/29848_cor_29848_2_1.pdf,803460
29849,nit_document,NIT Download,https://ntpctender.ntpc.co.in/Uploads/job_45494.pdf,,,data/raw/ntpc/documents/29849_NIT_Download.pdf,104033
29849,corrigendum,cor_29849_1_1.pdf,https://ntpctender.ntpc.co.in/Uploads/cor_29849_1_1.pdf,1,2026-05-27T14:55:00,data/raw/ntpc/documents/29849_cor_29849_1_1.pdf,155886
29850,nit_document,NIT Download,https://ntpctender.ntpc.co.in/Uploads/job_45495.pdf,,,data/raw/ntpc/documents/29850_NIT_Download.pdf,858906
29851,nit_document,NIT Download,https://ntpctender.ntpc.co.in/Uploads/job_45496.pdf,,,data/raw/ntpc/documents/29851_NIT_Download.pdf,270365
29852,nit_document,NIT Download,https://ntpctender.ntpc.co.in/Uploads/job_45497.pdf,,,data/raw/ntpc/documents/29852_NIT_Download.pdf,177103
29853,nit_document,NIT Download,https://ntpctender.ntpc.co.in/Uploads/job_45498.pdf,,,data/raw/ntpc/documents/29853_NIT_Download.pdf,150284
29854,nit_document,NIT Download,https://ntpctender.ntpc.co.in/Uploads/job_45499.pdf,,,data/raw/ntpc/documents/29854_NIT_Download.pdf,199354
29855,nit_document,NIT Download,https://ntpctender.ntpc.co.in/Uploads/job_45500.pdf,,,data/raw/ntpc/documents/29855_NIT_Download.pdf,727053
29856,nit_document,NIT Download,https://ntpctender.ntpc.co.in/Uploads/job_45501.pdf,,,data/raw/ntpc/documents/29856_NIT_Download.pdf,187846
29857,nit_document,NIT Download,https://ntpctender.ntpc.co.in/Uploads/job_45502.pdf,,,data/raw/ntpc/documents/29857_NIT_Download.pdf,98934
29858,nit_document,NIT Download,https://ntpctender.ntpc.co.in/Uploads/job_45503.pdf,,,data/raw/ntpc/documents/29858_NIT_Download.pdf,296854
29859,nit_document,NIT Download,https://ntpctender.ntpc.co.in/Uploads/job_45504.pdf,,,data/raw/ntpc/documents/29859_NIT_Download.pdf,145292
29860,nit_document,NIT Download,https://ntpctender.ntpc.co.in/Uploads/job_45505.pdf,,,data/raw/ntpc/documents/29860_NIT_Download.pdf,108554
29861,nit_document,NIT Download,https://ntpctender.ntpc.co.in/Uploads/job_45506.pdf,,,data/raw/ntpc/documents/29861_NIT_Download.pdf,387403
29861,nit_document,Click here to view Salient Technical Features,https://ntpctender.ntpc.co.in/Uploads/tech_job_45506.pdf,,,data/raw/ntpc/documents/29861_Click_here_to_view_Salient_Technical_Features.pdf,318801
29861,corrigendum,cor_29861_1_1.pdf,https://ntpctender.ntpc.co.in/Uploads/cor_29861_1_1.pdf,1,2026-06-08T10:55:00,data/raw/ntpc/documents/29861_cor_29861_1_1.pdf,19598
29862,nit_document,NIT Download,https://ntpctender.ntpc.co.in/Uploads/job_45507.pdf,,,data/raw/ntpc/documents/29862_NIT_Download.pdf,104495
29863,nit_document,NIT Download,https://ntpctender.ntpc.co.in/Uploads/job_45508.pdf,,,data/raw/ntpc/documents/29863_NIT_Download.pdf,100856
29864,nit_document,NIT Download,https://ntpctender.ntpc.co.in/Uploads/job_45509.pdf,,,data/raw/ntpc/documents/29864_NIT_Download.pdf,950197
29865,nit_document,NIT Download,https://ntpctender.ntpc.co.in/Uploads/job_45510.pdf,,,data/raw/ntpc/documents/29865_NIT_Download.pdf,293700
29866,nit_document,NIT Download,https://ntpctender.ntpc.co.in/Uploads/job_45511.pdf,,,data/raw/ntpc/documents/29866_NIT_Download.pdf,157974
29866,corrigendum,cor_29866_1_1.pdf,https://ntpctender.ntpc.co.in/Uploads/cor_29866_1_1.pdf,1,2026-05-30T16:20:00,data/raw/ntpc/documents/29866_cor_29866_1_1.pdf,89488
29867,nit_document,NIT Download,https://ntpctender.ntpc.co.in/Uploads/job_45512.pdf,,,data/raw/ntpc/documents/29867_NIT_Download.pdf,702012
29868,nit_document,NIT Download,https://ntpctender.ntpc.co.in/Uploads/job_45513.pdf,,,data/raw/ntpc/documents/29868_NIT_Download.pdf,837900
29868,corrigendum,cor_29868_2_1.pdf,https://ntpctender.ntpc.co.in/Uploads/cor_29868_2_1.pdf,2,2026-06-17T10:55:00,data/raw/ntpc/documents/29868_cor_29868_2_1.pdf,55113
29869,nit_document,NIT Download,https://ntpctender.ntpc.co.in/Uploads/job_45514.pdf,,,data/raw/ntpc/documents/29869_NIT_Download.pdf,552915
29869,corrigendum,cor_29869_1_1.pdf,https://ntpctender.ntpc.co.in/Uploads/cor_29869_1_1.pdf,1,2026-07-14T13:00:00,data/raw/ntpc/documents/29869_cor_29869_1_1.pdf,552915
29870,nit_document,NIT Download,https://ntpctender.ntpc.co.in/Uploads/job_45515.pdf,,,data/raw/ntpc/documents/29870_NIT_Download.pdf,113935
29870,corrigendum,cor_29870_1_1.pdf,https://ntpctender.ntpc.co.in/Uploads/cor_29870_1_1.pdf,1,2026-06-17T10:05:00,data/raw/ntpc/documents/29870_cor_29870_1_1.pdf,53535
29871,nit_document,NIT Download,https://ntpctender.ntpc.co.in/Uploads/job_45516.pdf,,,data/raw/ntpc/documents/29871_NIT_Download.pdf,123512
29872,nit_document,NIT Download,https://ntpctender.ntpc.co.in/Uploads/job_45517.pdf,,,data/raw/ntpc/documents/29872_NIT_Download.pdf,915366
29873,nit_document,NIT Download,https://ntpctender.ntpc.co.in/Uploads/job_45518.pdf,,,data/raw/ntpc/documents/29873_NIT_Download.pdf,326259
29873,nit_document,Click here to view Salient Technical Features,https://ntpctender.ntpc.co.in/Uploads/tech_job_45518.pdf,,,data/raw/ntpc/documents/29873_Click_here_to_view_Salient_Technical_Features.pdf,121096
29874,nit_document,NIT Download,https://ntpctender.ntpc.co.in/Uploads/job_45519.pdf,,,data/raw/ntpc/documents/29874_NIT_Download.pdf,143728
29875,nit_document,NIT Download,https://ntpctender.ntpc.co.in/Uploads/job_45520.pdf,,,data/raw/ntpc/documents/29875_NIT_Download.pdf,848745
29876,nit_document,NIT Download,https://ntpctender.ntpc.co.in/Uploads/job_45521.pdf,,,data/raw/ntpc/documents/29876_NIT_Download.pdf,105189
29876,corrigendum,cor_29876_1_1.pdf,https://ntpctender.ntpc.co.in/Uploads/cor_29876_1_1.pdf,1,2026-06-15T12:40:00,data/raw/ntpc/documents/29876_cor_29876_1_1.pdf,50850
29877,nit_document,NIT Download,https://ntpctender.ntpc.co.in/Uploads/job_45522.pdf,,,data/raw/ntpc/documents/29877_NIT_Download.pdf,632910
29878,nit_document,NIT Download,https://ntpctender.ntpc.co.in/Uploads/job_45523.pdf,,,data/raw/ntpc/documents/29878_NIT_Download.pdf,105243
29879,nit_document,NIT Download,https://ntpctender.ntpc.co.in/Uploads/job_45524.pdf,,,data/raw/ntpc/documents/29879_NIT_Download.pdf,17027789
29880,nit_document,NIT Download,https://ntpctender.ntpc.co.in/Uploads/job_45525.pdf,,,data/raw/ntpc/documents/29880_NIT_Download.pdf,133345
29881,nit_document,NIT Download,https://ntpctender.ntpc.co.in/Uploads/job_45526.pdf,,,data/raw/ntpc/documents/29881_NIT_Download.pdf,100405
29881,corrigendum,cor_29881_1_1.pdf,https://ntpctender.ntpc.co.in/Uploads/cor_29881_1_1.pdf,1,2026-06-02T09:45:00,data/raw/ntpc/documents/29881_cor_29881_1_1.pdf,45185
29882,nit_document,NIT Download,https://ntpctender.ntpc.co.in/Uploads/job_45527.pdf,,,data/raw/ntpc/documents/29882_NIT_Download.pdf,530405
29883,nit_document,NIT Download,https://ntpctender.ntpc.co.in/Uploads/job_45528.pdf,,,data/raw/ntpc/documents/29883_NIT_Download.pdf,123730
29884,nit_document,NIT Download,https://ntpctender.ntpc.co.in/Uploads/job_45529.pdf,,,data/raw/ntpc/documents/29884_NIT_Download.pdf,107601
29885,nit_document,NIT Download,https://ntpctender.ntpc.co.in/Uploads/job_45530.pdf,,,data/raw/ntpc/documents/29885_NIT_Download.pdf,232492
29886,nit_document,NIT Download,https://ntpctender.ntpc.co.in/Uploads/job_45531.pdf,,,data/raw/ntpc/documents/29886_NIT_Download.pdf,233661
29887,nit_document,NIT Download,https://ntpctender.ntpc.co.in/Uploads/job_45532.pdf,,,data/raw/ntpc/documents/29887_NIT_Download.pdf,144776
29888,nit_document,NIT Download,https://ntpctender.ntpc.co.in/Uploads/job_45533.pdf,,,data/raw/ntpc/documents/29888_NIT_Download.pdf,109005
29889,nit_document,NIT Download,https://ntpctender.ntpc.co.in/Uploads/job_45534.pdf,,,data/raw/ntpc/documents/29889_NIT_Download.pdf,102248
29890,nit_document,NIT Download,https://ntpctender.ntpc.co.in/Uploads/job_45535.pdf,,,data/raw/ntpc/documents/29890_NIT_Download.pdf,945534
29891,nit_document,NIT Download,https://ntpctender.ntpc.co.in/Uploads/job_45536.pdf,,,data/raw/ntpc/documents/29891_NIT_Download.pdf,100003
29891,corrigendum,cor_29891_1_1.pdf,https://ntpctender.ntpc.co.in/Uploads/cor_29891_1_1.pdf,1,2026-06-09T12:40:00,data/raw/ntpc/documents/29891_cor_29891_1_1.pdf,44958
29892,nit_document,NIT Download,https://ntpctender.ntpc.co.in/Uploads/job_45537.pdf,,,data/raw/ntpc/documents/29892_NIT_Download.pdf,104965
29893,nit_document,NIT Download,https://ntpctender.ntpc.co.in/Uploads/job_45538.pdf,,,data/raw/ntpc/documents/29893_NIT_Download.pdf,518851
29894,nit_document,NIT Download,https://ntpctender.ntpc.co.in/Uploads/job_45539.pdf,,,data/raw/ntpc/documents/29894_NIT_Download.pdf,101750
29894,corrigendum,cor_29894_2_1.pdf,https://ntpctender.ntpc.co.in/Uploads/cor_29894_2_1.pdf,2,2026-06-26T10:00:00,data/raw/ntpc/documents/29894_cor_29894_2_1.pdf,96513
29895,nit_document,NIT Download,https://ntpctender.ntpc.co.in/Uploads/job_45540.pdf,,,data/raw/ntpc/documents/29895_NIT_Download.pdf,426576
29896,nit_document,NIT Download,https://ntpctender.ntpc.co.in/Uploads/job_45541.pdf,,,data/raw/ntpc/documents/29896_NIT_Download.pdf,924905
29897,nit_document,NIT Download,https://ntpctender.ntpc.co.in/Uploads/job_45542.pdf,,,data/raw/ntpc/documents/29897_NIT_Download.pdf,1246843
29897,corrigendum,cor_29897_1_1.pdf,https://ntpctender.ntpc.co.in/Uploads/cor_29897_1_1.pdf,1,2026-06-21T19:30:00,data/raw/ntpc/documents/29897_cor_29897_1_1.pdf,1830656
29898,nit_document,NIT Download,https://ntpctender.ntpc.co.in/Uploads/job_45543.pdf,,,data/raw/ntpc/documents/29898_NIT_Download.pdf,1328024
29899,nit_document,NIT Download,https://ntpctender.ntpc.co.in/Uploads/job_45544.pdf,,,data/raw/ntpc/documents/29899_NIT_Download.pdf,99460
29900,nit_document,NIT Download,https://ntpctender.ntpc.co.in/Uploads/job_45545.pdf,,,data/raw/ntpc/documents/29900_NIT_Download.pdf,98440
29901,nit_document,NIT Download,https://ntpctender.ntpc.co.in/Uploads/job_45546.pdf,,,data/raw/ntpc/documents/29901_NIT_Download.pdf,147495
29902,nit_document,NIT Download,https://ntpctender.ntpc.co.in/Uploads/job_45547.pdf,,,data/raw/ntpc/documents/29902_NIT_Download.pdf,258388
29903,nit_document,NIT Download,https://ntpctender.ntpc.co.in/Uploads/job_45548.pdf,,,data/raw/ntpc/documents/29903_NIT_Download.pdf,159861
29904,nit_document,NIT Download,https://ntpctender.ntpc.co.in/Uploads/job_45549.pdf,,,data/raw/ntpc/documents/29904_NIT_Download.pdf,244585
29905,nit_document,NIT Download,https://ntpctender.ntpc.co.in/Uploads/job_45550.pdf,,,data/raw/ntpc/documents/29905_NIT_Download.pdf,1637289
29905,corrigendum,cor_29905_7_1.pdf,https://ntpctender.ntpc.co.in/Uploads/cor_29905_7_1.pdf,7,2026-08-13T17:00:00,data/raw/ntpc/documents/29905_cor_29905_7_1.pdf,1866877
29906,nit_document,NIT Download,https://ntpctender.ntpc.co.in/Uploads/job_45551.pdf,,,data/raw/ntpc/documents/29906_NIT_Download.pdf,957154
29907,nit_document,NIT Download,https://ntpctender.ntpc.co.in/Uploads/job_45552.pdf,,,data/raw/ntpc/documents/29907_NIT_Download.pdf,133321
29908,nit_document,NIT Download,https://ntpctender.ntpc.co.in/Uploads/job_45553.pdf,,,data/raw/ntpc/documents/29908_NIT_Download.pdf,113435
29909,nit_document,NIT Download,https://ntpctender.ntpc.co.in/Uploads/job_45560.pdf,,,data/raw/ntpc/documents/29909_NIT_Download.pdf,893436
29910,nit_document,NIT Download,https://ntpctender.ntpc.co.in/Uploads/job_45559.pdf,,,data/raw/ntpc/documents/29910_NIT_Download.pdf,169584
29911,nit_document,NIT Download,https://ntpctender.ntpc.co.in/Uploads/job_45558.pdf,,,data/raw/ntpc/documents/29911_NIT_Download.pdf,2287866
29912,nit_document,NIT Download,https://ntpctender.ntpc.co.in/Uploads/job_45557.pdf,,,data/raw/ntpc/documents/29912_NIT_Download.pdf,391514
29913,nit_document,NIT Download,https://ntpctender.ntpc.co.in/Uploads/job_45556.pdf,,,data/raw/ntpc/documents/29913_NIT_Download.pdf,19437
29914,nit_document,NIT Download,https://ntpctender.ntpc.co.in/Uploads/job_45555.pdf,,,data/raw/ntpc/documents/29914_NIT_Download.pdf,175100
29915,nit_document,NIT Download,https://ntpctender.ntpc.co.in/Uploads/job_45554.pdf,,,data/raw/ntpc/documents/29915_NIT_Download.pdf,173977
29916,nit_document,NIT Download,https://ntpctender.ntpc.co.in/Uploads/job_45561.pdf,,,data/raw/ntpc/documents/29916_NIT_Download.pdf,881003
29917,nit_document,NIT Download,https://ntpctender.ntpc.co.in/Uploads/job_45562.pdf,,,data/raw/ntpc/documents/29917_NIT_Download.pdf,582853
29917,nit_document,Click here to view Salient Technical Features,https://ntpctender.ntpc.co.in/Uploads/tech_job_45562.pdf,,,data/raw/ntpc/documents/29917_Click_here_to_view_Salient_Technical_Features.pdf,260226
29917,corrigendum,cor_29917_1_1.pdf,https://ntpctender.ntpc.co.in/Uploads/cor_29917_1_1.pdf,1,2026-06-19T12:20:00,data/raw/ntpc/documents/29917_cor_29917_1_1.pdf,163906
29918,nit_document,NIT Download,https://ntpctender.ntpc.co.in/Uploads/job_45563.pdf,,,data/raw/ntpc/documents/29918_NIT_Download.pdf,525017
29918,nit_document,Click here to view Salient Technical Features,https://ntpctender.ntpc.co.in/Uploads/tech_job_45563.pdf,,,data/raw/ntpc/documents/29918_Click_here_to_view_Salient_Technical_Features.pdf,427480
29918,corrigendum,cor_29918_2_1.pdf,https://ntpctender.ntpc.co.in/Uploads/cor_29918_2_1.pdf,2,2026-06-17T21:45:00,data/raw/ntpc/documents/29918_cor_29918_2_1.pdf,147782
29919,nit_document,NIT Download,https://ntpctender.ntpc.co.in/Uploads/job_45564.pdf,,,data/raw/ntpc/documents/29919_NIT_Download.pdf,1365976
29920,nit_document,NIT Download,https://ntpctender.ntpc.co.in/Uploads/job_45565.pdf,,,data/raw/ntpc/documents/29920_NIT_Download.pdf,158769
29921,nit_document,NIT Download,https://ntpctender.ntpc.co.in/Uploads/job_45566.pdf,,,data/raw/ntpc/documents/29921_NIT_Download.pdf,100719
29922,nit_document,NIT Download,https://ntpctender.ntpc.co.in/Uploads/job_45567.pdf,,,data/raw/ntpc/documents/29922_NIT_Download.pdf,97007
29923,nit_document,NIT Download,https://ntpctender.ntpc.co.in/Uploads/job_45568.pdf,,,data/raw/ntpc/documents/29923_NIT_Download.pdf,819081
29924,nit_document,NIT Download,https://ntpctender.ntpc.co.in/Uploads/job_45569.pdf,,,data/raw/ntpc/documents/29924_NIT_Download.pdf,209399
29925,nit_document,NIT Download,https://ntpctender.ntpc.co.in/Uploads/job_45570.pdf,,,data/raw/ntpc/documents/29925_NIT_Download.pdf,507767
29926,nit_document,NIT Download,https://ntpctender.ntpc.co.in/Uploads/job_45571.pdf,,,data/raw/ntpc/documents/29926_NIT_Download.pdf,157702
29929,nit_document,NIT Download,https://ntpctender.ntpc.co.in/Uploads/job_45574.pdf,,,data/raw/ntpc/documents/29929_NIT_Download.pdf,100430
29930,nit_document,NIT Download,https://ntpctender.ntpc.co.in/Uploads/job_45575.pdf,,,data/raw/ntpc/documents/29930_NIT_Download.pdf,202150
29931,nit_document,NIT Download,https://ntpctender.ntpc.co.in/Uploads/job_45576.pdf,,,data/raw/ntpc/documents/29931_NIT_Download.pdf,757746
29931,nit_document,Click here to view Salient Technical Features,https://ntpctender.ntpc.co.in/Uploads/tech_job_45576.pdf,,,data/raw/ntpc/documents/29931_Click_here_to_view_Salient_Technical_Features.pdf,64139
29932,nit_document,NIT Download,https://ntpctender.ntpc.co.in/Uploads/job_45577.pdf,,,data/raw/ntpc/documents/29932_NIT_Download.pdf,1207217
29933,nit_document,NIT Download,https://ntpctender.ntpc.co.in/Uploads/job_45578.pdf,,,data/raw/ntpc/documents/29933_NIT_Download.pdf,715082
29934,nit_document,NIT Download,https://ntpctender.ntpc.co.in/Uploads/job_45579.pdf,,,data/raw/ntpc/documents/29934_NIT_Download.pdf,103103
29935,nit_document,NIT Download,https://ntpctender.ntpc.co.in/Uploads/job_45580.pdf,,,data/raw/ntpc/documents/29935_NIT_Download.pdf,1114310
29936,nit_document,NIT Download,https://ntpctender.ntpc.co.in/Uploads/job_45581.pdf,,,data/raw/ntpc/documents/29936_NIT_Download.pdf,131224
29937,nit_document,NIT Download,https://ntpctender.ntpc.co.in/Uploads/job_45582.pdf,,,data/raw/ntpc/documents/29937_NIT_Download.pdf,116468
29938,nit_document,NIT Download,https://ntpctender.ntpc.co.in/Uploads/job_45583.pdf,,,data/raw/ntpc/documents/29938_NIT_Download.pdf,121383
29939,nit_document,NIT Download,https://ntpctender.ntpc.co.in/Uploads/job_45584.pdf,,,data/raw/ntpc/documents/29939_NIT_Download.pdf,9516000
29940,nit_document,NIT Download,https://ntpctender.ntpc.co.in/Uploads/job_45585.pdf,,,data/raw/ntpc/documents/29940_NIT_Download.pdf,130431
29941,nit_document,NIT Download,https://ntpctender.ntpc.co.in/Uploads/job_45586.pdf,,,data/raw/ntpc/documents/29941_NIT_Download.pdf,100211
29942,nit_document,NIT Download,https://ntpctender.ntpc.co.in/Uploads/job_45587.pdf,,,data/raw/ntpc/documents/29942_NIT_Download.pdf,928384
29943,nit_document,NIT Download,https://ntpctender.ntpc.co.in/Uploads/job_45588.pdf,,,data/raw/ntpc/documents/29943_NIT_Download.pdf,107814
29944,nit_document,NIT Download,https://ntpctender.ntpc.co.in/Uploads/job_45589.pdf,,,data/raw/ntpc/documents/29944_NIT_Download.pdf,197273
29944,corrigendum,cor_29944_4_1.pdf,https://ntpctender.ntpc.co.in/Uploads/cor_29944_4_1.pdf,4,2026-07-23T10:00:00,data/raw/ntpc/documents/29944_cor_29944_4_1.pdf,1906085
29945,nit_document,NIT Download,https://ntpctender.ntpc.co.in/Uploads/job_45590.pdf,,,data/raw/ntpc/documents/29945_NIT_Download.pdf,214223
29946,nit_document,NIT Download,https://ntpctender.ntpc.co.in/Uploads/job_45591.pdf,,,data/raw/ntpc/documents/29946_NIT_Download.pdf,99703
29947,nit_document,NIT Download,https://ntpctender.ntpc.co.in/Uploads/job_45592.pdf,,,data/raw/ntpc/documents/29947_NIT_Download.pdf,135561
29948,nit_document,NIT Download,https://ntpctender.ntpc.co.in/Uploads/job_45593.pdf,,,data/raw/ntpc/documents/29948_NIT_Download.pdf,373936
29949,nit_document,NIT Download,https://ntpctender.ntpc.co.in/Uploads/job_45594.pdf,,,data/raw/ntpc/documents/29949_NIT_Download.pdf,97925
29950,nit_document,NIT Download,https://ntpctender.ntpc.co.in/Uploads/job_45595.pdf,,,data/raw/ntpc/documents/29950_NIT_Download.pdf,1923192
29951,nit_document,NIT Download,https://ntpctender.ntpc.co.in/Uploads/job_45596.pdf,,,data/raw/ntpc/documents/29951_NIT_Download.pdf,1069013
29951,nit_document,Click here to view Salient Technical Features,https://ntpctender.ntpc.co.in/Uploads/tech_job_45596.pdf,,,data/raw/ntpc/documents/29951_Click_here_to_view_Salient_Technical_Features.pdf,128824
29951,corrigendum,cor_29951_1_1.pdf,https://ntpctender.ntpc.co.in/Uploads/cor_29951_1_1.pdf,1,2026-07-15T13:40:00,data/raw/ntpc/documents/29951_cor_29951_1_1.pdf,1069013
29952,nit_document,NIT Download,https://ntpctender.ntpc.co.in/Uploads/job_45597.pdf,,,data/raw/ntpc/documents/29952_NIT_Download.pdf,140601
29953,nit_document,NIT Download,https://ntpctender.ntpc.co.in/Uploads/job_45598.pdf,,,data/raw/ntpc/documents/29953_NIT_Download.pdf,1560297
29953,corrigendum,cor_29953_1_1.pdf,https://ntpctender.ntpc.co.in/Uploads/cor_29953_1_1.pdf,1,2026-07-02T09:55:00,data/raw/ntpc/documents/29953_cor_29953_1_1.pdf,619871
29954,nit_document,NIT Download,https://ntpctender.ntpc.co.in/Uploads/job_45599.pdf,,,data/raw/ntpc/documents/29954_NIT_Download.pdf,184114
29955,nit_document,NIT Download,https://ntpctender.ntpc.co.in/Uploads/job_45600.pdf,,,data/raw/ntpc/documents/29955_NIT_Download.pdf,452754
29956,nit_document,NIT Download,https://ntpctender.ntpc.co.in/Uploads/job_45601.pdf,,,data/raw/ntpc/documents/29956_NIT_Download.pdf,100006
29957,nit_document,NIT Download,https://ntpctender.ntpc.co.in/Uploads/job_45602.pdf,,,data/raw/ntpc/documents/29957_NIT_Download.pdf,333516
29958,nit_document,NIT Download,https://ntpctender.ntpc.co.in/Uploads/job_45603.pdf,,,data/raw/ntpc/documents/29958_NIT_Download.pdf,861694
29959,nit_document,NIT Download,https://ntpctender.ntpc.co.in/Uploads/job_45604.pdf,,,data/raw/ntpc/documents/29959_NIT_Download.pdf,105128
29960,nit_document,NIT Download,https://ntpctender.ntpc.co.in/Uploads/job_45605.pdf,,,data/raw/ntpc/documents/29960_NIT_Download.pdf,116264
29961,nit_document,NIT Download,https://ntpctender.ntpc.co.in/Uploads/job_45606.pdf,,,data/raw/ntpc/documents/29961_NIT_Download.pdf,217220
29962,nit_document,NIT Download,https://ntpctender.ntpc.co.in/Uploads/job_45607.pdf,,,data/raw/ntpc/documents/29962_NIT_Download.pdf,493987
29963,nit_document,NIT Download,https://ntpctender.ntpc.co.in/Uploads/job_45608.pdf,,,data/raw/ntpc/documents/29963_NIT_Download.pdf,92530
29963,nit_document,Click here to view Salient Technical Features,https://ntpctender.ntpc.co.in/Uploads/tech_job_45608.pdf,,,data/raw/ntpc/documents/29963_Click_here_to_view_Salient_Technical_Features.pdf,81258
29964,nit_document,NIT Download,https://ntpctender.ntpc.co.in/Uploads/job_45609.pdf,,,data/raw/ntpc/documents/29964_NIT_Download.pdf,1299915
29964,nit_document,Click here to view Salient Technical Features,https://ntpctender.ntpc.co.in/Uploads/tech_job_45609.pdf,,,data/raw/ntpc/documents/29964_Click_here_to_view_Salient_Technical_Features.pdf,129546
29964,corrigendum,cor_29964_1_1.pdf,https://ntpctender.ntpc.co.in/Uploads/cor_29964_1_1.pdf,1,2026-07-17T11:20:00,data/raw/ntpc/documents/29964_cor_29964_1_1.pdf,447931
29965,nit_document,NIT Download,https://ntpctender.ntpc.co.in/Uploads/job_45610.pdf,,,data/raw/ntpc/documents/29965_NIT_Download.pdf,1203067
29967,nit_document,NIT Download,https://ntpctender.ntpc.co.in/Uploads/job_45612.pdf,,,data/raw/ntpc/documents/29967_NIT_Download.pdf,2126707
29968,nit_document,NIT Download,https://ntpctender.ntpc.co.in/Uploads/job_45613.pdf,,,data/raw/ntpc/documents/29968_NIT_Download.pdf,159095
29969,nit_document,NIT Download,https://ntpctender.ntpc.co.in/Uploads/job_45614.pdf,,,data/raw/ntpc/documents/29969_NIT_Download.pdf,3947765
29969,nit_document,Click here to view Salient Technical Features,https://ntpctender.ntpc.co.in/Uploads/tech_job_45614.pdf,,,data/raw/ntpc/documents/29969_Click_here_to_view_Salient_Technical_Features.pdf,427484
29970,nit_document,NIT Download,https://ntpctender.ntpc.co.in/Uploads/job_45615.pdf,,,data/raw/ntpc/documents/29970_NIT_Download.pdf,209843
29970,corrigendum,cor_29970_1_1.pdf,https://ntpctender.ntpc.co.in/Uploads/cor_29970_1_1.pdf,1,2026-06-23T18:35:00,data/raw/ntpc/documents/29970_cor_29970_1_1.pdf,51512
29971,nit_document,NIT Download,https://ntpctender.ntpc.co.in/Uploads/job_45616.pdf,,,data/raw/ntpc/documents/29971_NIT_Download.pdf,101784
29972,nit_document,NIT Download,https://ntpctender.ntpc.co.in/Uploads/job_45617.pdf,,,data/raw/ntpc/documents/29972_NIT_Download.pdf,278812
29973,nit_document,NIT Download,https://ntpctender.ntpc.co.in/Uploads/job_45618.pdf,,,data/raw/ntpc/documents/29973_NIT_Download.pdf,1907770
29973,nit_document,Click here to view Salient Technical Features,https://ntpctender.ntpc.co.in/Uploads/tech_job_45618.pdf,,,data/raw/ntpc/documents/29973_Click_here_to_view_Salient_Technical_Features.pdf,235976
29973,corrigendum,cor_29973_1_1.pdf,https://ntpctender.ntpc.co.in/Uploads/cor_29973_1_1.pdf,1,2026-07-06T17:45:00,data/raw/ntpc/documents/29973_cor_29973_1_1.pdf,54073
29974,nit_document,NIT Download,https://ntpctender.ntpc.co.in/Uploads/job_45619.pdf,,,data/raw/ntpc/documents/29974_NIT_Download.pdf,107720
29974,corrigendum,cor_29974_1_1.pdf,https://ntpctender.ntpc.co.in/Uploads/cor_29974_1_1.pdf,1,2026-07-01T18:30:00,data/raw/ntpc/documents/29974_cor_29974_1_1.pdf,52771
29975,nit_document,NIT Download,https://ntpctender.ntpc.co.in/Uploads/job_45620.zip,,,data/raw/ntpc/documents/29975_NIT_Download.zip,878376
29976,nit_document,NIT Download,https://ntpctender.ntpc.co.in/Uploads/job_45621.pdf,,,data/raw/ntpc/documents/29976_NIT_Download.pdf,473263
29977,nit_document,NIT Download,https://ntpctender.ntpc.co.in/Uploads/job_45622.pdf,,,data/raw/ntpc/documents/29977_NIT_Download.pdf,2000075
29977,corrigendum,cor_29977_1_1.pdf,https://ntpctender.ntpc.co.in/Uploads/cor_29977_1_1.pdf,1,2026-07-20T15:00:00,data/raw/ntpc/documents/29977_cor_29977_1_1.pdf,49784
29978,nit_document,NIT Download,https://ntpctender.ntpc.co.in/Uploads/job_45623.pdf,,,data/raw/ntpc/documents/29978_NIT_Download.pdf,140976
29979,nit_document,NIT Download,https://ntpctender.ntpc.co.in/Uploads/job_45624.pdf,,,data/raw/ntpc/documents/29979_NIT_Download.pdf,587697
29979,nit_document,Click here to view Salient Technical Features,https://ntpctender.ntpc.co.in/Uploads/tech_job_45624.pdf,,,data/raw/ntpc/documents/29979_Click_here_to_view_Salient_Technical_Features.pdf,37688
29980,nit_document,NIT Download,https://ntpctender.ntpc.co.in/Uploads/job_45625.pdf,,,data/raw/ntpc/documents/29980_NIT_Download.pdf,790481
29981,nit_document,NIT Download,https://ntpctender.ntpc.co.in/Uploads/job_45626.pdf,,,data/raw/ntpc/documents/29981_NIT_Download.pdf,288483
29982,nit_document,NIT Download,https://ntpctender.ntpc.co.in/Uploads/job_45627.pdf,,,data/raw/ntpc/documents/29982_NIT_Download.pdf,116756
29983,nit_document,NIT Download,https://ntpctender.ntpc.co.in/Uploads/job_45628.pdf,,,data/raw/ntpc/documents/29983_NIT_Download.pdf,318171
29984,nit_document,NIT Download,https://ntpctender.ntpc.co.in/Uploads/job_45629.pdf,,,data/raw/ntpc/documents/29984_NIT_Download.pdf,206030
29985,nit_document,NIT Download,https://ntpctender.ntpc.co.in/Uploads/job_45630.pdf,,,data/raw/ntpc/documents/29985_NIT_Download.pdf,6290289
29985,nit_document,Click here to view Salient Technical Features,https://ntpctender.ntpc.co.in/Uploads/tech_job_45630.pdf,,,data/raw/ntpc/documents/29985_Click_here_to_view_Salient_Technical_Features.pdf,141299
29985,corrigendum,cor_29985_4_1.pdf,https://ntpctender.ntpc.co.in/Uploads/cor_29985_4_1.pdf,4,2026-08-20T10:40:00,data/raw/ntpc/documents/29985_cor_29985_4_1.pdf,946512
29986,nit_document,NIT Download,https://ntpctender.ntpc.co.in/Uploads/job_45631.pdf,,,data/raw/ntpc/documents/29986_NIT_Download.pdf,249154
29986,corrigendum,cor_29986_2_1.pdf,https://ntpctender.ntpc.co.in/Uploads/cor_29986_2_1.pdf,2,2026-07-03T15:20:00,data/raw/ntpc/documents/29986_cor_29986_2_1.pdf,113254
29987,nit_document,NIT Download,https://ntpctender.ntpc.co.in/Uploads/job_45632.pdf,,,data/raw/ntpc/documents/29987_NIT_Download.pdf,514890
29988,nit_document,NIT Download,https://ntpctender.ntpc.co.in/Uploads/job_45633.pdf,,,data/raw/ntpc/documents/29988_NIT_Download.pdf,371201
29989,nit_document,NIT Download,https://ntpctender.ntpc.co.in/Uploads/job_45634.pdf,,,data/raw/ntpc/documents/29989_NIT_Download.pdf,1224109
29990,nit_document,NIT Download,https://ntpctender.ntpc.co.in/Uploads/job_45635.pdf,,,data/raw/ntpc/documents/29990_NIT_Download.pdf,713677
29990,nit_document,Click here to view Salient Technical Features,https://ntpctender.ntpc.co.in/Uploads/tech_job_45635.pdf,,,data/raw/ntpc/documents/29990_Click_here_to_view_Salient_Technical_Features.pdf,563256
29990,corrigendum,cor_29990_5_1.pdf,https://ntpctender.ntpc.co.in/Uploads/cor_29990_5_1.pdf,5,2026-08-17T10:00:00,data/raw/ntpc/documents/29990_cor_29990_5_1.pdf,1342901
29991,nit_document,NIT Download,https://ntpctender.ntpc.co.in/Uploads/job_45636.pdf,,,data/raw/ntpc/documents/29991_NIT_Download.pdf,383664
29992,nit_document,NIT Download,https://ntpctender.ntpc.co.in/Uploads/job_45637.pdf,,,data/raw/ntpc/documents/29992_NIT_Download.pdf,239223
29992,corrigendum,cor_29992_1_1.pdf,https://ntpctender.ntpc.co.in/Uploads/cor_29992_1_1.pdf,1,2026-07-10T10:00:00,data/raw/ntpc/documents/29992_cor_29992_1_1.pdf,79106
29993,nit_document,NIT Download,https://ntpctender.ntpc.co.in/Uploads/job_45638.pdf,,,data/raw/ntpc/documents/29993_NIT_Download.pdf,192419
29994,nit_document,NIT Download,https://ntpctender.ntpc.co.in/Uploads/job_45639.pdf,,,data/raw/ntpc/documents/29994_NIT_Download.pdf,99920
29995,nit_document,NIT Download,https://ntpctender.ntpc.co.in/Uploads/job_45640.pdf,,,data/raw/ntpc/documents/29995_NIT_Download.pdf,111227
29996,nit_document,NIT Download,https://ntpctender.ntpc.co.in/Uploads/job_45641.pdf,,,data/raw/ntpc/documents/29996_NIT_Download.pdf,217921
29997,nit_document,NIT Download,https://ntpctender.ntpc.co.in/Uploads/job_45642.pdf,,,data/raw/ntpc/documents/29997_NIT_Download.pdf,637065
29998,nit_document,NIT Download,https://ntpctender.ntpc.co.in/Uploads/job_45643.pdf,,,data/raw/ntpc/documents/29998_NIT_Download.pdf,705289
29999,nit_document,NIT Download,https://ntpctender.ntpc.co.in/Uploads/job_45644.pdf,,,data/raw/ntpc/documents/29999_NIT_Download.pdf,364257
30000,nit_document,NIT Download,https://ntpctender.ntpc.co.in/Uploads/job_45645.pdf,,,data/raw/ntpc/documents/30000_NIT_Download.pdf,189904
30001,nit_document,NIT Download,https://ntpctender.ntpc.co.in/Uploads/job_45646.pdf,,,data/raw/ntpc/documents/30001_NIT_Download.pdf,801216
30002,nit_document,NIT Download,https://ntpctender.ntpc.co.in/Uploads/job_45647.pdf,,,data/raw/ntpc/documents/30002_NIT_Download.pdf,307207
30002,nit_document,Click here to view Salient Technical Features,https://ntpctender.ntpc.co.in/Uploads/tech_job_45647.pdf,,,data/raw/ntpc/documents/30002_Click_here_to_view_Salient_Technical_Features.pdf,22495
30003,nit_document,NIT Download,https://ntpctender.ntpc.co.in/Uploads/job_45648.pdf,,,data/raw/ntpc/documents/30003_NIT_Download.pdf,155748
30004,nit_document,NIT Download,https://ntpctender.ntpc.co.in/Uploads/job_45649.pdf,,,data/raw/ntpc/documents/30004_NIT_Download.pdf,155748
30005,nit_document,NIT Download,https://ntpctender.ntpc.co.in/Uploads/job_45650.pdf,,,data/raw/ntpc/documents/30005_NIT_Download.pdf,365879
30006,nit_document,NIT Download,https://ntpctender.ntpc.co.in/Uploads/job_45651.pdf,,,data/raw/ntpc/documents/30006_NIT_Download.pdf,102830
30007,nit_document,NIT Download,https://ntpctender.ntpc.co.in/Uploads/job_45652.pdf,,,data/raw/ntpc/documents/30007_NIT_Download.pdf,113744
30008,nit_document,NIT Download,https://ntpctender.ntpc.co.in/Uploads/job_45653.zip,,,data/raw/ntpc/documents/30008_NIT_Download.zip,18075672
30009,nit_document,NIT Download,https://ntpctender.ntpc.co.in/Uploads/job_45654.pdf,,,data/raw/ntpc/documents/30009_NIT_Download.pdf,96503
30010,nit_document,NIT Download,https://ntpctender.ntpc.co.in/Uploads/job_45655.pdf,,,data/raw/ntpc/documents/30010_NIT_Download.pdf,97753
30011,nit_document,NIT Download,https://ntpctender.ntpc.co.in/Uploads/job_45656.pdf,,,data/raw/ntpc/documents/30011_NIT_Download.pdf,176336
30012,nit_document,NIT Download,https://ntpctender.ntpc.co.in/Uploads/job_45657.pdf,,,data/raw/ntpc/documents/30012_NIT_Download.pdf,124251
30013,nit_document,NIT Download,https://ntpctender.ntpc.co.in/Uploads/job_45658.pdf,,,data/raw/ntpc/documents/30013_NIT_Download.pdf,348160
30014,nit_document,NIT Download,https://ntpctender.ntpc.co.in/Uploads/job_45659.pdf,,,data/raw/ntpc/documents/30014_NIT_Download.pdf,314053
30015,nit_document,NIT Download,https://ntpctender.ntpc.co.in/Uploads/job_45660.pdf,,,data/raw/ntpc/documents/30015_NIT_Download.pdf,110380
30016,nit_document,NIT Download,https://ntpctender.ntpc.co.in/Uploads/job_45661.pdf,,,data/raw/ntpc/documents/30016_NIT_Download.pdf,1207516
30017,nit_document,NIT Download,https://ntpctender.ntpc.co.in/Uploads/job_45662.pdf,,,data/raw/ntpc/documents/30017_NIT_Download.pdf,1554593
30018,nit_document,NIT Download,https://ntpctender.ntpc.co.in/Uploads/job_45663.pdf,,,data/raw/ntpc/documents/30018_NIT_Download.pdf,114217
30019,nit_document,NIT Download,https://ntpctender.ntpc.co.in/Uploads/job_45664.pdf,,,data/raw/ntpc/documents/30019_NIT_Download.pdf,244830
30020,nit_document,NIT Download,https://ntpctender.ntpc.co.in/Uploads/job_45665.pdf,,,data/raw/ntpc/documents/30020_NIT_Download.pdf,383925
30021,nit_document,NIT Download,https://ntpctender.ntpc.co.in/Uploads/job_45666.pdf,,,data/raw/ntpc/documents/30021_NIT_Download.pdf,437947
30021,corrigendum,cor_30021_1_1.pdf,https://ntpctender.ntpc.co.in/Uploads/cor_30021_1_1.pdf,1,2026-07-15T12:45:00,data/raw/ntpc/documents/30021_cor_30021_1_1.pdf,162867
30022,nit_document,NIT Download,https://ntpctender.ntpc.co.in/Uploads/job_45667.pdf,,,data/raw/ntpc/documents/30022_NIT_Download.pdf,1313054
30023,nit_document,NIT Download,https://ntpctender.ntpc.co.in/Uploads/job_45668.pdf,,,data/raw/ntpc/documents/30023_NIT_Download.pdf,199142
30024,nit_document,NIT Download,https://ntpctender.ntpc.co.in/Uploads/job_45669.pdf,,,data/raw/ntpc/documents/30024_NIT_Download.pdf,109009
30025,nit_document,NIT Download,https://ntpctender.ntpc.co.in/Uploads/job_45670.pdf,,,,
30025,corrigendum,cor_30025_1_1.pdf,https://ntpctender.ntpc.co.in/Uploads/cor_30025_1_1.pdf,1,2026-08-03T13:30:00,data/raw/ntpc/documents/30025_cor_30025_1_1.pdf,749047
30026,nit_document,NIT Download,https://ntpctender.ntpc.co.in/Uploads/job_45671.zip,,,data/raw/ntpc/documents/30026_NIT_Download.zip,1847389
30027,nit_document,NIT Download,https://ntpctender.ntpc.co.in/Uploads/job_45672.pdf,,,data/raw/ntpc/documents/30027_NIT_Download.pdf,106006
30028,nit_document,NIT Download,https://ntpctender.ntpc.co.in/Uploads/job_45673.pdf,,,data/raw/ntpc/documents/30028_NIT_Download.pdf,96476
30029,nit_document,NIT Download,https://ntpctender.ntpc.co.in/Uploads/job_45674.pdf,,,data/raw/ntpc/documents/30029_NIT_Download.pdf,198517
30030,nit_document,NIT Download,https://ntpctender.ntpc.co.in/Uploads/job_45680.pdf,,,data/raw/ntpc/documents/30030_NIT_Download.pdf,22358
30031,nit_document,NIT Download,https://ntpctender.ntpc.co.in/Uploads/job_45679.pdf,,,data/raw/ntpc/documents/30031_NIT_Download.pdf,260892
30032,nit_document,NIT Download,https://ntpctender.ntpc.co.in/Uploads/job_45678.pdf,,,data/raw/ntpc/documents/30032_NIT_Download.pdf,165089
30033,nit_document,NIT Download,https://ntpctender.ntpc.co.in/Uploads/job_45677.pdf,,,data/raw/ntpc/documents/30033_NIT_Download.pdf,50060
30034,nit_document,NIT Download,https://ntpctender.ntpc.co.in/Uploads/job_45676.pdf,,,data/raw/ntpc/documents/30034_NIT_Download.pdf,449012
30034,corrigendum,cor_30034_1_1.pdf,https://ntpctender.ntpc.co.in/Uploads/cor_30034_1_1.pdf,1,2026-08-13T16:00:00,data/raw/ntpc/documents/30034_cor_30034_1_1.pdf,449012
30035,nit_document,NIT Download,https://ntpctender.ntpc.co.in/Uploads/job_45675.pdf,,,data/raw/ntpc/documents/30035_NIT_Download.pdf,1588120
30035,corrigendum,cor_30035_1_1.pdf,https://ntpctender.ntpc.co.in/Uploads/cor_30035_1_1.pdf,1,2026-08-04T19:00:00,data/raw/ntpc/documents/30035_cor_30035_1_1.pdf,115522
30036,nit_document,NIT Download,https://ntpctender.ntpc.co.in/Uploads/job_45681.pdf,,,data/raw/ntpc/documents/30036_NIT_Download.pdf,200187
30036,corrigendum,cor_30036_1_1.pdf,https://ntpctender.ntpc.co.in/Uploads/cor_30036_1_1.pdf,1,2026-08-03T17:00:00,data/raw/ntpc/documents/30036_cor_30036_1_1.pdf,1164060
30037,nit_document,NIT Download,https://ntpctender.ntpc.co.in/Uploads/job_45683.pdf,,,data/raw/ntpc/documents/30037_NIT_Download.pdf,215768
30037,corrigendum,cor_30037_1_1.pdf,https://ntpctender.ntpc.co.in/Uploads/cor_30037_1_1.pdf,1,2026-07-31T13:15:00,data/raw/ntpc/documents/30037_cor_30037_1_1.pdf,37358
30039,nit_document,NIT Download,https://ntpctender.ntpc.co.in/Uploads/job_45684.pdf,,,data/raw/ntpc/documents/30039_NIT_Download.pdf,104793
30040,nit_document,NIT Download,https://ntpctender.ntpc.co.in/Uploads/job_45685.pdf,,,data/raw/ntpc/documents/30040_NIT_Download.pdf,417573
30041,nit_document,NIT Download,https://ntpctender.ntpc.co.in/Uploads/job_45686.pdf,,,data/raw/ntpc/documents/30041_NIT_Download.pdf,179913
30042,nit_document,NIT Download,https://ntpctender.ntpc.co.in/Uploads/job_45687.pdf,,,data/raw/ntpc/documents/30042_NIT_Download.pdf,119873
30043,nit_document,NIT Download,https://ntpctender.ntpc.co.in/Uploads/job_45688.pdf,,,data/raw/ntpc/documents/30043_NIT_Download.pdf,135664
30044,nit_document,NIT Download,https://ntpctender.ntpc.co.in/Uploads/job_45689.pdf,,,data/raw/ntpc/documents/30044_NIT_Download.pdf,787005
30044,corrigendum,cor_30044_1_1.pdf,https://ntpctender.ntpc.co.in/Uploads/cor_30044_1_1.pdf,1,2026-07-21T14:30:00,data/raw/ntpc/documents/30044_cor_30044_1_1.pdf,53928
30045,nit_document,NIT Download,https://ntpctender.ntpc.co.in/Uploads/job_45690.pdf,,,data/raw/ntpc/documents/30045_NIT_Download.pdf,210728
30046,nit_document,NIT Download,https://ntpctender.ntpc.co.in/Uploads/job_45691.pdf,,,data/raw/ntpc/documents/30046_NIT_Download.pdf,609230
30047,nit_document,NIT Download,https://ntpctender.ntpc.co.in/Uploads/job_45692.pdf,,,data/raw/ntpc/documents/30047_NIT_Download.pdf,249594
30048,nit_document,NIT Download,https://ntpctender.ntpc.co.in/Uploads/job_45693.pdf,,,data/raw/ntpc/documents/30048_NIT_Download.pdf,104222
30049,nit_document,NIT Download,https://ntpctender.ntpc.co.in/Uploads/job_45694.pdf,,,data/raw/ntpc/documents/30049_NIT_Download.pdf,536955
30050,nit_document,NIT Download,https://ntpctender.ntpc.co.in/Uploads/job_45695.pdf,,,data/raw/ntpc/documents/30050_NIT_Download.pdf,197371
30051,nit_document,NIT Download,https://ntpctender.ntpc.co.in/Uploads/job_45698.pdf,,,data/raw/ntpc/documents/30051_NIT_Download.pdf,363416
30052,nit_document,NIT Download,https://ntpctender.ntpc.co.in/Uploads/job_45697.pdf,,,data/raw/ntpc/documents/30052_NIT_Download.pdf,364273
30053,nit_document,NIT Download,https://ntpctender.ntpc.co.in/Uploads/job_45696.pdf,,,data/raw/ntpc/documents/30053_NIT_Download.pdf,363755
30055,nit_document,NIT Download,https://ntpctender.ntpc.co.in/Uploads/job_45700.pdf,,,data/raw/ntpc/documents/30055_NIT_Download.pdf,604859
30056,nit_document,NIT Download,https://ntpctender.ntpc.co.in/Uploads/job_45701.pdf,,,data/raw/ntpc/documents/30056_NIT_Download.pdf,208912
30057,nit_document,NIT Download,https://ntpctender.ntpc.co.in/Uploads/job_45702.pdf,,,data/raw/ntpc/documents/30057_NIT_Download.pdf,95381
30058,nit_document,NIT Download,https://ntpctender.ntpc.co.in/Uploads/job_45703.pdf,,,data/raw/ntpc/documents/30058_NIT_Download.pdf,199249
30059,nit_document,NIT Download,https://ntpctender.ntpc.co.in/Uploads/job_45704.pdf,,,data/raw/ntpc/documents/30059_NIT_Download.pdf,900063
30060,nit_document,NIT Download,https://ntpctender.ntpc.co.in/Uploads/job_45705.pdf,,,data/raw/ntpc/documents/30060_NIT_Download.pdf,340838
30061,nit_document,NIT Download,https://ntpctender.ntpc.co.in/Uploads/job_45706.pdf,,,data/raw/ntpc/documents/30061_NIT_Download.pdf,647706
30062,nit_document,NIT Download,https://ntpctender.ntpc.co.in/Uploads/job_45707.pdf,,,data/raw/ntpc/documents/30062_NIT_Download.pdf,244832
30063,nit_document,NIT Download,https://ntpctender.ntpc.co.in/Uploads/job_45708.pdf,,,data/raw/ntpc/documents/30063_NIT_Download.pdf,349107
30064,nit_document,NIT Download,https://ntpctender.ntpc.co.in/Uploads/job_45709.pdf,,,data/raw/ntpc/documents/30064_NIT_Download.pdf,1518411
30065,nit_document,NIT Download,https://ntpctender.ntpc.co.in/Uploads/job_45710.pdf,,,data/raw/ntpc/documents/30065_NIT_Download.pdf,147292
30066,nit_document,NIT Download,https://ntpctender.ntpc.co.in/Uploads/job_45711.pdf,,,data/raw/ntpc/documents/30066_NIT_Download.pdf,115942
30067,nit_document,NIT Download,https://ntpctender.ntpc.co.in/Uploads/job_45712.pdf,,,data/raw/ntpc/documents/30067_NIT_Download.pdf,114294
30068,nit_document,NIT Download,https://ntpctender.ntpc.co.in/Uploads/job_45713.pdf,,,data/raw/ntpc/documents/30068_NIT_Download.pdf,1151683
30069,nit_document,NIT Download,https://ntpctender.ntpc.co.in/Uploads/job_45714.pdf,,,data/raw/ntpc/documents/30069_NIT_Download.pdf,154593
30069,corrigendum,cor_30069_1_1.pdf,https://ntpctender.ntpc.co.in/Uploads/cor_30069_1_1.pdf,1,2026-08-11T16:35:00,data/raw/ntpc/documents/30069_cor_30069_1_1.pdf,157732
30070,nit_document,NIT Download,https://ntpctender.ntpc.co.in/Uploads/job_45715.pdf,,,data/raw/ntpc/documents/30070_NIT_Download.pdf,96847
30071,nit_document,NIT Download,https://ntpctender.ntpc.co.in/Uploads/job_45716.pdf,,,data/raw/ntpc/documents/30071_NIT_Download.pdf,111313
30072,nit_document,NIT Download,https://ntpctender.ntpc.co.in/Uploads/job_45717.pdf,,,data/raw/ntpc/documents/30072_NIT_Download.pdf,531521
30073,nit_document,NIT Download,https://ntpctender.ntpc.co.in/Uploads/job_45718.pdf,,,data/raw/ntpc/documents/30073_NIT_Download.pdf,196885
30074,nit_document,NIT Download,https://ntpctender.ntpc.co.in/Uploads/job_45719.pdf,,,data/raw/ntpc/documents/30074_NIT_Download.pdf,217915
30075,nit_document,NIT Download,https://ntpctender.ntpc.co.in/Uploads/job_45720.zip,,,data/raw/ntpc/documents/30075_NIT_Download.zip,283766
30076,nit_document,NIT Download,https://ntpctender.ntpc.co.in/Uploads/job_45721.pdf,,,data/raw/ntpc/documents/30076_NIT_Download.pdf,102616
30077,nit_document,NIT Download,https://ntpctender.ntpc.co.in/Uploads/job_45722.pdf,,,data/raw/ntpc/documents/30077_NIT_Download.pdf,105095
30078,nit_document,NIT Download,https://ntpctender.ntpc.co.in/Uploads/job_45723.pdf,,,data/raw/ntpc/documents/30078_NIT_Download.pdf,105131
30079,nit_document,NIT Download,https://ntpctender.ntpc.co.in/Uploads/job_45724.pdf,,,data/raw/ntpc/documents/30079_NIT_Download.pdf,159640
30080,nit_document,NIT Download,https://ntpctender.ntpc.co.in/Uploads/job_45725.pdf,,,data/raw/ntpc/documents/30080_NIT_Download.pdf,669859
30083,nit_document,NIT Download,https://ntpctender.ntpc.co.in/Uploads/job_45728.pdf,,,data/raw/ntpc/documents/30083_NIT_Download.pdf,103443
30084,nit_document,NIT Download,https://ntpctender.ntpc.co.in/Uploads/job_45729.pdf,,,data/raw/ntpc/documents/30084_NIT_Download.pdf,161315
30085,nit_document,NIT Download,https://ntpctender.ntpc.co.in/Uploads/job_45730.pdf,,,data/raw/ntpc/documents/30085_NIT_Download.pdf,268100
30086,nit_document,NIT Download,https://ntpctender.ntpc.co.in/Uploads/job_45731.pdf,,,data/raw/ntpc/documents/30086_NIT_Download.pdf,325848
30087,nit_document,NIT Download,https://ntpctender.ntpc.co.in/Uploads/job_45732.pdf,,,data/raw/ntpc/documents/30087_NIT_Download.pdf,683405
30088,nit_document,NIT Download,https://ntpctender.ntpc.co.in/Uploads/job_45733.pdf,,,data/raw/ntpc/documents/30088_NIT_Download.pdf,107728
30089,nit_document,NIT Download,https://ntpctender.ntpc.co.in/Uploads/job_45734.pdf,,,data/raw/ntpc/documents/30089_NIT_Download.pdf,101439
30090,nit_document,NIT Download,https://ntpctender.ntpc.co.in/Uploads/job_45735.pdf,,,data/raw/ntpc/documents/30090_NIT_Download.pdf,101401
30091,nit_document,NIT Download,https://ntpctender.ntpc.co.in/Uploads/job_45736.pdf,,,data/raw/ntpc/documents/30091_NIT_Download.pdf,939423
30092,nit_document,NIT Download,https://ntpctender.ntpc.co.in/Uploads/job_45737.pdf,,,data/raw/ntpc/documents/30092_NIT_Download.pdf,103701
30093,nit_document,NIT Download,https://ntpctender.ntpc.co.in/Uploads/job_45738.pdf,,,data/raw/ntpc/documents/30093_NIT_Download.pdf,101063
30094,nit_document,NIT Download,https://ntpctender.ntpc.co.in/Uploads/job_45739.pdf,,,data/raw/ntpc/documents/30094_NIT_Download.pdf,97847
30095,nit_document,NIT Download,https://ntpctender.ntpc.co.in/Uploads/job_45740.pdf,,,data/raw/ntpc/documents/30095_NIT_Download.pdf,2054330
30096,nit_document,NIT Download,https://ntpctender.ntpc.co.in/Uploads/job_45741.pdf,,,data/raw/ntpc/documents/30096_NIT_Download.pdf,112654
30097,nit_document,NIT Download,https://ntpctender.ntpc.co.in/Uploads/job_45742.pdf,,,data/raw/ntpc/documents/30097_NIT_Download.pdf,105649
30098,nit_document,NIT Download,https://ntpctender.ntpc.co.in/Uploads/job_45743.pdf,,,data/raw/ntpc/documents/30098_NIT_Download.pdf,101660
30098,corrigendum,cor_30098_1_1.pdf,https://ntpctender.ntpc.co.in/Uploads/cor_30098_1_1.pdf,1,2026-08-05T12:30:00,data/raw/ntpc/documents/30098_cor_30098_1_1.pdf,47127
30099,nit_document,NIT Download,https://ntpctender.ntpc.co.in/Uploads/job_45744.pdf,,,data/raw/ntpc/documents/30099_NIT_Download.pdf,150780
30100,nit_document,NIT Download,https://ntpctender.ntpc.co.in/Uploads/job_45745.pdf,,,data/raw/ntpc/documents/30100_NIT_Download.pdf,94972
30101,nit_document,NIT Download,https://ntpctender.ntpc.co.in/Uploads/job_45746.pdf,,,data/raw/ntpc/documents/30101_NIT_Download.pdf,220550
30102,nit_document,NIT Download,https://ntpctender.ntpc.co.in/Uploads/job_45747.pdf,,,data/raw/ntpc/documents/30102_NIT_Download.pdf,1270818
30102,corrigendum,cor_30102_1_1.pdf,https://ntpctender.ntpc.co.in/Uploads/cor_30102_1_1.pdf,1,2026-08-14T15:30:00,data/raw/ntpc/documents/30102_cor_30102_1_1.pdf,133492
30103,nit_document,NIT Download,https://ntpctender.ntpc.co.in/Uploads/job_45748.pdf,,,data/raw/ntpc/documents/30103_NIT_Download.pdf,100215
30104,nit_document,NIT Download,https://ntpctender.ntpc.co.in/Uploads/job_45749.pdf,,,data/raw/ntpc/documents/30104_NIT_Download.pdf,1023683
30105,nit_document,NIT Download,https://ntpctender.ntpc.co.in/Uploads/job_45750.pdf,,,data/raw/ntpc/documents/30105_NIT_Download.pdf,482416
30106,nit_document,NIT Download,https://ntpctender.ntpc.co.in/Uploads/job_45751.pdf,,,data/raw/ntpc/documents/30106_NIT_Download.pdf,1075547
30107,nit_document,NIT Download,https://ntpctender.ntpc.co.in/Uploads/job_45752.pdf,,,data/raw/ntpc/documents/30107_NIT_Download.pdf,303172
30107,nit_document,Click here to view Salient Technical Features,https://ntpctender.ntpc.co.in/Uploads/tech_job_45752.pdf,,,data/raw/ntpc/documents/30107_Click_here_to_view_Salient_Technical_Features.pdf,81256
30108,nit_document,NIT Download,https://ntpctender.ntpc.co.in/Uploads/job_45753.pdf,,,data/raw/ntpc/documents/30108_NIT_Download.pdf,990986
30109,nit_document,NIT Download,https://ntpctender.ntpc.co.in/Uploads/job_45754.pdf,,,data/raw/ntpc/documents/30109_NIT_Download.pdf,817655
30110,nit_document,NIT Download,https://ntpctender.ntpc.co.in/Uploads/job_45755.pdf,,,data/raw/ntpc/documents/30110_NIT_Download.pdf,150848
30111,nit_document,NIT Download,https://ntpctender.ntpc.co.in/Uploads/job_45756.pdf,,,data/raw/ntpc/documents/30111_NIT_Download.pdf,159767
30112,nit_document,NIT Download,https://ntpctender.ntpc.co.in/Uploads/job_45757.pdf,,,data/raw/ntpc/documents/30112_NIT_Download.pdf,834492
30113,nit_document,NIT Download,https://ntpctender.ntpc.co.in/Uploads/job_45765.pdf,,,data/raw/ntpc/documents/30113_NIT_Download.pdf,166523
30114,nit_document,NIT Download,https://ntpctender.ntpc.co.in/Uploads/job_45764.pdf,,,data/raw/ntpc/documents/30114_NIT_Download.pdf,219892
30115,nit_document,NIT Download,https://ntpctender.ntpc.co.in/Uploads/job_45763.pdf,,,data/raw/ntpc/documents/30115_NIT_Download.pdf,21356
30116,nit_document,NIT Download,https://ntpctender.ntpc.co.in/Uploads/job_45762.pdf,,,data/raw/ntpc/documents/30116_NIT_Download.pdf,172684
30117,nit_document,NIT Download,https://ntpctender.ntpc.co.in/Uploads/job_45761.pdf,,,data/raw/ntpc/documents/30117_NIT_Download.pdf,53956
30118,nit_document,NIT Download,https://ntpctender.ntpc.co.in/Uploads/job_45760.pdf,,,data/raw/ntpc/documents/30118_NIT_Download.pdf,583547
30119,nit_document,NIT Download,https://ntpctender.ntpc.co.in/Uploads/job_45759.pdf,,,data/raw/ntpc/documents/30119_NIT_Download.pdf,79078
30120,nit_document,NIT Download,https://ntpctender.ntpc.co.in/Uploads/job_45758.pdf,,,data/raw/ntpc/documents/30120_NIT_Download.pdf,1891081
30121,nit_document,NIT Download,https://ntpctender.ntpc.co.in/Uploads/job_45766.pdf,,,data/raw/ntpc/documents/30121_NIT_Download.pdf,201417
30123,nit_document,NIT Download,https://ntpctender.ntpc.co.in/Uploads/job_45768.pdf,,,data/raw/ntpc/documents/30123_NIT_Download.pdf,101401
30124,nit_document,NIT Download,https://ntpctender.ntpc.co.in/Uploads/job_45769.pdf,,,data/raw/ntpc/documents/30124_NIT_Download.pdf,3245023
30125,nit_document,NIT Download,https://ntpctender.ntpc.co.in/Uploads/job_45770.pdf,,,data/raw/ntpc/documents/30125_NIT_Download.pdf,109158
30126,nit_document,NIT Download,https://ntpctender.ntpc.co.in/Uploads/job_45771.pdf,,,data/raw/ntpc/documents/30126_NIT_Download.pdf,606742
30127,nit_document,NIT Download,https://ntpctender.ntpc.co.in/Uploads/job_45772.pdf,,,data/raw/ntpc/documents/30127_NIT_Download.pdf,223916
30128,nit_document,NIT Download,https://ntpctender.ntpc.co.in/Uploads/job_45773.pdf,,,data/raw/ntpc/documents/30128_NIT_Download.pdf,120458
30129,nit_document,NIT Download,https://ntpctender.ntpc.co.in/Uploads/job_45774.pdf,,,data/raw/ntpc/documents/30129_NIT_Download.pdf,136889
30130,nit_document,NIT Download,https://ntpctender.ntpc.co.in/Uploads/job_45775.pdf,,,data/raw/ntpc/documents/30130_NIT_Download.pdf,192963
30132,nit_document,NIT Download,https://ntpctender.ntpc.co.in/Uploads/job_45777.pdf,,,data/raw/ntpc/documents/30132_NIT_Download.pdf,1083965
30133,nit_document,NIT Download,https://ntpctender.ntpc.co.in/Uploads/job_45778.pdf,,,data/raw/ntpc/documents/30133_NIT_Download.pdf,208630
30134,nit_document,NIT Download,https://ntpctender.ntpc.co.in/Uploads/job_45779.pdf,,,data/raw/ntpc/documents/30134_NIT_Download.pdf,222021
30135,nit_document,NIT Download,https://ntpctender.ntpc.co.in/Uploads/job_45780.pdf,,,data/raw/ntpc/documents/30135_NIT_Download.pdf,164931
30136,nit_document,NIT Download,https://ntpctender.ntpc.co.in/Uploads/job_45781.pdf,,,data/raw/ntpc/documents/30136_NIT_Download.pdf,481450
30137,nit_document,NIT Download,https://ntpctender.ntpc.co.in/Uploads/job_45782.pdf,,,data/raw/ntpc/documents/30137_NIT_Download.pdf,285835
30138,nit_document,NIT Download,https://ntpctender.ntpc.co.in/Uploads/job_45783.pdf,,,data/raw/ntpc/documents/30138_NIT_Download.pdf,447863
30139,nit_document,NIT Download,https://ntpctender.ntpc.co.in/Uploads/job_45784.pdf,,,data/raw/ntpc/documents/30139_NIT_Download.pdf,107166
30140,nit_document,NIT Download,https://ntpctender.ntpc.co.in/Uploads/job_45785.pdf,,,data/raw/ntpc/documents/30140_NIT_Download.pdf,100654
30141,nit_document,NIT Download,https://ntpctender.ntpc.co.in/Uploads/job_45786.pdf,,,data/raw/ntpc/documents/30141_NIT_Download.pdf,190289
30142,nit_document,NIT Download,https://ntpctender.ntpc.co.in/Uploads/job_45787.pdf,,,data/raw/ntpc/documents/30142_NIT_Download.pdf,743975
30143,nit_document,NIT Download,https://ntpctender.ntpc.co.in/Uploads/job_45788.pdf,,,data/raw/ntpc/documents/30143_NIT_Download.pdf,308151
30144,nit_document,NIT Download,https://ntpctender.ntpc.co.in/Uploads/job_45789.pdf,,,data/raw/ntpc/documents/30144_NIT_Download.pdf,228278
30145,nit_document,NIT Download,https://ntpctender.ntpc.co.in/Uploads/job_45790.pdf,,,data/raw/ntpc/documents/30145_NIT_Download.pdf,100184
30146,nit_document,NIT Download,https://ntpctender.ntpc.co.in/Uploads/job_45791.pdf,,,data/raw/ntpc/documents/30146_NIT_Download.pdf,915580
30147,nit_document,NIT Download,https://ntpctender.ntpc.co.in/Uploads/job_45792.pdf,,,data/raw/ntpc/documents/30147_NIT_Download.pdf,151512
30148,nit_document,NIT Download,https://ntpctender.ntpc.co.in/Uploads/job_45793.pdf,,,data/raw/ntpc/documents/30148_NIT_Download.pdf,591847
30149,nit_document,NIT Download,https://ntpctender.ntpc.co.in/Uploads/job_45794.pdf,,,data/raw/ntpc/documents/30149_NIT_Download.pdf,194306
30150,nit_document,NIT Download,https://ntpctender.ntpc.co.in/Uploads/job_45795.pdf,,,data/raw/ntpc/documents/30150_NIT_Download.pdf,194749
30151,nit_document,NIT Download,https://ntpctender.ntpc.co.in/Uploads/job_45796.pdf,,,data/raw/ntpc/documents/30151_NIT_Download.pdf,189199
30153,nit_document,NIT Download,https://ntpctender.ntpc.co.in/Uploads/job_45798.pdf,,,data/raw/ntpc/documents/30153_NIT_Download.pdf,110770
30154,nit_document,NIT Download,https://ntpctender.ntpc.co.in/Uploads/job_45799.pdf,,,data/raw/ntpc/documents/30154_NIT_Download.pdf,120472
30155,nit_document,NIT Download,https://ntpctender.ntpc.co.in/Uploads/job_45800.pdf,,,data/raw/ntpc/documents/30155_NIT_Download.pdf,931603
30156,nit_document,NIT Download,https://ntpctender.ntpc.co.in/Uploads/job_45801.pdf,,,data/raw/ntpc/documents/30156_NIT_Download.pdf,233695
30157,nit_document,NIT Download,https://ntpctender.ntpc.co.in/Uploads/job_45802.pdf,,,data/raw/ntpc/documents/30157_NIT_Download.pdf,255652
30158,nit_document,NIT Download,https://ntpctender.ntpc.co.in/Uploads/job_45803.pdf,,,data/raw/ntpc/documents/30158_NIT_Download.pdf,101298
30159,nit_document,NIT Download,https://ntpctender.ntpc.co.in/Uploads/job_45804.pdf,,,data/raw/ntpc/documents/30159_NIT_Download.pdf,1206235
30160,nit_document,NIT Download,https://ntpctender.ntpc.co.in/Uploads/job_45805.pdf,,,data/raw/ntpc/documents/30160_NIT_Download.pdf,135507
30163,nit_document,NIT Download,https://ntpctender.ntpc.co.in/Uploads/job_45808.pdf,,,data/raw/ntpc/documents/30163_NIT_Download.pdf,1116795
30170,nit_document,NIT Download,https://ntpctender.ntpc.co.in/Uploads/job_45815.pdf,,,data/raw/ntpc/documents/30170_NIT_Download.pdf,100442
30173,nit_document,NIT Download,https://ntpctender.ntpc.co.in/Uploads/job_45818.pdf,,,data/raw/ntpc/documents/30173_NIT_Download.pdf,118439
30174,nit_document,NIT Download,https://ntpctender.ntpc.co.in/Uploads/job_45819.pdf,,,data/raw/ntpc/documents/30174_NIT_Download.pdf,104776
30175,nit_document,NIT Download,https://ntpctender.ntpc.co.in/Uploads/job_45820.pdf,,,data/raw/ntpc/documents/30175_NIT_Download.pdf,1115117
30178,nit_document,NIT Download,https://ntpctender.ntpc.co.in/Uploads/job_45823.zip,,,data/raw/ntpc/documents/30178_NIT_Download.zip,9282585
30181,nit_document,NIT Download,https://ntpctender.ntpc.co.in/Uploads/job_45826.pdf,,,data/raw/ntpc/documents/30181_NIT_Download.pdf,1145782
30184,nit_document,NIT Download,https://ntpctender.ntpc.co.in/Uploads/job_45829.pdf,,,data/raw/ntpc/documents/30184_NIT_Download.pdf,117267
30188,nit_document,NIT Download,https://ntpctender.ntpc.co.in/Uploads/job_45833.pdf,,,data/raw/ntpc/documents/30188_NIT_Download.pdf,2645727
30195,nit_document,NIT Download,https://ntpctender.ntpc.co.in/Uploads/job_45840.pdf,,,data/raw/ntpc/documents/30195_NIT_Download.pdf,710158
30197,nit_document,NIT Download,https://ntpctender.ntpc.co.in/Uploads/job_45842.pdf,,,data/raw/ntpc/documents/30197_NIT_Download.pdf,99746
