nit_id,nit_no,brief_description,source_of_nit,state,region,contract_classification,emd_cost,tender_cost,estimated_fee,nit_issue_date,doc_sale_start,closing_date,bid_submission_end,bid_opening_date,contact_person,contact_information,detail_url
28808,GEM/2025/B/6431759,Hiring of 01 No. Diesel Driven Hard Top Closed Non AC Jeep for a Period of 02 Years for HR Department.,NTECL: NTPC TamilNadu Energy Company Ltd.,Tamilnadu,JVs & Subsidaries,Work Contract,,,,09/07/2025,09/07/2025 :10:00,23/07/2025 :15:00,23/07/2025 :15:00,23/07/2025 :15:30,,"Designation: DGM NTECL, Vallur Thermal Power Project,
Site Office Vellivoyal Chavadi Post,
Ponneri Taluk, Thiruvallur Dist, Chennai-600103, Tamilnadu Phone: Fax: E-mail:  jaideep@ntpc.co.in",https://ntpctender.ntpc.co.in/NITDetails/NITs/28808
28809,CS-0011-960-9,Balance of Plant (BOP) Package for 1X25TPD & 2x325 TPD CO2 Capture Units at NTPC Simhadri.,Corporate Contracts,Uttar Pradesh,Corporate Center,Services,50000000.00,22500.00,,09/07/2025,15/07/2025 :17:00,11/08/2025 :15:00,11/08/2025 :15:00,12/08/2025 :15:30,,"Designation: Sr. Manager NTPC Limited, Plot A-8A, Sector 24, Noida-201301 State of U.P. India Phone: Fax: E-mail:  rohitgautam@ntpc.co.in",https://ntpctender.ntpc.co.in/NITDetails/NITs/28809
28810,GEM/2025/B/6410748,Spares for BEML Make Dozers (Model BD-155)in CHP NTPC Korba on OT Basis.,Western Region Head Quarter-II,Chhattisgarh,Western Region-II,Services,,,,10/07/2025,10/07/2025 :10:00,31/07/2025 :15:00,31/07/2025 :15:00,31/07/2025 :15:30,,"Designation: Sr. Manager NTPC Limited, Western Region-II Office,
Plot No. 87, Sector-24,
Nava Raipur, Chhattisgarh Phone: Fax: E-mail:  skkumar01@ntpc.co.in",https://ntpctender.ntpc.co.in/NITDetails/NITs/28810
28811,GEM/2025/B/6437581,"Job Contract for O&M Works of Pakri Barwadih CMP Sub-Station, 33KV & 11KV Transmission Lines & Misc.
Works at Pakri Barwadih Coal Mining Project at Hazaribagh (Jharkhand).",Coal Mining HQ-Ranchi,Jharkhand,Coal Mining Region,Work Contract,200000.00,,,10/07/2025,10/07/2025 :15:00,31/07/2025 :15:00,31/07/2025 :15:00,31/07/2025 :15:30,,"Designation: DGM NTPC Limited CIPP, CIPM
Shared Service Centre - Coal Mining, Ranchi Phone: Fax: E-mail:  dheerendramishra@ntpc.co.in",https://ntpctender.ntpc.co.in/NITDetails/NITs/28811
28812,GEM/2025/B/6412124,Procurement of Shell Liners for BBD 4760 Mills at NTPC Unchahar.,Western Region Head Quarter-II,Chhattisgarh,Western Region-II,Work Contract,200000.00,,,11/07/2025,11/07/2025 :10:00,01/08/2025 :16:00,01/08/2025 :16:00,01/08/2025 :16:30,,"Designation: AGM NTPC Limited, Western Region-II Office,
Plot No. 87, Sector-24,
Nava Raipur, Chhattisgarh-492018 Phone: Fax: E-mail:  amitksingh@ntpc.co.in",https://ntpctender.ntpc.co.in/NITDetails/NITs/28812
28813,GEM/2025/B/6436079,PROCUREMENT OF MULTI FUNCTION DEVICES FOR NTPC- STATIONS / PROJECTS/ OFFICE.,Western Region Head Quarter-II,Chhattisgarh,Western Region-II,Work Contract,,,,10/07/2025,10/07/2025 :10:00,31/07/2025 :16:00,31/07/2025 :16:00,31/07/2025 :16:30,,"Designation: DGM NTPC Limited, Western Region-II Head Quarter, Plot No. 87, Sector-24, Atal Nagar, Nava Raipur, Raipur, Chhattisgarh-492101 Phone: Fax: E-mail:  sunnyagarwal@ntpc.co.in",https://ntpctender.ntpc.co.in/NITDetails/NITs/28813
28814,NTPC/USSC-CPG1/9900306810,Coal Transportation (20 LMT) from Talaipalli Mines to Mouda STPS under RCR mode via KORICHHAPAR Siding,Western Region Head Quarter-II,Chhattisgarh,Western Region-II,Services,5000000.00,10620.00,,11/07/2025,11/07/2025 :10:00,25/07/2025 :11:00,25/07/2025 :11:00,26/07/2025 :15:00,,"Designation: DGM NTPC Limited, USSC, CPG-1,
Western Region-II Head Quarter,
Plot No. 87, Sector-24, Atal Nagar,
Nava Raipur, Raipur, Chhattisgarh-492101 Phone: Fax: E-mail:  bhupeshgupta@ntpc.co.in",https://ntpctender.ntpc.co.in/NITDetails/NITs/28814
28815,9900306098,Strengthening of Existing Ramagundam STPS Plant Area BT Roads by Relaying and Recarpeting,Western Region Head Quarter-II,Chhattisgarh,Western Region-II,Work Contract,1000000.00,5310.00,,11/07/2025,11/07/2025 :18:00,24/07/2025 :16:00,24/07/2025 :16:00,25/07/2025 :16:00,,"Designation: DGM NTPC Limited, Western Region-II Office,
Plot No. 87, Sector-24,
Nava Raipur, Chhattisgarh-492018 Phone: Fax: E-mail:  pankajkumar07@ntpc.co.in",https://ntpctender.ntpc.co.in/NITDetails/NITs/28815
28816,CS-8014-317-9,CHIMNEY PACKAGE FOR GADARWARA STPP STAGE-II (2X800 MW).,Corporate Contracts,Uttar Pradesh,Corporate Center,Services,20000000.00,9000.00,,11/07/2025,16/07/2025 :10:00,18/08/2025 :11:00,18/08/2025 :11:00,19/08/2025 :11:00,,Designation: Sr. Manager NTPC LTD. 6th Floor Engineering Office Complex Plot A-8A Sector-24 NOIDA Dist. Gautam Budh Nagar Uttar Pradesh-201307 India Phone: Fax: E-mail:  lekrajsingh@ntpc.co.in,https://ntpctender.ntpc.co.in/NITDetails/NITs/28816
28817,GEM/2025/B/6308864,"Supply, Erection and Commissioning of Latest Version VFD Drives for Pipe Conveyor at NTECL Vallur",NTECL: NTPC TamilNadu Energy Company Ltd.,Tamilnadu,JVs & Subsidaries,Services,1000000.00,,,12/07/2025,12/07/2025 :10:00,22/07/2025 :14:00,22/07/2025 :14:00,22/07/2025 :14:30,,"Designation: DGM NTECL, Vallur Thermal Power Project, Kuruvimedu Village, Ponneri Taluk, Vellivayal Chavadi Post, Thiruvallur Dist. Chennai-600103 Phone: Fax: E-mail:  nithyav@ntpc.co.in",https://ntpctender.ntpc.co.in/NITDetails/NITs/28817
28818,MSTC/RNC/NTPCLTD/2/Chutia/25-26/19935,2nd Spot e-Auction (Forward) for Commercial Sale of Excess Coal from Talaipalli Coal Mine Project (TLCMP).,Coal Mining HQ-Ranchi,Jharkhand,Coal Mining Region,Miscellaneous (Others),,,,12/07/2025,05/08/2025 :11:00,05/08/2025 :15:00,,,,"Designation: DGM (Tech Services) Tech Services, Coal Mining HQ, Ranchi Phone: Fax: E-mail:  manojkumarverma@ntpc.co.in",https://ntpctender.ntpc.co.in/NITDetails/NITs/28818
28819,0230/SSC/CS/OT/15/2025-26/2800010052,RESURFACING/RE-CARPETING WORK OF APPROACH ROADS TO PP-III AT NSPCL-BHILAI.,NTPC-SAIL Power Company Limited (NSPCL) - Bhilai,Chhattisgarh,JVs & Subsidaries,Services,200000.00,2655.00,,12/07/2025,12/07/2025 :10:00,08/09/2025 :17:00,09/09/2025 :15:00,09/09/2025 :15:30,,Designation: DGM NTPC–SAIL POWER COMPANY LIMITED Post Office BHILAI East Dist. Durg CHHATTISGARH-490021 Phone: Fax: E-mail:  ajay.kumar@nspcl.co.in,https://ntpctender.ntpc.co.in/NITDetails/NITs/28819
28820,GEM/2025/B/6443833,Biennial Grass Cutting and Deployment of JCB in ST 1 & 2 of NTPC Barauni TPS,Western Region Head Quarter-II,Chhattisgarh,Western Region-II,Services,500000.00,,,14/07/2025,14/07/2025 :10:00,24/07/2025 :12:00,24/07/2025 :12:00,24/07/2025 :12:30,,"Designation: DGM NTPC Limited, Western Region-II Office,
Plot No. 87, Sector-24,
Nava Raipur, Chhattisgarh-492018 Phone: Fax: E-mail:  uknayak@ntpc.co.in",https://ntpctender.ntpc.co.in/NITDetails/NITs/28820
28821,GEM/2025/B/6386148,Detailed Pipeline Route Survey for CO2 gas Transportation from NTPC Simhadri to NTPC Pudimadaka.,Corporate Contracts,Uttar Pradesh,Corporate Center,Services,50000.00,,,14/07/2025,14/07/2025 :10:00,30/07/2025 :15:00,30/07/2025 :15:00,30/07/2025 :15:30,,Designation: Sr. Manager NTPC Ltd. Engineering Office Complex Plot No. A-8A Sector-24 NOIDA-201301 UP India Phone: Fax: E-mail:  deepaverma@ntpc.co.in,https://ntpctender.ntpc.co.in/NITDetails/NITs/28821
28822,GEM/2025/B/6450664,Tele Specialty OPD Services and Tele Emergency Sservices at NTPC Projects,Corporate Contracts,Uttar Pradesh,Corporate Center,Services,1000000.00,,,14/07/2025,14/07/2025 :10:00,11/08/2025 :15:00,11/08/2025 :15:00,11/08/2025 :15:30,,Designation: Sr. Manager NTPC Ltd. Engineering Office Complex Plot No. A-8A Sector-24 NOIDA-201301 UP India Phone: Fax: E-mail:  deepaverma@ntpc.co.in,https://ntpctender.ntpc.co.in/NITDetails/NITs/28822
28823,EOI/MSTPS/AU-18/BottomAsh/2025,"EOI for Issue of Bottom Ash and Pond on Free of Cost, First come First Served Basis with Transportation by Bidder, from NTPC Mouda",Mouda Super Thermal Power,Maharashtra,Western Region-II,Miscellaneous (Others),,,,14/07/2025,14/07/2025 :10:00,29/07/2025 :17:00,29/07/2025 :17:00,,,"Designation: DGM NTPC MOUDA THERMAL POWER
STATION, P.S Mouda, Mouda - Ramtek
Road, Nagpur, 441104-Maharashtra Phone: Fax: E-mail:  aumouda@ntpc.co.in",https://ntpctender.ntpc.co.in/NITDetails/NITs/28823
28824,GEM/2025/B/6452707,Renewal of Microsoft-365 Digital Suite Workplace Solution in NTPC.,Corporate Contracts,Uttar Pradesh,Corporate Center,Services,,,,15/07/2025,15/07/2025 :10:00,02/09/2025 :15:00,02/09/2025 :15:00,02/09/2025 :15:30,,Designation: Sr. Manager NTPC Ltd. Engineering Office Complex Plot No. A-8A Sector-24 NOIDA-201301 UP India Phone: Fax: E-mail:  deepaverma@ntpc.co.in,https://ntpctender.ntpc.co.in/NITDetails/NITs/28824
28825,NTPC/USSC-CPG1/9900306040,"Transportation of 300000MT Coal from NLC Talabira Mines of NLC Ltd to NTPC Simhadri
under RCR Mode through any nearby Siding.",Western Region Head Quarter-II,Chhattisgarh,Western Region-II,Services,2000000.00,10620.00,,15/07/2025,15/07/2025 :10:00,30/07/2025 :11:00,30/07/2025 :11:00,31/07/2025 :15:00,,"Designation: DGM NTPC Limited, USSC, CPG-1,
Western Region-II Head Quarter,
Plot No. 87, Sector-24, Atal Nagar,
Nava Raipur, Raipur, Chhattisgarh-492101 Phone: Fax: E-mail:  bhupeshgupta@ntpc.co.in",https://ntpctender.ntpc.co.in/NITDetails/NITs/28825
28826,GEM/2025/B/6449028,Procurement of Boiler Tubes for NTPC Plants,Western Region Head Quarter-II,Chhattisgarh,Western Region-II,Work Contract,,,,15/07/2025,15/07/2025 :10:00,04/08/2025 :14:00,04/08/2025 :14:00,04/08/2025 :14:30,,"Designation: DGM NTPC Limited, Western Region-II Office,
Plot No. 87, Sector-24,
Nava Raipur, Chhattisgarh Phone: Fax: E-mail:  deepaktripathi@ntpc.co.in",https://ntpctender.ntpc.co.in/NITDetails/NITs/28826
28827,NTPC/Consultancy/9900306805,LOSS REDUCTION WORK UNDER RDSS IN ED-UDHAMPUR.,Consultancy (Noida),Uttar Pradesh,Corporate Center,Work Contract,32516200.00,22500.00,,15/07/2025,16/07/2025 :09:00,11/08/2025 :15:00,11/08/2025 :15:00,12/08/2025 :15:30,,"Designation: Sr. Manager Consultancy Wing, EOC Annexe Building, A-8A, Noida, Uttar Pradesh-201301 Phone: Fax: E-mail:  abhisheksingh03@ntpc.co.in",https://ntpctender.ntpc.co.in/NITDetails/NITs/28827
28828,NTPC/Consultancy/9900306803,LOSS REDUCTION WORK UNDER RDSS IN ED-REASI.,Consultancy (Noida),Uttar Pradesh,Corporate Center,Work Contract,11346200.00,22500.00,,15/07/2025,16/07/2025 :09:00,11/08/2025 :15:00,11/08/2025 :15:00,12/08/2025 :15:30,,"Designation: Sr. Manager Consultancy Wing, EOC Annexe Building, A-8A, Noida, Uttar Pradesh-201301 Phone: Fax: E-mail:  abhisheksingh03@ntpc.co.in",https://ntpctender.ntpc.co.in/NITDetails/NITs/28828
28829,GEM/2025/B/6440855,Procurement  of Bottom CONCESEP of CRU for NTPC Talcher,Western Region Head Quarter-II,Chhattisgarh,Western Region-II,Work Contract,,,,11/07/2025,11/07/2025 :10:00,01/08/2025 :11:00,01/08/2025 :11:00,01/08/2025 :11:30,,"Designation: DGM NTPC Limited, Western Region-II Office,
Plot No. 87, Sector-24,
Nava Raipur, Chhattisgarh Phone: Fax: E-mail:  deepaktripathi@ntpc.co.in",https://ntpctender.ntpc.co.in/NITDetails/NITs/28829
28830,GEM/2025/B/6433549,BIENNIAL OPERATION SUPPORT FOR DAETP AND SILO IN 2 X 60 MW.,NTPC-SAIL Power Company Limited (NSPCL) - Bhilai,Chhattisgarh,JVs & Subsidaries,Services,100000.00,,,15/07/2025,15/07/2025 :10:00,29/07/2025 :15:00,29/07/2025 :15:00,29/07/2025 :15:30,,"Designation: DGM NSPCL, 
Shared Service Centre, Bhilai 
Expansion Site, Near Purena Village,
Bhilai (East), PO Dist, Durg, Chhattisgarh-490021 Phone: Fax: E-mail:  ushakumari@nspcl.co.in",https://ntpctender.ntpc.co.in/NITDetails/NITs/28830
28831,EOI/BA/NKSTPP/01/2025,Expression of Interest (EoI) for Issue of Bottom Ash from NTPC NKSTPP.,North Karanpura Thermal Power,Jharkhand,Eastern Region-I,Miscellaneous (Others),,,,07/07/2025,07/07/2025 :10:00,27/07/2025 :17:00,27/07/2025 :17:00,,,"Designation: DGM NTPC NORTH KARANPURA SUPER THERMAL POWER PROJECT, 
Address-Tandwa, Dist. Chatra, Jharkhand Phone: Fax: E-mail:  ashutilizationnkstpp@ntpc.co.in",https://ntpctender.ntpc.co.in/NITDetails/NITs/28831
28832,NVVN/C&M/RE-390/2025-26,GLOBAL TENDER FOR SALE OF GYPSUM PRODUCED FROM FGD PLANT OF NTECL.,NVVNL - NTPC Vidyut Vyapar Nigam Ltd.,Uttar Pradesh,JVs & Subsidaries,Services,,,,30/04/2025,30/04/2025 :10:00,21/07/2025 :17:00,22/07/2025 :17:00,23/07/2025 :15:00,,"Designation: Sr. Manager NTPC VIDYUT VYAPAR NIGAM LIMITED,
EOC, Plot No. A-8A
Sector 24, Block A, Noida,
Uttar Pradesh-201301 Phone: Fax: E-mail:  sandhipdebbarma@ntpc.co.in",https://ntpctender.ntpc.co.in/NITDetails/NITs/28832
28833,9900306275,Repair and Rehabilitation Including Painting of Chimney (Unit 3 and 4) at NTPC TSTPS Kaniha,Western Region Head Quarter-II,Chhattisgarh,Western Region-II,Work Contract,1000000.00,5310.00,,16/07/2025,16/07/2025 :11:00,30/07/2025 :16:00,30/07/2025 :16:00,31/07/2025 :16:00,,"Designation: DGM NTPC Limited, USSC, CPG-1,
Western Region-II Head Quarter,
Plot No. 87, Sector-24, Atal Nagar,
Nava Raipur, Raipur, Chhattisgarh-492018 Phone: Fax: E-mail:  pankajkumar07@ntpc.co.in",https://ntpctender.ntpc.co.in/NITDetails/NITs/28833
28834,NTPC/USSC-CPG1/9900306818,"Supply, Installation & Commissioning of IP based CCTV System for Stage-2 Plant Area at NTPC Barh.",Western Region Head Quarter-II,Chhattisgarh,Western Region-II,Work Contract,1000000.00,5310.00,,16/07/2025,16/07/2025 :11:00,09/08/2025 :18:10,09/08/2025 :18:10,11/08/2025 :11:00,,"Designation: DGM NTPC Limited, Western Region-II Office,
Plot No. 87, Sector-24,
Nava Raipur, Chhattisgarh Phone: Fax: E-mail:  anandshanker@ntpc.co.in",https://ntpctender.ntpc.co.in/NITDetails/NITs/28834
28835,NTPC/USSC-CPG1/9900306602,RATE CONTRACT FOR SUPPLY OF PAINTS.,Western Region Head Quarter-II,Chhattisgarh,Western Region-II,Work Contract,1000000.00,5310.00,,16/07/2025,16/07/2025 :14:00,31/07/2025 :18:00,31/07/2025 :18:00,01/08/2025 :15:00,,"Designation: DGM NTPC Limited, Western Region-II Office,
Plot No. 87, Sector-24,
Nava Raipur, Chhattisgarh-492018 Phone: Fax: E-mail:  manishkumar06@ntpc.co.in",https://ntpctender.ntpc.co.in/NITDetails/NITs/28835
28836,GEM/2025/B/6408027,Procurement of Batteries for Main Plant and CHP.,NTECL: NTPC TamilNadu Energy Company Ltd.,Tamilnadu,JVs & Subsidaries,Work Contract,,,,12/07/2025,12/07/2025 :10:00,02/08/2025 :17:00,02/08/2025 :17:00,02/08/2025 :17:30,,"Designation: Sr. Manager NTECL, Vallur Thermal Power Project,
Site Office Vellivoyal Chavadi Post,
Ponneri Taluk, Thiruvallur Dist, Chennai-600103, Tamilnadu Phone: Fax: E-mail:  nchaplot@ntpc.co.in",https://ntpctender.ntpc.co.in/NITDetails/NITs/28836
28837,GEM/2025/B/6389718,Providing Support Services for Bachelor Accommodation of NTPC REL at Bhuj for 24 Months with a Provision of Extension for Another 03 Months,Renewable Energy,Uttar Pradesh,Renewable Energy,Services,,,,16/07/2025,16/07/2025 :10:00,30/07/2025 :16:00,30/07/2025 :16:00,30/07/2025 :16:30,,"Designation: Sr. Manager NTPC Renewable Energy Limited (NREL)
NETRA, E-3, Echotech-II, Udyog Vihar
Greater Noida, UP-201306 Phone: Fax: E-mail:  piushverma@ntpc.co.in",https://ntpctender.ntpc.co.in/NITDetails/NITs/28837
28838,GEM/2025/B/6457295,"Comprehensive Mega O&M Contract for Operation, Mechanical, Electrical and C&I Maintenance for STG-2 Ash Handling System at NTPC Vindhyachal",Western Region Head Quarter-II,Chhattisgarh,Western Region-II,Services,1000000.00,,,16/07/2025,16/07/2025 :10:00,06/08/2025 :15:00,06/08/2025 :15:00,06/08/2025 :15:30,,"Designation: DGM NTPC Limited, Western Region-II Head Quarter,
Plot No. 87, Sector-24, Atal Nagar,
Nava Raipur, Raipur, Chhattisgarh-492101 Phone: Fax: E-mail:  srikark@ntpc.co.in",https://ntpctender.ntpc.co.in/NITDetails/NITs/28838
28839,GEM/2025/B/6459895,O&M OF 10MWp SOLAR PLANT OF TSTPS KANIHA.,Western Region Head Quarter-II,Chhattisgarh,Western Region-II,Services,200000.00,,,16/07/2025,16/07/2025 :10:00,06/08/2025 :16:00,06/08/2025 :16:00,06/08/2025 :16:30,,"Designation: DGM NTPC Limited, Western Region-II Head Quarter,
Plot No. 87, Sector-24, Atal Nagar,
Nava Raipur, Raipur, Chhattisgarh-492101 Phone: Fax: E-mail:  hariomkumar@ntpc.co.in",https://ntpctender.ntpc.co.in/NITDetails/NITs/28839
28840,GEM/2025/B/6434603,"Lumpsum based - CRN 4450 Biennial
Contract for Maintenance & Development of APCPL Nursery
General Maintenance of Plant (Mowing, Strimming, Laying,
Sweeping, Watering, Weeding).",IGSTPP: Aravali Power Copany Private Limited-Jhajjar (JV),Haryana,JVs & Subsidaries,Services,200000.00,,,17/07/2025,17/07/2025 :10:00,05/08/2025 :18:00,05/08/2025 :18:00,05/08/2025 :18:30,,"Designation: Sr. Manager Aravali Power Company Private Ltd.
(A Joint Venture of NTPC, HPGCL and IPGCL)
Indira Gandhi Super Thermal Power Project
P.O. Jharli, Dist. JHAJJAR, Haryana-124141, INDIA Phone: Fax: E-mail:  shuchisharma@ntpc.co.in",https://ntpctender.ntpc.co.in/NITDetails/NITs/28840
28841,GEM/2025/B/6435059,"Lumpsum based - CRN 4453 Biennial
Maintenance Contract For PTS -2 Horticulture Area And Supply
of Items General Maintenance of Plant (Mowing, Strimming,
Laying, Sweeping, Watering, Weeding).",IGSTPP: Aravali Power Copany Private Limited-Jhajjar (JV),Haryana,JVs & Subsidaries,Services,200000.00,,,17/07/2025,17/07/2025 :10:00,05/08/2025 :18:00,05/08/2025 :18:00,05/08/2025 :18:30,,"Designation: Sr. Manager Aravali Power Company Private Ltd.
(A Joint Venture of NTPC, HPGCL and IPGCL)
Indira Gandhi Super Thermal Power Project
P.O. Jharli, Dist. JHAJJAR, Haryana-124141, INDIA Phone: Fax: E-mail:  shuchisharma@ntpc.co.in",https://ntpctender.ntpc.co.in/NITDetails/NITs/28841
28842,GEM/2025/B/6434999,"Lumpsum based - CRN 4452 Biennial
Maintenance Contract For Main Plant Horticulture Area And
Supply of Items General Maintenance of Plant (Mowing,
Strimming, Laying, Sweeping, Watering, Weeding).",IGSTPP: Aravali Power Copany Private Limited-Jhajjar (JV),Haryana,JVs & Subsidaries,Services,200000.00,,,17/07/2025,17/07/2025 :10:00,05/08/2025 :18:00,05/08/2025 :18:00,05/08/2025 :18:30,,"Designation: Sr. Manager Aravali Power Company Private Ltd.
(A Joint Venture of NTPC, HPGCL and IPGCL)
Indira Gandhi Super Thermal Power Project
P.O. Jharli, Dist. JHAJJAR, Haryana-124141, INDIA Phone: Fax: E-mail:  shuchisharma@ntpc.co.in",https://ntpctender.ntpc.co.in/NITDetails/NITs/28842
28843,GEM/2025/B/6434320,"Lumpsum based - CRN 4459 Biennial
Maintenance Contract For PTS -1 Horticulture Area And Supply
of Items General Maintenance of Plant (Mowing, Strimming,
Laying, Sweeping, Watering, Weeding).",IGSTPP: Aravali Power Copany Private Limited-Jhajjar (JV),Haryana,JVs & Subsidaries,Services,200000.00,,,17/07/2025,17/07/2025 :10:00,05/08/2025 :18:00,05/08/2025 :18:00,05/08/2025 :18:30,,"Designation: Sr. Manager Aravali Power Company Private Ltd.
(A Joint Venture of NTPC, HPGCL and IPGCL)
Indira Gandhi Super Thermal Power Project
P.O. Jharli, Dist. JHAJJAR, Haryana-124141, INDIA Phone: Fax: E-mail:  shuchisharma@ntpc.co.in",https://ntpctender.ntpc.co.in/NITDetails/NITs/28843
28844,GEM/2025/B/6434896,"Lumpsum based - CRN 4451 Biennial
Maintenance Contract For ETS Horticulture Area And Supply of
Items General Maintenance of Plant (Mowing, Strimming,
Laying, Sweeping, Watering, Weeding).",IGSTPP: Aravali Power Copany Private Limited-Jhajjar (JV),Haryana,JVs & Subsidaries,Services,200000.00,,,17/07/2025,17/07/2025 :10:00,05/08/2025 :15:00,05/08/2025 :15:00,05/08/2025 :15:30,,"Designation: Sr. Manager Aravali Power Company Private Ltd.
(A Joint Venture of NTPC, HPGCL and IPGCL)
Indira Gandhi Super Thermal Power Project
P.O. Jharli, Dist. JHAJJAR, Haryana-124141, INDIA Phone: Fax: E-mail:  shuchisharma@ntpc.co.in",https://ntpctender.ntpc.co.in/NITDetails/NITs/28844
28845,NVVN/C&M/RE-429/2025-26,GLOBAL TENDER FOR SALE OF GYPSUM PRODUCED FROM FGD PLANT OF NTPC SIPAT.,NVVNL - NTPC Vidyut Vyapar Nigam Ltd.,Uttar Pradesh,JVs & Subsidaries,Services,,,,17/07/2025,17/07/2025 :12:00,26/09/2025 :12:00,26/09/2025 :12:00,26/09/2025 :15:00,,Designation: Sr. Manager NTPC VIDYUT VYAPAR NIGAM LIMITED EOC Plot No. A-8A Sector 24 Block A Noida Uttar Pradesh-201301 Phone: Fax: E-mail:  sandhipdebbarma@ntpc.co.in,https://ntpctender.ntpc.co.in/NITDetails/NITs/28845
28846,GEM/2025/B/6405245,"Biennial contract of Horticulture Maintenance works in A, B, C, D Type Qtrs, Silver Jubilee Park, KV Ground and Sports Stadium at NTPC Dadri.",Western Region Head Quarter-II,Chhattisgarh,Western Region-II,Work Contract,200000.00,,,15/07/2025,15/07/2025 :10:00,29/07/2025 :10:00,29/07/2025 :10:00,29/07/2025 :10:30,,"Designation: Sr. Manager NTPC Limited, Western Region-II Office,
Plot No. 87, Sector-24,
Nava Raipur, Chhattisgarh-492018 Phone: Fax: E-mail:  anujkgupta@ntpc.co.in",https://ntpctender.ntpc.co.in/NITDetails/NITs/28846
28847,GEM/2025/B/6428126,Procurement of Certified Reference Materials for NTPC NETRA.,Corporate Contracts,Uttar Pradesh,Corporate Center,Work Contract,,,,18/07/2025,18/07/2025 :10:00,29/07/2025 :11:00,29/07/2025 :11:00,29/07/2025 :11:30,,"Designation: Sr. Manager NTPC Ltd., Engineering Office Complex,
Plot No. A-8A, Sector-24, NOIDA-201301, UP, India Phone: Fax: E-mail:  deepaverma@ntpc.co.in",https://ntpctender.ntpc.co.in/NITDetails/NITs/28847
28848,GEM/2025/B/6458215,RECONDITIONING/REPAIR OF VALVES IN ASH HANDLING AREA,NTECL: NTPC TamilNadu Energy Company Ltd.,Tamilnadu,JVs & Subsidaries,Services,,,,16/07/2025,16/07/2025 :10:00,06/08/2025 :16:00,06/08/2025 :16:00,06/08/2025 :16:30,,"Designation: DGM NTECL,
Vallur Thermal Power Station,
Kuruvimedu Village, Ponneri Taluk,
Vellivoyal Chavadi Post,
Thiruvallur District, Chennai-600103 Phone: Fax: E-mail:  jaideep@ntpc.co.in",https://ntpctender.ntpc.co.in/NITDetails/NITs/28848
28849,GEM/2025/B/6464301,Template - Driven Enterprise Level Correspondence Management System (web based).,"Corporate Materials (EOC, Scope, PMI, NETRA)",Uttar Pradesh,Corporate Center,Services,200000.00,,,17/07/2025,17/07/2025 :10:00,18/08/2025 :16:00,18/08/2025 :16:00,18/08/2025 :16:30,,Designation: Manager NTPC Ltd. Engineering Office Complex Plot No. A-8A Sector-24 NOIDA-201301 UP India Phone: Fax: E-mail:  shilpakareddy@ntpc.co.in,https://ntpctender.ntpc.co.in/NITDetails/NITs/28849
28850,GEM/2025/B/6428367,IMPLEMENTATION OF ASH WEIGHMENT AND FLEET CONTROL AUTOMATION  SYSTEM  AT NTECL VALLUR.,NTECL: NTPC TamilNadu Energy Company Ltd.,Tamilnadu,JVs & Subsidaries,Services,200000.00,,,18/07/2025,18/07/2025 :10:00,08/08/2025 :17:00,08/08/2025 :17:00,08/08/2025 :17:30,,"Designation: DGM NTECL (NTPC Tamilnadu Energy Co. Ltd.)
Vallur TPP, Chennai-600 103 Phone: Fax: E-mail:  mohan02@ntpc.co.in",https://ntpctender.ntpc.co.in/NITDetails/NITs/28850
28851,GEM/2025/B/6455579,Procurement of Display Systems along with Mini PCs.,Corporate Contracts,Uttar Pradesh,Corporate Center,Work Contract,,,,18/07/2025,18/07/2025 :10:00,02/08/2025 :18:00,02/08/2025 :18:00,02/08/2025 :18:30,,"Designation: Sr. Manager NTPC Ltd., Engineering Office Complex,
Plot No. A-8A, Sector-24, NOIDA-201301, UP, India Phone: Fax: E-mail:  deepaverma@ntpc.co.in",https://ntpctender.ntpc.co.in/NITDetails/NITs/28851
28852,Consultancy/CONSULTANCY/2025-26/RDSJMU/278952,"EOI for Hiring of Office Space at Jammu City, J&K",Consultancy (Noida),Uttar Pradesh,Corporate Center,Miscellaneous (Others),,,,19/07/2025,19/07/2025 :17:30,27/07/2025 :17:30,27/07/2025 :17:30,,,"Designation: Sr. Manager NTPC Consultancy,
NOIDA, UTTAR PRADESH Phone: Fax: E-mail:  amranbhat@ntpc.co.in",https://ntpctender.ntpc.co.in/NITDetails/NITs/28852
28853,EOI/PA/TSTPS/2025-26/01,Expression of Interest for Lifting of dry fly ash from NTPC Talcher Super Thermal Power Station,Talcher Thermal Power Station,Orissa,Eastern Region-II,Miscellaneous (Others),,,,21/07/2025,21/07/2025 :10:00,10/08/2025 :17:00,10/08/2025 :17:00,,,"Designation: DGM (Ash Utilization) NTPC Kaniha THERMAL POWER STATION, PO Deepsikha, Dist. Angul, Odisha-759147 Phone: Fax: E-mail:  kamleshdewangan@ntpc.co.in",https://ntpctender.ntpc.co.in/NITDetails/NITs/28853
28854,GEM/2025/B/6450540,"Engagement of Manpower for Various Non O&M Deptts. & New Plant at NSPCL, Durgapur (SSC-25091).",NTPC-SAIL Power Company Limited (NSPCL) - Bhilai,Chhattisgarh,JVs & Subsidaries,Services,200000.00,,,19/07/2025,19/07/2025 :10:00,09/08/2025 :13:00,09/08/2025 :13:00,09/08/2025 :13:30,,"Designation: Sr. Manager NSPCL,
Shared Service Centre, Bhilai
Expansion Site, Near Purena Village,
Bhilai (East), PO Dist. Durg, Chhattisgarh-490021 Phone: Fax: E-mail:  arti.choure@nspcl.co.in",https://ntpctender.ntpc.co.in/NITDetails/NITs/28854
28855,GEM/2025/B/6455286,Biennial Round the Clock Maintenance Contract of Signaling and Telecommunication Electrical of MGR and Wayside Stations NTPC Farakka.,Western Region Head Quarter-II,Chhattisgarh,Western Region-II,Work Contract,1000000.00,,,21/07/2025,21/07/2025 :10:00,11/08/2025 :14:00,11/08/2025 :14:00,11/08/2025 :14:30,,"Designation: Sr. Manager NTPC Limited, Western Region-II Head Quarter,
Plot No. 87, Sector-24, Atal Nagar,
Nava Raipur, Raipur, Chhattisgarh-492101 Phone: Fax: E-mail:  madhuripatel@ntpc.co.in",https://ntpctender.ntpc.co.in/NITDetails/NITs/28855
28856,CS-9587-350A-9,"DPR, DE & PMC for Ddoubling of Track from Kotarlia to Lara Project
and Augmentation of in-plant Rail Yard including OHE and Signalling
& Telecommunication (S&T) Works For Lara STPP-II.",Corporate Contracts,Uttar Pradesh,Corporate Center,Services,,,,14/07/2025,14/07/2025 :10:00,01/08/2025 :13:30,01/08/2025 :13:30,01/08/2025 :15:00,,"Designation: Sr. Manager NTPC Limited, Plot A-8A, Sector 24, Noida-201301
U.P. India Phone: Fax: E-mail:  rsingh03@ntpc.co.in",https://ntpctender.ntpc.co.in/NITDetails/NITs/28856
28857,GEM/2025/B/6474755,BRC for Nursery Maintenance Housekeeping and Deployment of Diploma Holders in Plant Area at NTPC Singrauli Super Thermal Power Station,Western Region Head Quarter-II,Chhattisgarh,Western Region-II,Work Contract,500000.00,,,21/07/2025,21/07/2025 :10:00,31/07/2025 :11:00,31/07/2025 :11:00,31/07/2025 :11:30,,"Designation: DGM NTPC Limited, Western Region-II Head Quarter,
Plot No. 87, Sector-24, Atal Nagar,
Nava Raipur, Raipur, Chhattisgarh-492101 Phone: Fax: E-mail:  uknayak@ntpc.co.in",https://ntpctender.ntpc.co.in/NITDetails/NITs/28857
28858,GEM/2025/B/6453205,Deployment of BLS Ambulance with Manpower at NTPC Hospital Barauni.,Western Region Head Quarter-II,Chhattisgarh,Western Region-II,Services,200000.00,,,21/07/2025,21/07/2025 :10:00,05/08/2025 :18:00,05/08/2025 :18:00,05/08/2025 :18:30,,"Designation: Sr. Manager NTPC Limited, Western Region-II Head Quarter,
Plot No. 87, Sector-24, Atal Nagar,
Nava Raipur, Raipur, Chhattisgarh-492101 Phone: Fax: E-mail:  ilaanand@ntpc.co.in",https://ntpctender.ntpc.co.in/NITDetails/NITs/28858
28859,GEM/2025/B/6439359,Procurement of 220KV Switchyard at Unchahar,Western Region Head Quarter-II,Chhattisgarh,Western Region-II,Work Contract,200000.00,,,22/07/2025,22/07/2025 :10:00,12/08/2025 :12:00,12/08/2025 :12:00,12/08/2025 :12:30,,"Designation: Manager NTPC Limited, Western Region-II Office,
Plot No. 87, Sector-24,
Nava Raipur, Chhattisgarh-492018 Phone: Fax: E-mail:  sonaliagarwal@ntpc.co.in",https://ntpctender.ntpc.co.in/NITDetails/NITs/28859
28860,GEM/2025/B/6430275,Procurement of APH Tube for NTPC Kahalgaon.,Western Region Head Quarter-II,Chhattisgarh,Western Region-II,Work Contract,200000.00,,,18/07/2025,18/07/2025 :10:00,08/08/2025 :16:00,08/08/2025 :16:00,08/08/2025 :16:30,,"Designation: Manager NTPC Limited, Western Region-II Office,
Plot No. 87, Sector-24,
Nava Raipur, Chhattisgarh-492018 Phone: Fax: E-mail:  sonaliagarwal@ntpc.co.in",https://ntpctender.ntpc.co.in/NITDetails/NITs/28860
28861,NVVN/C&M/RE-430/2025-26,GLOBAL TENDER FOR SALE OF GYPSUM PRODUCED FROM FGD PLANT OF NTPC KUDGI.,NVVNL - NTPC Vidyut Vyapar Nigam Ltd.,Uttar Pradesh,JVs & Subsidaries,Services,,,,22/07/2025,22/07/2025 :18:00,19/09/2025 :12:00,19/09/2025 :12:00,19/09/2025 :15:00,,Designation: Sr. Manager NTPC VIDYUT VYAPAR NIGAM LIMITED EOC Plot No. A-8A Sector 24 Block A Noida Uttar Pradesh-201301 Phone: Fax: E-mail:  sandhipdebbarma@ntpc.co.in,https://ntpctender.ntpc.co.in/NITDetails/NITs/28861
28862,NTPC/USSC-CPG1/9900307131,"Biennial Contract for Manufacturing of Fly Ash Bricks in Machine No. 1, 2 and Semi-Automatic Fly Ash
Brick Manufact. Machine outside Plant Area near Gate No. 2 at NTPC Ramagundam for the Two Years 2025 2027.",Western Region Head Quarter-II,Chhattisgarh,Western Region-II,Work Contract,200000.00,2655.00,,23/07/2025,24/07/2025 :10:00,12/08/2025 :16:00,12/08/2025 :16:00,14/08/2025 :16:00,,"Designation: DGM NTPC Limited, Western Region-II Office,
Plot No. 87, Sector-24,
Nava Raipur, Chhattisgarh-492018 Phone: Fax: E-mail:  uknayak@ntpc.co.in",https://ntpctender.ntpc.co.in/NITDetails/NITs/28862
28863,NTECL/C&M/CS5976,Formation of WBM Road on Top of Ash dyke at NTECL.,NTECL: NTPC TamilNadu Energy Company Ltd.,Tamilnadu,JVs & Subsidaries,Work Contract,200000.00,2250.00,,23/07/2025,23/07/2025 :16:00,07/08/2025 :15:00,07/08/2025 :15:00,08/08/2025 :15:00,,Designation: Sr. Manager NTECL VALLUR THERMAL POWER STATION VELLIVOYALCHAVADI CHENNAI-600103 Phone: Fax: E-mail:  vckamal@ntpc.co.in,https://ntpctender.ntpc.co.in/NITDetails/NITs/28863
28864,NTPC/EOC/9900306974,Maintenance & Up-Keeping of Beautification Works Including O&M of Fountains Installed in the Road Stretch from Dhaula Kuan to Airport.,Corporate Contracts,Uttar Pradesh,Corporate Center,Work Contract,500000.00,2250.00,,23/07/2025,23/07/2025 :18:00,13/08/2025 :15:00,13/08/2025 :15:00,14/08/2025 :15:30,,"Designation: Sr. Manager NTPC Ltd., Engineering Office Complex,
Plot No. A-8A, Sector-24, NOIDA-201301, UP, India Phone: Fax: E-mail:  satishksharma@ntpc.co.in",https://ntpctender.ntpc.co.in/NITDetails/NITs/28864
28865,NVVN/C&M/RE-435/2025-26,GLOBAL TENDER FOR SALE OF GYPSUM PRODUCED FROM FGD PLANT OF NTPC GADARWARA.,NVVNL - NTPC Vidyut Vyapar Nigam Ltd.,Uttar Pradesh,JVs & Subsidaries,Services,,,,24/07/2025,24/07/2025 :14:00,31/10/2025 :12:00,31/10/2025 :12:00,31/10/2025 :15:00,,Designation: Sr. Manager NTPC VIDYUT VYAPAR NIGAM LIMITED EOC Plot No. A-8A Sector 24 Block A Noida Uttar Pradesh-201301 Phone: Fax: E-mail:  sandhipdebbarma@ntpc.co.in,https://ntpctender.ntpc.co.in/NITDetails/NITs/28865
28866,GEM/2025/B/6453575,Bulk Procurement of SCISSOR LIFTS.,Western Region Head Quarter-II,Chhattisgarh,Western Region-II,Work Contract,,,,24/07/2025,24/07/2025 :10:00,14/08/2025 :12:00,14/08/2025 :12:00,14/08/2025 :12:30,,"Designation: Sr. Manager NTPC Limited, Western Region-II Office,
Plot No. 87, Sector-24,
Nava Raipur, Chhattisgarh-492018 Phone: Fax: E-mail:  adityagupta@ntpc.co.in",https://ntpctender.ntpc.co.in/NITDetails/NITs/28866
28867,GEM/2025/B/6491556,SITC Work for 33kv Line with Streetlight along the Dispatch Road at NTPC KDCMP,Coal Mining HQ-Ranchi,Jharkhand,Coal Mining Region,Services,100000.00,,,24/07/2025,24/07/2025 :10:00,14/08/2025 :15:00,14/08/2025 :15:00,14/08/2025 :15:30,,"Designation: Sr. Manager SSC – Coal Mining NTPC Limited , Ranchi - 834002 Phone: Fax: E-mail:  skvashisth@ntpc.co.in",https://ntpctender.ntpc.co.in/NITDetails/NITs/28867
28868,CS-9590-960-9,Balance of Plant (BOP) Package For CCU (Carbon Capture and Utilization) Plants at NTPC Pudimadaka.,Corporate Contracts,Uttar Pradesh,Corporate Center,Services,20000000.00,22500.00,,24/07/2025,25/07/2025 :17:00,02/10/2025 :15:00,02/10/2025 :15:00,03/10/2025 :10:30,,Designation: Sr. Manager NTPC Ltd. Engineering Office Complex Plot No. A-8A Sector-24 NOIDA-201301 UP India Phone: Fax: E-mail:  lekrajsingh@ntpc.co.in,https://ntpctender.ntpc.co.in/NITDetails/NITs/28868
28869,CS-3100-702-9,Carbonated Fly Ash Brick (C-Brick) Plant of 2 Lakh per Day Capacity at NTPC Ramagundam,Corporate Contracts,Uttar Pradesh,Corporate Center,Services,20000000.00,22500.00,,24/07/2025,24/07/2025 :17:00,26/08/2025 :15:00,26/08/2025 :15:00,27/08/2025 :15:30,,"Designation: Sr. Manager NTPC Ltd., Engineering Office Complex,
Plot No. A-8A, Sector-24, NOIDA-201301, UP, India Phone: Fax: E-mail:  ravikumar04@ntpc.co.in",https://ntpctender.ntpc.co.in/NITDetails/NITs/28869
28870,NTECL/C&M/CS5965,BITUMINOUS PAVEMENT FOR NTECL ASH DYKE BUND ROADS.,NTECL: NTPC TamilNadu Energy Company Ltd.,Tamilnadu,JVs & Subsidaries,Work Contract,1000000.00,4500.00,,24/07/2025,24/07/2025 :18:00,13/08/2025 :15:00,13/08/2025 :15:00,14/08/2025 :15:30,,Designation: Sr. Manager NTECL Vallur Thermal Power Project Kuruvimedu Village Ponneri Taluk Vellivayal Chavadi Post Thiruvallur Dist. Chennai-600103 Phone: Fax: E-mail:  vckamal@ntpc.co.in,https://ntpctender.ntpc.co.in/NITDetails/NITs/28870
28871,EOI/AM/FlyAsh/2025,EOI for Fly Ash Requirement for Cement Plants / Quarries/ Other End Users Located within a Span of 100 KM from NSPCL Rourkela.,NSPCL - Rourkela,Orissa,JVs & Subsidaries,Miscellaneous (Others),,,,26/07/2025,26/07/2025 :10:00,25/08/2025 :17:00,25/08/2025 :17:00,,,Designation: Deputy Manager HR NSPCL-Rourkela Phone: Fax: E-mail:  uc.nayak@nspcl.co.in,https://ntpctender.ntpc.co.in/NITDetails/NITs/28871
28872,NTPC/USSC-CPG1/9900307577,"Contract for ash brick production, Operation of Ash Brick Plant including Supply and Transportation of
Bottom ash Sand, Transportation of Cement from NTPC store and DFA from ash silo to brick
Manufacturing Plant at NTPC-Lara.",Western Region Head Quarter-II,Chhattisgarh,Western Region-II,Work Contract,200000.00,2655.00,,28/07/2025,28/07/2025 :10:00,11/08/2025 :16:00,11/08/2025 :16:00,12/08/2025 :16:00,,"Designation: DGM NTPC Limited, Western Region-II Office,
Plot No. 87, Sector-24,
Nava Raipur, Chhattisgarh-492018 Phone: Fax: E-mail:  uknayak@ntpc.co.in",https://ntpctender.ntpc.co.in/NITDetails/NITs/28872
28873,BRBCL/Nabinagar/9900307165,Construction of Additional Field Hostel in BRBCL Township at the Risk and Cost of M/s Vaishno Enterprises,Bhartiya Rail Bijlee Company Limited (Subsidiary),Bihar,JVs & Subsidaries,Work Contract,500000.00,2655.00,,28/07/2025,28/07/2025 :11:00,26/08/2025 :16:00,26/08/2025 :16:00,27/08/2025 :11:00,,Designation: DGM BRBCL NABINAGARAURANGABAD BIHAR-824303 Phone: Fax: E-mail:  prabuddhakumar@ntpc.co.in,https://ntpctender.ntpc.co.in/NITDetails/NITs/28873
28874,BRBCL/Nabinagar/9900305943,Supply and Installation of Fire Proof Cable Penetration Sealing Type A n B,Bhartiya Rail Bijlee Company Limited (Subsidiary),Bihar,JVs & Subsidaries,Work Contract,500000.00,2655.00,,05/07/2025,05/07/2025 :11:00,07/08/2025 :09:00,07/08/2025 :09:00,07/08/2025 :11:00,,"Designation: DGM BRBCL, NABINAGAR,AURANGABAD, BIHAR-824303 Phone: Fax: E-mail:  prabuddhakumar@ntpc.co.in",https://ntpctender.ntpc.co.in/NITDetails/NITs/28874
28875,BRBCL/Nabinagar/9900295851,Supply and Installation of Complete 9mtr Solar Street high mast for BRBCL CSR Work.,Bhartiya Rail Bijlee Company Limited (Subsidiary),Bihar,JVs & Subsidaries,Work Contract,100000.00,1328.00,,14/07/2025,14/07/2025 :17:30,04/08/2025 :09:00,04/08/2025 :09:00,04/08/2025 :11:00,,"Designation: DGM BRBCL, NABINAGAR,AURANGABAD, BIHAR-824303 Phone: Fax: E-mail:  prabuddhakumar@ntpc.co.in",https://ntpctender.ntpc.co.in/NITDetails/NITs/28875
28876,BRBCL/Nabinagar/9900306370,"Finishing items in Admin Building at BRBCL, Nabinagar.",Bhartiya Rail Bijlee Company Limited (Subsidiary),Bihar,JVs & Subsidaries,Work Contract,200000.00,2655.00,,14/07/2025,14/07/2025 :11:30,04/08/2025 :09:00,04/08/2025 :09:00,04/08/2025 :11:00,,"Designation: DGM BRBCL, NABINAGAR,AURANGABAD, BIHAR-824303 Phone: Fax: E-mail:  prabuddhakumar@ntpc.co.in",https://ntpctender.ntpc.co.in/NITDetails/NITs/28876
28877,NTPC/USSC-CPG1/9900307075,Comprehensive O&M Contract for 92MW Floating Solar Plant at Kayamkulam and 5MWp Solar Plant at Sri Vijayapuram.,Western Region Head Quarter-II,Chhattisgarh,Western Region-II,Services,2000000.00,9293.00,,28/07/2025,28/07/2025 :18:30,18/08/2025 :16:00,18/08/2025 :16:00,20/08/2025 :16:00,,"Designation: DGM NTPC Limited, Western Region-II Office,
Plot No. 87, Sector-24,
Nava Raipur, Chhattisgarh-492018 Phone: Fax: E-mail:  hariomkumar@ntpc.co.in",https://ntpctender.ntpc.co.in/NITDetails/NITs/28877
28878,GEM/2025/B/6496263,Supply of Ballast to NTPC Vindhyachal,Western Region Head Quarter-II,Chhattisgarh,Western Region-II,Services,200000.00,,,29/07/2025,29/07/2025 :10:00,19/08/2025 :15:00,19/08/2025 :15:00,19/08/2025 :15:30,,"Designation: DGM NTPC Limited, Western Region-II Office,
Plot No. 87, Sector-24,
Nava Raipur, Chhattisgarh-492018 Phone: Fax: E-mail:  ssenthilkumar@ntpc.co.in",https://ntpctender.ntpc.co.in/NITDetails/NITs/28878
28879,GEM/2025/B/6507456,GeM OT AURAIYA BRC FOR MECHANICAL MAINTENANCE WORK.,Western Region Head Quarter-II,Chhattisgarh,Western Region-II,Services,200000.00,,,29/07/2025,29/07/2025 :10:00,08/08/2025 :11:00,08/08/2025 :11:00,08/08/2025 :11:30,,"Designation: Manager NTPC Limited, Western Region-II Head Quarter,
Plot No. 87, Sector-24, Atal Nagar,
Nava Raipur, Raipur, Chhattisgarh-492101 Phone: Fax: E-mail:  simpalkumari@ntpc.co.in",https://ntpctender.ntpc.co.in/NITDetails/NITs/28879
28880,GEM/2025/B/6469523,Deployment of AC BLS Ambulance with manpower at NTPC Nabinagar,Western Region Head Quarter-II,Chhattisgarh,Western Region-II,Services,200000.00,,,23/07/2025,23/07/2025 :10:00,06/08/2025 :11:00,06/08/2025 :11:00,06/08/2025 :11:30,,"Designation: DGM NTPC Limited, Western Region-II Head Quarter,
Plot No. 87, Sector-24, Atal Nagar,
Nava Raipur, Raipur, Chhattisgarh-492101 Phone: Fax: E-mail:  pramodkumar04@ntpc.co.in",https://ntpctender.ntpc.co.in/NITDetails/NITs/28880
28881,IGSTPP/CS/25-26/CRN-4456,Construction of RCC Road Inside Plant Area for Movement of Ash Vehicles,IGSTPP: Aravali Power Copany Private Limited-Jhajjar (JV),Haryana,JVs & Subsidaries,Services,1000000.00,5310.00,,30/07/2025,30/07/2025 :12:00,19/08/2025 :15:00,19/08/2025 :15:00,20/08/2025 :15:00,,"Designation: Manager IGSTPP, Aravali Power Company Private Limited-Jhajjar (JV),
P.O. Jharli, Dist. Jhajjar, Haryana-124141 Phone: Fax: E-mail:  hemameena@ntpc.co.in",https://ntpctender.ntpc.co.in/NITDetails/NITs/28881
28882,NTPC/USSC-CPG1/9900307506,"Procurement of 40 MVA, 220/33 KV Spare Solar Power Transformer for NTPC Auraiya GPS Against Approved Capital Budget 2024-25",Western Region Head Quarter-II,Chhattisgarh,Western Region-II,Work Contract,500000.00,2655.00,,30/07/2025,30/07/2025 :11:45,19/08/2025 :16:30,19/08/2025 :16:30,21/08/2025 :16:30,,"Designation: DGM NTPC Limited, Western Region-II Office,
Plot No. 87, Sector-24,
Nava Raipur, Chhattisgarh-492018 Phone: Fax: E-mail:  anandshanker@ntpc.co.in",https://ntpctender.ntpc.co.in/NITDetails/NITs/28882
28883,GEM/2025/B/6455237,Procurement of the GT Stage3 Turbine Rotor Blades & Fixing Material at Dadri Gas Power Station,Western Region Head Quarter-II,Chhattisgarh,Western Region-II,Work Contract,5000000.00,,,30/07/2025,30/07/2025 :10:00,20/08/2025 :15:00,20/08/2025 :15:00,20/08/2025 :15:30,,"Designation: DGM NTPC Limited, Western Region-II Office,
Plot No. 87, Sector-24,
Nava Raipur, Chhattisgarh-492018 Phone: Fax: E-mail:  sushilmeena@ntpc.co.in",https://ntpctender.ntpc.co.in/NITDetails/NITs/28883
28884,GEM/2025/B/6487912,Biennial Contract for Manual Unloading of Coal Wagons at NTPC Barauni CHP ST-2.,Western Region Head Quarter-II,Chhattisgarh,Western Region-II,Work Contract,1000000.00,,,30/07/2025,30/07/2025 :10:00,14/08/2025 :16:00,14/08/2025 :16:00,14/08/2025 :16:30,,"Designation: Sr. Manager NTPC Limited, Western Region-II Head Quarter,
Plot No. 87, Sector-24, Atal Nagar,
Nava Raipur, Raipur, Chhattisgarh-492101 Phone: Fax: E-mail:  sonamjha@ntpc.co.in",https://ntpctender.ntpc.co.in/NITDetails/NITs/28884
28885,GEM/2025/B/6515007,"GeM OT Khargone ANNUAL JOB CONTRACT FOR TRACK MAINTENANCE OF RAILWAY SIDING
AT NTPC KHARGONE (2025-26).",Western Region Head Quarter-II,Chhattisgarh,Western Region-II,Services,1000000.00,,,30/07/2025,30/07/2025 :10:00,11/08/2025 :15:00,11/08/2025 :15:00,11/08/2025 :15:30,,"Designation: Manager NTPC Limited, Western Region-II Head Quarter, Plot No. 87, Sector-24, Atal Nagar, Nava Raipur, Raipur, Chhattisgarh-492101 Phone: Fax: E-mail:  simpalkumari@ntpc.co.in",https://ntpctender.ntpc.co.in/NITDetails/NITs/28885
28886,GEM/2025/B/6424684,Supply of 11 KV Cables for NTPC Singrauli Township.,Western Region Head Quarter-II,Chhattisgarh,Western Region-II,Services,,,,31/07/2025,31/07/2025 :10:00,22/08/2025 :11:00,22/08/2025 :11:00,22/08/2025 :11:30,,"Designation: DGM NTPC Limited, Western Region-II Office,
Plot No. 87, Sector-24,
Nava Raipur, Chhattisgarh Phone: Fax: E-mail:  manishkumar06@ntpc.co.in",https://ntpctender.ntpc.co.in/NITDetails/NITs/28886
28887,NRE-CS-5822-004(MOD-1)-9,SUPPLY OF SOLAR PV MODULES FOR 1000MW SOLAR PV PROJECTS IN LALITPUR AND CHITRAKOOT IN U.P.,Renewable Energy,Uttar Pradesh,Renewable Energy,Services,,22500.00,,31/07/2025,04/08/2025 :10:00,16/08/2025 :22:00,19/08/2025 :15:00,19/08/2025 :15:30,,Designation: Sr. Manager NTPC Renewable Energy Ltd. 4th Floor Renewables Building NETRA Complex E-3 Ecotech-II Udyog Vihar Greater Noida Gautam Buddha Nagar UP India–201306 Phone: Fax: E-mail:  nabintripathi@ntpc.co.in,https://ntpctender.ntpc.co.in/NITDetails/NITs/28887
28888,NTPC/USSC-CPG1/9900307445,"Manufacturing of Cement Fly Ash Bricks through Automatic Brick Machines at VSTPS, NTPC Vindhyachal",Western Region Head Quarter-II,Chhattisgarh,Western Region-II,Work Contract,200000.00,2655.00,,01/08/2025,01/08/2025 :11:30,18/08/2025 :15:00,18/08/2025 :15:00,19/08/2025 :15:00,,"Designation: DGM NTPC Limited, Western Region-II Office,
Plot No. 87, Sector-24,
Nava Raipur, Chhattisgarh-492018 Phone: Fax: E-mail:  pramodkumar04@ntpc.co.in",https://ntpctender.ntpc.co.in/NITDetails/NITs/28888
28889,NTPC/USSC-CPG1/9900307739,Hiring of Portable DM Plant (Capacity 1000 m3/day) at NTPC Barh for One Year.,Western Region Head Quarter-II,Chhattisgarh,Western Region-II,Work Contract,,,,01/08/2025,01/08/2025 :15:00,18/08/2025 :15:00,18/08/2025 :15:00,20/08/2025 :15:00,,"Designation: DGM NTPC Limited, USSC, CPG-1,
Western Region-II Head Quarter,
Plot No. 87, Sector-24, Atal Nagar,
Nava Raipur, Raipur, Chhattisgarh-492101 Phone: Fax: E-mail:  ajaykumarshivhare@ntpc.co.in",https://ntpctender.ntpc.co.in/NITDetails/NITs/28889
28890,GEM/2025/B/6517042,"O&M Contract for FGD System at TSTPS, Kaniha.",Western Region Head Quarter-II,Chhattisgarh,Western Region-II,Work Contract,2000000.00,,,01/08/2025,01/08/2025 :10:00,22/08/2025 :15:00,22/08/2025 :15:00,22/08/2025 :15:30,,"Designation: AGM NTPC Limited, Western Region-II Head Quarter,
Plot No. 87, Sector-24, Atal Nagar,
Nava Raipur, Raipur, Chhattisgarh-492101 Phone: Fax: E-mail:  bhupeshgupta@ntpc.co.in",https://ntpctender.ntpc.co.in/NITDetails/NITs/28890
28891,GEM/2025/B/6514728,"Contract for Manpower Supply in Chemistry Department at NTPC Vindhyachal, Part-IX.",Western Region Head Quarter-II,Chhattisgarh,Western Region-II,Work Contract,200000.00,,,01/08/2025,01/08/2025 :10:00,16/08/2025 :12:00,16/08/2025 :12:00,16/08/2025 :12:30,,"Designation: DGM NTPC Limited, Western Region-II Head Quarter,
Plot No. 87, Sector-24, Atal Nagar,
Nava Raipur, Raipur, Chhattisgarh-492101 Phone: Fax: E-mail:  anandshanker@ntpc.co.in",https://ntpctender.ntpc.co.in/NITDetails/NITs/28891
28892,0230/SSC/CS/OT/16/2025-26/2800010080,PROVIDING AND FIXING FLOOR TILES IN QUARTERS ALLOTTED TO NSPCL ROURKELA,NTPC-SAIL Power Company Limited (NSPCL) - Bhilai,Chhattisgarh,JVs & Subsidaries,Services,200000.00,2655.00,,01/08/2025,01/08/2025 :10:00,01/09/2025 :18:00,04/09/2025 :15:00,04/09/2025 :15:30,,"Designation: DGM NTPC–SAIL POWER COMPANY LIMITED 
Post Office BHILAI East Dist. Durg CHHATTISGARH-490021 Phone: Fax: E-mail:  ushakumari@nspcl.co.in",https://ntpctender.ntpc.co.in/NITDetails/NITs/28892
28893,EOI/2025/MTPS/C&M/01,EOI for Hiring of Vehicles for Departmental use at NTPC Kanti.,Muzaffarpur Thermal Power Station,Bihar,JVs & Subsidaries,Miscellaneous (Others),,,,04/08/2025,04/08/2025 :10:00,25/08/2025 :17:00,25/08/2025 :17:00,,,"Designation: AGM ADM Building, NTPC, MTPS, P.O. Kanti Thermal,
Dist. Muzaffarpur, Bihar-843130 Phone: Fax: E-mail:  shaguftaanjum@ntpc.co.in",https://ntpctender.ntpc.co.in/NITDetails/NITs/28893
28894,NGEL-CS-5821-004(MOD)-9,"SUPPLY OF SOLAR PV MODULES FOR 1500MW SOLAR PV PROJECTS AT RVUNL SOLAR PARK IN BIKANER, RAJASTHAN.",Renewable Energy,Uttar Pradesh,Renewable Energy,Services,,22500.00,,03/08/2025,13/08/2025 :10:00,21/08/2025 :22:00,26/08/2025 :15:00,26/08/2025 :15:30,,Designation: Sr. Manager NTPC Green Energy Limited 4th Floor Renewable Building Plot No. 3E Ecotech-II Udyog Vihar Greater Noida Dist. Gautam Budh Nagar-201301 UP Phone: Fax: E-mail:  nabintripathi@ntpc.co.in,https://ntpctender.ntpc.co.in/NITDetails/NITs/28894
28895,0230/SSC/CS/OT/17/2025-26/2800010061,Biennial Township Civil Maintenance Works and CISF Qtrs. Maintenance Contract for Quarters Allotted to NSPCL Rourkela (2026-28).,NTPC-SAIL Power Company Limited (NSPCL) - Bhilai,Chhattisgarh,JVs & Subsidaries,Work Contract,200000.00,2655.00,,31/07/2025,31/07/2025 :10:00,14/08/2025 :10:00,21/08/2025 :15:00,21/08/2025 :15:30,,"Designation: Sr. Manager NTPC–SAIL POWER COMPANY LIMITED, 
Post Office BHILAI (East), Dist.
Durg, CHHATTISGARH-490 021 Phone: Fax: E-mail:  pratibhasoni@nspcl.co.in",https://ntpctender.ntpc.co.in/NITDetails/NITs/28895
28896,NTPC/USSC-CPG1/9900308002,Nallah Cleaning From 8 Cell Culvert to Rajiv Rahadari for Telangana Project Area.,Western Region Head Quarter-II,Chhattisgarh,Western Region-II,Services,,,,04/08/2025,04/08/2025 :12:00,09/08/2025 :16:00,09/08/2025 :16:00,11/08/2025 :16:00,,"Designation: DGM NTPC Limited, Western Region-II Office,
Plot No. 87, Sector-24,
Nava Raipur, Chhattisgarh Phone: Fax: E-mail:  uknayak@ntpc.co.in",https://ntpctender.ntpc.co.in/NITDetails/NITs/28896
28897,NVVN/C&M/RE-445/2025-26,GLOBAL TENDER FOR SALE OF GYPSUM PRODUCED FROM FGD PLANT OF NTPC SIMHADRI,NVVNL - NTPC Vidyut Vyapar Nigam Ltd.,Uttar Pradesh,JVs & Subsidaries,Services,,,,04/08/2025,04/08/2025 :13:00,25/08/2025 :17:00,25/08/2025 :17:00,26/08/2025 :15:00,,"Designation: Sr. Manager NTPC VIDYUT VYAPAR NIGAM LIMITED,
Engineering Office Complex, Plot No. A-8A
Sector 24, Block A, Noida, UP-201301 Phone: Fax: E-mail:  sandhipdebbarma@ntpc.co.in",https://ntpctender.ntpc.co.in/NITDetails/NITs/28897
28898,NVVN/C&M/RE-437/2025-26,GLOBAL TENDER FOR SALE OF GYPSUM PRODUCED FROM FGD PLANT OF NTPC DARLIPALLI.,NVVNL - NTPC Vidyut Vyapar Nigam Ltd.,Uttar Pradesh,JVs & Subsidaries,Services,,,,04/08/2025,04/08/2025 :13:00,25/08/2025 :17:00,25/08/2025 :17:00,26/08/2025 :15:00,,"Designation: Sr. Manager NTPC VIDYUT VYAPAR NIGAM LIMITED,
Engineering Office Complex, Plot No. A-8A
Sector 24, Block A, Noida, UP-201301 Phone: Fax: E-mail:  sandhipdebbarma@ntpc.co.in",https://ntpctender.ntpc.co.in/NITDetails/NITs/28898
28899,NTPC/USSC-CPG1/9900307205,"SUPPLY CUM APPLICATION OF LRB MATRESS INSULATION
ALONG WITH ALUMINIUM CLADDING/CORRUGATED SHEET AT DUCT, BOILER, HFO TANK
AND ESP AREAS FOR ONE UNIT OF STG-I (6x210 MW) VSTPS",Western Region Head Quarter-II,Chhattisgarh,Western Region-II,Services,1000000.00,3983.00,,04/08/2025,04/08/2025 :09:00,26/08/2025 :15:00,26/08/2025 :15:00,28/08/2025 :15:00,,"Designation: DGM NTPC Limited, USSC, CPG-1,
Western Region-II Head Quarter,
Plot No. 87, Sector-24, Atal Nagar,
Nava Raipur, Raipur, Chhattisgarh-492101 Phone: Fax: E-mail:  srikark@ntpc.co.in",https://ntpctender.ntpc.co.in/NITDetails/NITs/28899
28900,OFF-13-05082025,"Supply and Application of Paint on Steel Structures, Pipelines and Equipment at NTPC Stations (Category-1).",Vendor Development Cell (Raipur CG),Chhattisgarh,Western Region-II,Vendor Enlistment,,,,05/08/2025,05/08/2025 :10:00,25/08/2025 :23:55,25/08/2025 :23:55,,,"Designation: DGM NTPC Limited, Western Region-II Office,
Plot No. 87, Sector-24,
Nava Raipur, Chhattisgarh-492018 Phone: Fax: E-mail:  skbondara@ntpc.co.in",https://ntpctender.ntpc.co.in/NITDetails/NITs/28900
28901,NTPC/USSC-CPG1/9900307628,Replacement of Roof / Cladding Sheet of Various Locations at NTPC Simhadri,Western Region Head Quarter-II,Chhattisgarh,Western Region-II,Work Contract,500000.00,2655.00,,05/08/2025,05/08/2025 :12:00,21/08/2025 :13:00,21/08/2025 :13:00,22/08/2025 :15:00,,"Designation: AGM NTPC Limited, Western Region-II Office,
Plot No. 87, Sector-24,
Nava Raipur, Chhattisgarh-492018 Phone: Fax: E-mail:  kkarora@ntpc.co.in",https://ntpctender.ntpc.co.in/NITDetails/NITs/28901
28902,NRE-CS-5779-004(INFRA)-9,EPC Package for Infrastructure Development for 4750 MW RE Park at Khavda Rann of Kutch.,Renewable Energy,Uttar Pradesh,Renewable Energy,Work Contract,20000000.00,10620.00,,05/08/2025,05/08/2025 :18:00,19/08/2025 :15:00,19/08/2025 :15:00,20/08/2025 :15:00,,Designation: DGM NTPC RENEWABLE ENERGY LIMITED 4th Floor NETRA Building E-3 Ecotech-II Udyog Vihar Greater Noida Gautam Budh Nagar UP India-201306 Phone: Fax: E-mail:  AMITKUMAR22@ntpc.co.in,https://ntpctender.ntpc.co.in/NITDetails/NITs/28902
28903,GEM/2025/B/6534846,COMBINED SERVICE CONTRACT FOR OVERHAULING AND MAINTENANCE OF STAGE 1 2 AND 3 ASH HANDLING SYSTEM INSIDE BOUNDARY AT NTPC KORBA,Western Region Head Quarter-II,Chhattisgarh,Western Region-II,Services,2000000.00,,,05/08/2025,05/08/2025 :10:00,26/08/2025 :15:00,26/08/2025 :15:00,26/08/2025 :15:30,,"Designation: DGM NTPC Limited, Western Region-II Office,
Plot No. 87, Sector-24,
Nava Raipur, Chhattisgarh Phone: Fax: E-mail:  srikark@ntpc.co.in",https://ntpctender.ntpc.co.in/NITDetails/NITs/28903
28904,CS-5505-905A-9,Balance Works of Barrage and Desilting Chamber - Open Works,Corporate Contracts,Uttar Pradesh,Corporate Center,Civil Works,20000000.00,9000.00,,05/08/2025,12/09/2025 :09:00,12/11/2025 :11:00,12/11/2025 :11:00,13/11/2025 :16:00,,Designation: Sr. Manager NTPC Limited 6th Floor EOC A-8A Sector-24 NOIDA Dist. Gautam Buddha Nagar UP India-201301 Phone: Fax: E-mail:  sonamkumari@ntpc.co.in,https://ntpctender.ntpc.co.in/NITDetails/NITs/28904
28905,46MEG-19-05-08-2025,Endless belt for RC feeder,Vendor Development Cell (Raipur CG),Chhattisgarh,Western Region-II,Vendor Enlistment,,,,05/08/2025,05/08/2025 :10:00,25/08/2025 :23:55,,,,"Designation: DGM NTPC Limited, Western Region-II Office,
Plot No. 87, Sector-24,
Nava Raipur, Chhattisgarh-492018 Phone: Fax: E-mail:  sparthasarathy@ntpc.co.in",https://ntpctender.ntpc.co.in/NITDetails/NITs/28905
28906,47MEG-01-05-08-2025,Economiser Coil,Vendor Development Cell (Raipur CG),Chhattisgarh,Western Region-II,Vendor Enlistment,,,,05/08/2025,05/08/2025 :10:00,25/08/2025 :23:55,,,,"Designation: DGM NTPC Limited, Western Region-II Office,
Plot No. 87, Sector-24,
Nava Raipur, Chhattisgarh-492018 Phone: Fax: E-mail:  sparthasarathy@ntpc.co.in",https://ntpctender.ntpc.co.in/NITDetails/NITs/28906
28907,31MEG-02A-05-08-2025,SUBMERSIBLE PUMPS FOR SLURRY APPLICATION,Vendor Development Cell (Raipur CG),Chhattisgarh,Western Region-II,Vendor Enlistment,,,,05/08/2025,05/08/2025 :10:00,25/08/2025 :23:55,,,,"Designation: DGM NTPC Limited, Western Region-II Office,
Plot No. 87, Sector-24,
Nava Raipur, Chhattisgarh-492018 Phone: Fax: E-mail:  sparthasarathy@ntpc.co.in",https://ntpctender.ntpc.co.in/NITDetails/NITs/28907
28908,31MEG-02B-05-08-2025,SUBMERSIBLE PUMPS FOR NON SLURRY APPLICATION,Vendor Development Cell (Raipur CG),Chhattisgarh,Western Region-II,Vendor Enlistment,,,,05/08/2025,05/08/2025 :10:00,25/08/2025 :23:55,,,,"Designation: DGM NTPC Limited, Western Region-II Office,
Plot No. 87, Sector-24,
Nava Raipur, Chhattisgarh-492018 Phone: Fax: E-mail:  sparthasarathy@ntpc.co.in",https://ntpctender.ntpc.co.in/NITDetails/NITs/28908
28909,46MEG-05-05-08-2025,Rotary Air Preheater Basket,Vendor Development Cell (Raipur CG),Chhattisgarh,Western Region-II,Vendor Enlistment,,,,05/08/2025,05/08/2025 :10:00,25/08/2025 :23:55,,,,"Designation: DGM NTPC Limited, Western Region-II Office,
Plot No. 87, Sector-24,
Nava Raipur, Chhattisgarh-492018 Phone: Fax: E-mail:  sparthasarathy@ntpc.co.in",https://ntpctender.ntpc.co.in/NITDetails/NITs/28909
28910,56MEG-09-05-08-2025,KNIFE EDGE GATE VALVE UP TO 350NB,Vendor Development Cell (Raipur CG),Chhattisgarh,Western Region-II,Vendor Enlistment,,,,05/08/2025,05/08/2025 :10:00,25/08/2025 :23:55,,,,"Designation: DGM NTPC Limited, Western Region-II Office,
Plot No. 87, Sector-24,
Nava Raipur, Chhattisgarh-492018 Phone: Fax: E-mail:  sparthasarathy@ntpc.co.in",https://ntpctender.ntpc.co.in/NITDetails/NITs/28910
28911,10MEG-32-05-08-2025,FERRIC ALUM Grade-4,Vendor Development Cell (Raipur CG),Chhattisgarh,Western Region-II,Vendor Enlistment,,,,05/08/2025,05/08/2025 :10:00,25/08/2025 :23:55,,,,"Designation: DGM NTPC Limited, Western Region-II Office,
Plot No. 87, Sector-24,
Nava Raipur, Chhattisgarh-492018 Phone: Fax: E-mail:  sparthasarathy@ntpc.co.in",https://ntpctender.ntpc.co.in/NITDetails/NITs/28911
28912,10MEG-35-05-08-2025,Supply of Sodium Chlorite solution of 25% to 31% strength,Vendor Development Cell (Raipur CG),Chhattisgarh,Western Region-II,Vendor Enlistment,,,,05/08/2025,05/08/2025 :10:00,25/08/2025 :23:55,,,,"Designation: DGM NTPC Limited, Western Region-II Office,
Plot No. 87, Sector-24,
Nava Raipur, Chhattisgarh-492018 Phone: Fax: E-mail:  sparthasarathy@ntpc.co.in",https://ntpctender.ntpc.co.in/NITDetails/NITs/28912
28913,04MEG-02-05-08-2025,ALUMINA CASTABLE REFRACTORY,Vendor Development Cell (Raipur CG),Chhattisgarh,Western Region-II,Vendor Enlistment,,,,05/08/2025,05/08/2025 :10:00,25/08/2025 :23:55,,,,"Designation: DGM NTPC Limited, Western Region-II Office,
Plot No. 87, Sector-24,
Nava Raipur, Chhattisgarh-492018 Phone: Fax: E-mail:  sparthasarathy@ntpc.co.in",https://ntpctender.ntpc.co.in/NITDetails/NITs/28913
28914,46MEG-01A-05-08-2025,"Wear Parts (Grinding Rolls and Bull Ring Segment) of Raymond Bowl Type XRP / HP Pulverisers, Grinding Roll size 28/29 inches",Vendor Development Cell (Raipur CG),Chhattisgarh,Western Region-II,Vendor Enlistment,,,,05/08/2025,05/08/2025 :10:00,25/08/2025 :23:55,,,,"Designation: DGM NTPC Limited, Western Region-II Office,
Plot No. 87, Sector-24,
Nava Raipur, Chhattisgarh-492018 Phone: Fax: E-mail:  sparthasarathy@ntpc.co.in",https://ntpctender.ntpc.co.in/NITDetails/NITs/28914
28915,46MEG-01B-05-08-2025,"Wear Parts (Grinding Rolls and Bull Ring Segment) of Raymond Bowl Type XRP / HP Pulverisers, Grinding Roll size 36/37/43 inches",Vendor Development Cell (Raipur CG),Chhattisgarh,Western Region-II,Vendor Enlistment,,,,05/08/2025,05/08/2025 :10:00,25/08/2025 :23:55,,,,"Designation: DGM NTPC Limited, Western Region-II Office,
Plot No. 87, Sector-24,
Nava Raipur, Chhattisgarh-492018 Phone: Fax: E-mail:  sparthasarathy@ntpc.co.in",https://ntpctender.ntpc.co.in/NITDetails/NITs/28915
28916,46MEG-01C-05-08-2025,"Wear Parts (Grinding Rolls and Bull Ring Segment) of Raymond Bowl Type XRP/HP Pulverisers, Grinding Roll size 48/50/62/63 inches",Vendor Development Cell (Raipur CG),Chhattisgarh,Western Region-II,Vendor Enlistment,,,,05/08/2025,05/08/2025 :10:00,25/08/2025 :23:55,,,,"Designation: DGM NTPC Limited, Western Region-II Office,
Plot No. 87, Sector-24,
Nava Raipur, Chhattisgarh-492018 Phone: Fax: E-mail:  sparthasarathy@ntpc.co.in",https://ntpctender.ntpc.co.in/NITDetails/NITs/28916
28917,16MEG-11-05-08-2025,FIRE FIGHTING HOSES,Vendor Development Cell (Raipur CG),Chhattisgarh,Western Region-II,Vendor Enlistment,,,,05/08/2025,05/08/2025 :10:00,25/08/2025 :23:55,,,,"Designation: DGM NTPC Limited, Western Region-II Office,
Plot No. 87, Sector-24,
Nava Raipur, Chhattisgarh-492018 Phone: Fax: E-mail:  sparthasarathy@ntpc.co.in",https://ntpctender.ntpc.co.in/NITDetails/NITs/28917
28918,TMD-21-05-08-2025,"Mechanical Maintenance (AMC/BMC) of Gas Turbine (Turbine and Auxiliaries), Steam Turbine (Turbine and Auxiliaries), Waste- heat Recovery Boiler
(WHRB) and Off- Site area equipment in a Gas Turbine Power plant Excluding Major Overhauling of Gas & Steam Turbine.",Vendor Development Cell (Raipur CG),Chhattisgarh,Western Region-II,Vendor Enlistment,,,,05/08/2025,05/08/2025 :10:00,25/08/2025 :23:55,,,,"Designation: DGM NTPC Limited, Western Region-II Office,
Plot No. 87, Sector-24,
Nava Raipur, Chhattisgarh-492018 Phone: Fax: E-mail:  sparthasarathy@ntpc.co.in",https://ntpctender.ntpc.co.in/NITDetails/NITs/28918
28919,TMD-22-05-08-2025,Vendor Enlistment for Material Mix up (Dissimilar metal checking) checking & other NDT works for TG area,Vendor Development Cell (Raipur CG),Chhattisgarh,Western Region-II,Vendor Enlistment,,,,05/08/2025,05/08/2025 :10:00,25/08/2025 :23:55,,,,"Designation: DGM NTPC Limited, Western Region-II Office,
Plot No. 87, Sector-24,
Nava Raipur, Chhattisgarh-492018 Phone: Fax: E-mail:  sparthasarathy@ntpc.co.in",https://ntpctender.ntpc.co.in/NITDetails/NITs/28919
28920,TMD-23-05-08-2025,Vendor Enlistment for Residual life assessment (RLA) study of steam turbine of  200 MW Units & Above,Vendor Development Cell (Raipur CG),Chhattisgarh,Western Region-II,Vendor Enlistment,,,,05/08/2025,05/08/2025 :10:00,25/08/2025 :23:55,,,,"Designation: DGM NTPC Limited, Western Region-II Office,
Plot No. 87, Sector-24,
Nava Raipur, Chhattisgarh-492018 Phone: Fax: E-mail:  sparthasarathy@ntpc.co.in",https://ntpctender.ntpc.co.in/NITDetails/NITs/28920
28921,BMD-33-05-08-2025,"SUPPLY AND APPLICATION OF PAINT ON STRUCTURES, EQUIPMENTS & PIPING OF BOILER AND IT’S AUXILIARIES for NTPC Stations",Vendor Development Cell (Raipur CG),Chhattisgarh,Western Region-II,Vendor Enlistment,,,,05/08/2025,05/08/2025 :10:00,25/08/2025 :23:55,,,,"Designation: DGM NTPC Limited, Western Region-II Office,
Plot No. 87, Sector-24,
Nava Raipur, Chhattisgarh-492018 Phone: Fax: E-mail:  sparthasarathy@ntpc.co.in",https://ntpctender.ntpc.co.in/NITDetails/NITs/28921
28922,50MEG-03C-05-08-2025,"Tube Nest of Oil Coolers (Except MOT, Seal Oil & Control Fluid System) (Category-1).",Vendor Development Cell (Raipur CG),Chhattisgarh,Western Region-II,Vendor Enlistment,,,,05/08/2025,05/08/2025 :10:00,25/08/2025 :23:55,,,,"Designation: DGM NTPC Limited, Western Region-II Office,
Plot No. 87, Sector-24,
Nava Raipur, Chhattisgarh-492018 Phone: Fax: E-mail:  sparthasarathy@ntpc.co.in",https://ntpctender.ntpc.co.in/NITDetails/NITs/28922
28923,NTPC/USSC-CPG1/9900307677,"Job contract for Roof Treatment works of TG building stage-I at
NTPC-Vindhyachal",Western Region Head Quarter-II,Chhattisgarh,Western Region-II,Work Contract,,,,06/08/2025,06/08/2025 :11:00,20/08/2025 :11:00,20/08/2025 :11:00,22/08/2025 :11:00,,"Designation: DGM NTPC Limited, USSC, CPG-1,
Western Region-II Head Quarter,
Plot No. 87, Sector-24, Atal Nagar,
Nava Raipur, Raipur, Chhattisgarh-492101 Phone: Fax: E-mail:  pramodkumar04@ntpc.co.in",https://ntpctender.ntpc.co.in/NITDetails/NITs/28923
28924,GEM/2025/B/6535760,Replacement of Roofing and Cladding Sheet in Coal Handling Plant of Internal and External CHP area at NTECL,NTECL: NTPC TamilNadu Energy Company Ltd.,Tamilnadu,JVs & Subsidaries,Services,500000.00,,,06/08/2025,06/08/2025 :10:00,26/08/2025 :15:00,26/08/2025 :15:00,26/08/2025 :15:30,,"Designation: DGM NTECL, Vallur Thermal Power Project,
Site Office Vellivoyal Chavadi Post,
Ponneri Taluk, Thiruvallur Dist, Chennai-600103, Tamilnadu Phone: Fax: E-mail:  jaideep@ntpc.co.in",https://ntpctender.ntpc.co.in/NITDetails/NITs/28924
28925,GEM/2025/B/6532156,Procurement & Installation of 98 Inch Display System.,Corporate Contracts,Uttar Pradesh,Corporate Center,Work Contract,50000.00,,,06/08/2025,06/08/2025 :10:00,27/08/2025 :15:00,27/08/2025 :15:00,27/08/2025 :15:30,,Designation: Sr. Manager NTPC Ltd. Engineering Office Complex Plot No. A-8A Sector-24 NOIDA-201301 UP India Phone: Fax: E-mail:  deepaverma@ntpc.co.in,https://ntpctender.ntpc.co.in/NITDetails/NITs/28925
28926,9900307736,"RENOVATION WITH ACOUSTIC TREATMENT OF NEW COMMUNITY CENTER AT FHC, NTPC FARAKKA",Western Region Head Quarter-II,Chhattisgarh,Western Region-II,Work Contract,,,,06/08/2025,06/08/2025 :13:00,19/08/2025 :16:00,19/08/2025 :16:00,20/08/2025 :16:00,,"Designation: DGM NTPC Limited, Western Region-II Office,
Plot No. 87, Sector-24,
Nava Raipur, Chhattisgarh-492018 Phone: Fax: E-mail:  pankajkumar07@ntpc.co.in",https://ntpctender.ntpc.co.in/NITDetails/NITs/28926
28927,GEM/2025/B/6524158,"BEML Make BD-155 Dozer Spares in CHP, NTPC Kaniha",Western Region Head Quarter-II,Chhattisgarh,Western Region-II,Services,,,,06/08/2025,06/08/2025 :10:00,27/08/2025 :15:00,27/08/2025 :15:00,27/08/2025 :15:30,,"Designation: Sr. Manager NTPC Limited, Western Region-II Office,
Plot No. 87, Sector-24,
Nava Raipur, Chhattisgarh-492018 Phone: Fax: E-mail:  skkumar01@ntpc.co.in",https://ntpctender.ntpc.co.in/NITDetails/NITs/28927
28928,CS-0011-170D-9,Development of 4000 MWh BESS at NTPC Thermal Stations.,Corporate Contracts,Uttar Pradesh,Corporate Center,Services,,,,08/08/2025,20/08/2025 :10:00,19/09/2025 :17:00,19/09/2025 :17:00,20/09/2025 :10:00,,Designation: Sr. Manager NTPC Limited 6th Floor Engineering Office Complex A-8A Sector-24 NOIDA Distt. Gautam Budh Nagar UP INDIA-201301 Phone: Fax: E-mail:  rsingh03@ntpc.co.in,https://ntpctender.ntpc.co.in/NITDetails/NITs/28928
28929,NVVN/C&M/RE-446/2025-26,GLOBAL TENDER FOR SALE OF GYPSUM PRODUCED FROM FGD PLANT FROM NTPC TALCHER KANIHA,NVVNL - NTPC Vidyut Vyapar Nigam Ltd.,Uttar Pradesh,JVs & Subsidaries,Services,,,,07/08/2025,07/08/2025 :13:00,14/11/2025 :12:00,14/11/2025 :12:00,14/11/2025 :15:00,,Designation: Sr. Manager NVVNL Engineering Office Complex Plot No. A-8A Sector 24 Block A Noida Uttar Pradesh 201301 Phone: Fax: E-mail:  sandhipdebbarma@ntpc.co.in,https://ntpctender.ntpc.co.in/NITDetails/NITs/28929
28930,GEM/2025/B/6550420,Rate Contract for Hiring of Tent Services for Various Occasions of NTECL.,NTECL: NTPC TamilNadu Energy Company Ltd.,Tamilnadu,JVs & Subsidaries,Work Contract,,,,08/08/2025,08/08/2025 :10:00,29/08/2025 :17:00,29/08/2025 :17:00,29/08/2025 :17:30,,"Designation: DGM NTECL, Vallur Thermal Power Project,
Site Office Vellivoyal Chavadi Post,
Ponneri Taluk, Thiruvallur Dist, Chennai-600103, Tamilnadu Phone: Fax: E-mail:  mohan02@ntpc.co.in",https://ntpctender.ntpc.co.in/NITDetails/NITs/28930
28931,GEM/2025/B/6549707,"Operation, Maintenance & Housekeeping Contract of WFGD Plant (Wet Flue Gas Desulphurization Plant) of 2x800Mw Boilers for Two Years at NTPC Telangana.",Western Region Head Quarter-II,Chhattisgarh,Western Region-II,Services,1000000.00,,,08/08/2025,08/08/2025 :10:00,01/09/2025 :15:00,01/09/2025 :15:00,01/09/2025 :15:30,,"Designation: DGM NTPC Limited, USSC, CPG-1,
Western Region-II Head Quarter,
Plot No. 87, Sector-24, Atal Nagar,
Nava Raipur, Raipur, Chhattisgarh-492101 Phone: Fax: E-mail:  srikark@ntpc.co.in",https://ntpctender.ntpc.co.in/NITDetails/NITs/28931
28932,GEM/2025/B/6549984,"Permanent Dust Suppression System (DSS) at Wharf Walls 1 & 2 and along the Interconnecting Roads of Talaipalli Coal Mine Project, Raigarh (C.G.).",Coal Mining HQ-Ranchi,Jharkhand,Coal Mining Region,Services,500000.00,,,08/08/2025,08/08/2025 :18:00,29/08/2025 :15:00,29/08/2025 :15:00,29/08/2025 :15:30,,"Designation: DGM SSC – Coal Mining HQ
NTPC Limited,
C/o NML NTPC Mining Ltd.,
Ramkeshi Heights,
Plot No. 123, Old A.G. Colony,
Kadru, Ranchi-834002 Phone: Fax: E-mail:  dheerendramishra@ntpc.co.in",https://ntpctender.ntpc.co.in/NITDetails/NITs/28932
28933,IGSTPP/CS/25-26/CRN-4469,Sale of Gypsum Produced from Flue Gas Desulphurization Plant at INDIRA GANDHI SUPER THERMAL POWER PROJECT Stage-I,IGSTPP: Aravali Power Copany Private Limited-Jhajjar (JV),Haryana,JVs & Subsidaries,Miscellaneous (Others),,,,05/08/2025,05/08/2025 :10:00,05/09/2025 :16:00,,,,"Designation: DGM APCPL / Indira Gandhi Super Thermal Power Project,
Jharli, Dist. Jhajjar, Haryana- 124141 Phone: Fax: E-mail:  amitsaikia@ntpc.co.in",https://ntpctender.ntpc.co.in/NITDetails/NITs/28933
28934,GEM/2025/B/6554879,RECONDITIONING/REPAIR OF VALVES IN ASH HANDLING AREA,NTECL: NTPC TamilNadu Energy Company Ltd.,Tamilnadu,JVs & Subsidaries,Services,,,,09/08/2025,09/08/2025 :10:00,23/08/2025 :15:00,23/08/2025 :15:00,23/08/2025 :15:30,,"Designation: DGM NTECL, Vallur Thermal Power Project, Kuruvimedu Village,
Ponneri Taluk, Vellivayal Chavadi Post, Thiruvallur Dist. Chennai-600103 Phone: Fax: E-mail:  jaideep@ntpc.co.in",https://ntpctender.ntpc.co.in/NITDetails/NITs/28934
28935,NTPC/EOC/9900307775,Renovation Work at Core 4 Scope APTEL,"Corporate Materials (EOC, Scope, PMI, NETRA)",Uttar Pradesh,Corporate Center,Work Contract,1000000.00,4500.00,,09/08/2025,09/08/2025 :09:00,18/09/2025 :15:00,18/09/2025 :15:00,19/09/2025 :15:30,,Designation: DGM Corporate Material EOC NTPC Limited NOIDA Uttar Pradesh Phone: Fax: E-mail:  msrinivasarao1@ntpc.co.in,https://ntpctender.ntpc.co.in/NITDetails/NITs/28935
28936,NTPC/USSC-CPG1/9900308365,"Supply and Erection of UPVC Pipes, Water Spray Nozzles, Drift Eliminators
and V-Bar with SS Weld Mesh for St-I NDCT at NTPC Simhadri",Western Region Head Quarter-II,Chhattisgarh,Western Region-II,Work Contract,,,,11/08/2025,11/08/2025 :15:00,25/08/2025 :15:00,25/08/2025 :15:00,26/08/2025 :15:00,,"Designation: DGM NTPC Limited, USSC, CPG-1,
Western Region-II Head Quarter,
Plot No. 87, Sector-24, Atal Nagar,
Nava Raipur, Raipur, Chhattisgarh-492101 Phone: Fax: E-mail:  ajaykumarshivhare@ntpc.co.in",https://ntpctender.ntpc.co.in/NITDetails/NITs/28936
28937,GEM/2025/B/6557221,Procurement of SS Coal Burner Liners having Wear Resistant Coating/Material with Guaranteed life of 2 Years - NTPC Barh.,Western Region Head Quarter-II,Chhattisgarh,Western Region-II,Work Contract,500000.00,,,11/08/2025,11/08/2025 :10:00,01/09/2025 :15:00,01/09/2025 :15:00,01/09/2025 :15:30,,"Designation: DGM NTPC Limited, Western Region-II Office,
Plot No. 87, Sector-24,
Nava Raipur, Chhattisgarh-492018 Phone: Fax: E-mail:  ssenthilkumar@ntpc.co.in",https://ntpctender.ntpc.co.in/NITDetails/NITs/28937
28938,GEM/2025/B/6552502,Procurement of Steel Cord Conveyor Belt Width 1600 mm for NTPC Mouda.,Western Region Head Quarter-II,Chhattisgarh,Western Region-II,Work Contract,200000.00,,,12/08/2025,12/08/2025 :10:00,02/09/2025 :15:00,02/09/2025 :15:00,02/09/2025 :15:30,,"Designation: DGM NTPC Limited, Western Region-II Office,
Plot No. 87, Sector-24,
Nava Raipur, Chhattisgarh-492018 Phone: Fax: E-mail:  sushilmeena@ntpc.co.in",https://ntpctender.ntpc.co.in/NITDetails/NITs/28938
28939,GEM/2025/B/6562456,"Biennial Maintenance Contract for Ash Pipe Lines Maintenance, MS Pipe Rotation Replacement &
Miscellaneous Work at NTPC Tanda Stage 1(4x110MW)-AHD01",Western Region Head Quarter-II,Chhattisgarh,Western Region-II,Work Contract,50000.00,,,12/08/2025,12/08/2025 :10:00,22/08/2025 :16:00,22/08/2025 :16:00,22/08/2025 :16:30,,"Designation: DGM NTPC Limited, Western Region-II Office,
Plot No. 87, Sector-24,
Nava Raipur, Chhattisgarh-492018 Phone: Fax: E-mail:  uknayak@ntpc.co.in",https://ntpctender.ntpc.co.in/NITDetails/NITs/28939
28940,SSC-CMHQ-314668-SPV-01,Enlistment of Vendors for EPC Tenders for Development of Roof Top SPV Based Grid Connected Power Plant for NTPC/NML Coal Mines.,Coal Mining HQ-Ranchi,Jharkhand,Coal Mining Region,Vendor Enlistment,,,,12/08/2025,12/08/2025 :10:00,02/09/2025 :23:55,,,,"Designation: Sr. Manager Coal Mining NTPC Limited,
Ranchi - 834002 Phone: Fax: E-mail:  skvashisth@ntpc.co.in",https://ntpctender.ntpc.co.in/NITDetails/NITs/28940
28941,NTPC/USSC-CPG1/9900308019,"Administrative Building Auditorium Interior, Acoustics, AV, Electrical and Other Associated Works at NTPC Koldam",Western Region Head Quarter-II,Chhattisgarh,Western Region-II,Work Contract,,,,13/08/2025,13/08/2025 :15:00,01/09/2025 :15:00,01/09/2025 :15:00,03/09/2025 :15:00,,"Designation: DGM NTPC Limited, USSC, CPG-1,
Western Region-II Head Quarter,
Plot No. 87, Sector-24, Atal Nagar,
Nava Raipur, Raipur, Chhattisgarh-492101 Phone: Fax: E-mail:  ajaykumarshivhare@ntpc.co.in",https://ntpctender.ntpc.co.in/NITDetails/NITs/28941
28942,GEM/2025/B/6562588,Biennial Contract for BOBR Rake Unloading and Operation Assistance in MGR of NTPC Sipat,Western Region Head Quarter-II,Chhattisgarh,Western Region-II,Work Contract,1000000.00,,,12/08/2025,12/08/2025 :10:00,03/09/2025 :13:00,03/09/2025 :13:00,03/09/2025 :13:30,,"Designation: DGM NTPC Limited, Western Region-II Office,
Plot No. 87, Sector-24,
Nava Raipur, Chhattisgarh-492018 Phone: Fax: E-mail:  srikark@ntpc.co.in",https://ntpctender.ntpc.co.in/NITDetails/NITs/28942
28943,GEM/2025/B/6562003,Biannual Maintenance Contract for Conveyor Belt Vulcanizing and Pulley Lagging Works in CHP at NTPC Ramagundam,Western Region Head Quarter-II,Chhattisgarh,Western Region-II,Work Contract,500000.00,,,13/08/2025,13/08/2025 :10:00,23/08/2025 :16:00,23/08/2025 :16:00,23/08/2025 :16:30,,"Designation: DGM NTPC Limited, Western Region-II Head Quarter,
Plot No. 87, Sector-24, Atal Nagar,
Nava Raipur, Raipur, Chhattisgarh-492101 Phone: Fax: E-mail:  anandshanker@ntpc.co.in",https://ntpctender.ntpc.co.in/NITDetails/NITs/28943
28944,NRE-CS-5834-004(EPC)-9,EPC PACKAGE WITH LAND FOR DEVELOPMENT OF 300MW GRID CONNECTED SOLAR PV PROJECT ANYWHERE IN GOA,Renewable Energy,Uttar Pradesh,Renewable Energy,Services,200000000.00,22500.00,,13/08/2025,13/08/2025 :10:00,22/08/2025 :12:00,27/08/2025 :15:00,27/08/2025 :15:30,,Designation: DGM NTPC Renewable Energy Limited 4th Floor Renewables Building NETRA Complex E-3 Ecotech-II Udyog Vihar Greater Noida Gautam Buddha Nagar UP India-201306 Phone: Fax: E-mail:  prishantpathik@ntpc.co.in,https://ntpctender.ntpc.co.in/NITDetails/NITs/28944
28945,BRBCL/Nabinagar/9900307465,"Construction of Balance Civil Works of Ash
Water Recirculation System Pump House
(AWRS) and its Allied Works for BRBCL in
BIHAR.",Bhartiya Rail Bijlee Company Limited (Subsidiary),Bihar,JVs & Subsidaries,Work Contract,1000000.00,5310.00,,14/08/2025,14/08/2025 :11:00,28/08/2025 :16:00,28/08/2025 :16:00,29/08/2025 :11:00,,"Designation: DGM BRBCL, NABINAGAR, AURANGABAD, BIHAR-824303 Phone: Fax: E-mail:  prabuddhakumar@ntpc.co.in",https://ntpctender.ntpc.co.in/NITDetails/NITs/28945
28946,GEM/2025/B/6559108,BIENNIAL JOB CONTRACT FOR REPLACEMENT RECTIFICATION OF 8 PASSES OF ESP HOPPER AT NTPC VINDHYACHAL,Western Region Head Quarter-II,Chhattisgarh,Western Region-II,Work Contract,500000.00,,,14/08/2025,14/08/2025 :10:00,29/08/2025 :10:00,29/08/2025 :10:00,29/08/2025 :10:30,,"Designation: Sr. Manager NTPC Limited, Western Region-II Head Quarter,
Plot No. 87, Sector-24, Atal Nagar,
Nava Raipur, Raipur, Chhattisgarh-492101 Phone: Fax: E-mail:  sonamjha@ntpc.co.in",https://ntpctender.ntpc.co.in/NITDetails/NITs/28946
28947,GEM/2025/B/6497878,Procurement of Bushings for Service Transformers,NTECL: NTPC TamilNadu Energy Company Ltd.,Tamilnadu,JVs & Subsidaries,Work Contract,,,,14/08/2025,14/08/2025 :10:00,04/09/2025 :16:00,04/09/2025 :16:00,04/09/2025 :16:30,,"Designation: Sr. Manager NTECL, Vallur Thermal Power Project,
Vellivoyal Chavadi Post,
Ponneri Taluk, Thiruvallur Dist, Chennai-600103, Tamilnadu Phone: Fax: E-mail:  nchaplot@ntpc.co.in",https://ntpctender.ntpc.co.in/NITDetails/NITs/28947
28948,NRE-CS-5779-004(MOD-03)-9,SUPPLY OF SOLAR PV MODULES FOR 1200MW SOLAR PV PROJECTS AT NTPC REL KHAVDA RE PARK-SOUTH BLOCK IN RANN OF KUTCH GUJARAT.,Renewable Energy,Uttar Pradesh,Renewable Energy,Services,,22500.00,,15/08/2025,18/08/2025 :10:00,21/08/2025 :17:00,28/08/2025 :15:00,28/08/2025 :15:30,,"Designation: Sr. Manager NTPC Renewable Energy Limited
4th Floor, Renewables Building, NETRA Complex
E-3, Ecotech-II, Udyog Vihar, Greater Noida
Gautam Buddha Nagar, UP, India–201306 Phone: Fax: E-mail:  nabintripathi@ntpc.co.in",https://ntpctender.ntpc.co.in/NITDetails/NITs/28948
28949,GEM/2025/B/6574680,HIRING OF ADVANCED LIFE SUPPORT (ALS) & BASIC LIFE SUPPORT (BLS) AMBULANCES WITH MANPOWER FOR 03 YEARS AT NTECL.,NTECL: NTPC TamilNadu Energy Company Ltd.,Tamilnadu,JVs & Subsidaries,Work Contract,200000.00,,,14/08/2025,14/08/2025 :10:00,25/08/2025 :17:00,25/08/2025 :17:00,25/08/2025 :17:30,,"Designation: DGM NTECL,
Vallur Thermal Power Station,
Kuruvimedu Village, Ponneri Taluk,
Vellivoyal Chavadi Post,
Thiruvallur District, Chennai - 600103 Phone: Fax: E-mail:  jaideep@ntpc.co.in",https://ntpctender.ntpc.co.in/NITDetails/NITs/28949
28950,NTPC/BgTPS/PondAsh/EOI/2025/01,"Expression of Interest (EoI) for Issue of Pond Ash on Free of Cost,
First come First Served Basis with Transportation by Bidder, from NTPC Bongaigaon.",Bongaigaon Thermal Power Project,Assam,Eastern Region-II,Miscellaneous (Others),,,,12/08/2025,12/08/2025 :10:00,27/08/2025 :17:00,27/08/2025 :17:00,,,"Designation: DGM (AUD) NTPC Bongaigaon Thermal Power Plant, PO Salakati, Kokrajhar, Assam-783369 Phone: Fax: E-mail:  tapasbarman@ntpc.co.in",https://ntpctender.ntpc.co.in/NITDetails/NITs/28950
28951,NTPC/EOC/9900308536,Empanelment of Film Producers,Corporate Contracts,Uttar Pradesh,Corporate Center,Services,500000.00,2250.00,,18/08/2025,18/08/2025 :16:00,12/09/2025 :12:00,12/09/2025 :12:00,12/09/2025 :16:00,,Designation: Manager NTPC LTD. 1st Floor EOC Plot No. A-8A Sector 24 NOIDA UP India-201301 Phone: Fax: E-mail:  achyutroy@ntpc.co.in,https://ntpctender.ntpc.co.in/NITDetails/NITs/28951
28952,NGEL-CS-5833-004(BESS)-9,"EPC PACKAGE FOR DEVELOPMENT OF 80MW / 320 MWH BESS CAPACITY BY NGEL
AT KSEB SUBSTATIONS AT POTHENCODE AND SREEKANTAPURAM IN KERALA.",Renewable Energy,Uttar Pradesh,Renewable Energy,Services,,22500.00 500.00,,18/08/2025,22/08/2025 :10:00,25/09/2025 :17:00,30/09/2025 :15:00,30/09/2025 :15:30,,Designation: DGM NTPC LTD. 4th Floor Renewables Building NETRA Complex E-3 Ecotech-II Udyog Vihar Greater Noida Gautam Buddha Nagar UP India–201306 Phone: Fax: E-mail:  ghazanfermunam@ntpc.co.in,https://ntpctender.ntpc.co.in/NITDetails/NITs/28952
28953,Anta/HR/2025-26/HR-ADM/339315,Expression of Interest (EOI) - Fresh Hiring of Transit Camp and Office Space at Kota,Anta Gas Power Project,Rajasthan,Western Region-I,Miscellaneous (Others),,,,19/08/2025,19/08/2025 :10:00,02/09/2025 :17:30,02/09/2025 :17:30,,,"Designation: Dy. Manager NTPC LTD, ANTA Phone: Fax: E-mail:  nishantkumar03@ntpc.co.in",https://ntpctender.ntpc.co.in/NITDetails/NITs/28953
28954,NVVN/C&M/RE-449/2025-26,GLOBAL TENDER FOR SALE OF GYPSUM PRODUCED FROM FGD PLANT OF NTPC LARA.,NVVNL - NTPC Vidyut Vyapar Nigam Ltd.,Uttar Pradesh,JVs & Subsidaries,Services,,,,19/08/2025,19/08/2025 :13:00,07/11/2025 :12:00,07/11/2025 :12:00,07/11/2025 :15:00,,Designation: Sr. Manager NTPC VIDYUT VYAPAR NIGAM LIMITED Engineering Office Complex Plot No. A-8A Sector 24 Block A Noida Uttar Pradesh-201301 Phone: Fax: E-mail:  sandhipdebbarma@ntpc.co.in,https://ntpctender.ntpc.co.in/NITDetails/NITs/28954
28955,GEM/2025/B/6584234,Development of Grid Connected 265 kWp Roof Top Solar at R&R Colony along with O&M for 3 Years at PBCMP.,Coal Mining HQ-Ranchi,Jharkhand,Coal Mining Region,Services,200000.00,,,19/08/2025,19/08/2025 :10:00,09/09/2025 :15:00,09/09/2025 :15:00,09/09/2025 :15:30,,"Designation: Sr. Manager Coal Mining NTPC Limited, Ranchi - 834002 Phone: Fax: E-mail:  skvashisth@ntpc.co.in",https://ntpctender.ntpc.co.in/NITDetails/NITs/28955
28956,GEM/2025/B/6585007,"Development of 35 kWp Rooftop Solar PV Project at NTPC Badam Administrative Office, Sikri",Coal Mining HQ-Ranchi,Jharkhand,Coal Mining Region,Services,,,,19/08/2025,19/08/2025 :10:00,09/09/2025 :15:00,09/09/2025 :15:00,09/09/2025 :15:30,,"Designation: Sr. Manager Coal Mining NTPC Limited, Ranchi - 834002 Phone: Fax: E-mail:  skvashisth@ntpc.co.in",https://ntpctender.ntpc.co.in/NITDetails/NITs/28956
28957,GEM/2025/B/6580208,Comprehensive O&M Contract for FGD System.,Western Region Head Quarter-II,Chhattisgarh,Western Region-II,Services,2000000.00,,,20/08/2025,20/08/2025 :10:00,10/09/2025 :15:00,10/09/2025 :15:00,10/09/2025 :15:30,,"Designation: AGM NTPC Limited, Western Region-II Head Quarter,
Plot No. 87, Sector-24, Atal Nagar,
Nava Raipur, Raipur, Chhattisgarh-492101 Phone: Fax: E-mail:  bhupeshgupta@ntpc.co.in",https://ntpctender.ntpc.co.in/NITDetails/NITs/28957
28958,GEM/2025/B/6581379,BIENNIAL O&M CONTRACT OF FGD PLANT OF DSTPS STAGE-1 UNITS,Western Region Head Quarter-II,Chhattisgarh,Western Region-II,Services,2000000.00,,,20/08/2025,20/08/2025 :10:00,10/09/2025 :15:00,10/09/2025 :15:00,10/09/2025 :15:30,,"Designation: AGM NTPC Limited, Western Region-II Head Quarter,
Plot No. 87, Sector-24, Atal Nagar,
Nava Raipur, Raipur, Chhattisgarh-492101 Phone: Fax: E-mail:  bhupeshgupta@ntpc.co.in",https://ntpctender.ntpc.co.in/NITDetails/NITs/28958
28959,GEM/2025/B/6562195,Procurement of Sodium Hypochlorite for NTPC Plants.,Western Region Head Quarter-II,Chhattisgarh,Western Region-II,Work Contract,,,,20/08/2025,16/08/2025 :10:00,06/09/2025 :17:00,06/09/2025 :17:00,06/09/2025 :17:30,,"Designation: DGM NTPC Limited, Western Region-II Office,
Plot No. 87, Sector-24,
Nava Raipur, Chhattisgarh-492018 Phone: Fax: E-mail:  deepaktripathi@ntpc.co.in",https://ntpctender.ntpc.co.in/NITDetails/NITs/28959
28960,GEM/2025/B/6583968,Housekeeping Water Supply Drainage and Sanitation Works in BTPS Barauni Township for 02 Years.,Western Region Head Quarter-II,Chhattisgarh,Western Region-II,Services,500000.00,,,20/08/2025,20/08/2025 :10:00,30/08/2025 :12:00,30/08/2025 :12:00,30/08/2025 :12:30,,"Designation: DGM NTPC Limited, Western Region-II Office,
Plot No. 87, Sector-24,
Nava Raipur, Chhattisgarh-492018 Phone: Fax: E-mail:  uknayak@ntpc.co.in",https://ntpctender.ntpc.co.in/NITDetails/NITs/28960
28961,NTPC/USSC-CPG1/9900308170,Contract Proposal for Refurbishment of Siemens V94.2 Gas Turbine BladeRow3 for NTPC Dadri Gas Power Station,Western Region Head Quarter-II,Chhattisgarh,Western Region-II,Services,200000.00,2655.00,,21/08/2025,21/08/2025 :12:00,10/09/2025 :15:00,10/09/2025 :15:00,11/09/2025 :15:00,,"Designation: Sr. Manager NTPC Limited, Western Region-II Office,
Plot No. 87, Sector-24,
Nava Raipur, Chhattisgarh-492018 Phone: Fax: E-mail:  sonamjha@ntpc.co.in",https://ntpctender.ntpc.co.in/NITDetails/NITs/28961
28962,NTPC/USSC-CPG1/9900308704,"Supply, Installation and Commissioning including AMC of Peripheral CCTV Security Surveillance System at NTPC Auraiya.",Western Region Head Quarter-II,Chhattisgarh,Western Region-II,Work Contract,,,,21/08/2025,21/08/2025 :15:00,08/09/2025 :15:00,08/09/2025 :15:00,10/09/2025 :15:00,,"Designation: DGM NTPC Limited, USSC, CPG-1,
Western Region-II Head Quarter,
Plot No. 87, Sector-24, Atal Nagar,
Nava Raipur, Raipur, Chhattisgarh-492101 Phone: Fax: E-mail:  ajaykumarshivhare@ntpc.co.in",https://ntpctender.ntpc.co.in/NITDetails/NITs/28962
28963,GEM/2025/B/6467842,Biennial Round the Clock Maintenance Contract of Signaling and Telecommunication / Electrical of MGR & Wayside Stations NTPC Farakka,Western Region Head Quarter-II,Chhattisgarh,Western Region-II,Services,1000000.00,,,21/08/2025,21/08/2025 :10:00,05/09/2025 :16:00,05/09/2025 :16:00,05/09/2025 :16:30,,"Designation: Sr. Manager NTPC Limited, Western Region-II Head Quarter,
Plot No. 87, Sector-24, Atal Nagar,
Nava Raipur, Raipur, Chhattisgarh-492101 Phone: Fax: E-mail:  madhuripatel@ntpc.co.in",https://ntpctender.ntpc.co.in/NITDetails/NITs/28963
28964,GEM/2025/B/6594464,Coal Transportation from PB Northwest CMP to Banadag Railway Siding for 6 Years.,Coal Mining HQ-Ranchi,Jharkhand,Coal Mining Region,Services,100000000.00,,,21/08/2025,21/08/2025 :10:00,04/09/2025 :15:00,04/09/2025 :15:00,04/09/2025 :15:30,,"Designation: Sr. Manager Coal Mining NTPC Limited, Ranchi - 834002 Phone: Fax: E-mail:  skvashisth@ntpc.co.in",https://ntpctender.ntpc.co.in/NITDetails/NITs/28964
28965,NREL-CS-5835-004-9,EPC WITH LAND PACKAGE FOR DEVELOPMENT OF 300 MW ISTS CONNECTED GROUND MOUNTED SOLAR PV PROJECT NEAR NTPC ANTA,Renewable Energy,Uttar Pradesh,Renewable Energy,Services,200000000.00,22500.00,,22/08/2025,22/08/2025 :10:00,27/08/2025 :12:00,30/08/2025 :15:00,30/08/2025 :15:30,,"Designation: DGM NTPC Renewable Energy Limited
4th Floor, Renewables Building, NETRA Complex
E-3, Ecotech-II, Udyog Vihar, Greater Noida
Gautam Buddha Nagar, UP, India–201306 Phone: Fax: E-mail:  prishantpathik@ntpc.co.in",https://ntpctender.ntpc.co.in/NITDetails/NITs/28965
28966,GEM/2025/B/6598126,"Biennial Job Contract for Breakdown and Overhaul Maintenance of Burner Blocks,
SOFA & Coal Pipes for Stage-II, III, IV & V (7 X 500 MW) Boiler Units at NTPC Vindhyachal",Western Region Head Quarter-II,Chhattisgarh,Western Region-II,Work Contract,200000.00,,,22/08/2025,22/08/2025 :10:00,02/09/2025 :11:00,02/09/2025 :11:00,02/09/2025 :11:30,,"Designation: DGM NTPC Limited, Western Region-II Office,
Plot No. 87, Sector-24,
Nava Raipur, Chhattisgarh-492018 Phone: Fax: E-mail:  anandshanker@ntpc.co.in",https://ntpctender.ntpc.co.in/NITDetails/NITs/28966
28967,GEM/2025/B/6576855,Oil Syringes and SS Bottles for Transformer Oil Sample Collection at NTECL.,NTECL: NTPC TamilNadu Energy Company Ltd.,Tamilnadu,JVs & Subsidaries,Services,,,,23/08/2025,23/08/2025 :10:00,13/09/2025 :16:00,13/09/2025 :16:00,13/09/2025 :16:30,,"Designation: Sr. Manager NTECL, Vallur Thermal Power Project, Kuruvimedu Village,
Ponneri Taluk, Vellivayal Chavadi Post, Thiruvallur Dist. Chennai-600103 Phone: Fax: E-mail:  nchaplot@ntpc.co.in",https://ntpctender.ntpc.co.in/NITDetails/NITs/28967
28968,9900308770,"Rate Contract for Hiring of Closed Hard Top Vehicle (Bolero AC) 10 hrs, 24 hrs Duty with Drivers for NTPC RSTPS and TeSTPP.",Ramagundam Super Thermal Power,Telangana,Southern Region,Work Contract,100000.00,1125.00,,25/08/2025,25/08/2025 :10:00,02/09/2025 :16:30,02/09/2025 :16:30,03/09/2025 :11:00,,"Designation: DGM Ramagundam Super Thermal Power Station
CONTRACT SERVICES & MATERIALS DEPARTMENT
PO Jyothinagar Dist. Peddapalli – 505215, Telangana Phone: Fax: E-mail:  psivakumar@ntpc.co.in",https://ntpctender.ntpc.co.in/NITDetails/NITs/28968
28969,GEM/2025/B/6577463,NIT for Procurement of Conservators for Outdoor Transformers.,NTECL: NTPC TamilNadu Energy Company Ltd.,Tamilnadu,JVs & Subsidaries,Work Contract,100000.00,,,25/08/2025,25/08/2025 :10:00,15/09/2025 :17:00,15/09/2025 :17:00,15/09/2025 :17:30,,"Designation: Sr. Manager NTECL, Vallur Thermal Power Project, Kuruvimedu Village,
Ponneri Taluk, Vellivayal Chavadi Post, Thiruvallur Dist. Chennai-600103 Phone: Fax: E-mail:  nchaplot@ntpc.co.in",https://ntpctender.ntpc.co.in/NITDetails/NITs/28969
28970,GEM/2025/B/6548171,Centralized Bulk Procurement of Payloaders for NTPC Stations,Western Region Head Quarter-II,Chhattisgarh,Western Region-II,Work Contract,,,,20/08/2025,20/08/2025 :10:00,10/09/2025 :16:00,10/09/2025 :16:00,10/09/2025 :16:30,,"Designation: Manager NTPC Limited, Western Region-II Office,
Plot No. 87, Sector-24,
Nava Raipur, Chhattisgarh-492018 Phone: Fax: E-mail:  sonaliagarwal@ntpc.co.in",https://ntpctender.ntpc.co.in/NITDetails/NITs/28970
28971,GEM/2025/B/6524102,Procurement of SS Pipes and Bends at NTPC Kudgi.,Western Region Head Quarter-II,Chhattisgarh,Western Region-II,Work Contract,,,,21/08/2025,21/08/2025 :10:00,11/09/2025 :16:00,11/09/2025 :16:00,11/09/2025 :16:30,,"Designation: Sr. Manager NTPC Limited, Western Region-II Office,
Plot No. 87, Sector-24,
Nava Raipur, Chhattisgarh-492018 Phone: Fax: E-mail:  sonaliagarwal@ntpc.co.in",https://ntpctender.ntpc.co.in/NITDetails/NITs/28971
28972,BRBCL/Nabinagar/9900308711,Civil Works for AC and Ventilation Systems in TG and ESP VFD Civil Works in Cable Galleries and Civil Works in A Row Staircase at BRBCL Plant.,Bhartiya Rail Bijlee Company Limited (Subsidiary),Bihar,JVs & Subsidaries,Work Contract,200000.00,2655.00,,26/08/2025,26/08/2025 :16:30,09/09/2025 :16:00,09/09/2025 :16:00,10/09/2025 :11:00,,"Designation: DGM BRBCL, NABINAGAR, AURANGABAD, BIHAR 824303 Phone: Fax: E-mail:  prabuddhakumar@ntpc.co.in",https://ntpctender.ntpc.co.in/NITDetails/NITs/28972
28973,GEM/2025/B/6577483,"Biennial Service Contract for Hydrostatic Testing, Painting,
Labelling & Refilling of Extinguishers and Supply of Spare Parts for Fire
Extinguishers.",NTECL: NTPC TamilNadu Energy Company Ltd.,Tamilnadu,JVs & Subsidaries,Work Contract,,,,26/08/2025,26/08/2025 :10:00,16/09/2025 :17:00,16/09/2025 :17:00,16/09/2025 :17:30,,"Designation: DGM NTECL, Vallur Thermal Power Project,
Site Office Vellivoyal Chavadi Post,
Ponneri Taluk, Thiruvallur Dist, Chennai-600103, Tamilnadu Phone: Fax: E-mail:  mohan02@ntpc.co.in",https://ntpctender.ntpc.co.in/NITDetails/NITs/28973
28974,GEM/2025/B/6612750,"Loading, Transportation, Unloading and Wagon Loading of Coal from Surface Coal Yard of Pakri Barwadih Coal Mining Project and TP10 Stockyard to Banadag Railway Siding for a Period of 12 Months",Coal Mining HQ-Ranchi,Jharkhand,Coal Mining Region,Services,10000000.00,,,26/08/2025,26/08/2025 :10:00,19/09/2025 :15:00,19/09/2025 :15:00,19/09/2025 :15:30,,Designation: Sr. Manager Coal Mining NTPC Limited Ranchi - 834002 Phone: Fax: E-mail:  skvashisth@ntpc.co.in,https://ntpctender.ntpc.co.in/NITDetails/NITs/28974
28975,NTPC/USSC-CPG1/9900309112,Replacement of Stage 2 DG Sets (03 X 1250KVA) at NTPC Vindhyachal.,Western Region Head Quarter-II,Chhattisgarh,Western Region-II,Work Contract,,,,27/08/2025,27/08/2025 :16:00,15/09/2025 :15:00,15/09/2025 :15:00,17/09/2025 :15:00,,"Designation: DGM NTPC Limited, USSC, CPG-1,
Western Region-II Head Quarter,
Plot No. 87, Sector-24, Atal Nagar,
Nava Raipur, Raipur, Chhattisgarh-492101 Phone: Fax: E-mail:  ajaykumarshivhare@ntpc.co.in",https://ntpctender.ntpc.co.in/NITDetails/NITs/28975
28976,GEM/2025/B/6614904,Coal Transportation from CBCMP mines to Bachra Railway Siding and North Karanpura STPP for a Period of 01 Year.,Coal Mining HQ-Ranchi,Jharkhand,Coal Mining Region,Services,20000000.00,,,27/08/2025,27/08/2025 :10:00,25/09/2025 :15:00,25/09/2025 :15:00,25/09/2025 :15:30,,Designation: Sr. Manager Coal Mining NTPC Limited Ranchi - 834002 Phone: Fax: E-mail:  skvashisth@ntpc.co.in,https://ntpctender.ntpc.co.in/NITDetails/NITs/28976
28977,NTPC/USSC-CPG1/9900307233,"Supply, Installation, Testing and Commissioning of 200MVA 400kV/132kV ICT at NTPC
Singrauli and Kahalgaon",Western Region Head Quarter-II,Chhattisgarh,Western Region-II,Work Contract,,,,28/08/2025,28/08/2025 :09:00,15/09/2025 :15:00,15/09/2025 :15:00,17/09/2025 :15:00,,"Designation: DGM NTPC Limited, USSC, CPG-1, Western Region-II Head Quarter, Plot No. 87, Sector-24, Atal Nagar, Nava Raipur, Raipur, Chhattisgarh-492101 Phone: Fax: E-mail:  ajaykumarshivhare@ntpc.co.in",https://ntpctender.ntpc.co.in/NITDetails/NITs/28977
28978,GEM/2025/B/6423749,HIRING OF 04 NOS OF CARS ON RENTAL BASIS FOR INSPECTION DEPARTMENT OF RIO-DELHI,"Corporate Materials (EOC, Scope, PMI, NETRA)",Uttar Pradesh,Corporate Center,Work Contract,100000.00,,,28/08/2025,28/08/2025 :10:00,18/09/2025 :11:00,18/09/2025 :11:00,18/09/2025 :11:30,,Designation: Manager NTPC Ltd. Engineering Office Complex Plot No. A-8A Sector-24 NOIDA-201301 UP India Phone: Fax: E-mail:  shilpakareddy@ntpc.co.in,https://ntpctender.ntpc.co.in/NITDetails/NITs/28978
28979,GEM/2025/B/6620697,Proposal for BMC of RSTPS MGR Track Maintenance,Western Region Head Quarter-II,Chhattisgarh,Western Region-II,Services,2000000.00,,,28/08/2025,28/08/2025 :10:00,12/09/2025 :15:00,12/09/2025 :15:00,12/09/2025 :15:30,,"Designation: DGM NTPC Limited, USSC, CPG-1,
Western Region-II Head Quarter,
Plot No. 87, Sector-24, Atal Nagar,
Nava Raipur, Raipur, Chhattisgarh-492101 Phone: Fax: E-mail:  hariomkumar@ntpc.co.in",https://ntpctender.ntpc.co.in/NITDetails/NITs/28979
28980,EOI/Bhilai-PP3/ANNX-B/25-26,"EOI for Issue of Pond Ash on Free of Cost, First come First Served Basis with Transportation by Bidder, from NSPCL-Bhilai.",NTPC-SAIL Power Company Limited (NSPCL) - Bhilai,Chhattisgarh,JVs & Subsidaries,Miscellaneous (Others),,,,23/08/2025,23/08/2025 :10:00,04/09/2025 :17:00,04/09/2025 :17:00,,,"Designation: AGM NSPCL-Bhilai Thermal Power Station,
Expansion Power Plant, Near Village- Purena,
Bhilai (East), Bhilai, Dist. Durg, Chhattisgarh-490021 Phone: Fax: E-mail:  bn.goutam@nspcl.co.in",https://ntpctender.ntpc.co.in/NITDetails/NITs/28980
28981,GEM/2025/B/6620628,"Statutory Inspection, Testing and Certification of Lifting tools and Tackles (2025-27).",NTECL: NTPC TamilNadu Energy Company Ltd.,Tamilnadu,JVs & Subsidaries,Services,,,,29/08/2025,29/08/2025 :10:00,08/09/2025 :17:00,08/09/2025 :17:00,08/09/2025 :17:30,,"Designation: DGM NTECL, Vallur Thermal Power Project,
Site Office Vellivoyal Chavadi Post,
Ponneri Taluk, Thiruvallur Dist, Chennai-600103, Tamilnadu Phone: Fax: E-mail:  jaideep@ntpc.co.in",https://ntpctender.ntpc.co.in/NITDetails/NITs/28981
28982,GEM/2025/B/6602773,"Procurement of 2000 KVA, 11 /0.433 KV Dry Type Transformers (Type 1 & Type 2).",NTECL: NTPC TamilNadu Energy Company Ltd.,Tamilnadu,JVs & Subsidaries,Work Contract,200000.00,,,29/08/2025,29/08/2025 :10:00,19/09/2025 :12:00,19/09/2025 :12:00,19/09/2025 :12:30,,"Designation: Sr. Manager NTECL, Vallur Thermal Power Project, Vellivoyal Chavadi Post,
Ponneri Taluk, Thiruvallur Dist, Chennai-600103, Tamilnadu Phone: Fax: E-mail:  nchaplot@ntpc.co.in",https://ntpctender.ntpc.co.in/NITDetails/NITs/28982
28983,EOI/VSTPS/PONDASH/2025-26/01,"Issue of Pond Ash on Free of Cost, First come First Served Basis with Transportation by Bidder, from NTPC Vindhyachal",Vindhyachal Super Thermal Power,Madhya Pradesh,Northern Region,Miscellaneous (Others),,,,30/08/2025,30/08/2025 :10:00,10/09/2025 :18:00,10/09/2025 :18:00,,,"Designation: Sr. Manager (AUD) NTPC VINDHYACHAL SUPER
THERMAL POWER STATION,
SINGRAULI, Madhya
Pradesh - 486885 Phone: Fax: E-mail:  smpandey@ntpc.co.in",https://ntpctender.ntpc.co.in/NITDetails/NITs/28983
28984,GEM/2025/B/6630795,"Supply, Installation and Commissioning of IBM Make Hardware and Software for PRADIP Refresh",Corporate Contracts,Uttar Pradesh,Corporate Center,Services,,,,01/09/2025,01/09/2025 :10:00,25/09/2025 :15:00,25/09/2025 :15:00,25/09/2025 :15:30,,Designation: Manager NTPC Ltd. Engineering Office Complex Plot No. A-8A Sector-24 NOIDA-201301 UP India Phone: Fax: E-mail:  shilpakareddy@ntpc.co.in,https://ntpctender.ntpc.co.in/NITDetails/NITs/28984
28985,MGR-03-02092025,Ultrasonic Flaw Detector (USFD)Testing of MGR Rail Track & Welded Joints in MGR,Vendor Development Cell (Raipur CG),Chhattisgarh,Western Region-II,Vendor Enlistment,,,,02/09/2025,02/09/2025 :10:00,22/09/2025 :23:55,22/09/2025 :23:55,,,"Designation: DGM NTPC Limited, Western Region-II Office,
Plot No. 87, Sector-24,
Nava Raipur, Chhattisgarh-492018 Phone: Fax: E-mail:  skbondara@ntpc.co.in",https://ntpctender.ntpc.co.in/NITDetails/NITs/28985
28986,IT-01-02092025,IT-FMS (Facility Management Services) Services at NTPC Plant/Location,Vendor Development Cell (Raipur CG),Chhattisgarh,Western Region-II,Vendor Enlistment,,,,02/09/2025,02/09/2025 :10:00,22/09/2025 :23:55,22/09/2025 :23:55,,,"Designation: DGM NTPC Limited, Western Region-II Office,
Plot No. 87, Sector-24,
Nava Raipur, Chhattisgarh-492018 Phone: Fax: E-mail:  skbondara@ntpc.co.in",https://ntpctender.ntpc.co.in/NITDetails/NITs/28986
28987,OFF-10A-02092025,Supply and installation of Fills in Cooling Tower (s).,Vendor Development Cell (Raipur CG),Chhattisgarh,Western Region-II,Vendor Enlistment,,,,02/09/2025,02/09/2025 :10:00,22/09/2025 :23:55,22/09/2025 :23:55,,,"Designation: DGM NTPC Limited, Western Region-II Office,
Plot No. 87, Sector-24,
Nava Raipur, Chhattisgarh-492018 Phone: Fax: E-mail:  skbondara@ntpc.co.in",https://ntpctender.ntpc.co.in/NITDetails/NITs/28987
28988,TMD-24-02092025,"Vendor Enlistment for Eddy current testing of Condenser &
Heat Exchanger tubes in turbine area. (CATEGORY-I Enlistment).",Vendor Development Cell (Raipur CG),Chhattisgarh,Western Region-II,Vendor Enlistment,,,,02/09/2025,02/09/2025 :10:00,22/09/2025 :23:55,22/09/2025 :23:55,,,"Designation: DGM NTPC Limited, Western Region-II Office,
Plot No. 87, Sector-24,
Nava Raipur, Chhattisgarh-492018 Phone: Fax: E-mail:  skbondara@ntpc.co.in",https://ntpctender.ntpc.co.in/NITDetails/NITs/28988
28989,TMD-25-02092025,Chemical cleaning of Condenser tubes & Heat Exchanger tubes in turbine area,Vendor Development Cell (Raipur CG),Chhattisgarh,Western Region-II,Vendor Enlistment,,,,02/09/2025,02/09/2025 :10:00,22/09/2025 :23:55,22/09/2025 :23:55,,,"Designation: DGM NTPC Limited, Western Region-II Office,
Plot No. 87, Sector-24,
Nava Raipur, Chhattisgarh-492018 Phone: Fax: E-mail:  skbondara@ntpc.co.in",https://ntpctender.ntpc.co.in/NITDetails/NITs/28989
28990,GEM/2025/B/6631452,Comprehensive FGD O and M contract for ST 1 and 2 of NTPC Ltd. Singrauli,Western Region Head Quarter-II,Chhattisgarh,Western Region-II,Services,2000000.00,,,01/09/2025,01/09/2025 :10:00,23/09/2025 :13:00,23/09/2025 :13:00,23/09/2025 :13:30,,"Designation: DGM NTPC Limited, Western Region-II Office,
Plot No. 87, Sector-24,
Nava Raipur, Chhattisgarh Phone: Fax: E-mail:  srikark@ntpc.co.in",https://ntpctender.ntpc.co.in/NITDetails/NITs/28990
28991,GEM/2025/B/6559912,Bulk Procurement of P22 and P11 Pipes for Pan NTPC basis.,Western Region Head Quarter-II,Chhattisgarh,Western Region-II,Work Contract,,,,02/09/2025,02/09/2025 :10:00,23/09/2025 :16:00,23/09/2025 :16:00,23/09/2025 :16:30,,"Designation: Sr. Manager NTPC Limited, Western Region-II Office,
Plot No. 87, Sector-24,
Nava Raipur, Chhattisgarh-492018 Phone: Fax: E-mail:  adityagupta@ntpc.co.in",https://ntpctender.ntpc.co.in/NITDetails/NITs/28991
28992,GEM/2025/B/6620462,Proposal for Hiring of A3 Heavy-Duty Printers on Rental Basis,Corporate Contracts,Uttar Pradesh,Corporate Center,Work Contract,,,,02/09/2025,02/09/2025 :10:00,22/09/2025 :11:00,22/09/2025 :11:00,22/09/2025 :11:30,,Designation: Manager NTPC Ltd. Engineering Office Complex Plot No. A-8A Sector-24 NOIDA-201301 UP India Phone: Fax: E-mail:  shilpakareddy@ntpc.co.in,https://ntpctender.ntpc.co.in/NITDetails/NITs/28992
28993,CS-8013/8038/8027-001A-2,"Lara Super Thermal Power Project Stage-III (2x800 MW), DVC-CIL Chandrapura Thermal Power Station (2 X 800 MW) & IBTPS Stage-III (2X660 MW).",Corporate Contracts,Uttar Pradesh,Corporate Center,Work Contract,,,,02/09/2025,03/10/2025 :10:00,24/10/2025 :12:30,24/10/2025 :12:30,24/10/2025 :16:00,,"Designation: DGM NTPC Limited,
6th Floor, Engineering Office Complex,
A-8A, Sector-24, NOIDA, Distt. Gautam
Buddha Nagar, (UP), India-201301 Phone: Fax: E-mail:  amitk@ntpc.co.in",https://ntpctender.ntpc.co.in/NITDetails/NITs/28993
28994,GEM/2025/B/6560594,Bulk Procurement of Transformer Silicon Oil Filtration Machine 600 LPH,Western Region Head Quarter-II,Chhattisgarh,Western Region-II,Work Contract,,,,03/09/2025,03/09/2025 :10:00,22/09/2025 :16:00,22/09/2025 :16:00,22/09/2025 :16:30,,"Designation: DGM NTPC Limited, Western Region-II Office,
Plot No. 87, Sector-24,
Nava Raipur, Chhattisgarh- Phone: Fax: E-mail:  manishkumar06@ntpc.co.in",https://ntpctender.ntpc.co.in/NITDetails/NITs/28994
28995,GEM/2025/B/6602621,"Hiring of Payloader, Self-tipping Dumpers, Backhoe Loader, Dozer & Excavator at CHP for Assistance in Unloading of Coal NKSTPP.",Western Region Head Quarter-II,Chhattisgarh,Western Region-II,Services,500000.00,,,03/09/2025,03/09/2025 :10:00,17/09/2025 :16:00,17/09/2025 :16:00,17/09/2025 :16:30,,"Designation: Sr. Manager NTPC Limited, USSC, CPG-1,
Western Region-II Head Quarter,
Plot No. 87, Sector-24, Atal Nagar,
Nava Raipur, Raipur, Chhattisgarh-492101 Phone: Fax: E-mail:  ilaanand@ntpc.co.in",https://ntpctender.ntpc.co.in/NITDetails/NITs/28995
28996,GEM/2025/B/6613458,PROCUREMENT OF TWO SETS OF SCAFFOLDING FOR 210MW Boilers at SSTPS,Western Region Head Quarter-II,Chhattisgarh,Western Region-II,Work Contract,500000.00,,,04/09/2025,04/09/2025 :10:00,25/09/2025 :16:00,25/09/2025 :16:00,25/09/2025 :16:30,,"Designation: DGM NTPC Limited, Western Region-II Office,
Plot No. 87, Sector-24,
Nava Raipur, Chhattisgarh-492018 Phone: Fax: E-mail:  sushilmeena@ntpc.co.in",https://ntpctender.ntpc.co.in/NITDetails/NITs/28996
28997,GEM/2025/B/6618658,"Supply, Installation, Implementation, Commissioning and Maintenance of Enterprise wide Supporting Infra PRADIP Refresh",Corporate Contracts,Uttar Pradesh,Corporate Center,Services,5000000.00,,,04/09/2025,04/09/2025 :10:00,25/09/2025 :15:00,25/09/2025 :15:00,25/09/2025 :15:30,,Designation: Sr. Manager NTPC Ltd. Engineering Office Complex Plot No. A-8A Sector-24 NOIDA-201301 UP India Phone: Fax: E-mail:  satishksharma@ntpc.co.in,https://ntpctender.ntpc.co.in/NITDetails/NITs/28997
28998,GEM/2025/B/6644928,Unloading of Coal from IR BOBR Wagons at Track Hoppers and Unloading Jobs at Wagon Tipplers at NTPC Farakka,Western Region Head Quarter-II,Chhattisgarh,Western Region-II,Services,2000000.00,,,05/09/2025,05/09/2025 :10:00,26/09/2025 :15:00,26/09/2025 :15:00,26/09/2025 :15:30,,"Designation: DGM NTPC Limited, Western Region-II Office,
Plot No. 87, Sector-24,
Nava Raipur, Chhattisgarh Phone: Fax: E-mail:  srikark@ntpc.co.in",https://ntpctender.ntpc.co.in/NITDetails/NITs/28998
28999,GEM/2025/B/6649881,"Bi-annual Operation & Maintenance Contract of 20 MW Floating Solar PV plant &
Additional manpower for 20MW Ground solar PV Plant at NTPC Auraiya",Western Region Head Quarter-II,Chhattisgarh,Western Region-II,Services,200000.00,,,05/09/2025,05/09/2025 :10:00,26/09/2025 :16:00,26/09/2025 :16:00,26/09/2025 :16:30,,"Designation: DGM NTPC Limited, USSC, CPG-1,
Western Region-II Head Quarter,
Plot No. 87, Sector-24, Atal Nagar,
Nava Raipur, Raipur, Chhattisgarh-492101 Phone: Fax: E-mail:  hariomkumar@ntpc.co.in",https://ntpctender.ntpc.co.in/NITDetails/NITs/28999
29000,CS-0011-130C-9,Methanol Procurement for Demonstration of Methanol Firing in Kayamkulam GT,Corporate Contracts,Uttar Pradesh,Corporate Center,Equipment Supply & Erection,,,,05/09/2025,05/09/2025 :10:00,19/09/2025 :11:00,19/09/2025 :11:00,19/09/2025 :11:30,,"Designation: DGM NTPC Limited,
Plot A-8A, Sector 24, Noida-201301
State of U.P. India Phone: Fax: E-mail:  shailendrakrsrivastava@ntpc.co.in",https://ntpctender.ntpc.co.in/NITDetails/NITs/29000
29001,GEM/2025/B/6647389,Procurement of PROCUREMENT OF SULPHAMIC ACID FOR CONDENSER CHEMICAL CLEANING AT NTECL VALLUR,NTECL: NTPC TamilNadu Energy Company Ltd.,Tamilnadu,JVs & Subsidaries,Work Contract,100000.00,,,08/09/2025,08/09/2025 :10:00,18/09/2025 :13:00,18/09/2025 :13:00,18/09/2025 :13:30,,"Designation: Sr. Manager NTECL, Vallur Thermal Power Project,
Site Office Vellivoyal Chavadi Post,
Ponneri Taluk, Thiruvallur Dist, Chennai-600103, Tamilnadu Phone: Fax: E-mail:  nchaplot@ntpc.co.in",https://ntpctender.ntpc.co.in/NITDetails/NITs/29001
29002,NTPC/USSC-CPG1/9900309031,External painting of Cooling Towers of NTPC Barh STPP.,Western Region Head Quarter-II,Chhattisgarh,Western Region-II,Work Contract,200000.00,2655.00,,08/09/2025,08/09/2025 :17:00,29/09/2025 :17:00,29/09/2025 :17:00,30/09/2025 :17:00,,"Designation: Manager NTPC Limited, Western Region-II Office,
Plot No. 87, Sector-24,
Nava Raipur, Chhattisgarh-492018 Phone: Fax: E-mail:  swatantrakumar@ntpc.co.in",https://ntpctender.ntpc.co.in/NITDetails/NITs/29002
29003,9900309853,"PAINTING OF RESIDENTIAL AND PUBLIC BUILDING IN
TOWNSHIP INCLUDING URJA BHAWAN COMPLEX,
SAMAWESHI BHAWAN, CISF BARRACK AND JANJI COLONY
AT NTPC SIPAT FOR YEAR 2025-27.",Western Region Head Quarter-II,Chhattisgarh,Western Region-II,Work Contract,,,,09/09/2025,09/09/2025 :13:00,18/09/2025 :16:00,18/09/2025 :16:00,19/09/2025 :16:00,,"Designation: DGM NTPC Limited,
USSC, CPG-1,
Western Region-II Head Quarter,
Plot No.-87, Sector-24, Atal Nagar
Nava Raipur, Raipur, Chhattisgarh-492018 Phone: Fax: E-mail:  pankajkumar07@ntpc.co.in",https://ntpctender.ntpc.co.in/NITDetails/NITs/29003
29004,NTPC/USSC-CPG1/9900309356,Biennial Civil Maintenance Contract (Part-A) for Plant for the year 2025-26 and 2026-27 at NTPC Barh STPS,Western Region Head Quarter-II,Chhattisgarh,Western Region-II,Work Contract,200000.00,2655.00,,09/09/2025,09/09/2025 :12:00,24/09/2025 :13:00,24/09/2025 :13:00,25/09/2025 :15:00,,"Designation: AGM NTPC Limited,
Western Region-II Head Quarter,
Plot No.-87, Sector-24, Atal Nagar
Nava Raipur, Raipur, Chhattisgarh-492018 Phone: Fax: E-mail:  kkarora@ntpc.co.in",https://ntpctender.ntpc.co.in/NITDetails/NITs/29004
29005,GEM/2025/B/6636926,Deployment of ALS and BLS Ambulance with Manpower for NTPC Mouda for 03 Years,Western Region Head Quarter-II,Chhattisgarh,Western Region-II,Services,200000.00,,,10/09/2025,10/09/2025 :10:00,25/09/2025 :11:00,25/09/2025 :11:00,25/09/2025 :11:30,,"Designation: AGM NTPC Limited, Western Region-II Head Quarter,
Plot No. 87, Sector-24, Atal Nagar,
Nava Raipur, Raipur, Chhattisgarh-492101 Phone: Fax: E-mail:  kkarora@ntpc.co.in",https://ntpctender.ntpc.co.in/NITDetails/NITs/29005
29006,GEM/2025/B/6632454,BULK PROCUREMENT OF HT FASTENERS FOR NTPC STATIONS,Western Region Head Quarter-II,Chhattisgarh,Western Region-II,Work Contract,,,,09/09/2025,09/09/2025 :10:00,01/10/2025 :15:00,01/10/2025 :15:00,01/10/2025 :15:30,,"Designation: Sr. Manager NTPC Limited, Western Region-II Office,
Plot No. 87, Sector-24,
Nava Raipur, Chhattisgarh Phone: Fax: E-mail:  vikashkumar11@ntpc.co.in",https://ntpctender.ntpc.co.in/NITDetails/NITs/29006
29007,NTECL/C&M/CS5995,Construction of Chemical Storage Shed Balance Works at NTECL,NTECL: NTPC TamilNadu Energy Company Ltd.,Tamilnadu,JVs & Subsidaries,Work Contract,50000.00,1125.00,,09/09/2025,09/09/2025 :18:55,29/09/2025 :15:00,29/09/2025 :15:00,30/09/2025 :15:30,,"Designation: Sr. Manager NTECL, Vallur Thermal Power Project,
Site Office Vellivoyal Chavadi Post,
Ponneri Taluk, Thiruvallur Dist, Chennai-600103, Tamilnadu Phone: Fax: E-mail:  vckamal@ntpc.co.in",https://ntpctender.ntpc.co.in/NITDetails/NITs/29007
29008,NTPC/USSC-CPG1/9900309252,TRANSPORTATION OF COAL FROM MAGADH MINES OF CCL TO NTPC NORTH KARANPURA SUPER THERMAL POWER PROJECT,Western Region Head Quarter-II,Chhattisgarh,Western Region-II,Services,10000000.00,10620.00,,11/09/2025,11/09/2025 :15:10,01/10/2025 :15:00,01/10/2025 :15:00,03/10/2025 :15:00,,"Designation: DGM NTPC Limited, USSC, CPG-1,
Western Region-II Head Quarter,
Plot No. 87, Sector-24, Atal Nagar,
Nava Raipur, Raipur, Chhattisgarh-492101 Phone: Fax: E-mail:  srikark@ntpc.co.in",https://ntpctender.ntpc.co.in/NITDetails/NITs/29008
29009,NVVN/C&M/RE-455/2025-26,GLOBAL TENDER FOR SALE OF GYPSUM PRODUCED FROM FGD PLANT OF NTPC UNCHAHAR,NVVNL - NTPC Vidyut Vyapar Nigam Ltd.,Uttar Pradesh,JVs & Subsidaries,Services,,,,11/09/2025,11/09/2025 :17:00,10/10/2025 :12:00,10/10/2025 :12:00,10/10/2025 :15:00,,Designation: Sr. Manager NTPC VIDYUT VYAPAR NIGAM LIMITED Engineering Office Complex Plot No. A-8A Sector 24 Block A Noida Uttar Pradesh 201301 Phone: Fax: E-mail:  nvvncontracts@ntpc.co.in,https://ntpctender.ntpc.co.in/NITDetails/NITs/29009
29010,NTPC/USSC-CPG1/9900309397,"Biennial Maintenance Contract for Civil Works, External Painting, and O&M of Water Supply and STP in Township Area (2025-2027), NTPC Anta.",Western Region Head Quarter-II,Chhattisgarh,Western Region-II,Work Contract,500000.00,2655.00,,11/09/2025,11/09/2025 :16:00,29/09/2025 :13:00,29/09/2025 :13:00,30/09/2025 :15:00,,"Designation: AGM NTPC Limited, Western Region-II Office,
Plot No. 87, Sector-24,
Nava Raipur, Chhattisgarh-492018 Phone: Fax: E-mail:  kkarora@ntpc.co.in",https://ntpctender.ntpc.co.in/NITDetails/NITs/29010
29011,GEM/2025/B/6667592,"SUPPLY, INSTALLATION AND COMMISSIONING OF NEW COOLING TOWERS FOR HVAC SYSTEM",NTECL: NTPC TamilNadu Energy Company Ltd.,Tamilnadu,JVs & Subsidaries,Services,100000.00,,,10/09/2025,10/09/2025 :10:00,01/10/2025 :17:00,01/10/2025 :17:00,01/10/2025 :17:30,,"Designation: DGM NTECL,
Vallur Thermal Power Station,
Kuruvimedu Village, Ponneri Taluk,
Vellivoyal Chavadi Post,
Thiruvallur District, Chennai-600103 Phone: Fax: E-mail:  jaideep@ntpc.co.in",https://ntpctender.ntpc.co.in/NITDetails/NITs/29011
29012,NTPC/Sipat/2025-26/AUD/EOI/01,EOI for Issue of Pond Ash from NTPC Sipat Free of Cost on First come First Served Basis.,Sipat Super Thermal Power Project,Chhattisgarh,Western Region-II,Miscellaneous (Others),,,,15/09/2025,15/09/2025 :10:00,31/10/2025 :18:00,31/10/2025 :18:00,,,Designation: DGM NTPC SIPAT THERMAL POWER STATION PO Ujwal Nagar Tehsil Sipat Dist. Bilaspur Chhattisgarh Phone: Fax: E-mail:  ausipat@ntpc.co.in,https://ntpctender.ntpc.co.in/NITDetails/NITs/29012
29013,NTPC/Sipat/2025-26/AUD/EOI/02,Issue of DRY FLY ASH from NTPC Sipat Free of Cost on First come First Served Basis.,Sipat Super Thermal Power Project,Chhattisgarh,Western Region-II,Miscellaneous (Others),,,,15/09/2025,15/09/2025 :10:00,31/10/2025 :18:00,31/10/2025 :18:00,,,Designation: DGM NTPC SIPAT THERMAL POWER STATION PO Ujwal Nagar Tehsil Sipat Dist. Bilaspur Chhattisgarh Phone: Fax: E-mail:  ausipat@ntpc.co.in,https://ntpctender.ntpc.co.in/NITDetails/NITs/29013
29014,GEM/2025/B/6675365,"Bi-annual Contract for Bunker Inspection & Repair During OH for ST-1, 2 & 3 at NTPC Ramagundam",Western Region Head Quarter-II,Chhattisgarh,Western Region-II,Work Contract,200000.00,,,12/09/2025,12/09/2025 :10:00,24/09/2025 :11:00,24/09/2025 :11:00,24/09/2025 :11:30,,"Designation: DGM NTPC Limited, USSC, CPG-1,
Western Region-II Head Quarter,
Plot No. 87, Sector-24, Atal Nagar,
Nava Raipur, Raipur, Chhattisgarh-492101 Phone: Fax: E-mail:  anandshanker@ntpc.co.in",https://ntpctender.ntpc.co.in/NITDetails/NITs/29014
29015,EOI/AM-R&T/PONDASH/2025,EOI for Lifting of Ash From NTPC Ramagundam and Telangana on First Come First Served Basis.,Ramagundam Super Thermal Power,Telangana,Southern Region,Miscellaneous (Others),,,,16/09/2025,16/09/2025 :10:00,22/09/2025 :17:00,22/09/2025 :17:00,,,"Designation: AGM (AU) NTPC Ltd., Ramagundam Super Thermal Power Station,
Jyothinagar Post, Peddapalli Dist. Telangana State – 505215 Phone: Fax: E-mail:  manojkumar03@ntpc.co.in",https://ntpctender.ntpc.co.in/NITDetails/NITs/29015
29016,GEM/2025/B/6684090,Procurement of Distribution Transformers (1MVA 11/0.433KV and 02 MVA 11/0.433KV) for NTPC Tanda Super Thermal Power Station,Western Region Head Quarter-II,Chhattisgarh,Western Region-II,Work Contract,,,,15/09/2025,15/09/2025 :10:00,06/10/2025 :15:00,06/10/2025 :15:00,06/10/2025 :15:30,,"Designation: DGM NTPC Limited, Western Region-II Office,
Plot No. 87, Sector-24,
Nava Raipur, Chhattisgarh-492018 Phone: Fax: E-mail:  ssenthilkumar@ntpc.co.in",https://ntpctender.ntpc.co.in/NITDetails/NITs/29016
29017,GEM/2025/B/6686882,"Procurement of Wagons for NTPC Dadri, Kanti and Gadarwara",Western Region Head Quarter-II,Chhattisgarh,Western Region-II,Work Contract,,,,15/09/2025,15/09/2025 :10:00,06/10/2025 :15:00,06/10/2025 :15:00,06/10/2025 :15:30,,"Designation: DGM NTPC Limited, Western Region-II Office,
Plot No. 87, Sector-24,
Nava Raipur, Chhattisgarh-492018 Phone: Fax: E-mail:  ssenthilkumar@ntpc.co.in",https://ntpctender.ntpc.co.in/NITDetails/NITs/29017
29018,GEM/2025/B/6648615,Procurement of 65mm Crushed Stone Ballast for NTPC LARA,Western Region Head Quarter-II,Chhattisgarh,Western Region-II,Work Contract,500000.00,,,15/09/2025,15/09/2025 :10:00,07/10/2025 :13:00,07/10/2025 :13:00,07/10/2025 :13:30,,"Designation: Sr. Manager NTPC Limited, Western Region-II Office,
Plot No. 87, Sector-24,
Nava Raipur, Chhattisgarh Phone: Fax: E-mail:  vikashkumar11@ntpc.co.in",https://ntpctender.ntpc.co.in/NITDetails/NITs/29018
29019,GEM/2025/B/6667330,Procurement of 50 Autodesk AEC Multiuser N/w based Licenses for Engineering Dept.,Corporate Contracts,Uttar Pradesh,Corporate Center,Work Contract,,,,16/09/2025,16/09/2025 :10:00,26/09/2025 :16:00,26/09/2025 :16:00,26/09/2025 :16:30,,"Designation: Manager NTPC Ltd., Engineering Office Complex,
Plot No. A-8A, Sector-24, NOIDA-201301, UP, India Phone: Fax: E-mail:  shilpakareddy@ntpc.co.in",https://ntpctender.ntpc.co.in/NITDetails/NITs/29019
29020,GEM/2025/B/6664773,PROCUREMENT OF FLUE GAS ANALYZER FOR NTECL VALLUR,NTECL: NTPC TamilNadu Energy Company Ltd.,Tamilnadu,JVs & Subsidaries,Work Contract,,,,16/09/2025,16/09/2025 :10:00,07/10/2025 :12:00,07/10/2025 :12:00,07/10/2025 :12:30,,"Designation: Sr. Manager NTECL, Vallur Thermal Power Project, Site Office Vellivoyal Chavadi Post,
Ponneri Taluk, Thiruvallur Dist, Chennai-600103, Tamilnadu Phone: Fax: E-mail:  nchaplot@ntpc.co.in",https://ntpctender.ntpc.co.in/NITDetails/NITs/29020
29021,GEM/2025/B/6661732,PROCUREMENT OF LIGHTING ARRESTER 400 KV SA WITH POLYMER INSULATOR,NTECL: NTPC TamilNadu Energy Company Ltd.,Tamilnadu,JVs & Subsidaries,Work Contract,100000.00,,,16/09/2025,16/09/2025 :10:00,07/10/2025 :12:00,07/10/2025 :12:00,07/10/2025 :12:30,,"Designation: Sr. Manager NTECL, Vallur Thermal Power Project, Site Office Vellivoyal Chavadi Post, Ponneri Taluk, Thiruvallur Dist, Chennai-600103, Tamilnadu Phone: Fax: E-mail:  nchaplot@ntpc.co.in",https://ntpctender.ntpc.co.in/NITDetails/NITs/29021
29022,GEM/2025/B/6569547,Repair and Reinstallation of Staircase Glass Facade at NETRA,Corporate Contracts,Uttar Pradesh,Corporate Center,Services,,,,17/09/2025,17/09/2025 :10:00,01/10/2025 :11:00,01/10/2025 :11:00,01/10/2025 :11:30,,"Designation: Manager NTPC Ltd., Engineering Office Complex,
Plot No. A-8A, Sector-24, NOIDA-201301, UP, India Phone: Fax: E-mail:  shilpakareddy@ntpc.co.in",https://ntpctender.ntpc.co.in/NITDetails/NITs/29022
29023,GEM/2025/B/6650224,Centralized Bulk Procurement of Automatic Bomb Calorimeters for NTPC Stations,Western Region Head Quarter-II,Chhattisgarh,Western Region-II,Work Contract,,,,17/09/2025,17/09/2025 :10:00,08/10/2025 :16:00,08/10/2025 :16:00,08/10/2025 :16:30,,"Designation: Sr. Manager NTPC Limited, Western Region-II Office,
Plot No. 87, Sector-24,
Nava Raipur, Chhattisgarh-492018 Phone: Fax: E-mail:  adityagupta@ntpc.co.in",https://ntpctender.ntpc.co.in/NITDetails/NITs/29023
29024,GEM/2025/B/6695476,EPC Package for Development of Ground Mounted Solar Project of Capacity 2 MWp AC on Dump C of NTPC PBCMP along with Operation and Maintenance for 3 Years,Coal Mining HQ-Ranchi,Jharkhand,Coal Mining Region,Services,2000000.00,,,17/09/2025,17/09/2025 :10:00,08/10/2025 :15:00,08/10/2025 :15:00,08/10/2025 :15:30,,"Designation: Sr. Manager Coal Mining NTPC Limited, Ranchi - 834002 Phone: Fax: E-mail:  skvashisth@ntpc.co.in",https://ntpctender.ntpc.co.in/NITDetails/NITs/29024
29025,GEM/2025/B/6695200,"Coal Transportation from surface
coal yard of Kerandari to NTPC North Karanpura OR to Tori /
any other siding including maintenance of siding &
associated miscellaneous works for a period of 01 year",Coal Mining HQ-Ranchi,Jharkhand,Coal Mining Region,Services,20000000.00,,,17/09/2025,17/09/2025 :10:00,01/10/2025 :15:00,01/10/2025 :15:00,01/10/2025 :15:30,,"Designation: Sr. Manager Coal Mining NTPC Limited, Ranchi - 834002 Phone: Fax: E-mail:  skvashisth@ntpc.co.in",https://ntpctender.ntpc.co.in/NITDetails/NITs/29025
29026,GEM/2025/B/6644975,NIT of BMC of Electrical R&M at Various Location of NTPC PBCMP Hazaribagh,Coal Mining HQ-Ranchi,Jharkhand,Coal Mining Region,Services,,,,18/09/2025,18/09/2025 :10:00,01/10/2025 :15:00,01/10/2025 :15:00,01/10/2025 :15:30,,"Designation: DGM Coal Mining NTPC Limited NML Building,
Ram Keshi Heights, Plot No. 123,
Old A.G. Colony, Kadru, Ranchi - 834002 Phone: Fax: E-mail:  veerasuresh@ntpc.co.in",https://ntpctender.ntpc.co.in/NITDetails/NITs/29026
29027,NTPC/USSC-CPG1/9900309173,"Supply, Installation & Commissioning of Drag/Energy Chain System
in Place of CRD/PCRD for Paddle Feeders in Stage-I and Stage-II
CHP of NTPC - Simhadri",Western Region Head Quarter-II,Chhattisgarh,Western Region-II,Work Contract,200000.00,2655.00,,17/09/2025,17/09/2025 :11:00,06/10/2025 :15:00,06/10/2025 :15:00,08/10/2025 :15:00,,"Designation: DGM NTPC Limited, Central Procurement Group-I,
WR-II Office, Sector-24,
Nava Raipur, Chhattisgarh - 492018 Phone: Fax: E-mail:  cpsingh@ntpc.co.in",https://ntpctender.ntpc.co.in/NITDetails/NITs/29027
29028,GEM/2025/B/6659534,Supply of 15000 MT Sodium Bi Carbonate through Bulkers for DSI System at NTPC Dadri,Western Region Head Quarter-II,Chhattisgarh,Western Region-II,Services,5000000.00,,,18/09/2025,18/09/2025 :10:00,09/10/2025 :17:00,09/10/2025 :17:00,09/10/2025 :17:30,,"Designation: DGM NTPC Limited, Western Region-II Head Quarter,
Plot No. 87, Sector-24, Atal Nagar,
Nava Raipur, Raipur, Chhattisgarh-492101 Phone: Fax: E-mail:  deepaktripathi@ntpc.co.in",https://ntpctender.ntpc.co.in/NITDetails/NITs/29028
29029,CS-0371-317A-9,"CHIMNEY PACKAGE FOR NABINAGAR STPP, STAGE-II (3X800 MW).",Corporate Contracts,Uttar Pradesh,Corporate Center,Services,20000000.00,9000.00,,20/09/2025,19/09/2025 :10:00,23/10/2025 :15:00,23/10/2025 :15:00,24/10/2025 :15:00,,"Designation: Sr. Manager NTPC LTD.
Sixth Floor, Engineering Office Complex,
Plot A-8A, Sector-24, NOIDA,
Dist.Gautam Budh Nagar, UP-201307, India Phone: Fax: E-mail:  ravikumar04@ntpc.co.in",https://ntpctender.ntpc.co.in/NITDetails/NITs/29029
29030,GEM/2025/B/6667747,PROVIDING SERVICES FOR STORES MANAGEMENT FOR NSPCL EXPANSION POWER PLANT STORES (PP-3) AND PP-2 STORES & DEPLOYMENT OF OPERATOR-CUM-DRIVER FOR OPERATION OF FORKLIFT AND BOT AT EXPANSION STORES (PP-3) AND PP-2 STORES,NTPC-SAIL Power Company Limited (NSPCL) - Bhilai,Chhattisgarh,JVs & Subsidaries,Services,100000.00,,,20/09/2025,20/09/2025 :10:00,10/10/2025 :16:00,10/10/2025 :16:00,10/10/2025 :16:30,,"Designation: Sr. Manager NSPCL, 
SSC, Bhilai 
Expansion Site, Near Purena Village,
Bhilai (East), PO Dist, Durg, Chhattisgarh-490021 Phone: Fax: E-mail:  arti.choure@nspcl.co.in",https://ntpctender.ntpc.co.in/NITDetails/NITs/29030
29031,NTPC/USSC-CPG1/9900310512,Replacement of Underground Pipelines by HDD Process at NTPC Dadri Gas Station.,Western Region Head Quarter-II,Chhattisgarh,Western Region-II,Work Contract,1000000.00,3982.00,,20/09/2025,20/09/2025 :15:00,13/10/2025 :15:00,13/10/2025 :15:00,15/10/2025 :15:00,,"Designation: Sr. Manager NTPC Limited, Central Procurement Group-I,
NTPC WR-II office, Sector-24, Nava Raipur, Chattisgarh - 492018 Phone: Fax: E-mail:  harshmamodia@ntpc.co.in",https://ntpctender.ntpc.co.in/NITDetails/NITs/29031
29032,GEM/2025/B/6640131,Bulk Procurement (01) of 2T Battery Operated Truck,Western Region Head Quarter-II,Chhattisgarh,Western Region-II,Work Contract,,,,22/09/2025,22/09/2025 :10:00,13/10/2025 :15:00,13/10/2025 :15:00,13/10/2025 :15:30,,"Designation: Sr. Manager NTPC Limited, Western Region-II Office,
Plot No. 87, Sector-24,
Nava Raipur, Chhattisgarh-492018 Phone: Fax: E-mail:  skkumar01@ntpc.co.in",https://ntpctender.ntpc.co.in/NITDetails/NITs/29032
29033,GEM/2025/B/6660549,"Proposal of ALS and BLS Ambulance with Manpower for Dr. Kotnis Hospital NTPC
Solapur",Western Region Head Quarter-II,Chhattisgarh,Western Region-II,Services,500000.00,,,17/09/2025,17/09/2025 :10:00,01/10/2025 :11:00,01/10/2025 :11:00,01/10/2025 :11:30,,"Designation: Manager NTPC Limited, Western Region-II Office,
Plot No. 87, Sector-24,
Nava Raipur, Chhattisgarh-492018 Phone: Fax: E-mail:  swatantrakumar@ntpc.co.in",https://ntpctender.ntpc.co.in/NITDetails/NITs/29033
29034,GEM/2025/B/6667848,Providing Mobile Health Services 2 Nos. in PAP Villages of NTPC Nabinagar.,Western Region Head Quarter-II,Chhattisgarh,Western Region-II,Services,200000.00,,,22/09/2025,22/09/2025 :10:00,07/10/2025 :13:00,07/10/2025 :13:00,07/10/2025 :13:30,,"Designation: Manager NTPC Limited, Western Region-II Office, Plot No. 87, Sector-24, Nava Raipur, Chhattisgarh-492018 Phone: Fax: E-mail:  swatantrakumar@ntpc.co.in",https://ntpctender.ntpc.co.in/NITDetails/NITs/29034
29035,NTPC/EOC/9900310697,Repair of Internal Roads at NETRA Campus.,Corporate Contracts,Uttar Pradesh,Corporate Center,Work Contract,,,,22/09/2025,22/09/2025 :15:00,04/11/2025 :11:00,04/11/2025 :11:00,05/11/2025 :15:00,,Designation: Manager NTPC Limited 6th Floor EOC Plot No. A-8A Sector 24 NOIDA UP India-201 301 Phone: Fax: E-mail:  shilpakareddy@ntpc.co.in,https://ntpctender.ntpc.co.in/NITDetails/NITs/29035
29036,NTPC/USSC-CPG1/9900309108,"Balance Works of AC & Ventilation System
Package for Plant Areas at NTPC Barh STPP",Western Region Head Quarter-II,Chhattisgarh,Western Region-II,Services,200000.00,2655.00,,23/09/2025,23/09/2025 :09:00,06/10/2025 :15:00,06/10/2025 :15:00,08/10/2025 :15:00,,"Designation: DGM NTPC Limited, USSC, CPG-1,
Western Region-II Head Quarter,
Plot No. 87, Sector-24, Atal Nagar,
Nava Raipur, Raipur, Chhattisgarh-492101 Phone: Fax: E-mail:  ajaykumarshivhare@ntpc.co.in",https://ntpctender.ntpc.co.in/NITDetails/NITs/29036
29037,CS-2220-425-9,Burner Management System Retrofitting Package for Vindhyachal STPP St-I (6X210MW).,Corporate Contracts,Uttar Pradesh,Corporate Center,Services,20000000.00,22500.00,,22/09/2025,22/09/2025 :10:00,03/11/2025 :15:00,03/11/2025 :15:00,04/11/2025 :15:00,,"Designation: DGM NTPC Limited,
6th Floor, EOC,
Plot A-8A, Sector 24, Noida-201301,
State of U.P., India Phone: Fax: E-mail:  psesharao@ntpc.co.in",https://ntpctender.ntpc.co.in/NITDetails/NITs/29037
29038,GEM/2025/B/6650175,Procurement of OPC Cement for NTPC Sipat,Western Region Head Quarter-II,Chhattisgarh,Western Region-II,Work Contract,500000.00,,,23/09/2025,23/09/2025 :10:00,15/10/2025 :15:00,15/10/2025 :15:00,15/10/2025 :15:30,,"Designation: Sr. Manager NTPC Limited, Western Region-II Office,
Plot No. 87, Sector-24,
Nava Raipur, Chhattisgarh Phone: Fax: E-mail:  vikashkumar11@ntpc.co.in",https://ntpctender.ntpc.co.in/NITDetails/NITs/29038
29039,GEM/2025/B/6717560,Bulk Procurement of Transformer Oil Filtration Machine of Capacity 600LPH for NTPC Stations.,Western Region Head Quarter-II,Chhattisgarh,Western Region-II,Work Contract,,,,23/09/2025,23/09/2025 :10:00,14/10/2025 :15:00,14/10/2025 :15:00,14/10/2025 :15:30,,"Designation: DGM NTPC Limited, Western Region-II Office,
Plot No. 87, Sector-24,
Nava Raipur, Chhattisgarh-492018 Phone: Fax: E-mail:  ssenthilkumar@ntpc.co.in",https://ntpctender.ntpc.co.in/NITDetails/NITs/29039
29040,CS-8014-317A-9,CHIMNEY PACKAGE FOR GADARWARA STPP STAGE-II (2X800 MW).,Corporate Contracts,Uttar Pradesh,Corporate Center,Services,20000000.00,9000.00,,23/09/2025,23/09/2025 :10:00,17/11/2025 :15:00,17/11/2025 :15:00,18/11/2025 :15:00,,Designation: Sr. Manager NTPC LTD. 6th Floor EOC Plot A-8A Sector-24 NOIDA Dist. Gautam Budh Nagar Uttar Pradesh-201307 India Phone: Fax: E-mail:  lekrajsingh@ntpc.co.in,https://ntpctender.ntpc.co.in/NITDetails/NITs/29040
29041,GEM/2025/B/6698598,Bi-Annual Job Contract for CW Treatment-Stage-II & Stage-III at NTPC Rihand.,Western Region Head Quarter-II,Chhattisgarh,Western Region-II,Work Contract,200000.00,,,24/09/2025,24/09/2025 :10:00,09/10/2025 :10:00,09/10/2025 :10:00,09/10/2025 :10:30,,"Designation: Sr. Manager NTPC Limited, Western Region-II Head Quarter,
Plot No. 87, Sector-24, Atal Nagar,
Nava Raipur, Raipur, Chhattisgarh-492101 Phone: Fax: E-mail:  sonamjha@ntpc.co.in",https://ntpctender.ntpc.co.in/NITDetails/NITs/29041
29042,NTPC/USSC-CPG1/9900310396,"Supply, Replacement of Drift Eliminators and Disposal of Old Drift Eliminators of Stage-III Cooling Tower at NTPC, RIHAND.",Western Region Head Quarter-II,Chhattisgarh,Western Region-II,Work Contract,,,,24/09/2025,24/09/2025 :15:00,14/10/2025 :15:00,14/10/2025 :15:00,16/10/2025 :15:00,,"Designation: DGM NTPC Limited, USSC, CPG-1,
Western Region-II Head Quarter,
Plot No. 87, Sector-24, Atal Nagar,
Nava Raipur, Raipur, Chhattisgarh-492101 Phone: Fax: E-mail:  ajaykumarshivhare@ntpc.co.in",https://ntpctender.ntpc.co.in/NITDetails/NITs/29042
29043,NGEL/BD/EOI-03/2025-26,"Invitation for Expression of Interest (EOI) From Green Chemicals
Developers around the Globe For Setting up of project(s)
in India First Green Hydrogen Hub at Pudimadaka (near Visakhapatnam), Andhra Pradesh",NTPC Green Energy Ltd. (NGEL),Uttar Pradesh,Corporate Center,Work Contract,,,,24/09/2025,24/09/2025 :16:40,24/10/2025 :14:00,24/10/2025 :14:00,24/10/2025 :15:00,,"Designation: DGM NTPC Green Energy Ltd.
NETRA Building, Greater Noida, UP, India Phone: Fax: E-mail:  abhishekkumar02@ntpc.co.in",https://ntpctender.ntpc.co.in/NITDetails/NITs/29043
29044,NTPC/USSC-CPG1/9900310355,SITC of AV System at HOP Conf Room and New Service Building Conf Room at NTPC Korba.,Western Region Head Quarter-II,Chhattisgarh,Western Region-II,Work Contract,,,,25/09/2025,25/09/2025 :15:00,14/10/2025 :15:00,14/10/2025 :15:00,16/10/2025 :15:00,,"Designation: DGM NTPC Limited, Western Region-II Head Quarter,
Plot No. 87, Sector-24, Atal Nagar,
Nava Raipur, Raipur, Chhattisgarh-492101 Phone: Fax: E-mail:  ajaykumarshivhare@ntpc.co.in",https://ntpctender.ntpc.co.in/NITDetails/NITs/29044
29045,GEM/2025/B/6718413,"Biennial Maintenance Contract for Stage 2, 3 Milling System NTPC Farakka.",Western Region Head Quarter-II,Chhattisgarh,Western Region-II,Work Contract,2000000.00,,,25/09/2025,25/09/2025 :10:00,16/10/2025 :15:00,16/10/2025 :15:00,16/10/2025 :15:30,,"Designation: DGM NTPC Limited, Western Region-II Head Quarter,
Plot No. 87, Sector-24, Atal Nagar,
Nava Raipur, Raipur, Chhattisgarh-492101 Phone: Fax: E-mail:  srikark@ntpc.co.in",https://ntpctender.ntpc.co.in/NITDetails/NITs/29045
29046,GEM/2025/B/6681568,"SUPPLY OF TOWER AC FOR MAIN PLANT, CHP & TOWNSHIP AT NTECL VALLUR.",NTECL: NTPC TamilNadu Energy Company Ltd.,Tamilnadu,JVs & Subsidaries,Services,50000.00,,,24/09/2025,24/09/2025 :10:00,15/10/2025 :10:00,15/10/2025 :10:00,15/10/2025 :10:30,,"Designation: Sr. Manager NTECL, Vallur Thermal Power Project,
Site Office Vellivoyal Chavadi Post,
Ponneri Taluk, Thiruvallur Dist, Chennai-600103, Tamilnadu Phone: Fax: E-mail:  nchaplot@ntpc.co.in",https://ntpctender.ntpc.co.in/NITDetails/NITs/29046
29047,GEM/2025/B/6722711,Contract for Horticulture Works for 02 Years in NTPC Barauni Township,Western Region Head Quarter-II,Chhattisgarh,Western Region-II,Work Contract,200000.00,,,29/09/2025,29/09/2025 :10:00,15/10/2025 :12:00,15/10/2025 :12:00,15/10/2025 :12:30,,"Designation: DGM NTPC Limited, Western Region-II Head Quarter,
Plot No. 87, Sector-24, Atal Nagar,
Nava Raipur, Raipur, Chhattisgarh-492101 Phone: Fax: E-mail:",https://ntpctender.ntpc.co.in/NITDetails/NITs/29047
29048,GEM/2025/B/6691188,Contract for Running and Maintenance of Vidyut Bhawan Guest House at NCPS Dadri for Two Years,Western Region Head Quarter-II,Chhattisgarh,Western Region-II,Work Contract,200000.00,,,24/09/2025,24/09/2025 :10:00,06/10/2025 :11:00,06/10/2025 :11:00,06/10/2025 :11:30,,"Designation: DGM NTPC Limited, Western Region-II Head Quarter, Plot No. 87, Sector-24, Atal Nagar, Nava Raipur, Raipur, Chhattisgarh-492101 Phone: Fax: E-mail:  pramodkumar04@ntpc.co.in",https://ntpctender.ntpc.co.in/NITDetails/NITs/29048
29049,NVVN/C&M/RE-462/2025-26,GLOBAL TENDER FOR SALE OF GYPSUM PRODUCED FROM FGD PLANT OF NTPC MOUDA,NVVNL - NTPC Vidyut Vyapar Nigam Ltd.,Uttar Pradesh,JVs & Subsidaries,Services,,,,29/09/2025,29/09/2025 :17:00,28/11/2025 :12:00,28/11/2025 :12:00,28/11/2025 :15:00,,Designation: Sr. Manager NVVNL Engineering Office Complex Plot No. A-8A Sector 24 Block A Noida Uttar Pradesh 201301 Phone: Fax: E-mail:  sandhipdebbarma@ntpc.co.in,https://ntpctender.ntpc.co.in/NITDetails/NITs/29049
29050,NTPC/USSC-CPG1/9900310861,"SITC of 33/61 MVA, 132/11.5KV Station Transformer for NTPC Rihand.",Western Region Head Quarter-II,Chhattisgarh,Western Region-II,Work Contract,2000000.00,6638.00,,26/09/2025,26/09/2025 :18:00,17/10/2025 :16:30,17/10/2025 :16:30,20/10/2025 :16:30,,"Designation: DGM NTPC Limited, Western Region-II Office,
Plot No. 87, Sector-24,
Nava Raipur, Chhattisgarh-492018 Phone: Fax: E-mail:  anandshanker@ntpc.co.in",https://ntpctender.ntpc.co.in/NITDetails/NITs/29050
29051,GEM/2025/B/6690596,Bulk Procurement (02) of 2T Battery Operated Truck,Western Region Head Quarter-II,Chhattisgarh,Western Region-II,Work Contract,,,,30/09/2025,30/09/2025 :10:00,21/10/2025 :15:00,21/10/2025 :15:00,21/10/2025 :15:30,,"Designation: Sr. Manager NTPC Limited, Western Region-II Office,
Plot No. 87, Sector-24,
Nava Raipur, Chhattisgarh-492018 Phone: Fax: E-mail:  skkumar01@ntpc.co.in",https://ntpctender.ntpc.co.in/NITDetails/NITs/29051
29052,GEM/2025/B/6736456,SUPPLY OF THE TRAILING CABLES/PCRD FOR THE STACKER/RECLAIMER AND GRAB UNLOADERS IN CHP AT NTECL,NTECL: NTPC TamilNadu Energy Company Ltd.,Tamilnadu,JVs & Subsidaries,Services,100000.00,,,30/09/2025,30/09/2025 :10:00,15/10/2025 :13:00,15/10/2025 :13:00,15/10/2025 :13:30,,"Designation: Sr. Manager NTECL, Vallur Thermal Power Project,
Site Office Vellivoyal Chavadi Post,
Ponneri Taluk, Thiruvallur Dist, Chennai-600103, Tamilnadu Phone: Fax: E-mail:  nchaplot@ntpc.co.in",https://ntpctender.ntpc.co.in/NITDetails/NITs/29052
29053,CS-0011-171A-9,EPC Package for BESS Implementation at NTPC Thermal Power Stations (Lot-1),Corporate Contracts,Uttar Pradesh,Corporate Center,Services,,22500.00,,30/09/2025,30/09/2025 :10:00,31/10/2025 :13:00,31/10/2025 :13:00,31/10/2025 :15:00,,Designation: Sr. Manager Contract Services NTPC Limited 6th Floor EOC A-8A Sector-24 NOIDA Distt. Gautam Budh Nagar UP INDIA - 201301 Phone: Fax: E-mail:  rsingh03@ntpc.co.in,https://ntpctender.ntpc.co.in/NITDetails/NITs/29053
29054,GEM/2025/B/6742787,Bulk Procurement of Caustic Soda Flakes for NTPC Stations,Western Region Head Quarter-II,Chhattisgarh,Western Region-II,Work Contract,,,,30/09/2025,30/09/2025 :10:00,21/10/2025 :15:00,21/10/2025 :15:00,21/10/2025 :15:30,,"Designation: DGM NTPC Limited, Western Region-II Office,
Plot No. 87, Sector-24,
Nava Raipur, Chhattisgarh-492018 Phone: Fax: E-mail:  ssenthilkumar@ntpc.co.in",https://ntpctender.ntpc.co.in/NITDetails/NITs/29054
29055,9900310838,"WATERPROOFING WORK IN PUBLIC BUILDING OF ST. JOSEPH SCHOOL (TTS), RUSSIAN HOSTEL (PTS), HOSPITAL (PTS) OF NTPC TOWNSHIP, KAHALGAON.",Western Region Head Quarter-II,Chhattisgarh,Western Region-II,Work Contract,200000.00,2655.00,,01/10/2025,01/10/2025 :18:00,15/10/2025 :16:00,15/10/2025 :16:00,16/10/2025 :16:00,,"Designation: DGM NTPC Limited, Western Region-II Office,
Plot No. 87, Sector-24,
Nava Raipur, Chhattisgarh-492018 Phone: Fax: E-mail:  pankajkumar07@ntpc.co.in",https://ntpctender.ntpc.co.in/NITDetails/NITs/29055
29056,9900310744,"CONSTRUCTION OF AN ALTERNATE APPROACH ROAD, WIDENING OF THE EXISTING
BITUMINOUS ROAD, AND CONSTRUCTION OF CULVERT FOR ACCESS TO STAGE-2
DSTPP.",Corporate Contracts,Uttar Pradesh,Corporate Center,Work Contract,500000.00,2250.00,,01/10/2025,01/10/2025 :10:00,15/11/2025 :15:00,15/11/2025 :15:00,17/11/2025 :15:00,,Designation: Sr. Manager CS NTPC Limited 6th Floor EOC A-8A Sector-24 NOIDA Dist. Gautam Budh Nagar UP INDIA - 201301 Phone: Fax: E-mail:  shiprakumari@ntpc.co.in,https://ntpctender.ntpc.co.in/NITDetails/NITs/29056
29057,GEM/2025/B/6707728,BIENNIAL CONTRACT FOR TESTING OF COAL AND ASH FOR CHEMISTRY AT NTECL VALLUR,NTECL: NTPC TamilNadu Energy Company Ltd.,Tamilnadu,JVs & Subsidaries,Work Contract,,,,01/10/2025,01/10/2025 :10:00,22/10/2025 :16:00,22/10/2025 :16:00,22/10/2025 :16:30,,"Designation: DGM NTECL (NTPC Tamilnadu Energy Co. Ltd.)
Vallur TPP, Chennai-600 103 Phone: Fax: E-mail:  mohan02@ntpc.co.in",https://ntpctender.ntpc.co.in/NITDetails/NITs/29057
29058,NTECL/C&M/CS-5976,Formation of WBM Road on Top of Ash dyke at NTECL,NTECL: NTPC TamilNadu Energy Company Ltd.,Tamilnadu,JVs & Subsidaries,Work Contract,200000.00,2250.00,,01/10/2025,01/10/2025 :18:55,21/10/2025 :15:00,21/10/2025 :15:00,22/10/2025 :15:30,,"Designation: Sr. Manager NTECL, Vallur Thermal Power Project,
 Thiruvallur Dist, Chennai-600103, Tamilnadu Phone: Fax: E-mail:  vckamal@ntpc.co.in",https://ntpctender.ntpc.co.in/NITDetails/NITs/29058
29059,NVVN/C&M/RE-451/2025-26,GLOBAL TENDER FOR SALE OF GYPSUM PRODUCED FROM FGD PLANT OF NTPC TANDA.,NVVNL - NTPC Vidyut Vyapar Nigam Ltd.,Uttar Pradesh,JVs & Subsidaries,Services,,,,03/10/2025,03/10/2025 :15:00,23/10/2025 :17:00,23/10/2025 :17:00,24/10/2025 :15:00,,"Designation: Sr. Manager NVVNL, EOC, Plot No. A-8A
Sector 24, Block A, Noida,
Uttar Pradesh 201301 Phone: Fax: E-mail:  sandhipdebbarma@ntpc.co.in",https://ntpctender.ntpc.co.in/NITDetails/NITs/29059
29060,NVVN/C&M/RE-463/2025-26,GLOBAL TENDER FOR SALE OF GYPSUM PRODUCED FROM FGD PLANT OF NTPC VINDHYACHAL.,NVVNL - NTPC Vidyut Vyapar Nigam Ltd.,Uttar Pradesh,JVs & Subsidaries,Services,,,,03/10/2025,03/10/2025 :15:00,28/11/2025 :12:00,28/11/2025 :12:00,28/11/2025 :15:00,,Designation: Sr. Manager NVVNL EOC Plot No. A-8A Sector 24 Block A Noida Uttar Pradesh 201301 Phone: Fax: E-mail:  sandhipdebbarma@ntpc.co.in,https://ntpctender.ntpc.co.in/NITDetails/NITs/29060
29061,NTPC/USSC-CPG1/9900310978,"MECHANICAL CLEANING, FOR OVERFLOW LAGOON OF DHARAS ASH DYKE AT NTPC KORBA",Western Region Head Quarter-II,Chhattisgarh,Western Region-II,Work Contract,200000.00,2655.00,,03/10/2025,03/10/2025 :12:00,23/10/2025 :13:00,23/10/2025 :13:00,24/10/2025 :15:00,,"Designation: DGM NTPC Limited, Western Region-II Office,
Plot No. 87, Sector-24,
Nava Raipur, Chhattisgarh-492018 Phone: Fax: E-mail:  kkarora@ntpc.co.in",https://ntpctender.ntpc.co.in/NITDetails/NITs/29061
29062,CS-0011-940A-9/Retender,"Plasma Gasification based Green Hydrogen Generation
from MSWRDF Agri Waste at NETRA NTPC Greater Noida",Corporate Contracts,Uttar Pradesh,Corporate Center,Services,20000000.00,22500.00,,03/10/2025,03/10/2025 :17:00,23/10/2025 :11:00,23/10/2025 :11:00,23/10/2025 :15:30,,"Designation: Sr. Manager NTPC Limited Plot A-8A, Sector 24, Noida-201301 State of U.P. India Phone: Fax: E-mail:  rohitgautam@ntpc.co.in",https://ntpctender.ntpc.co.in/NITDetails/NITs/29062
29063,NTPC/USSC-CPG1/9900311034,CONDITION BASED PAINTING OF STEEL STRUCTURE AND OTHERS IN CHP STG-1 AREAAT NTPC RIHAND,Western Region Head Quarter-II,Chhattisgarh,Western Region-II,Services,500000.00,2655.00,,29/09/2025,29/09/2025 :18:00,14/10/2025 :15:00,14/10/2025 :15:00,15/10/2025 :15:00,,"Designation: Sr. Manager NTPC Limited, Western Region-II Office,
Plot No. 87, Sector-24,
Nava Raipur, Chhattisgarh-492018 Phone: Fax: E-mail:  sonamjha@ntpc.co.in",https://ntpctender.ntpc.co.in/NITDetails/NITs/29063
29064,9900310900,Construction of Integrated Block for Drinking Water N Toilets with 10 KLD STP Plant at LARA. Bidding Document No. 9900310900,Corporate Contracts,Uttar Pradesh,Corporate Center,Work Contract,500000.00,2250.00,,01/10/2025,01/10/2025 :10:00,03/11/2025 :15:00,03/11/2025 :15:00,04/11/2025 :15:00,,"Designation: DGM NTPC LTD.,
6th Floor, 
Engineering Office Complex,
Plot A-8A, Sector 24, Noida
Uttar Pradesh, India-201301 Phone: Fax: E-mail:  kailashkumawat@ntpc.co.in",https://ntpctender.ntpc.co.in/NITDetails/NITs/29064
29065,NTPC/USSC-CPG1/9900311086,"Repairing of Existing Double Layered Multi
Louver Bypass Damper, Single Layered Multi Louver
In Let Damper and Blind Plate, NTPC Auraiya Gas Power Plant",Western Region Head Quarter-II,Chhattisgarh,Western Region-II,Work Contract,1000000.00,3982.00,,03/10/2025,03/10/2025 :18:00,23/10/2025 :15:00,23/10/2025 :15:00,25/10/2025 :15:00,,"Designation: Sr. Manager NTPC Limited, Central Procurement Group-I,
WR-II Office, Sector-24,
Nava Raipur, Chhattisgarh - 492018 Phone: Fax: E-mail:  harshmamodia@ntpc.co.in",https://ntpctender.ntpc.co.in/NITDetails/NITs/29065
29066,GEM/2025/B/6725100,Biennial Maintenance of 3 Nos. of WDG 3A Locomotives at NTPC Solapur.,Western Region Head Quarter-II,Chhattisgarh,Western Region-II,Work Contract,200000.00,,,03/10/2025,03/10/2025 :10:00,18/10/2025 :15:00,18/10/2025 :15:00,18/10/2025 :15:30,,"Designation: Sr. Manager NTPC Limited, Western Region-II Head Quarter,
Plot No. 87, Sector-24, Atal Nagar,
Nava Raipur, Raipur, Chhattisgarh-492101 Phone: Fax: E-mail:  madhuripatel@ntpc.co.in",https://ntpctender.ntpc.co.in/NITDetails/NITs/29066
29067,NTPC/USSC-CPG1/9900310879,"Design, Engineering, Supply of Material, Erection & Commissioning
of Interconnecting Conveyor 13B from TP-2 to TP-2A at NTPC Kanti",Western Region Head Quarter-II,Chhattisgarh,Western Region-II,Work Contract,200000.00,2655.00,,03/10/2025,03/10/2025 :16:30,22/10/2025 :15:00,22/10/2025 :15:00,24/10/2025 :15:00,,"Designation: DGM NTPC Limited, Central Procurement Group-I,
WR-II Office, Sector-24,
Nava Raipur, Chhattisgarh - 492018 Phone: Fax: E-mail:  cpsingh@ntpc.co.in",https://ntpctender.ntpc.co.in/NITDetails/NITs/29067
29068,CS-1150-350A-9,"DPR, DE & PMC for MGR and Railway Siding Works
including OHE and S&T for
Singrauli STPP Stage-III (2x800MW).",Corporate Contracts,Uttar Pradesh,Corporate Center,Services,,,,04/10/2025,04/10/2025 :09:30,27/10/2025 :18:30,27/10/2025 :18:30,28/10/2025 :10:30,,"Designation: Sr. Manager NTPC Ltd., Engineering Office Complex,
Plot No. A-8A, Sector-24, NOIDA-201301, UP, India Phone: Fax: E-mail:  lekrajsingh@ntpc.co.in",https://ntpctender.ntpc.co.in/NITDetails/NITs/29068
29069,BIFPCL/MM/2025-26/OTE/052,"Procurement of Raw Material (EN, CS, Brass, Copper & Bronze) for Workshop at 2×660 MW Maitree Super Thermal Power Project at Rampal, District-Bagerhat, Khulna Division, Bangladesh",JV OF NTPC Ltd and BPDB,,JVs & Subsidaries,Work Contract,,,,21/09/2025,21/09/2025 :10:00,02/11/2025 :17:00,03/11/2025 :11:00,03/11/2025 :12:00,,"Designation: Chief Procurement Officer (CPO) BIFPCL, Unique Heights (Borak), Level-17, 117 Kazi Nazrul Islam Avenue, Eskaton Garden, Dhaka-1000 Phone: Fax: E-mail:  cpo@bifpcl.com",https://ntpctender.ntpc.co.in/NITDetails/NITs/29069
29070,GEM/2025/B/6743917,PROCUREMENT OF 500 NB MS PIPES FOR ASH HANDLING DEPARTMENT AT NTPC SIPAT.,Western Region Head Quarter-II,Chhattisgarh,Western Region-II,Work Contract,500000.00,,,04/10/2025,04/10/2025 :10:00,25/10/2025 :15:00,25/10/2025 :15:00,25/10/2025 :15:30,,"Designation: DGM NTPC Limited, Western Region-II Office,
Plot No. 87, Sector-24,
Nava Raipur, Chhattisgarh-492018 Phone: Fax: E-mail:  sushilmeena@ntpc.co.in",https://ntpctender.ntpc.co.in/NITDetails/NITs/29070
29071,BIFPCL/MSTPP/LIMESTONE/2025/1049,"Procurement & Delivery of Limestone at Plant Jetty at 2×660 MW Maitree Super Thermal Power Project at Rampal, District-Bagerhat, Khulna Division, Bangladesh",JV OF NTPC Ltd and BPDB,,JVs & Subsidaries,Work Contract,,,,25/09/2025,25/09/2025 :10:00,09/11/2025 :17:00,10/11/2025 :11:00,10/11/2025 :11:30,,"Designation: Chief Procurement Officer (CPO) BIFPCL, Unique Heights (Borak), Level-17, 117 Kazi Nazrul Islam Avenue, Eskaton Garden, Dhaka-1000 Phone: Fax: E-mail:  cpo@bifpcl.com",https://ntpctender.ntpc.co.in/NITDetails/NITs/29071
29072,GEM/2025/B/6719054,Procurement of Display Systems along with Mini-PCs,Corporate Contracts,Uttar Pradesh,Corporate Center,Work Contract,,,,06/10/2025,06/10/2025 :10:00,27/10/2025 :15:00,27/10/2025 :15:00,27/10/2025 :15:30,,Designation: Sr. Manager NTPC Ltd. Engineering Office Complex Plot No. A-8A Sector-24 NOIDA-201301 UP India Phone: Fax: E-mail:  deepaverma@ntpc.co.in,https://ntpctender.ntpc.co.in/NITDetails/NITs/29072
29073,GEM/2025/B/6745913,Bulk Procurement of Floor Cleaning M/c-Battery Operated,Western Region Head Quarter-II,Chhattisgarh,Western Region-II,Work Contract,,,,03/10/2025,03/10/2025 :10:00,24/10/2025 :15:00,24/10/2025 :15:00,24/10/2025 :15:30,,"Designation: Sr. Manager NTPC Limited, Western Region-II Office,
Plot No. 87, Sector-24,
Nava Raipur, Chhattisgarh-492018 Phone: Fax: E-mail:  skkumar01@ntpc.co.in",https://ntpctender.ntpc.co.in/NITDetails/NITs/29073
29074,GEM/2025/B/6716754,Bulk Procurement of Vacuum Cleaner Industrial Heavy Duty,Western Region Head Quarter-II,Chhattisgarh,Western Region-II,Work Contract,,,,26/09/2025,26/09/2025 :10:00,17/10/2025 :15:00,17/10/2025 :15:00,17/10/2025 :15:30,,"Designation: Sr. Manager NTPC Limited, Western Region-II Office, Plot No. 87, Sector-24, Nava Raipur, Chhattisgarh-492018 Phone: Fax: E-mail:  skkumar01@ntpc.co.in",https://ntpctender.ntpc.co.in/NITDetails/NITs/29074
29075,NTPC/USSC-CPG1/9900311118,"Reconditioning of Gas Turbine Hot Gas path Component - 13E1 Stator Heat Shield A, B, C, NTPC Jhanor",Western Region Head Quarter-II,Chhattisgarh,Western Region-II,Services,500000.00,2655.00,,06/10/2025,06/10/2025 :16:30,21/10/2025 :16:00,21/10/2025 :16:00,22/10/2025 :16:00,,"Designation: DGM NTPC Limited, Western Region-II Office,
Plot No. 87, Sector-24,
Nava Raipur, Chhattisgarh-492018 Phone: Fax: E-mail:  hariomkumar@ntpc.co.in",https://ntpctender.ntpc.co.in/NITDetails/NITs/29075
29076,GEM/2025/B/6744459,Biennial Service Contract (Mechanical Maintenance) for ST1 Milling Systems and Deployment of manpower at CWS in BMD (FARAKKA).,Western Region Head Quarter-II,Chhattisgarh,Western Region-II,Services,2000000.00,,,30/09/2025,30/09/2025 :10:00,21/10/2025 :16:00,21/10/2025 :16:00,21/10/2025 :16:30,,"Designation: DGM NTPC Limited, Western Region-II Office,
Plot No. 87, Sector-24,
Nava Raipur, Chhattisgarh-492018 Phone: Fax: E-mail:  hariomkumar@ntpc.co.in",https://ntpctender.ntpc.co.in/NITDetails/NITs/29076
29077,NTPC/USSC-CPG1/9900310985,SUPPLY AND APPLY OF PAINT ON STRUCTURAL STEEL IN BOILER AND ITS AUXILIARIES AREA OF TWO UNITS AT NSTPS.,Western Region Head Quarter-II,Chhattisgarh,Western Region-II,Work Contract,1000000.00,3983.00,,30/09/2025,30/09/2025 :15:30,20/10/2025 :15:30,20/10/2025 :15:30,21/10/2025 :16:30,,"Designation: DGM NTPC Limited, Western Region-II Office,
Plot No. 87, Sector-24,
Nava Raipur, Chhattisgarh-492018 Phone: Fax: E-mail:  hariomkumar@ntpc.co.in",https://ntpctender.ntpc.co.in/NITDetails/NITs/29077
29078,CS-9587-350B-9,"DPR, DE & PMC for Doubling of Track from Kotarlia to Lara Project and
Augmentation of in-plant Rail Yard including OHE and Signalling & Telecommunication (S&T) Works",Corporate Contracts,Uttar Pradesh,Corporate Center,Work Contract,,,,06/10/2025,06/10/2025 :18:55,28/10/2025 :13:30,28/10/2025 :13:30,28/10/2025 :15:00,,"Designation: Sr. Manager NTPC Limited,
Plot A-8A, Sector 24, Noida-201301
State of U.P. India Phone: Fax: E-mail:  rsingh03@ntpc.co.in",https://ntpctender.ntpc.co.in/NITDetails/NITs/29078
29079,9900311158,CONSTRUCTION OF ACCESS OR APPROACH ROADS FOR TALCHER THERMAL STAGE - III.,Corporate Contracts,Uttar Pradesh,Corporate Center,Work Contract,500000.00,2250.00,,06/10/2025,06/10/2025 :10:00,17/12/2025 :15:00,17/12/2025 :15:00,18/12/2025 :15:00,,Designation: Sr. Manager NTPC Limited 6th Floor Engineering Office Complex A-8A Sector-24 NOIDA Dist. Gautam Budh Nagar UP INDIA-201 301 Phone: Fax: E-mail:  shiprakumari@ntpc.co.in,https://ntpctender.ntpc.co.in/NITDetails/NITs/29079
29080,48MEG-05-07102025,Stainless Steel Boiler Tube (without shot peened).,Vendor Development Cell (Raipur CG),Chhattisgarh,Western Region-II,Vendor Enlistment,,,,07/10/2025,07/10/2025 :10:00,27/10/2025 :23:55,27/10/2025 :23:55,,,"Designation: DGM (VEC) Vendor Enlistment Cell,
NTPC Limited, Raipur, Chhattisgarh, India Phone: Fax: E-mail:  medanagaraja@ntpc.co.in",https://ntpctender.ntpc.co.in/NITDetails/NITs/29080
29081,48MEG-01-07102025,BOILER STRAIGHT TUBES (CARBON STEEL).,Vendor Development Cell (Raipur CG),Chhattisgarh,Western Region-II,Vendor Enlistment,,,,07/10/2025,07/10/2025 :10:00,27/10/2025 :23:55,27/10/2025 :23:55,,,"Designation: DGM (VEC) Vendor Enlistment Cell,
NTPC Limited, Raipur, Chhattisgarh, India Phone: Fax: E-mail:  medanagaraja@ntpc.co.in",https://ntpctender.ntpc.co.in/NITDetails/NITs/29081
29082,48MEG-03-07102025,BOILER TUBE BENDS,Vendor Development Cell (Raipur CG),Chhattisgarh,Western Region-II,Vendor Enlistment,,,,07/10/2025,07/10/2025 :10:00,27/10/2025 :23:55,27/10/2025 :23:55,,,"Designation: DGM (VEC) Vendor Enlistment Cell,
NTPC Limited, Raipur, Chhattisgarh, India Phone: Fax: E-mail:  medanagaraja@ntpc.co.in",https://ntpctender.ntpc.co.in/NITDetails/NITs/29082
29083,10MEG-06-07102025,SF6 GAS,Vendor Development Cell (Raipur CG),Chhattisgarh,Western Region-II,Vendor Enlistment,,,,07/10/2025,07/10/2025 :10:00,27/10/2025 :23:55,27/10/2025 :23:55,,,"Designation: DGM (VEC) Vendor Enlistment Cell,
NTPC Limited, Raipur, Chhattisgarh, India Phone: Fax: E-mail:  medanagaraja@ntpc.co.in",https://ntpctender.ntpc.co.in/NITDetails/NITs/29083
29084,10MEG-17-07102025,"HYDRAZINE HYDRATE 80%, IS-12086",Vendor Development Cell (Raipur CG),Chhattisgarh,Western Region-II,Vendor Enlistment,,,,07/10/2025,07/10/2025 :10:00,27/10/2025 :23:55,27/10/2025 :23:55,,,"Designation: DGM (VEC) Vendor Enlistment Cell,
NTPC Limited, Raipur, Chhattisgarh, India Phone: Fax: E-mail:  medanagaraja@ntpc.co.in",https://ntpctender.ntpc.co.in/NITDetails/NITs/29084
29085,10MEG-37A-07102025,Supply Cooling Water Treatment Chemical - Zinc Sulphate,Vendor Development Cell (Raipur CG),Chhattisgarh,Western Region-II,Vendor Enlistment,,,,07/10/2025,07/10/2025 :10:00,27/10/2025 :23:55,27/10/2025 :23:55,,,"Designation: DGM (VEC) Vendor Enlistment Cell,
NTPC Limited, Raipur, Chhattisgarh, India Phone: Fax: E-mail:  medanagaraja@ntpc.co.in",https://ntpctender.ntpc.co.in/NITDetails/NITs/29085
29086,16MEG-25-07102025,Cast Iron pipe lines for Ash conveying pipes of sizes up to 250 NB,Vendor Development Cell (Raipur CG),Chhattisgarh,Western Region-II,Vendor Enlistment,,,,07/10/2025,07/10/2025 :10:00,27/10/2025 :23:55,27/10/2025 :23:55,,,"Designation: DGM (VEC) Vendor Enlistment Cell,
NTPC Limited, Raipur, Chhattisgarh, India Phone: Fax: E-mail:  medanagaraja@ntpc.co.in",https://ntpctender.ntpc.co.in/NITDetails/NITs/29086
29087,OFF-07-07102025,"Application of paint on steel structures, pipelines & equipment",Vendor Development Cell (Raipur CG),Chhattisgarh,Western Region-II,Vendor Enlistment,,,,07/10/2025,07/10/2025 :10:00,27/10/2025 :23:55,27/10/2025 :23:55,,,"Designation: DGM (VEC) Vendor Enlistment Cell,
NTPC Limited, Raipur, Chhattisgarh, India Phone: Fax: E-mail:  medanagaraja@ntpc.co.in",https://ntpctender.ntpc.co.in/NITDetails/NITs/29087
29088,C&I-01-07102025,Maintenance of main Plant and Offsite C&I Systems,Vendor Development Cell (Raipur CG),Chhattisgarh,Western Region-II,Vendor Enlistment,,,,07/10/2025,07/10/2025 :10:00,27/10/2025 :23:55,27/10/2025 :23:55,,,"Designation: DGM (VEC) Vendor Enlistment Cell,
NTPC Limited, Raipur, Chhattisgarh, India Phone: Fax: E-mail:  medanagaraja@ntpc.co.in",https://ntpctender.ntpc.co.in/NITDetails/NITs/29088
29089,FQA-01-07102025,"Radiography, other NDT Job and Stress Relieving/Heat Treatmentin Plant",Vendor Development Cell (Raipur CG),Chhattisgarh,Western Region-II,Vendor Enlistment,,,,07/10/2025,07/10/2025 :10:00,27/10/2025 :23:55,27/10/2025 :23:55,,,"Designation: DGM (VEC) Vendor Enlistment Cell,
NTPC Limited, Raipur, Chhattisgarh, India Phone: Fax: E-mail:  medanagaraja@ntpc.co.in",https://ntpctender.ntpc.co.in/NITDetails/NITs/29089
29090,NTPC/USSC-CPG1/9900310814,"Supply, Retrofitting, Testing & Commissioning of Air Circuit Breakers with Numerical Relay at NTPC Unchahar",Western Region Head Quarter-II,Chhattisgarh,Western Region-II,Work Contract,,,,07/10/2025,07/10/2025 :16:00,27/10/2025 :15:00,27/10/2025 :15:00,29/10/2025 :15:00,,"Designation: DGM NTPC Limited, USSC, CPG-1,
Western Region-II Head Quarter,
Plot No. 87, Sector-24, Atal Nagar,
Nava Raipur, Raipur, Chhattisgarh-492101 Phone: Fax: E-mail:  ajaykumarshivhare@ntpc.co.in",https://ntpctender.ntpc.co.in/NITDetails/NITs/29090
29091,GEM/2025/B/6707282,"PROCUREMENT OF CONDENSER TUBES FOR PP2, NSPCL DURGAPUR.",NTPC-SAIL Power Company Limited (NSPCL) - Bhilai,Chhattisgarh,JVs & Subsidaries,Work Contract,,,,01/10/2025,01/10/2025 :10:00,22/10/2025 :16:00,22/10/2025 :16:00,22/10/2025 :16:30,,"Designation: Asstt. Manager NSPCL, Bhilai, Bhilai (East),
PO Dist., Durg, Chhattisgarh-490021 Phone: Fax: E-mail:  r.k.verma@nspcl.co.in",https://ntpctender.ntpc.co.in/NITDetails/NITs/29091
29092,NTPC/USSC-CPG1/9900311611,"Supply, Installation, Commissioning & 3 Years CAMC for U3 FSH
Boiler Tube Temp Monitoring System.",Western Region Head Quarter-II,Chhattisgarh,Western Region-II,Work Contract,500000.00,,,08/10/2025,08/10/2025 :18:00,27/10/2025 :15:00,27/10/2025 :15:00,29/10/2025 :15:00,,"Designation: DGM NTPC Limited, Central Procurement Group-I,
WR-II Office, Sector-24,
Nava Raipur, Chhattisgarh - 492018 Phone: Fax: E-mail:  cpsingh@ntpc.co.in",https://ntpctender.ntpc.co.in/NITDetails/NITs/29092
29093,GEM/2025/B/6715989,BULK PROCUREMENT OF 4 TON BATTERY OPERATED TRUCK.,Western Region Head Quarter-II,Chhattisgarh,Western Region-II,Work Contract,,,,09/10/2025,09/10/2025 :10:00,30/10/2025 :16:00,30/10/2025 :16:00,30/10/2025 :16:30,,"Designation: Sr. Manager NTPC Limited, Western Region-II Office,
Plot No. 87, Sector-24,
Nava Raipur, Chhattisgarh-492018 Phone: Fax: E-mail:  adityagupta@ntpc.co.in",https://ntpctender.ntpc.co.in/NITDetails/NITs/29093
29094,0230/SSC/CS/OT/31/2025-26/2800010171,"CONSTRUCTION OF COAL
STORAGE SHED- PHASE-2 AT
PP-III NSPCL DURGAPUR",NTPC-SAIL Power Company Limited (NSPCL) - Bhilai,Chhattisgarh,JVs & Subsidaries,Work Contract,1000000.00,5310.00,,08/10/2025,08/10/2025 :10:00,12/11/2025 :17:00,15/11/2025 :15:00,15/11/2025 :15:30,,Designation: DGM NTPC–SAIL POWER COMPANY LIMITED Post Office BHILAI East Dist. Durg CHHATTISGARH-490021 Phone: Fax: E-mail:  ajay.kumar@nspcl.co.in,https://ntpctender.ntpc.co.in/NITDetails/NITs/29094
29095,CS-9590-945-9,"Development, Design and Setup of 1800 TPA Sustainable Aviation Fuel Plant (SAF) at NTPC Pudimadaka",Corporate Contracts,Uttar Pradesh,Corporate Center,Work Contract,20000000.00,,,09/10/2025,10/10/2025 :17:00,06/11/2025 :13:00,06/11/2025 :13:00,06/11/2025 :15:00,,"Designation: DGM NTPC Limited,
Plot A-8A, Sector 24, Noida-201301
State of U.P. India Phone: Fax: E-mail:  firozkhan@ntpc.co.in",https://ntpctender.ntpc.co.in/NITDetails/NITs/29095
29096,GEM/2025/B/6753243,"HIRING OF CAR, MARUTI –SWIFT DZIRE TOUR-S, AC, PETROL, BS-VI WITH DRIVER FOR USE OF CGM & BUH",NSPCL - Durgapur,West Bengal,JVs & Subsidaries,Work Contract,50000.00,,,07/10/2025,07/10/2025 :10:00,28/10/2025 :15:00,28/10/2025 :15:00,28/10/2025 :15:30,,"Designation: DGM NTPC-SAIL Power Company Ltd., Durgapur, Chhattisgarh Phone: Fax: E-mail:  prabhulinga@nspcl.co.in",https://ntpctender.ntpc.co.in/NITDetails/NITs/29096
29097,EOI/FA/NKSTPP/03,Expression of Interest (EoI) for Issue of Fly Ash from NTPC NKSTPP,North Karanpura Thermal Power,Jharkhand,Eastern Region-I,Miscellaneous (Others),,,,09/10/2025,20/09/2025 :10:00,11/10/2025 :17:00,11/10/2025 :17:00,,,"Designation: Ash Utilization Department NTPC NORTH KARANPURA SUPER THERMAL POWER PROJECT,
Tandwa, Dist Chatra, Jharkhand Phone: Fax: E-mail:  ashutilizationnkstpp@ntpc.co.in",https://ntpctender.ntpc.co.in/NITDetails/NITs/29097
29098,GEM/2025/B/6764800,"Repair and Reinstallation of
Staircase Glass Facade at NETRA",Corporate Contracts,Uttar Pradesh,Corporate Center,Services,,,,09/10/2025,09/10/2025 :10:00,22/10/2025 :11:00,22/10/2025 :11:00,22/10/2025 :11:30,,"Designation: Manager NTPC Ltd., Engineering Office Complex, Plot No. A-8A, Sector-24, NOIDA-201301, UP, India Phone: Fax: E-mail:  shilpakareddy@ntpc.co.in",https://ntpctender.ntpc.co.in/NITDetails/NITs/29098
29099,9900310586,UPGRADATION OF LAN AT NTPC LARA. Bidding Document No. 9900310586.,Corporate Contracts,Uttar Pradesh,Corporate Center,Work Contract,200000.00,,,10/10/2025,10/10/2025 :10:00,10/11/2025 :15:00,10/11/2025 :15:00,11/11/2025 :15:00,,"Designation: DGM NTPC Limited,
6th Floor, Engineering Office Complex,
A-8A, Sector-24, NOIDA,
Dist. Gautam Budh Nagar, (UP), INDIA-201 301 Phone: Fax: E-mail:  kailashkumawat@ntpc.co.in",https://ntpctender.ntpc.co.in/NITDetails/NITs/29099
29100,NTPC/SSC-CoalMining(Ranchi)/9900311944,Execution of Acoustics & Other Internal Finishing Works of Auditorium of NTPC Pakri Barwadih Sikri Township.,Coal Mining HQ-Ranchi,Jharkhand,Coal Mining Region,Work Contract,1000000.00,,,10/10/2025,10/10/2025 :18:30,30/10/2025 :17:30,30/10/2025 :17:30,31/10/2025 :12:00,,"Designation: Manager NTPC Limited SSC – Coal Mining, NML,
Ram Keshi Heights, Plot No. 123,
Old A.G. Colony, Kadru,
Dist. Ranchi-834002 Phone: Fax: E-mail:  monalishaparida@ntpc.co.in",https://ntpctender.ntpc.co.in/NITDetails/NITs/29100
29101,SSC/CS/OT/33/2025-26/2800010153,Construction of Miscellaneous Shed in CHP Area at CPP-II NSPCL DURGAPUR PP2.,NTPC-SAIL Power Company Limited (NSPCL) - Bhilai,Chhattisgarh,JVs & Subsidaries,Work Contract,200000.00,,,11/10/2025,11/10/2025 :10:00,27/11/2025 :17:30,03/12/2025 :15:00,03/12/2025 :15:30,,Designation: Sr. Manager NTPC–SAIL POWER COMPANY LIMITED Post Office BHILAI East Dist. Durg CHHATTISGARH-490021 Phone: Fax: E-mail:  arti.choure@nspcl.co.in,https://ntpctender.ntpc.co.in/NITDetails/NITs/29101
29102,GEM/2025/B/6761056,"Rate Contract for Excavation, loading of pond ash from NSPCL Bhilai PP-3 ash dyke, transporting and unloading at construction site of road projects of NHAI and other central or state Government road construction department/Authority/ PMGSY Road Project.",NTPC-SAIL Power Company Limited (NSPCL) - Bhilai,Chhattisgarh,JVs & Subsidaries,Work Contract,2000000.00,,,11/10/2025,11/10/2025 :10:00,01/11/2025 :15:00,01/11/2025 :15:00,01/11/2025 :15:30,,"Designation: Sr. Manager NTPC–SAIL POWER COMPANY LIMITED, 
Post Office BHILAI (East), Dist. Durg, CHHATTISGARH-490021 Phone: Fax: E-mail:  arti.choure@nspcl.co.in",https://ntpctender.ntpc.co.in/NITDetails/NITs/29102
29103,GEM/2025/B/6776869,Lara Stage-2 EPC Package Hiring of Crane & Manlifter.,Western Region Head Quarter-II,Chhattisgarh,Western Region-II,Services,500000.00,,,10/10/2025,10/10/2025 :10:00,27/10/2025 :17:00,27/10/2025 :17:00,27/10/2025 :17:30,,"Designation: Sr. Manager NTPC Limited, Western Region-II Head Quarter,
Plot No. 87, Sector-24, Atal Nagar,
Nava Raipur, Raipur, Chhattisgarh-492101 Phone: Fax: E-mail:  ssundarnayak@ntpc.co.in",https://ntpctender.ntpc.co.in/NITDetails/NITs/29103
29104,NTPC/USSC-CPG1/9900311612,"Replacement of duct from GT Exhaust non metallic expansion joint no. 1 to
WHRB inlet for 2 units",Western Region Head Quarter-II,Chhattisgarh,Western Region-II,Work Contract,2000000.00,,,13/10/2025,13/10/2025 :17:00,03/11/2025 :15:00,03/11/2025 :15:00,05/11/2025 :15:00,,"Designation: DGM NTPC Limited, Central Procurement Group-I,
WR-II Office, Sector-24,
Nava Raipur, Chhattisgarh - 492018 Phone: Fax: E-mail:  cpsingh@ntpc.co.in",https://ntpctender.ntpc.co.in/NITDetails/NITs/29104
29105,NVVN/C&M/BESS-04/2025-26,"Procurement under Tariff-Based Global Competitive Bidding Request for Selection (RFS)
document for setting up of 250 MW/500 MWh STU connected standalone Battery Energy Storage Systems (BESS) in the state of Kerala for Kerala State Electricity Board (KSEBL).",NVVNL - NTPC Vidyut Vyapar Nigam Ltd.,Uttar Pradesh,JVs & Subsidaries,Work Contract,,22500.00,,11/10/2025,11/10/2025 :17:00,11/11/2025 :17:00,11/11/2025 :17:00,12/11/2025 :15:00,,"Designation: Sr. Manager NTPC VIDYUT VYAPAR NIGAM LIMITED,
5th Floor, Engineering Office Complex,
A-8A, Sector-24, Noida–201301 (U.P.) Phone: Fax: E-mail:  kushankkumar@ntpc.co.in",https://ntpctender.ntpc.co.in/NITDetails/NITs/29105
29106,NTPC/USSC-CPG1/9900310615,Repair and Maintenance of Bitumen Road Outside Plant Area of NTPC TSTPS Kaniha,Western Region Head Quarter-II,Chhattisgarh,Western Region-II,Work Contract,200000.00,,,14/10/2025,14/10/2025 :11:20,29/10/2025 :11:20,29/10/2025 :11:20,30/10/2025 :11:20,,"Designation: Manager NTPC Limited, Western Region-II Office,
Plot No. 87, Sector-24,
Nava Raipur, Chhattisgarh-492018 Phone: Fax: E-mail:  swatantrakumar@ntpc.co.in",https://ntpctender.ntpc.co.in/NITDetails/NITs/29106
29107,EOI/001/PA/2025,"EOI for Issue of Pond Ash on a Free of Cost, First Come First Served Basis with Transportation by Bidder, from NTPC SIMHADRI",Simhadri Thermal Power Project,Andhra Pradesh,Southern Region,Miscellaneous (Others),,,,12/10/2025,12/10/2025 :10:00,27/10/2025 :17:00,27/10/2025 :17:00,,,"Designation: DGM (EMG) NTPC Simhadri Super Thermal Power Station, 
Address-Parwada Mandal,
Anakapali District, Andhra Pradesh-531020 Phone: Fax: E-mail:  emgsimhadri@ntpc.co.in",https://ntpctender.ntpc.co.in/NITDetails/NITs/29107
29108,GEM/2025/B/6768363,Centralized Bulk Procurement of Backhoe Loaders for NTPC Stations,Western Region Head Quarter-II,Chhattisgarh,Western Region-II,Work Contract,,,,15/10/2025,15/10/2025 :10:00,06/11/2025 :16:00,06/11/2025 :16:00,06/11/2025 :16:30,,"Designation: DGM NTPC Limited, Western Region-II Office,
Plot No. 87, Sector-24,
Nava Raipur, Chhattisgarh-492018 Phone: Fax: E-mail:  sushilmeena@ntpc.co.in",https://ntpctender.ntpc.co.in/NITDetails/NITs/29108
29109,EOI/01/PA/2025,"EOI for Issue of Pond Ash on Free of Cost, First come First Served Basis with Transportation by Bidder, from NTPC BARH",Barh Thermal Power Plant,Bihar,Eastern Region-I,Miscellaneous (Others),,,,15/10/2025,15/10/2025 :10:00,22/10/2025 :17:00,22/10/2025 :17:00,,,"Designation: DGM NTPC BARH SUPER THERMAL POWER,
STATION (BSTPS),
NTPC Barh, Dist. Patna
Bihar-803215 Phone: Fax: E-mail:  sudipmandal@ntpc.co.in",https://ntpctender.ntpc.co.in/NITDetails/NITs/29109
29110,EOI/003/BA/2025,Expression of Interest for Bottom Ash on First come First Serve basis from NTPC Farakka.,Farakka Super Thermal Power Project,West Bengal,Eastern Region-I,Miscellaneous (Others),,,,16/10/2025,16/10/2025 :10:00,31/10/2025 :17:00,31/10/2025 :17:00,,,"Designation: Sr. Manager NTPC FARAKKA THERMAL POWER STATION, 
PO-Nabarun, Dist. Murshidabad, WB-742236 Phone: Fax: E-mail:  mukeshpaswan@ntpc.co.in",https://ntpctender.ntpc.co.in/NITDetails/NITs/29110
29111,NTPC/USSC-CPG1/9900311961,"Deployment of Safety Experts during unit Overhauling at NTPC Stations WR-1, SR and ER-2.",Western Region Head Quarter-II,Chhattisgarh,Western Region-II,Services,500000.00,,,16/10/2025,16/10/2025 :17:05,05/11/2025 :09:00,05/11/2025 :09:00,07/11/2025 :09:00,,"Designation: DGM NTPC Limited, USSC, CPG-1,
Western Region-II Head Quarter,
Plot No. 87, Sector-24, Atal Nagar,
Nava Raipur, Raipur, Chhattisgarh-492101 Phone: Fax: E-mail:  srikark@ntpc.co.in",https://ntpctender.ntpc.co.in/NITDetails/NITs/29111
29112,GEM/2025/B/6753298,Bulk Procurement of Transformer Oil Filtration Machine 10 KLPH for NTPC Stations Year 2025.,Western Region Head Quarter-II,Chhattisgarh,Western Region-II,Work Contract,,,,16/10/2025,16/10/2025 :10:00,07/11/2025 :15:00,07/11/2025 :15:00,07/11/2025 :15:30,,"Designation: DGM NTPC Limited, Western Region-II Office,
Plot No. 87, Sector-24,
Nava Raipur, Chhattisgarh-492018 Phone: Fax: E-mail:  sushilmeena@ntpc.co.in",https://ntpctender.ntpc.co.in/NITDetails/NITs/29112
29113,GEM/2025/B/6767538,DEPLOYMENT OF VEHICLE- FOR PP2 OPERATION DEPT ON 247 BASIS FOR 3 YEARS.,NSPCL - Durgapur,West Bengal,JVs & Subsidaries,Work Contract,100000.00,,,16/10/2025,16/10/2025 :10:00,06/11/2025 :15:00,06/11/2025 :15:00,06/11/2025 :15:30,,"Designation: DGM NSPCL DURGAPUR, CHHATTISGARH Phone: Fax: E-mail:  prabhulinga@nspcl.co.in",https://ntpctender.ntpc.co.in/NITDetails/NITs/29113
29114,NTPC/USSC-CPG1/9900312305,Supply and Application of Paint on Structural Steel in CHP Area for NTPC Khargone,Western Region Head Quarter-II,Chhattisgarh,Western Region-II,Work Contract,500000.00,,,17/10/2025,17/10/2025 :11:00,01/11/2025 :15:00,01/11/2025 :15:00,03/11/2025 :15:00,,"Designation: Sr. Manager NTPC Limited, Western Region-II Office,
Plot No. 87, Sector-24,
Nava Raipur, Chhattisgarh-492018 Phone: Fax: E-mail:  sonamjha@ntpc.co.in",https://ntpctender.ntpc.co.in/NITDetails/NITs/29114
29115,GEM/2025/B/6796514,"Hiring of Backhoe Loaders (2 nos)
Along with Drivers for 2years in CHP Area at NTPC Lara",Western Region Head Quarter-II,Chhattisgarh,Western Region-II,Services,200000.00,,,16/10/2025,16/10/2025 :10:00,06/11/2025 :17:00,06/11/2025 :17:00,06/11/2025 :17:30,,"Designation: Sr. Manager NTPC Limited, Western Region-II Head Quarter,
Plot No. 87, Sector-24, Atal Nagar,
Nava Raipur, Raipur, Chhattisgarh-492101 Phone: Fax: E-mail:  ssundarnayak@ntpc.co.in",https://ntpctender.ntpc.co.in/NITDetails/NITs/29115
29116,GEM/2025/B/6794653,"Running and Maintenance
Contract of Urja Bhawan and Khelgaon Guest Houses at
NCPS Dadri",Western Region Head Quarter-II,Chhattisgarh,Western Region-II,Services,200000.00,,,15/10/2025,15/10/2025 :10:00,05/11/2025 :17:00,05/11/2025 :17:00,05/11/2025 :17:30,,"Designation: Sr. Manager NTPC Limited, Western Region-II Head Quarter,
Plot No. 87, Sector-24, Atal Nagar,
Nava Raipur, Raipur, Chhattisgarh-492101 Phone: Fax: E-mail:  ssundarnayak@ntpc.co.in",https://ntpctender.ntpc.co.in/NITDetails/NITs/29116
29117,NTPC/USSC-CPG1/9900311303,"SITC of Audio-Video, Acoustics and Electrical infrastructure at Recreational Center-TVHPP",Western Region Head Quarter-II,Chhattisgarh,Western Region-II,Work Contract,,,,16/10/2025,16/10/2025 :09:00,03/11/2025 :15:00,03/11/2025 :15:00,05/11/2025 :15:00,,"Designation: DGM NTPC Limited, USSC, CPG-1,
Western Region-II Head Quarter,
Plot No. 87, Sector-24, Atal Nagar,
Nava Raipur, Raipur, Chhattisgarh-492101 Phone: Fax: E-mail:  ajaykumarshivhare@ntpc.co.in",https://ntpctender.ntpc.co.in/NITDetails/NITs/29117
29118,NTPC/EOC/9900302129,Centralized Rate Contract (CRC) for Canon printers cartridges.,Corporate Contracts,Uttar Pradesh,Corporate Center,Work Contract,,,,17/10/2025,17/10/2025 :15:30,27/10/2025 :15:30,27/10/2025 :15:30,28/10/2025 :15:30,,"Designation: Manager NTPC LTD., 6th FLOOR, EOC,
Plot no. A-8A, Sector 24
NOIDA (UP), India-201 301 Phone: Fax: E-mail:  shilpakareddy@ntpc.co.in",https://ntpctender.ntpc.co.in/NITDetails/NITs/29118
29119,NTPC/PEM/EOI/CFD/2025,Expression of Interest for Identification of Domestic vendors for CFD in Thermal Power Plants,SRHQ Hyderabad,Andhra Pradesh,Southern Region,Work Contract,,,,17/10/2025,17/10/2025 :10:00,30/11/2025 :18:00,30/11/2025 :18:00,,,Designation: DGM PE-MechSG&Aux Project Engineering MechanicalSG & Auxiliaries 3rd Floor NTPC Limited SRHQ NTPC Bhavan Kavadiguda Secunderabad-500080 Phone: Fax: E-mail:  vivekbharti@ntpc.co.in,https://ntpctender.ntpc.co.in/NITDetails/NITs/29119
29120,SSC-25165/OT/33/2025-26/2800010173,"WATERPROOFING AND
STRUCTURAL STRENGTHENING OF
VARIOUS STRUCTURES INSIDE PP-II
AT NSPCL, DURGAPUR PP2",NTPC-SAIL Power Company Limited (NSPCL) - Bhilai,Chhattisgarh,JVs & Subsidaries,Services,500000.00,2655.00,,07/10/2025,18/10/2025 :10:00,17/12/2025 :17:30,22/12/2025 :15:00,22/12/2025 :15:30,,Designation: Sr. Manager NTPC–SAIL POWER COMPANY LIMITED Post Office BHILAI East Dist. Durg CHHATTISGARH-490021 Phone: Fax: E-mail:  arti.choure@nspcl.co.in,https://ntpctender.ntpc.co.in/NITDetails/NITs/29120
29121,CS-4632-350-9,"Consultancy Package for Detailed Feasibility Study (FSR/FR) for Augmentation of Railway
Siding Infrastructure & Systems including Over Head Electrification and S&T for Bongaigaon STPP Stage-II (1x800 MW).",Corporate Contracts,Uttar Pradesh,Corporate Center,Consultancy Services,,,,21/10/2025,17/10/2025 :10:00,10/11/2025 :15:00,10/11/2025 :15:00,10/11/2025 :15:30,,"Designation: Sr. Manager NTPC Ltd., Engineering Office Complex,
Plot No. A-8A, Sector-24, NOIDA-201301, UP, India Phone: Fax: E-mail:  priyanka@ntpc.co.in",https://ntpctender.ntpc.co.in/NITDetails/NITs/29121
29122,GEM/2025/B/6794933,"Biennial Maintenance Contract for Mechanical Maintenance Department at NTPC Anta (2025-
2027).",Western Region Head Quarter-II,Chhattisgarh,Western Region-II,Services,200000.00,,,21/10/2025,21/10/2025 :10:00,05/11/2025 :17:00,05/11/2025 :17:00,05/11/2025 :17:30,,"Designation: Sr. Manager NTPC Limited, Western Region-II Head Quarter,
Plot No. 87, Sector-24, Atal Nagar,
Nava Raipur, Raipur, Chhattisgarh-492101 Phone: Fax: E-mail:  sonamjha@ntpc.co.in",https://ntpctender.ntpc.co.in/NITDetails/NITs/29122
29123,GEM/2025/B/6803119,OPERATION ASSISTANCE IN MAIN PLANT AND OFFSITE AREA PP2 2X60MW NSPCL ROURKELA.,NTPC-SAIL Power Company Limited (NSPCL) - Bhilai,Chhattisgarh,JVs & Subsidaries,Services,200000.00,,,21/10/2025,21/10/2025 :10:00,08/11/2025 :18:00,08/11/2025 :18:00,08/11/2025 :18:30,,"Designation: Sr. Asst. Engineer NTPC Sail Power Company Limited (NSPCL), 
Shared Service Centre, Bhilai 
Bhilai (East), PO Dist, Durg, Chhattisgarh-490021 Phone: Fax: E-mail:  nbanerjee@nspcl.co.in",https://ntpctender.ntpc.co.in/NITDetails/NITs/29123
29124,GEM/2025/B/6811702,"Handling and Transport on Lumpsum Basis - Bottom Ash
Utilization in eligible avenues in lead distance 250-300 Kms
from NTPC Darlipali",Western Region Head Quarter-II,Chhattisgarh,Western Region-II,Services,5000000.00,,,21/10/2025,21/10/2025 :10:00,12/11/2025 :17:00,12/11/2025 :17:00,12/11/2025 :17:30,,"Designation: Sr. Manager NTPC Limited, Western Region-II Head Quarter,
Plot No. 87, Sector-24, Atal Nagar,
Nava Raipur, Raipur, Chhattisgarh-492101 Phone: Fax: E-mail:  ssundarnayak@ntpc.co.in",https://ntpctender.ntpc.co.in/NITDetails/NITs/29124
29125,NVVN/C&M/RE-464/2025-26,DEVELOPMENT OF 376 KW ROOFTOP SOLAR PROJECTS AT VARIOUS LOCATIONS OF GAIL,NVVNL - NTPC Vidyut Vyapar Nigam Ltd.,Uttar Pradesh,JVs & Subsidaries,Services,200000.00,,,22/10/2025,22/10/2025 :10:00,10/11/2025 :17:00,10/11/2025 :17:00,11/11/2025 :15:00,,"Designation: Sr. Manager NTPC VIDYUT VYAPAR NIGAM LIMITED
Engineering Office Complex, Plot No. A-8A Sector 24, Block A,
Noida, Uttar Pradesh 201301 Phone: Fax: E-mail:  nvvncontracts@ntpc.co.in",https://ntpctender.ntpc.co.in/NITDetails/NITs/29125
29126,GEM/2025/B/6815453,"Handling and Transport on Lumpsum Basis - Bottom Ash
Utilization in eligible avenues in lead distance 150-200 Kms
from NTPC Darlipali",Western Region Head Quarter-II,Chhattisgarh,Western Region-II,Work Contract,5000000.00,,,23/10/2025,23/10/2025 :10:00,13/11/2025 :15:00,13/11/2025 :15:00,13/11/2025 :15:30,,"Designation: Sr. Manager NTPC Limited, Western Region-II Head Quarter,
Plot No. 87, Sector-24, Atal Nagar,
Nava Raipur, Raipur, Chhattisgarh-492101 Phone: Fax: E-mail:  ssundarnayak@ntpc.co.in",https://ntpctender.ntpc.co.in/NITDetails/NITs/29126
29127,NTPC/USSC-CPG1/9900312333,Supply and Installation of MTMs for U3 FSH Boiler Tube Temp Monitoring System,Western Region Head Quarter-II,Chhattisgarh,Western Region-II,Work Contract,200000.00,,,23/10/2025,23/10/2025 :13:00,05/11/2025 :15:00,05/11/2025 :15:00,07/11/2025 :15:00,,"Designation: DGM NTPC Limited, Central Procurement Group-I,
WR-II Office, Sector-24,
Nava Raipur, Chhattisgarh - 492018 Phone: Fax: E-mail:  cpsingh@ntpc.co.in",https://ntpctender.ntpc.co.in/NITDetails/NITs/29127
29128,NVVN/C&M/RE-469/2025-26,Global Tender for Sale of Gypsum produced from Flue Gas Desulphurization Plant from NTPC SINGRAULI,NVVNL - NTPC Vidyut Vyapar Nigam Ltd.,Uttar Pradesh,JVs & Subsidaries,Services,,,,23/10/2025,23/10/2025 :15:00,07/01/2026 :17:00,07/01/2026 :17:00,08/01/2026 :15:00,,Designation: Sr. Manager NTPC VIDYUT VYAPAR NIGAM LIMITED Engineering Office Complex Plot No. A-8A Sector 24 Block A Noida Uttar Pradesh-201301 Phone: Fax: E-mail:  sandhipdebbarma@ntpc.co.in,https://ntpctender.ntpc.co.in/NITDetails/NITs/29128
29129,9900312330,ROAD CONSTRUCTION FROM ANAND BAZAR CHOWK TO SANTHAPADA GHAI UNDER COMMUNITY DEVELOPMENT ACTIVITIES OF NTPC TALCHER THERMAL.,Western Region Head Quarter-II,Chhattisgarh,Western Region-II,Work Contract,,,,23/10/2025,23/10/2025 :14:00,05/11/2025 :16:00,05/11/2025 :16:00,06/11/2025 :16:00,,"Designation: DGM NTPC Limited, USSC, CPG-1,
Western Region-II Head Quarter,
Plot No. 87, Sector-24, Atal Nagar,
Nava Raipur, Raipur, Chhattisgarh-492018 Phone: Fax: E-mail:  pankajkumar07@ntpc.co.in",https://ntpctender.ntpc.co.in/NITDetails/NITs/29129
29130,NTECL/C&M/CS-5918,Repair & Refurbishment of 1 MVA & 2 MVA Transformer,NTECL: NTPC TamilNadu Energy Company Ltd.,Tamilnadu,JVs & Subsidaries,Services,,,,03/10/2025,03/10/2025 :10:00,24/10/2025 :10:00,24/10/2025 :10:00,24/10/2025 :10:30,,"Designation: DGM NTECL, Vallur Thermal Power Project, Kuruvimedu Village,
Ponneri Taluk, Vellivayal Chavadi Post, Thiruvallur Dist. Chennai-600103 Phone: Fax: E-mail:  nithyav@ntpc.co.in",https://ntpctender.ntpc.co.in/NITDetails/NITs/29130
29131,GEM/2025/B/6758318,PROCUREMENT OF 4 TON Battery Operated Truck FOR NTPC PLANTS,Western Region Head Quarter-II,Chhattisgarh,Western Region-II,Work Contract,,,,06/10/2025,06/10/2025 :10:00,05/11/2025 :18:00,05/11/2025 :18:00,05/11/2025 :18:30,,"Designation: DGM NTPC Limited, Western Region-II Head Quarter,
Plot No. 87, Sector-24, Atal Nagar,
Nava Raipur, Raipur, Chhattisgarh-492101 Phone: Fax: E-mail:  deepaktripathi@ntpc.co.in",https://ntpctender.ntpc.co.in/NITDetails/NITs/29131
29132,NTPC/USSC-CPG1/9900312168,Supply and Installation of CCTV Camera Security System at NTPC Darlipali.,Western Region Head Quarter-II,Chhattisgarh,Western Region-II,Work Contract,,,,27/10/2025,27/10/2025 :18:00,17/11/2025 :15:00,17/11/2025 :15:00,19/11/2025 :15:00,,"Designation: DGM NTPC Limited, USSC, CPG-1,
Western Region-II Head Quarter,
Plot No. 87, Sector-24, Atal Nagar,
Nava Raipur, Raipur, Chhattisgarh-492101 Phone: Fax: E-mail:  ajaykumarshivhare@ntpc.co.in",https://ntpctender.ntpc.co.in/NITDetails/NITs/29132
29133,GEM/2025/B/6821644,Centralized Bulk Procurement of Poly Aluminum Chloride for NTPC Stations,Western Region Head Quarter-II,Chhattisgarh,Western Region-II,Work Contract,,,,28/10/2025,28/10/2025 :10:00,11/11/2025 :15:00,11/11/2025 :15:00,11/11/2025 :15:30,,"Designation: DGM NTPC Limited, Western Region-II Office,
Plot No. 87, Sector-24,
Nava Raipur, Chhattisgarh-492018 Phone: Fax: E-mail:  ssenthilkumar@ntpc.co.in",https://ntpctender.ntpc.co.in/NITDetails/NITs/29133
29134,GEM/2025/B/6828255,"Biennial Contract for Road Cleaning, Water Sprinkling, Deployment of JCB for a Period of 2 Years at MGR DSTPP.",Western Region Head Quarter-II,Chhattisgarh,Western Region-II,Work Contract,200000.00,,,27/10/2025,27/10/2025 :10:00,17/11/2025 :17:00,17/11/2025 :17:00,17/11/2025 :17:30,,"Designation: Sr. Manager NTPC Limited, Western Region-II Head Quarter,
Plot No. 87, Sector-24, Atal Nagar,
Nava Raipur, Raipur, Chhattisgarh-492101 Phone: Fax: E-mail:  ssundarnayak@ntpc.co.in",https://ntpctender.ntpc.co.in/NITDetails/NITs/29134
29135,GEM/2025/B/6810185,"Supply, Erection & Commissioning of 30-meter-long High Mast Lighting Poles
including All Accessories at Talaipalli Coal Mining Project, Raigarh (C.G.).",Coal Mining HQ-Ranchi,Jharkhand,Coal Mining Region,Services,100000.00,,,28/10/2025,28/10/2025 :10:00,18/11/2025 :16:00,18/11/2025 :16:00,18/11/2025 :16:30,,"Designation: DGM NTPC Limited, Shared Service Centre - Coal Mining, Ranchi, Jharkhand Phone: Fax: E-mail:  dheerendramishra@ntpc.co.in",https://ntpctender.ntpc.co.in/NITDetails/NITs/29135
29136,NTPC/USSC-CPG1/9900311801,Bulk Procurement of Flexible Cu Cables,Western Region Head Quarter-II,Chhattisgarh,Western Region-II,Work Contract,500000.00,,,15/10/2025,15/10/2025 :17:00,05/11/2025 :17:00,05/11/2025 :17:00,06/11/2025 :17:00,,"Designation: DGM NTPC Limited, Western Region-II Office,
Plot No. 87, Sector-24,
Nava Raipur, Chhattisgarh-492018 Phone: Fax: E-mail:  manishkumar06@ntpc.co.in",https://ntpctender.ntpc.co.in/NITDetails/NITs/29136
29137,9900312354,PROVIDING AND LAYING OF BITUMINOUS CONCRETE TOPPING AND GUARD WALL OVER APPROACH RAMPS ASH DYKES AT NTPC FARAKKA,Western Region Head Quarter-II,Chhattisgarh,Western Region-II,Work Contract,,,,29/10/2025,29/10/2025 :13:00,10/11/2025 :16:00,10/11/2025 :16:00,11/11/2025 :16:00,,"Designation: DGM NTPC Limited, USSC, CPG-1,
Western Region-II Head Quarter,
Plot No. 87, Sector-24, Atal Nagar,
Nava Raipur, Raipur, Chhattisgarh-492018 Phone: Fax: E-mail:  pankajkumar07@ntpc.co.in",https://ntpctender.ntpc.co.in/NITDetails/NITs/29137
29138,GEM/2025/B/6800208,PROCUREMENT OF SKID STEER LOADER FOR NTPC PLANTS,Western Region Head Quarter-II,Chhattisgarh,Western Region-II,Work Contract,,,,27/10/2025,27/10/2025 :10:00,17/11/2025 :17:00,17/11/2025 :17:00,17/11/2025 :17:30,,"Designation: DGM NTPC Limited, Western Region-II Office,
Plot No. 87, Sector-24,
Nava Raipur, Chhattisgarh-492018 Phone: Fax: E-mail:  deepaktripathi@ntpc.co.in",https://ntpctender.ntpc.co.in/NITDetails/NITs/29138
29139,9900312270,"Dredging of Ash from Overflow Lagoon of Stage-II Ash dyke of TSTPS, Kaniha",Western Region Head Quarter-II,Chhattisgarh,Western Region-II,Work Contract,,,,29/10/2025,29/10/2025 :14:00,10/11/2025 :16:00,10/11/2025 :16:00,11/11/2025 :16:00,,"Designation: DGM NTPC Limited, USSC, CPG-1,
Western Region-II Head Quarter,
Plot No. 87, Sector-24, Atal Nagar,
Nava Raipur, Raipur, Chhattisgarh-492018 Phone: Fax: E-mail:  pankajkumar07@ntpc.co.in",https://ntpctender.ntpc.co.in/NITDetails/NITs/29139
29140,GEM/2025/B/6791846,Biennial Job Contract for CCTV System Maintenance at NTPC Vindhyachal.,Western Region Head Quarter-II,Chhattisgarh,Western Region-II,Work Contract,200000.00,,,30/10/2025,30/10/2025 :10:00,14/11/2025 :12:00,14/11/2025 :12:00,14/11/2025 :12:30,,"Designation: Sr. Manager NTPC Limited, Western Region-II Head Quarter, Plot No. 87, Sector-24, Atal Nagar, Nava Raipur, Raipur, Chhattisgarh-492101 Phone: Fax: E-mail:  sonamjha@ntpc.co.in",https://ntpctender.ntpc.co.in/NITDetails/NITs/29140
29141,GEM/2025/B/6828626,Procurement of Microsoft SQL Server Enterprise Licenses.,"Corporate Materials (EOC, Scope, PMI, NETRA)",Uttar Pradesh,Corporate Center,Work Contract,,,,28/10/2025,28/10/2025 :10:00,27/11/2025 :16:00,27/11/2025 :16:00,27/11/2025 :16:30,,Designation: DGM Corporate Material EOC NTPC Limited NOIDA Uttar Pradesh Phone: Fax: E-mail:  rajeshkumarmeena01@ntpc.co.in,https://ntpctender.ntpc.co.in/NITDetails/NITs/29141
29142,GEM/2025/B/6829058,FMS Support Services for NTPC PRADIP System for a Period of 7 Years,"Corporate Materials (EOC, Scope, PMI, NETRA)",Uttar Pradesh,Corporate Center,Services,,,,28/10/2025,28/10/2025 :10:00,21/11/2025 :16:00,21/11/2025 :16:00,21/11/2025 :16:30,,Designation: DGM Corporate Material EOC NTPC Limited NOIDA Uttar Pradesh Phone: Fax: E-mail:  rajeshkumarmeena01@ntpc.co.in,https://ntpctender.ntpc.co.in/NITDetails/NITs/29142
29143,GEM/2025/B/6809507,BULK PROCUREMENT OF CHP CONVEYOR BELTS FY 2025 to 26 PR2 1600MM BELTS,Western Region Head Quarter-II,Chhattisgarh,Western Region-II,Work Contract,,,,30/10/2025,30/10/2025 :10:00,20/11/2025 :15:00,20/11/2025 :15:00,20/11/2025 :15:30,,"Designation: DGM NTPC Limited, Western Region-II Office,
Plot No. 87, Sector-24,
Nava Raipur, Chhattisgarh-492018 Phone: Fax: E-mail:  ssenthilkumar@ntpc.co.in",https://ntpctender.ntpc.co.in/NITDetails/NITs/29143
29144,GEM/2025/B/6809522,BULK PROCUREMENT OF CHP CONVEYOR BELTS FY 2025 to 26 PR3 UPTO 1400MM BELTS,Western Region Head Quarter-II,Chhattisgarh,Western Region-II,Work Contract,,,,30/10/2025,30/10/2025 :10:00,20/11/2025 :15:00,20/11/2025 :15:00,20/11/2025 :15:30,,"Designation: DGM NTPC Limited, Western Region-II Office, Plot No. 87, Sector-24, Nava Raipur, Chhattisgarh-492018 Phone: Fax: E-mail:  ssenthilkumar@ntpc.co.in",https://ntpctender.ntpc.co.in/NITDetails/NITs/29144
29145,GEM/2025/B/6823494,Rourkela PP-II Exp – Supply & Execution of TYPE-A fire Sealing Work on Risk and Cost of M/s BHEL.,NTPC-SAIL Power Company Limited (NSPCL) - Bhilai,Chhattisgarh,JVs & Subsidaries,Services,100000.00,,,30/10/2025,30/10/2025 :10:00,20/11/2025 :16:00,20/11/2025 :16:00,20/11/2025 :16:30,,"Designation: Sr. Manager NSPCL,
Shared Service Centre, Bhilai
Expansion Site, Near Purena Village,
Bhilai (East), PO-Dist. Durg, Chhattisgarh-490021 Phone: Fax: E-mail:  pratibhasoni@nspcl.co.in",https://ntpctender.ntpc.co.in/NITDetails/NITs/29145
29147,NTPC/USSC-CPG1/9900312487,Procurement of 200MVA 400kV GT of Stage-II of NTPC Ramagundam,Western Region Head Quarter-II,Chhattisgarh,Western Region-II,Work Contract,,,,31/10/2025,31/10/2025 :18:00,24/11/2025 :15:00,24/11/2025 :15:00,26/11/2025 :15:00,,"Designation: DGM NTPC Limited, USSC, CPG-1,
Western Region-II Head Quarter,
Plot No. 87, Sector-24, Atal Nagar,
Nava Raipur, Raipur, Chhattisgarh-492101 Phone: Fax: E-mail:  ajaykumarshivhare@ntpc.co.in",https://ntpctender.ntpc.co.in/NITDetails/NITs/29147
29148,NTPC/USSC-CPG1/9900312755,Procurement for 100MVA 400/33kV Tie Transformer for NTPC Ramagundam,Western Region Head Quarter-II,Chhattisgarh,Western Region-II,Work Contract,2000000.00,,,31/10/2025,31/10/2025 :18:00,21/11/2025 :15:00,21/11/2025 :15:00,24/11/2025 :17:00,,"Designation: DGM NTPC Limited, Western Region-II Office,
Plot No. 87, Sector-24,
Nava Raipur, Chhattisgarh-492018 Phone: Fax: E-mail:  manishkumar06@ntpc.co.in",https://ntpctender.ntpc.co.in/NITDetails/NITs/29148
29149,BIFPCL/MM/2025-26/OTE/070,"Procurement of High-Pressure Hydro Jet Pump for Condenser Tube Cleaning along with Accessories for 2X660MW MSTPP, BIFPCL, Bangladesh",JV OF NTPC Ltd and BPDB,,JVs & Subsidaries,Work Contract,,,,19/10/2025,19/10/2025 :10:00,27/11/2025 :17:00,01/12/2025 :11:00,01/12/2025 :12:00,,"Designation: General Manager BIFPCL, Unique Heights (Borak), Level-17, 117 Kazi Nazrul Islam Avenue, Eskaton Garden, Dhaka-1000 Phone: Fax: E-mail:  kvmohan@bifpcl.com",https://ntpctender.ntpc.co.in/NITDetails/NITs/29149
29150,BIFPCL/OTM/SiteC&M/CS/2025/620,Condenser Tube Cleaning by High-Pressure Water Jet & Bullet Shot Method,JV OF NTPC Ltd and BPDB,,JVs & Subsidaries,Work Contract,,,,16/10/2025,19/10/2025 :09:00,27/11/2025 :17:00,02/12/2025 :11:00,02/12/2025 :12:00,,"Designation: General Manager BIFPCL, Unique Heights (Borak), Level-17, 117 Kazi Nazrul Islam Avenue, Eskaton Garden, Dhaka-1000 Phone: Fax: E-mail:  kddansena@bifpcl.com",https://ntpctender.ntpc.co.in/NITDetails/NITs/29150
29151,IGSTPP/CS/25-26/CRN-4508,"Procurement of IP based CCTV Camera System for Plant wide MCCs at APCPL/IGSTPP Jharli, Jhajjar",IGSTPP: Aravali Power Copany Private Limited-Jhajjar (JV),Haryana,JVs & Subsidaries,Work Contract,200000.00,,,04/11/2025,04/11/2025 :12:00,24/11/2025 :15:00,24/11/2025 :15:00,25/11/2025 :15:00,,"Designation: Sr. Manager IGSTPP, Aravali Power Company Private Limited-Jhajjar (JV),
P.O. Jharli, Dist. Jhajjar, Haryana-124141 Phone: Fax: E-mail:  amitsaikia@ntpc.co.in",https://ntpctender.ntpc.co.in/NITDetails/NITs/29151
29152,55MEG-18-Tranche/Nov/2025,CONVEYOR BELT (NN/ EP) UPTO 1400MM WIDTH,Vendor Development Cell (Raipur CG),Chhattisgarh,Western Region-II,Vendor Enlistment,,,,04/11/2025,04/11/2025 :10:00,24/11/2025 :23:55,24/11/2025 :23:55,,,"Designation: Dy. General Manager NTPC LTD., WESTERN REGION-II HEAD QUARTER, PLOT NO. 87,
SECTOR-24, ATAL NAGAR, NAVA RAIPUR, CHHATTISGARH-492018 Phone: Fax: E-mail:  ahansari@ntpc.co.in",https://ntpctender.ntpc.co.in/NITDetails/NITs/29152
29153,55MEG-20-Tranche/Nov/2025,CONVEYOR BELT (NN / EP) ABOVE 1400MM WIDTH AND UPTO 1600MM WIDTH,Vendor Development Cell (Raipur CG),Chhattisgarh,Western Region-II,Vendor Enlistment,,,,04/11/2025,04/11/2025 :10:00,24/11/2025 :23:55,24/11/2025 :23:55,,,"Designation: Dy. General Manager NTPC LTD., WESTERN REGION-II HEAD QUARTER, PLOT NO. 87,
SECTOR-24, ATAL NAGAR, NAVA RAIPUR, CHHATTISGARH-492018 Phone: Fax: E-mail:  ahansari@ntpc.co.in",https://ntpctender.ntpc.co.in/NITDetails/NITs/29153
29154,55MEG-22-Tranche/Nov/2025,CONVEYOR BELT (NN/ EP) ABOVE 1600MM WIDTH AND UPTO 1800MM WIDTH,Vendor Development Cell (Raipur CG),Chhattisgarh,Western Region-II,Vendor Enlistment,,,,04/11/2025,04/11/2025 :10:00,24/11/2025 :23:55,24/11/2025 :23:55,,,"Designation: Dy. General Manager NTPC LTD., WESTERN REGION-II HEAD QUARTER, PLOT NO. 87,
SECTOR-24, ATAL NAGAR, NAVA RAIPUR, CHHATTISGARH-492018 Phone: Fax: E-mail:  ahansari@ntpc.co.in",https://ntpctender.ntpc.co.in/NITDetails/NITs/29154
29155,55MEG-24-Tranche/Nov/2025,CONVEYOR BELT (NN/ EP) ABOVE 1800MM WIDTH AND UPTO 2000MM WIDTH,Vendor Development Cell (Raipur CG),Chhattisgarh,Western Region-II,Vendor Enlistment,,,,04/11/2025,04/11/2025 :10:00,24/11/2025 :23:55,24/11/2025 :23:55,,,"Designation: Dy. General Manager NTPC LTD., WESTERN REGION-II HEAD QUARTER, PLOT NO. 87,
SECTOR-24, ATAL NAGAR, NAVA RAIPUR, CHHATTISGARH-492018 Phone: Fax: E-mail:  ahansari@ntpc.co.in",https://ntpctender.ntpc.co.in/NITDetails/NITs/29155
29156,55MEG-26-Tranche/Nov/2025,CONVEYOR BELT (NN/ EP) ABOVE 2000MM WITDH AND UPTO 2200MM WITDH,Vendor Development Cell (Raipur CG),Chhattisgarh,Western Region-II,Vendor Enlistment,,,,04/11/2025,04/11/2025 :10:00,24/11/2025 :23:55,24/11/2025 :23:55,,,"Designation: Dy. General Manager NTPC LTD., WESTERN REGION-II HEAD QUARTER, PLOT NO. 87,
SECTOR-24, ATAL NAGAR, NAVA RAIPUR, CHHATTISGARH-492018 Phone: Fax: E-mail:  ahansari@ntpc.co.in",https://ntpctender.ntpc.co.in/NITDetails/NITs/29156
29157,10MEG-15-Tranche/Nov/2025,HYDRATED LIME,Vendor Development Cell (Raipur CG),Chhattisgarh,Western Region-II,Vendor Enlistment,,,,04/11/2025,04/11/2025 :10:00,24/11/2025 :23:55,24/11/2025 :23:55,,,"Designation: Dy. General Manager NTPC LTD., WESTERN REGION-II HEAD QUARTER, PLOT NO. 87,
SECTOR-24, ATAL NAGAR, NAVA RAIPUR, CHHATTISGARH-492018 Phone: Fax: E-mail:  ahansari@ntpc.co.in",https://ntpctender.ntpc.co.in/NITDetails/NITs/29157
29158,10MEG-29-Tranche/Nov/2025,ANHYDROUS AMMONIA IS 662,Vendor Development Cell (Raipur CG),Chhattisgarh,Western Region-II,Vendor Enlistment,,,,04/11/2025,04/11/2025 :10:00,24/11/2025 :23:55,24/11/2025 :23:55,,,"Designation: Dy. General Manager NTPC LTD., WESTERN REGION-II HEAD QUARTER, PLOT NO. 87,
SECTOR-24, ATAL NAGAR, NAVA RAIPUR, CHHATTISGARH-492018 Phone: Fax: E-mail:  ahansari@ntpc.co.in",https://ntpctender.ntpc.co.in/NITDetails/NITs/29158
29159,56MEG-08-Tranche/Nov/2025,BAG FILTERS,Vendor Development Cell (Raipur CG),Chhattisgarh,Western Region-II,Vendor Enlistment,,,,04/11/2025,04/11/2025 :10:00,24/11/2025 :23:55,24/11/2025 :23:55,,,"Designation: Dy. General Manager NTPC LTD., WESTERN REGION-II HEAD QUARTER, PLOT NO. 87,
SECTOR-24, ATAL NAGAR, NAVA RAIPUR, CHHATTISGARH-492018 Phone: Fax: E-mail:  ahansari@ntpc.co.in",https://ntpctender.ntpc.co.in/NITDetails/NITs/29159
29160,87MEG-10-Tranche/Nov/2025,400 kV Current Transformer (CT) (Enlistment Category-1),Vendor Development Cell (Raipur CG),Chhattisgarh,Western Region-II,Vendor Enlistment,,,,04/11/2025,04/11/2025 :10:00,24/11/2025 :23:55,24/11/2025 :23:55,,,"Designation: Dy. General Manager NTPC LTD., WESTERN REGION-II HEAD QUARTER, PLOT NO. 87,
SECTOR-24, ATAL NAGAR, NAVA RAIPUR, CHHATTISGARH-492018 Phone: Fax: E-mail:  ahansari@ntpc.co.in",https://ntpctender.ntpc.co.in/NITDetails/NITs/29160
29161,BMD-03-Tranche/Nov/2025,Thermal Insulation & Cladding of Boiler / TG & Auxiliaries,Vendor Development Cell (Raipur CG),Chhattisgarh,Western Region-II,Vendor Enlistment,,,,04/11/2025,04/11/2025 :10:00,24/11/2025 :23:55,24/11/2025 :23:55,,,"Designation: Dy. General Manager NTPC LTD., WESTERN REGION-II HEAD QUARTER, PLOT NO. 87,
SECTOR-24, ATAL NAGAR, NAVA RAIPUR, CHHATTISGARH-492018 Phone: Fax: E-mail:  ahansari@ntpc.co.in",https://ntpctender.ntpc.co.in/NITDetails/NITs/29161
29162,BMD-29-Tranche/Nov/2025,"Maintenance/Overhauling Contract of Boiler Pressure Parts, Coal Compartment assembly and associated works including HP jet cleaning of Boiler Heating surfaces and Safety Valve Floating",Vendor Development Cell (Raipur CG),Chhattisgarh,Western Region-II,Vendor Enlistment,,,,04/11/2025,04/11/2025 :10:00,24/11/2025 :23:55,24/11/2025 :23:55,,,"Designation: Dy. General Manager NTPC LTD., WESTERN REGION-II HEAD QUARTER, PLOT NO. 87,
SECTOR-24, ATAL NAGAR, NAVA RAIPUR, CHHATTISGARH-492018 Phone: Fax: E-mail:  ahansari@ntpc.co.in",https://ntpctender.ntpc.co.in/NITDetails/NITs/29162
29163,ADW-04-Tranche/Nov/2025,Enlistment of vendors for Dredging/ De- silting work by dredger.,Vendor Development Cell (Raipur CG),Chhattisgarh,Western Region-II,Vendor Enlistment,,,,04/11/2025,04/11/2025 :10:00,24/11/2025 :23:55,24/11/2025 :23:55,,,"Designation: Dy. General Manager NTPC LTD., WESTERN REGION-II HEAD QUARTER, PLOT NO. 87,
SECTOR-24, ATAL NAGAR, NAVA RAIPUR, CHHATTISGARH-492018 Phone: Fax: E-mail:  ahansari@ntpc.co.in",https://ntpctender.ntpc.co.in/NITDetails/NITs/29163
29164,OFF-12-Tranche/Nov/2025,Hiring of Pumps,Vendor Development Cell (Raipur CG),Chhattisgarh,Western Region-II,Vendor Enlistment,,,,04/11/2025,04/11/2025 :10:00,24/11/2025 :23:55,24/11/2025 :23:55,,,"Designation: Dy. General Manager NTPC LTD., WESTERN REGION-II HEAD QUARTER, PLOT NO. 87,
SECTOR-24, ATAL NAGAR, NAVA RAIPUR, CHHATTISGARH-492018 Phone: Fax: E-mail:  ahansari@ntpc.co.in",https://ntpctender.ntpc.co.in/NITDetails/NITs/29164
29165,NTPC/USSC-CPG1/9900311937,"Supply, Supervision of Installation, Commissioning & 3 Year CAMC of In Situ Flue Gas Analyser for CEMS at NTPC Kudgi.",Western Region Head Quarter-II,Chhattisgarh,Western Region-II,Work Contract,200000.00,,,04/11/2025,04/11/2025 :17:00,25/11/2025 :15:00,25/11/2025 :15:00,27/11/2025 :15:00,,"Designation: Sr. Manager NTPC Limited, Central Procurement Group-I,
WR-II Office, Sector-24,
Nava Raipur, Chhattisgarh - 492018 Phone: Fax: E-mail:  harshmamodia@ntpc.co.in",https://ntpctender.ntpc.co.in/NITDetails/NITs/29165
29166,GEM/2025/B/6838682,Procurement of SPARES FOR BULLDOZER MODEL BD155 for IGSTPP-Jhajjar/APCPL,IGSTPP: Aravali Power Copany Private Limited-Jhajjar (JV),Haryana,JVs & Subsidaries,Work Contract,,,,03/11/2025,03/11/2025 :10:00,18/11/2025 :11:00,18/11/2025 :11:00,18/11/2025 :11:30,,"Designation: DGM IGSTPP, Aravali Power Company Private Limited-Jhajjar (JV),
P.O. Jharli, Dist. Jhajjar, Haryana-124141 Phone: Fax: E-mail:  jkbhaskar@ntpc.co.in",https://ntpctender.ntpc.co.in/NITDetails/NITs/29166
29167,GEM/2025/B/6858057,REPAIRING AND RELINING WORKS OF CONDENSATE POLISHING UNIT SERVICE VESSEL RUBBER LINING AT NTECL.,NTECL: NTPC TamilNadu Energy Company Ltd.,Tamilnadu,JVs & Subsidaries,Services,,,,05/11/2025,05/11/2025 :10:00,15/11/2025 :14:00,15/11/2025 :14:00,15/11/2025 :14:30,,"Designation: DGM NTECL, Vallur Thermal Power Project, Kuruvimedu Village,
Ponneri Taluk, Vellivayal Chavadi Post, Thiruvallur Dist. Chennai-600103 Phone: Fax: E-mail:  jaideep@ntpc.co.in",https://ntpctender.ntpc.co.in/NITDetails/NITs/29167
29168,EMD-10-Tranche/Nov/2025,SINGLE ELECTRICAL CONTRACT IN NTPC PLANT (Category-1).,Vendor Development Cell (Raipur CG),Chhattisgarh,Western Region-II,Vendor Enlistment,,,,04/11/2025,04/11/2025 :10:00,24/11/2025 :23:55,24/11/2025 :23:55,,,"Designation: Dy. General Manager NTPC LTD., WESTERN REGION-II HEAD QUARTER, PLOT NO. 87, SECTOR-24, ATAL NAGAR, NAVA RAIPUR, CHHATTISGARH-492018 Phone: Fax: E-mail:  ahansari@ntpc.co.in",https://ntpctender.ntpc.co.in/NITDetails/NITs/29168
29169,GEM/2025/B/6784962,"Operation & Maintenance Contract for 4 MW Solar PV based Microgrid at NTPC NETRA, Greater Noida for Two Years",Corporate Contracts,Uttar Pradesh,Corporate Center,Work Contract,,,,06/11/2025,06/11/2025 :10:00,27/11/2025 :15:00,27/11/2025 :15:00,27/11/2025 :15:30,,"Designation: Manager NTPC Ltd., Engineering Office Complex,
Plot No. A-8A, Sector-24, NOIDA-201301, UP, India Phone: Fax: E-mail:  shilpakareddy@ntpc.co.in",https://ntpctender.ntpc.co.in/NITDetails/NITs/29169
29170,9900312655,"Procurement of ASTM 517 GR-F Steel Liner Plates for Penstock Works of
Bifurcation (BF1 and BF2) NTPC Rammam-III (340 mw).",Corporate Contracts,Uttar Pradesh,Corporate Center,Work Contract,200000.00,,,04/11/2025,04/11/2025 :10:00,02/12/2025 :16:00,02/12/2025 :16:00,02/12/2025 :16:30,,Designation: Sr. Manager NTPC Limited Plot A-8A Sector 24 Noida-201301 State of U.P. India Phone: Fax: E-mail:  shiprakumari@ntpc.co.in,https://ntpctender.ntpc.co.in/NITDetails/NITs/29170
29171,CS-0011-171B-9,BESS Implementation at NTPC Thermal Power Stations (Lot-2).,Corporate Contracts,Uttar Pradesh,Corporate Center,Services,,,,06/11/2025,25/11/2025 :10:00,15/01/2026 :13:00,15/01/2026 :13:00,15/01/2026 :15:00,,Designation: Sr. Manager NTPC Limited Sixth Floor EOC A-8A Sector-24 NOIDA Dist. Gautam Budh Nagar UP INDIA-201301 Phone: Fax: E-mail:  rsingh03@ntpc.co.in,https://ntpctender.ntpc.co.in/NITDetails/NITs/29171
29172,GEM/2025/B/6841182,Technical Enhancement & Customer Support (TECS) for Single License of ANSYS Mechanical Enterprise SSoftware for Three Years.,Corporate Contracts,Uttar Pradesh,Corporate Center,Services,,,,06/11/2025,06/11/2025 :10:00,17/11/2025 :10:00,17/11/2025 :10:00,17/11/2025 :10:30,,"Designation: Manager NTPC Ltd., Engineering Office Complex,
Plot No. A-8A, Sector-24, NOIDA-201301, UP, India Phone: Fax: E-mail:  shilpakareddy@ntpc.co.in",https://ntpctender.ntpc.co.in/NITDetails/NITs/29172
29173,9900288204,CENTRALIZED RATE CONTRACT FOR PROCUREMENT OF TRANSFORMER OIL FOR NTPC POWER STATIONS,Vendor Development Cell (Raipur CG),Chhattisgarh,Western Region-II,Work Contract,500000.00,,,07/11/2025,07/11/2025 :17:00,20/11/2025 :15:00,20/11/2025 :15:00,21/11/2025 :15:30,,"Designation: DGM (Vendor Enlistment Cell) NTPC Limited,
USSC, Vendor Enlistment Cell,
Western Region-II Head Quarter,
Plot No. 87, Sector-24, Atal Nagar
Nava Raipur, Raipur, Chhattisgarh-492101 Phone: Fax: E-mail:  bharatprasad@ntpc.co.in",https://ntpctender.ntpc.co.in/NITDetails/NITs/29173
29174,NTPC/USSC-CPG1/9900312510,"Comprehensive Operation and Maintenance of 40
Blocks 40 x 2.5 MW of 100MW (AC) Floating
Solar PV Plant of NTPC Ramagundam for Three (03) Years",Western Region Head Quarter-II,Chhattisgarh,Western Region-II,Work Contract,2000000.00,,,07/11/2025,07/11/2025 :18:10,26/11/2025 :15:00,26/11/2025 :15:00,28/11/2025 :15:00,,"Designation: DGM NTPC Limited, USSC, CPG-1,
Western Region-II Head Quarter,
Plot No. 87, Sector-24, Atal Nagar,
Nava Raipur, Raipur, Chhattisgarh-492101 Phone: Fax: E-mail:  srikark@ntpc.co.in",https://ntpctender.ntpc.co.in/NITDetails/NITs/29174
29175,GEM/2025/B/6832255,CPU-2 ARU Bottom Conesep at NTPC Ramagundam,Western Region Head Quarter-II,Chhattisgarh,Western Region-II,Services,100000.00,,,07/11/2025,07/11/2025 :10:00,28/11/2025 :15:00,28/11/2025 :15:00,28/11/2025 :15:30,,"Designation: Sr. Manager NTPC Limited, Western Region-II Office,
Plot No. 87, Sector-24,
Nava Raipur, Chhattisgarh-492018 Phone: Fax: E-mail:  skkumar01@ntpc.co.in",https://ntpctender.ntpc.co.in/NITDetails/NITs/29175
29176,GEM/2025/B/6791239,Thermo Gravimetric Analyser ( Leco TGA 701) at NETRA.,Corporate Contracts,Uttar Pradesh,Corporate Center,Services,,,,22/10/2025,22/10/2025 :10:00,10/11/2025 :15:00,10/11/2025 :15:00,10/11/2025 :15:30,,"Designation: Sr. Manager NTPC Ltd., Engineering Office Complex,
Plot No. A-8A, Sector-24, NOIDA-201301, UP, India Phone: Fax: E-mail:  parixitrariya@ntpc.co.in",https://ntpctender.ntpc.co.in/NITDetails/NITs/29176
29177,9900312665,Procurement of HT Cable for NSTPS.,Corporate Contracts,Uttar Pradesh,Corporate Center,Work Contract,500000.00,,,07/11/2025,07/11/2025 :10:00,28/11/2025 :15:00,28/11/2025 :15:00,28/11/2025 :15:30,,"Designation: Sr. Manager NTPC Limited, Western Region-II Office,
Plot No. 87, Sector-24,
Nava Raipur, Chhattisgarh-492018 Phone: Fax: E-mail:  shiprakumari@ntpc.co.in",https://ntpctender.ntpc.co.in/NITDetails/NITs/29177
29178,GEM/2025/B/6840316,Procurement of Video Conferencing Setup.,Corporate Contracts,Uttar Pradesh,Corporate Center,Work Contract,,,,07/11/2025,07/11/2025 :10:00,18/11/2025 :15:00,18/11/2025 :15:00,18/11/2025 :15:30,,"Designation: Sr. Manager NTPC Ltd., Engineering Office Complex,
Plot No. A-8A, Sector-24, NOIDA-201301, UP, India Phone: Fax: E-mail:  deepaverma@ntpc.co.in",https://ntpctender.ntpc.co.in/NITDetails/NITs/29178
29179,TMD-26/11112025,"Enlistment for Online leak sealing in Turbine, Boiler & other areas of power plant.  (CATEGORY-I Enlistment).",Vendor Development Cell (Raipur CG),Chhattisgarh,Western Region-II,Vendor Enlistment,,,,11/11/2025,11/11/2025 :10:00,01/12/2025 :23:55,01/12/2025 :23:55,,,"Designation: DGM Vendor Development Cell, WR-II Office, Sector-24, Raipur, Chhattisgarh - 492018 Phone: Fax: E-mail:  kkanand@ntpc.co.in",https://ntpctender.ntpc.co.in/NITDetails/NITs/29179
29180,10MEG-41/11112025,RO Water Treatment Chemicals,Vendor Development Cell (Raipur CG),Chhattisgarh,Western Region-II,Vendor Enlistment,,,,11/11/2025,11/11/2025 :10:00,24/11/2025 :23:55,24/11/2025 :23:55,,,"Designation: Dy. General Manager NTPC LTD., WESTERN REGION-II HEAD QUARTER,
PLOT NO. 87, SECTOR-24, ATAL NAGAR, NAVA RAIPUR,
CHHATTISGARH-492018 Phone: Fax: E-mail:  ahansari@ntpc.co.in",https://ntpctender.ntpc.co.in/NITDetails/NITs/29180
29181,16MEG-10/11112025,Cast Basalt Pipe,Vendor Development Cell (Raipur CG),Chhattisgarh,Western Region-II,Vendor Enlistment,,,,11/11/2025,11/11/2025 :10:00,24/11/2025 :23:55,24/11/2025 :23:55,,,"Designation: Dy. General Manager NTPC LTD., WESTERN REGION-II HEAD QUARTER,
PLOT NO. 87, SECTOR-24, ATAL NAGAR, NAVA RAIPUR,
CHHATTISGARH-492018 Phone: Fax: E-mail:  ahansari@ntpc.co.in",https://ntpctender.ntpc.co.in/NITDetails/NITs/29181
29182,01MEG-06/11112025,GI GRATING/GRILL,Vendor Development Cell (Raipur CG),Chhattisgarh,Western Region-II,Vendor Enlistment,,,,11/11/2025,11/11/2025 :10:00,24/11/2025 :23:55,24/11/2025 :23:55,,,"Designation: Dy. General Manager NTPC LTD., WESTERN REGION-II HEAD QUARTER,
PLOT NO. 87, SECTOR-24, ATAL NAGAR, NAVA RAIPUR,
CHHATTISGARH-492018 Phone: Fax: E-mail:  ahansari@ntpc.co.in",https://ntpctender.ntpc.co.in/NITDetails/NITs/29182
29183,16MEG-25/11112025,Cast Iron pipe lines for Ash conveying pipes of sizes up to 250 NB,Vendor Development Cell (Raipur CG),Chhattisgarh,Western Region-II,Vendor Enlistment,,,,11/11/2025,11/11/2025 :10:00,24/11/2025 :23:55,24/11/2025 :23:55,,,"Designation: Dy. General Manager NTPC LTD., WESTERN REGION-II HEAD QUARTER,
PLOT NO. 87, SECTOR-24, ATAL NAGAR, NAVA RAIPUR,
CHHATTISGARH-492018 Phone: Fax: E-mail:  ahansari@ntpc.co.in",https://ntpctender.ntpc.co.in/NITDetails/NITs/29183
29184,56MEG-09/11112025,KNIFE EDGE GATE VALVE UP TO 350NB,Vendor Development Cell (Raipur CG),Chhattisgarh,Western Region-II,Vendor Enlistment,,,,11/11/2025,11/11/2025 :10:00,24/11/2025 :23:55,24/11/2025 :23:55,,,"Designation: Dy. General Manager NTPC LTD., WESTERN REGION-II HEAD QUARTER,
PLOT NO. 87, SECTOR-24, ATAL NAGAR, NAVA RAIPUR,
CHHATTISGARH-492018 Phone: Fax: E-mail:  ahansari@ntpc.co.in",https://ntpctender.ntpc.co.in/NITDetails/NITs/29184
29185,16MEG-27/11112025,"CPVC Pipes, CPVC fittings and CPVC Solvent Cement",Vendor Development Cell (Raipur CG),Chhattisgarh,Western Region-II,Vendor Enlistment,,,,11/11/2025,11/11/2025 :10:00,24/11/2025 :23:55,24/11/2025 :23:55,,,"Designation: Dy. General Manager NTPC LTD., WESTERN REGION-II HEAD QUARTER,
PLOT NO. 87, SECTOR-24, ATAL NAGAR, NAVA RAIPUR,
CHHATTISGARH-492018 Phone: Fax: E-mail:  ahansari@ntpc.co.in",https://ntpctender.ntpc.co.in/NITDetails/NITs/29185
29186,04MEG-02/11112025,ALUMINA CASTABLE REFRACTORY,Vendor Development Cell (Raipur CG),Chhattisgarh,Western Region-II,Vendor Enlistment,,,,11/11/2025,11/11/2025 :10:00,24/11/2025 :23:55,24/11/2025 :23:55,,,"Designation: Dy. General Manager NTPC LTD., WESTERN REGION-II HEAD QUARTER,
PLOT NO. 87, SECTOR-24, ATAL NAGAR, NAVA RAIPUR,
CHHATTISGARH-492018 Phone: Fax: E-mail:  ahansari@ntpc.co.in",https://ntpctender.ntpc.co.in/NITDetails/NITs/29186
29187,46MEG-01A/11112025,"Wear Parts (Grinding Rolls and Bull Ring Segment) of Raymond Bowl Type XRP / HP Pulverisers, Grinding Roll size 28/29 inches",Vendor Development Cell (Raipur CG),Chhattisgarh,Western Region-II,Vendor Enlistment,,,,11/11/2025,11/11/2025 :10:00,24/11/2025 :23:55,24/11/2025 :23:55,,,"Designation: Dy. General Manager NTPC LTD., WESTERN REGION-II HEAD QUARTER,
PLOT NO. 87, SECTOR-24, ATAL NAGAR, NAVA RAIPUR,
CHHATTISGARH-492018 Phone: Fax: E-mail:  ahansari@ntpc.co.in",https://ntpctender.ntpc.co.in/NITDetails/NITs/29187
29188,46MEG-01B/11112025,"Wear Parts (Grinding Rolls and Bull Ring Segment) of Raymond Bowl Type XRP / HP Pulverisers, Grinding Roll size 36/37/43 inches",Vendor Development Cell (Raipur CG),Chhattisgarh,Western Region-II,Vendor Enlistment,,,,11/11/2025,11/11/2025 :10:00,24/11/2025 :23:55,24/11/2025 :23:55,,,"Designation: Dy. General Manager NTPC LTD., WESTERN REGION-II HEAD QUARTER,
PLOT NO. 87, SECTOR-24, ATAL NAGAR, NAVA RAIPUR,
CHHATTISGARH-492018 Phone: Fax: E-mail:  ahansari@ntpc.co.in",https://ntpctender.ntpc.co.in/NITDetails/NITs/29188
29189,10MEG-06/11112025,SF6 GAS,Vendor Development Cell (Raipur CG),Chhattisgarh,Western Region-II,Vendor Enlistment,,,,11/11/2025,11/11/2025 :10:00,24/11/2025 :23:55,24/11/2025 :23:55,,,"Designation: Dy. General Manager NTPC LTD., WESTERN REGION-II HEAD QUARTER,
PLOT NO. 87, SECTOR-24, ATAL NAGAR, NAVA RAIPUR,
CHHATTISGARH-492018 Phone: Fax: E-mail:  ahansari@ntpc.co.in",https://ntpctender.ntpc.co.in/NITDetails/NITs/29189
29190,46MEG-01C/11112025,"Wear Parts (Grinding Rolls and Bull Ring Segment) of Raymond Bowl Type XRP/HP Pulverisers, Grinding Roll size 48/50/62/63 inches",Vendor Development Cell (Raipur CG),Chhattisgarh,Western Region-II,Vendor Enlistment,,,,11/11/2025,11/11/2025 :10:00,24/11/2025 :23:55,24/11/2025 :23:55,,,"Designation: Dy. General Manager NTPC LTD., WESTERN REGION-II HEAD QUARTER,
PLOT NO. 87, SECTOR-24, ATAL NAGAR, NAVA RAIPUR,
CHHATTISGARH-492018 Phone: Fax: E-mail:  ahansari@ntpc.co.in",https://ntpctender.ntpc.co.in/NITDetails/NITs/29190
29191,46MEG-19/11112025,Endless belt for RC feeder,Vendor Development Cell (Raipur CG),Chhattisgarh,Western Region-II,Vendor Enlistment,,,,11/11/2025,11/11/2025 :10:00,24/11/2025 :23:55,24/11/2025 :23:55,,,"Designation: Dy. General Manager NTPC LTD., WESTERN REGION-II HEAD QUARTER,
PLOT NO. 87, SECTOR-24, ATAL NAGAR, NAVA RAIPUR,
CHHATTISGARH-492018 Phone: Fax: E-mail:  ahansari@ntpc.co.in",https://ntpctender.ntpc.co.in/NITDetails/NITs/29191
29192,48MEG-05/11112025,Stainless Steel Boiler Tube (without shot peened).,Vendor Development Cell (Raipur CG),Chhattisgarh,Western Region-II,Vendor Enlistment,,,,11/11/2025,11/11/2025 :10:00,24/11/2025 :23:55,24/11/2025 :23:55,,,"Designation: Dy. General Manager NTPC LTD., WESTERN REGION-II HEAD QUARTER,
PLOT NO. 87, SECTOR-24, ATAL NAGAR, NAVA RAIPUR,
CHHATTISGARH-492018 Phone: Fax: E-mail:  ahansari@ntpc.co.in",https://ntpctender.ntpc.co.in/NITDetails/NITs/29192
29193,55MEG-09/11112025,ASTM 4140 Grade Forged Crusher Hammer,Vendor Development Cell (Raipur CG),Chhattisgarh,Western Region-II,Vendor Enlistment,,,,11/11/2025,11/11/2025 :10:00,24/11/2025 :23:55,24/11/2025 :23:55,,,"Designation: Dy. General Manager NTPC LTD., WESTERN REGION-II HEAD QUARTER,
PLOT NO. 87, SECTOR-24, ATAL NAGAR, NAVA RAIPUR,
CHHATTISGARH-492018 Phone: Fax: E-mail:  ahansari@ntpc.co.in",https://ntpctender.ntpc.co.in/NITDetails/NITs/29193
29194,94MEG-04A/11112025,Guided Wave Radar Type Level Transmitter,Vendor Development Cell (Raipur CG),Chhattisgarh,Western Region-II,Vendor Enlistment,,,,11/11/2025,11/11/2025 :10:00,24/11/2025 :23:55,24/11/2025 :23:55,,,"Designation: Dy. General Manager NTPC LTD., WESTERN REGION-II HEAD QUARTER,
PLOT NO. 87, SECTOR-24, ATAL NAGAR, NAVA RAIPUR,
CHHATTISGARH-492018 Phone: Fax: E-mail:  ahansari@ntpc.co.in",https://ntpctender.ntpc.co.in/NITDetails/NITs/29194
29195,48MEG-02/11112025,BOILER STRAIGHT TUBES (ALLOY STEEL OTHER THAN SS).,Vendor Development Cell (Raipur CG),Chhattisgarh,Western Region-II,Vendor Enlistment,,,,11/11/2025,11/11/2025 :10:00,24/11/2025 :23:55,24/11/2025 :23:55,,,"Designation: Dy. General Manager NTPC LTD., WESTERN REGION-II HEAD QUARTER,
PLOT NO. 87, SECTOR-24, ATAL NAGAR, NAVA RAIPUR,
CHHATTISGARH-492018 Phone: Fax: E-mail:  ahansari@ntpc.co.in",https://ntpctender.ntpc.co.in/NITDetails/NITs/29195
29196,46MEG-15B/11112025,NON-METALLIC FABRIC EXPANSION JOINTS,Vendor Development Cell (Raipur CG),Chhattisgarh,Western Region-II,Vendor Enlistment,,,,11/11/2025,11/11/2025 :10:00,24/11/2025 :23:55,24/11/2025 :23:55,,,"Designation: Dy. General Manager NTPC LTD., WESTERN REGION-II HEAD QUARTER,
PLOT NO. 87, SECTOR-24, ATAL NAGAR, NAVA RAIPUR,
CHHATTISGARH-492018 Phone: Fax: E-mail:  ahansari@ntpc.co.in",https://ntpctender.ntpc.co.in/NITDetails/NITs/29196
29197,94MEG-06A/11112025,Temperature Transmitter,Vendor Development Cell (Raipur CG),Chhattisgarh,Western Region-II,Vendor Enlistment,,,,11/11/2025,11/11/2025 :10:00,24/11/2025 :23:55,24/11/2025 :23:55,,,"Designation: Dy. General Manager NTPC LTD., WESTERN REGION-II HEAD QUARTER,
PLOT NO. 87, SECTOR-24, ATAL NAGAR, NAVA RAIPUR,
CHHATTISGARH-492018 Phone: Fax: E-mail:  ahansari@ntpc.co.in",https://ntpctender.ntpc.co.in/NITDetails/NITs/29197
29198,94MEG-07/11112025,Ultrasonic flowmeters,Vendor Development Cell (Raipur CG),Chhattisgarh,Western Region-II,Vendor Enlistment,,,,11/11/2025,11/11/2025 :10:00,24/11/2025 :23:55,24/11/2025 :23:55,,,"Designation: Dy. General Manager NTPC LTD., WESTERN REGION-II HEAD QUARTER,
PLOT NO. 87, SECTOR-24, ATAL NAGAR, NAVA RAIPUR,
CHHATTISGARH-492018 Phone: Fax: E-mail:  ahansari@ntpc.co.in",https://ntpctender.ntpc.co.in/NITDetails/NITs/29198
29199,BMD-24/11112025,Residual Life Assessment Study of Boiler & Auxiliaries of One Unit Of 200 MW or above,Vendor Development Cell (Raipur CG),Chhattisgarh,Western Region-II,Vendor Enlistment,,,,11/11/2025,11/11/2025 :10:00,24/11/2025 :23:55,24/11/2025 :23:55,,,"Designation: Dy. General Manager NTPC LTD., WESTERN REGION-II HEAD QUARTER,
PLOT NO. 87, SECTOR-24, ATAL NAGAR, NAVA RAIPUR,
CHHATTISGARH-492018 Phone: Fax: E-mail:  ahansari@ntpc.co.in",https://ntpctender.ntpc.co.in/NITDetails/NITs/29199
29200,TMD-18/11112025,Helium leak test for Condenser,Vendor Development Cell (Raipur CG),Chhattisgarh,Western Region-II,Vendor Enlistment,,,,11/11/2025,11/11/2025 :10:00,24/11/2025 :23:55,24/11/2025 :23:55,,,"Designation: Dy. General Manager NTPC LTD., WESTERN REGION-II HEAD QUARTER,
PLOT NO. 87, SECTOR-24, ATAL NAGAR, NAVA RAIPUR,
CHHATTISGARH-492018 Phone: Fax: E-mail:  ahansari@ntpc.co.in",https://ntpctender.ntpc.co.in/NITDetails/NITs/29200
29201,NTPC/USSC-CPG1/9900312792,Construction of GSB Road - Lagoon III-D as per Instruction of EIC at AshDyke - NTPC Kahalgaon,Western Region Head Quarter-II,Chhattisgarh,Western Region-II,Work Contract,200000.00,,,11/11/2025,11/11/2025 :15:00,26/11/2025 :13:00,26/11/2025 :13:00,27/11/2025 :15:00,,"Designation: AGM NTPC Limited, Western Region-II Office,
Plot No. 87, Sector-24,
Nava Raipur, Chhattisgarh-492018 Phone: Fax: E-mail:  kkarora@ntpc.co.in",https://ntpctender.ntpc.co.in/NITDetails/NITs/29201
29202,NTPC/SSC-CoalMining(Ranchi)/9900312671,Construction of a New Building for Coal Oil Water Laboratories at Langatu of NTPC Pakri Barwadih Coal Mining Project,Coal Mining HQ-Ranchi,Jharkhand,Coal Mining Region,Work Contract,,,,11/11/2025,11/11/2025 :17:00,02/12/2025 :17:00,02/12/2025 :17:00,03/12/2025 :17:05,,"Designation: Manager (C&M) NTPC Limited SSC – Coal Mining, NML,
Ram Keshi Heights, Plot No. 123,
Old A.G. Colony, Kadru,
Dist. Ranchi-834002 Phone: Fax: E-mail:  monalishaparida@ntpc.co.in",https://ntpctender.ntpc.co.in/NITDetails/NITs/29202
29203,CS-8035-350-9,"Consultancy Package for Detailed Feasibility Study (FSR/FR) for Augmentation of
Railway siding Infrastructure & Systems including Over
Head Electrification and S&T for Barauni STPP Stage-III (1x800 MW). 
Bid Document No. CS-8035-350-9",Corporate Contracts,Uttar Pradesh,Corporate Center,Consultancy Services,,,,11/11/2025,11/11/2025 :10:00,04/12/2025 :15:00,04/12/2025 :15:00,04/12/2025 :15:30,,"Designation: Sr. Manager NTPC Ltd., Engineering Office Complex,
Plot No. A-8A, Sector-24, NOIDA-201301, UP, India Phone: Fax: E-mail:  amitdhiman01@ntpc.co.in",https://ntpctender.ntpc.co.in/NITDetails/NITs/29203
29204,EOI/VSTPS/PONDASH/2025-26/02,"EOI for Issue of Pond Ash on Free of Cost basis to Road Projects / Flyover
Embankments / Dams / Mines / Shoreline Protection structures in coastal
Districts (as per extant MoEF&CC Notification and policy), from NTPC
Vindhyachal",Vindhyachal Super Thermal Power,Madhya Pradesh,Northern Region,Miscellaneous (Others),,,,11/11/2025,11/11/2025 :10:00,29/11/2025 :23:55,29/11/2025 :23:55,,,"Designation: Sr. Manager NTPC VINDHYACHAL SUPER
THERMAL POWER STATION,
SINGRAULI, Madhya Pradesh - 486885 Phone: Fax: E-mail:  smpandey@ntpc.co.in",https://ntpctender.ntpc.co.in/NITDetails/NITs/29204
29205,NTPC/USSC-CPG1/9900312389,"Inspection, Strengthening and Replacement of Cladding & Roof Sheets inside Plant Area at NTPC Rihand",Western Region Head Quarter-II,Chhattisgarh,Western Region-II,Work Contract,200000.00,,,12/11/2025,12/11/2025 :12:00,27/11/2025 :15:00,27/11/2025 :15:00,29/11/2025 :12:00,,"Designation: Sr. Manager NTPC Limited, Western Region-II Office,
Plot No. 87, Sector-24,
Nava Raipur, Chhattisgarh-492018 Phone: Fax: E-mail:  reshusingh@ntpc.co.in",https://ntpctender.ntpc.co.in/NITDetails/NITs/29205
29206,GEM/2025/B/6871379,Procurement of Professional Large Format Display along with Movable Stand.,Corporate Contracts,Uttar Pradesh,Corporate Center,Work Contract,,,,12/11/2025,12/11/2025 :10:00,24/11/2025 :11:00,24/11/2025 :11:00,24/11/2025 :11:30,,"Designation: Sr. Manager NTPC Ltd., Engineering Office Complex,
Plot No. A-8A, Sector-24, NOIDA-201301, UP, India Phone: Fax: E-mail:  deepaverma@ntpc.co.in",https://ntpctender.ntpc.co.in/NITDetails/NITs/29206
29207,NTPC/USSC-CPG1/9900312677,Supply and Installation of Solar Street Lights in 33 Villages of Project-affected and Nearby Villages at Nabinagar STPP,Western Region Head Quarter-II,Chhattisgarh,Western Region-II,Work Contract,200000.00,,,12/11/2025,12/11/2025 :16:00,26/11/2025 :16:00,26/11/2025 :16:00,28/11/2025 :16:00,,"Designation: DGM NTPC Limited, Western Region-II Office,
Plot No. 87, Sector-24,
Nava Raipur, Chhattisgarh-492018 Phone: Fax: E-mail:  pushpakashyap@ntpc.co.in",https://ntpctender.ntpc.co.in/NITDetails/NITs/29207
29208,GEM/2025/B/6857885,Hiring of 02 Nos. of Forklifts (03 Tonand 05 Ton) with Drivers for Stores at NTECL Vallur,NTECL: NTPC TamilNadu Energy Company Ltd.,Tamilnadu,JVs & Subsidaries,Work Contract,,,,12/11/2025,12/11/2025 :10:00,27/11/2025 :17:00,27/11/2025 :17:00,27/11/2025 :17:30,,"Designation: DGM NTECL, Vallur Thermal Power Project, Kuruvimedu Village,
Ponneri Taluk, Vellivayal Chavadi Post, Thiruvallur Dist. Chennai-600103 Phone: Fax: E-mail:  mohan02@ntpc.co.in",https://ntpctender.ntpc.co.in/NITDetails/NITs/29208
29209,SSC/OT/40/2025-26/2800010181,"Construction of Sewerage Treatment Plant (1x 10KLD) as a Turnkey package at NSPCL, Durgapur.",NTPC-SAIL Power Company Limited (NSPCL) - Bhilai,Chhattisgarh,JVs & Subsidaries,Services,50000.00,2655.00,,30/10/2025,13/11/2025 :10:00,07/01/2026 :17:30,12/01/2026 :15:00,12/01/2026 :15:30,,Designation: Sr. Manager NTPC–SAIL POWER COMPANY LIMITED Post Office BHILAI East Dist. Durg CHHATTISGARH-490 021 Phone: Fax: E-mail:  arti.choure@nspcl.co.in,https://ntpctender.ntpc.co.in/NITDetails/NITs/29209
29210,GEM/2025/B/6883842,"ANNUAL MAINTENANCE CONTRACT
FOR RUBBER LINING INSPECTION AND
RELINING WORKS OF TANKS, VALVES,
PIPELINES & FITTINGS IN
DESALINATION PLANT, CPU
REGENERATION PLANT AND CW
CHLORINATION PLANT AT NTECL",NTECL: NTPC TamilNadu Energy Company Ltd.,Tamilnadu,JVs & Subsidaries,Work Contract,50000.00,,,12/11/2025,12/11/2025 :10:00,24/11/2025 :17:00,24/11/2025 :17:00,24/11/2025 :17:30,,"Designation: DGM NTECL,
Vallur Thermal Power Station,
Kuruvimedu Village, Ponneri Taluk ,
Vellivoyal Chavadi Post ,
Thiruvallur District, Chennai - 600103 Phone: Fax: E-mail:  jaideep@ntpc.co.in",https://ntpctender.ntpc.co.in/NITDetails/NITs/29210
29211,9900312962,CONSTRUCTION OF RCC ROAD AT CHP AND OTHER LOCATIONS OF STAGE - 1 AREA AT NTPC UNCHAHAR.,Western Region Head Quarter-II,Chhattisgarh,Western Region-II,Work Contract,,,,13/11/2025,13/11/2025 :18:00,25/11/2025 :16:00,25/11/2025 :16:00,26/11/2025 :16:00,,"Designation: DGM NTPC Limited, 
USSC, CPG-1, 
Western Region-II Head Quarter,
Plot No. 87, Sector-24, Atal Nagar
Nava Raipur, Raipur, Chhattisgarh-492018 Phone: Fax: E-mail:  pankajkumar07@ntpc.co.in",https://ntpctender.ntpc.co.in/NITDetails/NITs/29211
29212,GEM/2025/B/6761458,"Deployment of Excavator, Backhoe Loader, Tipper truck & Work Force for Wagon Tippler
Hopper Grill Cleaning and Biomass Pellet Unloading for 24 Months at NTPC Solapur",Western Region Head Quarter-II,Chhattisgarh,Western Region-II,Services,1000000.00,,,13/11/2025,13/11/2025 :10:00,28/11/2025 :19:00,28/11/2025 :19:00,28/11/2025 :19:30,,"Designation: Sr. Manager NTPC Limited, USSC, CPG-1,
Western Region-II Head Quarter,
Plot No. 87, Sector-24, Atal Nagar,
Nava Raipur, Raipur, Chhattisgarh-492101 Phone: Fax: E-mail:  ilaanand@ntpc.co.in",https://ntpctender.ntpc.co.in/NITDetails/NITs/29212
29213,NVVN/C&M/RE-476/2025-26,GLOBAL TENDER FOR SALE OF GYPSUM PRODUCED FROM FGD PLANT OF NTPC TELANGANA,NVVNL - NTPC Vidyut Vyapar Nigam Ltd.,Uttar Pradesh,JVs & Subsidaries,Services,,,,14/11/2025,14/11/2025 :17:00,04/12/2025 :17:00,04/12/2025 :17:00,05/12/2025 :15:00,,Designation: Sr. Manager NTPC VIDYUT VYAPAR NIGAM LIMITED Engineering Office Complex Plot No. A-8A Sector 24 Block A Noida Uttar Pradesh-20130 Phone: Fax: E-mail:  sandhipdebbarma@ntpc.co.in,https://ntpctender.ntpc.co.in/NITDetails/NITs/29213
29214,9900313368,CONSTRUCTION OF BADMINTON COURT HALL IN DEEPANJALI NAGAR TOWNSHIP AT NTPC SIMHADRI.,Western Region Head Quarter-II,Chhattisgarh,Western Region-II,Work Contract,,,,14/11/2025,14/11/2025 :18:55,25/11/2025 :16:00,25/11/2025 :16:00,26/11/2025 :16:00,,"Designation: DGM NTPC Limited, USSC, CPG-1,
Western Region-II Head Quarter,
Plot No. 87, Sector-24, Atal Nagar,
Nava Raipur, Raipur, Chhattisgarh-492018 Phone: Fax: E-mail:  pankajkumar07@ntpc.co.in",https://ntpctender.ntpc.co.in/NITDetails/NITs/29214
29215,NTPC/USSC-CPG1/9900313417,"Supply, Installation, Commissioning and AMC of CCTV Camera based Perimeter Intrusion Detection and Surveillance System at NTPC Kanti",Western Region Head Quarter-II,Chhattisgarh,Western Region-II,Work Contract,500000.00,,,14/11/2025,14/11/2025 :18:00,06/12/2025 :16:30,06/12/2025 :16:30,09/12/2025 :16:30,,"Designation: DGM NTPC Limited, Western Region-II Office,
Plot No. 87, Sector-24,
Nava Raipur, Chhattisgarh-492018 Phone: Fax: E-mail:  anandshanker@ntpc.co.in",https://ntpctender.ntpc.co.in/NITDetails/NITs/29215
29216,GEM/2025/B/6835803,"Procurement of SSE (Secure Service Edge) Solution including Cloud Secure Web Gateway, ZTNA VPN.",Corporate Contracts,Uttar Pradesh,Corporate Center,Miscellaneous (Others),5000000.00,,,17/11/2025,17/11/2025 :10:10,27/01/2026 :15:00,27/01/2026 :15:00,27/01/2026 :15:30,,Designation: Senior Manager NTPC Ltd. Engineering Office Complex Plot No. A-8A Sector-24 NOIDA-201301 UP India Phone: Fax: E-mail:  satishksharma@ntpc.co.in,https://ntpctender.ntpc.co.in/NITDetails/NITs/29216
29217,GEM/2025/B/6880512,PROCUREMENT OF SS PLATE FOR BMD AREA AT MTPS KANTI.,Western Region Head Quarter-II,Chhattisgarh,Western Region-II,Work Contract,,,,14/11/2025,14/11/2025 :10:00,05/12/2025 :15:00,05/12/2025 :15:00,05/12/2025 :15:30,,"Designation: Sr. Manager NTPC Limited, Western Region-II Office,
Plot No. 87, Sector-24,
Nava Raipur, Chhattisgarh Phone: Fax: E-mail:  vikashkumar11@ntpc.co.in",https://ntpctender.ntpc.co.in/NITDetails/NITs/29217
29218,GEM/2025/B/6881703,Hiring of Tata Winger at NSPCL Durgapur on Round the Clock basis for CISF Shift Duty,NSPCL - Durgapur,West Bengal,JVs & Subsidaries,Work Contract,100000.00,,,17/11/2025,17/11/2025 :10:00,08/12/2025 :15:00,08/12/2025 :15:00,08/12/2025 :15:30,,"Designation: DGM NTPC-SAIL Power Company Ltd., Durgapur, West Bengal Phone: Fax: E-mail:  prabhulinga@nspcl.co.in",https://ntpctender.ntpc.co.in/NITDetails/NITs/29218
29219,NTPC/USSC-CPG1/9900312977,Repair and Restoration of Damaged Rail Support Pedestals in Stacker Reclaimers at NTPC Gadarwara (Part-II).,Western Region Head Quarter-II,Chhattisgarh,Western Region-II,Work Contract,200000.00,,,18/11/2025,18/11/2025 :11:00,04/12/2025 :13:00,04/12/2025 :13:00,05/12/2025 :15:00,,"Designation: AGM NTPC Limited, Western Region-II Office,
Plot No. 87, Sector-24,
Nava Raipur, Chhattisgarh-492018 Phone: Fax: E-mail:  kkarora@ntpc.co.in",https://ntpctender.ntpc.co.in/NITDetails/NITs/29219
29220,NREL-CS-5836-004(BESS)-9,EPC PACKAGE FOR DEVELOPMENT OF 100 MWH VANADIUM REDOX FLOW BESS AT KHAVDA SOLAR PARK BY NTPC REL.,NTPC Green Energy Ltd. (NGEL),Uttar Pradesh,Corporate Center,Work Contract,20000000.00,,,18/11/2025,16/02/2026 :17:00,26/02/2026 :17:00,10/03/2026 :15:00,10/03/2026 :15:30,,Designation: DGM NTPC Renewable Energy Limited 4th Floor NETRA Building E-3 Ecotech-II Udyog Vihar Greater Noida Distt. Gautam Budh Nagar UP INDIA-201306 Phone: Fax: E-mail:  abhishekkumar02@ntpc.co.in,https://ntpctender.ntpc.co.in/NITDetails/NITs/29220
29221,NTPC/USSC-CPG1/9900313688,"Procurement of 250 MVA, 18/ 400 KV Generator Transformer for Stage-I of RSTPS",Western Region Head Quarter-II,Chhattisgarh,Western Region-II,Work Contract,5000000.00,,,18/11/2025,18/11/2025 :17:00,10/12/2025 :15:00,10/12/2025 :15:00,12/12/2025 :15:00,,"Designation: DGM NTPC Limited, Central Procurement Group-I,
WR-II Office, Sector-24,
Nava Raipur, Chhattisgarh - 492018 Phone: Fax: E-mail:  cpsingh@ntpc.co.in",https://ntpctender.ntpc.co.in/NITDetails/NITs/29221
29222,9900314050,CONSTRUCTION OF OFFICE CUM RESIDENTIAL COMPLEX FOR ER-1HQ AT PATNA - BALANCE WORK.,Western Region Head Quarter-II,Chhattisgarh,Western Region-II,Work Contract,,,,18/11/2025,18/11/2025 :18:00,02/12/2025 :16:00,02/12/2025 :16:00,03/12/2025 :16:00,,"Designation: DGM NTPC Limited, USSC, CPG-1,
Western Region-II Head Quarter,
Plot No. 87, Sector-24, Atal Nagar,
Nava Raipur, Raipur, Chhattisgarh-492018 Phone: Fax: E-mail:  pankajkumar07@ntpc.co.in",https://ntpctender.ntpc.co.in/NITDetails/NITs/29222
29223,CS-8041-714-9,"Consultancy Package for Detailed Feasibility Study (FSR/FR) for Augmentation of
Railway siding Infrastructure & Systems including Over Head Electrification and
S&T for Talcher Kaniha STPP Stage-III (2x800 MW), Bidding Document No. CS-8041-714-9",Corporate Contracts,Uttar Pradesh,Corporate Center,Consultancy Services,,,,19/11/2025,19/11/2025 :10:00,10/12/2025 :15:00,10/12/2025 :15:00,10/12/2025 :15:30,,"Designation: Sr. Manager NTPC Ltd., Engineering Office Complex,
Plot No. A-8A, Sector-24, NOIDA-201301, UP, India Phone: Fax: E-mail:  sonujikumar@ntpc.co.in",https://ntpctender.ntpc.co.in/NITDetails/NITs/29223
29224,0230/SSC/CS/OT/28/2025-26/2800010101,"LEFT OVER WORK OF EPC PACKAGE BALANCE ROAD, APPROACHES, DRAIN, WATCH TOWER WORK OF EPC PROJECT 1X250 MW AT THE RISK AND COST.",NTPC-SAIL Power Company Limited (NSPCL) - Bhilai,Chhattisgarh,JVs & Subsidaries,Services,200000.00,2655.00,,19/11/2025,19/11/2025 :10:00,28/02/2026 :17:30,05/03/2026 :15:00,05/03/2026 :15:30,,Designation: Sr. Manager NTPC–SAIL POWER COMPANY LIMITED Post Office BHILAI East Dist. Durg CHHATTISGARH-490 021 Phone: Fax: E-mail:  ushakumari@nspcl.co.in,https://ntpctender.ntpc.co.in/NITDetails/NITs/29224
29225,9900313468,ASH REMOVAL FROM SEDIMENTATION BASIN OF ASH DYKE & RECHARGE POND AT NTPC NORTH KARANPURA STPP.,Western Region Head Quarter-II,Chhattisgarh,Western Region-II,Work Contract,,,,19/11/2025,19/11/2025 :16:00,03/12/2025 :16:00,03/12/2025 :16:00,04/12/2025 :16:00,,"Designation: DGM NTPC Limited, USSC, CPG-1,
Western Region-II Head Quarter,
Plot No. 87, Sector-24, Atal Nagar,
Nava Raipur, Raipur, Chhattisgarh-492018 Phone: Fax: E-mail:  pankajkumar07@ntpc.co.in",https://ntpctender.ntpc.co.in/NITDetails/NITs/29225
29226,GEM/2025/B/6765161,COMPLETE O&M OF STP/ETP & 700 LPH RO + WTP OF TWO YEARS FOR NTPC NETRA.,Corporate Contracts,Uttar Pradesh,Corporate Center,Services,50000.00,,,20/11/2025,20/11/2025 :10:00,11/12/2025 :15:00,11/12/2025 :15:00,11/12/2025 :15:30,,"Designation: Manager NTPC Ltd., Engineering Office Complex,
Plot No. A-8A, Sector-24, NOIDA-201301, UP, India Phone: Fax: E-mail:  shilpakareddy@ntpc.co.in",https://ntpctender.ntpc.co.in/NITDetails/NITs/29226
29227,GEM/2025/B/6874921,Procurement of Online Transformer oil Dry out System for 400 KV Class Power Transformers.,NTECL: NTPC TamilNadu Energy Company Ltd.,Tamilnadu,JVs & Subsidaries,Work Contract,100000.00,,,18/11/2025,18/11/2025 :10:00,09/12/2025 :19:00,09/12/2025 :19:00,09/12/2025 :19:30,,"Designation: Sr. Manager NTECL, Vallur Thermal Power Project, Kuruvimedu Village,
Ponneri Taluk, Vellivayal Chavadi Post, Thiruvallur Dist. Chennai-600103 Phone: Fax: E-mail:  nchaplot@ntpc.co.in",https://ntpctender.ntpc.co.in/NITDetails/NITs/29227
29228,GEM/2025/B/6914743,ERECTION OF GRP STREET LIGHT POLES,NTECL: NTPC TamilNadu Energy Company Ltd.,Tamilnadu,JVs & Subsidaries,Services,50000.00,,,21/11/2025,21/11/2025 :10:00,05/12/2025 :15:00,05/12/2025 :15:00,05/12/2025 :15:30,,"Designation: Sr. Manager NTECL, Vallur Thermal Power Project, Kuruvimedu Village,
Ponneri Taluk, Vellivayal Chavadi Post, Thiruvallur Dist. Chennai-600103 Phone: Fax: E-mail:  vckamal@ntpc.co.in",https://ntpctender.ntpc.co.in/NITDetails/NITs/29228
29229,NGEL-CS-5731-004(BW)-9,CONSTRUCTION OF BOUNDARY WALL AT NGEL BILHAUR SOLAR PV PROJECT IN UTTAR PRADESH,Renewable Energy,Uttar Pradesh,Renewable Energy,Work Contract,100000.00,,,21/11/2025,21/11/2025 :11:00,11/12/2025 :14:00,11/12/2025 :14:00,12/12/2025 :14:30,,"Designation: Sr. Manager NTPC Green Energy Ltd., 
4th Floor, Renewables Building
E-3, Ecotech-II, Udyog Vihar, Greater Noida
Gautam Budh Nagar, UP, India–201306 Phone: Fax: E-mail:  madhusmritidevchoudhry@ntpc.co.in",https://ntpctender.ntpc.co.in/NITDetails/NITs/29229
29230,SSC/CS/OT/30/2025-26/2800010150,"BIENNIAL HORT. MAINTENANCE WORK AT NSPCL TOWNSHIP AND EXPANSION AREA, PP-III, NSPCL BHILAI (2026-28).",NTPC-SAIL Power Company Limited (NSPCL) - Bhilai,Chhattisgarh,JVs & Subsidaries,Work Contract,200000.00,2655.00,,17/09/2025,21/11/2025 :10:00,07/01/2026 :17:30,14/01/2026 :15:00,14/01/2026 :15:30,,Designation: Sr. Manager NTPC–SAIL POWER COMPANY LIMITED BHILAI East Dist. Durg CHHATTISGARH-490 021 Phone: Fax: E-mail:  arti.choure@nspcl.co.in,https://ntpctender.ntpc.co.in/NITDetails/NITs/29230
29231,SSC/CS/OT/29/2025-26/2800010211,"Biennial Contract for Civil Maintenance & Miscellaneous Works for Expansion Power Plant, NSPCL-Bhilai (Yr-2026-2028)",NTPC-SAIL Power Company Limited (NSPCL) - Bhilai,Chhattisgarh,JVs & Subsidaries,Work Contract,200000.00,2655.00,,21/11/2025,22/11/2025 :10:00,22/12/2025 :17:30,29/12/2025 :15:00,29/12/2025 :15:30,,Designation: Sr. Manager NTPC–SAIL POWER COMPANY LIMITED BHILAI East Dist. Durg CHHATTISGARH-490 021 Phone: Fax: E-mail:  arti.choure@nspcl.co.in,https://ntpctender.ntpc.co.in/NITDetails/NITs/29231
29232,NTPC/USSC-CPG1/9900313497,Supply and Commissioning of 400 KV SF6 Circuit breakers under Renovation and Modernization Head 2019-2024 at NTPC Rihand,Western Region Head Quarter-II,Chhattisgarh,Western Region-II,Work Contract,1000000.00,,,24/11/2025,24/11/2025 :18:00,15/12/2025 :16:30,15/12/2025 :16:30,17/12/2025 :16:30,,"Designation: DGM NTPC Limited, Western Region-II Office,
Plot No. 87, Sector-24,
Nava Raipur, Chhattisgarh-492018 Phone: Fax: E-mail:  anandshanker@ntpc.co.in",https://ntpctender.ntpc.co.in/NITDetails/NITs/29232
29233,GEM/2025/B/6918354,PROCUREMENT OF CHEMICALS FOR RO MEMBRANE CLEANING AT NTECL VALLUR.,NTECL: NTPC TamilNadu Energy Company Ltd.,Tamilnadu,JVs & Subsidaries,Work Contract,,,,24/11/2025,24/11/2025 :10:00,12/12/2025 :16:00,12/12/2025 :16:00,12/12/2025 :16:30,,"Designation: Sr. Manager NTECL, Vallur Thermal Power Project, Kuruvimedu Village,
Ponneri Taluk, Vellivayal Chavadi Post, Thiruvallur Dist. Chennai-600103 Phone: Fax: E-mail:  nchaplot@ntpc.co.in",https://ntpctender.ntpc.co.in/NITDetails/NITs/29233
29234,SSC-CMHQ-CT-03,"NOTICE INVITING APPLICATIONS (NIA)
FOR ENLISTMENT OF VENDORS FOR COAL TRANSPORTATION
TENDERS FOR NTPC COAL MINES",Coal Mining HQ-Ranchi,Jharkhand,Coal Mining Region,Miscellaneous (Others),,,,24/11/2025,24/11/2025 :10:00,05/12/2025 :23:55,05/12/2025 :23:55,,,"Designation: Manager NTPC Ltd., Coal Mining HQ, , Distt. Ranchi, Jharkhand-834001 Phone: Fax: E-mail:  skvashisth@ntpc.co.in",https://ntpctender.ntpc.co.in/NITDetails/NITs/29234
29235,CS-8013-8038-8027-001A-2,"Lara Super Thermal Power Project Stage-III (2x800 MW), DVC-CIL Chandrapura Thermal Power Station (2X800MW) & IBTPS Stage-III (Unit 5&6, 2X660 MW).",Corporate Contracts,Uttar Pradesh,Corporate Center,Work Contract,30000000.00 33579600.00,,,24/11/2025,24/11/2025 :10:00,30/11/2025 :13:00,30/11/2025 :13:00,30/11/2025 :15:30,,"Designation: DGM NTPC Limited, 6th Floor, Engineering Office Complex, A-8A, Sector-24, NOIDA, Distt. Gautam Buddha Nagar, (UP), India-201301 Phone: Fax: E-mail:  amitk@ntpc.co.in",https://ntpctender.ntpc.co.in/NITDetails/NITs/29235
29236,NTECL/C&M/CS5976R1,Formation of WBM Road on Top of Ash dyke at NTECL.,NTECL: NTPC TamilNadu Energy Company Ltd.,Tamilnadu,JVs & Subsidaries,Work Contract,200000.00,2250.00,,24/11/2025,22/11/2025 :13:00,13/12/2025 :15:00,13/12/2025 :15:00,15/12/2025 :15:30,,"Designation: Sr. Manager NTECL, Vallur Thermal Power Project, Thiruvallur Dist, Chennai-600103, Tamilnadu Phone: Fax: E-mail:  vckamal@ntpc.co.in",https://ntpctender.ntpc.co.in/NITDetails/NITs/29236
29237,GEM/2025/B/6914255,Requirement of Safety Stewards at NTPC Singrauli,Western Region Head Quarter-II,Chhattisgarh,Western Region-II,Services,500000.00,,,25/11/2025,25/11/2025 :10:00,10/12/2025 :13:00,10/12/2025 :13:00,10/12/2025 :13:30,,"Designation: Sr. Manager NTPC Limited, USSC, CPG-1,
Western Region-II Head Quarter,
Plot No. 87, Sector-24, Atal Nagar,
Nava Raipur, Raipur, Chhattisgarh-492101 Phone: Fax: E-mail:  madhuripatel@ntpc.co.in",https://ntpctender.ntpc.co.in/NITDetails/NITs/29237
29238,GEM/2025/B/6902447,O&M Work of 20 TPD CO2 Capture Plant for NTPC Vindhyachal,Corporate Contracts,Uttar Pradesh,Corporate Center,Work Contract,,,,25/11/2025,25/11/2025 :10:00,05/12/2025 :17:00,05/12/2025 :17:00,05/12/2025 :17:30,,"Designation: Manager NTPC Limited, Western Region-II Office,
Plot No. 87, Sector-24,
Nava Raipur, Chhattisgarh-492018 Phone: Fax: E-mail:  shilpakareddy@ntpc.co.in",https://ntpctender.ntpc.co.in/NITDetails/NITs/29238
29239,9900314030,Construction of Boundary Wall at NTPC Talcher Stage III. Bidding Document No. 9900314030,Corporate Contracts,Uttar Pradesh,Corporate Center,Work Contract,500000.00,,,25/11/2025,26/11/2025 :10:00,29/12/2025 :15:00,29/12/2025 :15:00,30/12/2025 :15:00,,"Designation: DGM NTPC Limited,
6th Floor, Engineering Office Complex,
A-8A, Sector-24, NOIDA,
Dist. Gautam Budh Nagar, (UP), INDIA - 201 301 Phone: Fax: E-mail:  kailashkumawat@ntpc.co.in",https://ntpctender.ntpc.co.in/NITDetails/NITs/29239
29240,NTPC/USSC-CPG1/9900313863,Installation and Commissioning of Heavy Duty Energy Chain System at Ash Stacker of NTPC Dadri Thermal.,Western Region Head Quarter-II,Chhattisgarh,Western Region-II,Work Contract,500000.00,,,26/11/2025,26/11/2025 :16:00,15/12/2025 :15:00,15/12/2025 :15:00,17/12/2025 :15:00,,"Designation: DGM NTPC Limited, Central Procurement Group-I,
WR-II Office, Sector-24,
Nava Raipur, Chhattisgarh - 492018 Phone: Fax: E-mail:  cpsingh@ntpc.co.in",https://ntpctender.ntpc.co.in/NITDetails/NITs/29240
29241,GEM/2025/B/6875770,Pond Ash (HCSD Pond Ash) Utilization in Eligible Avenues in Lead Distance 200-250 Kms from NTPC Darlipali,Western Region Head Quarter-II,Chhattisgarh,Western Region-II,Work Contract,5000000.00,,,25/11/2025,25/11/2025 :10:00,16/12/2025 :12:00,16/12/2025 :12:00,16/12/2025 :12:30,,"Designation: Sr. Manager NTPC Limited, USSC, CPG-1,
Western Region-II Head Quarter,
Plot No. 87, Sector-24, Atal Nagar,
Nava Raipur, Raipur, Chhattisgarh-492101 Phone: Fax: E-mail:  ilaanand@ntpc.co.in",https://ntpctender.ntpc.co.in/NITDetails/NITs/29241
29242,GEM/2025/B/6912697,Renewal of Existing RPA Licenses used for Commercial Billing Process,Corporate Contracts,Uttar Pradesh,Corporate Center,Services,,,,25/11/2025,26/11/2025 :10:00,06/12/2025 :16:00,06/12/2025 :16:00,06/12/2025 :16:30,,"Designation: Sr. Manager NTPC Ltd., Engineering Office Complex,
Plot No. A-8A, Sector-24, NOIDA-201301, UP, India Phone: Fax: E-mail:  parixitrariya@ntpc.co.in",https://ntpctender.ntpc.co.in/NITDetails/NITs/29242
29243,GEM/2025/B/6919393,Renewal of Annual Maintenance Contract (AMC) for ANSYS Software Suite at NTPC NETRA,Corporate Contracts,Uttar Pradesh,Corporate Center,Services,,,,26/11/2025,26/11/2025 :10:00,08/12/2025 :15:00,08/12/2025 :15:00,08/12/2025 :15:30,,"Designation: Sr. Manager NTPC Ltd., Engineering Office Complex,
Plot No. A-8A, Sector-24, NOIDA-201301, UP, India Phone: Fax: E-mail:  parixitrariya@ntpc.co.in",https://ntpctender.ntpc.co.in/NITDetails/NITs/29243
29244,GEM/2025/B/6912387,Procurement of Spare Items for ELGA Make Ultra Purification System on OEM/OES basis,Corporate Contracts,Uttar Pradesh,Corporate Center,Services,,,,26/11/2025,26/11/2025 :10:00,08/12/2025 :15:00,08/12/2025 :15:00,08/12/2025 :15:30,,"Designation: Sr. Manager NTPC Ltd., Engineering Office Complex,
Plot No. A-8A, Sector-24, NOIDA-201301, UP, India Phone: Fax: E-mail:  parixitrariya@ntpc.co.in",https://ntpctender.ntpc.co.in/NITDetails/NITs/29244
29245,GEM/2025/B/6938433,Bulk Procurement of LDPE Sheets Case 1.,Western Region Head Quarter-II,Chhattisgarh,Western Region-II,Work Contract,,,,27/11/2025,27/11/2025 :10:00,18/12/2025 :15:00,18/12/2025 :15:00,18/12/2025 :15:30,,"Designation: DGM NTPC Limited, Western Region-II Office,
Plot No. 87, Sector-24,
Nava Raipur, Chhattisgarh-492018 Phone: Fax: E-mail:  ssenthilkumar@ntpc.co.in",https://ntpctender.ntpc.co.in/NITDetails/NITs/29245
29246,GEM/2025/B/6911303,Procurement of Double Beam Spectrophotometer,NTECL: NTPC TamilNadu Energy Company Ltd.,Tamilnadu,JVs & Subsidaries,Work Contract,,,,27/11/2025,27/11/2025 :10:00,18/12/2025 :16:00,18/12/2025 :16:00,18/12/2025 :16:30,,"Designation: Sr. Manager NTECL, Vallur Thermal Power Project,
Site Office Vellivoyal Chavadi Post,
Ponneri Taluk, Thiruvallur Dist, Chennai-600103, Tamilnadu Phone: Fax: E-mail:  nchaplot@ntpc.co.in",https://ntpctender.ntpc.co.in/NITDetails/NITs/29246
29247,GEM/2025/B/6910484,ANNUAL CONTRACT OF COAL UNLOADING & HOUSEKEEPING FOR 2025-26.,NTPC-SAIL Power Company Limited (NSPCL) - Bhilai,Chhattisgarh,JVs & Subsidaries,Services,200000.00,,,27/11/2025,27/11/2025 :10:00,11/12/2025 :16:00,11/12/2025 :16:00,11/12/2025 :16:30,,"Designation: Sr. Manager NTPC–SAIL POWER COMPANY LIMITED,
BHILAI (East), Dist. Durg, CHHATTISGARH-490 021 Phone: Fax: E-mail:  ushakumari@nspcl.co.in",https://ntpctender.ntpc.co.in/NITDetails/NITs/29247
29248,NTPC/Khargone/AU/PondAsh/Nov/2025,"EOI for Issue of Pond Ash on Free of Cost, First Come First Served Basis with Transportation by User, from NTPC Khargone",Khargone STPP,Madhya Pradesh,Western Region-II,Miscellaneous (Others),,,,28/11/2025,28/11/2025 :10:00,08/12/2025 :17:00,08/12/2025 :17:00,,,"Designation: DGM (EEMG) NTPC Ltd, Khargone
Village Selda, P.O. Khedi (Bujurg),
Dist. Khargone - 451113, Madhya Pradesh Phone: Fax: E-mail:  vikaskmeena@ntpc.co.in",https://ntpctender.ntpc.co.in/NITDetails/NITs/29248
29249,GEM/2025/B/6932903,"Deployment of One (01) Crawler/Chain-mounted Excavator (Minimum Bucket Capacity of 2 CuM)
for a Period of 12 Months at Kerandari Coal Mining Project.",Coal Mining HQ-Ranchi,Jharkhand,Coal Mining Region,Services,100000.00,,,28/11/2025,28/11/2025 :10:00,19/12/2025 :16:00,19/12/2025 :16:00,19/12/2025 :16:30,,"Designation: Manager SSC – Coal Mining HQ NTPC Limited,
C/o NML NTPC Mining Ltd., Ramkeshi Heights,
Plot No. 123, Old A.G. Colony, Kadru, Ranchi - 834002 Phone: Fax: E-mail:  monalishaparida@ntpc.co.in",https://ntpctender.ntpc.co.in/NITDetails/NITs/29249
29250,GEM/2025/B/6942518,Supply Integration Customization Installation O&M of ABDM Enabled - HMIS Software,Corporate Contracts,Uttar Pradesh,Corporate Center,Miscellaneous (Others),500000.00,,,28/11/2025,28/11/2025 :10:00,02/02/2026 :16:00,02/02/2026 :16:00,02/02/2026 :16:30,,Designation: Sr. Manager NTPC Ltd. Engineering Office Complex Plot No. A-8A Sector-24 NOIDA-201301 UP India Phone: Fax: E-mail:  satishksharma@ntpc.co.in,https://ntpctender.ntpc.co.in/NITDetails/NITs/29250
29251,GEM/2025/B/6922422,Procurement of Fire Extinguishers for CISF Vallur.,NTECL: NTPC TamilNadu Energy Company Ltd.,Tamilnadu,JVs & Subsidaries,Work Contract,,,,29/11/2025,29/11/2025 :10:00,20/12/2025 :18:00,20/12/2025 :18:00,20/12/2025 :18:30,,"Designation: DGM NTECL, Vallur Thermal Power Project, Kuruvimedu Village,
Ponneri Taluk, Vellivayal Chavadi Post, Thiruvallur Dist. Chennai-600103 Phone: Fax: E-mail:  lokanathams@ntpc.co.in",https://ntpctender.ntpc.co.in/NITDetails/NITs/29251
29252,NTPC/PE/SE/EOI-01/2025-26,"EOI for Technical Proposals on Reliable, Sustainable & Climate Resilient Water Withdrawal Solutions from River Ganga for NTPCs Upcoming Project.",NTPC Project Engineering (PE-Meja),Uttar Pradesh,JVs & Subsidaries,Miscellaneous (Others),,,,01/12/2025,01/12/2025 :10:00,28/02/2026 :18:00,28/02/2026 :18:00,01/03/2026 :11:00,Puneet Sharma,Designation: Senior Manager PE Meja NTPC Project Engineering PE-Meja PO-Kohdar Meja Dist. Prayagraj UP - 212301 Phone: Fax: E-mail:  puneetsharma@ntpc.co.in,https://ntpctender.ntpc.co.in/NITDetails/NITs/29252
29253,GEM/2025/B/6914335,BMC FOR BOILER & AUX AND OFFSITE FOR DURGAPUR (PP2+PP3) (SSC-25181).,NTPC-SAIL Power Company Limited (NSPCL) - Bhilai,Chhattisgarh,JVs & Subsidaries,Services,1000000.00,,,01/12/2025,01/12/2025 :10:00,15/12/2025 :15:00,15/12/2025 :15:00,15/12/2025 :15:30,,"Designation: DGM NSPCL,
Shared Service Centre, Bhilai
Expansion Site, Near Purena Village,
Bhilai (East), PO-Dist Durg, Chhattisgarh-490021 Phone: Fax: E-mail:  arti.choure@nspcl.co.in",https://ntpctender.ntpc.co.in/NITDetails/NITs/29253
29254,NTPC/USSC-CPG1/9900313989,Service Contract for Refurbishment of Stage4 Rotor Blades of Gas Turbine at NTPC Dadri Gas Station,Western Region Head Quarter-II,Chhattisgarh,Western Region-II,Services,500000.00,,,01/12/2025,01/12/2025 :17:00,17/12/2025 :17:00,17/12/2025 :17:00,19/12/2025 :14:00,,"Designation: Sr. Manager NTPC Limited, Western Region-II Office,
Plot No. 87, Sector-24,
Nava Raipur, Chhattisgarh-492018 Phone: Fax: E-mail:  madhuripatel@ntpc.co.in",https://ntpctender.ntpc.co.in/NITDetails/NITs/29254
29255,GEM/2025/B/6902592,PROCUREMENT OF Fuel Oil Burners for V94.2 Gas Turbine at DGPS,Western Region Head Quarter-II,Chhattisgarh,Western Region-II,Work Contract,200000.00,,,20/11/2025,20/11/2025 :10:00,12/12/2025 :17:00,12/12/2025 :17:00,12/12/2025 :17:30,,"Designation: DGM NTPC Limited, Western Region-II Office,
Plot No. 87, Sector-24,
Nava Raipur, Chhattisgarh-492018 Phone: Fax: E-mail:  deepaktripathi@ntpc.co.in",https://ntpctender.ntpc.co.in/NITDetails/NITs/29255
29256,GEM/2025/B/6919356,Procurement of Conservators for Outdoor Transformers.,NTECL: NTPC TamilNadu Energy Company Ltd.,Tamilnadu,JVs & Subsidaries,Work Contract,100000.00,,,01/12/2025,01/12/2025 :10:00,22/12/2025 :17:00,22/12/2025 :17:00,22/12/2025 :17:30,,"Designation: Sr. Manager NTECL, Vallur Thermal Power Project, Kuruvimedu Village,
Ponneri Taluk, Vellivayal Chavadi Post, Thiruvallur Dist. Chennai-600103 Phone: Fax: E-mail:  nchaplot@ntpc.co.in",https://ntpctender.ntpc.co.in/NITDetails/NITs/29256
29257,IGSTPP/CS/25-26/CRN-4519,Procurement of IP based CCTV Camera System for CHP Area at APCPL IGSTPP Jharli Jhajjar.,IGSTPP: Aravali Power Copany Private Limited-Jhajjar (JV),Haryana,JVs & Subsidaries,Work Contract,200000.00,,,02/12/2025,02/12/2025 :16:00,22/12/2025 :15:00,22/12/2025 :15:00,23/12/2025 :15:00,,"Designation: Sr. Manager IGSTPP, Aravali Power Company Private Limited-Jhajjar (JV),
P.O. Jharli, Dist. Jhajjar, Haryana-124141 Phone: Fax: E-mail:  shuchisharma@ntpc.co.in",https://ntpctender.ntpc.co.in/NITDetails/NITs/29257
29258,GEM/2025/B/6925651,"Supply, Installation and Commissioning of CMS based Signage Solution for Scope.",Corporate Contracts,Uttar Pradesh,Corporate Center,Miscellaneous (Others),50000.00,,,02/12/2025,02/12/2025 :10:00,23/12/2025 :15:00,23/12/2025 :15:00,23/12/2025 :15:30,,"Designation: Sr. Manager NTPC Ltd., Engineering Office Complex, Plot No. A-8A, Sector-24, NOIDA-201301, UP, India Phone: Fax: E-mail:  satishksharma@ntpc.co.in",https://ntpctender.ntpc.co.in/NITDetails/NITs/29258
29259,Tranche-Dec-2025,The Enlistment Applications for Contracts and Materials Groups (Tranche-Dec-2025),Vendor Development Cell (Raipur CG),Chhattisgarh,Western Region-II,Vendor Enlistment,,,,02/12/2025,02/12/2025 :10:00,22/12/2025 :23:55,22/12/2025 :23:55,,,"Designation: Dy. General Manager VEC (Vendor Enlistment Cell) 
NTPC LTD., WR-II HQ & USSC, Plot No. 87,
Sector-24, Atal Nagar, NAVA RAIPUR -492018, Chhattisgarh Phone: Fax: E-mail:  gkutumbarao@ntpc.co.in",https://ntpctender.ntpc.co.in/NITDetails/NITs/29259
29260,GEM/2025/B/6957086,"Fabrication, Erection, Dismantling and Painting Works for Restrengthening and Structural Safety in CHP Area of NTECL",NTECL: NTPC TamilNadu Energy Company Ltd.,Tamilnadu,JVs & Subsidaries,Services,500000.00,,,02/12/2025,02/12/2025 :10:00,23/12/2025 :17:00,23/12/2025 :17:00,23/12/2025 :17:30,,"Designation: DGM NTECL, Vallur Thermal Power Project, Kuruvimedu Village,
Ponneri Taluk, Vellivayal Chavadi Post, Thiruvallur Dist. Chennai-600103 Phone: Fax: E-mail:  jaideep@ntpc.co.in",https://ntpctender.ntpc.co.in/NITDetails/NITs/29260
29261,NTPC/USSC-CPG1/9900313906,"Supply, Installation, Commissioning of LT MCC for Administrative Building of NTPC Simhadri.",Western Region Head Quarter-II,Chhattisgarh,Western Region-II,Work Contract,200000.00,,,03/12/2025,03/12/2025 :09:00,22/12/2025 :15:00,22/12/2025 :15:00,24/12/2025 :15:00,,"Designation: Sr. Manager NTPC Limited, Central Procurement Group-I,
NTPC WR-II Office, Sector-24, Nava Raipur,
Chattisgarh - 492018 Phone: Fax: E-mail:  harshmamodia@ntpc.co.in",https://ntpctender.ntpc.co.in/NITDetails/NITs/29261
29262,NVVN/C&M/BESS-05/2025-26,"Procurement under Tariff-Based Global Competitive Bidding Request for Selection
(RFS) document for setting up of 125 MW/ 500 MWh STU connected standalone
Battery Energy Storage Systems (BESS) in the state of Chhattisgarh for Chhattisgarh
State Power Distribution Company Limited (CSPDCL).",NVVNL - NTPC Vidyut Vyapar Nigam Ltd.,Uttar Pradesh,JVs & Subsidaries,Work Contract,,,,01/12/2025,01/12/2025 :16:30,30/12/2025 :17:00,30/12/2025 :17:00,31/12/2025 :15:00,,"Designation: Sr. Manager NTPC VIDYUT VYAPAR NIGAM LIMITED, 5th Floor, Engineering Office Complex, A-8A, Sector-24, Noida–201301 (U.P.) Phone: Fax: E-mail:  kushankkumar@ntpc.co.in",https://ntpctender.ntpc.co.in/NITDetails/NITs/29262
29263,ASHVINI/MBRAPP/EOI/01,Expression of Interest MBRAPP for Ratlam Guest House,ASHVINI (AnuShatki Vidhyut Nigam) Ltd.,Rajasthan,JVs & Subsidaries,Miscellaneous (Others),,,,04/12/2025,04/12/2025 :10:00,05/01/2026 :17:00,05/01/2026 :17:00,,,"Designation: Sr. Manager MBRAPP/ASHVINI,
NAPLA, TEHSIL CHHOTI SARWAN
DISTT. BANSWARA, RAJASTHAN - 327001 Phone: Fax: E-mail:  chandrashekharsoni@ntpc.co.in",https://ntpctender.ntpc.co.in/NITDetails/NITs/29263
29264,GEM/2025/B/6957650,"Procurement of Fine Chemicals for Use at Chemistry Labs, NTECL Vallur.",NTECL: NTPC TamilNadu Energy Company Ltd.,Tamilnadu,JVs & Subsidaries,Work Contract,,,,03/12/2025,03/12/2025 :10:00,24/12/2025 :17:00,24/12/2025 :17:00,24/12/2025 :17:30,,"Designation: Sr. Manager NTECL, Vallur Thermal Power Project, Kuruvimedu Village,
Ponneri Taluk, Vellivayal Chavadi Post, Thiruvallur Dist. Chennai-600103 Phone: Fax: E-mail:  nchaplot@ntpc.co.in",https://ntpctender.ntpc.co.in/NITDetails/NITs/29264
29265,GEM/2025/B/6954316,Bulk Procurement of Hydraulic Torque Wrench for PAN NTPC basis,Western Region Head Quarter-II,Chhattisgarh,Western Region-II,Work Contract,,,,04/12/2025,04/12/2025 :10:00,23/12/2025 :16:00,23/12/2025 :16:00,23/12/2025 :16:30,,"Designation: Sr. Manager NTPC Limited, Western Region-II Office,
Plot No. 87, Sector-24,
Nava Raipur, Chhattisgarh-492018 Phone: Fax: E-mail:  adityagupta@ntpc.co.in",https://ntpctender.ntpc.co.in/NITDetails/NITs/29265
29266,GEM/2025/B/6961151,Biennial Job Contract for Unloading of BOBR Wagons and BOXN Wagons at NTPC Nabinagar.,Western Region Head Quarter-II,Chhattisgarh,Western Region-II,Work Contract,1000000.00,,,04/12/2025,04/12/2025 :10:00,23/12/2025 :16:00,23/12/2025 :16:00,23/12/2025 :16:30,,"Designation: DGM NTPC Limited, Western Region-II Head Quarter,
Plot No. 87, Sector-24, Atal Nagar,
Nava Raipur, Raipur, Chhattisgarh-492101 Phone: Fax: E-mail:  srikark@ntpc.co.in",https://ntpctender.ntpc.co.in/NITDetails/NITs/29266
29267,GEM/2025/B/6953523,Procurement of Projector with Screen for NTPC Mouda,Western Region Head Quarter-II,Chhattisgarh,Western Region-II,Work Contract,,,,04/12/2025,04/12/2025 :10:00,16/12/2025 :15:00,16/12/2025 :15:00,16/12/2025 :15:30,,"Designation: DGM NTPC Limited, Western Region-II Office,
Plot No. 87, Sector-24,
Nava Raipur, Chhattisgarh-492018 Phone: Fax: E-mail:  ssenthilkumar@ntpc.co.in",https://ntpctender.ntpc.co.in/NITDetails/NITs/29267
29268,PVUNL/Patratu/9900314241,"Design, Fabrication, Erection and Installation of Tensile Fabric Str. For Open Terrace Covering, Car Parking & Garden Canopies at PVUNL Township.",Patratu Vidyut Utpadan Nigam Limited (Subsidiary),Jharkhand,JVs & Subsidaries,Work Contract,,,,04/12/2025,04/12/2025 :16:00,24/12/2025 :16:00,24/12/2025 :16:00,26/12/2025 :16:00,,"Designation: DGM PATRATU VIDYUT UTPADAN NIGAM LIMITED,
P.O PTPS, Dist. Ramgarh, Jharkhand - 829119 Phone: Fax: E-mail:  kspratap@ntpc.co.in",https://ntpctender.ntpc.co.in/NITDetails/NITs/29268
29269,NTPC/USSC-CPG1/9900314157,"Contract for Supply and Application of Paint on Ash Handling Area Tanks, Pipelines and Support Structures at NTPC Nabinagar",Western Region Head Quarter-II,Chhattisgarh,Western Region-II,Services,200000.00,,,04/12/2025,04/12/2025 :13:00,19/12/2025 :15:00,19/12/2025 :15:00,20/12/2025 :15:00,,"Designation: Sr. Manager NTPC Limited, Western Region-II Office,
Plot No. 87, Sector-24,
Nava Raipur, Chhattisgarh-492018 Phone: Fax: E-mail:  sonamjha@ntpc.co.in",https://ntpctender.ntpc.co.in/NITDetails/NITs/29269
29270,NTECL/C&M/CS5965R1,BITUMINOUS PAVEMENT FOR NTECL ASH DYKE BUND ROADS,NTECL: NTPC TamilNadu Energy Company Ltd.,Tamilnadu,JVs & Subsidaries,Work Contract,1000000.00,4500.00,,04/12/2025,04/12/2025 :17:00,26/12/2025 :15:00,26/12/2025 :15:00,27/12/2025 :15:30,,Designation: Sr. Manager NTECL Vallur Thermal Power Project Kuruvimedu Village Ponneri Taluk Vellivayal Chavadi Post Thiruvallur Dist. Chennai-600103 Phone: Fax: E-mail:  vckamal@ntpc.co.in,https://ntpctender.ntpc.co.in/NITDetails/NITs/29270
29271,GEM/2025/B/6750641,"Supply, Erection, Installation, Commissioning & Testing of Fire Alarm System in Admin Building, NTECL Vallur.",NTECL: NTPC TamilNadu Energy Company Ltd.,Tamilnadu,JVs & Subsidaries,Services,50000.00,,,04/12/2025,04/12/2025 :10:00,05/12/2025 :16:00,05/12/2025 :16:00,05/12/2025 :16:30,,"Designation: DGM NTECL, Vallur Thermal Power Project, Kuruvimedu Village, PonneriTaluk, VellivayalChavadi Post, Thiruvallur District, Chennai - 600103 Phone: Fax: E-mail:  nithyav@ntpc.co.in",https://ntpctender.ntpc.co.in/NITDetails/NITs/29271
29272,NTPC/SSC-CoalMining(Ranchi)/9900315222,Construction of CISF Infrastructure at NTPC Talaipalli Coal Mining Project,Coal Mining HQ-Ranchi,Jharkhand,Coal Mining Region,Work Contract,10000000.00,,,05/12/2025,05/12/2025 :12:30,29/12/2025 :15:00,29/12/2025 :15:00,31/12/2025 :15:00,,"Designation: Sr. Manager Shared Services Centre – Coal Mining HQ
NTPC Mining Ltd., Ram Keshi Heights, Plot No. 123,
Old A.G. Colony, Kadru, RANCHI-834002 Phone: Fax: E-mail:  abhayanand@ntpc.co.in",https://ntpctender.ntpc.co.in/NITDetails/NITs/29272
29273,NTPC/USSC-CPG1/9900315324,"Supply, Replacement of Fill Packs and Disposal of Old Fill Packs of Stage-II Cooling Tower at NTPC RIHAND",Western Region Head Quarter-II,Chhattisgarh,Western Region-II,Work Contract,500000.00,,,05/12/2025,05/12/2025 :16:30,15/12/2025 :16:30,15/12/2025 :16:30,16/12/2025 :16:30,,"Designation: DGM NTPC Limited, Western Region-II Office,
Plot No. 87, Sector-24,
Nava Raipur, Chhattisgarh-492018 Phone: Fax: E-mail:  anandshanker@ntpc.co.in",https://ntpctender.ntpc.co.in/NITDetails/NITs/29273
29274,GEM/2025/B/6929624,"Procurement of Two Set of Moisture Analyzer with Inbuilt Weighing for NETRA-WTT Resin Testing
Laboratory.",Corporate Contracts,Uttar Pradesh,Corporate Center,Work Contract,,,,05/12/2025,05/12/2025 :10:00,19/12/2025 :16:00,19/12/2025 :16:00,19/12/2025 :16:30,,"Designation: Sr. Manager NTPC Ltd., Engineering Office Complex,
Plot No. A-8A, Sector-24, NOIDA-201301, UP, India Phone: Fax: E-mail:  parixitrariya@ntpc.co.in",https://ntpctender.ntpc.co.in/NITDetails/NITs/29274
29275,PVUNL/Patratu/9900313198,"Design, Supply and Erection of 1 No. of Prefabricated Closed Store including all Civil work at PVUNL, Patratu",Patratu Vidyut Utpadan Nigam Limited (Subsidiary),Jharkhand,JVs & Subsidaries,Work Contract,,,,06/12/2025,06/12/2025 :16:00,23/12/2025 :16:00,23/12/2025 :16:00,24/12/2025 :16:00,,"Designation: DGM PATRATU VIDYUT UTPADAN NIGAM LIMITED,
PO PTPS, Dist. Ramgarh, Jharkhand - 829119 Phone: Fax: E-mail:  kspratap@ntpc.co.in",https://ntpctender.ntpc.co.in/NITDetails/NITs/29275
29276,SSC/CS/OT/30/2025-26/2800010194,"Work of Laying ash slurry disposal pipeline including pedestal works from PP-III ash slurry pump house to Ash dyke 4 & 5 of PP-II, at NSPCL Durgapur.",NTPC-SAIL Power Company Limited (NSPCL) - Bhilai,Chhattisgarh,JVs & Subsidaries,Work Contract,200000.00,,,04/12/2025,06/12/2025 :10:00,19/12/2025 :17:30,14/01/2026 :15:00,14/01/2026 :15:30,,Designation: Sr. Manager NTPC–SAIL POWER COMPANY LIMITED Post Office BHILAI East Dist. Durg CHHATTISGARH-490 021 Phone: Fax: E-mail:  arti.choure@nspcl.co.in,https://ntpctender.ntpc.co.in/NITDetails/NITs/29276
29277,EOI/FA/NKSTPP/04,Expression of Interest (EoI) for Issue of Pond Ash from NTPC NKSTPP,North Karanpura Thermal Power,Jharkhand,Eastern Region-I,Miscellaneous (Others),,,,06/12/2025,06/12/2025 :10:00,27/12/2025 :17:00,27/12/2025 :17:00,,,"Designation: Ash Utilization Department NTPC Ltd., North Karanpura, Jharkhand, India Phone: Fax: E-mail:  ashutilizationnkstpp@ntpc.co.in",https://ntpctender.ntpc.co.in/NITDetails/NITs/29277
29278,NGEL-CS-5861-GH2HUB-PSE-PUD-1-001,"Development of 132 kV GIS along with 80 MVA,
132/33 kV Power Transformer, 33 kV HT and 415 V
LT Switchgears for NGEL Green Hydrogen Hub at Pudimadaka, Andhra Pradesh",Renewable Energy,Uttar Pradesh,Renewable Energy,Services,10000000.00,,,08/12/2025,12/12/2025 :10:00,22/12/2025 :17:00,06/01/2026 :15:00,06/01/2026 :15:30,,"Designation: DGM NTPC Green Energy Limited,
4th Floor, NETRA Building,
E-3, Ecotech-II, Udyog Vihar, Greater Noida
Gautam Buddha Nagar, UP, India–201306 Phone: Fax: E-mail:  kmgoyal01@ntpc.co.in",https://ntpctender.ntpc.co.in/NITDetails/NITs/29278
29279,GEM/2025/B/6981669,Procurement of Firewall for NTPC Talcher and Kudgi,Western Region Head Quarter-II,Chhattisgarh,Western Region-II,Work Contract,,,,10/12/2025,10/12/2025 :10:00,24/12/2025 :11:00,24/12/2025 :11:00,24/12/2025 :11:30,,"Designation: DGM NTPC Limited, Western Region-II Office,
Plot No. 87, Sector-24,
Nava Raipur, Chhattisgarh Phone: Fax: E-mail:  ssenthilkumar@ntpc.co.in",https://ntpctender.ntpc.co.in/NITDetails/NITs/29279
29280,GEM/2025/B/6964392,Bulk Procurement of IBR Carbon Steel Pipe Fittings,Western Region Head Quarter-II,Chhattisgarh,Western Region-II,Work Contract,50000.00,,,09/12/2025,09/12/2025 :10:00,30/12/2025 :15:00,30/12/2025 :15:00,30/12/2025 :15:30,,"Designation: Sr. Manager NTPC Limited, Western Region-II Office,
Plot No. 87, Sector-24,
Nava Raipur, Chhattisgarh Phone: Fax: E-mail:  vikashkumar11@ntpc.co.in",https://ntpctender.ntpc.co.in/NITDetails/NITs/29280
29281,GEM/2025/B/6953918,Procurement of Non-Torrefied Biomass Pellets for IGSTPP-Jhajjar/APCPL,IGSTPP: Aravali Power Copany Private Limited-Jhajjar (JV),Haryana,JVs & Subsidaries,Work Contract,2000000.00,,,10/12/2025,10/12/2025 :10:00,31/12/2025 :15:00,31/12/2025 :15:00,31/12/2025 :15:30,,"Designation: DGM IGSTPP, Aravali Power Company Private Limited-Jhajjar (JV),
P.O. Jharli, Dist. Jhajjar, Haryana-124141 Phone: Fax: E-mail:  jkbhaskar@ntpc.co.in",https://ntpctender.ntpc.co.in/NITDetails/NITs/29281
29282,PVUNL/Patratu/9900314535,"Supply, Installation and Commissioning of CCTV System at Main Township, Patratu.",Patratu Vidyut Utpadan Nigam Limited (Subsidiary),Jharkhand,JVs & Subsidaries,Work Contract,,,,11/12/2025,11/12/2025 :11:15,29/12/2025 :11:00,29/12/2025 :11:00,30/12/2025 :11:00,,"Designation: DGM PATRATU VIDYUT UTPADAN NIGAM LIMITED,
P.O PTPS, Dist. Ramgarh, Jharkhand - 829119 Phone: Fax: E-mail:  ajaypal@ntpc.co.in",https://ntpctender.ntpc.co.in/NITDetails/NITs/29282
29283,GEM/2025/B/6984263,"Procurement of Wagons for NTPC Dadri, Kanti and Gadarwara",Western Region Head Quarter-II,Chhattisgarh,Western Region-II,Work Contract,,,,12/12/2025,12/12/2025 :10:00,02/01/2026 :15:00,02/01/2026 :15:00,02/01/2026 :15:30,,"Designation: DGM NTPC Limited, Western Region-II Office,
Plot No. 87, Sector-24,
Nava Raipur, Chhattisgarh-492018 Phone: Fax: E-mail:  ssenthilkumar@ntpc.co.in",https://ntpctender.ntpc.co.in/NITDetails/NITs/29283
29284,GEM/2025/B/6974806,Hiring of Electrically Operated Dewatering System (5 Sets) at Ash dyke of NTPC Darlipali - 200149373,Western Region Head Quarter-II,Chhattisgarh,Western Region-II,Work Contract,100000.00,,,08/12/2025,08/12/2025 :10:00,19/12/2025 :12:00,19/12/2025 :12:00,19/12/2025 :12:30,,"Designation: DGM NTPC Limited, Western Region-II Head Quarter,
Plot No. 87, Sector-24, Atal Nagar,
Nava Raipur, Raipur, Chhattisgarh-492101 Phone: Fax: E-mail:  anandshanker@ntpc.co.in",https://ntpctender.ntpc.co.in/NITDetails/NITs/29284
29285,GEM/2025/B/6982060,PROCUREMENT OF LIGHTING PANEL FOR NTECL,NTECL: NTPC TamilNadu Energy Company Ltd.,Tamilnadu,JVs & Subsidaries,Work Contract,,,,13/12/2025,13/12/2025 :10:00,03/01/2026 :11:00,03/01/2026 :11:00,03/01/2026 :11:30,,"Designation: Sr. Manager NTECL, Vallur Thermal Power Project, Kuruvimedu Village,
Ponneri Taluk, Vellivayal Chavadi Post, Thiruvallur Dist. Chennai-600103 Phone: Fax: E-mail:  nchaplot@ntpc.co.in",https://ntpctender.ntpc.co.in/NITDetails/NITs/29285
29286,GEM/2025/B/6952010,IT FMS Support for Engineering Office Hyderabad for 02 Years,Corporate Contracts,Uttar Pradesh,Corporate Center,Services,100000.00,,,15/12/2025,15/12/2025 :10:00,25/12/2025 :15:00,25/12/2025 :15:00,25/12/2025 :15:30,,"Designation: Manager NTPC Ltd., Engineering Office Complex,
Plot No. A-8A, Sector-24, NOIDA-201301, UP, India Phone: Fax: E-mail:  shilpakareddy@ntpc.co.in",https://ntpctender.ntpc.co.in/NITDetails/NITs/29286
29287,GEM/2025/B/6967741,Annual Operation and Housekeeping Contract for PP-II and Expansion Unit at NSPCL Rourkela,NTPC-SAIL Power Company Limited (NSPCL) - Bhilai,Chhattisgarh,JVs & Subsidaries,Services,1000000.00,,,15/12/2025,15/12/2025 :10:00,13/01/2026 :15:00,13/01/2026 :15:00,13/01/2026 :15:30,,Designation: Sr. Manager NTPC–SAIL POWER COMPANY LIMITED BHILAI East Dist. Durg CHHATTISGARH-490 021 Phone: Fax: E-mail:  pratibhasoni@nspcl.co.in,https://ntpctender.ntpc.co.in/NITDetails/NITs/29287
29288,9900313798,Deployment of Innova Crysta A/C with driver for HoP/VIP Duty for 36 months for NTPC Ramagundam,Ramagundam Super Thermal Power,Telangana,Southern Region,Services,,,,12/12/2025,12/12/2025 :10:00,19/12/2025 :16:30,19/12/2025 :16:30,20/12/2025 :11:30,,"Designation: DGM Ramagundam Super Thermal Power Station
CONTRACT SERVICES & MATERIALS DEPARTMENT
PO Jyothinagar Dist. Peddapalli – 505 215 (T.S.) Phone: Fax: E-mail:  psivakumar@ntpc.co.in",https://ntpctender.ntpc.co.in/NITDetails/NITs/29288
29289,9900313799,Rate Contract for Hiring of AC Swift Dzire with Driver for GM Duty at RSTPS and TeSTPP.,Ramagundam Super Thermal Power,Telangana,Southern Region,Services,,,,12/12/2025,12/12/2025 :10:00,19/12/2025 :18:00,19/12/2025 :18:00,20/12/2025 :11:30,,Designation: DGM Ramagundam Super Thermal Power Station CONTRACT SERVICES & MATERIALS DEPARTMENT PO Jyothinagar Dist. Peddapalli – 505 215 (T.S.) Phone: Fax: E-mail:  psivakumar@ntpc.co.in,https://ntpctender.ntpc.co.in/NITDetails/NITs/29289
29290,NGEL-CS-5837-004(AgriPV)-9,EPC Package with Land for Development of Cumulative 100 MW Agri-PV Projects,NTPC Green Energy Ltd. (NGEL),Uttar Pradesh,Corporate Center,Work Contract,,,,16/12/2025,29/12/2025 :10:00,12/01/2026 :15:00,22/01/2026 :15:00,22/01/2026 :15:30,,"Designation: DGM NTPC Green Energy Limited,
4th Floor, NETRA Building E-3,
Ecotech-II, Udyog Vihar,
Greater Noida, Dist. Gautam Budh Nagar, (UP), INDIA-201306 Phone: Fax: E-mail:  abhishekkumar02@ntpc.co.in",https://ntpctender.ntpc.co.in/NITDetails/NITs/29290
29291,GEM/2025/B/6982057,"Supply of 40,000 MT Sodium Bi Carbonate through Bulkers for DSI system at NTPC DADRI",Western Region Head Quarter-II,Chhattisgarh,Western Region-II,Work Contract,20000000.00,,,16/12/2025,16/12/2025 :10:00,06/01/2026 :15:00,06/01/2026 :15:00,06/01/2026 :15:30,,"Designation: DGM NTPC Limited, Western Region-II Office,
Plot No. 87, Sector-24,
Nava Raipur, Chhattisgarh-492018 Phone: Fax: E-mail:  sushilmeena@ntpc.co.in",https://ntpctender.ntpc.co.in/NITDetails/NITs/29291
29292,NTPC/USSC-CPG1/9900314681,Civil Work for Fully Automatic Brick Plant of Capacity 25000 Per Day at NTPC Kanti,Western Region Head Quarter-II,Chhattisgarh,Western Region-II,Work Contract,200000.00,,,16/12/2025,16/12/2025 :12:00,31/12/2025 :13:00,31/12/2025 :13:00,01/01/2026 :15:00,,"Designation: AGM NTPC Limited, Western Region-II Office,
Plot No. 87, Sector-24,
Nava Raipur, Chhattisgarh-492018 Phone: Fax: E-mail:  kkarora@ntpc.co.in",https://ntpctender.ntpc.co.in/NITDetails/NITs/29292
29293,GEM/2025/B/6990063,Centralised Bulk Procurement of Sulphuric Acid for NTPC Stations,Western Region Head Quarter-II,Chhattisgarh,Western Region-II,Work Contract,,,,17/12/2025,17/12/2025 :10:00,31/12/2025 :15:00,31/12/2025 :15:00,31/12/2025 :15:30,,"Designation: DGM NTPC Limited, Western Region-II Office,
Plot No. 87, Sector-24,
Nava Raipur, Chhattisgarh-492018 Phone: Fax: E-mail:  ssenthilkumar@ntpc.co.in",https://ntpctender.ntpc.co.in/NITDetails/NITs/29293
29294,GEM/2025/B/6993056,"Monitoring and Management of Water Quality, Operation of WCTP (DM Plant & PT Plant) and
Other Services at Power Plant-2, NSPCL, Bhilai",NTPC-SAIL Power Company Limited (NSPCL) - Bhilai,Chhattisgarh,JVs & Subsidaries,Services,200000.00,,,18/12/2025,18/12/2025 :10:00,08/01/2026 :15:00,08/01/2026 :15:00,08/01/2026 :15:30,,"Designation: Sr. Manager NTPC–SAIL POWER COMPANY LIMITED, BHILAI (East), Dist. Durg, CHHATTISGARH-490 02 Phone: Fax: E-mail:  pratibhasoni@nspcl.co.in",https://ntpctender.ntpc.co.in/NITDetails/NITs/29294
29295,GEM/2025/B/6978899,AMC for Operation & Maintenance of Water Supply System for 24 (Twenty Four) Month in Township Area at NSTPS,Western Region Head Quarter-II,Chhattisgarh,Western Region-II,Services,200000.00,,,18/12/2025,18/12/2025 :10:00,02/01/2026 :16:00,02/01/2026 :16:00,02/01/2026 :16:30,,"Designation: AGM NTPC Limited, Western Region-II Head Quarter,
Plot No. 87, Sector-24, Atal Nagar,
Nava Raipur, Raipur, Chhattisgarh-492101 Phone: Fax: E-mail:  kkarora@ntpc.co.in",https://ntpctender.ntpc.co.in/NITDetails/NITs/29295
29296,GEM/2025/B/7010979,O&M Work of 20 TPD CO2 Capture Plant.,Corporate Contracts,Uttar Pradesh,Corporate Center,Work Contract,,,,18/12/2025,18/12/2025 :10:00,29/12/2025 :11:00,29/12/2025 :11:00,29/12/2025 :11:30,,"Designation: Manager NTPC Ltd., Engineering Office Complex,
Plot No. A-8A, Sector-24, NOIDA-201301, UP, India Phone: Fax: E-mail:  shilpakareddy@ntpc.co.in",https://ntpctender.ntpc.co.in/NITDetails/NITs/29296
29297,NTECL/C&M/CS5241R,WASTE MANAGEMENT AND OTHER INFRASTRUCTURE WORKS AT NTECL.,NTECL: NTPC TamilNadu Energy Company Ltd.,Tamilnadu,JVs & Subsidaries,Work Contract,100000.00,1125.00,,18/12/2025,18/12/2025 :17:00,07/01/2026 :15:00,07/01/2026 :15:00,08/01/2026 :15:30,,"Designation: Sr. Manager NTECL, Vallur Thermal Power Project,
Site Office Vellivoyal Chavadi Post,
Ponneri Taluk, Thiruvallur Dist, Chennai-600103, Tamilnadu Phone: Fax: E-mail:  vckamal@ntpc.co.in",https://ntpctender.ntpc.co.in/NITDetails/NITs/29297
29298,TPCL/2025/SSPP-Phase-I,"EPC Package for 50 MWac (Phase-I) Solar Power Project at Sampoor, Sri Lanka",Trincomalee Power Company Limited (TPCL),,Corporate Center,Services,,250.00,,18/12/2025,20/12/2025 :17:00,18/02/2026 :13:00,18/02/2026 :13:00,19/02/2026 :15:00,,"Designation: General Manager TPCL Office, 2nd Floor, Landmark Building, No. 385, Galle Road,
Colombo 03, Sri Lanka Phone: Fax: E-mail:  ceotpcl@gmail.com",https://ntpctender.ntpc.co.in/NITDetails/NITs/29298
29299,NTPC/EOC/9900315853,AMC of Honeywell PLC System of 20 TPD CO2 Capture Plant at NTPC Vindhyachal for One Year.,Corporate Contracts,Uttar Pradesh,Corporate Center,Work Contract,,,,18/12/2025,18/12/2025 :10:00,24/12/2025 :15:00,24/12/2025 :15:00,26/12/2025 :15:00,,"Designation: Sr. Manager NTPC Ltd., Engineering Office Complex,
Plot No. A-8A, Sector-24, NOIDA-201301, UP, India Phone: Fax: E-mail:  deepaverma@ntpc.co.in",https://ntpctender.ntpc.co.in/NITDetails/NITs/29299
29300,GEM/2025/B/7003378,Proposal for Annual Maintenance of Horticulture Work at NTPC Tanda.,Western Region Head Quarter-II,Chhattisgarh,Western Region-II,Services,200000.00,,,19/12/2025,19/12/2025 :10:00,05/01/2026 :13:00,05/01/2026 :13:00,05/01/2026 :13:30,,"Designation: AGM NTPC Limited, Western Region-II Head Quarter,
Plot No. 87, Sector-24, Atal Nagar,
Nava Raipur, Raipur, Chhattisgarh-492101 Phone: Fax: E-mail:  kkarora@ntpc.co.in",https://ntpctender.ntpc.co.in/NITDetails/NITs/29300
29301,NTPC/USSC-CPG1/9900315752,AMC of Horticultural Works in NTPC Kudgi Township for FY 2026–27,Western Region Head Quarter-II,Chhattisgarh,Western Region-II,Services,200000.00,,,19/12/2025,19/12/2025 :11:00,05/01/2026 :13:00,05/01/2026 :13:00,06/01/2026 :15:00,,"Designation: AGM NTPC Limited, Western Region-II Head Quarter, Plot No. 87, Sector-24, Atal Nagar, Nava Raipur, Raipur, Chhattisgarh-492101 Phone: Fax: E-mail:  kkarora@ntpc.co.in",https://ntpctender.ntpc.co.in/NITDetails/NITs/29301
29302,IGTPP/CS/25-26/CRN-4508,Procurement of IP based CCTV Camera System for Plant wide MCCs at APCPL.,IGSTPP: Aravali Power Copany Private Limited-Jhajjar (JV),Haryana,JVs & Subsidaries,Work Contract,200000.00,,,17/12/2025,17/12/2025 :12:00,07/01/2026 :15:00,07/01/2026 :15:00,08/01/2026 :15:00,,"Designation: Manager APCPL,
(A Joint venture of NTPC, HPGCL and IPGCL)
Indira Gandhi Super Thermal Power Project
P.O. Jharli, Dist. JHAJJAR (Haryana) - 124 141, INDIA Phone: Fax: E-mail:  hemameena@ntpc.co.in",https://ntpctender.ntpc.co.in/NITDetails/NITs/29302
29303,GEM/2025/B/7026469,Biennial Maintenance Contract for C & I Systems of Stage-III and IV and V with FGD and Other Areas at NTPC Vindhyachal,Western Region Head Quarter-II,Chhattisgarh,Western Region-II,Work Contract,2000000.00,,,22/12/2025,22/12/2025 :10:00,12/01/2026 :13:00,12/01/2026 :13:00,12/01/2026 :13:30,,"Designation: DGM NTPC Limited, Western Region-II Head Quarter,
Plot No. 87, Sector-24, Atal Nagar,
Nava Raipur, Raipur, Chhattisgarh-492101 Phone: Fax: E-mail:  srikark@ntpc.co.in",https://ntpctender.ntpc.co.in/NITDetails/NITs/29303
29304,9900315781,CONSTRUCTION OF ADDITIONAL BARRACK FOR CISF PERSONNEL AT TALCHER THERMAL PROJECT,Corporate Contracts,Uttar Pradesh,Corporate Center,Work Contract,1000000.00,,,22/12/2025,22/12/2025 :18:00,22/01/2026 :12:00,22/01/2026 :12:00,23/01/2026 :16:00,,"Designation: DGM NTPC Ltd.,
6th Floor, Engineering Office Complex (EOC),
Plot No. A-8A, Sector-24, Noida, Uttar Pradesh-201301 Phone: Fax: E-mail:  mayankchaube@ntpc.co.in",https://ntpctender.ntpc.co.in/NITDetails/NITs/29304
29305,NTPC/USSC-CPG1/9900316172,Retrofitting of Energy Chain in Place of Festoon System for Wagon Tippler SACs of NTPC Barh.,Western Region Head Quarter-II,Chhattisgarh,Western Region-II,Work Contract,200000.00,,,23/12/2025,23/12/2025 :14:00,12/01/2026 :17:00,12/01/2026 :17:00,14/01/2026 :17:00,,"Designation: Sr. Manager NTPC Limited, Central Procurement Group-I, NTPC WR-II Office, Sector-24, Nava Raipur, Chattisgarh - 492018 Phone: Fax: E-mail:  harshmamodia@ntpc.co.in",https://ntpctender.ntpc.co.in/NITDetails/NITs/29305
29306,CS-0011-130D-9,Methanol Procurement for Demonstration of Methanol Firing in Kayamkulam GT,Corporate Contracts,Uttar Pradesh,Corporate Center,Equipment Supply & Erection,,,,23/12/2025,23/12/2025 :10:00,05/01/2026 :11:00,05/01/2026 :11:00,05/01/2026 :11:30,,"Designation: DGM NTPC Limited, Plot A-8A, Sector 24, Noida-201301 State of U.P. India Phone: Fax: E-mail:  shailendrakrsrivastava@ntpc.co.in",https://ntpctender.ntpc.co.in/NITDetails/NITs/29306
29307,GEM/2025/B/7030183,RE-ERECTION OF FIRE PROTECTION PIPELINE WITH FITTINGS FOR PIPE CONVEYOR,NTECL: NTPC TamilNadu Energy Company Ltd.,Tamilnadu,JVs & Subsidaries,Services,50000.00,,,22/12/2025,22/12/2025 :10:00,12/01/2026 :12:00,12/01/2026 :12:00,12/01/2026 :12:30,,"Designation: DGM NTECL,
Vallur Thermal Power Station,
Kuruvimedu Village, Ponneri Taluk,
Vellivoyal Chavadi Post,
Thiruvallur District, Chennai - 600103 Phone: Fax: E-mail:  jaideep@ntpc.co.in",https://ntpctender.ntpc.co.in/NITDetails/NITs/29307
29308,Enlistment/CCG-11,ENLISTMENT OF AGENCIES FOR ORGANIZING VVIP PUBLIC EVENTS UNDER SPG PROTOCOLS,SRHQ Hyderabad,Andhra Pradesh,Southern Region,Miscellaneous (Others),,,,24/12/2025,26/12/2025 :10:00,16/02/2026 :23:55,,,,Designation: Sr. Manager Project CC&M 5th Floor NTPC Intelligent Office Building SRHQ Kavadiguda Road Hyderabad Telangana 500020 Phone: Fax: E-mail:  vipinsharma01@ntpc.co.in,https://ntpctender.ntpc.co.in/NITDetails/NITs/29308
29309,GEM/2025/B/7020388,Safety Consultancy Contract for NTPC Nabinagar STPP Stage-II (3x800 MW).,SRHQ Hyderabad,Andhra Pradesh,Southern Region,Work Contract,5000000.00,,,24/12/2025,24/12/2025 :10:00,14/01/2026 :17:00,14/01/2026 :17:00,14/01/2026 :17:30,,"Designation: Sr. Manager NTPC Ltd., 5th Floor, EOC, NTPC SRHQ, Secunderabad, Telangana 500080 Phone: Fax: E-mail:  vipinsharma01@ntpc.co.in",https://ntpctender.ntpc.co.in/NITDetails/NITs/29309
29310,GEM/2025/B/7019833,Safety Consultancy Contract for NTPC Gadarwara STPP Stage-II (2x800 MW).,SRHQ Hyderabad,Andhra Pradesh,Southern Region,Work Contract,2000000.00,,,24/12/2025,24/12/2025 :10:00,14/01/2026 :15:00,14/01/2026 :15:00,14/01/2026 :15:30,,"Designation: Sr. Manager NTPC Ltd., 5th Floor, EOC, NTPC SRHQ, Secunderabad, Telangana 500080 Phone: Fax: E-mail:  vipinsharma01@ntpc.co.in",https://ntpctender.ntpc.co.in/NITDetails/NITs/29310
29311,GEM/2025/B/7011294,CAMC of LT Panels and Operation Services of Electrical Equipments in Data Centre at NTPC Noida.,Corporate Contracts,Uttar Pradesh,Corporate Center,Services,100000.00,,,26/12/2025,26/12/2025 :10:00,16/01/2026 :15:00,16/01/2026 :15:00,16/01/2026 :15:30,,"Designation: Sr. Manager NTPC Ltd., Engineering Office Complex,
Plot No. A-8A, Sector-24, NOIDA-201301, UP, India Phone: Fax: E-mail:  deepaverma@ntpc.co.in",https://ntpctender.ntpc.co.in/NITDetails/NITs/29311
29312,GEM/2025/B/7017176,PROCURMENT OF SHEAVE PULLEYS FOR COUNTERWEIGHTS OF CHP CONVEYORS,NTECL: NTPC TamilNadu Energy Company Ltd.,Tamilnadu,JVs & Subsidaries,Work Contract,,,,23/12/2025,23/12/2025 :10:00,13/01/2026 :16:00,13/01/2026 :16:00,13/01/2026 :16:30,,"Designation: DGM NTPC Tamilnadu Energy Co. Ltd (NTECL),
Vallur Thermal Power Station, 
Chennai - 600103 Phone: Fax: E-mail:  lokanathams@ntpc.co.in",https://ntpctender.ntpc.co.in/NITDetails/NITs/29312
29313,GEM/2025/B/7029761,Job Contract for Unloading of Coal from BOBR & BOXN Wagons and Deployment of Manpower Assistant in MGR Operation Rihand.,Western Region Head Quarter-II,Chhattisgarh,Western Region-II,Services,2000000.00,,,22/12/2025,22/12/2025 :10:00,12/01/2026 :16:00,12/01/2026 :16:00,12/01/2026 :16:30,,"Designation: DGM NTPC Limited, Western Region-II Head Quarter,
Plot No. 87, Sector-24, Atal Nagar,
Nava Raipur, Raipur, Chhattisgarh-492101 Phone: Fax: E-mail:  hariomkumar@ntpc.co.in",https://ntpctender.ntpc.co.in/NITDetails/NITs/29313
29314,GEM/2025/B/7019283,"Facility Management Services - LumpSum Based - Biennial
Job Contract for Unloading Of BOBR (Bottom Discharge)
Wagons At Track Hopper I,II,III & IV At MGR NTPC – Vindhyachal",Western Region Head Quarter-II,Chhattisgarh,Western Region-II,Services,1000000.00,,,29/12/2025,29/12/2025 :10:00,15/01/2026 :15:00,15/01/2026 :15:00,15/01/2026 :15:30,,"Designation: Sr. Manager NTPC Limited, Western Region-II Head Quarter,
Plot No. 87, Sector-24, Atal Nagar,
Nava Raipur, Raipur, Chhattisgarh-492101 Phone: Fax: E-mail:  madhuripatel@ntpc.co.in",https://ntpctender.ntpc.co.in/NITDetails/NITs/29314
29315,GEM/2025/B/7010709,"Comprehensive Operation and Maintenance of Nokhra (300 MW) & Devikot (240 MW) Solar
Power Stations of NGEL for 03 Years",NTPC Green Energy Ltd. (NGEL),Uttar Pradesh,Corporate Center,Services,5000000.00,,,29/12/2025,29/12/2025 :10:00,19/01/2026 :13:00,19/01/2026 :13:00,19/01/2026 :13:30,,Designation: DGM NTPC Green Energy Limited NGEL Greater Noida UP India Phone: Fax: E-mail:  sanjaykumar@ntpc.co.in,https://ntpctender.ntpc.co.in/NITDetails/NITs/29315
29316,NVVN/C&M/RE-483/2025-26,GLOBAL TENDER FOR SALE OF GYPSUM PRODUCED FROM FGD PLANT OF NTPC UNCHAHAR,NVVNL - NTPC Vidyut Vyapar Nigam Ltd.,Uttar Pradesh,JVs & Subsidaries,Services,,,,29/12/2025,29/12/2025 :17:00,19/01/2026 :17:00,19/01/2026 :17:00,20/01/2026 :15:00,,"Designation: Sr. Manager NVVNL, Engineering Office Complex, Plot No. A-8A
Sector 24, Block A, Noida, Uttar Pradesh - 201301 Phone: Fax: E-mail:  sandhipdebbarma@ntpc.co.in",https://ntpctender.ntpc.co.in/NITDetails/NITs/29316
29317,NVVN/C&M/RE-480/2025-26,GLOBAL TENDER FOR SALE OF GYPSUM PRODUCED FROM FGD PLANT OF NTPC SOLAPUR,NVVNL - NTPC Vidyut Vyapar Nigam Ltd.,Uttar Pradesh,JVs & Subsidaries,Services,,,,30/12/2025,30/12/2025 :14:00,20/01/2026 :17:00,20/01/2026 :17:00,21/01/2026 :15:00,,"Designation: Sr. Manager NVVNL, Engineering Office Complex, Plot No. A-8A Sector 24, Block A, Noida, Uttar Pradesh - 201301 Phone: Fax: E-mail:  sandhipdebbarma@ntpc.co.in",https://ntpctender.ntpc.co.in/NITDetails/NITs/29317
29318,NTPC/USSC-CPG1/9900316206,"Supply, Erection & Commissioning of 15.75/230 KV, 195 MVA, 3Phase Steam Turbine Generator Transformer",Western Region Head Quarter-II,Chhattisgarh,Western Region-II,Work Contract,5000000.00,,,30/12/2025,30/12/2025 :13:30,16/01/2026 :15:00,16/01/2026 :15:00,19/01/2026 :15:00,,"Designation: DGM NTPC Limited, Central Procurement Group-I,
NTPC WR-II Office, Sector-24,
Nava Raipur, Chhattisgarh - 492018 Phone: Fax: E-mail:  cpsingh@ntpc.co.in",https://ntpctender.ntpc.co.in/NITDetails/NITs/29318
29319,NRE-CS-5839-CNGEL-EPC,"EPC Package for Development of 6 MW Floating Solar PV Project coupled
with 6 MW /24 MWhr Battery Energy Storage System (BESS) at ABVTPS
Project of CSPGCL",Renewable Energy,Uttar Pradesh,Renewable Energy,Services,,,,31/12/2025,31/12/2025 :10:00,28/02/2026 :17:00,26/03/2026 :15:00,26/03/2026 :15:30,,Designation: DGM NTPC Green Energy Limited 4th Floor Renewable Building Plot No. 3E Ecotech-II Udyog Vihar Greater Noida Distt. Gautam Budh Nagar - 201301 U.P. Phone: Fax: E-mail:  prishantpathik@ntpc.co.in,https://ntpctender.ntpc.co.in/NITDetails/NITs/29319
29320,NRE-CS-5838-004(EPC)-9,"EPC PACKAGE FOR DEVELOPMENT OF 250MW SOLAR WITH 50MW/200MWH BESS PROJECT AT SITAPUR, U.P.",Renewable Energy,Uttar Pradesh,Renewable Energy,Services,200000000.00,,,31/12/2025,07/02/2026 :10:00,18/02/2026 :20:00,06/03/2026 :15:00,06/03/2026 :15:30,,Designation: DGM NTPC Renewable Energy Ltd 4th Floor Renewables Building NETRA Complex E-3 Ecotech-II Udyog Vihar Greater Noida Gautam Buddha Nagar UP India–201306 Phone: Fax: E-mail:  vijayyadav@ntpc.co.in,https://ntpctender.ntpc.co.in/NITDetails/NITs/29320
29321,0230/SSC/CS/OT/47/2025-26/2800010215,"CONSTRUCTION OF RCC
DRAINS ON COST RECOVERY
BASIS FOR TG BUILDING
FRONT SIDE TRANSFORMER
YARD, FIREWATER PUMP
HOUSE AREA TO ASH SLURRY
PUMP HOUSE, ESP BUILDING
TO EXISTING DRAIN NEAR
BOUNDARY WALL, AREAS OF
PP-III.",NTPC-SAIL Power Company Limited (NSPCL) - Bhilai,Chhattisgarh,JVs & Subsidaries,Services,200000.00,,,01/01/2026,01/01/2026 :10:00,03/02/2026 :15:00,03/02/2026 :15:00,03/02/2026 :15:30,,"Designation: DGM NTPC–SAIL POWER COMPANY LIMITED,
BHILAI (East), Dist. Durg, CHHATTISGARH-490 021 Phone: Fax: E-mail:  ajay.kumar@nspcl.co.in",https://ntpctender.ntpc.co.in/NITDetails/NITs/29321
29322,NTPC/EOC/9900316646,"Supply of Servers, Storage Systems and Accessories and Support Services",Corporate Contracts,Uttar Pradesh,Corporate Center,Services,1000000.00,,,02/01/2026,02/01/2026 :18:00,03/02/2026 :15:00,03/02/2026 :15:00,03/02/2026 :16:00,,Designation: Sr. Manager NTPC Ltd. Engineering Office Complex Plot No. A-8A Sector-24 NOIDA-201301 UP India Phone: Fax: E-mail:  deepaverma@ntpc.co.in,https://ntpctender.ntpc.co.in/NITDetails/NITs/29322
29323,0230/SSC/CS/OT/51/2025-26/2800010231,"Repair of Bitumen Macadam Road (BT) from Back Side RSP Modernization Store to Ash Gate along
Patrolling Road at NSPCL-Rourkela",NTPC-SAIL Power Company Limited (NSPCL) - Bhilai,Chhattisgarh,JVs & Subsidaries,Services,200000.00,,,31/12/2025,31/12/2025 :10:00,21/01/2026 :15:00,21/01/2026 :15:00,21/01/2026 :15:30,,"Designation: Sr. Manager NTPC–SAIL POWER COMPANY LIMITED,
PO BHILAI (East), Dist. Durg, CHHATTISGARH-490 021 Phone: Fax: E-mail:  pratibhasoni@nspcl.co.in",https://ntpctender.ntpc.co.in/NITDetails/NITs/29323
29324,GEM/2025/B/7054700,REPAIR WORK AND ANTICORROSIVE PAINTING OF HFO TANK AT NTECL VALLUR,NTECL: NTPC TamilNadu Energy Company Ltd.,Tamilnadu,JVs & Subsidaries,Work Contract,100000.00,,,30/12/2025,30/12/2025 :10:00,20/01/2026 :15:00,20/01/2026 :15:00,20/01/2026 :15:30,,"Designation: DGM NTECL,
Vallur Thermal Power Station,
Kuruvimedu Village, Ponneri Taluk,
Vellivoyal Chavadi Post,
Thiruvallur District, Chennai - 600103 Phone: Fax: E-mail:  jaideep@ntpc.co.in",https://ntpctender.ntpc.co.in/NITDetails/NITs/29324
29325,GEM/2025/B/7007673,"BIENNIAL OPERATION & MAINTENANCE OF SEWAGE TREATEMENT PLANT AND OPERATION OF WATER SUPPLY SYATEM AT NTPC,TTPP (Talcher Thermal).",Western Region Head Quarter-II,Chhattisgarh,Western Region-II,Work Contract,200000.00,,,02/01/2026,02/01/2026 :10:00,19/01/2026 :15:00,19/01/2026 :15:00,19/01/2026 :15:30,,"Designation: AGM NTPC Limited, Western Region-II Head Quarter,
Plot No. 87, Sector-24, Atal Nagar,
Nava Raipur, Raipur, Chhattisgarh-492101 Phone: Fax: E-mail:  kkarora@ntpc.co.in",https://ntpctender.ntpc.co.in/NITDetails/NITs/29325
29326,GEM/2025/B/7039548,DIGITIZATION OF LEGACY DOCUMENTS AND RMS SERVICE FOR NTECL,NTECL: NTPC TamilNadu Energy Company Ltd.,Tamilnadu,JVs & Subsidaries,Services,200000.00,,,05/01/2026,05/01/2026 :10:00,27/01/2026 :16:00,27/01/2026 :16:00,27/01/2026 :16:30,,"Designation: DGM NTECL (NTPC Tamilnadu Energy Co. Ltd.)
Vallur TPP, Chennai-600 103 Phone: Fax: E-mail:  mohan02@ntpc.co.in",https://ntpctender.ntpc.co.in/NITDetails/NITs/29326
29327,9900316269,DESIGN AND CONSTRUCTION OF SPLASH POOL AT MAIN TOWNSHIP PVUNL PATRATU,Patratu Vidyut Utpadan Nigam Limited (Subsidiary),Jharkhand,JVs & Subsidaries,Work Contract,,,,03/01/2026,03/01/2026 :12:30,27/01/2026 :11:00,27/01/2026 :11:00,28/01/2026 :11:00,,"Designation: DGM PATRATU VIDYUT UTPADAN NIGAM LIMITED,
P.O - PTPS, Dist Ramgarh,
Jharkhand - 829119 Phone: Fax: E-mail:  shalinibeck@ntpc.co.in",https://ntpctender.ntpc.co.in/NITDetails/NITs/29327
29328,GEM/2025/B/7048730,HIRING OF 15 TON HYDRAULIC CRANE FOR STORES & STEEL HANDLING FOR STOCK VERIFICATION AT NTECL,NTECL: NTPC TamilNadu Energy Company Ltd.,Tamilnadu,JVs & Subsidaries,Work Contract,50000.00,,,05/01/2026,05/01/2026 :10:00,20/01/2026 :18:00,20/01/2026 :18:00,20/01/2026 :18:30,,"Designation: DGM NTECL (NTPC Tamilnadu Energy Co. Ltd.) Vallur TPP, Chennai-600 103 Phone: Fax: E-mail:  mohan02@ntpc.co.in",https://ntpctender.ntpc.co.in/NITDetails/NITs/29328
29329,Enlistment/MEG/CEG/06/01/2026,The Enlistment Applications for Contracts and Materials Groups (MEG & CEG) 06.01.2026,Vendor Development Cell (Raipur CG),Chhattisgarh,Western Region-II,Vendor Enlistment,,,,06/01/2026,06/01/2026 :10:00,31/01/2026 :23:55,31/01/2026 :23:55,,,Designation: DGM VEC NTPC Limited VEC Raipur Chhattisgarh-492018 Phone: Fax: E-mail:  kkanand@ntpc.co.in,https://ntpctender.ntpc.co.in/NITDetails/NITs/29329
29330,GEM/2025/B/7001572,TELE-OPD AND TELE-EMEGENCY HEALTH SERVICES AT NTPC DARLIPALI,Western Region Head Quarter-II,Chhattisgarh,Western Region-II,Services,100000.00,,,17/12/2025,17/12/2025 :10:00,14/01/2026 :10:00,14/01/2026 :10:00,14/01/2026 :10:30,,"Designation: Sr. Manager NTPC Limited, Western Region-II Head Quarter,
Plot No. 87, Sector-24, Atal Nagar,
Nava Raipur, Raipur, Chhattisgarh-492101 Phone: Fax: E-mail:  ssundarnayak@ntpc.co.in",https://ntpctender.ntpc.co.in/NITDetails/NITs/29330
29331,0230/SSC/CS/OT/48/2025-26/2800010244,"CONSTRUCTION OF ROADS (IN FRONT OF TRANSFORMER YARD, BETWEEN BOILER & TG, IN FRONT OF CHIMNEY) ON COST RECOVERY BASIS FOR MAIN PLANT AREA OF PP-III, NSPCL DURGAPUR",NTPC-SAIL Power Company Limited (NSPCL) - Bhilai,Chhattisgarh,JVs & Subsidaries,Work Contract,200000.00,,,05/01/2026,05/01/2026 :10:00,09/02/2026 :15:00,09/02/2026 :15:00,09/02/2026 :15:30,,"Designation: DGM NTPC–SAIL POWER COMPANY LIMITED,
Post Office BHILAI (East), Dist. Durg, CHHATTISGARH-490 021 Phone: Fax: E-mail:  ajay.kumar@nspcl.co.in",https://ntpctender.ntpc.co.in/NITDetails/NITs/29331
29332,GEM/2026/B/7081297,Centralized Procurement of Oil Filtration Machines for NTPC Stations,Western Region Head Quarter-II,Chhattisgarh,Western Region-II,Work Contract,,,,07/01/2026,07/01/2026 :10:00,28/01/2026 :15:00,28/01/2026 :15:00,28/01/2026 :15:30,,"Designation: DGM NTPC Limited, Western Region-II Office,
Plot No. 87, Sector-24,
Nava Raipur, Chhattisgarh-492018 Phone: Fax: E-mail:  ssenthilkumar@ntpc.co.in",https://ntpctender.ntpc.co.in/NITDetails/NITs/29332
29333,0230/SSC/CS/OT/25229/2025-26/2800010242,CONSTRUCTION OF O&M BUILDING AT NSPCL DURGAPUR PP-III,NTPC-SAIL Power Company Limited (NSPCL) - Bhilai,Chhattisgarh,JVs & Subsidaries,Work Contract,200000.00,,,05/01/2026,05/01/2026 :10:00,11/02/2026 :15:00,11/02/2026 :15:00,11/02/2026 :15:30,,Designation: DGM NTPC–SAIL POWER COMPANY LIMITED PO Bhilai East Distt. Durg Chhattisgarh-490021 Phone: Fax: E-mail:  ajay.kumar@nspcl.co.in,https://ntpctender.ntpc.co.in/NITDetails/NITs/29333
29334,NTPC/MBRAPP/EOI/01,"Expression of Interest for Hiring of Bachelor Accommodation on Choice – cum – Selection
basis for NTPC LTD- MBRAPP at Banswara-on Lease basis for 4+1 Years",ASHVINI (AnuShatki Vidhyut Nigam) Ltd.,Rajasthan,JVs & Subsidaries,Miscellaneous (Others),,,,08/01/2026,08/01/2026 :10:00,31/01/2026 :17:00,31/01/2026 :17:00,,,"Designation: Sr. Manager MBRAPP/ASHVINI, NAPLA, TEHSIL CHHOTI SARWAN DISTT. BANSWARA, RAJASTHAN - 327001 Phone: Fax: E-mail:  chandrashekharsoni@ntpc.co.in",https://ntpctender.ntpc.co.in/NITDetails/NITs/29334
29335,GEM/2026/B/7082529,Biennial Contract for Operation and Maintenance for FGD System at NTPC Simhadri,Western Region Head Quarter-II,Chhattisgarh,Western Region-II,Work Contract,2000000.00,,,08/01/2026,08/01/2026 :10:00,28/01/2026 :14:00,28/01/2026 :14:00,28/01/2026 :14:30,,"Designation: DGM NTPC Limited, Western Region-II Head Quarter,
Plot No. 87, Sector-24, Atal Nagar,
Nava Raipur, Raipur, Chhattisgarh-492101 Phone: Fax: E-mail:  srikark@ntpc.co.in",https://ntpctender.ntpc.co.in/NITDetails/NITs/29335
29336,NTPC/SSC/9900315803,"Construction CISF Armoury and CISF Barrack at NTPC Rammam Township, West Bengal.",Corporate Contracts,Uttar Pradesh,Corporate Center,Work Contract,2000000.00,,,08/01/2026,08/01/2026 :16:00,23/02/2026 :12:00,23/02/2026 :12:00,24/02/2026 :16:00,,Designation: DGM NTPC Ltd. Engineering Office Complex Plot No. A-8A Sector-24 NOIDA-201301 UP India Phone: Fax: E-mail:  mayankchaube@ntpc.co.in,https://ntpctender.ntpc.co.in/NITDetails/NITs/29336
29337,EOI/STN-ENGG/2025-26/001,Expression of Interest for Deployment of On-Premise 5G Non-Public Captive Network (CNPN) and its Application,Western Region Head Quarter-II,Chhattisgarh,Western Region-II,Miscellaneous (Others),,,,10/01/2026,10/01/2026 :10:00,27/01/2026 :23:55,27/01/2026 :23:55,,,"Designation: AGM NTPC Limited WR-II HQ Plot No. 87 Sector 24 Atal Nagar Nava Raipur Raipur Chhattisgarh-492018 Phone: Fax: E-mail:  akhileshpoddar@ntpc.co.in, avinashanand@ntpc.co.in",https://ntpctender.ntpc.co.in/NITDetails/NITs/29337
29338,GEM/2025/B/6964051,Support Services for Office of Vanki Wind Energy Project for 12 Months with a Provision of Extension for Another 3 Months.,Renewable Energy,Uttar Pradesh,Renewable Energy,Services,,,,08/01/2026,08/01/2026 :10:00,19/01/2026 :15:00,19/01/2026 :15:00,19/01/2026 :15:30,,"Designation: DGM NTPC Renewable Energy Limited
4th Floor, NETRA Building
E-3, Ecotech-II, Udyog Vihar, Greater Noida
Gautam Buddha Nagar, Uttar Pradesh, India–201306 Phone: Fax: E-mail:  ajaipandey@ntpc.co.in",https://ntpctender.ntpc.co.in/NITDetails/NITs/29338
29339,NTPC/EOC/9900316781,Procurement of Spares and Consumables for Direct Mercury Analyser (DMA) at NETRA.,Corporate Contracts,Uttar Pradesh,Corporate Center,Work Contract,,,,08/01/2026,08/01/2026 :15:00,13/01/2026 :15:00,13/01/2026 :15:00,13/01/2026 :15:30,,"Designation: Sr. Manager NTPC Ltd., Engineering Office Complex,
Plot No. A-8A, Sector-24, NOIDA-201301, UP, India Phone: Fax: E-mail:  parixitrariya@ntpc.co.in",https://ntpctender.ntpc.co.in/NITDetails/NITs/29339
29340,GEM/2026/B/7086413,"Supply, Erection and Commissioning of Latest Version VFD drives for Pipe Conveyor at NTECL Vallur, NTECL Vallur",NTECL: NTPC TamilNadu Energy Company Ltd.,Tamilnadu,JVs & Subsidaries,Services,1000000.00,,,08/01/2026,09/01/2026 :10:00,29/01/2026 :16:00,29/01/2026 :16:00,29/01/2026 :16:30,,"Designation: DGM NTECL,
Vallur Thermal Power Project,
Kuruvimedu Village, PonneriTaluk,
VellivayalChavadi Post,
Thiruvallur District, Chennai - 600103 Phone: Fax: E-mail:  jaideep@ntpc.co.in",https://ntpctender.ntpc.co.in/NITDetails/NITs/29340
29341,GEM/2026/B/7084072,Procurement of Server,Western Region Head Quarter-II,Chhattisgarh,Western Region-II,Work Contract,,,,09/01/2026,09/01/2026 :10:00,23/01/2026 :10:00,23/01/2026 :10:00,23/01/2026 :10:30,,"Designation: Sr. Manager NTPC Limited, Western Region-II Office,
Plot No. 87, Sector-24,
Nava Raipur, Chhattisgarh-492018 Phone: Fax: E-mail:  vikashkumar11@ntpc.co.in",https://ntpctender.ntpc.co.in/NITDetails/NITs/29341
29342,GEM/2026/B/7063449,Topographical Survey for the Proposed MSW to Torrefied Charcoal Plant Facility at Manesar Gurugram Site,NVVNL - NTPC Vidyut Vyapar Nigam Ltd.,Uttar Pradesh,JVs & Subsidaries,Services,,,,09/01/2026,09/01/2026 :10:00,24/01/2026 :15:00,24/01/2026 :15:00,24/01/2026 :15:30,,Designation: Sr. Manager NTPC VIDYUT VYAPAR NIGAM LIMITED Engineering Office Complex Plot No. A-8A Sector 24 Block A Noida Uttar Pradesh-201301 Phone: Fax: E-mail:  arunkumar01@ntpc.co.in,https://ntpctender.ntpc.co.in/NITDetails/NITs/29342
29343,GEM/2026/B/7079847,Social Impact Evaluation Study and Community Perception Survey in nearby Villages at NTPC Mouda,Western Region Head Quarter-II,Chhattisgarh,Western Region-II,Services,,,,08/01/2026,08/01/2026 :10:00,30/01/2026 :12:00,30/01/2026 :12:00,30/01/2026 :12:30,,"Designation: DGM NTPC Limited, Western Region-II Head Quarter,
Plot No. 87, Sector-24, Atal Nagar,
Nava Raipur, Raipur, Chhattisgarh-492101 Phone: Fax: E-mail:  anandshanker@ntpc.co.in",https://ntpctender.ntpc.co.in/NITDetails/NITs/29343
29344,NTPC/USSC-CPGl/9900316874,"Replacement of All 9 Nos. of DG Sets of Main Plant Area of TSTPS, Kaniha",Western Region Head Quarter-II,Chhattisgarh,Western Region-II,Work Contract,5000000.00,,,08/01/2026,08/01/2026 :16:30,28/01/2026 :16:30,28/01/2026 :16:30,30/01/2026 :16:30,,"Designation: DGM NTPC Limited, Western Region-II Office,
Plot No. 87, Sector-24,
Nava Raipur, Chhattisgarh-492018 Phone: Fax: E-mail:  anandshanker@ntpc.co.in",https://ntpctender.ntpc.co.in/NITDetails/NITs/29344
29345,NTPC/USSC-CPG1/9900317106,"Design, Supply, Dismantling, Erection & Commissioning of 33kV Stage-2
Switchgear Section-2 at NTPC Farakka",Western Region Head Quarter-II,Chhattisgarh,Western Region-II,Work Contract,200000.00,,,09/01/2026,09/01/2026 :17:00,23/01/2026 :15:00,23/01/2026 :15:00,27/01/2026 :15:00,,"Designation: DGM NTPC Limited, Central Procurement Group-I,
NTPC WR-II office, Sector-24,
Nava Raipur, Chhattisgarh - 492018 Phone: Fax: E-mail:  cpsingh@ntpc.co.in",https://ntpctender.ntpc.co.in/NITDetails/NITs/29345
29346,NVVN/C&M/RE-431/2025-26,"DEVELOPMENT OF 7,000 KW ROOFTOP SOLAR POWER PROJECT FOR NALCO AT ANGUL & DAMANJODI.",NVVNL - NTPC Vidyut Vyapar Nigam Ltd.,Uttar Pradesh,JVs & Subsidaries,Work Contract,5000000.00,,,09/01/2026,09/01/2026 :11:00,02/02/2026 :17:00,02/02/2026 :17:00,03/02/2026 :15:00,,"Designation: Sr. Manager NVVNL, Engineering Office Complex,
Plot No. A-8A Sector 24, Block A, Noida, Uttar Pradesh 201301 Phone: Fax: E-mail:  nvvncontracts@ntpc.co.in",https://ntpctender.ntpc.co.in/NITDetails/NITs/29346
29347,EOI/AM-NKSTPP/DFA/2025,"EOI Issue of Pond Ash on Free of Cost, First come First Served Basis with
Transportation by Bidder, from NTPC North Karanpura.",North Karanpura Thermal Power,Jharkhand,Eastern Region-I,Miscellaneous (Others),,,,09/01/2026,09/01/2026 :10:00,30/01/2026 :23:55,30/01/2026 :23:55,,,"Designation: Ash Utilization Department NTPC NORTH KARANPURA SUPER
THERMAL POWER PROJECT,
Address-Tandwa, Dist. Chatra, Jharkhand Phone: Fax: E-mail:  ashutilizationnkstpp@ntpc.co.in",https://ntpctender.ntpc.co.in/NITDetails/NITs/29347
29348,GEM/2026/B/7092339,Providing Vocational Training to the Women of Project Affected Villages of NTPC Lara to Provide them Livelihood Opportunity,Western Region Head Quarter-II,Chhattisgarh,Western Region-II,Services,,,,10/01/2026,10/01/2026 :10:00,20/01/2026 :16:00,20/01/2026 :16:00,20/01/2026 :16:30,,"Designation: DGM NTPC Limited, Western Region-II Head Quarter,
Plot No. 87, Sector-24, Atal Nagar,
Nava Raipur, Raipur, Chhattisgarh-492101 Phone: Fax: E-mail:  anandshanker@ntpc.co.in",https://ntpctender.ntpc.co.in/NITDetails/NITs/29348
29349,GEM/2026/B/7071119,Procurement of Fastener Remover Tool Kit with Self-Locking Device for NTPC - Darlipalli.,Western Region Head Quarter-II,Chhattisgarh,Western Region-II,Work Contract,,,,12/01/2026,12/01/2026 :10:00,27/01/2026 :11:00,27/01/2026 :11:00,27/01/2026 :11:30,,"Designation: Sr. Manager NTPC Limited, Western Region-II Office,
Plot No. 87, Sector-24,
Nava Raipur, Chhattisgarh-492018 Phone: Fax: E-mail:  vikashkumar11@ntpc.co.in",https://ntpctender.ntpc.co.in/NITDetails/NITs/29349
29350,NVVN/C&M/2025-26/RE-487,"Restoration and Commissioning of the Existing 0.5 MW Ground Mounted Solar PV Plant at IIM Udaipur and its Operation, Maintenance and Upkeep for One Year",NVVNL - NTPC Vidyut Vyapar Nigam Ltd.,Uttar Pradesh,JVs & Subsidaries,Work Contract,50000.00,,,12/01/2026,12/01/2026 :17:00,27/01/2026 :17:00,27/01/2026 :17:00,28/01/2026 :15:00,,"Designation: Sr. Manager NVVNL, EOC, Plot No. A-8A Sector 24,
Block A, Noida, Uttar Pradesh 201301 Phone: Fax: E-mail:  arunkumar01@ntpc.co.in",https://ntpctender.ntpc.co.in/NITDetails/NITs/29350
29351,GEM/2026/B/7074544,Bulk Procurement of SS Shot Peened Boiler Straight Tubes for NTPC Stations,Western Region Head Quarter-II,Chhattisgarh,Western Region-II,Work Contract,,,,13/01/2026,13/01/2026 :10:00,03/02/2026 :15:00,03/02/2026 :15:00,03/02/2026 :15:30,,"Designation: DGM NTPC Limited, Western Region-II Office,
Plot No. 87, Sector-24,
Nava Raipur, Chhattisgarh-492018 Phone: Fax: E-mail:  sushilmeena@ntpc.co.in",https://ntpctender.ntpc.co.in/NITDetails/NITs/29351
29352,GEM/2026/B/7075834,ENGAGING CONSULTANT FOR DETAILED PROJECT REPORT OF DESALINATION PLANT FOR NGEL GREEN HYDROGEN HUB AT PUDIMADAKA,NTPC Green Energy Ltd. (NGEL),Uttar Pradesh,Corporate Center,Services,500000.00,,,15/01/2026,15/01/2026 :10:00,29/01/2026 :14:00,29/01/2026 :14:00,29/01/2026 :14:30,,"Designation: DGM NTPC GREEN ENERGY LIMITED,
4th Floor, E-3, Main Market Rd,
Ecotech-II, Udyog Vihar, Greater Noida, UP-201306 Phone: Fax: E-mail:  pksinghal@ntpc.co.in",https://ntpctender.ntpc.co.in/NITDetails/NITs/29352
29353,GEM/2025/B/6982323,Procurement of Oil Filtration Machines for PVUNL,Patratu Vidyut Utpadan Nigam Limited (Subsidiary),Jharkhand,JVs & Subsidaries,Work Contract,,,,15/01/2026,15/01/2026 :10:00,06/02/2026 :15:00,06/02/2026 :15:00,06/02/2026 :15:30,,"Designation: Sr. Manager Patratu Vidyut Utpadan Nigam Ltd.,
A Subsidiary of NTPC in JV with JBVNL,
P.O. PTPS-Patratu Dist. Ramgarh, Jharkhand-829119 Phone: Fax: E-mail:  manjulabhagat@ntpc.co.in",https://ntpctender.ntpc.co.in/NITDetails/NITs/29353
29354,GEM/2026/B/7075986,Procurement of Solar PV Module Panels of 340Wp Power Ratings for NGEL Stations,NTPC Green Energy Ltd. (NGEL),Uttar Pradesh,Corporate Center,Work Contract,500000.00,,,15/01/2026,15/01/2026 :10:00,27/01/2026 :14:00,27/01/2026 :14:00,27/01/2026 :14:30,,"Designation: Sr. Manager NTPC GREEN ENERGY LIMITED, 
Ecotech-II, Udyog Vihar, Greater Noida, UP-201306 Phone: Fax: E-mail:  chandraprakash01@ntpc.co.in",https://ntpctender.ntpc.co.in/NITDetails/NITs/29354
29355,GEM/2025/B/7018420,Job Contract for Development and Maintenance of Power BI based Dashboards.,Corporate Contracts,Uttar Pradesh,Corporate Center,Services,50000.00,,,15/01/2026,15/01/2026 :10:00,05/02/2026 :15:00,05/02/2026 :15:00,05/02/2026 :15:30,,"Designation: Sr. Manager NTPC Ltd., Engineering Office Complex,
Plot No. A-8A, Sector-24, NOIDA-201301, UP, India Phone: Fax: E-mail:  satishksharma@ntpc.co.in",https://ntpctender.ntpc.co.in/NITDetails/NITs/29355
29356,NTPC/USSC-CPG1/9900316830,Supply and Installation of GRP Panels at NTPC Kawas.,Western Region Head Quarter-II,Chhattisgarh,Western Region-II,Work Contract,,,,16/01/2026,16/01/2026 :09:00,09/02/2026 :15:00,09/02/2026 :15:00,11/02/2026 :15:00,,"Designation: DGM NTPC Limited, USSC, CPG-1,
Western Region-II Head Quarter,
Plot No. 87, Sector-24, Atal Nagar,
Nava Raipur, Raipur, Chhattisgarh-492101 Phone: Fax: E-mail:  ajaykumarshivhare@ntpc.co.in",https://ntpctender.ntpc.co.in/NITDetails/NITs/29356
29357,NTPC/USSC-CPG1/9900316966,SITC of CCTV and Wi-Fi System at Ash Dykes of NTPC Rihand.,Western Region Head Quarter-II,Chhattisgarh,Western Region-II,Work Contract,,,,16/01/2026,16/01/2026 :09:00,09/02/2026 :15:00,09/02/2026 :15:00,11/02/2026 :15:00,,"Designation: DGM NTPC Limited, USSC, CPG-1,
Western Region-II Head Quarter,
Plot No. 87, Sector-24, Atal Nagar,
Nava Raipur, Raipur, Chhattisgarh-492101 Phone: Fax: E-mail:  ajaykumarshivhare@ntpc.co.in",https://ntpctender.ntpc.co.in/NITDetails/NITs/29357
29358,GEM/2025/B/6987441,Proposal for Hiring of Cloud Services for NTPC for Five Years,Corporate Contracts,Uttar Pradesh,Corporate Center,Services,5000000.00,,,16/01/2026,16/01/2026 :10:00,23/04/2026 :15:00,23/04/2026 :15:00,23/04/2026 :15:30,,Designation: Sr. Manager NTPC Ltd. Engineering Office Complex Plot No. A-8A Sector-24 NOIDA-201301 UP India Phone: Fax: E-mail:  satishksharma@ntpc.co.in,https://ntpctender.ntpc.co.in/NITDetails/NITs/29358
29359,NTPC/USSC-CPG1/9900317178,"Procurement of Industrial Grade, Smps Based Technology, Float Cum Boost Charger for NTPC Vstpp Unit-11&12",Western Region Head Quarter-II,Chhattisgarh,Western Region-II,Work Contract,200000.00,,,19/01/2026,19/01/2026 :14:00,10/02/2026 :15:00,10/02/2026 :15:00,12/02/2026 :15:00,,"Designation: DGM NTPC Limited, Central Procurement Group-I,
NTPC WR-II office, Sector-24,
Nava Raipur, Chattisgarh - 492018 Phone: Fax: E-mail:  harshmamodia@ntpc.co.in",https://ntpctender.ntpc.co.in/NITDetails/NITs/29359
29360,NTPC/USSC-CPGl/9900317653,"Supply, Erection and Commissioning of 40MVA Transformer for Talcher",Western Region Head Quarter-II,Chhattisgarh,Western Region-II,Work Contract,,,,19/01/2026,19/01/2026 :16:30,09/02/2026 :16:30,09/02/2026 :16:30,11/02/2026 :16:30,,"Designation: DGM NTPC Limited, Western Region-II Office,
Plot No. 87, Sector-24,
Nava Raipur, Chhattisgarh-492018 Phone: Fax: E-mail:  anandshanker@ntpc.co.in",https://ntpctender.ntpc.co.in/NITDetails/NITs/29360
29361,9900317477,"CONSTRUCTION OF ASH SLURRY PEDESTALS TO ASH DYKE INCLUDING GARLANDING
FOR STAGE-III NTPC SIPAT SIPAT SUPER THERMAL POWER PROJECT",Corporate Contracts,Uttar Pradesh,Corporate Center,Services,2000000.00,,,19/01/2026,19/01/2026 :10:00,09/02/2026 :15:00,09/02/2026 :15:00,11/02/2026 :15:00,,"Designation: Sr. Manager NTPC Limited, 6th Floor, EOC,
A-8A, Sector-24, NOIDA,
Distt. Gautam Budh Nagar, (UP), INDIA - 201 301 Phone: Fax: E-mail:  shiprakumari@ntpc.co.in",https://ntpctender.ntpc.co.in/NITDetails/NITs/29361
29362,GEM/2026/B/7126461,Supply & Installation of Wireless (Wi-Fi) Infrastructure and Management System at EOC Complex,Corporate Contracts,Uttar Pradesh,Corporate Center,Services,1000000.00,,,20/01/2026,20/01/2026 :10:00,17/03/2026 :18:00,17/03/2026 :18:00,17/03/2026 :18:30,,Designation: Manager NTPC Ltd. Engineering Office Complex Plot No. A-8A Sector-24 NOIDA-201301 UP India Phone: Fax: E-mail:  shilpakareddy@ntpc.co.in,https://ntpctender.ntpc.co.in/NITDetails/NITs/29362
29363,9900317404,Construction of Road Drain & Culvert at TTPS,Corporate Contracts,Uttar Pradesh,Corporate Center,Work Contract,1000000.00,,,20/01/2026,20/01/2026 :10:00,10/02/2026 :15:00,10/02/2026 :15:00,12/02/2026 :15:00,,Designation: Sr. Manager NTPC Ltd. Engineering Office Complex Plot No. A-8A Sector-24 NOIDA-201301 UP India Phone: Fax: E-mail:  shiprakumari@ntpc.co.in,https://ntpctender.ntpc.co.in/NITDetails/NITs/29363
29364,CMHQ-25-26-Coalsale-535643,Notice for SPOT e-Auction for Commercial Sale of 1.44 LMT Excess Coal from NTPC Talaipalli Coal Mine Project,Coal Mining HQ-Ranchi,Jharkhand,Coal Mining Region,Miscellaneous (Others),,,,20/01/2026,20/01/2026 :10:00,04/02/2026 :15:00,,,,"Designation: Sr. Manager Coal Mining HQ, NTPC Limited, Ranchi - 834002 Phone: Fax: E-mail:  skvashisth@ntpc.co.in",https://ntpctender.ntpc.co.in/NITDetails/NITs/29364
29366,NTPC/PE/ET&PR/EOI-06/2025-26,EOI for setting up A Pilot/Utility Scale Project for Compressed Air based including Liquefied Air based Long Duration Energy Storage System (LDES).,"NTPC EOC, Secunderabad",Andhra Pradesh,Southern Region,Miscellaneous (Others),,,,21/01/2026,21/01/2026 :10:00,09/03/2026 :17:30,09/03/2026 :17:30,10/03/2026 :11:00,,Designation: Sr. Manager NTPC Intelligent Office Building Kavadiguda Road Musheerabad Bansilalpet Hyderabad Secunderabad Telangana 500020 Phone: Fax: E-mail:  sankardask@ntpc.co.in,https://ntpctender.ntpc.co.in/NITDetails/NITs/29366
29367,GEM/2026/B/7135174,Refresh of IT Security Set Up,Corporate Contracts,Uttar Pradesh,Corporate Center,Services,,,,22/01/2026,22/01/2026 :10:00,09/04/2026 :15:00,09/04/2026 :15:00,09/04/2026 :15:30,,Designation: Sr. Manager NTPC Ltd. Engineering Office Complex Plot No. A-8A Sector-24 NOIDA-201301 UP India Phone: Fax: E-mail:  satishksharma@ntpc.co.in,https://ntpctender.ntpc.co.in/NITDetails/NITs/29367
29368,NTPC/USSC-CPGl/9900318017,"Design, Supply, Installation, Testing and Commissioning of Smart Audio /Video System with Curtains and Stage Lighting Setup for Tarang Auditorium at NTPC Rihand",Western Region Head Quarter-II,Chhattisgarh,Western Region-II,Work Contract,500000.00,,,22/01/2026,22/01/2026 :18:00,14/02/2026 :18:55,14/02/2026 :18:55,17/02/2026 :16:30,,"Designation: DGM NTPC Limited, Western Region-II Office,
Plot No. 87, Sector-24,
Nava Raipur, Chhattisgarh-492018 Phone: Fax: E-mail:  anandshanker@ntpc.co.in",https://ntpctender.ntpc.co.in/NITDetails/NITs/29368
29369,NTPC/USSC-VDC/990031450,Rate Contract for PAN NTPC Transportation for Year 2026-2028,Vendor Development Cell (Raipur CG),Chhattisgarh,Western Region-II,Services,2000000.00,,,23/01/2026,23/01/2026 :16:00,16/02/2026 :15:00,16/02/2026 :15:00,17/02/2026 :15:30,,Designation: DGM NTPC Limited USSC CPG-1 Western Region-II Head Quarter Plot No. 87 Sector-24 Atal Nagar Nava Raipur Raipur Chhattisgarh-492101 Phone: Fax: E-mail:  bharatprasad@ntpc.co.in,https://ntpctender.ntpc.co.in/NITDetails/NITs/29369
29370,NTPC/USSC-CPG1/9900317722,Efficiency Testing Pre and Post Overhaul of ER1 and ER2 Region NTPC,Western Region Head Quarter-II,Chhattisgarh,Western Region-II,Services,1000000.00,,,23/01/2026,23/01/2026 :15:00,10/02/2026 :16:00,10/02/2026 :16:00,12/02/2026 :16:00,,"Designation: Sr. Manager NTPC Limited, Western Region-II Office,
Plot No. 87, Sector-24,
Nava Raipur, Chhattisgarh-492018 Phone: Fax: E-mail:  madhuripatel@ntpc.co.in",https://ntpctender.ntpc.co.in/NITDetails/NITs/29370
29371,GEM/2026/B/7127589,Procurement of fire Extinguishers for CISF Vallur,NTECL: NTPC TamilNadu Energy Company Ltd.,Tamilnadu,JVs & Subsidaries,Work Contract,,,,23/01/2026,23/01/2026 :10:00,13/02/2026 :16:00,13/02/2026 :16:00,13/02/2026 :16:30,,"Designation: DGM NTECL, Vallur Thermal Power Project, Kuruvimedu Village, Ponneri Taluk, Vellivayal Chavadi Post, Thiruvallur Dist. Chennai-600103 Phone: Fax: E-mail:  lokanathams@ntpc.co.in",https://ntpctender.ntpc.co.in/NITDetails/NITs/29371
29372,GEM/2025/B/6971191,Procurement of LT Motors for AHP-PVUNL.,Patratu Vidyut Utpadan Nigam Limited (Subsidiary),Jharkhand,JVs & Subsidaries,Work Contract,,,,24/01/2026,24/01/2026 :10:00,04/02/2026 :15:00,04/02/2026 :15:00,04/02/2026 :15:30,,"Designation: Sr. Manager Patratu Vidyut Utpadan Nigam Ltd.,
A Subsidiary of NTPC in JV with JBVNL,
P.O. PTPS-Patratu Dist. Ramgarh, Jharkhand-829119 Phone: Fax: E-mail:  manjulabhagat@ntpc.co.in",https://ntpctender.ntpc.co.in/NITDetails/NITs/29372
29373,VSTPS/GREEN/CHEMICAL/2026/1,"Purchase of Green Methanol Synthesized in CO2 to Methanol (CTM)
Plant using Captured Carbon Dioxide from Thermal Plant Flue Gas at
NTPC Vindhyachal Super Thermal Power Station, M.P.",Vindhyachal Super Thermal Power,Madhya Pradesh,Northern Region,Miscellaneous (Others),,,,25/01/2026,25/01/2026 :09:00,25/02/2026 :18:00,25/02/2026 :18:00,26/02/2026 :12:00,,"Designation: AGM (Green Chemical) Green Chemical Deptt.
NTPC Vindhyachal
P.O. Vindhyanagar, Dist. Singrauli,
MP – 486885 Phone: Fax: E-mail:  RANJANKUMAR02@NTPC.CO.IN",https://ntpctender.ntpc.co.in/NITDetails/NITs/29373
29374,GEM/2026/B/7084408,"Repair, Maintenance, and Installation of Plant/
Systems/Equipments (Version 2) - CRN Rate Contract for
Painting of Boiler Structure and Supports of U1 As per
Documents As per Documents",IGSTPP: Aravali Power Copany Private Limited-Jhajjar (JV),Haryana,JVs & Subsidaries,Work Contract,100000.00,,,24/01/2026,24/01/2026 :10:00,14/02/2026 :11:00,14/02/2026 :11:00,14/02/2026 :11:30,,"Designation: Manager APCPL,
(A Joint Venture of NTPC, HPGCL and IPGCL)
Indira Gandhi Super Thermal Power Project
P.O. Jharli, Dist. JHAJJAR (Haryana) - 124141, INDIA Phone: Fax: E-mail:  hemameena@ntpc.co.in",https://ntpctender.ntpc.co.in/NITDetails/NITs/29374
29375,GEM/2026/B/7117239,Preparatory Geotechnical Investigations Works at Deogarh in Odisha,Corporate Contracts,Uttar Pradesh,Corporate Center,Miscellaneous (Others),200000.00,,,21/01/2026,21/01/2026 :10:00,11/02/2026 :15:00,11/02/2026 :15:00,11/02/2026 :15:30,,"Designation: Sr. Manager NTPC Ltd., Engineering Office Complex,
Plot No. A-8A, Sector-24, NOIDA-201301, UP, India Phone: Fax: E-mail:  satishksharma@ntpc.co.in",https://ntpctender.ntpc.co.in/NITDetails/NITs/29375
29376,CS-9551-132-9,MAKE UP WATER SYSTEM AND ASH DISPOSAL CUM AWRS PACKAGE FOR DARLIPALI SUPER THERMAL POWER PROJECT STAGE-II (1X800 MW).,Corporate Contracts,Uttar Pradesh,Corporate Center,Work Contract,50000000.00,,,24/01/2026,24/01/2026 :10:00,24/02/2026 :13:00,24/02/2026 :13:00,25/02/2026 :15:30,,"Designation: DGM NTPC Limited,
6th Floor, Engineering Office Complex,
A-8A, Sector-24, NOIDA,
Dist. Gautam Budh Nagar, (UP), INDIA - 201301 Phone: Fax: E-mail:  satrajitkumar@ntpc.co.in",https://ntpctender.ntpc.co.in/NITDetails/NITs/29376
29377,PVUNL/Patratu/9900317935,"Deployment of Mobile Medical Unit(MMU)/ Mobile Health Clinic(MHC) for 3 Years under Community Development activities in project affected area of Banhardih Coal Mining Project, PVUNL",Patratu Vidyut Utpadan Nigam Limited (Subsidiary),Jharkhand,JVs & Subsidaries,Services,200000.00,,,24/01/2026,24/01/2026 :18:45,14/02/2026 :16:00,14/02/2026 :16:00,16/02/2026 :16:00,,"Designation: DGM PATRATU VIDYUT UTPADAN NIGAM LIMITED, P.O - PTPS, Dist. Ramgarh, Jharkhand - 829119 Phone: Fax: E-mail:  kspratap@ntpc.co.in",https://ntpctender.ntpc.co.in/NITDetails/NITs/29377
29378,GEM/2026/B/7062533,"Supply, Installation, Commissioning and CAMC for OCEMS at CMB Outlet.",NTECL: NTPC TamilNadu Energy Company Ltd.,Tamilnadu,JVs & Subsidaries,Services,50000.00,,,24/01/2026,24/01/2026 :10:00,28/01/2026 :19:00,28/01/2026 :19:00,28/01/2026 :19:30,,"Designation: DGM NTECL, Vallur Thermal Power Project,
Site Office Vellivoyal Chavadi Post,
Ponneri Taluk, Thiruvallur Dist, Chennai-600103, Tamilnadu Phone: Fax: E-mail:  nithyav@ntpc.co.in",https://ntpctender.ntpc.co.in/NITDetails/NITs/29378
29379,GEM/2026/B/7101599,Biennial Rate Contract for Repair and Rewinding of HT Motors for NTECL Vallur.,NTECL: NTPC TamilNadu Energy Company Ltd.,Tamilnadu,JVs & Subsidaries,Work Contract,200000.00,,,24/01/2026,24/01/2026 :10:00,14/02/2026 :17:00,14/02/2026 :17:00,14/02/2026 :17:30,,"Designation: DGM NTECL, Vallur Thermal Power Project,
Site Office Vellivoyal Chavadi Post,
Ponneri Taluk, Thiruvallur Dist, Chennai-600103, Tamilnadu Phone: Fax: E-mail:  nithyav@ntpc.co.in",https://ntpctender.ntpc.co.in/NITDetails/NITs/29379
29380,NTPC/Consultancy/9900317451,Appointment of A Consultant for Providing Functional Support to Maintain SAP ERP of NTPC JVs,Consultancy (Noida),Uttar Pradesh,Corporate Center,Services,2000000.00,,,21/01/2026,21/01/2026 :15:00,11/02/2026 :15:00,11/02/2026 :15:00,13/02/2026 :15:30,,"Designation: Sr. Manager Consultancy Wing, NTPC Ltd, Room No. 205, EOC Annexe Building, A-8A, Sector-24, Noida, Gautam Budh Nagar-201301 (UP) Phone: Fax: E-mail:  akpurty@ntpc.co.in",https://ntpctender.ntpc.co.in/NITDetails/NITs/29380
29381,GEM/2026/B/7146386,Procurement and Installation Outdoor Play items for the Schools at Farakka under MBOA 2025-26,Western Region Head Quarter-II,Chhattisgarh,Western Region-II,Work Contract,,,,28/01/2026,28/01/2026 :10:00,12/02/2026 :15:00,12/02/2026 :15:00,12/02/2026 :15:30,,"Designation: DGM NTPC Limited, Western Region-II Office,
Plot No. 87, Sector-24,
Nava Raipur, Chhattisgarh Phone: Fax: E-mail:  sushilmeena@ntpc.co.in",https://ntpctender.ntpc.co.in/NITDetails/NITs/29381
29382,GEM/2026/B/7151990,PROCUREMENT OF 300NB SLEEVE COUPLING ASSEMBLY,NTECL: NTPC TamilNadu Energy Company Ltd.,Tamilnadu,JVs & Subsidaries,Work Contract,,,,28/01/2026,28/01/2026 :10:00,18/02/2026 :16:00,18/02/2026 :16:00,18/02/2026 :16:30,,"Designation: DGM NTPC Tamilnadu Energy Co. Ltd (NTECL),
Vallur Thermal Power Station, 
Chennai - 600103 Phone: Fax: E-mail:  lokanathams@ntpc.co.in",https://ntpctender.ntpc.co.in/NITDetails/NITs/29382
29383,NVVN/C&M/2025-26/RE-495,DEVELOPMENT OF 1000 KW GRID CONNECTED GROUND MOUNTED SOLAR POWER PROJECT AT GAIL AJMER,NVVNL - NTPC Vidyut Vyapar Nigam Ltd.,Uttar Pradesh,JVs & Subsidaries,Work Contract,1000000.00,,,29/01/2026,29/01/2026 :13:00,12/02/2026 :17:00,12/02/2026 :17:00,13/02/2026 :15:00,,"Designation: Sr. Manager NVVNL,
Engineering Office Complex,
Plot No. A-8A Sector 24, Block A,
Noida, Uttar Pradesh - 201301 Phone: Fax: E-mail:  arunkumar01@ntpc.co.in",https://ntpctender.ntpc.co.in/NITDetails/NITs/29383
29384,NTPC/USSC-CPG1/9900317969,Supply and installation of 6.6KV Circuit Breaker at NTPC Kawas,Western Region Head Quarter-II,Chhattisgarh,Western Region-II,Work Contract,,,,29/01/2026,29/01/2026 :16:00,16/02/2026 :15:00,16/02/2026 :15:00,18/02/2026 :15:00,,"Designation: DGM NTPC Limited, USSC, CPG-1,
Western Region-II Head Quarter,
Plot No. 87, Sector-24, Atal Nagar,
Nava Raipur, Raipur, Chhattisgarh-492101 Phone: Fax: E-mail:  ajaykumarshivhare@ntpc.co.in",https://ntpctender.ntpc.co.in/NITDetails/NITs/29384
29385,9900318204,Construction of paving work near newly construction material gate and in front of existing plant Main gate at NSTPP,SRHQ Hyderabad,Andhra Pradesh,Southern Region,Work Contract,500000.00,,,29/01/2026,29/01/2026 :10:00,19/02/2026 :15:00,19/02/2026 :15:00,20/02/2026 :15:30,,"Designation: Sr. Manager Project CC&M
5th Floor, NTPC Intelligent Office Building
SRHQ, Kavadiguda Road,
Hyderabad, Telangana 500020 Phone: Fax: E-mail:  vipinsharma01@ntpc.co.in",https://ntpctender.ntpc.co.in/NITDetails/NITs/29385
29386,GEM/2026/B/7135052,"Supply cum Application of LRB Mattress Insulation along with Aluminium Cladding in Boiler APHs, Ducts and ESP Area",NTECL: NTPC TamilNadu Energy Company Ltd.,Tamilnadu,JVs & Subsidaries,Services,500000.00,,,29/01/2026,29/01/2026 :10:00,11/02/2026 :17:00,11/02/2026 :17:00,11/02/2026 :17:30,,"Designation: DGM NTECL,
Vallur Thermal Power Station,
Kuruvimedu Village, Ponneri Taluk,
Vellivoyal Chavadi Post,
Thiruvallur Dist, Chennai - 600103 Phone: Fax: E-mail:  jaideep@ntpc.co.in",https://ntpctender.ntpc.co.in/NITDetails/NITs/29386
29387,GEM/2026/B/7167062,PROCUREMENT OF 300NB SLEEVE COUPLING ASSEMBLY,NTECL: NTPC TamilNadu Energy Company Ltd.,Tamilnadu,JVs & Subsidaries,Work Contract,,,,29/01/2026,29/01/2026 :10:00,19/02/2026 :18:00,19/02/2026 :18:00,19/02/2026 :18:30,,"Designation: DGM NTPC Tamilnadu Energy Co. Ltd (NTECL), Vallur Thermal Power Station, Chennai - 600103 Phone: Fax: E-mail:  lokanathams@ntpc.co.in",https://ntpctender.ntpc.co.in/NITDetails/NITs/29387
29388,IGSTPP/CS/25-26/CRN-4554,Construction of Badminton Hall in APCPL Township at IGSTPP Jharli Jhajjar.,IGSTPP: Aravali Power Copany Private Limited-Jhajjar (JV),Haryana,JVs & Subsidaries,Work Contract,200000.00,,,30/01/2026,24/03/2026 :18:00,13/04/2026 :15:00,13/04/2026 :15:00,14/04/2026 :15:00,,Designation: Sr. Manager APCPL Indira Gandhi Super Thermal Power Project P.O. Jharli Dist. JHAJJAR Haryana - 124141 INDIA Phone: Fax: E-mail:  shuchisharma@ntpc.co.in,https://ntpctender.ntpc.co.in/NITDetails/NITs/29388
29389,GEM/2026/B/7170673,BULK PROCUREMENT OF FORKLIFTS FOR NTPC STATIONS,Western Region Head Quarter-II,Chhattisgarh,Western Region-II,Work Contract,,,,30/01/2026,30/01/2026 :10:00,20/02/2026 :15:00,20/02/2026 :15:00,20/02/2026 :15:30,,"Designation: DGM NTPC Limited, Western Region-II Office,
Plot No. 87, Sector-24,
Nava Raipur, Chhattisgarh-492018 Phone: Fax: E-mail:  ssenthilkumar@ntpc.co.in",https://ntpctender.ntpc.co.in/NITDetails/NITs/29389
29390,GEM/2026/B/7162969,BULK PROCUREMENT OF HYDRA CRANES FOR NTPC,Western Region Head Quarter-II,Chhattisgarh,Western Region-II,Work Contract,,,,31/01/2026,31/01/2026 :10:00,21/02/2026 :15:00,21/02/2026 :15:00,21/02/2026 :15:30,,"Designation: DGM NTPC Limited, Western Region-II Office,
Plot No. 87, Sector-24,
Nava Raipur, Chhattisgarh-492018 Phone: Fax: E-mail:  ssenthilkumar@ntpc.co.in",https://ntpctender.ntpc.co.in/NITDetails/NITs/29390
29391,9900317819,Hiring of Cranes and Man lifter for NTPC Singrauli Stage-III,Corporate Contracts,Uttar Pradesh,Corporate Center,Services,500000.00,,,30/01/2026,30/01/2026 :10:00,27/02/2026 :15:00,27/02/2026 :15:00,27/02/2026 :15:30,,"Designation: DGM NTPC Limited,
6th Floor, EOC,
A-8A, Sector-24, NOIDA,
Dist. Gautam Budh Nagar, (UP), INDIA - 201301 Phone: Fax: E-mail:  kailashkumawat@ntpc.co.in",https://ntpctender.ntpc.co.in/NITDetails/NITs/29391
29392,GEM/2026/B/7146389,Purchase of Pneumatic Impact Wrench for NTPC Kahalgaon,Western Region Head Quarter-II,Chhattisgarh,Western Region-II,Services,,,,30/01/2026,30/01/2026 :10:00,14/02/2026 :10:00,14/02/2026 :10:00,14/02/2026 :10:30,,"Designation: Sr. Manager NTPC Limited, Western Region-II Office,
Plot No. 87, Sector-24,
Nava Raipur, Chhattisgarh Phone: Fax: E-mail:  vikashkumar11@ntpc.co.in",https://ntpctender.ntpc.co.in/NITDetails/NITs/29392
29393,NTPC/EOC/9900317704,Rate Contract for the Procurement of All-In-One (AIO) PCs for Sites/Regions / CC / JVs / Subsidiaries of NTPC.,Corporate Contracts,Uttar Pradesh,Corporate Center,Work Contract,20000000.00,,,03/02/2026,03/02/2026 :11:30,24/02/2026 :15:00,24/02/2026 :15:00,25/02/2026 :15:00,,Designation: Sr. Manager NTPC Ltd. Engineering Office Complex Plot No. A-8A Sector-24 NOIDA-201301 UP India Phone: Fax: E-mail:  deepaverma@ntpc.co.in,https://ntpctender.ntpc.co.in/NITDetails/NITs/29393
29394,16MEG-31/03022026,350 NB ERW Pipes (FE410) for thickness range 6.3 to 10 mm (CAT-1),Vendor Development Cell (Raipur CG),Chhattisgarh,Western Region-II,Vendor Enlistment,,,,03/02/2026,03/02/2026 :10:00,23/02/2026 :23:55,23/02/2026 :23:55,,,"Designation: DGM NTPC Ltd., Western Region-II Head Quarter, Plot No. 87,
Sector-24, Atal Nagar, Nava Raipur, Chhattisgarh-492018 Phone: Fax: E-mail:  ahansari@ntpc.co.in",https://ntpctender.ntpc.co.in/NITDetails/NITs/29394
29395,16MEG-97/03022026,350 NB ERW Pipes (FE410) for thickness range 6.3 to 10 mm (CAT-2).,Vendor Development Cell (Raipur CG),Chhattisgarh,Western Region-II,Vendor Enlistment,,,,03/02/2026,03/02/2026 :10:00,23/02/2026 :23:55,23/02/2026 :23:55,,,"Designation: DGM NTPC Ltd., Western Region-II Head Quarter, Plot No. 87,
Sector-24, Atal Nagar, Nava Raipur, Chhattisgarh-492018 Phone: Fax: E-mail:  ahansari@ntpc.co.in",https://ntpctender.ntpc.co.in/NITDetails/NITs/29395
29396,16MEG-96/03022026,400NB ERW Pipe (FE410) for thickness range 6.3 to 10 mm (CAT-2),Vendor Development Cell (Raipur CG),Chhattisgarh,Western Region-II,Vendor Enlistment,,,,03/02/2026,03/02/2026 :10:00,23/02/2026 :23:55,23/02/2026 :23:55,,,"Designation: DGM NTPC Ltd., Western Region-II Head Quarter, Plot No. 87,
Sector-24, Atal Nagar, Nava Raipur, Chhattisgarh-492018 Phone: Fax: E-mail:  ahansari@ntpc.co.in",https://ntpctender.ntpc.co.in/NITDetails/NITs/29396
29397,16MEG-33/03022026,450NB ERW Pipe (FE410) for thickness range 6.3 to 10 mm (CAT-1),Vendor Development Cell (Raipur CG),Chhattisgarh,Western Region-II,Vendor Enlistment,,,,03/02/2026,03/02/2026 :10:00,23/02/2026 :23:55,23/02/2026 :23:55,,,"Designation: DGM NTPC Ltd., Western Region-II Head Quarter, Plot No. 87,
Sector-24, Atal Nagar, Nava Raipur, Chhattisgarh-492018 Phone: Fax: E-mail:  ahansari@ntpc.co.in",https://ntpctender.ntpc.co.in/NITDetails/NITs/29397
29398,16MEG-95/03022026,450NB ERW Pipe (FE410) for thickness range 6.3 to 10 mm (CAT-2),Vendor Development Cell (Raipur CG),Chhattisgarh,Western Region-II,Vendor Enlistment,,,,03/02/2026,03/02/2026 :10:00,23/02/2026 :23:55,23/02/2026 :23:55,,,"Designation: DGM NTPC Ltd., Western Region-II Head Quarter, Plot No. 87,
Sector-24, Atal Nagar, Nava Raipur, Chhattisgarh-492018 Phone: Fax: E-mail:  ahansari@ntpc.co.in",https://ntpctender.ntpc.co.in/NITDetails/NITs/29398
29399,16MEG-30/03022026,300 NB ERW Pipes (FE410) for thickness range 6.3 to 10 mm (CAT-I),Vendor Development Cell (Raipur CG),Chhattisgarh,Western Region-II,Vendor Enlistment,,,,03/02/2026,03/02/2026 :10:00,23/02/2026 :23:55,23/02/2026 :23:55,,,"Designation: DGM NTPC Ltd., Western Region-II Head Quarter, Plot No. 87,
Sector-24, Atal Nagar, Nava Raipur, Chhattisgarh-492018 Phone: Fax: E-mail:  ahansari@ntpc.co.in",https://ntpctender.ntpc.co.in/NITDetails/NITs/29399
29400,16MEG-98/03022026,300 NB ERW Pipes (FE410) for thickness range 6.3 to 10 mm (CAT-2),Vendor Development Cell (Raipur CG),Chhattisgarh,Western Region-II,Vendor Enlistment,,,,03/02/2026,03/02/2026 :10:00,23/02/2026 :23:55,23/02/2026 :23:55,,,"Designation: DGM NTPC Ltd., Western Region-II Head Quarter, Plot No. 87,
Sector-24, Atal Nagar, Nava Raipur, Chhattisgarh-492018 Phone: Fax: E-mail:  ahansari@ntpc.co.in",https://ntpctender.ntpc.co.in/NITDetails/NITs/29400
29401,16MEG-29/03022026,250 NB ERW Pipes (FE410) for thickness range 6.3 to 10 mm (CAT-I),Vendor Development Cell (Raipur CG),Chhattisgarh,Western Region-II,Vendor Enlistment,,,,03/02/2026,03/02/2026 :10:00,23/02/2026 :23:55,23/02/2026 :23:55,,,"Designation: DGM NTPC Ltd., Western Region-II Head Quarter, Plot No. 87,
Sector-24, Atal Nagar, Nava Raipur, Chhattisgarh-492018 Phone: Fax: E-mail:  ahansari@ntpc.co.in",https://ntpctender.ntpc.co.in/NITDetails/NITs/29401
29402,16MEG-99/03022026,250 NB ERW Pipes (FE410) for thickness range 6.3 to 10 mm (CAT-2),Vendor Development Cell (Raipur CG),Chhattisgarh,Western Region-II,Vendor Enlistment,,,,03/02/2026,03/02/2026 :10:00,23/02/2026 :23:55,23/02/2026 :23:55,,,"Designation: DGM NTPC Ltd., Western Region-II Head Quarter, Plot No. 87,
Sector-24, Atal Nagar, Nava Raipur, Chhattisgarh-492018 Phone: Fax: E-mail:  ahansari@ntpc.co.in",https://ntpctender.ntpc.co.in/NITDetails/NITs/29402
29403,16MEG-24/03022026,Supply of 200 NB MS ERW Pipes as per IS 3589,Vendor Development Cell (Raipur CG),Chhattisgarh,Western Region-II,Vendor Enlistment,,,,03/02/2026,03/02/2026 :10:00,23/02/2026 :23:55,23/02/2026 :23:55,,,"Designation: DGM NTPC Ltd., Western Region-II Head Quarter, Plot No. 87,
Sector-24, Atal Nagar, Nava Raipur, Chhattisgarh-492018 Phone: Fax: E-mail:  ahansari@ntpc.co.in",https://ntpctender.ntpc.co.in/NITDetails/NITs/29403
29404,56MEG-03/03022026,SPARES FOR CLINKER GRINDER/SLAG CRUSHER SPARES,Vendor Development Cell (Raipur CG),Chhattisgarh,Western Region-II,Vendor Enlistment,,,,03/02/2026,03/02/2026 :10:00,23/02/2026 :23:55,23/02/2026 :23:55,,,"Designation: DGM NTPC Ltd., Western Region-II Head Quarter, Plot No. 87,
Sector-24, Atal Nagar, Nava Raipur, Chhattisgarh-492018 Phone: Fax: E-mail:  ahansari@ntpc.co.in",https://ntpctender.ntpc.co.in/NITDetails/NITs/29404
29405,56MEG-12/03022026,Bottom Ash Handling Gates & Spares,Vendor Development Cell (Raipur CG),Chhattisgarh,Western Region-II,Vendor Enlistment,,,,03/02/2026,03/02/2026 :10:00,23/02/2026 :23:55,23/02/2026 :23:55,,,"Designation: DGM NTPC Ltd., Western Region-II Head Quarter, Plot No. 87,
Sector-24, Atal Nagar, Nava Raipur, Chhattisgarh-492018 Phone: Fax: E-mail:  ahansari@ntpc.co.in",https://ntpctender.ntpc.co.in/NITDetails/NITs/29405
29406,94MEG-06A/03022026,Temperature Transmitter,Vendor Development Cell (Raipur CG),Chhattisgarh,Western Region-II,Vendor Enlistment,,,,03/02/2026,03/02/2026 :10:00,23/02/2026 :23:55,23/02/2026 :23:55,,,"Designation: DGM NTPC Ltd., Western Region-II Head Quarter, Plot No. 87,
Sector-24, Atal Nagar, Nava Raipur, Chhattisgarh-492018 Phone: Fax: E-mail:  ahansari@ntpc.co.in",https://ntpctender.ntpc.co.in/NITDetails/NITs/29406
29407,55MEG-09/03022026,ASTM 4140 Grade Forged Crusher Hammer,Vendor Development Cell (Raipur CG),Chhattisgarh,Western Region-II,Vendor Enlistment,,,,03/02/2026,03/02/2026 :10:00,23/02/2026 :23:55,23/02/2026 :23:55,,,"Designation: DGM NTPC Ltd., Western Region-II Head Quarter, Plot No. 87,
Sector-24, Atal Nagar, Nava Raipur, Chhattisgarh-492018 Phone: Fax: E-mail:  ahansari@ntpc.co.in",https://ntpctender.ntpc.co.in/NITDetails/NITs/29407
29408,10MEG-06/03022026,SF6 GAS,Vendor Development Cell (Raipur CG),Chhattisgarh,Western Region-II,Vendor Enlistment,,,,03/02/2026,03/02/2026 :10:00,23/02/2026 :23:55,23/02/2026 :23:55,,,"Designation: DGM NTPC Ltd., Western Region-II Head Quarter, Plot No. 87,
Sector-24, Atal Nagar, Nava Raipur, Chhattisgarh-492018 Phone: Fax: E-mail:  ahansari@ntpc.co.in",https://ntpctender.ntpc.co.in/NITDetails/NITs/29408
29409,16MEG-27/03022026,"CPVC Pipes, CPVC fittings and CPVC Solvent Cement",Vendor Development Cell (Raipur CG),Chhattisgarh,Western Region-II,Vendor Enlistment,,,,03/02/2026,03/02/2026 :10:00,23/02/2026 :23:55,23/02/2026 :23:55,,,"Designation: DGM NTPC Ltd., Western Region-II Head Quarter, Plot No. 87,
Sector-24, Atal Nagar, Nava Raipur, Chhattisgarh-492018 Phone: Fax: E-mail:  ahansari@ntpc.co.in",https://ntpctender.ntpc.co.in/NITDetails/NITs/29409
29410,46MEG-15B/03022026,NON-METALLIC FABRIC EXPANSION JOINTS,Vendor Development Cell (Raipur CG),Chhattisgarh,Western Region-II,Vendor Enlistment,,,,03/02/2026,03/02/2026 :10:00,23/02/2026 :23:55,23/02/2026 :23:55,,,"Designation: DGM NTPC Ltd., Western Region-II Head Quarter, Plot No. 87,
Sector-24, Atal Nagar, Nava Raipur, Chhattisgarh-492018 Phone: Fax: E-mail:  ahansari@ntpc.co.in",https://ntpctender.ntpc.co.in/NITDetails/NITs/29410
29411,46MEG-19/03022026,Endless belt for RC feeder,Vendor Development Cell (Raipur CG),Chhattisgarh,Western Region-II,Vendor Enlistment,,,,03/02/2026,03/02/2026 :10:00,23/02/2026 :23:55,23/02/2026 :23:55,,,"Designation: DGM NTPC Ltd., Western Region-II Head Quarter, Plot No. 87,
Sector-24, Atal Nagar, Nava Raipur, Chhattisgarh-492018 Phone: Fax: E-mail:  ahansari@ntpc.co.in",https://ntpctender.ntpc.co.in/NITDetails/NITs/29411
29412,46MEG-01A/03022026,Wear Parts-Grinding Roll Size 28/29 Inches,Vendor Development Cell (Raipur CG),Chhattisgarh,Western Region-II,Vendor Enlistment,,,,03/02/2026,03/02/2026 :10:00,23/03/2026 :23:55,23/03/2026 :23:55,,,Designation: DGM NTPC Ltd. Western Region-II Head Quarter Plot No. 87 Sector-24 Atal Nagar Nava Raipur Chhattisgarh-492018 Phone: Fax: E-mail:  ahansari@ntpc.co.in,https://ntpctender.ntpc.co.in/NITDetails/NITs/29412
29413,46MEG-01C/03022026,Wear Parts-Grinding Roll size 48/50/62/63 inches,Vendor Development Cell (Raipur CG),Chhattisgarh,Western Region-II,Vendor Enlistment,,,,03/02/2026,03/02/2026 :10:00,23/03/2026 :23:55,23/03/2026 :23:55,,,Designation: DGM NTPC Ltd. Western Region-II Head Quarter Plot No. 87 Sector-24 Atal Nagar Nava Raipur Chhattisgarh-492018 Phone: Fax: E-mail:  ahansari@ntpc.co.in,https://ntpctender.ntpc.co.in/NITDetails/NITs/29413
29414,16MEG-10/03022026,Cast Basalt Pipe,Vendor Development Cell (Raipur CG),Chhattisgarh,Western Region-II,Vendor Enlistment,,,,03/02/2026,03/02/2026 :10:00,23/02/2026 :23:55,23/02/2026 :23:55,,,"Designation: DGM NTPC Ltd., Western Region-II Head Quarter, Plot No. 87,
Sector-24, Atal Nagar, Nava Raipur, Chhattisgarh-492018 Phone: Fax: E-mail:  ahansari@ntpc.co.in",https://ntpctender.ntpc.co.in/NITDetails/NITs/29414
29415,OFF-99/03022026,Off Site Mechanical Mtc Cat-II,Vendor Development Cell (Raipur CG),Chhattisgarh,Western Region-II,Vendor Enlistment,,,,03/02/2026,03/02/2026 :10:00,23/02/2026 :23:55,23/02/2026 :23:55,,,"Designation: DGM NTPC Ltd., Western Region-II Head Quarter, Plot No. 87,
Sector-24, Atal Nagar, Nava Raipur, Chhattisgarh-492018 Phone: Fax: E-mail:  ahansari@ntpc.co.in",https://ntpctender.ntpc.co.in/NITDetails/NITs/29415
29416,OFF-11/03022026,Off Site Mechanical Mtc Cat-I,Vendor Development Cell (Raipur CG),Chhattisgarh,Western Region-II,Vendor Enlistment,,,,03/02/2026,03/02/2026 :10:00,23/02/2026 :23:55,23/02/2026 :23:55,,,"Designation: DGM NTPC Ltd., Western Region-II Head Quarter, Plot No. 87,
Sector-24, Atal Nagar, Nava Raipur, Chhattisgarh-492018 Phone: Fax: E-mail:  ahansari@ntpc.co.in",https://ntpctender.ntpc.co.in/NITDetails/NITs/29416
29417,AST-01/03022026,TRANSPORTATION OF ASH THROUGH ROAD FROM NTPC PLANTS,Vendor Development Cell (Raipur CG),Chhattisgarh,Western Region-II,Vendor Enlistment,,,,03/02/2026,03/02/2026 :10:00,23/02/2026 :23:55,23/02/2026 :23:55,,,"Designation: DGM NTPC Ltd., Western Region-II Head Quarter, Plot No. 87,
Sector-24, Atal Nagar, Nava Raipur, Chhattisgarh-492018 Phone: Fax: E-mail:  ahansari@ntpc.co.in",https://ntpctender.ntpc.co.in/NITDetails/NITs/29417
29418,TMD-05/03022026,Operation & Maintenance of Air Conditioning and Ventilation System,Vendor Development Cell (Raipur CG),Chhattisgarh,Western Region-II,Vendor Enlistment,,,,03/02/2026,03/02/2026 :10:00,23/02/2026 :23:55,23/02/2026 :23:55,,,"Designation: DGM NTPC Ltd., Western Region-II Head Quarter, Plot No. 87,
Sector-24, Atal Nagar, Nava Raipur, Chhattisgarh-492018 Phone: Fax: E-mail:  ahansari@ntpc.co.in",https://ntpctender.ntpc.co.in/NITDetails/NITs/29418
29419,TMD-18/03022026,Helium leak test for Condenser,Vendor Development Cell (Raipur CG),Chhattisgarh,Western Region-II,Vendor Enlistment,,,,03/02/2026,03/02/2026 :10:00,23/02/2026 :23:55,23/02/2026 :23:55,,,"Designation: DGM NTPC Ltd., Western Region-II Head Quarter, Plot No. 87,
Sector-24, Atal Nagar, Nava Raipur, Chhattisgarh-492018 Phone: Fax: E-mail:  ahansari@ntpc.co.in",https://ntpctender.ntpc.co.in/NITDetails/NITs/29419
29420,TMD-24/03022026,Eddy current testing of Condenser & Heat Exchanger tubes in turbine area,Vendor Development Cell (Raipur CG),Chhattisgarh,Western Region-II,Vendor Enlistment,,,,03/02/2026,03/02/2026 :10:00,23/02/2026 :23:55,23/02/2026 :23:55,,,"Designation: DGM NTPC Ltd., Western Region-II Head Quarter, Plot No. 87,
Sector-24, Atal Nagar, Nava Raipur, Chhattisgarh-492018 Phone: Fax: E-mail:  ahansari@ntpc.co.in",https://ntpctender.ntpc.co.in/NITDetails/NITs/29420
29421,TMD-23/03022026,Residual life assessment (RLA) study of steam turbine of  200 MW Units & Above,Vendor Development Cell (Raipur CG),Chhattisgarh,Western Region-II,Vendor Enlistment,,,,03/02/2026,03/02/2026 :10:00,23/02/2026 :23:55,23/02/2026 :23:55,,,"Designation: DGM NTPC Ltd., Western Region-II Head Quarter, Plot No. 87,
Sector-24, Atal Nagar, Nava Raipur, Chhattisgarh-492018 Phone: Fax: E-mail:  ahansari@ntpc.co.in",https://ntpctender.ntpc.co.in/NITDetails/NITs/29421
29422,TMD-25/03022026,Chemical cleaning of Condenser tubes & Heat Exchanger tubes in turbine area,Vendor Development Cell (Raipur CG),Chhattisgarh,Western Region-II,Vendor Enlistment,,,,03/02/2026,03/02/2026 :10:00,23/02/2026 :23:55,23/02/2026 :23:55,,,"Designation: DGM NTPC Ltd., Western Region-II Head Quarter, Plot No. 87,
Sector-24, Atal Nagar, Nava Raipur, Chhattisgarh-492018 Phone: Fax: E-mail:  ahansari@ntpc.co.in",https://ntpctender.ntpc.co.in/NITDetails/NITs/29422
29423,TMD-26/03022026,"Online leak sealing in Turbine, Boiler & other areas of power plant",Vendor Development Cell (Raipur CG),Chhattisgarh,Western Region-II,Vendor Enlistment,,,,03/02/2026,03/02/2026 :10:00,23/02/2026 :23:55,,,,"Designation: DGM NTPC Ltd., Western Region-II Head Quarter, Plot No. 87,
Sector-24, Atal Nagar, Nava Raipur, Chhattisgarh-492018 Phone: Fax: E-mail:  ahansari@ntpc.co.in",https://ntpctender.ntpc.co.in/NITDetails/NITs/29423
29424,46MEG-01B/03022026,Wear Parts-Grinding Roll size 36/37/43 inches,Vendor Development Cell (Raipur CG),Chhattisgarh,Western Region-II,Vendor Enlistment,,,,03/02/2026,03/02/2026 :10:00,23/03/2026 :23:55,23/03/2026 :23:55,,,Designation: DGM NTPC Ltd. Western Region-II Head Quarter Plot No. 87 Sector-24 Atal Nagar Nava Raipur Chhattisgarh-492018 Phone: Fax: E-mail:  ahansari@ntpc.co.in,https://ntpctender.ntpc.co.in/NITDetails/NITs/29424
29425,GEM/2026/B/7153561,Providing basic Healthcare Facilities to through Mobile Health Clinic MHC) and Maternal and Child Health Care Program under CSR at Korba Station for a Period of 4 Years,Western Region Head Quarter-II,Chhattisgarh,Western Region-II,Services,200000.00,,,04/02/2026,04/02/2026 :10:00,19/02/2026 :11:00,19/02/2026 :11:00,19/02/2026 :11:30,,"Designation: Sr. Manager NTPC Limited, USSC, CPG-1,
Western Region-II Head Quarter,
Plot No. 87, Sector-24, Atal Nagar,
Nava Raipur, Raipur, Chhattisgarh-492101 Phone: Fax: E-mail:  reshusingh@ntpc.co.in",https://ntpctender.ntpc.co.in/NITDetails/NITs/29425
29426,CS-8041-717A-9,Environmental Impact Assessment (EIA) study for Talcher Super Thermal Power Project Stage-III (2X800 MW) Bid Document No- CS-8041-717A-9,Corporate Contracts,Uttar Pradesh,Corporate Center,Work Contract,50000.00,,,04/02/2026,04/02/2026 :10:00,13/02/2026 :15:00,13/02/2026 :15:00,13/02/2026 :15:30,,"Designation: Sr. Manager NTPC Limited,
Plot A-8A, Sector 24, Noida-201301
State of U.P. India Phone: Fax: E-mail:  amitdhiman01@ntpc.co.in",https://ntpctender.ntpc.co.in/NITDetails/NITs/29426
29427,NRE-CS-5822-004(MOD-2)-9,SUPPLY OF SOLAR PV MODULES FOR 400MW SOLAR PROJECT IN CHITRAKOOT IN U.P.,Renewable Energy,Uttar Pradesh,Renewable Energy,Services,200000000.00,,,04/02/2026,06/02/2026 :10:00,13/03/2026 :17:00,11/05/2026 :15:00,11/05/2026 :15:30,,Designation: DGM NTPC Renewable Energy Ltd 4th Floor Renewables Building NETRA Complex E-3 Ecotech-II Udyog Vihar Greater Noida Gautam Buddha Nagar UP India–201306 Phone: Fax: E-mail:  prishantpathik@ntpc.co.in,https://ntpctender.ntpc.co.in/NITDetails/NITs/29427
29428,IGSTPP/CS/25-26/CRN-4555,Replacement of Existing CCTV Recording Management and Storage Solution for APCPL at IGSTPP,IGSTPP: Aravali Power Copany Private Limited-Jhajjar (JV),Haryana,JVs & Subsidaries,Work Contract,100000.00,,,04/02/2026,04/02/2026 :15:00,24/02/2026 :15:00,24/02/2026 :15:00,25/02/2026 :15:00,,"Designation: Manager APCPL,
(A Joint venture of NTPC, HPGCL and IPGCL)
Indira Gandhi Super Thermal Power Project
PO Jharli, Dist. JHAJJAR, Haryana-124141 INDIA Phone: Fax: E-mail:  hemameena@ntpc.co.in",https://ntpctender.ntpc.co.in/NITDetails/NITs/29428
29429,NTPC/EOC/9900318400,"Operation and Maintenance Contract for 4 MW Solar PV based Microgrid at NTPC NETRA, Greater Noida for Two Years",Corporate Contracts,Uttar Pradesh,Corporate Center,Services,100000.00,,,04/02/2026,04/02/2026 :17:00,23/02/2026 :15:00,23/02/2026 :15:00,24/02/2026 :15:00,,"Designation: Manager NTPC Ltd., Engineering Office Complex,
Plot No. A-8A, Sector-24, NOIDA-201301, UP, India Phone: Fax: E-mail:  shilpakareddy@ntpc.co.in",https://ntpctender.ntpc.co.in/NITDetails/NITs/29429
29430,NTPC/USSC-CPG1/9900318049,"Supply, Installation, Testing and Commissioning (SITC) of Integrated Automated Auger System at NTPC Barh",Western Region Head Quarter-II,Chhattisgarh,Western Region-II,Work Contract,,,,04/02/2026,04/02/2026 :18:00,23/02/2026 :15:00,23/02/2026 :15:00,25/02/2026 :15:00,,"Designation: DGM NTPC Limited, USSC, CPG-1,
Western Region-II Head Quarter,
Plot No. 87, Sector-24, Atal Nagar,
Nava Raipur, Raipur, Chhattisgarh-492101 Phone: Fax: E-mail:  ajaykumarshivhare@ntpc.co.in",https://ntpctender.ntpc.co.in/NITDetails/NITs/29430
29431,CS-8033-717A-9,Environmental Impact Assessment (EIA) study for Talcher Thermal Power Project Stage-IV (1X800 MW) Bid Document No- CS-8033-717A-9,Corporate Contracts,Uttar Pradesh,Corporate Center,Work Contract,50000.00,,,04/02/2026,04/02/2026 :10:00,13/02/2026 :15:00,13/02/2026 :15:00,13/02/2026 :15:30,,"Designation: Sr. Manager NTPC Ltd., Engineering Office Complex,
Plot No. A-8A, Sector-24, NOIDA-201301, UP, India Phone: Fax: E-mail:  vivekanandk@ntpc.co.in",https://ntpctender.ntpc.co.in/NITDetails/NITs/29431
29432,NTPC/USSC-CPG1/9900316194,Repair Works for Seepage Control at Deepanjali Nagar Township NTPC Simhadri,Western Region Head Quarter-II,Chhattisgarh,Western Region-II,Work Contract,200000.00,,,04/02/2026,04/02/2026 :15:00,19/02/2026 :13:00,19/02/2026 :13:00,20/02/2026 :15:00,,"Designation: AGM NTPC Limited, Western Region-II Office,
Plot No. 87, Sector-24,
Nava Raipur, Chhattisgarh-492018 Phone: Fax: E-mail:  kkarora@ntpc.co.in",https://ntpctender.ntpc.co.in/NITDetails/NITs/29432
29433,CS-8035-717A-9,Environmental Impact Assessment (EIA) Study for Barauni STPP Stage-III (1X800 MW) Bid Document No - CS-8035-717A-9,Corporate Contracts,Uttar Pradesh,Corporate Center,Work Contract,,,,27/01/2026,27/01/2026 :10:00,09/02/2026 :15:00,09/02/2026 :15:00,09/02/2026 :15:30,,"Designation: DGM NTPC Ltd., Engineering Office Complex,
Plot No. A-8A, Sector-24, NOIDA-201301, UP, India Phone: Fax: E-mail:  anilchoudhary@ntpc.co.in",https://ntpctender.ntpc.co.in/NITDetails/NITs/29433
29434,CS-8040-717A-9,Environmental Impact Assessment (EIA) Study for Bongaigaon STPP Stage-II (1X800 MW) Bid Document No - CS-8040-717A-9,Corporate Contracts,Uttar Pradesh,Corporate Center,Work Contract,,,,03/02/2026,03/02/2026 :10:00,16/02/2026 :15:00,16/02/2026 :15:00,16/02/2026 :15:30,,"Designation: DGM NTPC Ltd., Engineering Office Complex, Plot No. A-8A, Sector-24, NOIDA-201301, UP, India Phone: Fax: E-mail:  anilchoudhary@ntpc.co.in",https://ntpctender.ntpc.co.in/NITDetails/NITs/29434
29435,GEM/2026/B/7115829,"BMC of Operation Support and House Keeping of NSPCL Durgapur, CPP2",NTPC-SAIL Power Company Limited (NSPCL) - Bhilai,Chhattisgarh,JVs & Subsidaries,Work Contract,1000000.00,,,04/02/2026,04/02/2026 :10:00,13/02/2026 :13:00,13/02/2026 :13:00,13/02/2026 :13:30,,"Designation: Sr. Manager NTPC–SAIL POWER COMPANY LIMITED,
PO BHILAI (East), Dist. Durg, CHHATTISGARH-490 021 Phone: Fax: E-mail:  arti.choure@nspcl.co.in",https://ntpctender.ntpc.co.in/NITDetails/NITs/29435
29436,NTPC/EOC/9900318336,AMC Renewal of Geo-studio Pro Bundled Software for Three Years,Corporate Contracts,Uttar Pradesh,Corporate Center,Services,,,,05/02/2026,05/02/2026 :18:00,09/02/2026 :15:00,09/02/2026 :15:00,10/02/2026 :15:30,,"Designation: Sr. Manager NTPC Ltd., Engineering Office Complex,
Plot No. A-8A, Sector-24, NOIDA-201301, UP, India Phone: Fax: E-mail:  parixitrariya@ntpc.co.in",https://ntpctender.ntpc.co.in/NITDetails/NITs/29436
29437,NTPC/EOC/9900318321,Inspection and Rectification along with 2 Years AMC Contract for Drop Tube Reactor (DTR) System at NETRA.,Corporate Contracts,Uttar Pradesh,Corporate Center,Services,,,,05/02/2026,05/02/2026 :18:00,12/02/2026 :15:00,12/02/2026 :15:00,13/02/2026 :15:00,,"Designation: Sr. Manager NTPC Ltd., Engineering Office Complex,
Plot No. A-8A, Sector-24, NOIDA-201301, UP, India Phone: Fax: E-mail:  parixitrariya@ntpc.co.in",https://ntpctender.ntpc.co.in/NITDetails/NITs/29437
29438,GEM/2026/B/7166103,"Procurement of Transmission Assembly, BEML Dozer",Western Region Head Quarter-II,Chhattisgarh,Western Region-II,Work Contract,,,,06/02/2026,06/02/2026 :10:00,27/02/2026 :11:00,27/02/2026 :11:00,27/02/2026 :11:30,,"Designation: Sr. Manager NTPC Limited, Western Region-II Office,
Plot No. 87, Sector-24,
Nava Raipur, Chhattisgarh Phone: Fax: E-mail:  vikashkumar11@ntpc.co.in",https://ntpctender.ntpc.co.in/NITDetails/NITs/29438
29439,NTPC/USSC-CPG1/9900318933,"Design, Supply and Installation of Fireproof Cable Penetration Sealing Type A & Type B at NTPC Telangana St-I (2X800 MW) in Main Plant Areas",Western Region Head Quarter-II,Chhattisgarh,Western Region-II,Work Contract,500000.00,,,05/02/2026,05/02/2026 :18:00,25/02/2026 :16:30,25/02/2026 :16:30,27/02/2026 :16:30,,"Designation: DGM NTPC Limited, Western Region-II Office,
Plot No. 87, Sector-24,
Nava Raipur, Chhattisgarh-492018 Phone: Fax: E-mail:  anandshanker@ntpc.co.in",https://ntpctender.ntpc.co.in/NITDetails/NITs/29439
29440,NTPC/USSC-CPG1/9900318785,"Overhauling of CSSPIT, LWTP, CHONDIPUR SLUICE Gates for CHP-FSTPS",Western Region Head Quarter-II,Chhattisgarh,Western Region-II,Work Contract,200000.00,,,06/02/2026,06/02/2026 :16:00,25/02/2026 :15:00,25/02/2026 :15:00,27/02/2026 :15:00,,"Designation: DGM NTPC Limited, Central Procurement Group-I,
WR-II Office, Sector-24,
Nava Raipur, Chhattisgarh - 492018 Phone: Fax: E-mail:  cpsingh@ntpc.co.in",https://ntpctender.ntpc.co.in/NITDetails/NITs/29440
29441,NREL-CS-5800-004(BESS1)-9,EPC PACKAGE FOR DEVELOPMENT OF 1000 MWh BESS CAPACITY AT NTPC REL BIKANER SOLAR PLANT,Renewable Energy,Uttar Pradesh,Renewable Energy,Work Contract,200000000.00 2171100.00,,,06/02/2026,12/02/2026 :17:00,23/02/2026 :17:00,11/03/2026 :15:00,11/03/2026 :15:30,,"Designation: DGM NTPC Renewable Energy Limited
4th Floor, Renewables Building, NETRA Complex
E-3, Ecotech-II, Udyog Vihar, Greater Noida
Gautam Buddha Nagar, UP, India–201306 Phone: Fax: E-mail:  kmgoyal01@ntpc.co.in",https://ntpctender.ntpc.co.in/NITDetails/NITs/29441
29442,GEM/2026/B/7181913,"REMOVAL OF FILTER MEDIA, SEGREGATION, CLEANING AND REFILLING FILTER MEDIA IN HORIZONTAL DUAL MEDIA FILTER (HDMF) VESSELS AT NTECL VALLUR",NTECL: NTPC TamilNadu Energy Company Ltd.,Tamilnadu,JVs & Subsidaries,Work Contract,,,,06/02/2026,06/02/2026 :10:00,27/02/2026 :16:00,27/02/2026 :16:00,27/02/2026 :16:30,,"Designation: DGM NTECL (NTPC Tamilnadu Energy Co. Ltd.) Vallur TPP, Chennai-600 103 Phone: Fax: E-mail:  mohan02@ntpc.co.in",https://ntpctender.ntpc.co.in/NITDetails/NITs/29442
29443,CS-8004-155C-9,"BALANCE WORKS OF WAGON TIPPLERS AND ASSOCIATED CONVEYING SYSTEM PACKAGE FOR BARAUNI THERMAL POWER STATION, STAGE-II (2X250 MW)",Corporate Contracts,Uttar Pradesh,Corporate Center,Work Contract,10000000.00,,,07/02/2026,21/02/2026 :16:30,23/03/2026 :15:00,23/03/2026 :15:00,24/03/2026 :15:30,,Designation: DGM NTPC Limited 6th Floor Engineering Office Complex A-8A Sector-24 NOIDA Distt. Gautam Buddha Nagar UP India-201301 Phone: Fax: E-mail:  satrajitkumar@ntpc.co.in,https://ntpctender.ntpc.co.in/NITDetails/NITs/29443
29444,NVVN/C&M/2025-26/RE-492,DEVELOPMENT OF 350 KW GRID CONNECTED ROOF TOP SOLAR POWER PROJECT AT HCL GHATSILA,NVVNL - NTPC Vidyut Vyapar Nigam Ltd.,Uttar Pradesh,JVs & Subsidaries,Work Contract,200000.00,,,09/02/2026,06/02/2026 :14:00,26/02/2026 :17:00,26/02/2026 :17:00,27/02/2026 :15:00,,"Designation: Sr. Manager NTPC VIDYUT VYAPAR NIGAM LIMITED,
Engineering Office Complex,
Plot No. A-8A Sector 24, Block A,
Noida, Uttar Pradesh - 201301 Phone: Fax: E-mail:  arunkumar01@ntpc.co.in",https://ntpctender.ntpc.co.in/NITDetails/NITs/29444
29445,GEM/2026/B/7166451,"Hiring of Hydra Crane (15 MT or Above), Fork Lift (3MT or Above) & Truck (GVW 16.2 MT or Above).",NTECL: NTPC TamilNadu Energy Company Ltd.,Tamilnadu,JVs & Subsidaries,Services,100000.00,,,07/02/2026,07/02/2026 :10:00,28/02/2026 :15:00,28/02/2026 :15:00,28/02/2026 :15:30,,"Designation: DGM NTECL, Vallur Thermal Power Project,
Site Office Vellivoyal Chavadi Post,
Ponneri Taluk, Thiruvallur Dist, Chennai-600103, Tamilnadu Phone: Fax: E-mail:  jaideep@ntpc.co.in",https://ntpctender.ntpc.co.in/NITDetails/NITs/29445
29446,GEM/2026/B/7184731,Handling and Transport on Lumpsum Basis - Job Contract for Transportation of Fly Ash from Ash Silos of NTPC Vindhyachal to Abandoned pit of Gorbi Mines of NCL-Reserved for SC/ST MSE Bidders only,Western Region Head Quarter-II,Chhattisgarh,Western Region-II,Services,200000.00,,,09/02/2026,09/02/2026 :10:00,24/02/2026 :15:00,24/02/2026 :15:00,24/02/2026 :15:30,,"Designation: Sr. Manager NTPC Limited, USSC, CPG-1,
Western Region-II Head Quarter,
Plot No. 87, Sector-24, Atal Nagar,
Nava Raipur, Raipur, Chhattisgarh-492101 Phone: Fax: E-mail:  ilaanand@ntpc.co.in",https://ntpctender.ntpc.co.in/NITDetails/NITs/29446
29447,GEM/2026/B/7193243,Procurement of Network Flatbed ADF Colour Scanners 32 Nos for NTPC Ramagundam Plant,Western Region Head Quarter-II,Chhattisgarh,Western Region-II,Work Contract,,,,09/02/2026,09/02/2026 :10:00,23/02/2026 :15:00,23/02/2026 :15:00,23/02/2026 :15:30,,"Designation: DGM NTPC Limited, Western Region-II Office,
Plot No. 87, Sector-24,
Nava Raipur, Chhattisgarh-492018 Phone: Fax: E-mail:  ssenthilkumar@ntpc.co.in",https://ntpctender.ntpc.co.in/NITDetails/NITs/29447
29448,GEM/2026/B/7180696,PROCUREMENT OF ISO KINETIC SAMPLER FOR NTPC UNCHAHAR,Western Region Head Quarter-II,Chhattisgarh,Western Region-II,Work Contract,50000.00,,,10/02/2026,10/02/2026 :10:00,24/02/2026 :11:00,24/02/2026 :11:00,24/02/2026 :11:30,,"Designation: DGM NTPC Limited, Western Region-II Office,
Plot No. 87, Sector-24,
Nava Raipur, Chhattisgarh-492018 Phone: Fax: E-mail:  pushpakashyap@ntpc.co.in",https://ntpctender.ntpc.co.in/NITDetails/NITs/29448
29449,GEM/2026/B/7190159,BULK PROCUREMENT OF THERMOVISION CAMERA (320 x 240 PIXELS).,Western Region Head Quarter-II,Chhattisgarh,Western Region-II,Work Contract,,,,10/02/2026,10/02/2026 :10:00,03/03/2026 :15:00,03/03/2026 :15:00,03/03/2026 :15:30,,"Designation: DGM NTPC Limited, Western Region-II Office,
Plot No. 87, Sector-24,
Nava Raipur, Chhattisgarh-492018 Phone: Fax: E-mail:  sushilmeena@ntpc.co.in",https://ntpctender.ntpc.co.in/NITDetails/NITs/29449
29450,NTPC/USSC-CPG1/9900319263,Job Contract for Application of Ceramic Fibre Sealing Technology in Penthouse APH of 210MW 500MW Boiler Units at VSTPS.,Western Region Head Quarter-II,Chhattisgarh,Western Region-II,Work Contract,200000.00,,,10/02/2026,10/02/2026 :13:00,25/02/2026 :15:00,25/02/2026 :15:00,26/02/2026 :15:00,,"Designation: Sr. Manager NTPC Limited, Western Region-II Office,
Plot No. 87, Sector-24,
Nava Raipur, Chhattisgarh-492018 Phone: Fax: E-mail:  sonamjha@ntpc.co.in",https://ntpctender.ntpc.co.in/NITDetails/NITs/29450
29451,NTPC/USSC-CPG1/9900318928,Renovation and Modernization of Compressed Air System of Stage-II (2X500MW) NTPC SSTPS,Western Region Head Quarter-II,Chhattisgarh,Western Region-II,Work Contract,,,,10/02/2026,10/02/2026 :16:00,02/03/2026 :15:00,02/03/2026 :15:00,04/03/2026 :15:00,,"Designation: DGM NTPC Limited, USSC, CPG-1,
Western Region-II Head Quarter,
Plot No. 87, Sector-24, Atal Nagar,
Nava Raipur, Raipur, Chhattisgarh-492101 Phone: Fax: E-mail:  ajaykumarshivhare@ntpc.co.in",https://ntpctender.ntpc.co.in/NITDetails/NITs/29451
29452,NTPC/USSC-CPG1/9900319361,"Implementation of Fugitive Dust Suppression System of Arkha Ash Dyke, FGUTPP Unchahar",Western Region Head Quarter-II,Chhattisgarh,Western Region-II,Work Contract,,,,10/02/2026,10/02/2026 :18:00,02/03/2026 :15:00,02/03/2026 :15:00,04/03/2026 :15:00,,"Designation: DGM NTPC Limited, USSC, CPG-1, Western Region-II Head Quarter, Plot No. 87, Sector-24, Atal Nagar, Nava Raipur, Raipur, Chhattisgarh-492101 Phone: Fax: E-mail:  ajaykumarshivhare@ntpc.co.in",https://ntpctender.ntpc.co.in/NITDetails/NITs/29452
29453,NTECL/C&M/CS5241R1,WASTE MANAGEMENT AND OTHER INFRASTRUCTURE WORKS AT NTECL,NTECL: NTPC TamilNadu Energy Company Ltd.,Tamilnadu,JVs & Subsidaries,Work Contract,100000.00,1125.00,,29/01/2026,29/01/2026 :12:00,14/02/2026 :15:00,14/02/2026 :15:00,16/02/2026 :09:00,,"Designation: Sr. Manager NTECL, Vallur Thermal Power Project, Site Office Vellivoyal Chavadi Post, Ponneri Taluk, Thiruvallur Dist, Chennai-600103, Tamilnadu Phone: Fax: E-mail:  vckamal@ntpc.co.in",https://ntpctender.ntpc.co.in/NITDetails/NITs/29453
29454,NTPC/EOC/9900319106,Hiring Consultant for Carrying out Revision and Preparation of Finance Process Manuals.,Corporate Contracts,Uttar Pradesh,Corporate Center,Work Contract,100000.00,,,11/02/2026,11/02/2026 :10:00,19/02/2026 :15:00,19/02/2026 :15:00,20/02/2026 :15:00,,"Designation: Sr. Manager NTPC Ltd., Plot No. A-8A, Sector-24, NOIDA-201301, UP, India Phone: Fax: E-mail:  deepaverma@ntpc.co.in",https://ntpctender.ntpc.co.in/NITDetails/NITs/29454
29455,GEM/2026/B/7167036,Upgradation of AV System of MCM Room,Corporate Contracts,Uttar Pradesh,Corporate Center,Miscellaneous (Others),50000.00,,,11/02/2026,11/02/2026 :10:00,09/03/2026 :15:00,09/03/2026 :15:00,09/03/2026 :15:30,,Designation: Sr. Manager NTPC Ltd. Engineering Office Complex Plot No. A-8A Sector-24 NOIDA-201301 UP India Phone: Fax: E-mail:  satishksharma@ntpc.co.in,https://ntpctender.ntpc.co.in/NITDetails/NITs/29455
29456,GEM/2026/B/7165875,Procurement of 2 Nos. of High End Laptops for NTPC EOC Secunderabad,Corporate Contracts,Uttar Pradesh,Corporate Center,Work Contract,,,,10/02/2026,10/02/2026 :10:00,13/02/2026 :16:00,13/02/2026 :16:00,13/02/2026 :16:30,,"Designation: Manager NTPC Ltd., Engineering Office Complex,
Plot No. A-8A, Sector-24, NOIDA-201301, UP, India Phone: Fax: E-mail:  shilpakareddy@ntpc.co.in",https://ntpctender.ntpc.co.in/NITDetails/NITs/29456
29457,NTPC/EOC/9900319276,Design Supply Erection Commissioning of DM Water Polisher unit for H2 Plant CTM VSTPS,Corporate Contracts,Uttar Pradesh,Corporate Center,Work Contract,,,,07/02/2026,07/02/2026 :18:00,13/02/2026 :15:00,13/02/2026 :15:00,13/02/2026 :16:00,,Designation: Sr. Manager NTPC Ltd. Engineering Office Complex Plot No. A-8A Sector-24 NOIDA-201301 UP India Phone: Fax: E-mail:  deepaverma@ntpc.co.in,https://ntpctender.ntpc.co.in/NITDetails/NITs/29457
29458,NRE-CS-5931-003-9,"DEVELOPMENT OF WIND ENERGY PROJECT WITH 215MW CAPACITY FOR INGEL AT ISTS
SUBSTATION ANANTAPUR-II IN ANDHRA PRADESH (TRANCHE-III).",Renewable Energy,Uttar Pradesh,Renewable Energy,Work Contract,,,,11/02/2026,11/02/2026 :10:00,10/03/2026 :17:00,27/03/2026 :15:00,27/03/2026 :15:30,,Designation: Sr. Manager NTPC Renewable Energy Limited 4th Floor Renewables Building NETRA Complex E-3 Ecotech-II Udyog Vihar Greater Noida Gautam Buddha Nagar UP India – 2013 Phone: Fax: E-mail:  gurpratapsingh@ntpc.co.in,https://ntpctender.ntpc.co.in/NITDetails/NITs/29458
29459,NTPC/USSC-CPG1/9900319240,Contract for Efficiency Testing (Pre and Post Overhaul) in WR Regions NTPC Stations for 02 Years,Western Region Head Quarter-II,Chhattisgarh,Western Region-II,Services,1000000.00,,,12/02/2026,12/02/2026 :09:00,04/03/2026 :16:00,04/03/2026 :16:00,05/03/2026 :16:00,,"Designation: DGM NTPC Limited, Western Region-II Office,
Plot No. 87, Sector-24,
Nava Raipur, Chhattisgarh-492018 Phone: Fax: E-mail:  hariomkumar@ntpc.co.in",https://ntpctender.ntpc.co.in/NITDetails/NITs/29459
29460,GEM/2026/B/7195267,"Internet Lease Line at NTPC Data Centre, Noida and DR Centre, Hyderabad from Bharat Sanchar Nigam Limited (BSNL).",Corporate Contracts,Uttar Pradesh,Corporate Center,Services,,,,06/02/2026,06/02/2026 :10:00,17/02/2026 :19:00,17/02/2026 :19:00,17/02/2026 :19:30,,"Designation: Sr. Manager NTPC Ltd., Engineering Office Complex,
Plot No. A-8A, Sector-24, NOIDA-201301, UP, India Phone: Fax: E-mail:  satishksharma@ntpc.co.in",https://ntpctender.ntpc.co.in/NITDetails/NITs/29460
29461,NTPC/USSC-CPG1/9900319229,"Supply and Installation of New CCTV System for Switchgear Area, NTPC - Ramagundam",Western Region Head Quarter-II,Chhattisgarh,Western Region-II,Work Contract,,,,12/02/2026,12/02/2026 :12:00,02/03/2026 :15:00,02/03/2026 :15:00,04/03/2026 :15:00,,"Designation: DGM NTPC Limited, USSC, CPG-1,
Western Region-II Head Quarter,
Plot No. 87, Sector-24, Atal Nagar,
Nava Raipur, Raipur, Chhattisgarh-492101 Phone: Fax: E-mail:  ajaykumarshivhare@ntpc.co.in",https://ntpctender.ntpc.co.in/NITDetails/NITs/29461
29462,NTPC/USSC-CPG1/9900319577,Revival of Bus Duct Pressurizing System of 16.5 KV BHELMake Generator Bus Duct System of Stage-I 210 MW Units of NTPC Dadri,Western Region Head Quarter-II,Chhattisgarh,Western Region-II,Work Contract,200000.00,,,12/02/2026,12/02/2026 :12:00,02/03/2026 :15:00,02/03/2026 :15:00,04/03/2026 :15:00,,"Designation: DGM NTPC Limited, Central Procurement Group-I,
WR-II Office, Sector-24,
Nava Raipur, Chhattisgarh - 492018 Phone: Fax: E-mail:  cpsingh@ntpc.co.in",https://ntpctender.ntpc.co.in/NITDetails/NITs/29462
29463,PVUNL/Patratu/9900319533,"Supply, Installation and Commissioning of Multitier Storage System and Vertical Reciprocating Conveyor (VRC) with AMC for PVUNL Patratu",Patratu Vidyut Utpadan Nigam Limited (Subsidiary),Jharkhand,JVs & Subsidaries,Work Contract,,,,12/02/2026,12/02/2026 :12:00,26/02/2026 :11:00,26/02/2026 :11:00,27/02/2026 :11:00,,"Designation: DGM PATRATU VIDYUT UTPADAN NIGAM LIMITED,
P.O PTPS, Dist. Ramgarh, Jharkhand - 829119 Phone: Fax: E-mail:  ajaypal@ntpc.co.in",https://ntpctender.ntpc.co.in/NITDetails/NITs/29463
29464,NRE-CS-5930-003-9,"DEVELOPMENT OF WIND ENERGY PROJECT WITH 540 MW CAPACITY AT ISTS SUB-STATION
ANANTAPUR-III IN ANDHRA PRADESH (TRANCHE-II).",Renewable Energy,Uttar Pradesh,Renewable Energy,Services,,,,12/02/2026,09/07/2026 :10:10,20/07/2026 :17:00,14/09/2026 :15:00,14/09/2026 :15:30,,Designation: Sr. Manager NTPC Renewable Energy Limited 4th Floor Renewables Building NETRA Complex E-3 Ecotech-II Udyog Vihar Greater Noida Gautam Buddha Nagar UP India–201306 Phone: Fax: E-mail:  gurpratapsingh@ntpc.co.in,https://ntpctender.ntpc.co.in/NITDetails/NITs/29464
29465,GEM/2026/B/7229379,Operation and Maintenance of TRUCK MOUNTED FOG CANNON for Kerendari Coal Mining Project of NTPC MINING LIMITED,Coal Mining HQ-Ranchi,Jharkhand,Coal Mining Region,Services,50000.00,,,12/02/2026,12/02/2026 :10:00,24/02/2026 :15:00,24/02/2026 :15:00,24/02/2026 :15:30,,"Designation: Sr. Manager Shared Services Centre – Coal Mining NTPC Limited,
Ranchi - 834002 Phone: Fax: E-mail:  skvashisth@ntpc.co.in",https://ntpctender.ntpc.co.in/NITDetails/NITs/29465
29466,IFB-No-NRE-CS-5931-003-9,DEVELOPMENT OF WIND ENERGY PROJECT WITH 215MW CAPACITY FOR INGEL AT ISTS SUBSTATION ANANTAPUR-II IN ANDHRA PRADESH (TRANCHE-III).,NTPC Green Energy Ltd. (NGEL),Uttar Pradesh,Corporate Center,Work Contract,200000000.00,,,12/02/2026,12/02/2026 :10:00,31/07/2026 :17:00,08/09/2026 :15:00,08/09/2026 :15:30,,Designation: Sr. Manager NTPC Green Energy Ltd 4th Floor Renewables Building NETRA Complex E-3 Ecotech-II Udyog Vihar Greater Noida Gautam Buddha Nagar UP India-201306 Phone: Fax: E-mail:  gurpratapsingh@ntpc.co.in,https://ntpctender.ntpc.co.in/NITDetails/NITs/29466
29467,GEM/2026/B/7187228,Middle Collector Assembly at VSTPS and Vessel Bed Plate / Middle Collector Strainers at SSTPS,Western Region Head Quarter-II,Chhattisgarh,Western Region-II,Services,,,,12/02/2026,12/02/2026 :10:00,05/03/2026 :15:00,05/03/2026 :15:00,05/03/2026 :15:30,,"Designation: Sr. Manager NTPC Limited, Western Region-II Office,
Plot No. 87, Sector-24,
Nava Raipur, Chhattisgarh-492018 Phone: Fax: E-mail:  skkumar01@ntpc.co.in",https://ntpctender.ntpc.co.in/NITDetails/NITs/29467
29468,GEM/2026/B/7227144,MEDICINES PROCUREMENT FROM PRADHAN MANTRI BHARTIYA JAN AUSHADHI KENDRA FOR NTPC PAKRI BARWADIH,Coal Mining HQ-Ranchi,Jharkhand,Coal Mining Region,Work Contract,50000.00,,,13/02/2026,13/02/2026 :10:00,06/03/2026 :15:00,06/03/2026 :15:00,06/03/2026 :15:30,,"Designation: Sr. Manager Shared Services Centre – Coal Mining NTPC Limited, Ranchi - 834002 Phone: Fax: E-mail:  skvashisth@ntpc.co.in",https://ntpctender.ntpc.co.in/NITDetails/NITs/29468
29469,NVVN/C&M/RE-500/2025-26,TENDER FOR SALE OF GYPSUM PRODUCED FROM FGD PLANT OF NTPC SIMHADRI,NVVNL - NTPC Vidyut Vyapar Nigam Ltd.,Uttar Pradesh,JVs & Subsidaries,Services,,,,13/02/2026,13/02/2026 :13:00,27/02/2026 :16:00,27/02/2026 :16:00,27/02/2026 :16:15,,"Designation: Sr. Manager NVVNL, Engineering Office Complex, Plot No. A-8A
Sector 24, Block A, Noida,
Uttar Pradesh 201301 Phone: Fax: E-mail:  nvvncontracts@ntpc.co.in",https://ntpctender.ntpc.co.in/NITDetails/NITs/29469
29470,GEM/2026/B/7218026,Biennial Horticulture Maintenance Work of Park/Playground Religious Places Medicinal Garden of Township of NTPC Dadri for the year 2026-28,Western Region Head Quarter-II,Chhattisgarh,Western Region-II,Work Contract,,,,13/02/2026,13/02/2026 :16:55,28/02/2026 :17:00,28/02/2026 :17:00,28/02/2026 :17:30,,"Designation: DGM NTPC Limited, USSC, CPG-1,
Western Region-II Head Quarter,
Plot No. 87, Sector-24, Atal Nagar,
Nava Raipur, Raipur, Chhattisgarh-492101 Phone: Fax: E-mail:  pankajkumar07@ntpc.co.in",https://ntpctender.ntpc.co.in/NITDetails/NITs/29470
29471,9900310371,Deployment of BLS Ambulance with drivers for 36 months on hire basis for First Aid Centre of NTPC Telangana,Ramagundam Super Thermal Power,Telangana,Southern Region,Work Contract,50000.00,,,13/02/2026,13/02/2026 :10:00,19/02/2026 :16:30,19/02/2026 :16:30,20/02/2026 :15:30,,"Designation: DGM Ramagundam Super Thermal Power Station,
CONTRACT SERVICES & MATERIALS DEPARTMENT
PO Jyothinagar Dist. Peddapalli – 505215 (T.S.) Phone: Fax: E-mail:  psivakumar@ntpc.co.in",https://ntpctender.ntpc.co.in/NITDetails/NITs/29471
29472,NTPC/Sipat/2025-26/AUD/EOI/03,EOI for Identifying Prospective buyers for Brick rejects and debris from NTPC Ash Brick Plant,Sipat Super Thermal Power Project,Chhattisgarh,Western Region-II,Miscellaneous (Others),,,,16/02/2026,16/02/2026 :10:00,12/03/2026 :17:00,12/03/2026 :17:00,,,Designation: DGM Ash Management Office of Ash Utilization 1st Floor Sewa Bhawan Stage-I NTPC SIPAT Post Office Ujjwal Nagar Bilaspur CG 495555 Phone: Fax: E-mail:  ausipat@ntpc.co.in,https://ntpctender.ntpc.co.in/NITDetails/NITs/29472
29473,GEM/2026/B/7230466,Bulk Procurement of Window ACs,Western Region Head Quarter-II,Chhattisgarh,Western Region-II,Work Contract,,,,16/02/2026,16/02/2026 :10:00,10/03/2026 :11:00,10/03/2026 :11:00,10/03/2026 :11:30,,"Designation: Sr. Manager NTPC Limited, Western Region-II Office,
Plot No. 87, Sector-24,
Nava Raipur, Chhattisgarh Phone: Fax: E-mail:  vikashkumar11@ntpc.co.in",https://ntpctender.ntpc.co.in/NITDetails/NITs/29473
29474,GEM/2026/B/7198824,Bulk Procurement of Thermo Vision camera (640 X 480 Pixels),Western Region Head Quarter-II,Chhattisgarh,Western Region-II,Work Contract,,,,16/02/2026,16/02/2026 :10:00,09/03/2026 :15:00,09/03/2026 :15:00,09/03/2026 :15:30,,"Designation: DGM NTPC Limited, Western Region-II Office,
Plot No. 87, Sector-24,
Nava Raipur, Chhattisgarh-492018 Phone: Fax: E-mail:  sushilmeena@ntpc.co.in",https://ntpctender.ntpc.co.in/NITDetails/NITs/29474
29475,GEM/2026/B/7243767,Procurement of High Pressure Water Mist CAF back Pack for CISF Fire Wing at NTPC Unchahar,Western Region Head Quarter-II,Chhattisgarh,Western Region-II,Work Contract,,,,16/02/2026,16/02/2026 :10:00,09/03/2026 :15:00,09/03/2026 :15:00,09/03/2026 :15:30,,"Designation: DGM NTPC Limited, Western Region-II Office,
Plot No. 87, Sector-24,
Nava Raipur, Chhattisgarh-492018 Phone: Fax: E-mail:  ssenthilkumar@ntpc.co.in",https://ntpctender.ntpc.co.in/NITDetails/NITs/29475
29476,NTPC/USSC-CPG1/9900319411,"Supply, Installation and Testing of CCTV Surveillance System in NTPC Dadri Township with 03 Years CAMC.",Western Region Head Quarter-II,Chhattisgarh,Western Region-II,Work Contract,500000.00,,,16/02/2026,16/02/2026 :16:30,09/03/2026 :16:00,09/03/2026 :16:00,11/03/2026 :16:30,,"Designation: DGM NTPC Limited, Western Region-II Office,
Plot No. 87, Sector-24,
Nava Raipur, Chhattisgarh-492018 Phone: Fax: E-mail:  anandshanker@ntpc.co.in",https://ntpctender.ntpc.co.in/NITDetails/NITs/29476
29477,GEM/2026/B/7219402,Procurement of BLDC Fan for Township Area at NTPC Lara,Western Region Head Quarter-II,Chhattisgarh,Western Region-II,Work Contract,50000.00,,,16/02/2026,16/02/2026 :10:00,02/03/2026 :16:00,02/03/2026 :16:00,02/03/2026 :16:30,,"Designation: DGM NTPC Limited, Western Region-II Office,
Plot No. 87, Sector-24,
Nava Raipur, Chhattisgarh-492018 Phone: Fax: E-mail:  sushilmeena@ntpc.co.in",https://ntpctender.ntpc.co.in/NITDetails/NITs/29477
29478,NTPC/USSC-CPG1/9900318923,"Construction of Bitumen Road, RCC Retaining Wall & RCC Drain at Stage-I Ash Dyke of NTPC Kaniha",Western Region Head Quarter-II,Chhattisgarh,Western Region-II,Work Contract,1000000.00,,,16/02/2026,16/02/2026 :16:00,05/03/2026 :13:00,05/03/2026 :13:00,06/03/2026 :15:00,,"Designation: AGM NTPC Limited, Western Region-II Office,
Plot No. 87, Sector-24,
Nava Raipur, Chhattisgarh-492018 Phone: Fax: E-mail:  kkarora@ntpc.co.in",https://ntpctender.ntpc.co.in/NITDetails/NITs/29478
29479,NVVN/C&M/RE-501/2025-26,Procurement of Power from Generators/Energy Storage Providers by NTPC Vidyut Vyapar Nigam Limited (Nodal Agency) for upcoming high demand period.,NVVNL - NTPC Vidyut Vyapar Nigam Ltd.,Uttar Pradesh,JVs & Subsidaries,Work Contract,,,,13/02/2026,13/02/2026 :20:30,25/02/2026 :16:55,25/02/2026 :17:00,25/02/2026 :17:00,,"Designation: Sr. Manager NTPC VIDYUT VYAPAR NIGAM LIMITED, 5th Floor, Engineering Office Complex, A-8A, Sector-24, Noida–201301 (U.P.) Phone: Fax: E-mail:  nvvncontracts@ntpc.co.in",https://ntpctender.ntpc.co.in/NITDetails/NITs/29479
29480,NTPC/USSC-CPG1/9900319251,Supply and Installation of Fully Automatic Brick/Block Machine for NTPC Kanti,Western Region Head Quarter-II,Chhattisgarh,Western Region-II,Work Contract,200000.00,,,16/02/2026,17/02/2026 :09:00,09/03/2026 :15:00,09/03/2026 :15:00,11/03/2026 :15:00,,"Designation: Sr. Manager NTPC Limited, Central Procurement Group-I,
WR-II Office, Sector-24,
Nava Raipur, Chhattisgarh - 492018 Phone: Fax: E-mail:  harshmamodia@ntpc.co.in",https://ntpctender.ntpc.co.in/NITDetails/NITs/29480
29481,NTPC/USSC-CPG1/9900319285,RCC Road inside the Plant NTPC Kudgi,Western Region Head Quarter-II,Chhattisgarh,Western Region-II,Work Contract,5000000.00,,,17/02/2026,17/02/2026 :12:00,10/03/2026 :15:00,10/03/2026 :15:00,12/03/2026 :15:00,,"Designation: Sr. Manager NTPC Limited, Western Region-II Office,
Plot No. 87, Sector-24,
Nava Raipur, Chhattisgarh-492018 Phone: Fax: E-mail:  reshusingh@ntpc.co.in",https://ntpctender.ntpc.co.in/NITDetails/NITs/29481
29482,NVVN/C&M/2025-26/RE-485,DEVELOPMENT OF 3 MW GRID CONNECTED ROOF TOP SOLAR POWER PROJECT IN BEHIND THE METER MODE AT BNP DEWAS,NVVNL - NTPC Vidyut Vyapar Nigam Ltd.,Uttar Pradesh,JVs & Subsidaries,Work Contract,2000000.00,,,17/02/2026,17/02/2026 :13:00,09/03/2026 :17:00,09/03/2026 :17:00,10/03/2026 :15:00,,"Designation: Sr. Manager NTPC VIDYUT VYAPAR NIGAM LIMITED,
EOC, Plot No. A-8A Sector 24, Block A, Noida, Uttar Pradesh 201301 Phone: Fax: E-mail:  arunkumar01@ntpc.co.in",https://ntpctender.ntpc.co.in/NITDetails/NITs/29482
29483,9900320244,Construction of RCC Road at CHP and Other Locations of Stage-1 Area at NTPC Unchahar,Western Region Head Quarter-II,Chhattisgarh,Western Region-II,Work Contract,,,,17/02/2026,17/02/2026 :17:00,04/03/2026 :16:00,04/03/2026 :16:00,05/03/2026 :16:00,,"Designation: DGM NTPC Limited, USSC, CPG-1, Western Region-II Head Quarter, Plot No.-87, Sector-24, Atal Nagar Nava Raipur, Raipur, Chhattisgarh-492018 Phone: Fax: E-mail:  pankajkumar07@ntpc.co.in",https://ntpctender.ntpc.co.in/NITDetails/NITs/29483
29484,CS-6401-714A-9,Transportation Logistic Study for Over Dimensional Cargo (ODC) for Great Nicobar Island (GNI) Gas based Power Project,Corporate Contracts,Uttar Pradesh,Corporate Center,Consultancy Services,,,,17/02/2026,17/02/2026 :10:00,24/02/2026 :15:00,24/02/2026 :15:00,24/02/2026 :15:30,,"Designation: Sr. Manager NTPC Limited, Plot A-8A, Sector 24, Noida-201301, State of U.P. India Phone: Fax: E-mail:  amitdhiman01@ntpc.co.in",https://ntpctender.ntpc.co.in/NITDetails/NITs/29484
29485,9900319238,Civil Work for the Installation of CPU reg Steam-3 for Existing CPU reg Steams at North Karanpura STPP,Western Region Head Quarter-II,Chhattisgarh,Western Region-II,Work Contract,,,,17/02/2026,17/02/2026 :18:30,05/03/2026 :16:00,05/03/2026 :16:00,06/03/2026 :16:00,,"Designation: DGM NTPC Limited, USSC, CPG-1, Western Region-II Head Quarter, Plot No.-87, Sector-24, Atal Nagar Nava Raipur, Raipur, Chhattisgarh-492018 Phone: Fax: E-mail:  pankajkumar07@ntpc.co.in",https://ntpctender.ntpc.co.in/NITDetails/NITs/29485
29486,CS-6401-001-2,"GREAT NICOBAR ISLAND GAS ENGINE POWER PROJECT (108 MW +/-5 MW) EPC PACKAGE LOCATED AT GREAT NICOBAR ISLAND, INDIA",Corporate Contracts,Uttar Pradesh,Corporate Center,Work Contract,,,,17/02/2026,18/03/2026 :10:00,10/04/2026 :13:00,10/04/2026 :13:00,10/04/2026 :16:00,,"Designation: Sr. Manager NTPC Limited,
6th Floor, EOC, A-8A, Sector-24, NOIDA, Distt. Gautam
Buddha Nagar, (UP), India-201301 Phone: Fax: E-mail:  priyanka@ntpc.co.in",https://ntpctender.ntpc.co.in/NITDetails/NITs/29486
29487,NTPC/USSC-CPG1/9900319852,SUPPLY CUM APPLICATION OF LRB MATRESS INSULATION ALONG WITH ALUMINIUM CLADDING,Western Region Head Quarter-II,Chhattisgarh,Western Region-II,Work Contract,1000000.00,,,18/02/2026,18/02/2026 :10:00,10/03/2026 :15:00,10/03/2026 :15:00,12/03/2026 :15:00,,"Designation: DGM NTPC Limited, Western Region-II Head Quarter,
Plot No. 87, Sector-24, Atal Nagar,
Nava Raipur, Raipur, Chhattisgarh-492018 Phone: Fax: E-mail:  srikark@ntpc.co.in",https://ntpctender.ntpc.co.in/NITDetails/NITs/29487
29488,CS-1150-364-9,"EPC Township Package for Singrauli STPP, Stage-III (2x800MW). Bidding Document No. CS-1150-364-9",Corporate Contracts,Uttar Pradesh,Corporate Center,Work Contract,50000000.00,,,17/02/2026,19/03/2026 :10:00,20/04/2026 :11:00,20/04/2026 :11:00,21/04/2026 :11:00,,Designation: Sr. Manager NTPC Limited 6th Floor EOC A-8A Sector-24 NOIDA Distt. Gautam Buddha Nagar UP India-201301 Phone: Fax: E-mail:  sthareja@ntpc.co.in,https://ntpctender.ntpc.co.in/NITDetails/NITs/29488
29489,GEM/2026/B/7230049,BMC for Horticulture Works in Plant at NCPS Dadri,Western Region Head Quarter-II,Chhattisgarh,Western Region-II,Work Contract,,,,17/02/2026,17/02/2026 :17:00,04/03/2026 :16:00,04/03/2026 :16:00,04/03/2026 :16:30,,"Designation: DGM NTPC Limited, USSC, CPG-1,
Western Region-II Head Quarter,
Plot No. 87, Sector-24, Atal Nagar,
Nava Raipur, Raipur, Chhattisgarh-492101 Phone: Fax: E-mail:  pankajkumar07@ntpc.co.in",https://ntpctender.ntpc.co.in/NITDetails/NITs/29489
29490,GEM/2026/B/7203362,HIRING OF 04 NOS OF CARS ON RENTAL BASIS FOR INSPECTION DEPARTMENT OF RIO-DELHI FOR 18 MONTHS,Corporate Contracts,Uttar Pradesh,Corporate Center,Work Contract,50000.00,,,18/02/2026,18/02/2026 :10:00,05/03/2026 :15:00,05/03/2026 :15:00,05/03/2026 :15:30,,"Designation: Manager NTPC Ltd., Engineering Office Complex,
Plot No. A-8A, Sector-24, NOIDA-201301, UP, India Phone: Fax: E-mail:  shilpakareddy@ntpc.co.in",https://ntpctender.ntpc.co.in/NITDetails/NITs/29490
29491,GEM/2026/B/7231538,"Outsourcing of Dental Unit at NSTPS Hospital, Nabinagar",Western Region Head Quarter-II,Chhattisgarh,Western Region-II,Work Contract,50000.00,,,17/02/2026,17/02/2026 :10:00,04/03/2026 :12:00,04/03/2026 :12:00,04/03/2026 :12:30,,"Designation: DGM NTPC Limited, USSC, CPG-1,
Western Region-II Head Quarter,
Plot No. 87, Sector-24, Atal Nagar,
Nava Raipur, Raipur, Chhattisgarh-492101 Phone: Fax: E-mail:  anandshanker@ntpc.co.in",https://ntpctender.ntpc.co.in/NITDetails/NITs/29491
29492,GEM/2026/B/7250283,Procurement of Sulphamic ACID for Condenser Chemical Cleaning at NTECL Vallur,NTECL: NTPC TamilNadu Energy Company Ltd.,Tamilnadu,JVs & Subsidaries,Work Contract,50000.00,,,19/02/2026,19/02/2026 :10:00,10/03/2026 :17:00,10/03/2026 :17:00,10/03/2026 :17:30,,"Designation: Sr. Manager NTECL, Vallur Thermal Power Project, Kuruvimedu Village,
Ponneri Taluk, Vellivayal Chavadi Post, Thiruvallur Dist. Chennai-600103 Phone: Fax: E-mail:  nchaplot@ntpc.co.in",https://ntpctender.ntpc.co.in/NITDetails/NITs/29492
29493,GEM/2026/B/7193284,Procurement of ED-XRF Analysers,Western Region Head Quarter-II,Chhattisgarh,Western Region-II,Work Contract,,,,19/02/2026,19/02/2026 :10:00,13/03/2026 :10:00,13/03/2026 :10:00,13/03/2026 :10:30,,"Designation: Sr. Manager NTPC Limited, Western Region-II Office,
Plot No. 87, Sector-24,
Nava Raipur, Chhattisgarh Phone: Fax: E-mail:  vikashkumar11@ntpc.co.in",https://ntpctender.ntpc.co.in/NITDetails/NITs/29493
29494,GEM/2026/B/7215517,Procurement of APH SEAL SETS FOR Stage-2 & 3 NTPC Ramagundam,Western Region Head Quarter-II,Chhattisgarh,Western Region-II,Work Contract,,,,17/02/2026,17/02/2026 :10:00,04/03/2026 :13:00,04/03/2026 :13:00,04/03/2026 :13:30,,"Designation: Sr. Manager NTPC Limited, Western Region-II Office,
Plot No. 87, Sector-24,
Nava Raipur, Chhattisgarh Phone: Fax: E-mail:  vikashkumar11@ntpc.co.in",https://ntpctender.ntpc.co.in/NITDetails/NITs/29494
29495,CS-5505-905B-9,Balance works of SFT lining and Outfall for TAPOVAN VISHNUGAD HYDRO ELECTRIC POWER PROJECT (4x130 MW),Corporate Contracts,Uttar Pradesh,Corporate Center,Civil Works,5000000.00,,,20/02/2026,20/02/2026 :19:00,23/03/2026 :13:00,23/03/2026 :13:00,24/03/2026 :16:00,,"Designation: Sr. Manager NTPC Limited,
6th Floor, Engineering Office Complex,
A-8A, Sector-24, NOIDA,
Dist. Gautam Budh Nagar, (UP), INDIA - 201301 Phone: Fax: E-mail:  sonamkumari@ntpc.co.in",https://ntpctender.ntpc.co.in/NITDetails/NITs/29495
29496,NTPC/USSC-CPGl/9900320262,"Supply, Erection and Commissioning of NGL Firefighting System at NTPC Kawas",Western Region Head Quarter-II,Chhattisgarh,Western Region-II,Work Contract,100000.00,,,20/02/2026,20/02/2026 :18:55,06/03/2026 :16:30,06/03/2026 :16:30,09/03/2026 :16:30,,"Designation: DGM NTPC Limited, Western Region-II Office,
Plot No. 87, Sector-24,
Nava Raipur, Chhattisgarh-492018 Phone: Fax: E-mail:  anandshanker@ntpc.co.in",https://ntpctender.ntpc.co.in/NITDetails/NITs/29496
29497,9900320080,MAINTENANCE OF EXTERNAL AND INTERNAL WATER SUPPLY SYSTEM OF PTS AND CISF COLONY.,Western Region Head Quarter-II,Chhattisgarh,Western Region-II,Work Contract,,,,21/02/2026,21/02/2026 :13:00,09/03/2026 :16:00,09/03/2026 :16:00,10/03/2026 :16:00,,"Designation: DGM NTPC Limited, USSC, CPG-1,
Western Region-II Head Quarter,
Plot No. 87, Sector-24, Atal Nagar,
Nava Raipur, Raipur, Chhattisgarh-492018 Phone: Fax: E-mail:  pankajkumar07@ntpc.co.in",https://ntpctender.ntpc.co.in/NITDetails/NITs/29497
29498,GEM/2026/B/7233211,Procurement of Multifunction Color Laser Printers for ED Offices,Corporate Contracts,Uttar Pradesh,Corporate Center,Work Contract,,,,20/02/2026,20/02/2026 :10:00,07/03/2026 :12:00,07/03/2026 :12:00,07/03/2026 :12:30,,"Designation: Manager NTPC Ltd., Engineering Office Complex,
Plot No. A-8A, Sector-24, NOIDA-201301, UP, India Phone: Fax: E-mail:  shilpakareddy@ntpc.co.in",https://ntpctender.ntpc.co.in/NITDetails/NITs/29498
29499,GEM/2026/B/7244723,Audit of Online Vigilance Systems,Corporate Contracts,Uttar Pradesh,Corporate Center,Work Contract,,,,20/02/2026,20/02/2026 :10:00,07/03/2026 :16:00,07/03/2026 :16:00,07/03/2026 :16:30,,"Designation: Manager NTPC Ltd., Engineering Office Complex,
Plot No. A-8A, Sector-24, NOIDA-201301, UP, India Phone: Fax: E-mail:  shilpakareddy@ntpc.co.in",https://ntpctender.ntpc.co.in/NITDetails/NITs/29499
29500,GEM/2026/B/7240310,Procurement of Self-Propelled Articulating Boom Lift with a Minimum Working Platform Height of 38 Meters or More,Western Region Head Quarter-II,Chhattisgarh,Western Region-II,Work Contract,500000.00,,,20/02/2026,20/02/2026 :10:00,02/03/2026 :14:00,02/03/2026 :14:00,02/03/2026 :14:30,,"Designation: DGM NTPC Limited, Western Region-II Office,
Plot No. 87, Sector-24,
Nava Raipur, Chhattisgarh Phone: Fax: E-mail:  manishkumar06@ntpc.co.in",https://ntpctender.ntpc.co.in/NITDetails/NITs/29500
29501,GEM/2026/B/7165927,Bulk Procurement of Pressure Gauges for NTPC Stations,Western Region Head Quarter-II,Chhattisgarh,Western Region-II,Work Contract,,,,17/02/2026,17/02/2026 :10:00,06/03/2026 :11:00,06/03/2026 :11:00,06/03/2026 :11:30,,"Designation: DGM NTPC Limited, Western Region-II Office,
Plot No. 87, Sector-24,
Nava Raipur, Chhattisgarh-492018 Phone: Fax: E-mail:  pushpakashyap@ntpc.co.in",https://ntpctender.ntpc.co.in/NITDetails/NITs/29501
29502,GEM/2026/B/7252896,PROCUREMENT OF CUPLOCK SCAFFOLDING MATERIAL FOR BMD-PP AT NTPC SINGRAULI,Western Region Head Quarter-II,Chhattisgarh,Western Region-II,Work Contract,500000.00,,,20/02/2026,20/02/2026 :10:00,13/03/2026 :11:00,13/03/2026 :11:00,13/03/2026 :11:30,,"Designation: DGM NTPC Limited, Western Region-II Office, Plot No. 87, Sector-24, Nava Raipur, Chhattisgarh-492018 Phone: Fax: E-mail:  pushpakashyap@ntpc.co.in",https://ntpctender.ntpc.co.in/NITDetails/NITs/29502
29503,GEM/2026/B/7249343,AI- Based Tool for IPD Bill Verification and Processing,Corporate Contracts,Uttar Pradesh,Corporate Center,Services,200000.00,,,23/02/2026,23/02/2026 :10:00,10/04/2026 :15:00,10/04/2026 :15:00,10/04/2026 :15:30,,Designation: Sr. Manager NTPC Ltd. Engineering Office Complex Plot No. A-8A Sector-24 NOIDA-201301 UP India Phone: Fax: E-mail:  satishksharma@ntpc.co.in,https://ntpctender.ntpc.co.in/NITDetails/NITs/29503
29504,GEM/2026/B/7280434,Procurement of 250NB Pipe for BADL Maintenance for NTPC Kahalgaon,Western Region Head Quarter-II,Chhattisgarh,Western Region-II,Work Contract,1000000.00,,,23/02/2026,23/02/2026 :10:00,16/03/2026 :15:00,16/03/2026 :15:00,16/03/2026 :15:30,,"Designation: DGM NTPC Limited, Western Region-II Office,
Plot No. 87, Sector-24,
Nava Raipur, Chhattisgarh-492018 Phone: Fax: E-mail:  ssenthilkumar@ntpc.co.in",https://ntpctender.ntpc.co.in/NITDetails/NITs/29504
29505,NVVN/C&M/RE-498/2025-26,TENDER FOR SALE OF GYPSUM PRODUCED FROM FGD PLANT OF NTPC TANDA,NVVNL - NTPC Vidyut Vyapar Nigam Ltd.,Uttar Pradesh,JVs & Subsidaries,Services,,,,24/02/2026,24/02/2026 :12:00,16/03/2026 :18:00,16/03/2026 :18:00,17/03/2026 :15:00,,"Designation: Sr. Manager NVVNL, EOC, Plot No. A-8A
Sector 24, Block A, Noida, Uttar Pradesh 201301 Phone: Fax: E-mail:  nvvncontracts@ntpc.co.in",https://ntpctender.ntpc.co.in/NITDetails/NITs/29505
29506,GEM/2026/B/7241130,Procurement of Self Propelled Articulated Boom Lift (56 Meters).,Western Region Head Quarter-II,Chhattisgarh,Western Region-II,Work Contract,200000.00,,,24/02/2026,24/02/2026 :10:00,17/03/2026 :11:00,17/03/2026 :11:00,17/03/2026 :11:30,,"Designation: DGM NTPC Limited, Western Region-II Office,
Plot No. 87, Sector-24,
Nava Raipur, Chhattisgarh Phone: Fax: E-mail:  manishkumar06@ntpc.co.in",https://ntpctender.ntpc.co.in/NITDetails/NITs/29506
29507,GEM/2026/B/7277089,PROCUREMENT OF BOILER TUBE (Alloy Steel-T91) FOR ST- II/PLATEN SH&RH/ 100259597,Western Region Head Quarter-II,Chhattisgarh,Western Region-II,Work Contract,,,,23/02/2026,23/02/2026 :10:00,13/03/2026 :15:00,13/03/2026 :15:00,13/03/2026 :15:30,,"Designation: DGM NTPC Limited, Western Region-II Office,
Plot No. 87, Sector-24,
Nava Raipur, Chhattisgarh-492018 Phone: Fax: E-mail:  sushilmeena@ntpc.co.in",https://ntpctender.ntpc.co.in/NITDetails/NITs/29507
29508,GEM/2026/B/7269025,Job Contract for Assistance in Mining Works at Pakri Barwadih North West CMP,Coal Mining HQ-Ranchi,Jharkhand,Coal Mining Region,Work Contract,,,,20/02/2026,20/02/2026 :10:00,06/03/2026 :15:00,06/03/2026 :15:00,06/03/2026 :15:30,,"Designation: Sr. Manager Shared Services Centre – Coal Mining NTPC Limited, Ranchi - 834002 Phone: Fax: E-mail:  skvashisth@ntpc.co.in",https://ntpctender.ntpc.co.in/NITDetails/NITs/29508
29509,GEM/2026/B/7273367,"Job Contract for Services, Security and Legal Consultants, Courier Services, DEO, OSA, Cook, Bearer, Supervisor at PBCMP for 1 Year",Coal Mining HQ-Ranchi,Jharkhand,Coal Mining Region,Work Contract,500000.00,,,24/02/2026,24/02/2026 :10:00,10/03/2026 :15:00,10/03/2026 :15:00,10/03/2026 :15:30,,"Designation: Sr. Manager Shared Services Centre – Coal Mining NTPC Limited, Ranchi - 834002 Phone: Fax: E-mail:  skvashisth@ntpc.co.in",https://ntpctender.ntpc.co.in/NITDetails/NITs/29509
29510,GEM/2026/B/7262861,"Integrated HAZOP Study of CTM Project, Green Chemical Department of NTPC Vindhyachal",Corporate Contracts,Uttar Pradesh,Corporate Center,Work Contract,,,,24/02/2026,24/02/2026 :10:00,11/03/2026 :15:00,11/03/2026 :15:00,11/03/2026 :15:30,,"Designation: Manager NTPC Ltd., Engineering Office Complex,
Plot No. A-8A, Sector-24, NOIDA-201301, UP, India Phone: Fax: E-mail:  shilpakareddy@ntpc.co.in",https://ntpctender.ntpc.co.in/NITDetails/NITs/29510
29511,GEM/2026/B/7249096,Procurement of Digital Storage Oscilloscope and Accessories,Corporate Contracts,Uttar Pradesh,Corporate Center,Work Contract,,,,17/02/2026,17/02/2026 :10:00,27/02/2026 :15:00,27/02/2026 :15:00,27/02/2026 :15:30,,"Designation: Sr. Manager NTPC Ltd., Engineering Office Complex,
Plot No. A-8A, Sector-24, NOIDA-201301, UP, India Phone: Fax: E-mail:  parixitrariya@ntpc.co.in",https://ntpctender.ntpc.co.in/NITDetails/NITs/29511
29512,GEM/2026/B/7284879,"Supply, Transportation, Installation including Civil Works, Testing and Commissioning of Solar Streetlight",Coal Mining HQ-Ranchi,Jharkhand,Coal Mining Region,Services,50000.00,,,25/02/2026,25/02/2026 :10:00,11/03/2026 :15:00,11/03/2026 :15:00,11/03/2026 :15:30,,"Designation: Sr. Manager Shared Services Centre – Coal Mining NTPC Limited, Ranchi - 834002 Phone: Fax: E-mail:  skvashisth@ntpc.co.in",https://ntpctender.ntpc.co.in/NITDetails/NITs/29512
29513,GEM/2026/B/7274595,PROCUREMENT OF ESP VACUUM PUMP ASSEMBLY AND SPARES,NTECL: NTPC TamilNadu Energy Company Ltd.,Tamilnadu,JVs & Subsidaries,Work Contract,200000.00,,,25/02/2026,25/02/2026 :10:00,18/03/2026 :16:00,18/03/2026 :16:00,18/03/2026 :16:30,,"Designation: DGM NTPC Tamilnadu Energy Co. Ltd (NTECL),
Vallur Thermal Power Station, 
Chennai - 600103 Phone: Fax: E-mail:  lokanathams@ntpc.co.in",https://ntpctender.ntpc.co.in/NITDetails/NITs/29513
29514,GEM/2026/B/7291070,Procurement of Conveyor Belt for CHP NTPC Kanti,Western Region Head Quarter-II,Chhattisgarh,Western Region-II,Work Contract,,,,25/02/2026,25/02/2026 :10:00,18/03/2026 :15:00,18/03/2026 :15:00,18/03/2026 :15:30,,"Designation: DGM NTPC Limited, Western Region-II Office,
Plot No. 87, Sector-24,
Nava Raipur, Chhattisgarh-492018 Phone: Fax: E-mail:  ssenthilkumar@ntpc.co.in",https://ntpctender.ntpc.co.in/NITDetails/NITs/29514
29515,GEM/2026/B/7253350,DIGITIZATION OF LEGACY DOCUMENTS AND RMS SERVICE FOR NTECL,NTECL: NTPC TamilNadu Energy Company Ltd.,Tamilnadu,JVs & Subsidaries,Services,200000.00,,,18/02/2026,18/02/2026 :10:00,28/02/2026 :17:00,28/02/2026 :17:00,28/02/2026 :17:30,,"Designation: DGM NTECL (NTPC Tamilnadu Energy Co. Ltd.) Vallur TPP, Chennai-600 103 Phone: Fax: E-mail:  mohan02@ntpc.co.in",https://ntpctender.ntpc.co.in/NITDetails/NITs/29515
29516,9900319728,SITC OF PERIPHERAL SECURITY SURVEILLANCE SYSTEM AT NTPC LARA STPP,Corporate Contracts,Uttar Pradesh,Corporate Center,Work Contract,1000000.00,,,25/02/2026,25/02/2026 :10:00,25/03/2026 :16:00,25/03/2026 :16:00,26/03/2026 :16:00,,"Designation: DGM NTPC Limited, 6th Floor, EOC,
A-8A, Sector-24, NOIDA,
Dist. Gautam Budh Nagar, (UP), INDIA - 201 301 Phone: Fax: E-mail:  matamlathamma@ntpc.co.in",https://ntpctender.ntpc.co.in/NITDetails/NITs/29516
29517,NTPC/USSC-CPG1/9900320681,Balance Installation and Supply of Fire Detection and Protection System (FDPS) Package for Darlipali STPP-I,Western Region Head Quarter-II,Chhattisgarh,Western Region-II,Work Contract,1000000.00,,,25/02/2026,25/02/2026 :18:55,18/03/2026 :16:30,18/03/2026 :16:30,20/03/2026 :16:30,,"Designation: DGM NTPC Limited, Western Region-II Office,
Plot No. 87, Sector-24,
Nava Raipur, Chhattisgarh-492018 Phone: Fax: E-mail:  anandshanker@ntpc.co.in",https://ntpctender.ntpc.co.in/NITDetails/NITs/29517
29518,9900320404,Repair and Relaying Of Bitumen Layer in Roads Outside Plant Boundary at NTPC TSTPS Kaniha,Western Region Head Quarter-II,Chhattisgarh,Western Region-II,Work Contract,,,,26/02/2026,26/02/2026 :13:00,10/03/2026 :16:00,10/03/2026 :16:00,11/03/2026 :16:00,,"Designation: DGM NTPC Limited, USSC, CPG-1,
Western Region-II Head Quarter,
Plot No. 87, Sector-24, Atal Nagar,
Nava Raipur, Raipur, Chhattisgarh-492018 Phone: Fax: E-mail:  pankajkumar07@ntpc.co.in",https://ntpctender.ntpc.co.in/NITDetails/NITs/29518
29519,GEM/2026/B/7114822,Procurement of Alloy Tubes (Grade 23) for Boiler Area at PVUNL,Patratu Vidyut Utpadan Nigam Limited (Subsidiary),Jharkhand,JVs & Subsidaries,Work Contract,,,,26/02/2026,26/02/2026 :10:00,19/03/2026 :15:00,19/03/2026 :15:00,19/03/2026 :15:30,,"Designation: Sr. Manager PVUNL (A subsidiary of NTPC Ltd. in joint venture with JBVNL)
PO - PTPS Patratu, Ramgarh, Jharkhand, India-829119 Phone: Fax: E-mail:  manjulabhagat@ntpc.co.in",https://ntpctender.ntpc.co.in/NITDetails/NITs/29519
29520,NTPC/SSC-CoalMining(Ranchi)/9900320806,Repair and Strengthening of Coal Transportation Road of PBCMP from Fatah to TP 10 and Oderna to Sirka More,Coal Mining HQ-Ranchi,Jharkhand,Coal Mining Region,Work Contract,1000000.00,,,26/02/2026,26/02/2026 :15:35,12/03/2026 :14:30,12/03/2026 :14:30,13/03/2026 :15:00,,"Designation: Sr. Manager SSC, Coal Mining Co, NTPC Mining Ltd,
Ram Keshi Heights Plot No. 123 Old A G Colony Kadru, Ranchi-834002 Phone: Fax: E-mail:  skvashisth@ntpc.co.in",https://ntpctender.ntpc.co.in/NITDetails/NITs/29520
29521,GEM/2026/B/7296818,"Procurement of 100NB, 125NB Pipes for CHP TSTPS Kaniha",Western Region Head Quarter-II,Chhattisgarh,Western Region-II,Work Contract,,,,26/02/2026,26/02/2026 :10:00,12/03/2026 :15:00,12/03/2026 :15:00,12/03/2026 :15:30,,"Designation: DGM NTPC Limited, Western Region-II Office,
Plot No. 87, Sector-24,
Nava Raipur, Chhattisgarh-492018 Phone: Fax: E-mail:  ssenthilkumar@ntpc.co.in",https://ntpctender.ntpc.co.in/NITDetails/NITs/29521
29522,ASHVINI/MBRAPP/EOI/02,Expression of Interest MBRAPP for Ratlam Guest House,ASHVINI (AnuShatki Vidhyut Nigam) Ltd.,Rajasthan,JVs & Subsidaries,Miscellaneous (Others),,,,26/02/2026,03/03/2026 :10:00,24/03/2026 :17:00,24/03/2026 :17:00,,,"Designation: Sr. Manager MBRAPP/ASHVINI, NAPLA, TEHSIL CHHOTI SARWAN DISTT. BANSWARA, RAJASTHAN - 327001 Phone: Fax: E-mail:  chandrashekharsoni@ntpc.co.in",https://ntpctender.ntpc.co.in/NITDetails/NITs/29522
29523,NTPC/USSC-CPG1/9900320067,"Replacement/Laying/Dismantling of Fire Hydrant, Fire Spray, Service Water, Hvac, Sludge
Lines and Other Misc. Pipelines at Stage 1 and 2 Offsite Area at NTPC Barh",Western Region Head Quarter-II,Chhattisgarh,Western Region-II,Services,200000.00,,,27/02/2026,27/02/2026 :18:00,18/03/2026 :15:00,18/03/2026 :15:00,20/03/2026 :15:00,,"Designation: DGM NTPC Limited, USSC, CPG-1,
Western Region-II Head Quarter,
Plot No. 87, Sector-24, Atal Nagar,
Nava Raipur, Raipur, Chhattisgarh-492101 Phone: Fax: E-mail:  srikark@ntpc.co.in",https://ntpctender.ntpc.co.in/NITDetails/NITs/29523
29524,GEM/2026/B/7276411,Fabrication and Erection of New Roof Truss after Dismantling the Corroded Roof Truss of Heavy-duty Store Room of Permanent Store at NTECL,NTECL: NTPC TamilNadu Energy Company Ltd.,Tamilnadu,JVs & Subsidaries,Work Contract,50000.00,,,25/02/2026,25/02/2026 :10:00,10/03/2026 :15:00,10/03/2026 :15:00,10/03/2026 :15:30,,"Designation: Sr. Manager NTECL, Vallur Thermal Power Station,
Post Vellivoyal chavadi, 
Taluk - Ponneri 
Dist. Thiruvallur, 
Chennai - 600103 Phone: Fax: E-mail:  vckamal@ntpc.co.in",https://ntpctender.ntpc.co.in/NITDetails/NITs/29524
29525,GEM/2026/B/7282699,Hiring of 3 Sedan for Inspection - RIO Bangalore Office,Corporate Contracts,Uttar Pradesh,Corporate Center,Work Contract,50000.00,,,27/02/2026,27/02/2026 :10:00,13/03/2026 :15:00,13/03/2026 :15:00,13/03/2026 :15:30,,"Designation: Manager NTPC Ltd., Engineering Office Complex,
Plot No. A-8A, Sector-24, NOIDA-201301, UP, India Phone: Fax: E-mail:  shilpakareddy@ntpc.co.in",https://ntpctender.ntpc.co.in/NITDetails/NITs/29525
29526,GEM/2026/B/7302711,ERECTION OF GRP STREET LIGHT POLES AT NTECL,NTECL: NTPC TamilNadu Energy Company Ltd.,Tamilnadu,JVs & Subsidaries,Services,50000.00,,,27/02/2026,27/02/2026 :10:00,13/03/2026 :15:00,13/03/2026 :15:00,13/03/2026 :15:30,,"Designation: Sr. Manager NTECL, Vallur Thermal Power Station, Post Vellivoyal chavadi, Taluk - Ponneri Dist. Thiruvallur, Chennai - 600103 Phone: Fax: E-mail:  vckamal@ntpc.co.in",https://ntpctender.ntpc.co.in/NITDetails/NITs/29526
29527,GEM/2026/B/7304667,Supply cum Erection Commissioning of Cooling tower Condenser Pump,IGSTPP: Aravali Power Copany Private Limited-Jhajjar (JV),Haryana,JVs & Subsidaries,Equipment Supply & Erection,50000.00,,,28/02/2026,28/02/2026 :10:00,14/03/2026 :15:00,14/03/2026 :15:00,14/03/2026 :15:30,,"Designation: Sr. Manager IGSTPP, Aravali Power Company Private Limited-Jhajjar (JV),
P.O. Jharli, Dist. Jhajjar, Haryana-124141 Phone: Fax: E-mail:  amitsaikia@ntpc.co.in",https://ntpctender.ntpc.co.in/NITDetails/NITs/29527
29528,GEM/2026/B/7303036,PROCUREMENT OF GRP SHEET FOR COOLING TOWER AT BgTPP 100265907,Western Region Head Quarter-II,Chhattisgarh,Western Region-II,Work Contract,,,,28/02/2026,28/02/2026 :10:00,14/03/2026 :15:00,14/03/2026 :15:00,14/03/2026 :15:30,,"Designation: DGM NTPC Limited, Western Region-II Office,
Plot No. 87, Sector-24,
Nava Raipur, Chhattisgarh-492018 Phone: Fax: E-mail:  sushilmeena@ntpc.co.in",https://ntpctender.ntpc.co.in/NITDetails/NITs/29528
29529,GEM/2026/B/7304375,Procurement of BLDC Fan for Township Area at NTPC Lara,Western Region Head Quarter-II,Chhattisgarh,Western Region-II,Work Contract,50000.00,,,28/02/2026,28/02/2026 :10:00,16/03/2026 :16:00,16/03/2026 :16:00,16/03/2026 :16:30,,"Designation: DGM NTPC Limited, Western Region-II Office, Plot No. 87, Sector-24, Nava Raipur, Chhattisgarh-492018 Phone: Fax: E-mail:  sushilmeena@ntpc.co.in",https://ntpctender.ntpc.co.in/NITDetails/NITs/29529
29530,BRBCL/HR/2025-26/HR-RR/518674,"EXPRESSION OF INTEREST (EOI-01/2026), APPLICATION of GRASS CUTTING EXCLUSIVELY FOR PROJECT AFFECTED PERSONS (PAPs) of BRBC",Bhartiya Rail Bijlee Company Limited (Subsidiary),Bihar,JVs & Subsidaries,Miscellaneous (Others),,,,02/03/2026,02/03/2026 :09:00,23/03/2026 :17:00,23/03/2026 :17:00,,,"Designation: AGM BRBCL (Bhartiya Rail Bijlee Company Ltd), NTPC, KHAIRA
NABINAGAR, AURANGABAD, BIHAR-824303 Phone: Fax: E-mail:  snpattanayak@ntpc.co.in",https://ntpctender.ntpc.co.in/NITDetails/NITs/29530
29531,NTPC/SSC-CoalMining(Ranchi)/9900320886,RCC Paving of Parking Area at Weighbridge-02 at NTPC Mining Limited KDCMP,Coal Mining HQ-Ranchi,Jharkhand,Coal Mining Region,Work Contract,100000.00,,,02/03/2026,02/03/2026 :11:30,16/03/2026 :15:00,16/03/2026 :15:00,17/03/2026 :15:00,,"Designation: Sr. Manager Shared Services Centre Coal Mining Co. NTPC Mining Ltd.,
Ram Keshi Heights, Plot No. 123, Old A.G. Colony, Kadru, Ranchi-834002 Phone: Fax: E-mail:  skvashisth@ntpc.co.in",https://ntpctender.ntpc.co.in/NITDetails/NITs/29531
29532,GEM/2026/B/7307169,Procurement of 450 NB MS PIPE FOR ADM NTPC FARAKKA.,Western Region Head Quarter-II,Chhattisgarh,Western Region-II,Work Contract,200000.00,,,28/02/2026,28/02/2026 :10:00,23/03/2026 :16:00,23/03/2026 :16:00,23/03/2026 :16:30,,"Designation: DGM NTPC Limited, Western Region-II Office,
Plot No. 87, Sector-24,
Nava Raipur, Chhattisgarh-492018 Phone: Fax: E-mail:  ssenthilkumar@ntpc.co.in",https://ntpctender.ntpc.co.in/NITDetails/NITs/29532
29533,GEM/2026/B/7276541,Procurement of Special Bolts for Coal Mill at NTPC Solapur,Western Region Head Quarter-II,Chhattisgarh,Western Region-II,Work Contract,,,,27/02/2026,27/02/2026 :10:00,14/03/2026 :19:00,14/03/2026 :19:00,14/03/2026 :19:30,,"Designation: Sr. Manager NTPC Limited, Western Region-II Office,
Plot No. 87, Sector-24,
Nava Raipur, Chhattisgarh Phone: Fax: E-mail:  vikashkumar11@ntpc.co.in",https://ntpctender.ntpc.co.in/NITDetails/NITs/29533
29534,GEM/2026/B/7306595,PROCUREMENT OF BIOLOGICAL INCUBATOR FOR LABORATORY.,NTECL: NTPC TamilNadu Energy Company Ltd.,Tamilnadu,JVs & Subsidaries,Work Contract,,,,02/03/2026,02/03/2026 :10:00,12/03/2026 :17:00,12/03/2026 :17:00,12/03/2026 :17:30,,"Designation: Sr. Manager NTECL, Vallur Thermal Power Project, Kuruvimedu Village,
Ponneri Taluk, Vellivayal Chavadi Post, Thiruvallur Dist. Chennai-600103 Phone: Fax: E-mail:  nchaplot@ntpc.co.in",https://ntpctender.ntpc.co.in/NITDetails/NITs/29534
29535,NTPC/EOC/9900320193,Empanelment of Consulting Agencies for Strategy Assignments for NTPC,Corporate Contracts,Uttar Pradesh,Corporate Center,Work Contract,5000000.00,,,18/02/2026,18/02/2026 :10:00,22/04/2026 :16:00,22/04/2026 :16:00,23/04/2026 :16:00,,Designation: Sr. Manager NTPC Limited Plot A-8A Sector 24 Noida-201301 State of U.P. India Phone: Fax: E-mail:  deepaverma@ntpc.co.in,https://ntpctender.ntpc.co.in/NITDetails/NITs/29535
29536,NTPC/USSC-CPG1/9900320438,"Supply, Installation, Testing and Commissioning of IT Networking and Wi-Fi Package for new Admin Building at NTPC Gadarwara",Western Region Head Quarter-II,Chhattisgarh,Western Region-II,Work Contract,,,,26/02/2026,26/02/2026 :15:00,16/03/2026 :15:00,16/03/2026 :15:00,18/03/2026 :15:00,,"Designation: DGM NTPC Limited, USSC, CPG-1,
Western Region-II Head Quarter,
Plot No. 87, Sector-24, Atal Nagar,
Nava Raipur, Raipur, Chhattisgarh-492101 Phone: Fax: E-mail:  ajaykumarshivhare@ntpc.co.in",https://ntpctender.ntpc.co.in/NITDetails/NITs/29536
29537,10MEG-40/03032026,Supply of Poly Electrolyte Chemicals 1. Polyelectrolyte - Anionic Polyacrylamide Flocculant 2. Polyelectrolyte – Cationic Poly DADMAC Flocculant,Vendor Development Cell (Raipur CG),Chhattisgarh,Western Region-II,Vendor Enlistment,,,,03/03/2026,03/03/2026 :10:00,24/03/2026 :23:55,,,,"Designation: DGM NTPC Limited, Western Region-II Office, Plot No. 87,
Sector-24, Nava Raipur, Chhattisgarh-492018 Phone: Fax: E-mail:  sparthasarathy@ntpc.co.in",https://ntpctender.ntpc.co.in/NITDetails/NITs/29537
29538,03MEG-01/03032026,LDPE Polythene Sheet as per IS 2508 (Revised),Vendor Development Cell (Raipur CG),Chhattisgarh,Western Region-II,Vendor Enlistment,,,,03/03/2026,03/03/2026 :10:00,24/03/2026 :23:55,,,,"Designation: DGM NTPC Limited, Western Region-II Office, Plot No. 87,
Sector-24, Nava Raipur, Chhattisgarh-492018 Phone: Fax: E-mail:  sparthasarathy@ntpc.co.in",https://ntpctender.ntpc.co.in/NITDetails/NITs/29538
29539,55MEG-09/03032026,ASTM 4140 Grade Forged Crusher Hammer,Vendor Development Cell (Raipur CG),Chhattisgarh,Western Region-II,Vendor Enlistment,,,,03/03/2026,03/03/2026 :10:00,24/03/2026 :23:55,,,,"Designation: DGM NTPC Limited, Western Region-II Office, Plot No. 87,
Sector-24, Nava Raipur, Chhattisgarh-492018 Phone: Fax: E-mail:  sparthasarathy@ntpc.co.in",https://ntpctender.ntpc.co.in/NITDetails/NITs/29539
29540,94MEG-05A/03032026,Microprocessor Based Electronic Positioners,Vendor Development Cell (Raipur CG),Chhattisgarh,Western Region-II,Vendor Enlistment,,,,03/03/2026,03/03/2026 :10:00,24/03/2026 :23:55,,,,"Designation: DGM NTPC Limited, Western Region-II Office, Plot No. 87,
Sector-24, Nava Raipur, Chhattisgarh-492018 Phone: Fax: E-mail:  sparthasarathy@ntpc.co.in",https://ntpctender.ntpc.co.in/NITDetails/NITs/29540
29541,94MEG-06A/03032026,Temperature Transmitter,Vendor Development Cell (Raipur CG),Chhattisgarh,Western Region-II,Vendor Enlistment,,,,03/03/2026,03/03/2026 :10:00,24/03/2026 :23:55,,,,"Designation: DGM NTPC Limited, Western Region-II Office, Plot No. 87,
Sector-24, Nava Raipur, Chhattisgarh-492018 Phone: Fax: E-mail:  sparthasarathy@ntpc.co.in",https://ntpctender.ntpc.co.in/NITDetails/NITs/29541
29542,94MEG-08/03032026,Ultrasonic Level Transmitter,Vendor Development Cell (Raipur CG),Chhattisgarh,Western Region-II,Vendor Enlistment,,,,03/03/2026,03/03/2026 :10:00,24/03/2026 :23:55,,,,"Designation: DGM NTPC Limited, Western Region-II Office, Plot No. 87,
Sector-24, Nava Raipur, Chhattisgarh-492018 Phone: Fax: E-mail:  sparthasarathy@ntpc.co.in",https://ntpctender.ntpc.co.in/NITDetails/NITs/29542
29543,56MEG-03/03032026,SPARES FOR CLINKER GRINDER/SLAG CRUSHER SPARES,Vendor Development Cell (Raipur CG),Chhattisgarh,Western Region-II,Vendor Enlistment,,,,03/03/2026,03/03/2026 :10:00,24/03/2026 :23:55,,,,"Designation: DGM NTPC Limited, Western Region-II Office, Plot No. 87,
Sector-24, Nava Raipur, Chhattisgarh-492018 Phone: Fax: E-mail:  sparthasarathy@ntpc.co.in",https://ntpctender.ntpc.co.in/NITDetails/NITs/29543
29544,55MEG-06/03032026,CRUSHER HAMMERS (CAST),Vendor Development Cell (Raipur CG),Chhattisgarh,Western Region-II,Vendor Enlistment,,,,03/03/2026,03/03/2026 :10:00,24/03/2026 :23:55,,,,"Designation: DGM NTPC Limited, Western Region-II Office, Plot No. 87,
Sector-24, Nava Raipur, Chhattisgarh-492018 Phone: Fax: E-mail:  sparthasarathy@ntpc.co.in",https://ntpctender.ntpc.co.in/NITDetails/NITs/29544
29545,86MEG-01C/03032026,LT MOTOR (ABOVE 100KW),Vendor Development Cell (Raipur CG),Chhattisgarh,Western Region-II,Vendor Enlistment,,,,03/03/2026,03/03/2026 :10:00,24/03/2026 :23:55,,,,"Designation: DGM NTPC Limited, Western Region-II Office, Plot No. 87,
Sector-24, Nava Raipur, Chhattisgarh-492018 Phone: Fax: E-mail:  sparthasarathy@ntpc.co.in",https://ntpctender.ntpc.co.in/NITDetails/NITs/29545
29546,46MEG-01A/03032026,"Wear Parts (Grinding Rolls and Bull Ring Segment) of Raymond Bowl Type XRP / HP Pulverisers, Grinding Roll size 28/29 inches",Vendor Development Cell (Raipur CG),Chhattisgarh,Western Region-II,Vendor Enlistment,,,,03/03/2026,03/03/2026 :10:00,24/03/2026 :23:55,,,,"Designation: DGM NTPC Limited, Western Region-II Office, Plot No. 87,
Sector-24, Nava Raipur, Chhattisgarh-492018 Phone: Fax: E-mail:  sparthasarathy@ntpc.co.in",https://ntpctender.ntpc.co.in/NITDetails/NITs/29546
29547,46MEG-01B/03032026,"Wear Parts (Grinding Rolls and Bull Ring Segment) of Raymond Bowl Type XRP / HP Pulverisers, Grinding Roll size 36/37/43 inches",Vendor Development Cell (Raipur CG),Chhattisgarh,Western Region-II,Vendor Enlistment,,,,03/03/2026,03/03/2026 :10:00,24/03/2026 :23:55,,,,"Designation: DGM NTPC Limited, Western Region-II Office, Plot No. 87,
Sector-24, Nava Raipur, Chhattisgarh-492018 Phone: Fax: E-mail:  sparthasarathy@ntpc.co.in",https://ntpctender.ntpc.co.in/NITDetails/NITs/29547
29548,46MEG-01C/03032026,"Wear Parts (Grinding Rolls and Bull Ring Segment) of Raymond Bowl Type XRP/HP Pulverisers, Grinding Roll size 48/50/62/63 inches",Vendor Development Cell (Raipur CG),Chhattisgarh,Western Region-II,Vendor Enlistment,,,,03/03/2026,03/03/2026 :10:00,24/03/2026 :23:55,,,,"Designation: DGM NTPC Limited, Western Region-II Office, Plot No. 87,
Sector-24, Nava Raipur, Chhattisgarh-492018 Phone: Fax: E-mail:  sparthasarathy@ntpc.co.in",https://ntpctender.ntpc.co.in/NITDetails/NITs/29548
29549,16MEG-09/03032026,HDPE PIPES,Vendor Development Cell (Raipur CG),Chhattisgarh,Western Region-II,Vendor Enlistment,,,,03/03/2026,03/03/2026 :10:00,24/03/2026 :23:55,,,,"Designation: DGM NTPC Limited, Western Region-II Office, Plot No. 87,
Sector-24, Nava Raipur, Chhattisgarh-492018 Phone: Fax: E-mail:  sparthasarathy@ntpc.co.in",https://ntpctender.ntpc.co.in/NITDetails/NITs/29549
29550,81MEG-03/03032026,HT Power Cables (3.3 KV to 11 KV),Vendor Development Cell (Raipur CG),Chhattisgarh,Western Region-II,Vendor Enlistment,,,,03/03/2026,03/03/2026 :10:00,24/03/2026 :23:55,,,,"Designation: DGM NTPC Limited, Western Region-II Office, Plot No. 87,
Sector-24, Nava Raipur, Chhattisgarh-492018 Phone: Fax: E-mail:  sparthasarathy@ntpc.co.in",https://ntpctender.ntpc.co.in/NITDetails/NITs/29550
29551,81MEG-04/03032026,HT Power Cables (above 11 KV and upto 33 KV),Vendor Development Cell (Raipur CG),Chhattisgarh,Western Region-II,Vendor Enlistment,,,,03/03/2026,03/03/2026 :10:00,24/03/2026 :23:55,,,,"Designation: DGM NTPC Limited, Western Region-II Office, Plot No. 87,
Sector-24, Nava Raipur, Chhattisgarh-492018 Phone: Fax: E-mail:  sparthasarathy@ntpc.co.in",https://ntpctender.ntpc.co.in/NITDetails/NITs/29551
29552,86MEG-08/03032026,Vendor Enlistment for Supply of Energy Efficient LT Motors up to 100 kW,Vendor Development Cell (Raipur CG),Chhattisgarh,Western Region-II,Vendor Enlistment,,,,03/03/2026,03/03/2026 :10:00,24/03/2026 :23:55,,,,"Designation: DGM NTPC Limited, Western Region-II Office, Plot No. 87,
Sector-24, Nava Raipur, Chhattisgarh-492018 Phone: Fax: E-mail:  sparthasarathy@ntpc.co.in",https://ntpctender.ntpc.co.in/NITDetails/NITs/29552
29553,TMD-19/03032026,Contractor enlistment for Overhauling of TDBFP drive turbine for 490 MW units and above,Vendor Development Cell (Raipur CG),Chhattisgarh,Western Region-II,Vendor Enlistment,,,,03/03/2026,03/03/2026 :10:00,24/03/2026 :23:55,,,,"Designation: DGM NTPC Limited, Western Region-II Office, Plot No. 87,
Sector-24, Nava Raipur, Chhattisgarh-492018 Phone: Fax: E-mail:  sparthasarathy@ntpc.co.in",https://ntpctender.ntpc.co.in/NITDetails/NITs/29553
29554,CHP-10/03032026,Structural Fabrication & Erection Works in CHP,Vendor Development Cell (Raipur CG),Chhattisgarh,Western Region-II,Vendor Enlistment,,,,03/03/2026,03/03/2026 :10:00,24/03/2026 :23:55,,,,"Designation: DGM NTPC Limited, Western Region-II Office, Plot No. 87,
Sector-24, Nava Raipur, Chhattisgarh-492018 Phone: Fax: E-mail:  sparthasarathy@ntpc.co.in",https://ntpctender.ntpc.co.in/NITDetails/NITs/29554
29555,EMD-03/03032026,REWINDING OF HT MOTORS,Vendor Development Cell (Raipur CG),Chhattisgarh,Western Region-II,Vendor Enlistment,,,,03/03/2026,03/03/2026 :10:00,24/03/2026 :23:55,,,,"Designation: DGM NTPC Limited, Western Region-II Office, Plot No. 87,
Sector-24, Nava Raipur, Chhattisgarh-492018 Phone: Fax: E-mail:  sparthasarathy@ntpc.co.in",https://ntpctender.ntpc.co.in/NITDetails/NITs/29555
29556,EMD-08/03032026,Annual Rate Contract for Rewinding of LT Motors and Control Transformers in different areas of plant,Vendor Development Cell (Raipur CG),Chhattisgarh,Western Region-II,Vendor Enlistment,,,,03/03/2026,03/03/2026 :10:00,24/03/2026 :23:55,,,,"Designation: DGM NTPC Limited, Western Region-II Office, Plot No. 87,
Sector-24, Nava Raipur, Chhattisgarh-492018 Phone: Fax: E-mail:  sparthasarathy@ntpc.co.in",https://ntpctender.ntpc.co.in/NITDetails/NITs/29556
29557,CHP-06/03032026,MECHANICAL MAINTENANCE OF COAL HANDLING PLANT,Vendor Development Cell (Raipur CG),Chhattisgarh,Western Region-II,Vendor Enlistment,,,,03/03/2026,03/03/2026 :10:00,24/03/2026 :23:55,,,,"Designation: DGM NTPC Limited, Western Region-II Office, Plot No. 87,
Sector-24, Nava Raipur, Chhattisgarh-492018 Phone: Fax: E-mail:  sparthasarathy@ntpc.co.in",https://ntpctender.ntpc.co.in/NITDetails/NITs/29557
29558,TMD-13/03032026,Capital Overhauling/Overhauling of Steam Turbines of rated capacity 600 MW or below of barrel type/ stationery blades fitted directly into casing,Vendor Development Cell (Raipur CG),Chhattisgarh,Western Region-II,Vendor Enlistment,,,,03/03/2026,03/03/2026 :10:00,24/03/2026 :23:55,,,,"Designation: DGM NTPC Limited, Western Region-II Office, Plot No. 87,
Sector-24, Nava Raipur, Chhattisgarh-492018 Phone: Fax: E-mail:  sparthasarathy@ntpc.co.in",https://ntpctender.ntpc.co.in/NITDetails/NITs/29558
29559,BMD-21/03032026,Phased Array Ultrasonic Testing (PAUT) of Weld Joints of Boiler Tubes,Vendor Development Cell (Raipur CG),Chhattisgarh,Western Region-II,Vendor Enlistment,,,,03/03/2026,03/03/2026 :10:00,24/03/2026 :23:55,,,,"Designation: DGM NTPC Limited, Western Region-II Office, Plot No. 87,
Sector-24, Nava Raipur, Chhattisgarh-492018 Phone: Fax: E-mail:  sparthasarathy@ntpc.co.in",https://ntpctender.ntpc.co.in/NITDetails/NITs/29559
29560,BMD-30/03032026,"Maintenance / Overhauling Contract of Fans (ID/ FD/ PA), Rotary Air-Preheater, Ducts and HP Jet Cleaning of APH Baskets",Vendor Development Cell (Raipur CG),Chhattisgarh,Western Region-II,Vendor Enlistment,,,,03/03/2026,03/03/2026 :10:00,24/03/2026 :23:55,,,,"Designation: DGM NTPC Limited, Western Region-II Office, Plot No. 87,
Sector-24, Nava Raipur, Chhattisgarh-492018 Phone: Fax: E-mail:  sparthasarathy@ntpc.co.in",https://ntpctender.ntpc.co.in/NITDetails/NITs/29560
29561,OFF-08/03032026,Mechanical Maintenance of Water/slurry/sewage treatment Systems,Vendor Development Cell (Raipur CG),Chhattisgarh,Western Region-II,Vendor Enlistment,,,,03/03/2026,03/03/2026 :10:00,24/03/2026 :23:55,,,,"Designation: DGM NTPC Limited, Western Region-II Office, Plot No. 87,
Sector-24, Nava Raipur, Chhattisgarh-492018 Phone: Fax: E-mail:  sparthasarathy@ntpc.co.in",https://ntpctender.ntpc.co.in/NITDetails/NITs/29561
29562,CIVIL-06/03032026,Enlistment of vendors for Execution of Painting works on masonry/concrete surfaces of plant and township buildings/structures,Vendor Development Cell (Raipur CG),Chhattisgarh,Western Region-II,Vendor Enlistment,,,,03/03/2026,03/03/2026 :10:00,24/03/2026 :23:55,,,,"Designation: DGM NTPC Limited, Western Region-II Office, Plot No. 87,
Sector-24, Nava Raipur, Chhattisgarh-492018 Phone: Fax: E-mail:  sparthasarathy@ntpc.co.in",https://ntpctender.ntpc.co.in/NITDetails/NITs/29562
29563,MGR-05/03032026,Unloading of Coal from IR & MGR Rakes and related MGR Operation Assistance Works at NTPC Stations (Category-1),Vendor Development Cell (Raipur CG),Chhattisgarh,Western Region-II,Vendor Enlistment,,,,03/03/2026,03/03/2026 :10:00,24/03/2026 :23:55,,,,"Designation: DGM NTPC Limited, Western Region-II Office, Plot No. 87,
Sector-24, Nava Raipur, Chhattisgarh-492018 Phone: Fax: E-mail:  sparthasarathy@ntpc.co.in",https://ntpctender.ntpc.co.in/NITDetails/NITs/29563
29564,NTPC/USSC-CPG1/9900320360,"Supply Installation Testing and Commissioning of VFD based 160 & 100 TR
Screw Chiller Machines for Admin 1 & Sankalp 1 of NTPC Simhadri",Western Region Head Quarter-II,Chhattisgarh,Western Region-II,Work Contract,200000.00,,,03/03/2026,03/03/2026 :14:00,23/03/2026 :15:00,23/03/2026 :15:00,25/03/2026 :15:00,,"Designation: DGM NTPC Limited, Central Procurement Group-I,
WR-II Office, Sector-24,
Nava Raipur, Chhattisgarh - 492018 Phone: Fax: E-mail:  cpsingh@ntpc.co.in",https://ntpctender.ntpc.co.in/NITDetails/NITs/29564
29565,NTPC/USSC-CPG1/9900319897,"SUPPLY, INSTALLATION, TESTING AND COMMISSIONING (SITC) OF INTEGRATED AUTOMATED AUGER SYSTEM AT NTPC LARA STPP",Western Region Head Quarter-II,Chhattisgarh,Western Region-II,Work Contract,500000.00,,,03/03/2026,03/03/2026 :14:00,23/03/2026 :15:00,23/03/2026 :15:00,25/03/2026 :15:00,,"Designation: DGM NTPC Limited, Central Procurement Group-I,
WR-II Office, Sector-24,
Nava Raipur, Chhattisgarh - 492018 Phone: Fax: E-mail:  cpsingh@ntpc.co.in",https://ntpctender.ntpc.co.in/NITDetails/NITs/29565
29566,NTPC/USSC-CPG1/9900320941,Supply and Installation of 60 KVA UPS for Stage-2 NTPC Kahalgaon,Western Region Head Quarter-II,Chhattisgarh,Western Region-II,Work Contract,500000.00,,,05/03/2026,05/03/2026 :16:30,25/03/2026 :16:30,25/03/2026 :16:30,27/03/2026 :16:30,,"Designation: DGM NTPC Limited, Western Region-II Office,
Plot No. 87, Sector-24,
Nava Raipur, Chhattisgarh-492018 Phone: Fax: E-mail:  anandshanker@ntpc.co.in",https://ntpctender.ntpc.co.in/NITDetails/NITs/29566
29567,NTPC/USSC-CPGl/9900320940,"Supply, Erection and Commissioning of Mixed Resin Storage Vessel (MRSV) at NTPC Simhadri",Western Region Head Quarter-II,Chhattisgarh,Western Region-II,Work Contract,200000.00,,,05/03/2026,05/03/2026 :16:30,26/03/2026 :16:30,26/03/2026 :16:30,30/03/2026 :16:30,,"Designation: DGM NTPC Limited, Western Region-II Office, Plot No. 87, Sector-24, Nava Raipur, Chhattisgarh-492018 Phone: Fax: E-mail:  anandshanker@ntpc.co.in",https://ntpctender.ntpc.co.in/NITDetails/NITs/29567
29568,GEM/2026/B/7298869,"Procurement of Mono N/w Printers for EOC, R&D and NETRA Halls",Corporate Contracts,Uttar Pradesh,Corporate Center,Work Contract,,,,05/03/2026,05/03/2026 :10:00,20/03/2026 :15:00,20/03/2026 :15:00,20/03/2026 :15:30,,Designation: Manager NTPC Ltd. Engineering Office Complex Plot No. A-8A Sector-24 NOIDA-201301 UP India Phone: Fax: E-mail:  shilpakareddy@ntpc.co.in,https://ntpctender.ntpc.co.in/NITDetails/NITs/29568
29569,GEM/2026/B/7258134,"Deployment of 06 Persons IRATA Team for Cladding & Roofing Sheets Repair at IGSTPP, Jharli, Jhajjar Haryana",IGSTPP: Aravali Power Copany Private Limited-Jhajjar (JV),Haryana,JVs & Subsidaries,Services,100000.00,,,05/03/2026,05/03/2026 :10:00,21/03/2026 :16:00,21/03/2026 :16:00,21/03/2026 :16:30,,"Designation: Sr. Manager IGSTPP, Aravali Power Company Private Limited-Jhajjar (JV),
P.O. Jharli, Dist. Jhajjar, Haryana-124141 Phone: Fax: E-mail:  shuchisharma@ntpc.co.in",https://ntpctender.ntpc.co.in/NITDetails/NITs/29569
29570,GEM/2026/B/7252739,Designing and Printing of Annual Report for the FY 2025-26,Corporate Contracts,Uttar Pradesh,Corporate Center,Services,,,,06/03/2026,06/03/2026 :10:00,23/03/2026 :15:00,23/03/2026 :15:00,23/03/2026 :15:30,,"Designation: Sr. Manager NTPC Ltd., Engineering Office Complex,
Plot No. A-8A, Sector-24, NOIDA-201301, UP, India Phone: Fax: E-mail:  satishksharma@ntpc.co.in",https://ntpctender.ntpc.co.in/NITDetails/NITs/29570
29571,CMHQ-25-26-Coalsale-66759,Notice for SPOT e-Auction for Commercial Sale of 1.40 LMT Excess Coal from NTPC Talaipalli Coal Mine Project,Coal Mining HQ-Ranchi,Jharkhand,Coal Mining Region,Miscellaneous (Others),,,,06/03/2026,05/03/2026 :10:00,20/03/2026 :15:00,,,,"Designation: Sr. Manager Coal Mining HQ, NTPC Limited, Ranchi - 834002 Phone: Fax: E-mail:  skvashisth@ntpc.co.in",https://ntpctender.ntpc.co.in/NITDetails/NITs/29571
29572,NTPC/USSC-CPG1/9900320863,"Supply, Installation and Commissioning of CCTV System at NTPC Faridabad",Western Region Head Quarter-II,Chhattisgarh,Western Region-II,Work Contract,500000.00,,,06/03/2026,06/03/2026 :16:00,25/03/2026 :15:00,25/03/2026 :15:00,27/03/2026 :15:00,,"Designation: DGM NTPC Limited, Central Procurement Group-I,
NTPC WR-II Office, Sector-24,
Nava Raipur, Chhattisgarh - 492018 Phone: Fax: E-mail:  cpsingh@ntpc.co.in",https://ntpctender.ntpc.co.in/NITDetails/NITs/29572
29573,NTPC/Sipat/2025-26/AUD/EOI/04,EOI to Identify Prospective Dealers of NTPC Manufactured VIKALP Brand Fly Ash Bricks (Sizes 8 inch and 9 inch).,Sipat Super Thermal Power Project,Chhattisgarh,Western Region-II,Miscellaneous (Others),,,,07/03/2026,07/03/2026 :10:00,21/03/2026 :17:00,21/03/2026 :17:00,,,"Designation: DGM Office of Ash Utilization, 1st Floor, Sewa Bhawan Stage-I
NTPC SIPAT, Post Office Ujjwal Nagar, Bilaspur (CG) 495555 Phone: Fax: E-mail:  ausipat@ntpc.co.in",https://ntpctender.ntpc.co.in/NITDetails/NITs/29573
29574,GEM/2026/B/7277778,Engagement of Consultant for All-India Scheduling & Generation Pattern Analysis,Corporate Contracts,Uttar Pradesh,Corporate Center,Work Contract,,,,09/03/2026,09/03/2026 :10:00,23/03/2026 :15:00,23/03/2026 :15:00,23/03/2026 :15:30,,Designation: Sr. Manager NTPC Ltd. Engineering Office Complex Plot No. A-8A Sector-24 NOIDA-201301 UP India Phone: Fax: E-mail:  deepaverma@ntpc.co.in,https://ntpctender.ntpc.co.in/NITDetails/NITs/29574
29575,MBRAPP/CMM/2026/Electrical/CPS,"Design, Engineering, Procurement, Supply, Installation, Testing & Commissioning of 33/11/0.433 kV Electrical Distribution System at MBRAPP",ASHVINI (AnuShatki Vidhyut Nigam) Ltd.,Rajasthan,JVs & Subsidaries,Work Contract,,,,09/03/2026,09/03/2026 :10:00,01/04/2026 :15:00,01/04/2026 :15:00,03/04/2026 :15:00,,"Designation: Sr. Manager Mahi Banswara Rajasthan Atomic Power Project (MBRAPP)
Anushakti Vidhyut Nigam Limited (ASHVINI) BANSWARA, RAJASTHAN - 327001 Phone: Fax: E-mail:  avadheshupadhyay@ntpc.co.in",https://ntpctender.ntpc.co.in/NITDetails/NITs/29575
29576,NTPC/USSC-CPG1/9900320644,REPLACEMENT OF GENERATOR BUSDUCT AIR PRESSURIZATION SYSTEM OF STAGE-I OF NTPC RAMAGUNDAM,Western Region Head Quarter-II,Chhattisgarh,Western Region-II,Work Contract,200000.00,,,09/03/2026,09/03/2026 :12:00,27/03/2026 :15:00,27/03/2026 :15:00,30/03/2026 :15:00,,"Designation: DGM NTPC Limited, Central Procurement Group-I,
WR-II Office, Sector-24,
Nava Raipur, Chhattisgarh - 492018 Phone: Fax: E-mail:  cpsingh@ntpc.co.in",https://ntpctender.ntpc.co.in/NITDetails/NITs/29576
29577,NTPC/USSC-CPG1/9900320645,REPLACEMENT OF GENERATOR BUSDUCT AIR PRESSURIZATION SYSTEM OF STAGE-II OF NTPC RAMAGUNDAM,Western Region Head Quarter-II,Chhattisgarh,Western Region-II,Work Contract,200000.00,,,09/03/2026,09/03/2026 :12:00,27/03/2026 :15:00,27/03/2026 :15:00,30/03/2026 :15:00,,"Designation: DGM NTPC Limited, Central Procurement Group-I,
WR-II Office, Sector-24,
Nava Raipur, Chhattisgarh - 492018 Phone: Fax: E-mail:  cpsingh@ntpc.co.in",https://ntpctender.ntpc.co.in/NITDetails/NITs/29577
29578,GEM/2026/B/7326162,PROCUREMENT OF CT GEARBOX,NTECL: NTPC TamilNadu Energy Company Ltd.,Tamilnadu,JVs & Subsidaries,Work Contract,100000.00,,,10/03/2026,10/03/2026 :10:00,31/03/2026 :16:00,31/03/2026 :16:00,31/03/2026 :16:30,,"Designation: DGM NTPC Tamilnadu Energy Co. Ltd (NTECL),
Vallur Thermal Power Station, Chennai - 600103 Phone: Fax: E-mail:  lokanathams@ntpc.co.in",https://ntpctender.ntpc.co.in/NITDetails/NITs/29578
29579,GEM/2026/B/7338866,"Supply, Supervision, Installation & Buyback with Accessories of 220V Lead Acid Battery Banks (Bank-I & II) of Stage-1 Switchyard at NTPC UNCHAHAR",Western Region Head Quarter-II,Chhattisgarh,Western Region-II,Services,100000.00,,,10/03/2026,10/03/2026 :10:00,01/04/2026 :15:00,01/04/2026 :15:00,01/04/2026 :15:30,,"Designation: DGM NTPC Limited, Western Region-II Office,
Plot No. 87, Sector-24,
Nava Raipur, Chhattisgarh-492018 Phone: Fax: E-mail:  sushilmeena@ntpc.co.in",https://ntpctender.ntpc.co.in/NITDetails/NITs/29579
29580,NTPC/USSC-CPG1/9900321009,Refurbishment of Gas Turbine Combustion Components of NTPC Kawas,Western Region Head Quarter-II,Chhattisgarh,Western Region-II,Services,200000.00,,,10/03/2026,10/03/2026 :18:00,25/03/2026 :15:00,25/03/2026 :15:00,26/03/2026 :15:00,,"Designation: Sr. Manager NTPC Limited, Western Region-II Office,
Plot No. 87, Sector-24,
Nava Raipur, Chhattisgarh-492018 Phone: Fax: E-mail:  sonamjha@ntpc.co.in",https://ntpctender.ntpc.co.in/NITDetails/NITs/29580
29581,NTPC/QA&I/EOI/2/2026,INVITATION FOR EXPRESSION OF INTEREST (EOI) FOR PROVIDING TRAINING AND DEVELOPMENT OF WELDERS,"NTPC EOC, Secunderabad",Andhra Pradesh,Southern Region,Miscellaneous (Others),,,,11/03/2026,11/03/2026 :10:00,10/04/2026 :17:30,10/04/2026 :17:30,,,"Designation: Sr. Manager NTPC Limited, SRHQ, NTPC Bhavan, Kavadiguda, Secunderabad-500080 Phone: Fax: E-mail:  smpadhi@ntpc.co.in",https://ntpctender.ntpc.co.in/NITDetails/NITs/29581
29582,GEM/2026/B/7326465,Procurement of Spare for Microwave Digestion System at NETRA,Corporate Contracts,Uttar Pradesh,Corporate Center,Work Contract,,,,11/03/2026,11/03/2026 :10:00,23/03/2026 :14:00,23/03/2026 :14:00,23/03/2026 :14:30,,"Designation: Sr. Manager NTPC Ltd., Engineering Office Complex, Plot No. A-8A, Sector-24, NOIDA-201301, UP, India Phone: Fax: E-mail:  parixitrariya@ntpc.co.in",https://ntpctender.ntpc.co.in/NITDetails/NITs/29582
29583,IGSTPP/CS/25-26/CRN-4578,"Construction of Semi-covered Shed in Central Stores Area inside Main Plant at IGSTPP, Jharli, Jhajjar (Haryana)",IGSTPP: Aravali Power Copany Private Limited-Jhajjar (JV),Haryana,JVs & Subsidaries,Work Contract,100000.00,,,11/03/2026,11/03/2026 :12:00,31/03/2026 :15:00,31/03/2026 :15:00,01/04/2026 :15:00,,"Designation: Sr. Manager NTPC Ltd- APCPL IGSTPP, Jhajjar, Haryana Phone: Fax: E-mail:  shuchisharma@ntpc.co.in",https://ntpctender.ntpc.co.in/NITDetails/NITs/29583
29584,GEM/2026/B/7346160,PROCUREMENT OF TROLLY MOUNTED 30KL TRANSFORMER OIL STORAGE TANK FOR NTPC LARA,Western Region Head Quarter-II,Chhattisgarh,Western Region-II,Work Contract,,,,11/03/2026,11/03/2026 :10:00,25/03/2026 :16:00,25/03/2026 :16:00,25/03/2026 :16:30,,"Designation: DGM NTPC Limited, Western Region-II Office,
Plot No. 87, Sector-24,
Nava Raipur, Chhattisgarh-492018 Phone: Fax: E-mail:  ssenthilkumar@ntpc.co.in",https://ntpctender.ntpc.co.in/NITDetails/NITs/29584
29585,GEM/2026/B/7345603,Procurement of Lead Acid Battery Bank for Offsite Area at NTPC Korba Plant,Western Region Head Quarter-II,Chhattisgarh,Western Region-II,Work Contract,50000.00,,,12/03/2026,12/03/2026 :10:00,02/04/2026 :15:00,02/04/2026 :15:00,02/04/2026 :15:30,,"Designation: DGM NTPC Limited, Western Region-II Office,
Plot No. 87, Sector-24,
Nava Raipur, Chhattisgarh-492018 Phone: Fax: E-mail:  sushilmeena@ntpc.co.in",https://ntpctender.ntpc.co.in/NITDetails/NITs/29585
29586,9900316566,"Strengthening and Repair Works of Powerhouse at Tapovan Vishnugad Hydro Power
Project LOCATED AT NTPC Tapovan Vishnugard Hydro Power Project",SRHQ Hyderabad,Andhra Pradesh,Southern Region,Work Contract,200000.00,,,12/03/2026,12/03/2026 :10:00,02/04/2026 :15:00,02/04/2026 :15:00,03/04/2026 :15:30,,"Designation: Sr. Manager Project CC&M
5th Floor, NTPC Intelligent Office Building
SRHQ, Kavadiguda Road,
Hyderabad, Telangana-500020 Phone: Fax: E-mail:  vipinsharma01@ntpc.co.in",https://ntpctender.ntpc.co.in/NITDetails/NITs/29586
29587,EOI-02-13032026,Procurement of Spares for Single Point Lubrication System of Already Installed System for PAN NTPC,Vendor Development Cell (Raipur CG),Chhattisgarh,Western Region-II,Miscellaneous (Others),,,,13/03/2026,13/03/2026 :10:00,14/04/2026 :23:55,,,,"Designation: DGM VEC (Vendor Enlistment Cell) 
NTPC LTD., WR-II HEAD QUARTER, PLOT NO. 87, SECTOR-24, ATAL NAGAR, NAVA RAIPUR, CHHATTISGARH-492018 Phone: Fax: E-mail:  ahansari@ntpc.co.in",https://ntpctender.ntpc.co.in/NITDetails/NITs/29587
29588,GEM/2026/B/7352454,Contract for Covering of MGR Coal Rakes by Tarpaulin at Dipka & Uncovering at NTPC Sipat Plant for 01 Year,Western Region Head Quarter-II,Chhattisgarh,Western Region-II,Work Contract,1000000.00,,,13/03/2026,13/03/2026 :10:00,28/03/2026 :11:00,28/03/2026 :11:00,28/03/2026 :11:30,,"Designation: Sr. Manager NTPC Limited, Western Region-II Office,
Plot No. 87, Sector-24,
Nava Raipur, Chhattisgarh Phone: Fax: E-mail:  sonamjha@ntpc.co.in",https://ntpctender.ntpc.co.in/NITDetails/NITs/29588
29589,GEM/2026/B/7333865,PROCUREMENT OF CARBON FIBRE DRIVE SHAFT ASSEMBLY for COOLING TOWER,Western Region Head Quarter-II,Chhattisgarh,Western Region-II,Work Contract,,,,13/03/2026,13/03/2026 :10:00,28/03/2026 :11:00,28/03/2026 :11:00,28/03/2026 :11:30,,"Designation: Sr. Manager NTPC Limited, Western Region-II Office,
Plot No. 87, Sector-24,
Nava Raipur, Chhattisgarh Phone: Fax: E-mail:  vikashkumar11@ntpc.co.in",https://ntpctender.ntpc.co.in/NITDetails/NITs/29589
29590,GEM/2026/B/7322368,"Procurement of TG Lube Oil Coolers Complete Assembly for ST-1 for NTPC, Vindhyachal",Western Region Head Quarter-II,Chhattisgarh,Western Region-II,Work Contract,1000000.00,,,13/03/2026,13/03/2026 :10:00,26/03/2026 :17:00,26/03/2026 :17:00,26/03/2026 :17:30,,"Designation: DGM NTPC Limited, Western Region-II Office,
Plot No. 87, Sector-24,
Nava Raipur, Chhattisgarh Phone: Fax: E-mail:  manishkumar06@ntpc.co.in",https://ntpctender.ntpc.co.in/NITDetails/NITs/29590
29591,BIFPCL/MSTPP/COAL/8.0MMT/2026/01,"PROCUREMENT AND DELIVERY OF 8.0 MMT OF IMPORTED COAL AT PLANT JETTY (CDP)
FOR 2x660 MW MAITREE SUPER THERMAL POWER PROJECT AT RAMPAL,
DISTRICT-BAGERHAT, BANGLADESH",JV OF NTPC Ltd and BPDB,,JVs & Subsidaries,Work Contract,,,,13/03/2026,12/03/2026 :10:00,26/04/2026 :17:00,27/04/2026 :11:00,27/04/2026 :11:30,,"Designation: Chief Procurement Officer BIFPCL,
Level-17, Borak Unique Heights,
117, Kazi Nazrul Islam Avenue,
Eskaton Garden, Dhaka-1000 Phone: Fax: E-mail:  coalsourcing@bifpcl.com",https://ntpctender.ntpc.co.in/NITDetails/NITs/29591
29592,GEM/2026/B/7323244,BIENNIAL CONTRACT FOR HOUSEKEEPING SERVICES AT NTECL (CIVIL - O&M),NTECL: NTPC TamilNadu Energy Company Ltd.,Tamilnadu,JVs & Subsidaries,Work Contract,200000.00,,,09/03/2026,09/03/2026 :10:00,30/03/2026 :10:00,30/03/2026 :10:00,30/03/2026 :10:30,,"Designation: Sr. Manager NTECL, Vallur Thermal Power Project, Kuruvimedu Village,
Ponneri Taluk, Vellivayal Chavadi Post, Thiruvallur Dist. Chennai-600103 Phone: Fax: E-mail:  vckamal@ntpc.co.in",https://ntpctender.ntpc.co.in/NITDetails/NITs/29592
29593,NTPC/USSC-CPG1/9900321402,CONTRACT FOR MODIFICATION OF MILL HANDLING ARRANGEMENT OF ONE UNIT OF ST-1 BOILER AT NTPC BARH,Western Region Head Quarter-II,Chhattisgarh,Western Region-II,Work Contract,1000000.00,,,16/03/2026,16/03/2026 :13:00,06/04/2026 :15:00,06/04/2026 :15:00,08/04/2026 :15:00,,"Designation: DGM NTPC Limited, Central Procurement Group-I,
NTPC WR-II Office, Sector-24,
Nava Raipur, Chhattisgarh - 492018 Phone: Fax: E-mail:  cpsingh@ntpc.co.in",https://ntpctender.ntpc.co.in/NITDetails/NITs/29593
29594,GEM/2026/B/7336152,PROCUREMENT OF STARTING RESISTOR FOR DC DRIVES AT NTPC MOUDA,Western Region Head Quarter-II,Chhattisgarh,Western Region-II,Work Contract,,,,16/03/2026,16/03/2026 :10:00,01/04/2026 :11:00,01/04/2026 :11:00,01/04/2026 :11:30,,"Designation: Sr. Manager NTPC Limited, Western Region-II Office,
Plot No. 87, Sector-24,
Nava Raipur, Chhattisgarh Phone: Fax: E-mail:  vikashkumar11@ntpc.co.in",https://ntpctender.ntpc.co.in/NITDetails/NITs/29594
29595,NTPC/USSC-CPG1/9900321610,Procurement of Mill HP1203 BRS & Grinding Roll at NTPC Gadarwar,Western Region Head Quarter-II,Chhattisgarh,Western Region-II,Work Contract,500000.00,,,17/03/2026,17/03/2026 :11:30,07/04/2026 :16:00,07/04/2026 :16:00,10/04/2026 :16:00,,"Designation: Sr. Manager NTPC Limited, Western Region-II Office,
Plot No. 87, Sector-24,
Nava Raipur, Chhattisgarh-492018 Phone: Fax: E-mail:  adityagupta@ntpc.co.in",https://ntpctender.ntpc.co.in/NITDetails/NITs/29595
29596,CMCC260004,R&M work of ESP Upgradation at Bhilai PP-II (2X30MW+1X14MW).,NSPCL Corporate Centre,Delhi,JVs & Subsidaries,Work Contract,20000000.00,,,13/03/2026,13/03/2026 :10:00,02/04/2026 :15:00,02/04/2026 :15:00,03/04/2026 :15:30,,"Designation: Sr. Manager NTPC SAIL Power Company Limited, 4th Floor, NBCC Tower, 15, Bhikaiji Cama Place, New Delhl-110066 Phone: Fax: E-mail:  hodcnm.cc@nspcl.co.in",https://ntpctender.ntpc.co.in/NITDetails/NITs/29596
29597,NTPC/EOC/9900319798,Connecting Road to Proposed Labour/Material Entry Gate for DSTPP Stage-II,"NTPC EOC, Secunderabad",Andhra Pradesh,Southern Region,Work Contract,1000000.00,,,24/02/2026,24/02/2026 :11:30,17/03/2026 :11:00,17/03/2026 :11:00,18/03/2026 :12:00,,"Designation: AGM NTPC Ltd., EOC Secunderabad, HYDERABAD - 500020 Phone: Fax: E-mail:  pattelavimla@ntpc.co.in",https://ntpctender.ntpc.co.in/NITDetails/NITs/29597
29598,NTPC/EOC/9900318591,Enabling Works at Gadarwara Stage-II,"NTPC EOC, Secunderabad",Andhra Pradesh,Southern Region,Work Contract,2000000.00,,,09/02/2026,09/02/2026 :18:30,18/03/2026 :18:00,18/03/2026 :18:00,19/03/2026 :11:00,,"Designation: AGM NTPC Ltd., EOC Secunderabad, HYDERABAD - 500020 Phone: Fax: E-mail:  pattelavimla@ntpc.co.in",https://ntpctender.ntpc.co.in/NITDetails/NITs/29598
29599,GEM/2026/B/7367115,BMC for Makeup Water Pipelines Darlipali,Western Region Head Quarter-II,Chhattisgarh,Western Region-II,Services,500000.00,,,17/03/2026,17/03/2026 :10:00,07/04/2026 :16:00,07/04/2026 :16:00,07/04/2026 :16:30,,"Designation: DGM NTPC Limited, Western Region-II Office,
Plot No. 87, Sector-24,
Nava Raipur, Chhattisgarh Phone: Fax: E-mail:  hariomkumar@ntpc.co.in",https://ntpctender.ntpc.co.in/NITDetails/NITs/29599
29600,9900318827,Rate Contract for Deployment of Different Category Vehicles with Drivers for CISF Duty at RSTPS and TeSTPP,Ramagundam Super Thermal Power,Telangana,Southern Region,Work Contract,200000.00,,,16/03/2026,16/03/2026 :10:00,21/03/2026 :16:00,21/03/2026 :16:00,23/03/2026 :15:30,,"Designation: DGM Ramagundam Super Thermal Power Station
CONTRACT SERVICES & MATERIALS DEPARTMENT
Po Jyothinagar Dist Peddapalli – 505215 (T.S.) Phone: Fax: E-mail:  psivakumar@ntpc.co.in",https://ntpctender.ntpc.co.in/NITDetails/NITs/29600
29601,GEM/2026/B/7344086,Procurement of V94.2 Gas Turbine Stator Blade of Turbine Stage 1 and 2 at DGPS Capital Spares (2024-25),Western Region Head Quarter-II,Chhattisgarh,Western Region-II,Work Contract,5000000.00,,,18/03/2026,18/03/2026 :10:00,10/04/2026 :15:00,10/04/2026 :15:00,10/04/2026 :15:30,,"Designation: DGM NTPC Limited, Western Region-II Office,
Plot No. 87, Sector-24,
Nava Raipur, Chhattisgarh-492018 Phone: Fax: E-mail:  sushilmeena@ntpc.co.in",https://ntpctender.ntpc.co.in/NITDetails/NITs/29601
29602,MBRAPP/CMM/2026/Electrical/HSL,"Design, Engineering, Procurement, Supply, Erection, Installation, Testing and Commissioning of Hybrid Solar Power Plants Integrated with Street Lighting System at MBRAPP in Distt. Banswara, Rajasthan",ASHVINI (AnuShatki Vidhyut Nigam) Ltd.,Rajasthan,JVs & Subsidaries,Work Contract,,,,18/03/2026,18/03/2026 :10:00,08/04/2026 :16:00,08/04/2026 :16:00,10/04/2026 :16:00,,"Designation: Sr. Manager Mahi Banswara Rajasthan Atomic Power Project (MBRAPP) Anushakti Vidhyut Nigam Limited (ASHVINI) BANSWARA, RAJASTHAN - 327001 Phone: Fax: E-mail:  avadheshupadhyay@ntpc.co.in",https://ntpctender.ntpc.co.in/NITDetails/NITs/29602
29603,NTPC/CQA/EOI/2026/01,INVITATION FOR EXPRESSION OF INTEREST (EOI) FOR IDENTIFICATION OF DOMESTIC VENDORS FOR INDIGENEOUS MANUFACTURING OF ITEMS/EQUIPMENT FOR NTPC POWER PLANTS,SRHQ Hyderabad,Andhra Pradesh,Southern Region,Miscellaneous (Others),,,,18/03/2026,18/03/2026 :10:00,17/04/2026 :17:00,17/04/2026 :17:00,,,"Designation: DGM NTPC Limited, SRHQ, NTPC Bhavan,
Kavadiguda, Secunderabad-500080 Phone: Fax: E-mail:  manansharma@ntpc.co.in",https://ntpctender.ntpc.co.in/NITDetails/NITs/29603
29604,GEM/2026/B/7366580,Procurement of Conservators for Outdoor Transformers,NTECL: NTPC TamilNadu Energy Company Ltd.,Tamilnadu,JVs & Subsidaries,Work Contract,100000.00,,,18/03/2026,18/03/2026 :10:00,28/03/2026 :16:00,28/03/2026 :16:00,28/03/2026 :16:30,,"Designation: Sr. Manager NTECL, Vallur Thermal Power Project,
Site Office Vellivoyal Chavadi Post,
Ponneri Taluk, Thiruvallur Dist, Chennai-600103, Tamilnadu Phone: Fax: E-mail:  nchaplot@ntpc.co.in",https://ntpctender.ntpc.co.in/NITDetails/NITs/29604
29605,NTPC/USSC-CPG1/9900320748,"Supply, Installation, Testing and Commissioning of 300 TR Screw Chiller for Stage-II AC System of NTPC Simhadri",Western Region Head Quarter-II,Chhattisgarh,Western Region-II,Work Contract,,,,18/03/2026,18/03/2026 :17:00,31/03/2026 :15:00,31/03/2026 :15:00,01/04/2026 :15:00,,"Designation: DGM NTPC Limited, USSC, CPG-1,
Western Region-II Head Quarter,
Plot No. 87, Sector-24, Atal Nagar,
Nava Raipur, Raipur, Chhattisgarh-492101 Phone: Fax: E-mail:  ajaykumarshivhare@ntpc.co.in",https://ntpctender.ntpc.co.in/NITDetails/NITs/29605
29606,GEM/2026/B/7345990,"Assistance in Unloading through Hiring of Coal Conveying System at NTPC-North Karanpura-II, O&M of Mechanical Work",Western Region Head Quarter-II,Chhattisgarh,Western Region-II,Services,1000000.00,,,18/03/2026,18/03/2026 :10:00,02/04/2026 :16:00,02/04/2026 :16:00,02/04/2026 :16:30,,"Designation: Sr. Manager NTPC Limited, Western Region-II Head Quarter,
Plot No. 87, Sector-24, Atal Nagar,
Nava Raipur, Raipur, Chhattisgarh-492101 Phone: Fax: E-mail:  madhuripatel@ntpc.co.in",https://ntpctender.ntpc.co.in/NITDetails/NITs/29606
29607,9900321640,"Construction of PCC Road in Balkudra Village, Patratu under PVUNL CD Works",Patratu Vidyut Utpadan Nigam Limited (Subsidiary),Jharkhand,JVs & Subsidaries,Work Contract,,,,17/03/2026,17/03/2026 :12:00,07/04/2026 :11:00,07/04/2026 :11:00,08/04/2026 :11:00,,"Designation: DGM PATRATU VIDYUT UTPADAN NIGAM LIMITED, P.O PTPS, Dist. Ramgarh, Jharkhand - 829119 Phone: Fax: E-mail:  shalinibeck@ntpc.co.in",https://ntpctender.ntpc.co.in/NITDetails/NITs/29607
29608,NTPC/USSC-CPG1/9900321703,"Supply, Erection, Testing and Commissioning including Freight and Insurance Service of Modified Intake Water Piping System of North Karanpura (3x660MW).",Western Region Head Quarter-II,Chhattisgarh,Western Region-II,Work Contract,10000000.00,,,18/03/2026,18/03/2026 :18:55,07/04/2026 :16:30,07/04/2026 :16:30,09/04/2026 :16:30,,"Designation: DGM NTPC Limited, Western Region-II Office,
Plot No. 87, Sector-24,
Nava Raipur, Chhattisgarh-492018 Phone: Fax: E-mail:  anandshanker@ntpc.co.in",https://ntpctender.ntpc.co.in/NITDetails/NITs/29608
29609,NTPC/USSC-CPG1/9900320718,Supply and Installation of Security Surveillance System and Integration / Upgradation of VMS for Existing and Newly Supplied Cameras at NTPC Kudgi,Western Region Head Quarter-II,Chhattisgarh,Western Region-II,Work Contract,1000000.00,,,16/03/2026,16/03/2026 :09:20,07/04/2026 :16:30,07/04/2026 :16:30,09/04/2026 :16:30,,"Designation: DGM NTPC Limited, Western Region-II Office, Plot No. 87, Sector-24, Nava Raipur, Chhattisgarh-492018 Phone: Fax: E-mail:  anandshanker@ntpc.co.in",https://ntpctender.ntpc.co.in/NITDetails/NITs/29609
29610,GEM/2026/B/7343154,Development of NTPC Sustainability/ BRSR Report as part of Integrated Annual Report,Corporate Contracts,Uttar Pradesh,Corporate Center,Services,50000.00,,,19/03/2026,19/03/2026 :10:00,03/04/2026 :15:00,03/04/2026 :15:00,03/04/2026 :15:30,,"Designation: Sr. Manager NTPC Ltd., Engineering Office Complex,
Plot No. A-8A, Sector-24, NOIDA-201301, UP, India Phone: Fax: E-mail:  satishksharma@ntpc.co.in",https://ntpctender.ntpc.co.in/NITDetails/NITs/29610
29611,GEM/2026/B/7210679,"Coordination & Supervision of moving coal from Singareni Collieries Company Ltd (SCCL) Mines to load port through rail mode,
port related facilities and associated services for handling
at Load Port and loading in NTECL chartered ships",NTECL: NTPC TamilNadu Energy Company Ltd.,Tamilnadu,JVs & Subsidaries,Services,5000000.00,,,19/03/2026,19/03/2026 :10:00,09/04/2026 :19:00,09/04/2026 :19:00,09/04/2026 :19:30,,"Designation: DGM NTECL (NTPC Tamilnadu Energy Co. Ltd.)
Vallur TPP, Chennai-600 103 Phone: Fax: E-mail:  mohan02@ntpc.co.in",https://ntpctender.ntpc.co.in/NITDetails/NITs/29611
29612,GEM/2026/B/7376929,PROCUREMENT OF ROTOR STAND FOR 500 MW GENERATOR FOR NTPC KORBA,Western Region Head Quarter-II,Chhattisgarh,Western Region-II,Work Contract,,,,20/03/2026,20/03/2026 :10:00,03/04/2026 :16:00,03/04/2026 :16:00,03/04/2026 :16:30,,"Designation: DGM NTPC Limited, Western Region-II Office,
Plot No. 87, Sector-24,
Nava Raipur, Chhattisgarh-492018 Phone: Fax: E-mail:  ssenthilkumar@ntpc.co.in",https://ntpctender.ntpc.co.in/NITDetails/NITs/29612
29613,GEM/2026/B/7377140,PROCUREMENT OF SF6 GAS ANALYZER FOR NTPC-BARAUNI,Western Region Head Quarter-II,Chhattisgarh,Western Region-II,Work Contract,,,,20/03/2026,20/03/2026 :10:00,03/04/2026 :16:00,03/04/2026 :16:00,03/04/2026 :16:30,,"Designation: DGM NTPC Limited, Western Region-II Office,
Plot No. 87, Sector-24,
Nava Raipur, Chhattisgarh-492018 Phone: Fax: E-mail:  ssenthilkumar@ntpc.co.in",https://ntpctender.ntpc.co.in/NITDetails/NITs/29613
29614,GEM/2026/B/7377756,PROCUREMENT OF NON-ASBESTOS FIRE BLANKET FOR NTPC VINDHYACHAL,Western Region Head Quarter-II,Chhattisgarh,Western Region-II,Work Contract,,,,20/03/2026,20/03/2026 :10:00,03/04/2026 :16:00,03/04/2026 :16:00,03/04/2026 :16:30,,"Designation: DGM NTPC Limited, Western Region-II Office,
Plot No. 87, Sector-24,
Nava Raipur, Chhattisgarh-492018 Phone: Fax: E-mail:  ssenthilkumar@ntpc.co.in",https://ntpctender.ntpc.co.in/NITDetails/NITs/29614
29615,GEM/2026/B/7377941,"Procurement of Transformer Turns Ratio Measurement Kit for Testing of EHV,HV,& LT Transformer at FSTPS",Western Region Head Quarter-II,Chhattisgarh,Western Region-II,Work Contract,,,,20/03/2026,20/03/2026 :10:00,03/04/2026 :16:00,03/04/2026 :16:00,03/04/2026 :16:30,,"Designation: DGM NTPC Limited, Western Region-II Office,
Plot No. 87, Sector-24,
Nava Raipur, Chhattisgarh-492018 Phone: Fax: E-mail:  ssenthilkumar@ntpc.co.in",https://ntpctender.ntpc.co.in/NITDetails/NITs/29615
29616,NTPC/EOC/9900321879,Construction of Road from NTPC Project Office to Silo Stage-III and Development of Proposed Alternate Material Gate in JME Area,Corporate Contracts,Uttar Pradesh,Corporate Center,Work Contract,200000.00,,,20/03/2026,20/03/2026 :18:00,23/04/2026 :12:00,23/04/2026 :12:00,24/04/2026 :16:00,,Designation: DGM NTPC Ltd. Engineering Office Complex Plot No. A-8A Sector-24 NOIDA-201301 UP India Phone: Fax: E-mail:  mayankchaube@ntpc.co.in,https://ntpctender.ntpc.co.in/NITDetails/NITs/29616
29617,GEM/2026/B/7353285,ENGAGING THIRD PARTY INSPECTION AGENCY FOR NTECL ORDERED ITEMS ANYWHERE IN INDIA,NTECL: NTPC TamilNadu Energy Company Ltd.,Tamilnadu,JVs & Subsidaries,Work Contract,,,,20/03/2026,20/03/2026 :10:00,04/04/2026 :17:00,04/04/2026 :17:00,04/04/2026 :17:30,,"Designation: DGM NTECL (NTPC Tamilnadu Energy Co. Ltd.)
Vallur TPP, Chennai-600 103 Phone: Fax: E-mail:  mohan02@ntpc.co.in",https://ntpctender.ntpc.co.in/NITDetails/NITs/29617
29618,CS-8042-717-9,Environmental Impact Assessment (EIA) study for Tanda Super Thermal Power Project Stage-III (2x800 MW),Corporate Contracts,Uttar Pradesh,Corporate Center,Services,50000.00,,,20/03/2026,20/03/2026 :10:00,01/04/2026 :15:00,01/04/2026 :15:00,01/04/2026 :15:30,,"Designation: Sr. Manager NTPC Limited, Plot A-8A, Sector 24, Noida-201301
State of U.P. India Phone: Fax: E-mail:  vivekanandk@ntpc.co.in",https://ntpctender.ntpc.co.in/NITDetails/NITs/29618
29619,GEM/2026/B/7368973,Procurement of Tubular Hard Facing Electrodes,NTECL: NTPC TamilNadu Energy Company Ltd.,Tamilnadu,JVs & Subsidaries,Work Contract,,,,21/03/2026,21/03/2026 :10:00,11/04/2026 :18:00,11/04/2026 :18:00,11/04/2026 :18:30,,"Designation: DGM NTPC Tamilnadu Energy Co. Ltd (NTECL),
Vallur Thermal Power Station, 
Chennai - 600103 Phone: Fax: E-mail:  lokanathams@ntpc.co.in",https://ntpctender.ntpc.co.in/NITDetails/NITs/29619
29620,NGEL-CS-5840-004(EPC)-9,"EPC PACKAGE FOR DEVELOPMENT OF 100MW SOLAR WITH 50MW/200MWH BESS PROJECT AT JHANSI, U.P",NTPC Green Energy Ltd. (NGEL),Uttar Pradesh,Corporate Center,Work Contract,,,,21/03/2026,03/04/2026 :17:00,15/05/2026 :17:00,02/06/2026 :15:00,02/06/2026 :15:30,,Designation: Sr. Manager NTPC Green Energy Ltd 4th Floor NETRA Building E-3 Ecotech-II Udyog Vihar Greater Noida Distt. Gautam Budh Nagar UP INDIA-201306 Phone: Fax: E-mail:  madhusmritidevchoudhry@ntpc.co.in,https://ntpctender.ntpc.co.in/NITDetails/NITs/29620
29621,NTECL/C&M/CS5995R2,Construction of Chemical Storage Shed Balance Works at NTECL,NTECL: NTPC TamilNadu Energy Company Ltd.,Tamilnadu,JVs & Subsidaries,Work Contract,50000.00,1125.00,,21/03/2026,21/03/2026 :17:15,31/03/2026 :15:00,31/03/2026 :15:00,01/04/2026 :15:30,,"Designation: Sr. Manager NTECL, 
(A Joint Venture of NTPC Ltd. & TANGEDCO) 
Vallur Thermal Power Station 
Vellivoyal chavadi, Ponneri Taluk
Thiruvallur Dist., Chennai - 600103 Phone: Fax: E-mail:  vckamal@ntpc.co.in",https://ntpctender.ntpc.co.in/NITDetails/NITs/29621
29622,NTPC/EOC/9900322260,Procurement of ASP/E-invoicing solution-DCS for compliance of GST at NTPC for 1 Year,Corporate Contracts,Uttar Pradesh,Corporate Center,Work Contract,,,,20/03/2026,20/03/2026 :10:00,24/03/2026 :15:00,24/03/2026 :15:00,24/03/2026 :16:30,,"Designation: Sr. Manager NTPC LTD., 6th Floor, EOC,
Plot No. A-8A, Sector 24
NOIDA (UP), India-201301 Phone: Fax: E-mail:  deepaverma@ntpc.co.in",https://ntpctender.ntpc.co.in/NITDetails/NITs/29622
29623,GEM/2026/B/7364379,Galvanised Channel and Angle for NTPC TSTPS,Western Region Head Quarter-II,Chhattisgarh,Western Region-II,Work Contract,,,,23/03/2026,23/03/2026 :10:00,13/04/2026 :11:00,13/04/2026 :11:00,13/04/2026 :11:30,,"Designation: Sr. Manager NTPC Limited, Western Region-II Office,
Plot No. 87, Sector-24,
Nava Raipur, Chhattisgarh Phone: Fax: E-mail:  vikashkumar11@ntpc.co.in",https://ntpctender.ntpc.co.in/NITDetails/NITs/29623
29624,GEM/2026/B/7378776,Hiring of Vehicle for RE AMG Khavda RE Park Site for a Period of 02 Years,Renewable Energy,Uttar Pradesh,Renewable Energy,Work Contract,,,,23/03/2026,23/03/2026 :10:00,02/04/2026 :17:00,02/04/2026 :17:00,02/04/2026 :17:30,,"Designation: DGM NTPC Renewable Energy Limited 4th Floor, NETRA Building E-3, Ecotech-II, Udyog Vihar, Greater Noida Gautam Buddha Nagar, Uttar Pradesh, India–201306 Phone: Fax: E-mail:  ajaipandey@ntpc.co.in",https://ntpctender.ntpc.co.in/NITDetails/NITs/29624
29625,NTPC/USSC-CPG1/9900321596,Supply and Installation of VRV AC System for Service Building at NTPC Solapur STPP (2x660 MW).,Western Region Head Quarter-II,Chhattisgarh,Western Region-II,Work Contract,,,,24/03/2026,24/03/2026 :15:00,13/04/2026 :15:00,13/04/2026 :15:00,15/04/2026 :15:00,,"Designation: DGM NTPC Limited, USSC, CPG-1,
Western Region-II Head Quarter,
Plot No. 87, Sector-24, Atal Nagar,
Nava Raipur, Raipur, Chhattisgarh-492101 Phone: Fax: E-mail:  ajaykumarshivhare@ntpc.co.in",https://ntpctender.ntpc.co.in/NITDetails/NITs/29625
29626,NUGEL/EOI-01/2026-27,Expression of Interest on behalf of NUGEL from Commercial/Industrial Establishments/ Power aggregators/discoms in state of Uttar Pradesh for Procurement of Renewable Energy Power from its upcoming 100 MW Solar PV Project with 50 MW/200 MWh Battery Energy Storage System (BESS) in the state of U.P.,NTPC Green Energy Ltd. (NGEL),Uttar Pradesh,Corporate Center,Miscellaneous (Others),,,,23/03/2026,23/03/2026 :17:25,23/04/2026 :15:00,23/04/2026 :15:00,24/04/2026 :15:00,,"Designation: Sr. Manager NTPC Green Energy Ltd., G Noida, Uttar Pradesh Phone: Fax: E-mail:  madhusmritidevchoudhry@ntpc.co.in",https://ntpctender.ntpc.co.in/NITDetails/NITs/29626
29627,GEM/2026/B/7344115,Hiring of Unloading System with Crushing Unit at NKSTPP-II,Western Region Head Quarter-II,Chhattisgarh,Western Region-II,Services,1000000.00,,,24/03/2026,24/03/2026 :10:00,08/04/2026 :13:00,08/04/2026 :13:00,08/04/2026 :13:30,,"Designation: Sr. Manager NTPC Limited, Western Region-II Office,
Plot No. 87, Sector-24,
Nava Raipur, Chhattisgarh Phone: Fax: E-mail:  sonamjha@ntpc.co.in",https://ntpctender.ntpc.co.in/NITDetails/NITs/29627
29628,GEM/2026/B/7379148,PROCUREMENT OF SODIUM META BISULPHITE,NTECL: NTPC TamilNadu Energy Company Ltd.,Tamilnadu,JVs & Subsidaries,Work Contract,,,,23/03/2026,23/03/2026 :10:00,10/04/2026 :17:00,10/04/2026 :17:00,10/04/2026 :17:30,,"Designation: Sr. Manager NTECL, Vallur Thermal Power Project, Kuruvimedu Village,
Ponneri Taluk, Vellivayal Chavadi Post, Thiruvallur Dist. Chennai-600103 Phone: Fax: E-mail:  nchaplot@ntpc.co.in",https://ntpctender.ntpc.co.in/NITDetails/NITs/29628
29629,GEM/2026/B/7376080,PROCUREMENT OF LIMESTONE FOR LIME BED VESSELS IN RM PLANT,NTECL: NTPC TamilNadu Energy Company Ltd.,Tamilnadu,JVs & Subsidaries,Work Contract,,,,23/03/2026,23/03/2026 :10:00,09/04/2026 :18:00,09/04/2026 :18:00,09/04/2026 :18:30,,"Designation: Sr. Manager NTECL, Vallur Thermal Power Project, Kuruvimedu Village, Ponneri Taluk, Vellivayal Chavadi Post, Thiruvallur Dist. Chennai-600103 Phone: Fax: E-mail:  nchaplot@ntpc.co.in",https://ntpctender.ntpc.co.in/NITDetails/NITs/29629
29630,GEM/2026/B/7376797,Procurement of Aluminium Cladding Sheet for BMD at VSTPS,Western Region Head Quarter-II,Chhattisgarh,Western Region-II,Work Contract,200000.00,,,24/03/2026,24/03/2026 :10:00,14/04/2026 :16:00,14/04/2026 :16:00,14/04/2026 :16:30,,"Designation: Sr. Manager NTPC Limited, Western Region-II Office,
Plot No. 87, Sector-24,
Nava Raipur, Chhattisgarh-492018 Phone: Fax: E-mail:  adityagupta@ntpc.co.in",https://ntpctender.ntpc.co.in/NITDetails/NITs/29630
29631,GEM/2026/B/7374111,Bulk Procurement of Window Type ACs,Western Region Head Quarter-II,Chhattisgarh,Western Region-II,Work Contract,,,,25/03/2026,25/03/2026 :10:00,15/04/2026 :15:00,15/04/2026 :15:00,15/04/2026 :15:30,,"Designation: Sr. Manager NTPC Limited, Western Region-II Office,
Plot No. 87, Sector-24,
Nava Raipur, Chhattisgarh Phone: Fax: E-mail:  vikashkumar11@ntpc.co.in",https://ntpctender.ntpc.co.in/NITDetails/NITs/29631
29632,GEM/2026/B/7387778,PROCUREMENT OF LIQUID FERRIC CHLORIDE,NTECL: NTPC TamilNadu Energy Company Ltd.,Tamilnadu,JVs & Subsidaries,Work Contract,,,,25/03/2026,25/03/2026 :10:00,14/04/2026 :17:00,14/04/2026 :17:00,14/04/2026 :17:30,,"Designation: Sr. Manager NTECL, Vallur Thermal Power Project, Kuruvimedu Village,
Ponneri Taluk, Vellivayal Chavadi Post, Thiruvallur Dist. Chennai-600103 Phone: Fax: E-mail:  nchaplot@ntpc.co.in",https://ntpctender.ntpc.co.in/NITDetails/NITs/29632
29633,GEM/2026/B/7386498,PROCUREMENT OF LIQUID CARBON DIOXIDE FOR NTECL VALLUR,NTECL: NTPC TamilNadu Energy Company Ltd.,Tamilnadu,JVs & Subsidaries,Work Contract,,,,25/03/2026,25/03/2026 :10:00,14/04/2026 :14:00,14/04/2026 :14:00,14/04/2026 :14:30,,"Designation: Sr. Manager NTECL, Vallur Thermal Power Project, Kuruvimedu Village, Ponneri Taluk, Vellivayal Chavadi Post, Thiruvallur Dist. Chennai-600103 Phone: Fax: E-mail:  nchaplot@ntpc.co.in",https://ntpctender.ntpc.co.in/NITDetails/NITs/29633
29634,NTPC/USSC-CPG1/9900321670,"Civil Work for MGR Embankment Protection (Supply of Materials, Embankment Slope Protection, Fencing etc.), Gadarwara",Western Region Head Quarter-II,Chhattisgarh,Western Region-II,Work Contract,500000.00,,,25/03/2026,25/03/2026 :17:00,13/04/2026 :13:00,13/04/2026 :13:00,15/04/2026 :15:00,,"Designation: AGM NTPC Limited, Western Region-II Office,
Plot No. 87, Sector-24,
Nava Raipur, Chhattisgarh-492018 Phone: Fax: E-mail:  kkarora@ntpc.co.in",https://ntpctender.ntpc.co.in/NITDetails/NITs/29634
29635,GEM/2026/B/7369183,"Hiring of SML ISUZU HTV Prestige GS Model Diesel Fuelled Troop Carrier Police Van for CISF, PVUNL",Patratu Vidyut Utpadan Nigam Limited (Subsidiary),Jharkhand,JVs & Subsidaries,Work Contract,100000.00,,,18/03/2026,18/03/2026 :10:00,02/04/2026 :13:00,02/04/2026 :13:00,02/04/2026 :13:30,,"Designation: DGM PVUNL (A subsidiary of NTPC Ltd. in joint Venture with JBVNL)
PO PTPS Patratu, Ramgarh, Jharkhand, India-829119 Phone: Fax: E-mail:  ajaypal@ntpc.co.in",https://ntpctender.ntpc.co.in/NITDetails/NITs/29635
29636,NTPC/EOC/9900322105,FMS and CMS for SAP ERP Hardware Systems and Accessories at Primary DC Noida and DRS Hyderabad Locations,Corporate Contracts,Uttar Pradesh,Corporate Center,Services,,,,26/03/2026,26/03/2026 :10:00,30/03/2026 :14:30,30/03/2026 :14:30,30/03/2026 :16:00,,"Designation: Sr. Manager NTPC LTD., 6th Floor, EOC, Plot no. A-8A, Sector 24
NOIDA (UP), India-201 301 Phone: Fax: E-mail:  deepaverma@ntpc.co.in",https://ntpctender.ntpc.co.in/NITDetails/NITs/29636
29637,GEM/2026/B/7387695,Job Contract for Mechanical Maintenance of Stage 3 and 4 FGD Plant NTPC Vindhyachal STPS,Western Region Head Quarter-II,Chhattisgarh,Western Region-II,Work Contract,200000.00,,,27/03/2026,27/03/2026 :10:00,13/04/2026 :16:00,13/04/2026 :16:00,13/04/2026 :16:30,,"Designation: Sr. Manager NTPC Limited, Western Region-II Head Quarter,
Plot No. 87, Sector-24, Atal Nagar,
Nava Raipur, Raipur, Chhattisgarh-492101 Phone: Fax: E-mail:  madhuripatel@ntpc.co.in",https://ntpctender.ntpc.co.in/NITDetails/NITs/29637
29638,NTPC/USSC-CPG1/9900322039,Maintenance of Lawns/Gardens and Development Works in Plant Area & Ash Dyke of NTPC Kudgi,Western Region Head Quarter-II,Chhattisgarh,Western Region-II,Services,500000.00,,,27/03/2026,27/03/2026 :11:00,13/04/2026 :13:00,13/04/2026 :13:00,15/04/2026 :15:00,,"Designation: AGM NTPC Limited, Western Region-II Office,
Plot No. 87, Sector-24,
Nava Raipur, Chhattisgarh-492018 Phone: Fax: E-mail:  kkarora@ntpc.co.in",https://ntpctender.ntpc.co.in/NITDetails/NITs/29638
29639,GEM/2026/B/7367856,Bulk Procurement of 10kV and 15kV Insulation Tester,Western Region Head Quarter-II,Chhattisgarh,Western Region-II,Work Contract,,,,27/03/2026,27/03/2026 :15:00,17/04/2026 :16:00,17/04/2026 :16:00,17/04/2026 :16:30,,"Designation: Sr. Manager NTPC Limited, Western Region-II Office,
Plot No. 87, Sector-24,
Nava Raipur, Chhattisgarh-492018 Phone: Fax: E-mail:  adityagupta@ntpc.co.in",https://ntpctender.ntpc.co.in/NITDetails/NITs/29639
29640,GEM/2026/B/7368730,Hiring of 02 Electric Vehicles for PVUNL Patratu,Patratu Vidyut Utpadan Nigam Limited (Subsidiary),Jharkhand,JVs & Subsidaries,Work Contract,100000.00,,,27/03/2026,27/03/2026 :10:00,11/04/2026 :11:00,11/04/2026 :11:00,11/04/2026 :11:30,,"Designation: DGM Patratu Vidyut Utpadan Nigam Ltd.,
A Subsidiary of NTPC in JV with JBVNL,
P.O. PTPS-Patratu Dist. Ramgarh, Jharkhand-829119 Phone: Fax: E-mail:  ajaypal@ntpc.co.in",https://ntpctender.ntpc.co.in/NITDetails/NITs/29640
29641,GEM/2026/B/7395164,"One Time Job Contract for Restoration of 02 Nos. Mini Excavator BE75 (Make M/s BEML Ltd., Year of Mfr 2012).",IGSTPP: Aravali Power Copany Private Limited-Jhajjar (JV),Haryana,JVs & Subsidaries,Work Contract,,,,30/03/2026,30/03/2026 :10:00,14/04/2026 :15:00,14/04/2026 :15:00,14/04/2026 :15:30,,Designation: Sr. Manager APCPL Indira Gandhi Super Thermal Power Project P.O. Jharli Dist. JHAJJAR Haryana - 124141 INDIA Phone: Fax: E-mail:  amitsaikia@ntpc.co.in,https://ntpctender.ntpc.co.in/NITDetails/NITs/29641
29642,NTPC/NETRA/EOI-01/2025-26,"EOI for Exploring the Vendor base and Price Discovery for Utilization of 1 TPD of Green
Hydrogen Generated from Sea Water through Flue Gas Desalination from NTPC Simhadri",Simhadri Thermal Power Project,Andhra Pradesh,Southern Region,Miscellaneous (Others),,,,01/04/2026,01/04/2026 :00:00,31/05/2026 :23:55,31/05/2026 :23:55,01/06/2026 :10:00,,Designation: Sr. Manager NTPC Road Visakhapatnam Steel Plant Parawada Visakhapatnam Andhra Pradesh-531020 Phone: Fax: E-mail:  prabakarans@ntpc.co.in,https://ntpctender.ntpc.co.in/NITDetails/NITs/29642
29643,GEM/2026/B/7335793,"PROCUREMENT OF VRLA ,150AH,12V DRY BATTERY WITH BUYBACK OF OLD BATTERY BANK FOR CO2 PLANT AT NTPC VSTPP",Corporate Contracts,Uttar Pradesh,Corporate Center,Work Contract,,,,31/03/2026,31/03/2026 :10:00,15/04/2026 :15:00,15/04/2026 :15:00,15/04/2026 :15:30,,"Designation: Sr. Manager NTPC Ltd., Engineering Office Complex,
Plot No. A-8A, Sector-24, NOIDA-201301, UP, India Phone: Fax: E-mail:  deepaverma@ntpc.co.in",https://ntpctender.ntpc.co.in/NITDetails/NITs/29643
29644,GEM/2026/B/7401276,Procurement of A3 Mono Photocopier for NTPC Mouda,Western Region Head Quarter-II,Chhattisgarh,Western Region-II,Work Contract,,,,31/03/2026,31/03/2026 :10:00,15/04/2026 :17:00,15/04/2026 :17:00,15/04/2026 :17:30,,"Designation: Sr. Manager NTPC Limited, Western Region-II Office,
Plot No. 87, Sector-24,
Nava Raipur, Chhattisgarh Phone: Fax: E-mail:  vikashkumar11@ntpc.co.in",https://ntpctender.ntpc.co.in/NITDetails/NITs/29644
29645,EOI/NTPC/Kanti/AM/2026-27/01,Expression of Interest for Appointment as Dealer for Fly Ash Bricks from NTPC Kanti,Muzaffarpur Thermal Power Station,Bihar,JVs & Subsidaries,Miscellaneous (Others),,,,01/04/2026,01/04/2026 :10:00,05/05/2026 :17:30,05/05/2026 :17:30,,,Designation: HOD C&M Tender Box at Room No. 4647 ADM Building NTPC MTPS PO Kanti Thermal Dist Muzaffarpur Bihar – 843130 Phone: Fax: E-mail:  mtpscnm@gmail.com,https://ntpctender.ntpc.co.in/NITDetails/NITs/29645
29646,GEM/2026/B/7402886,Deployment and Operation of Advanced Life Support (ALS) Ambulance for a period of 5 Years at NTPC Hospital Anta,Western Region Head Quarter-II,Chhattisgarh,Western Region-II,Services,,,,01/04/2026,01/04/2026 :10:00,13/04/2026 :16:00,13/04/2026 :16:00,13/04/2026 :16:30,,"Designation: DGM NTPC Limited, USSC, CPG-1,
Western Region-II Head Quarter,
Plot No. 87, Sector-24, Atal Nagar,
Nava Raipur, Raipur, Chhattisgarh-492101 Phone: Fax: E-mail:  pankajkumar07@ntpc.co.in",https://ntpctender.ntpc.co.in/NITDetails/NITs/29646
29647,NTPC/USSC-CPG1/9900322388,BULK PROCUREMENT OF RCCB,Western Region Head Quarter-II,Chhattisgarh,Western Region-II,Work Contract,200000.00,,,25/03/2026,25/03/2026 :17:30,15/04/2026 :16:00,15/04/2026 :16:00,17/04/2026 :16:00,,"Designation: Sr. Manager NTPC Limited, Western Region-II Office,
Plot No. 87, Sector-24,
Nava Raipur, Chhattisgarh-492018 Phone: Fax: E-mail:  adityagupta@ntpc.co.in",https://ntpctender.ntpc.co.in/NITDetails/NITs/29647
29648,CS-8003-364-9,Sipat Super Thermal Power Project Stage-III (1X 800MW) Township Package,Corporate Contracts,Uttar Pradesh,Corporate Center,Work Contract,10000000.00,,,01/04/2026,07/04/2026 :10:00,07/05/2026 :15:00,07/05/2026 :15:00,07/05/2026 :15:00,,"Designation: DGM NTPC Limited,
6th Floor, Engineering Office Complex,
A-8A, Sector-24, NOIDA,
Dist. Gautam Budh Nagar, (UP), INDIA-201301 Phone: Fax: E-mail:  shailendrakrsrivastava@ntpc.co.in",https://ntpctender.ntpc.co.in/NITDetails/NITs/29648
29649,PVUNL/Patratu/9900321396,"Design, Supply and Erection of Prefabricated Structure (Store Shed) including all Civil and Electrical Works at PVUNL Plant",Patratu Vidyut Utpadan Nigam Limited (Subsidiary),Jharkhand,JVs & Subsidaries,Services,,,,01/04/2026,01/04/2026 :17:00,15/04/2026 :11:00,15/04/2026 :11:00,16/04/2026 :11:00,,"Designation: DGM PATRATU VIDYUT UTPADAN NIGAM LIMITED,
P.O - PTPS, Dist. Ramgarh, Jharkhand - 829119 Phone: Fax: E-mail:  ajaypal@ntpc.co.in",https://ntpctender.ntpc.co.in/NITDetails/NITs/29649
29650,GEM/2026/B/7304606,"OUTSOURCING OF JOBS RELATED TO OCCUPATIONAL HEALTH CENTRE (OHC), AT NSPCL - DURGAPUR",NTPC-SAIL Power Company Limited (NSPCL) - Bhilai,Chhattisgarh,JVs & Subsidaries,Services,100000.00,,,16/03/2026,16/03/2026 :10:00,06/04/2026 :14:00,06/04/2026 :14:00,06/04/2026 :14:30,,"Designation: Sr. Manager NSPCL, SSC, Bhilai Expansion Site,
Near Purena Village, Bhilai (East),
PO-Dist. Durg Chhattisgarh-490021 Phone: Fax: E-mail:  arti.choure@nspcl.co.in",https://ntpctender.ntpc.co.in/NITDetails/NITs/29650
29651,NRE-CS-5800-004(BOS2)-9,"BALANCE OF SYSTEM (BOS) PACKAGE FOR DEVELOPMENT OF 200MW GRID CONNECTED SOLAR PV PROJECT AT BIKANER, RAJASTHAN",Renewable Energy,Uttar Pradesh,Renewable Energy,Services,50000000.00,,,02/04/2026,02/04/2026 :10:10,06/05/2026 :17:00,13/05/2026 :15:00,13/05/2026 :15:30,,Designation: Sr. Manager NTPC Renewable Energy Ltd 4th Floor Renewables Building NETRA Complex E-3 Ecotech-II Udyog Vihar Greater Noida Gautam Buddha Nagar UP India–201306 Phone: Fax: E-mail:  piushverma@ntpc.co.in,https://ntpctender.ntpc.co.in/NITDetails/NITs/29651
29652,GEM/2026/B/7410121,"Integrated HAZOP Study of CTM Project, Green Chemical Department of NTPC Vindhyachal",Corporate Contracts,Uttar Pradesh,Corporate Center,Services,,,,02/04/2026,02/04/2026 :10:00,17/04/2026 :12:00,17/04/2026 :12:00,17/04/2026 :12:30,,"Designation: Manager NTPC Ltd., Engineering Office Complex, Plot No. A-8A, Sector-24, NOIDA-201301, UP, India Phone: Fax: E-mail:  shilpakareddy@ntpc.co.in",https://ntpctender.ntpc.co.in/NITDetails/NITs/29652
29653,NGEL-CS-5731-004(BW)-9R,Construction of Boundary Wall at NGEL Bilhaur Solar PV Project in Uttar Pradesh,NTPC Green Energy Ltd. (NGEL),Uttar Pradesh,Corporate Center,Work Contract,100000.00,,,02/04/2026,02/04/2026 :17:00,23/04/2026 :14:00,23/04/2026 :14:00,24/04/2026 :14:30,,"Designation: Sr. Manager NTPC Green Energy Limited ,
4th Floor, Renewables Building
E-3, Ecotech-II, Udyog Vihar, Greater Noida
Gautam Budh Nagar, UP, India–201306 Phone: Fax: E-mail:  madhusmritidevchoudhry@ntpc.co.in",https://ntpctender.ntpc.co.in/NITDetails/NITs/29653
29654,GEM/2026/B/7402430,"OPERATION ASSISTANCE FOR MAIN PLANT AND OFFSITE AREA OF CPP-II EXPANSION PROJECT, NSPCL ROURKELA",NTPC-SAIL Power Company Limited (NSPCL) - Bhilai,Chhattisgarh,JVs & Subsidaries,Services,500000.00,,,02/04/2026,02/04/2026 :10:00,23/04/2026 :15:00,23/04/2026 :15:00,23/04/2026 :15:30,,"Designation: Sr. Manager NSPCL, SSC, Bhilai
Expansion Site, Near Purena Village, Bhilai (East),
PO Dist. Durg, Chhattisgarh-490021 Phone: Fax: E-mail:  arti.choure@nspcl.co.in",https://ntpctender.ntpc.co.in/NITDetails/NITs/29654
29655,NTPC/USSC-CPG1/9900322773,RCC Road inside the Plant NTPC Kudgi,Western Region Head Quarter-II,Chhattisgarh,Western Region-II,Work Contract,5000000.00,,,03/04/2026,03/04/2026 :12:00,24/04/2026 :13:00,24/04/2026 :13:00,27/04/2026 :15:00,,"Designation: Sr. Manager NTPC Limited, USSC, CPG-1, Western Region-II Head Quarter, Plot No. 87, Sector-24, Atal Nagar, Nava Raipur, Raipur, Chhattisgarh-492101 Phone: Fax: E-mail:  reshusingh@ntpc.co.in",https://ntpctender.ntpc.co.in/NITDetails/NITs/29655
29656,GEM/2026/B/7409035,Procurement of SF6 Gas for 400KV GIS,NTECL: NTPC TamilNadu Energy Company Ltd.,Tamilnadu,JVs & Subsidaries,Work Contract,50000.00,,,03/04/2026,03/04/2026 :10:00,24/04/2026 :12:00,24/04/2026 :12:00,24/04/2026 :12:30,,"Designation: Sr. Manager NTECL, Vallur Thermal Power Project,
Site Office Vellivoyal Chavadi Post,
Ponneri Taluk, Thiruvallur District, Chennai-600103, Tamilnadu Phone: Fax: E-mail:  nchaplot@ntpc.co.in",https://ntpctender.ntpc.co.in/NITDetails/NITs/29656
29657,CS-8014-132-9,"INTAKE AND MAKE UP WATER SYSTEM PACKAGE
FOR GADARWARA SUPER THERMAL POWER PROJECT STAGE-II (2X800 MW)
LOCATED AT DISTRICT NARSINGHPUR, STATE OF MADHYAPRADESH, INDIA,",Corporate Contracts,Uttar Pradesh,Corporate Center,Work Contract,20000000.00,,,03/04/2026,03/04/2026 :18:30,05/05/2026 :16:00,05/05/2026 :16:00,06/05/2026 :16:00,,"Designation: AGM NTPC Limited,
6th Floor, Engineering Office Complex,
A-8A, Sector-24, NOIDA,
Distt. Gautam Budh Nagar, (UP), INDIA-201301 Phone: Fax: E-mail:  vbtotle@ntpc.co.in",https://ntpctender.ntpc.co.in/NITDetails/NITs/29657
29658,NVVN/C&M/RE-512/2026-27,TENDER FOR SALE OF GYPSUM PRODUCED FROM FGD PLANT OF NTPC SIPAT,NVVNL - NTPC Vidyut Vyapar Nigam Ltd.,Uttar Pradesh,JVs & Subsidaries,Services,,,,03/04/2026,03/04/2026 :12:00,17/04/2026 :17:00,17/04/2026 :17:00,17/04/2026 :17:05,,"Designation: Sr. Manager NVVNL, EOC, Plot No. A-8A Sector 24, Block A, Noida, Uttar Pradesh 201301 Phone: Fax: E-mail:  nvvncontracts@ntpc.co.in",https://ntpctender.ntpc.co.in/NITDetails/NITs/29658
29659,GEM/2026/B/7407036,Procurement of Portable Hydrogen Gas Analyser,NTECL: NTPC TamilNadu Energy Company Ltd.,Tamilnadu,JVs & Subsidaries,Work Contract,,,,03/04/2026,03/04/2026 :10:00,22/04/2026 :13:00,22/04/2026 :13:00,22/04/2026 :13:30,,"Designation: Sr. Manager NTECL, Vallur Thermal Power Project, Site Office Vellivoyal Chavadi Post, Ponneri Taluk, Thiruvallur District, Chennai-600103, Tamilnadu Phone: Fax: E-mail:  nchaplot@ntpc.co.in",https://ntpctender.ntpc.co.in/NITDetails/NITs/29659
29660,GEM/2026/B/7402970,Procurement of Discharge Rods,NTECL: NTPC TamilNadu Energy Company Ltd.,Tamilnadu,JVs & Subsidaries,Work Contract,,,,04/04/2026,04/04/2026 :10:00,20/04/2026 :16:00,20/04/2026 :16:00,20/04/2026 :16:30,,"Designation: Sr. Manager NTECL, Vallur Thermal Power Project, Site Office Vellivoyal Chavadi Post, Ponneri Taluk, Thiruvallur District, Chennai-600103, Tamilnadu Phone: Fax: E-mail:  nchaplot@ntpc.co.in",https://ntpctender.ntpc.co.in/NITDetails/NITs/29660
29661,NTPC/USSC-CPG1/9900322442,WBM ROAD OVER INSPECTION PATH/PERIMETER DYKE OF NTPC SIMHADRI ASH DYKE,Western Region Head Quarter-II,Chhattisgarh,Western Region-II,Work Contract,2000000.00,,,06/04/2026,06/04/2026 :10:00,21/04/2026 :13:00,21/04/2026 :13:00,23/04/2026 :15:00,,"Designation: AGM NTPC Limited, Western Region-II Office,
Plot No. 87, Sector-24,
Nava Raipur, Chhattisgarh-492018 Phone: Fax: E-mail:  kkarora@ntpc.co.in",https://ntpctender.ntpc.co.in/NITDetails/NITs/29661
29662,GEM/2026/B/7416128,"BIANNUAL MAINTENANCE & OVERHAULING CONTRACT FOR MILLS, FEEDERS, BUNKERS & BURNER AREA of stage-I,II,III for 2026-28 at BMD-NTPC Korba",Western Region Head Quarter-II,Chhattisgarh,Western Region-II,Work Contract,1000000.00,,,06/04/2026,06/04/2026 :10:00,27/04/2026 :16:00,27/04/2026 :16:00,27/04/2026 :16:30,,"Designation: DGM NTPC Limited, Western Region-II Office,
Plot No. 87, Sector-24,
Nava Raipur, Chhattisgarh-492018 Phone: Fax: E-mail:  hariomkumar@ntpc.co.in",https://ntpctender.ntpc.co.in/NITDetails/NITs/29662
29663,GEM/2026/B/7357246,"Supply, Installation, Commissioning and CAMC for OCEMS at CMB Outlet",NTECL: NTPC TamilNadu Energy Company Ltd.,Tamilnadu,JVs & Subsidaries,Services,50000.00,,,06/04/2026,06/04/2026 :10:00,10/04/2026 :18:00,10/04/2026 :18:00,10/04/2026 :18:30,,"Designation: DGM NTPC Tamil Nadu Energy Company Limited,
Vallur Thermal Power Project,
Vellivoyal chabadi, Ponneri Taluk,
Thiruvallur Dist., Chennai - 600 103 Phone: Fax: E-mail:  nithyav@ntpc.co.in",https://ntpctender.ntpc.co.in/NITDetails/NITs/29663
29664,GEM/2026/B/7221654,"Procurement of Industrial Grade, SMPS based Technology, Float Cum Boost Charger 24V DC, Installation & Commissioning Works and Dismantling of Existing Chargers at NTECL Plant",NTECL: NTPC TamilNadu Energy Company Ltd.,Tamilnadu,JVs & Subsidaries,Work Contract,1000000.00,,,06/04/2026,06/04/2026 :10:00,24/04/2026 :19:00,24/04/2026 :19:00,24/04/2026 :19:30,,"Designation: DGM NTPC Tamil Nadu Energy Company Limited,
Vallur Thermal Power Project,
Vellivoyal chabadi, Ponneri Taluk,
Thiruvallur Dist., Chennai - 600 103 Phone: Fax: E-mail:  nithyav@ntpc.co.in",https://ntpctender.ntpc.co.in/NITDetails/NITs/29664
29665,PVUNL/Patratu/9900322675,"Civil and Electrical Works at CLIMS Labor Gate, PVUNL.",Patratu Vidyut Utpadan Nigam Limited (Subsidiary),Jharkhand,JVs & Subsidaries,Work Contract,,,,06/04/2026,06/04/2026 :18:00,20/04/2026 :11:00,20/04/2026 :11:00,21/04/2026 :11:00,,"Designation: DGM PATRATU VIDYUT UTPADAN NIGAM LIMITED,
P.O PTPS, Dist. Ramgarh, Jharkhand - 829119 Phone: Fax: E-mail:  ajaypal@ntpc.co.in",https://ntpctender.ntpc.co.in/NITDetails/NITs/29665
29666,NRE-CS-5816-004(EPC)-9,"EPC PACKAGE FOR DEVELOPMENT OF 900MW (3x300MW) GRID CONNECTED SOLAR PV PROJECTS AT MANDSAUR, MADHYA PRADESH",Renewable Energy,Uttar Pradesh,Renewable Energy,Services,,,,07/04/2026,07/04/2026 :10:00,07/05/2026 :17:00,22/05/2026 :14:00,22/05/2026 :14:30,,Designation: Sr. Manager NTPC Renewable Energy Ltd 4th Floor Renewables Building E-3 Ecotech-II Udyog Vihar Greater Noida Gautam Budh Nagar UP India–201306 Phone: Fax: E-mail:  madhusmritidevchoudhry@ntpc.co.in,https://ntpctender.ntpc.co.in/NITDetails/NITs/29666
29667,01MEG-06-07042026,GI GRATING/GRILL,Vendor Development Cell (Raipur CG),Chhattisgarh,Western Region-II,Vendor Enlistment,,,,07/04/2026,07/04/2026 :10:00,06/07/2026 :23:55,,,,"Designation: DGM NTPC, USSC - Vendor Enlistment Cell, Chhattisgarh Phone: Fax: E-mail:  simpalkumari@ntpc.co.in",https://ntpctender.ntpc.co.in/NITDetails/NITs/29667
29668,10MEG-06-07042026,SF6 GAS,Vendor Development Cell (Raipur CG),Chhattisgarh,Western Region-II,Vendor Enlistment,,,,07/04/2026,07/04/2026 :10:00,06/07/2026 :23:55,,,,"Designation: DGM NTPC, USSC - Vendor Enlistment Cell, Chhattisgarh Phone: Fax: E-mail:  simpalkumari@ntpc.co.in",https://ntpctender.ntpc.co.in/NITDetails/NITs/29668
29669,10MEG-42-07042026,Sodium Hypochlorite Solution,Vendor Development Cell (Raipur CG),Chhattisgarh,Western Region-II,Vendor Enlistment,,,,07/04/2026,07/04/2026 :10:00,28/04/2026 :23:55,,,,"Designation: DGM NTPC, USSC - Vendor Enlistment Cell, Chhattisgarh Phone: Fax: E-mail:  simpalkumari@ntpc.co.in",https://ntpctender.ntpc.co.in/NITDetails/NITs/29669
29670,16MEG-10-07042026,Cast Basalt Pipe,Vendor Development Cell (Raipur CG),Chhattisgarh,Western Region-II,Vendor Enlistment,,,,07/04/2026,07/04/2026 :10:00,06/07/2026 :23:55,,,,"Designation: DGM NTPC, USSC - Vendor Enlistment Cell, Chhattisgarh Phone: Fax: E-mail:  simpalkumari@ntpc.co.in",https://ntpctender.ntpc.co.in/NITDetails/NITs/29670
29671,16MEG-25-07042026,Cast Iron Pipe Lines for Ash Conveying Pipes of Sizes up to 250 NB,Vendor Development Cell (Raipur CG),Chhattisgarh,Western Region-II,Vendor Enlistment,,,,07/04/2026,07/04/2026 :10:00,06/07/2026 :23:55,,,,"Designation: DGM NTPC, USSC - Vendor Enlistment Cell, Chhattisgarh Phone: Fax: E-mail:  simpalkumari@ntpc.co.in",https://ntpctender.ntpc.co.in/NITDetails/NITs/29671
29672,16MEG-27-07042026,"CPVC Pipes, CPVC Fittings and CPVC Solvent Cement",Vendor Development Cell (Raipur CG),Chhattisgarh,Western Region-II,Vendor Enlistment,,,,07/04/2026,07/04/2026 :10:00,06/07/2026 :23:55,,,,"Designation: DGM NTPC, USSC - Vendor Enlistment Cell, Chhattisgarh Phone: Fax: E-mail:  simpalkumari@ntpc.co.in",https://ntpctender.ntpc.co.in/NITDetails/NITs/29672
29673,18MEG-01A-07042026,GENERAL PURPOSE MANUALLY OPERATED CI GLOBE VALVES,Vendor Development Cell (Raipur CG),Chhattisgarh,Western Region-II,Vendor Enlistment,,,,07/04/2026,07/04/2026 :10:00,28/04/2026 :23:55,,,,"Designation: DGM NTPC, USSC - Vendor Enlistment Cell, Chhattisgarh Phone: Fax: E-mail:  simpalkumari@ntpc.co.in",https://ntpctender.ntpc.co.in/NITDetails/NITs/29673
29674,18MEG-01C-07042026,GENERAL PURPOSE MANUALLY OPERATED CI NRV/CHECK VALVES,Vendor Development Cell (Raipur CG),Chhattisgarh,Western Region-II,Vendor Enlistment,,,,07/04/2026,07/04/2026 :10:00,28/04/2026 :23:55,,,,"Designation: DGM NTPC, USSC - Vendor Enlistment Cell, Chhattisgarh Phone: Fax: E-mail:  simpalkumari@ntpc.co.in",https://ntpctender.ntpc.co.in/NITDetails/NITs/29674
29675,46MEG-01A-07042026,"Wear Parts (Grinding Rolls and Bull Ring Segment) of Raymond Bowl Type XRP / HP Pulverisers, Grinding Roll size 28/29 inches",Vendor Development Cell (Raipur CG),Chhattisgarh,Western Region-II,Vendor Enlistment,,,,07/04/2026,07/04/2026 :10:00,06/07/2026 :23:55,,,,"Designation: DGM NTPC, USSC - Vendor Enlistment Cell, Chhattisgarh Phone: Fax: E-mail:  simpalkumari@ntpc.co.in",https://ntpctender.ntpc.co.in/NITDetails/NITs/29675
29676,46MEG-01B-07042026,"Wear Parts (Grinding Rolls and Bull Ring Segment) of Raymond Bowl Type XRP / HP Pulverisers, Grinding Roll size 36/37/43 inches",Vendor Development Cell (Raipur CG),Chhattisgarh,Western Region-II,Vendor Enlistment,,,,07/04/2026,07/04/2026 :10:00,06/07/2026 :23:55,,,,"Designation: DGM NTPC, USSC - Vendor Enlistment Cell, Chhattisgarh Phone: Fax: E-mail:  simpalkumari@ntpc.co.in",https://ntpctender.ntpc.co.in/NITDetails/NITs/29676
29677,46MEG-01C-07042026,"Wear Parts (Grinding Rolls and Bull Ring Segment) of Raymond Bowl Type XRP/HP Pulverisers, Grinding Roll size 48/50/62/63 inches",Vendor Development Cell (Raipur CG),Chhattisgarh,Western Region-II,Vendor Enlistment,,,,07/04/2026,07/04/2026 :10:00,06/07/2026 :23:55,,,,"Designation: DGM NTPC, USSC - Vendor Enlistment Cell, Chhattisgarh Phone: Fax: E-mail:  simpalkumari@ntpc.co.in",https://ntpctender.ntpc.co.in/NITDetails/NITs/29677
29678,46MEG-15B-07042026,NON-METALLIC FABRIC EXPANSION JOINTS,Vendor Development Cell (Raipur CG),Chhattisgarh,Western Region-II,Vendor Enlistment,,,,07/04/2026,07/04/2026 :10:00,06/07/2026 :23:55,,,,"Designation: DGM NTPC, USSC - Vendor Enlistment Cell, Chhattisgarh Phone: Fax: E-mail:  simpalkumari@ntpc.co.in",https://ntpctender.ntpc.co.in/NITDetails/NITs/29678
29679,48MEG-02-07042026,BOILER STRAIGHT TUBES (ALLOY STEEL OTHER THAN SS),Vendor Development Cell (Raipur CG),Chhattisgarh,Western Region-II,Vendor Enlistment,,,,07/04/2026,07/04/2026 :10:00,06/07/2026 :23:55,,,,"Designation: DGM NTPC, USSC - Vendor Enlistment Cell, Chhattisgarh Phone: Fax: E-mail:  simpalkumari@ntpc.co.in",https://ntpctender.ntpc.co.in/NITDetails/NITs/29679
29680,55MEG-09-07042026,ASTM 4140 Grade Forged Crusher Hammer,Vendor Development Cell (Raipur CG),Chhattisgarh,Western Region-II,Vendor Enlistment,,,,07/04/2026,07/04/2026 :10:00,06/07/2026 :23:55,,,,"Designation: DGM NTPC, USSC - Vendor Enlistment Cell, Chhattisgarh Phone: Fax: E-mail:  simpalkumari@ntpc.co.in",https://ntpctender.ntpc.co.in/NITDetails/NITs/29680
29681,56MEG-09-07042026,KNIFE EDGE GATE VALVE UP TO 350NB,Vendor Development Cell (Raipur CG),Chhattisgarh,Western Region-II,Vendor Enlistment,,,,07/04/2026,07/04/2026 :10:00,06/07/2026 :23:55,,,,"Designation: DGM NTPC, USSC - Vendor Enlistment Cell, Chhattisgarh Phone: Fax: E-mail:  simpalkumari@ntpc.co.in",https://ntpctender.ntpc.co.in/NITDetails/NITs/29681
29682,68MEG-01-07042026,Fire Tender (Cat-I),Vendor Development Cell (Raipur CG),Chhattisgarh,Western Region-II,Vendor Enlistment,,,,07/04/2026,07/04/2026 :10:00,28/04/2026 :23:55,,,,"Designation: DGM NTPC, USSC - Vendor Enlistment Cell, Chhattisgarh Phone: Fax: E-mail:  simpalkumari@ntpc.co.in",https://ntpctender.ntpc.co.in/NITDetails/NITs/29682
29683,81MEG-05-07042026,Instrumentation Cables,Vendor Development Cell (Raipur CG),Chhattisgarh,Western Region-II,Vendor Enlistment,,,,07/04/2026,07/04/2026 :10:00,28/04/2026 :23:55,,,,"Designation: DGM NTPC, USSC - Vendor Enlistment Cell, Chhattisgarh Phone: Fax: E-mail:  simpalkumari@ntpc.co.in",https://ntpctender.ntpc.co.in/NITDetails/NITs/29683
29684,87MEG-10-07042026,400 kV Current Transformer (CT) (Enlistment Category-1),Vendor Development Cell (Raipur CG),Chhattisgarh,Western Region-II,Vendor Enlistment,,,,07/04/2026,07/04/2026 :10:00,06/07/2026 :23:55,,,,"Designation: DGM NTPC, USSC - Vendor Enlistment Cell, Chhattisgarh Phone: Fax: E-mail:  simpalkumari@ntpc.co.in",https://ntpctender.ntpc.co.in/NITDetails/NITs/29684
29685,94MEG-06A-07042026,Temperature Transmitter,Vendor Development Cell (Raipur CG),Chhattisgarh,Western Region-II,Vendor Enlistment,,,,07/04/2026,07/04/2026 :10:00,06/07/2026 :23:55,,,,"Designation: DGM NTPC, USSC - Vendor Enlistment Cell, Chhattisgarh Phone: Fax: E-mail:  simpalkumari@ntpc.co.in",https://ntpctender.ntpc.co.in/NITDetails/NITs/29685
29686,94MEG-07-07042026,Ultrasonic Flow Meters,Vendor Development Cell (Raipur CG),Chhattisgarh,Western Region-II,Vendor Enlistment,,,,07/04/2026,07/04/2026 :10:00,06/07/2026 :23:55,,,,"Designation: DGM NTPC, USSC - Vendor Enlistment Cell, Chhattisgarh Phone: Fax: E-mail:  simpalkumari@ntpc.co.in",https://ntpctender.ntpc.co.in/NITDetails/NITs/29686
29687,BMD-27-07042026,In Situ Repairing of HP Valves,Vendor Development Cell (Raipur CG),Chhattisgarh,Western Region-II,Vendor Enlistment,,,,07/04/2026,07/04/2026 :10:00,28/04/2026 :23:55,,,,"Designation: DGM NTPC, USSC - Vendor Enlistment Cell, Chhattisgarh Phone: Fax: E-mail:  simpalkumari@ntpc.co.in",https://ntpctender.ntpc.co.in/NITDetails/NITs/29687
29688,BMD-28-07042026,Maintenance/Overhauling of Electro Static Precipitator (ESP) and its Associated Auxiliaries of Thermal Power Plant,Vendor Development Cell (Raipur CG),Chhattisgarh,Western Region-II,Vendor Enlistment,,,,07/04/2026,07/04/2026 :10:00,28/04/2026 :23:55,,,,"Designation: DGM NTPC, USSC - Vendor Enlistment Cell, Chhattisgarh Phone: Fax: E-mail:  simpalkumari@ntpc.co.in",https://ntpctender.ntpc.co.in/NITDetails/NITs/29688
29689,BMD-32-07042026,Enlistment of Vendors for Corrosion Mapping of Water Wall Tubes in Boiler by RFET Technique,Vendor Development Cell (Raipur CG),Chhattisgarh,Western Region-II,Vendor Enlistment,,,,07/04/2026,07/04/2026 :10:00,28/04/2026 :23:55,,,,"Designation: DGM NTPC, USSC - Vendor Enlistment Cell, Chhattisgarh Phone: Fax: E-mail:  simpalkumari@ntpc.co.in",https://ntpctender.ntpc.co.in/NITDetails/NITs/29689
29690,BMD-33-07042026,"SUPPLY AND APPLICATION OF PAINT ON STRUCTURES, EQUIPMENTS & PIPING OF BOILER AND IT’S AUXILIARIES for NTPC Stations",Vendor Development Cell (Raipur CG),Chhattisgarh,Western Region-II,Vendor Enlistment,,,,07/04/2026,07/04/2026 :10:00,28/04/2026 :23:55,,,,"Designation: DGM NTPC, USSC - Vendor Enlistment Cell, Chhattisgarh Phone: Fax: E-mail:  simpalkumari@ntpc.co.in",https://ntpctender.ntpc.co.in/NITDetails/NITs/29690
29691,BTG-01-07042026,"Long-term Maintenance Contract for Boiler, Turbine and their Auxiliaries",Vendor Development Cell (Raipur CG),Chhattisgarh,Western Region-II,Vendor Enlistment,,,,07/04/2026,07/04/2026 :10:00,28/04/2026 :23:55,,,,"Designation: DGM NTPC, USSC - Vendor Enlistment Cell, Chhattisgarh Phone: Fax: E-mail:  simpalkumari@ntpc.co.in",https://ntpctender.ntpc.co.in/NITDetails/NITs/29691
29692,CHP-05B-07042026,Enlistment for Round the Clock Stone Picking from Running Conveyor Belts in CHP (Category-I),Vendor Development Cell (Raipur CG),Chhattisgarh,Western Region-II,Vendor Enlistment,,,,07/04/2026,07/04/2026 :10:00,28/04/2026 :23:55,,,,"Designation: DGM NTPC, USSC - Vendor Enlistment Cell, Chhattisgarh Phone: Fax: E-mail:  simpalkumari@ntpc.co.in",https://ntpctender.ntpc.co.in/NITDetails/NITs/29692
29693,CHP-10A-07042026,Chute Fabrication & Erection Works in CHP,Vendor Development Cell (Raipur CG),Chhattisgarh,Western Region-II,Vendor Enlistment,,,,07/04/2026,07/04/2026 :10:00,28/04/2026 :23:55,,,,"Designation: DGM NTPC, USSC - Vendor Enlistment Cell, Chhattisgarh Phone: Fax: E-mail:  simpalkumari@ntpc.co.in",https://ntpctender.ntpc.co.in/NITDetails/NITs/29693
29694,EMG-01-07042026,Environment Parameter Monitoring for Thermal and Gas Plants,Vendor Development Cell (Raipur CG),Chhattisgarh,Western Region-II,Vendor Enlistment,,,,07/04/2026,07/04/2026 :10:00,28/04/2026 :23:55,,,,"Designation: DGM NTPC, USSC - Vendor Enlistment Cell, Chhattisgarh Phone: Fax: E-mail:  simpalkumari@ntpc.co.in",https://ntpctender.ntpc.co.in/NITDetails/NITs/29694
29695,MGR-01-07042026,Maintenance of Signalling and Telecommunication System of MGR Area,Vendor Development Cell (Raipur CG),Chhattisgarh,Western Region-II,Vendor Enlistment,,,,07/04/2026,07/04/2026 :10:00,28/04/2026 :23:55,,,,"Designation: DGM NTPC, USSC - Vendor Enlistment Cell, Chhattisgarh Phone: Fax: E-mail:  simpalkumari@ntpc.co.in",https://ntpctender.ntpc.co.in/NITDetails/NITs/29695
29696,MMC-01-07042026,Mechanical Shift Maintenance in Main Plant/ Off Sites Areas of Coal based Power Plant,Vendor Development Cell (Raipur CG),Chhattisgarh,Western Region-II,Vendor Enlistment,,,,07/04/2026,07/04/2026 :10:00,28/04/2026 :23:55,,,,"Designation: DGM NTPC, USSC - Vendor Enlistment Cell, Chhattisgarh Phone: Fax: E-mail:  simpalkumari@ntpc.co.in",https://ntpctender.ntpc.co.in/NITDetails/NITs/29696
29697,MP-02-03-07042026,MP-02 and MP-03 (Deployment of Manpower Category-1),Vendor Development Cell (Raipur CG),Chhattisgarh,Western Region-II,Vendor Enlistment,,,,07/04/2026,07/04/2026 :10:00,28/04/2026 :23:55,,,,"Designation: DGM NTPC, USSC - Vendor Enlistment Cell, Chhattisgarh Phone: Fax: E-mail:  simpalkumari@ntpc.co.in",https://ntpctender.ntpc.co.in/NITDetails/NITs/29697
29698,MP-102-103-07042026,MP-102 and MP-103 (Manpower),Vendor Development Cell (Raipur CG),Chhattisgarh,Western Region-II,Vendor Enlistment,,,,07/04/2026,07/04/2026 :10:00,28/04/2026 :23:55,,,,"Designation: DGM NTPC, USSC - Vendor Enlistment Cell, Chhattisgarh Phone: Fax: E-mail:  simpalkumari@ntpc.co.in",https://ntpctender.ntpc.co.in/NITDetails/NITs/29698
29699,TMD-01-07042026,Condenser Tube Cleaning by Bullet Shot Method in Units above 200MW Capacity,Vendor Development Cell (Raipur CG),Chhattisgarh,Western Region-II,Vendor Enlistment,,,,07/04/2026,07/04/2026 :10:00,06/07/2026 :23:55,,,,"Designation: DGM NTPC, USSC - Vendor Enlistment Cell, Chhattisgarh Phone: Fax: E-mail:  simpalkumari@ntpc.co.in",https://ntpctender.ntpc.co.in/NITDetails/NITs/29699
29700,TMD-03-07042026,Condenser Tube Cleaning by High Pressure Jet Cleaning Method in Units above 200MW,Vendor Development Cell (Raipur CG),Chhattisgarh,Western Region-II,Vendor Enlistment,,,,07/04/2026,07/04/2026 :10:00,28/04/2026 :23:55,,,,"Designation: DGM NTPC, USSC - Vendor Enlistment Cell, Chhattisgarh Phone: Fax: E-mail:  simpalkumari@ntpc.co.in",https://ntpctender.ntpc.co.in/NITDetails/NITs/29700
29701,TMD-06-07042026,"OPERATION, MAINTENANCE & HOUSEKEEPING OF CENTRAL WORKSHOP MACHINES",Vendor Development Cell (Raipur CG),Chhattisgarh,Western Region-II,Vendor Enlistment,,,,07/04/2026,07/04/2026 :10:00,28/04/2026 :23:55,,,,"Designation: DGM NTPC, USSC - Vendor Enlistment Cell, Chhattisgarh Phone: Fax: E-mail:  simpalkumari@ntpc.co.in",https://ntpctender.ntpc.co.in/NITDetails/NITs/29701
29702,TMD-24-07042026,Vendor Enlistment for Eddy Current Testing of Condenser & Heat Exchanger Tubes in Turbine Area (CATEGORY-I Enlistment),Vendor Development Cell (Raipur CG),Chhattisgarh,Western Region-II,Vendor Enlistment,,,,07/04/2026,07/04/2026 :10:00,06/07/2026 :23:55,,,,"Designation: DGM NTPC, USSC - Vendor Enlistment Cell, Chhattisgarh Phone: Fax: E-mail:  simpalkumari@ntpc.co.in",https://ntpctender.ntpc.co.in/NITDetails/NITs/29702
29703,TMD-26-07042026,"Vendor Enlistment for Online Leak Sealing in Turbine, Boiler & Other Areas of Power Plant. (CATEGORY-I Enlistment)",Vendor Development Cell (Raipur CG),Chhattisgarh,Western Region-II,Vendor Enlistment,,,,07/04/2026,07/04/2026 :10:00,06/07/2026 :23:55,,,,"Designation: DGM NTPC, USSC - Vendor Enlistment Cell, Chhattisgarh Phone: Fax: E-mail:  simpalkumari@ntpc.co.in",https://ntpctender.ntpc.co.in/NITDetails/NITs/29703
29704,GEM/2026/B/7416785,O&M of 20 TPD CO2 Capture Plant at Vindhyachal for 2 Months,Corporate Contracts,Uttar Pradesh,Corporate Center,Services,,,,07/04/2026,07/04/2026 :10:00,17/04/2026 :16:00,17/04/2026 :16:00,17/04/2026 :16:30,,"Designation: Manager NTPC Ltd., Engineering Office Complex,
Plot No. A-8A, Sector-24, NOIDA-201301, UP, India Phone: Fax: E-mail:  shilpakareddy@ntpc.co.in",https://ntpctender.ntpc.co.in/NITDetails/NITs/29704
29705,GEM/2026/B/7419665,"DISMANTLING/FABRICATION/ERECTIO
NS OF CORRODED STRUCTURES OF
CABLE TRAY, SUPPORT STRUCTURES
& PLATFORM IN DESALINATION AREA
AT NTECL.",NTECL: NTPC TamilNadu Energy Company Ltd.,Tamilnadu,JVs & Subsidaries,Services,100000.00,,,07/04/2026,07/04/2026 :10:00,28/04/2026 :15:00,28/04/2026 :15:00,28/04/2026 :15:30,,"Designation: DGM NTECL,
Vallur Thermal Power Station,
Kuruvimedu Village, Ponneri Taluk,
Vellivoyal Chavadi Post,
Thiruvallur District, Chennai - 600103 Phone: Fax: E-mail:  jaideep@ntpc.co.in",https://ntpctender.ntpc.co.in/NITDetails/NITs/29705
29706,NTPC/USSC-CPG1/9900322980,Supply and Application of Airseal Ceramic Fibre Sealing in Penthouse & APH Area at NTPC Rihand,Western Region Head Quarter-II,Chhattisgarh,Western Region-II,Work Contract,200000.00,,,08/04/2026,08/04/2026 :15:00,27/04/2026 :15:00,27/04/2026 :15:00,29/04/2026 :15:00,,"Designation: DGM NTPC Limited, USSC, CPG-I,
Western Region-II Head Quarter, Plot No. 87, Sector-24,
Atal Nagar Nava Raipur, Raipur, Chhattisgarh-492101 Phone: Fax: E-mail:  srikark@ntpc.co.in",https://ntpctender.ntpc.co.in/NITDetails/NITs/29706
29707,GEM/2026/B/7338183,"Deployment of Various Machinery for Maintenance
of Ash dyke including Monsoon Period at Dhanras
Ash Dyke, NTPC Korba for 12 Months (2026-27)",Western Region Head Quarter-II,Chhattisgarh,Western Region-II,Services,,,,08/04/2026,08/04/2026 :10:00,23/04/2026 :11:00,23/04/2026 :11:00,23/04/2026 :11:30,,"Designation: Sr. Manager NTPC Limited, USSC, CPG-1,
Western Region-II Head Quarter,
Plot No. 87, Sector-24, Atal Nagar,
Nava Raipur, Raipur, Chhattisgarh-492101 Phone: Fax: E-mail:  reshusingh@ntpc.co.in",https://ntpctender.ntpc.co.in/NITDetails/NITs/29707
29708,NRE-CS-5929-003(WTG)-9R,"SUPPLY AND INSTALLATION OF WIND TURBINE GENERATORS (WTG) FOR ISTS CONNECTED WIND ENERGY PROJECT WITH NOMINAL CAPACITY OF 813 MW (271 WTG) IN BELLARY, KARNATAKA",Renewable Energy,Uttar Pradesh,Renewable Energy,Services,1000000000.00,,,08/04/2026,08/04/2026 :10:00,10/09/2026 :17:00,24/09/2026 :15:00,24/09/2026 :15:30,,Designation: Sr. Manager NTPC Renewable Energy Ltd. 4th Floor Renewables Building NETRA Complex E-3 Ecotech-II Udyog Vihar Greater Noida Gautam Buddha Nagar UP India–201306 Phone: Fax: E-mail:  gurpratapsingh@ntpc.co.in,https://ntpctender.ntpc.co.in/NITDetails/NITs/29708
29709,GEM/2026/B/7425654,PROCUREMENT OF ESP VACUUM PUMP ASSEMBLY AND SPARES,NTECL: NTPC TamilNadu Energy Company Ltd.,Tamilnadu,JVs & Subsidaries,Work Contract,200000.00,,,08/04/2026,08/04/2026 :10:00,29/04/2026 :16:00,29/04/2026 :16:00,29/04/2026 :16:30,,"Designation: DGM NTPC Tamilnadu Energy Co. Ltd (NTECL), Vallur Thermal Power Station, Chennai - 600103 Phone: Fax: E-mail:  lokanathams@ntpc.co.in",https://ntpctender.ntpc.co.in/NITDetails/NITs/29709
29710,NTPC/USSC-CPG1/9900322703,Service Contract for Application of Airseal in Stage-1 & 2 Boiler for 02 Years during Unit Overhauling NTPC Barh,Western Region Head Quarter-II,Chhattisgarh,Western Region-II,Work Contract,200000.00,,,09/04/2026,09/04/2026 :13:00,24/04/2026 :11:00,24/04/2026 :11:00,25/04/2026 :15:00,,"Designation: Sr. Manager NTPC Limited, Western Region-II Office,
Plot No. 87, Sector-24,
Nava Raipur, Chhattisgarh-492018 Phone: Fax: E-mail:  sonamjha@ntpc.co.in",https://ntpctender.ntpc.co.in/NITDetails/NITs/29710
29711,GEM/2026/B/7409722,Bulk Procurement of Battery Operated Forklifts,Western Region Head Quarter-II,Chhattisgarh,Western Region-II,Work Contract,,,,10/04/2026,10/04/2026 :10:00,02/05/2026 :15:00,02/05/2026 :15:00,02/05/2026 :15:30,,"Designation: Sr. Manager NTPC Limited, Western Region-II Office,
Plot No. 87, Sector-24,
Nava Raipur, Chhattisgarh-492018 Phone: Fax: E-mail:  vikashkumar11@ntpc.co.in",https://ntpctender.ntpc.co.in/NITDetails/NITs/29711
29712,GEM/2026/B/7423473,HIRING OF 2 NOS 60 FT (18M) & 1 NO 125 FT (38M) BOOM LIFT FOR 1 YEAR,NTECL: NTPC TamilNadu Energy Company Ltd.,Tamilnadu,JVs & Subsidaries,Work Contract,100000.00,,,10/04/2026,08/04/2026 :10:00,29/04/2026 :15:00,29/04/2026 :15:00,29/04/2026 :15:30,,"Designation: DGM NTECL,
Vallur Thermal Power Station,
Kuruvimedu Village, Ponneri Taluk,
Vellivoyal Chavadi Post,
Thiruvallur District, Chennai - 600103 Phone: Fax: E-mail:  jaideep@ntpc.co.in",https://ntpctender.ntpc.co.in/NITDetails/NITs/29712
29713,GEM/2026/B/7409766,Bulk Procurement of 4T Tower AC,Western Region Head Quarter-II,Chhattisgarh,Western Region-II,Work Contract,,,,06/04/2026,06/04/2026 :10:00,23/04/2026 :16:00,23/04/2026 :16:00,23/04/2026 :16:30,,"Designation: Manager NTPC Limited, Western Region-II Office,
Plot No. 87, Sector-24,
Nava Raipur, Chhattisgarh-492018 Phone: Fax: E-mail:  sonaliagarwal@ntpc.co.in",https://ntpctender.ntpc.co.in/NITDetails/NITs/29713
29714,CS-9590-130E-2,"Development, Design and Setup of 150 TPD CO2 to Green Urea (CTGU) Plant at NTPC Pudimadaka",Corporate Contracts,Uttar Pradesh,Corporate Center,Work Contract,200000000.00 2109300.00,,,10/04/2026,08/05/2026 :10:00,08/06/2026 :13:00,08/06/2026 :13:00,08/06/2026 :15:00,,Designation: Sr. Manager NTPC Limited Plot A-8A Sector 24 Noida-201301 State of U.P. India Phone: Fax: E-mail:  rohitgautam@ntpc.co.in,https://ntpctender.ntpc.co.in/NITDetails/NITs/29714
29715,NRE-CS-5822-004(MOD-1)-9R,SUPPLY OF SOLAR PV MODULES FOR 1000MW SOLAR PV PROJECTS IN LALITPUR AND CHITRAKOOT IN U.P.,Renewable Energy,Uttar Pradesh,Renewable Energy,Services,,,,10/04/2026,10/04/2026 :10:00,15/04/2026 :18:00,27/04/2026 :15:00,27/04/2026 :15:30,,"Designation: DGM NTPC Renewable Energy Ltd.,
4th Floor, Renewables Building, NETRA Complex,
E-3 Ecotech-II,
Udyog Vihar, Greater Noida,
Gautam Buddha Nagar, UP-201306 Phone: Fax: E-mail:  kmgoyal01@ntpc.co.in",https://ntpctender.ntpc.co.in/NITDetails/NITs/29715
29716,GEM/2026/B/7418726,"Procurement of CW Discharge Valves & Condenser Outlet Valves for ST-1 for NTPC, Vindhyachal",Western Region Head Quarter-II,Chhattisgarh,Western Region-II,Work Contract,1000000.00,,,11/04/2026,11/04/2026 :10:00,27/04/2026 :18:00,27/04/2026 :18:00,27/04/2026 :18:30,,"Designation: DGM NTPC Limited, USSC, CPG-1,
Western Region-II Head Quarter,
Plot No. 87, Sector-24, Atal Nagar,
Nava Raipur, Raipur, Chhattisgarh-492101 Phone: Fax: E-mail:  manishkumar06@ntpc.co.in",https://ntpctender.ntpc.co.in/NITDetails/NITs/29716
29717,GEM/2026/B/7415650,Hiring of Vehicle for RE AMG Khavda RE Park Site for a Period of 02 Years,Renewable Energy,Uttar Pradesh,Renewable Energy,Work Contract,,,,12/04/2026,12/04/2026 :10:00,22/04/2026 :13:00,22/04/2026 :13:00,22/04/2026 :13:30,,"Designation: DGM NTPC Renewable Energy Limited 4th Floor, NETRA Building E-3, Ecotech-II, Udyog Vihar, Greater Noida Gautam Buddha Nagar, Uttar Pradesh, India–201306 Phone: Fax: E-mail:  ajaipandey@ntpc.co.in",https://ntpctender.ntpc.co.in/NITDetails/NITs/29717
29718,NTPC/EOC/9900321609,"R&M OF LT & HT SWITCHGEARS INCLUDING DESIGN, FABRICATION, SITC and DISMANTLING OF OLD PANELS AT EOC NOIDA and ITS ANNEXE BUILDING.",Corporate Contracts,Uttar Pradesh,Corporate Center,Work Contract,2000000.00,,,10/04/2026,10/04/2026 :18:00,30/04/2026 :15:00,30/04/2026 :15:00,01/05/2026 :15:00,,"Designation: Sr. Manager NTPC Ltd., Engineering Office Complex,
Plot No. A-8A, Sector-24, NOIDA-201301, UP, India Phone: Fax: E-mail:  parixitrariya@ntpc.co.in",https://ntpctender.ntpc.co.in/NITDetails/NITs/29718
29719,NTPC/EOC/9900322982,Setting up Permanent Store near Site for CTM Plant at NTPC VINDHYACHAL,"Corporate Materials (EOC, Scope, PMI, NETRA)",Uttar Pradesh,Corporate Center,Work Contract,50000.00,,,13/04/2026,13/04/2026 :18:00,04/05/2026 :15:00,04/05/2026 :15:00,05/05/2026 :15:00,,"Designation: Sr. Manager NTPC Ltd., Engineering Office Complex,
Plot No. A-8A, Sector-24, NOIDA-201301, UP, India Phone: Fax: E-mail:  parixitrariya@ntpc.co.in",https://ntpctender.ntpc.co.in/NITDetails/NITs/29719
29720,GEM/2026/B/7417945,"Hiring of Two (02) Nos. of 10-Wheel Truck Mounted Mist Blower Fog Cannon for Dust Suppression in Ash Dyke, NTPC Darlipali",Western Region Head Quarter-II,Chhattisgarh,Western Region-II,Work Contract,,,,13/04/2026,13/04/2026 :18:15,27/04/2026 :16:00,27/04/2026 :16:00,27/04/2026 :16:30,,"Designation: DGM NTPC Limited, USSC, CPG-1,
Western Region-II Head Quarter,
Plot No. 87, Sector-24, Atal Nagar,
Nava Raipur, Raipur, Chhattisgarh-492101 Phone: Fax: E-mail:  pankajkumar07@ntpc.co.in",https://ntpctender.ntpc.co.in/NITDetails/NITs/29720
29721,NTPC/USSC-CPG1/9900323334,Material Supply to Ash Brick Plant at NTPC SIPAT,Western Region Head Quarter-II,Chhattisgarh,Western Region-II,Work Contract,200000.00,,,13/04/2026,13/04/2026 :18:15,29/04/2026 :15:00,29/04/2026 :15:00,30/04/2026 :15:00,,"Designation: Sr. Manager NTPC Limited, Western Region-II Office,
Plot No. 87, Sector-24,
Nava Raipur, Chhattisgarh-492018 Phone: Fax: E-mail:  reshusingh@ntpc.co.in",https://ntpctender.ntpc.co.in/NITDetails/NITs/29721
29722,GEM/2026/B/7411879,"Biennial Job Contract for Running Breakdown and Overhauling Maintenance of Fans, Air Preheaters, Duct Part A and B, ESP and HFO at NTPC Korba STPS UNITS 2026-28",Western Region Head Quarter-II,Chhattisgarh,Western Region-II,Work Contract,1000000.00,,,13/04/2026,13/04/2026 :10:00,29/04/2026 :16:00,29/04/2026 :16:00,29/04/2026 :16:30,,"Designation: Sr. Manager NTPC Limited, USSC, CPG-1,
Western Region-II Head Quarter,
Plot No. 87, Sector-24, Atal Nagar,
Nava Raipur, Raipur, Chhattisgarh-492101 Phone: Fax: E-mail:  madhuripatel@ntpc.co.in",https://ntpctender.ntpc.co.in/NITDetails/NITs/29722
29723,GEM/2026/B/7428626,Procurement of Alloy Cast Iron Pipes for AHP,NTECL: NTPC TamilNadu Energy Company Ltd.,Tamilnadu,JVs & Subsidaries,Work Contract,100000.00,,,15/04/2026,15/04/2026 :10:00,06/05/2026 :18:00,06/05/2026 :18:00,06/05/2026 :18:30,,"Designation: DGM NTPC Tamilnadu Energy Co. Ltd (NTECL),
Vallur Thermal Power Station, Chennai - 600103 Phone: Fax: E-mail:  lokanathams@ntpc.co.in",https://ntpctender.ntpc.co.in/NITDetails/NITs/29723
29724,NTPC/USSC-CPG1/9900323283,"Design, Manufacture, Supply & Supervision During Retrofitting and Commissioning of
Stage#1 04 Nos. CW Pump along with Motor of NTPC VSTPS",Western Region Head Quarter-II,Chhattisgarh,Western Region-II,Work Contract,,,,15/04/2026,15/04/2026 :15:00,04/05/2026 :15:00,04/05/2026 :15:00,06/05/2026 :15:00,,"Designation: DGM NTPC Limited, USSC, CPG-1,
Western Region-II Head Quarter,
Plot No. 87, Sector-24, Atal Nagar,
Nava Raipur, Raipur, Chhattisgarh-492101 Phone: Fax: E-mail:  ajaykumarshivhare@ntpc.co.in",https://ntpctender.ntpc.co.in/NITDetails/NITs/29724
29725,RE-CS-9900323739,CIVIL WORKS OF INSTALLATION OF 25 MWh SURFACE HYDRO-KINETIC PUMP STORAGE PLANT AT NTPC RAMAGUNDAM,NTPC Green Energy Ltd. (NGEL),Uttar Pradesh,Corporate Center,Civil Works,2000000.00,,,13/04/2026,13/04/2026 :11:00,27/04/2026 :15:00,27/04/2026 :15:00,28/04/2026 :15:00,,"Designation: Manager (Contract Services) NTPC GREEN ENERGY LIMITED,
E-3, Main Market Rd, Ecotech-II,
Udyog Vihar, Greater Noida, UP-201306 Phone: Fax: E-mail:  neetabaranwal@ntpc.co.in",https://ntpctender.ntpc.co.in/NITDetails/NITs/29725
29726,GEM/2026/B/7390225,Consultancy Contract for Opportunity Assessment Due Diligence of Overseas Uranium Assets,Corporate Contracts,Uttar Pradesh,Corporate Center,Services,500000.00,,,14/04/2026,14/04/2026 :10:00,30/07/2026 :15:00,30/07/2026 :15:00,30/07/2026 :15:30,,Designation: Sr. Manager Engineering Office Complex NTPC Limited Plot A-8A Sector 24 Noida Uttar Pradesh India-201301 Phone: Fax: E-mail:  satishksharma@ntpc.co.in,https://ntpctender.ntpc.co.in/NITDetails/NITs/29726
29727,GEM/2026/B/7394698,Biennial Road Cleaning Contract under Civil Maintenance at NTPC Darlipali,Western Region Head Quarter-II,Chhattisgarh,Western Region-II,Work Contract,,,,16/04/2026,16/04/2026 :10:00,28/04/2026 :16:00,28/04/2026 :16:00,28/04/2026 :16:30,,"Designation: DGM NTPC Limited, USSC, CPG-1,
Western Region-II Head Quarter,
Plot No. 87, Sector-24, Atal Nagar,
Nava Raipur, Raipur, Chhattisgarh-492101 Phone: Fax: E-mail:  pankajkumar07@ntpc.co.in",https://ntpctender.ntpc.co.in/NITDetails/NITs/29727
29728,GEM/2026/B/7437598,Hiring of Hydra Crane (15 MT or Above) and Fork Lift (3MT or Above),NTECL: NTPC TamilNadu Energy Company Ltd.,Tamilnadu,JVs & Subsidaries,Work Contract,50000.00,,,13/04/2026,13/04/2026 :10:00,23/04/2026 :15:00,23/04/2026 :15:00,23/04/2026 :15:30,,"Designation: DGM NTECL,
Vallur Thermal Power Station,
Kuruvimedu Village, Ponneri Taluk,
Vellivoyal Chavadi Post,
Thiruvallur District, Chennai - 600103 Phone: Fax: E-mail:  jaideep@ntpc.co.in",https://ntpctender.ntpc.co.in/NITDetails/NITs/29728
29729,NTPC/EOC/9900322582,Running and Maintenance of Transit Camps at Noida for a Period of 02 Years through M/s ICWCS LTD.,Corporate Contracts,Uttar Pradesh,Corporate Center,Services,,,,16/04/2026,16/04/2026 :18:00,23/04/2026 :15:00,23/04/2026 :15:00,24/04/2026 :15:00,,"Designation: Sr. Manager NTPC Ltd., Engineering Office Complex,
Plot No. A-8A, Sector-24, NOIDA-201301, UP, India Phone: Fax: E-mail:  parixitrariya@ntpc.co.in",https://ntpctender.ntpc.co.in/NITDetails/NITs/29729
29730,NTPC/EOC/9900321549,Procurement of Caesar-II for Project Engineering Department,Corporate Contracts,Uttar Pradesh,Corporate Center,Work Contract,,,,16/04/2026,16/04/2026 :16:00,23/04/2026 :15:00,23/04/2026 :15:00,24/04/2026 :15:00,,"Designation: Manager NTPC Ltd., Engineering Office Complex,
Plot No. A-8A, Sector-24, NOIDA-201301, UP, India Phone: Fax: E-mail:  shilpakareddy@ntpc.co.in",https://ntpctender.ntpc.co.in/NITDetails/NITs/29730
29731,GEM/2026/B/7413100,HIRING OF 01 NO. AMBULANCE AT NSPCL DURGAPUR ON ROUND THE CLOCK BASIS,NSPCL - Durgapur,West Bengal,JVs & Subsidaries,Work Contract,100000.00,,,16/04/2026,09/04/2026 :10:00,30/04/2026 :15:00,30/04/2026 :15:00,30/04/2026 :15:30,,"Designation: DGM (C&M) NTPC-SAIL Power Company Ltd., Durgapur, Chhattisgarh Phone: Fax: E-mail:  prabhulinga@nspcl.co.in",https://ntpctender.ntpc.co.in/NITDetails/NITs/29731
29732,GEM/2026/B/7448275,Contract for Unloading Storage and Firing of Biomass Pellet for a Period of 1 Year at CHP NTPC Bongaigaon,Western Region Head Quarter-II,Chhattisgarh,Western Region-II,Work Contract,200000.00,,,17/04/2026,17/04/2026 :10:00,07/05/2026 :15:00,07/05/2026 :15:00,07/05/2026 :15:30,,"Designation: DGM NTPC Limited, Western Region-II Office,
Plot No. 87, Sector-24,
Nava Raipur, Chhattisgarh-492018 Phone: Fax: E-mail:  srikark@ntpc.co.in",https://ntpctender.ntpc.co.in/NITDetails/NITs/29732
29733,GEM/2026/B/7428170,BMC CONTRCT FOR FIVE DIESEL LOCOMOTIVE AT NTPC BARH,Western Region Head Quarter-II,Chhattisgarh,Western Region-II,Work Contract,500000.00,,,17/04/2026,17/04/2026 :10:00,02/05/2026 :11:00,02/05/2026 :11:00,02/05/2026 :11:30,,"Designation: Sr. Manager NTPC Limited, Western Region-II Office,
Plot No. 87, Sector-24,
Nava Raipur, Chhattisgarh Phone: Fax: E-mail:  sonamjha@ntpc.co.in",https://ntpctender.ntpc.co.in/NITDetails/NITs/29733
29734,NTPC/EOC/9900322213,Comprehensive O&M Contract for CTM Plant,Corporate Contracts,Uttar Pradesh,Corporate Center,Services,500000.00,,,16/04/2026,16/04/2026 :09:00,07/05/2026 :16:00,07/05/2026 :16:00,08/05/2026 :16:00,,"Designation: Manager NTPC Ltd., Engineering Office Complex,
Plot No. A-8A, Sector-24, NOIDA-201301, UP, India Phone: Fax: E-mail:  shilpakareddy@ntpc.co.in",https://ntpctender.ntpc.co.in/NITDetails/NITs/29734
29735,NTP/USSC-CPG1/9900323698,"Design, Supply and Erection of Rack and Pinion Elevators at NTPC Unchahar",Western Region Head Quarter-II,Chhattisgarh,Western Region-II,Work Contract,200000.00,,,17/04/2026,17/04/2026 :11:00,06/05/2026 :16:30,06/05/2026 :16:30,08/05/2026 :16:30,,"Designation: DGM NTPC Limited, Western Region-II Office,
Plot No. 87, Sector-24,
Nava Raipur, Chhattisgarh-492018 Phone: Fax: E-mail:  anandshanker@ntpc.co.in",https://ntpctender.ntpc.co.in/NITDetails/NITs/29735
29736,GEM/2026/B/7432313,"Dozer Spares (BD 155 & BD-355) for Barh, Singrauli and North Karanpura",Western Region Head Quarter-II,Chhattisgarh,Western Region-II,Services,,,,17/04/2026,17/04/2026 :10:00,08/05/2026 :15:00,08/05/2026 :15:00,08/05/2026 :15:30,,"Designation: DGM NTPC Limited, Western Region-II Office,
Plot No. 87, Sector-24,
Nava Raipur, Chhattisgarh-492018 Phone: Fax: E-mail:  skkumar01@ntpc.co.in",https://ntpctender.ntpc.co.in/NITDetails/NITs/29736
29737,NTPC/EPC/EOI/SB-CR/2026,"Expression of Interest for Identification of
Vendors for Design, Manufacture,
Supply, Erection, Testing & Commissioning of Sub-Critical
Thermal Power Units (150 MW to 250 MW) Suitable
For Two Shift Operation & Minimum Technical Load (MTL) AS 25%",SRHQ Hyderabad,Andhra Pradesh,Southern Region,Miscellaneous (Others),,,,20/04/2026,20/04/2026 :10:00,30/06/2026 :18:00,30/06/2026 :18:00,,,Designation: DGM PE-MechSG&Aux NTPC Limited SRHQ NTPC Bhavan Kavadiguda Secunderabad-500080 Phone: Fax: E-mail:  vivekbharti@ntpc.co.in,https://ntpctender.ntpc.co.in/NITDetails/NITs/29737
29738,GEM/2026/B/7415513,Facility Management Contract for a Period Of 2 Years at NTECL,NTECL: NTPC TamilNadu Energy Company Ltd.,Tamilnadu,JVs & Subsidaries,Work Contract,2000000.00,,,18/04/2026,18/04/2026 :10:00,04/05/2026 :20:00,04/05/2026 :20:00,04/05/2026 :20:30,,"Designation: DGM NTECL (NTPC Tamilnadu Energy Co. Ltd.), Vallur TPP, Chennai-600 103 Phone: Fax: E-mail:  mohan02@ntpc.co.in",https://ntpctender.ntpc.co.in/NITDetails/NITs/29738
29739,GEM/2026/B/7445119,"Procurement of Three (03) nos. Hydrogen Fuel Cell Buses for Green Hydrogen Mobility Project in Bhubaneswar, Odisha",Renewable Energy,Uttar Pradesh,Renewable Energy,Work Contract,,,,20/04/2026,20/04/2026 :11:00,02/05/2026 :14:00,02/05/2026 :14:00,02/05/2026 :14:30,,"Designation: DGM NTPC Ltd., 
4th Floor, NETRA Building E-3, Ecotech-II,
Udyog Vihar, Greater Noida Gautam Budh Nagar,
UP, India–201306 Phone: Fax: E-mail:  abhishekkumar02@ntpc.co.in",https://ntpctender.ntpc.co.in/NITDetails/NITs/29739
29741,CMCC260017,R&M Pakcage of Coal Mills at Durgapur PP-II (2X60 MW)  Bidding document  CMCC260017,NSPCL Corporate Centre,Delhi,JVs & Subsidaries,Work Contract,10000000.00,,,20/04/2026,16/04/2026 :14:00,08/09/2026 :15:30,08/09/2026 :15:30,09/09/2026 :15:30,,Designation: Sr. Manager NTPC SAIL Power Company Limited 4th Floor NBCC Tower 15 Bhikaiji Cama Place New Delhl-110066 Phone: Fax: E-mail:  sk.babel@nspcl.co.in,https://ntpctender.ntpc.co.in/NITDetails/NITs/29741
29742,GEM/2026/B/7452235,Sports Complex Ground Improvement at NTECL Township,NTECL: NTPC TamilNadu Energy Company Ltd.,Tamilnadu,JVs & Subsidaries,Work Contract,,,,20/04/2026,17/04/2026 :10:00,08/05/2026 :17:00,08/05/2026 :17:00,08/05/2026 :17:30,,"Designation: DGM NTECL,
Vallur Thermal Power Station,
Kuruvimedu Village, Ponneri Taluk,
Vellivoyal Chavadi Post,
Thiruvallur Dist, Chennai - 600103 Phone: Fax: E-mail:  jaideep@ntpc.co.in",https://ntpctender.ntpc.co.in/NITDetails/NITs/29742
29743,9900322913,Metering System Modification of Power Supply System at CC- SRHQ Office,Corporate Contracts,Uttar Pradesh,Corporate Center,Work Contract,,,,21/04/2026,21/04/2026 :10:00,28/04/2026 :18:00,28/04/2026 :18:00,29/04/2026 :15:00,,"Designation: Sr. Manager NTPC Limited
Plot A-8A, Sector 24, Noida-201301
State of U.P. India Phone: Fax: E-mail:  deepaverma@ntpc.co.in",https://ntpctender.ntpc.co.in/NITDetails/NITs/29743
29744,GEM/2026/B/7447373,"Hiring of Mobile Medical Unit in Project Affected Villages for Four Years, NTPC Barh",Western Region Head Quarter-II,Chhattisgarh,Western Region-II,Work Contract,,,,21/04/2026,21/04/2026 :15:50,04/05/2026 :16:00,04/05/2026 :16:00,04/05/2026 :16:30,,"Designation: DGM NTPC Limited, USSC, CPG-1,
Western Region-II Head Quarter,
Plot No.-87, Sector-24,
Atal Nagar Nava Raipur, Raipur, Chhattisgarh-492101 Phone: Fax: E-mail:  pankajkumar07@ntpc.co.in",https://ntpctender.ntpc.co.in/NITDetails/NITs/29744
29745,NTPC/USSC-CPG1/9900323433,Coal Transportation from Pakri Mines to NKSTPP,Western Region Head Quarter-II,Chhattisgarh,Western Region-II,Services,5000000.00,,,22/04/2026,22/04/2026 :14:00,12/05/2026 :15:00,12/05/2026 :15:00,14/05/2026 :15:00,,"Designation: DGM NTPC Limited, USSC, CPG-1,
Western Region-II Head Quarter,
Plot No. 87, Sector-24, Atal Nagar,
Nava Raipur, Raipur, Chhattisgarh-492101 Phone: Fax: E-mail:  srikark@ntpc.co.in",https://ntpctender.ntpc.co.in/NITDetails/NITs/29745
29746,MBRAPP/CMM/2026/Civil/10,Construction of Temporary Office at MBRAPP Site,ASHVINI (AnuShatki Vidhyut Nigam) Ltd.,Rajasthan,JVs & Subsidaries,Work Contract,918904.00,,,16/04/2026,16/04/2026 :10:00,07/05/2026 :15:00,07/05/2026 :15:00,08/05/2026 :15:00,,"Designation: Sr. Manager MBRAPP (Mahi Banswara Rajasthan Atomic Power Project)
PO Napla, Tehsil Chhoti Sarwan, District Banswara, Rajasthan-327001 Phone: Fax: E-mail:  chandrashekharsoni@ntpc.co.in",https://ntpctender.ntpc.co.in/NITDetails/NITs/29746
29747,MBRAPP/CMM/2026/Civil/12,"Improvement and Repairing Works at MBRAPP Guest House/Transit Camp at BSNL Officers Colony, Banswara (Rajasthan)",ASHVINI (AnuShatki Vidhyut Nigam) Ltd.,Rajasthan,JVs & Subsidaries,Work Contract,15592.00,,,13/04/2026,13/04/2026 :15:00,04/05/2026 :15:00,04/05/2026 :15:00,05/05/2026 :15:00,,"Designation: Sr. Manager MBRAPP (Mahi Banswara Rajasthan Atomic Power Project)
PO Napla, Tehsil Chhoti Sarwan, District Banswara, Rajasthan-327001 Phone: Fax: E-mail:  chandrashekharsoni@ntpc.co.in",https://ntpctender.ntpc.co.in/NITDetails/NITs/29747
29748,NTPC/USSC-CPG1/9900323342,"Supply, Installation and Commissioning of Security Surveillance System (CCTV) in NTPC Kudgi Township",Western Region Head Quarter-II,Chhattisgarh,Western Region-II,Work Contract,500000.00,,,23/04/2026,23/04/2026 :15:45,13/05/2026 :15:00,13/05/2026 :15:00,15/05/2026 :15:00,,"Designation: DGM NTPC Limited, Central Procurement Group-I,
WR-II Office, Sector-24,
Nava Raipur, Chhattisgarh - 492018 Phone: Fax: E-mail:  cpsingh@ntpc.co.in",https://ntpctender.ntpc.co.in/NITDetails/NITs/29748
29749,SSC-CMHQ-PR-400054312,Coal Handling Plant Package for Chatti Bariatu Coal Mining Project.,Coal Mining HQ-Ranchi,Jharkhand,Coal Mining Region,Services,20000000.00,,,23/04/2026,23/04/2026 :10:00,14/05/2026 :15:00,14/05/2026 :15:00,15/05/2026 :15:00,,"Designation: Sr. Manager SSC – Coal Mining HQ
NTPC Mining Ltd.,
Ram Keshi Heights,
Plot No. 123, Old AG Colony, Kadru,
Dist Ranchi-834002 Phone: Fax: E-mail:  skvashisth@ntpc.co.in",https://ntpctender.ntpc.co.in/NITDetails/NITs/29749
29750,GEM/2026/B/7470016,Hiring of Advanced Life Support (ALS) Type-D Ambulance at Jivantika Hospital MTPS Kanti for 5 Years,Western Region Head Quarter-II,Chhattisgarh,Western Region-II,Services,200000.00,,,23/04/2026,23/04/2026 :10:00,15/05/2026 :14:00,15/05/2026 :14:00,15/05/2026 :14:30,,Designation: Sr. Manager NTPC Limited USSC CPG-1 Western Region-II Head Quarter Plot No. 87 Sector-24 Atal Nagar Nava Raipur Raipur Chhattisgarh-492101 Phone: Fax: E-mail:  ilaanand@ntpc.co.in,https://ntpctender.ntpc.co.in/NITDetails/NITs/29750
29751,CNG-01-24-04-2026,Enlistment of Agencies for Conducting Geo-technical Investigation Works for Nuclear Power Projects-CNG-01,"Corporate Materials (EOC, Scope, PMI, NETRA)",Uttar Pradesh,Corporate Center,Work Contract,,,,24/04/2026,24/04/2026 :10:00,22/05/2026 :23:55,22/05/2026 :23:55,,,"Designation: DGM NTPC LIMITED,
6th Floor, EOC,
Plot No.A-8A, Sector -24, Noida – 201 301
Dist Gautam Budh Nagar, State of U.P., INDIA Phone: Fax: E-mail:  ishteyaqueali@ntpc.co.iN",https://ntpctender.ntpc.co.in/NITDetails/NITs/29751
29752,NTPC/USSC-CPGl/9900323665,"Dismantling of existing In-Line Magnetic Separator and Supply, Erection and Commissioning of New In-Line Magnetic Separators at Coal Handling Plant, Stage-1 Talcher Kaniha",Western Region Head Quarter-II,Chhattisgarh,Western Region-II,Work Contract,200000.00,,,23/04/2026,23/04/2026 :18:00,16/05/2026 :14:40,16/05/2026 :14:40,19/05/2026 :14:40,,"Designation: DGM NTPC Limited, Western Region-II Office,
Plot No. 87, Sector-24,
Nava Raipur, Chhattisgarh-492018 Phone: Fax: E-mail:  anandshanker@ntpc.co.in",https://ntpctender.ntpc.co.in/NITDetails/NITs/29752
29753,GEM/2026/B/7467975,Procurement of Transmission Assembly Under Carriage and Track Shoe Assembly for Dozers for NTPC Stations,Western Region Head Quarter-II,Chhattisgarh,Western Region-II,Work Contract,,,,24/04/2026,23/04/2026 :10:00,14/05/2026 :16:00,14/05/2026 :16:00,14/05/2026 :16:30,,"Designation: DGM NTPC Limited, Western Region-II Office,
Plot No. 87, Sector-24,
Nava Raipur, Chhattisgarh-492018 Phone: Fax: E-mail:  ssenthilkumar@ntpc.co.in",https://ntpctender.ntpc.co.in/NITDetails/NITs/29753
29754,GEM/2026/B/7470031,MANUAL UNLOADING OF COAL FROM IR BOXN WAGONS AND OTHER MISC WORK AT TRACK HOPPERS IN MGR AT NTPC KAHALGAON,Western Region Head Quarter-II,Chhattisgarh,Western Region-II,Work Contract,1000000.00,,,24/04/2026,24/04/2026 :10:00,14/05/2026 :14:00,14/05/2026 :14:00,14/05/2026 :14:30,,"Designation: DGM NTPC Limited, Western Region-II Office,
Plot No. 87, Sector-24,
Nava Raipur, Chhattisgarh-492018 Phone: Fax: E-mail:  srikark@ntpc.co.in",https://ntpctender.ntpc.co.in/NITDetails/NITs/29754
29755,GEM/2026/B/7410634,"Repair, Maintenance, and Installation of Plant/ Systems/Equipments (Version 2) - Industry Unit CRN",IGSTPP: Aravali Power Copany Private Limited-Jhajjar (JV),Haryana,JVs & Subsidaries,Services,500000.00,,,22/04/2026,22/04/2026 :10:00,13/05/2026 :15:00,13/05/2026 :15:00,13/05/2026 :15:30,,"Designation: Manager APCPL,
Indira Gandhi Super Thermal Power Project
PO Jharli, Dist. JHAJJAR (Haryana) - 124141, INDIA Phone: Fax: E-mail:  hemameena@ntpc.co.in",https://ntpctender.ntpc.co.in/NITDetails/NITs/29755
29756,CMCC260018,"EPC PACKAGE FOR 20 MW FLOATING SOLAR PV PROJECT AT MARODA RESERVOIR-2, BHILAI",NSPCL Corporate Centre,Delhi,JVs & Subsidaries,Work Contract,20000000.00,,,24/04/2026,24/04/2026 :11:00,08/06/2026 :14:00,08/06/2026 :14:00,09/06/2026 :14:30,,Designation: HOD CC&M NTPC SAIL Power Company Limited 4th Floor NBCC Tower 15 Bhikaiji Cama Place New Delhl-110066 Phone: Fax: E-mail:  sk.babel@nspcl.co.in,https://ntpctender.ntpc.co.in/NITDetails/NITs/29756
29757,GEM/2026/B/7473947,"Consolidated Procurement of MHV Spares for NTPC Singrauli, Unchahar, Dadri, Farakka, Barh, Kudgi, Darlipalli, Nabinagar & Kanti",Western Region Head Quarter-II,Chhattisgarh,Western Region-II,Services,,,,24/04/2026,24/04/2026 :10:00,15/05/2026 :16:00,15/05/2026 :16:00,15/05/2026 :16:30,,"Designation: DGM NTPC Limited, Western Region-II Office, Plot No. 87, Sector-24, Nava Raipur, Chhattisgarh-492018 Phone: Fax: E-mail:  ssenthilkumar@ntpc.co.in",https://ntpctender.ntpc.co.in/NITDetails/NITs/29757
29758,GEM/2026/B/7444468,AMC for Inductively Coupled Plasma Mass Spectrophotometer at NTPC Netra.,Corporate Contracts,Uttar Pradesh,Corporate Center,Services,,,,24/04/2026,24/04/2026 :10:00,04/05/2026 :15:00,04/05/2026 :15:00,04/05/2026 :15:30,,"Designation: Sr. Manager NTPC Ltd., Engineering Office Complex,
Plot No. A-8A, Sector-24, NOIDA-201301, UP, India Phone: Fax: E-mail:  parixitrariya@ntpc.co.in",https://ntpctender.ntpc.co.in/NITDetails/NITs/29758
29759,GEM/2026/B/7454983,Biennial Contract for Operation and Maintenance of STP & Swimming pool at NTECL Plant & Township,NTECL: NTPC TamilNadu Energy Company Ltd.,Tamilnadu,JVs & Subsidaries,Work Contract,200000.00,,,18/04/2026,18/04/2026 :10:00,09/05/2026 :17:00,09/05/2026 :17:00,09/05/2026 :17:30,,"Designation: DGM NTECL, Vallur Thermal Power Project, Kuruvimedu Village,
Ponneri Taluk, Vellivayal Chavadi Post, Thiruvallur Dist. Chennai-600103 Phone: Fax: E-mail:  jaideep@ntpc.co.in",https://ntpctender.ntpc.co.in/NITDetails/NITs/29759
29760,GEM/2026/B/7447826,Handling and Transport on Lumpsum Basis -Job Contract for transportation of Fly ash from Ash Silos of NTPC Singrauli to Abandoned pit of Gorbi Mines of NCL-Reserved for only SC/ST MSE Bidders,Western Region Head Quarter-II,Chhattisgarh,Western Region-II,Work Contract,200000.00,,,24/04/2026,24/04/2026 :10:00,12/05/2026 :18:00,12/05/2026 :18:00,12/05/2026 :18:30,,"Designation: Sr. Manager NTPC Limited, Western Region-II Office,
Plot No. 87, Sector-24,
Nava Raipur, Chhattisgarh Phone: Fax: E-mail:  ilaanand@ntpc.co.in",https://ntpctender.ntpc.co.in/NITDetails/NITs/29760
29761,GEM/2026/B/7448913,Biennial Contract for Water Supply Operation and Maintenance in Township & Allied Areas for Barh STPP.,Western Region Head Quarter-II,Chhattisgarh,Western Region-II,Work Contract,200000.00,,,27/04/2026,27/04/2026 :10:00,12/05/2026 :15:00,12/05/2026 :15:00,12/05/2026 :15:30,,"Designation: AGM NTPC Limited, USSC, CPG-1,
Western Region-II Head Quarter,
Plot No. 87, Sector-24, Atal Nagar,
Nava Raipur, Raipur, Chhattisgarh-492101 Phone: Fax: E-mail:  kkarora@ntpc.co.in",https://ntpctender.ntpc.co.in/NITDetails/NITs/29761
29762,NTPC/EOC/9900324075,AMC of BESS PCS EMS SCADA HVAC and FSS of 4MWp Solar,Corporate Contracts,Uttar Pradesh,Corporate Center,Services,,,,28/04/2026,28/04/2026 :09:55,07/05/2026 :15:00,07/05/2026 :15:00,08/05/2026 :15:00,,"Designation: Sr. Manager NTPC Ltd., Engineering Office Complex,
Plot No. A-8A, Sector-24, NOIDA-201301, UP, India Phone: Fax: E-mail:  parixitrariya@ntpc.co.in",https://ntpctender.ntpc.co.in/NITDetails/NITs/29762
29763,GEM/2026/B/7468104,"PROCUREMENT OF ELEVEN (11) NOS. HYDROGEN FUEL CELL BUSES FOR KANDLA, GUJARAT",NTPC Green Energy Ltd. (NGEL),Uttar Pradesh,Corporate Center,Work Contract,10000000.00,,,26/04/2026,26/04/2026 :10:00,26/05/2026 :15:00,26/05/2026 :15:00,26/05/2026 :15:30,,"Designation: DGM NTPC GREEN ENERGY LIMITED 
4th Floor, NETRA Building E-3, Ecotech-II, Udyog Vihar,
Greater Noida Gautam Budh Nagar, UP, India–201306 Phone: Fax: E-mail:  abhishekkumar02@ntpc.co.in",https://ntpctender.ntpc.co.in/NITDetails/NITs/29763
29764,GEM/2026/B/7478440,"BIENNIAL CONTRACT FOR GRASS CUTTING, DRAINCLEANING AND MONSOON PREPARATORY WORKS AT NTECL",NTECL: NTPC TamilNadu Energy Company Ltd.,Tamilnadu,JVs & Subsidaries,Work Contract,200000.00,,,27/04/2026,27/04/2026 :10:00,18/05/2026 :13:00,18/05/2026 :13:00,18/05/2026 :13:30,,"Designation: Sr. Manager NTECL, Vallur Thermal Power Project,
Ponneri Taluk, Vellivayal Chavadi Post, Thiruvallur Dist. Chennai-600103 Phone: Fax: E-mail:  vckamal@ntpc.co.in",https://ntpctender.ntpc.co.in/NITDetails/NITs/29764
29765,GEM/2026/B/7475009,"Consolidated Procurement of CI Gate Valves for Singrauli, Unchahar, Tanda, Talcher, North Karanpura, Mouda, Solapur & Khargone",Western Region Head Quarter-II,Chhattisgarh,Western Region-II,Work Contract,,,,27/04/2026,27/04/2026 :10:00,18/05/2026 :16:00,18/05/2026 :16:00,18/05/2026 :16:30,,"Designation: DGM NTPC Limited, Western Region-II Office,
Plot No. 87, Sector-24,
Nava Raipur, Chhattisgarh-492018 Phone: Fax: E-mail:  ssenthilkumar@ntpc.co.in",https://ntpctender.ntpc.co.in/NITDetails/NITs/29765
29766,GEM/2026/B/7434122,Bulk Procurement of Split ACs,Western Region Head Quarter-II,Chhattisgarh,Western Region-II,Work Contract,,,,29/04/2026,29/04/2026 :10:00,20/05/2026 :15:00,20/05/2026 :15:00,20/05/2026 :15:30,,"Designation: Sr. Manager NTPC Limited, Western Region-II Office,
Plot No. 87, Sector-24,
Nava Raipur, Chhattisgarh-492018 Phone: Fax: E-mail:  vikashkumar11@ntpc.co.in",https://ntpctender.ntpc.co.in/NITDetails/NITs/29766
29767,GEM/2026/B/7473654,PROCUREMENT OF BURNER COAL NOZZLE TIPS FOR STAGE-1 UNITS AT NTPC RIHAND,Western Region Head Quarter-II,Chhattisgarh,Western Region-II,Work Contract,200000.00,,,29/04/2026,29/04/2026 :10:00,22/05/2026 :17:00,22/05/2026 :17:00,22/05/2026 :17:30,,"Designation: DGM NTPC Limited, Western Region-II Office,
Plot No. 87, Sector-24,
Nava Raipur, Chhattisgarh-492018 Phone: Fax: E-mail:  sushilmeena@ntpc.co.in",https://ntpctender.ntpc.co.in/NITDetails/NITs/29767
29768,01SEC/594161,EOI for Empanelment of Practicing Company Secretary (PCS) for various Secretarial Work,Company Secretary Department,Delhi,Corporate Center,Work Contract,,,,29/04/2026,29/04/2026 :10:00,13/05/2026 :15:00,13/05/2026 :15:00,13/05/2026 :16:00,,Designation: Company Secretary NTPC Limited NTPC Bhawan Core 7 Scope Complex Lodhi Road New Delhi-110003 Phone: Fax: E-mail:  csntpc@ntpc.co.in,https://ntpctender.ntpc.co.in/NITDetails/NITs/29768
29769,GEM/2026/B/7482357,"ANNUAL MAINTENANCE CONTRACT FOR MILLING SYSTEM, FANS, APH AND ESP",NTECL: NTPC TamilNadu Energy Company Ltd.,Tamilnadu,JVs & Subsidaries,Work Contract,1000000.00,,,29/04/2026,29/04/2026 :10:00,12/05/2026 :17:00,12/05/2026 :17:00,12/05/2026 :17:30,,"Designation: DGM NTECL,
Vallur Thermal Power Station,
Kuruvimedu Village, Ponneri Taluk,
Vellivoyal Chavadi Post,
Thiruvallur District, Chennai-600103 Phone: Fax: E-mail:  jaideep@ntpc.co.in",https://ntpctender.ntpc.co.in/NITDetails/NITs/29769
29770,GEM/2026/B/7474468,HIRING OF MINI TRUCK FOR C&M - STORE,NSPCL - Durgapur,West Bengal,JVs & Subsidaries,Services,50000.00,,,29/04/2026,27/04/2026 :10:00,18/05/2026 :10:00,18/05/2026 :10:00,18/05/2026 :10:30,,"Designation: Asst. Officer (C&M) NTPC, NSPCL DSP COMPLEX. DURGAPUR 713203 WEST BENGAL Phone: Fax: E-mail:  manojkumar.pradhan@nspcl.co.in",https://ntpctender.ntpc.co.in/NITDetails/NITs/29770
29771,NRE-CS-5816-004(TRF)-9,"ICT PACKAGE FOR 900 MW SOLAR PROJECTS IN MANDSAUR, MADHYA PRADESH",Renewable Energy,Uttar Pradesh,Renewable Energy,Work Contract,10000000.00,,,29/04/2026,29/04/2026 :10:10,18/05/2026 :17:00,27/05/2026 :14:00,27/05/2026 :15:00,,Designation: Phone: Fax: E-mail:,https://ntpctender.ntpc.co.in/NITDetails/NITs/29771
29772,GEM/2026/B/7458968,Bulk Procurement of BOMB Calorimeter,Western Region Head Quarter-II,Chhattisgarh,Western Region-II,Work Contract,,,,29/04/2026,29/04/2026 :10:00,23/05/2026 :15:00,23/05/2026 :15:00,23/05/2026 :15:30,,"Designation: DGM NTPC Limited, Western Region-II Office,
Plot No. 87, Sector-24,
Nava Raipur, Chhattisgarh-492018 Phone: Fax: E-mail:  sushilmeena@ntpc.co.in",https://ntpctender.ntpc.co.in/NITDetails/NITs/29772
29773,GEM/2026/B/7469992,"Lifting of Coal from MCL Mines (Kulda/Belpahar/Lajkura/Lakhanpur/Samalesweri/ Garjanbahal) to Any railway siding/Goods shed/ Private Siding (SER,SECR,East Coast Railways) under RCR Mode & Supervision of Coal in Storage /Siding Area and there after loading it onto IR wagons by mechanical means for onward transportation to NSPCL Rourkela(HSPG Siding).",NTPC-SAIL Power Company Limited (NSPCL) - Bhilai,Chhattisgarh,JVs & Subsidaries,Services,1000000.00,,,29/04/2026,29/04/2026 :10:00,13/05/2026 :15:00,13/05/2026 :15:00,13/05/2026 :15:30,,"Designation: Sr. Manager NSPCL, SSC, Bhilai
Expansion Site, Near Purena Village,
Bhilai (East), PO Dist. Durg, Chhattisgarh-490021 Phone: Fax: E-mail:  pratibhasoni@nspcl.co.in",https://ntpctender.ntpc.co.in/NITDetails/NITs/29773
29774,GEM/2026/B/7473020,LAYING OF OFC AT DIFFERENT LOCATIONS INSIDE NTECL VALLUR PLANT,NTECL: NTPC TamilNadu Energy Company Ltd.,Tamilnadu,JVs & Subsidaries,Work Contract,,,,28/04/2026,28/04/2026 :10:00,19/05/2026 :19:00,19/05/2026 :19:00,19/05/2026 :19:30,,"Designation: DGM NTECL (NTPC Tamilnadu Energy Co. Ltd.), Vallur TPP, Chennai-600 103 Phone: Fax: E-mail:  mohan02@ntpc.co.in",https://ntpctender.ntpc.co.in/NITDetails/NITs/29774
29775,CCG-12-30042026,Enlistment of Consultant for Grid Compliance Studies,"Corporate Materials (EOC, Scope, PMI, NETRA)",Uttar Pradesh,Corporate Center,Vendor Enlistment,,,,30/04/2026,30/04/2026 :10:00,31/07/2026 :23:55,31/07/2026 :23:55,,,Designation: DGM NTPC Ltd. Engineering Office Complex Sector-24 NOIDA-201301 UP India Phone: Fax: E-mail:  ishteyaqueali@ntpc.co.in,https://ntpctender.ntpc.co.in/NITDetails/NITs/29775
29776,CCG-13-30042026,Enlistment of Consultant for General Power System Studies,"Corporate Materials (EOC, Scope, PMI, NETRA)",Uttar Pradesh,Corporate Center,Vendor Enlistment,,,,30/04/2026,30/04/2026 :10:00,31/07/2026 :23:55,31/07/2026 :23:55,,,Designation: DGM NTPC Ltd. Engineering Office Complex Sector-24 NOIDA-201301 UP India Phone: Fax: E-mail:  ishteyaqueali@ntpc.co.in,https://ntpctender.ntpc.co.in/NITDetails/NITs/29776
29777,CCG-14-30042026,Enlistment of Consultant for Special Power System Studies,"Corporate Materials (EOC, Scope, PMI, NETRA)",Uttar Pradesh,Corporate Center,Vendor Enlistment,,,,30/04/2026,30/04/2026 :10:00,31/07/2026 :23:55,31/07/2026 :23:55,,,Designation: DGM NTPC Ltd. Engineering Office Complex Sector-24 NOIDA-201301 UP India Phone: Fax: E-mail:  ishteyaqueali@ntpc.co.in,https://ntpctender.ntpc.co.in/NITDetails/NITs/29777
29778,NTPC/R&T/FlyAsh/EOI/2026-27,"EOI for Issue of Fly Ash from NTPC, Ramagundam & Telangana to MSEs
(Micro and Small Enterprises) and local MSEs/local Users on
pro-rata basis through EoI with Transportation cost to be borne by User Agencies",Ramagundam Super Thermal Power,Telangana,Southern Region,Miscellaneous (Others),,,,01/05/2026,01/05/2026 :10:00,15/05/2026 :23:55,15/05/2026 :23:55,,,"Designation: AGM NTPC Ramagundam, District Peddapalli, Telanagana-505215 Phone: Fax: E-mail:  ajitbose@ntpc.co.in",https://ntpctender.ntpc.co.in/NITDetails/NITs/29778
29779,EOI/KUDGI/30042026,EOI for Lifting of Dry Fly Ash from NTPC Kudgi,Kudgi STPP,Karnataka,Southern Region,Miscellaneous (Others),,,,30/04/2026,30/04/2026 :10:00,16/05/2026 :18:00,16/05/2026 :18:00,,,"Designation: Sr. Manager NTPC Ltd, 
Kudgi Super Thermal Power Project,
PO Kudgi, Taluk Basavana Bagewadi,
DIST. Vijayapura (Bijapur), Karnataka-586121 Phone: Fax: E-mail:  anithamr@ntpc.co.in",https://ntpctender.ntpc.co.in/NITDetails/NITs/29779
29780,NTPC/EOC/9900324488,Direct Inward and Direct Outward Dialling Facilities to PBX Systems,Corporate Contracts,Uttar Pradesh,Corporate Center,Services,,,,30/04/2026,30/04/2026 :18:55,07/05/2026 :15:00,07/05/2026 :15:00,08/05/2026 :15:00,,"Designation: Sr. Manager NTPC Ltd., Engineering Office Complex,
Plot No. A-8A, Sector-24, NOIDA-201301, UP, India Phone: Fax: E-mail:  parixitrariya@ntpc.co.in",https://ntpctender.ntpc.co.in/NITDetails/NITs/29780
29781,NTPC/USSC-CPG1/9900324048,"PLC System replacement, Installation and Commissioning in CHP Stage-IV Stacker Reclaimer - 5 & 6 at NTPC VSTPS",Western Region Head Quarter-II,Chhattisgarh,Western Region-II,Work Contract,200000.00,,,30/04/2026,01/05/2026 :09:00,18/05/2026 :17:00,18/05/2026 :17:00,20/05/2026 :17:00,,"Designation: Sr. Manager NTPC Limited, Central Procurement Group-I,
WR-II Office, Sector-24,
Nava Raipur, Chhattisgarh - 492018 Phone: Fax: E-mail:  harshmamodia@ntpc.co.in",https://ntpctender.ntpc.co.in/NITDetails/NITs/29781
29782,GEM/2026/B/7482549,CMS OF UPS SYSTEMS FOR EOC BUILDING,Corporate Contracts,Uttar Pradesh,Corporate Center,Services,,,,01/05/2026,01/05/2026 :10:00,11/05/2026 :12:00,11/05/2026 :12:00,11/05/2026 :12:30,,"Designation: Sr. Manager NTPC Ltd., Engineering Office Complex,
Plot No. A-8A, Sector-24, NOIDA-201301, UP, India Phone: Fax: E-mail:  parixitrariya@ntpc.co.in",https://ntpctender.ntpc.co.in/NITDetails/NITs/29782
29783,9900324611,Extending 11kV Power Supply to Green Hydrogen Mobility Station Installed at NTPC NETRA from Existing 33kV Switchgear of NTPC NETRA Greater Noida,Corporate Contracts,Uttar Pradesh,Corporate Center,Services,100000.00,,,01/05/2026,01/05/2026 :17:00,21/05/2026 :15:00,21/05/2026 :15:00,22/05/2026 :15:30,,"Designation: Sr. Manager NTPC Ltd., Engineering Office Complex,
Plot No. A-8A, Sector-24, NOIDA-201301, UP, India Phone: Fax: E-mail:  ravikumar04@ntpc.co.in",https://ntpctender.ntpc.co.in/NITDetails/NITs/29783
29784,NGEL-CS-H2-GUJARAT-001R,"HYDROGEN REFUELING STATION FOR GREEN HYDROGEN MOBILITY PROJECT AT KANDLA, GUJARAT",NTPC Green Energy Ltd. (NGEL),Uttar Pradesh,Corporate Center,Services,10000000.00,,,01/05/2026,01/05/2026 :10:00,21/05/2026 :15:00,21/05/2026 :15:00,22/05/2026 :16:00,,"Designation: Sr. Manager NTPC Green Energy Ltd.,
4th Floor, NETRA Building E-3, Ecotech-II, Udyog Vihar, Greater
Noida Gautam Budh Nagar, UP, India-201306 Phone: Fax: E-mail:  nabintripathi@ntpc.co.in",https://ntpctender.ntpc.co.in/NITDetails/NITs/29784
29785,NTPC/USSC-CPG1/9900324119,"BRC for Civil Maintenance of Station and Colony Buildings (Pathara, Kumarpur and Barhait) at NTPC Farakka",Western Region Head Quarter-II,Chhattisgarh,Western Region-II,Work Contract,200000.00,,,01/05/2026,01/05/2026 :18:00,18/05/2026 :13:00,18/05/2026 :13:00,19/05/2026 :15:00,,"Designation: AGM NTPC Limited, Western Region-II Office,
Plot No. 87, Sector-24,
Nava Raipur, Chhattisgarh-492018 Phone: Fax: E-mail:  kkarora@ntpc.co.in",https://ntpctender.ntpc.co.in/NITDetails/NITs/29785
29786,NTPC/USSC-CPG1/9900324355,Overhauling of Dozer BD-155 at Kahalgaon and Tanda,Western Region Head Quarter-II,Chhattisgarh,Western Region-II,Services,200000.00,,,01/05/2026,01/05/2026 :13:00,21/05/2026 :16:00,21/05/2026 :16:00,22/05/2026 :16:00,,"Designation: DGM NTPC Limited, Western Region-II Office,
Plot No. 87, Sector-24,
Nava Raipur, Chhattisgarh-492018 Phone: Fax: E-mail:  hariomkumar@ntpc.co.in",https://ntpctender.ntpc.co.in/NITDetails/NITs/29786
29787,GEM/2026/B/7437383,Integration of Distributed Energy Resources (DERs) and Development of Power Dashboard at NETRA,Corporate Contracts,Uttar Pradesh,Corporate Center,Work Contract,,,,01/05/2026,01/05/2026 :10:00,21/07/2026 :15:00,21/07/2026 :15:00,21/07/2026 :15:30,,Designation: Manager NTPC Ltd. Engineering Office Complex Plot No. A-8A Sector-24 NOIDA-201301 UP India Phone: Fax: E-mail:  shilpakareddy@ntpc.co.in,https://ntpctender.ntpc.co.in/NITDetails/NITs/29787
29788,9900324667,Repair and Increasing the Height of the Existing Boundary Wall of NTPC NETRA Greater Noida,Corporate Contracts,Uttar Pradesh,Corporate Center,Services,200000.00,,,01/05/2026,01/05/2026 :10:00,20/05/2026 :15:00,20/05/2026 :15:00,21/05/2026 :15:30,,"Designation: Sr. Manager NTPC Ltd., Engineering Office Complex,
Plot No. A-8A, Sector-24, NOIDA-201301, UP, India Phone: Fax: E-mail:  ravikumar04@ntpc.co.in",https://ntpctender.ntpc.co.in/NITDetails/NITs/29788
29789,9900324511,"Construction of Balance Boundary Wall for 280 acre Land at Village lara at Lara , Bidding Document No. 9900324511",Corporate Contracts,Uttar Pradesh,Corporate Center,Work Contract,2000000.00,,,01/05/2026,01/05/2026 :10:00,29/05/2026 :15:00,29/05/2026 :15:00,30/05/2026 :15:00,,"Designation: DGM NTPC Limited,
6th Floor, Engineering Office Complex,
A-8A, Sector-24, NOIDA,
Distt. Gautam Budh Nagar, (UP), INDIA-201301 Phone: Fax: E-mail:  kailashkumawat@ntpc.co.in",https://ntpctender.ntpc.co.in/NITDetails/NITs/29789
29790,9900324562,Construction of Boundary Wall & Area Develop. in Front Portion of Maitree Nagar Townsh. at NTPC Lara,Corporate Contracts,Uttar Pradesh,Corporate Center,Work Contract,500000.00,,,04/05/2026,04/05/2026 :10:00,29/05/2026 :15:00,29/05/2026 :15:00,30/05/2026 :15:00,,"Designation: DGM NTPC Limited,
6th Floor, EOC,
A-8A, Sector-24, NOIDA,
Dist. Gautam Budh Nagar, (UP), INDIA-201301 Phone: Fax: E-mail:  kailashkumawat@ntpc.co.in",https://ntpctender.ntpc.co.in/NITDetails/NITs/29790
29791,NRE-CS-5802-004(BOS)-9,"BALANCE OF SYSTEM (BOS) PACKAGE FOR DEVELOPMENT OF 1200MW (2x450MW+1x300MW) GRID CONNECTED SOLAR PV PROJECTS AT ANANTAPUR, ANDHRA PRADESH",Renewable Energy,Uttar Pradesh,Renewable Energy,Services,,,,04/05/2026,11/05/2026 :10:00,22/05/2026 :17:00,05/06/2026 :14:00,05/06/2026 :14:30,,"Designation: DGM NTPC Renewable Energy Limited
4th Floor, Renewables Building, NETRA Complex
E-3, Ecotech-II, Udyog Vihar, Greater Noida
Gautam Buddha Nagar, UP, India–201306 Phone: Fax: E-mail:  kmgoyal01@ntpc.co.in",https://ntpctender.ntpc.co.in/NITDetails/NITs/29791
29792,NTPC/USSC-CPG1/9900323734,Establishment of Safety Control Rooms with IP PTZ Camera Feed at Barrage and Powerhouse Sites at TVHPP.,Western Region Head Quarter-II,Chhattisgarh,Western Region-II,Work Contract,200000.00,,,04/05/2026,16/04/2026 :16:00,11/05/2026 :16:00,11/05/2026 :16:00,13/05/2026 :16:30,,"Designation: Sr. Manager NTPC Limited, Central Procurement Group-I,
WR-II Office, Sector-24,
Nava Raipur, Chhattisgarh - 492018 Phone: Fax: E-mail:  vkbhojwani@ntpc.co.in",https://ntpctender.ntpc.co.in/NITDetails/NITs/29792
29793,GEM/2026/B/7489447,AI- Based Tool for IPD Bill Verification and Processing (RT).,Corporate Contracts,Uttar Pradesh,Corporate Center,Services,200000.00,,,04/05/2026,04/05/2026 :10:00,15/05/2026 :15:00,15/05/2026 :15:00,15/05/2026 :15:30,,"Designation: Sr. Manager NTPC Ltd., Engineering Office Complex,
Sector-24, NOIDA-201301, UP, India Phone: Fax: E-mail:  satishksharma@ntpc.co.in",https://ntpctender.ntpc.co.in/NITDetails/NITs/29793
29794,NRE-CS-5803-004(BOS)-9,"BALANCE OF SYSTEM (BOS) PACKAGE FOR DEVELOPMENT OF 900MW (1x500MW+1x400MW) GRID CONNECTED SOLAR PV PROJECTS AT KURNOOL, ANDHRA PRADESH",Renewable Energy,Uttar Pradesh,Renewable Energy,Work Contract,,,,04/05/2026,11/05/2026 :10:00,22/05/2026 :18:00,05/06/2026 :14:00,05/06/2026 :15:00,,"Designation: Sr. Manager NTPC Renewable Energy Limited
4th Floor, Renewables Building, NETRA Complex
E-3, Ecotech-II, Udyog Vihar, Greater Noida
Gautam Buddha Nagar, UP, India–201306 Phone: Fax: E-mail:  bablukumar@ntpc.co.in",https://ntpctender.ntpc.co.in/NITDetails/NITs/29794
29795,NTPC/EOC/9900324743,Work of Modification of Power Supply Arrangement at CC-SRHQ Office,Corporate Contracts,Uttar Pradesh,Corporate Center,Work Contract,,,,04/05/2026,04/05/2026 :10:00,15/07/2026 :15:00,15/07/2026 :15:00,16/07/2026 :15:00,,Designation: Sr. Manager NTPC Ltd. Engineering Office Complex Plot No. A-8A Sector-24 NOIDA-201301 UP India Phone: Fax: E-mail:  satishksharma@ntpc.co.in,https://ntpctender.ntpc.co.in/NITDetails/NITs/29795
29796,CHP-99A-05052026,Mega Contract for Coal Handling Plant covering ‘Mechanical Maintenance of coal handling plant along with related sub systems and auxiliaries,Vendor Development Cell (Raipur CG),Chhattisgarh,Western Region-II,Vendor Enlistment,,,,05/05/2026,05/05/2026 :10:00,26/05/2026 :23:55,26/05/2026 :23:55,,,Designation: DGM (VEC) NTPC Limited VEC Raipur Chhattisgarh-492018 Phone: Fax: E-mail:  kkanand@ntpc.co.in,https://ntpctender.ntpc.co.in/NITDetails/NITs/29796
29797,ADW-01-05052026,Category-I (For Inward / Upstream Raising Works),Vendor Development Cell (Raipur CG),Chhattisgarh,Western Region-II,Vendor Enlistment,,,,05/05/2026,05/05/2026 :10:00,26/05/2026 :23:55,26/05/2026 :23:55,,,Designation: DGM (VEC) NTPC Limited VEC Raipur Chhattisgarh-492018 Phone: Fax: E-mail:  kkanand@ntpc.co.in,https://ntpctender.ntpc.co.in/NITDetails/NITs/29797
29798,ADW-02-05052026,Category-II (For Outward Raising/ Centerline Raising/ Buttressing/ Peripheral Filling/ Starter Dyke Works),Vendor Development Cell (Raipur CG),Chhattisgarh,Western Region-II,Vendor Enlistment,,,,05/05/2026,05/05/2026 :10:00,26/05/2026 :23:55,26/05/2026 :23:55,,,Designation: DGM (VEC) NTPC Limited VEC Raipur Chhattisgarh-492018 Phone: Fax: E-mail:  kkanand@ntpc.co.in,https://ntpctender.ntpc.co.in/NITDetails/NITs/29798
29799,AHD-01-05052026,"Maintenance Contract for Ash Disposal Pipelines, Ash Water Recirculation Pipelines and Ash Dyke Sprinkling System including Erection / Replacement of Ash Disposal Pipelines",Vendor Development Cell (Raipur CG),Chhattisgarh,Western Region-II,Vendor Enlistment,,,,05/05/2026,05/05/2026 :10:00,26/05/2026 :23:55,26/05/2026 :23:55,,,Designation: DGM (VEC) NTPC Limited VEC Raipur Chhattisgarh-492018 Phone: Fax: E-mail:  kkanand@ntpc.co.in,https://ntpctender.ntpc.co.in/NITDetails/NITs/29799
29800,AHD-02-05052026,Maintenance /Overhauling of Ash handling Plant,Vendor Development Cell (Raipur CG),Chhattisgarh,Western Region-II,Vendor Enlistment,,,,05/05/2026,05/05/2026 :10:00,26/05/2026 :23:55,26/05/2026 :23:55,,,Designation: DGM (VEC) NTPC Limited VEC Raipur Chhattisgarh-492018 Phone: Fax: E-mail:  kkanand@ntpc.co.in,https://ntpctender.ntpc.co.in/NITDetails/NITs/29800
29801,CHP-02-05052026,MAINTENANCE OF CONVEYOR SYSTEM IN CHP FOR NN/EP BELT JOINT WORK,Vendor Development Cell (Raipur CG),Chhattisgarh,Western Region-II,Vendor Enlistment,,,,05/05/2026,05/05/2026 :10:00,26/05/2026 :23:55,26/05/2026 :23:55,,,Designation: DGM (VEC) NTPC Limited VEC Raipur Chhattisgarh-492018 Phone: Fax: E-mail:  kkanand@ntpc.co.in,https://ntpctender.ntpc.co.in/NITDetails/NITs/29801
29802,Road-01-05052026,Enlistment of vendors for Construction / Repair / Maintenance / Strengthening of Cement Concrete (CC) Road,Vendor Development Cell (Raipur CG),Chhattisgarh,Western Region-II,Vendor Enlistment,,,,05/05/2026,05/05/2026 :10:00,26/05/2026 :23:55,26/05/2026 :23:55,,,Designation: DGM (VEC) NTPC Limited VEC Raipur Chhattisgarh-492018 Phone: Fax: E-mail:  kkanand@ntpc.co.in,https://ntpctender.ntpc.co.in/NITDetails/NITs/29802
29803,TMD-18-05052026,Helium leak test for Condenser,Vendor Development Cell (Raipur CG),Chhattisgarh,Western Region-II,Vendor Enlistment,,,,05/05/2026,05/05/2026 :10:00,26/05/2026 :23:55,26/05/2026 :23:55,,,Designation: DGM (VEC) NTPC Limited VEC Raipur Chhattisgarh-492018 Phone: Fax: E-mail:  kkanand@ntpc.co.in,https://ntpctender.ntpc.co.in/NITDetails/NITs/29803
29804,BMD-31-05052026,Structural fabrication and erection Work in Main Plant and Off-Sites Area,Vendor Development Cell (Raipur CG),Chhattisgarh,Western Region-II,Vendor Enlistment,,,,05/05/2026,05/05/2026 :10:00,26/05/2026 :23:55,26/05/2026 :23:55,,,Designation: DGM (VEC) NTPC Limited VEC Raipur Chhattisgarh-492018 Phone: Fax: E-mail:  kkanand@ntpc.co.in,https://ntpctender.ntpc.co.in/NITDetails/NITs/29804
29805,BMD-34-05052026,In Situ Major repair of HP valves (Including 100% removal of stellite coating of valve seat and rebuild up by welding with 100% blue matching),Vendor Development Cell (Raipur CG),Chhattisgarh,Western Region-II,Vendor Enlistment,,,,05/05/2026,05/05/2026 :10:00,26/05/2026 :23:55,26/05/2026 :23:55,,,Designation: DGM (VEC) NTPC Limited VEC Raipur Chhattisgarh-492018 Phone: Fax: E-mail:  kkanand@ntpc.co.in,https://ntpctender.ntpc.co.in/NITDetails/NITs/29805
29806,94MEG-01-05052026,"Pressure Transmitter (Electronic Transmitter for Pressure, Diff Press and DP based Flow / Level measurements)",Vendor Development Cell (Raipur CG),Chhattisgarh,Western Region-II,Vendor Enlistment,,,,05/05/2026,05/05/2026 :10:00,26/05/2026 :23:55,26/05/2026 :23:55,,,Designation: NTPC Limited VEC Raipur Chhattisgarh-492018 Phone: Fax: E-mail:  kkanand@ntpc.co.in,https://ntpctender.ntpc.co.in/NITDetails/NITs/29806
29807,46MEG-18-05052026,ROLLED AND WELDED PULVERISED COAL PIPE,Vendor Development Cell (Raipur CG),Chhattisgarh,Western Region-II,Vendor Enlistment,,,,05/05/2026,05/05/2026 :10:00,26/05/2026 :23:55,26/05/2026 :23:55,,,Designation: DGM (VEC) NTPC Limited VEC Raipur Chhattisgarh-492018 Phone: Fax: E-mail:  kkanand@ntpc.co.in,https://ntpctender.ntpc.co.in/NITDetails/NITs/29807
29808,04MEG-04-05052026,Plastic Refractory,Vendor Development Cell (Raipur CG),Chhattisgarh,Western Region-II,Vendor Enlistment,,,,05/05/2026,05/05/2026 :10:00,26/05/2026 :23:55,26/05/2026 :23:55,,,Designation: DGM (VEC) NTPC Limited VEC Raipur Chhattisgarh-492018 Phone: Fax: E-mail:  kkanand@ntpc.co.in,https://ntpctender.ntpc.co.in/NITDetails/NITs/29808
29809,56MEG-13-05052026,Hydroejector & its spares,Vendor Development Cell (Raipur CG),Chhattisgarh,Western Region-II,Vendor Enlistment,,,,05/05/2026,05/05/2026 :10:00,26/05/2026 :23:55,26/05/2026 :23:55,,,Designation: DGM (VEC) NTPC Limited VEC Raipur Chhattisgarh-492018 Phone: Fax: E-mail:  kkanand@ntpc.co.in,https://ntpctender.ntpc.co.in/NITDetails/NITs/29809
29810,94MEG-09-05052026,Enlistment for supply of RTDs (Resistance Temperature Detectors) on PAN NTPC Basis,Vendor Development Cell (Raipur CG),Chhattisgarh,Western Region-II,Vendor Enlistment,,,,05/05/2026,05/05/2026 :10:00,26/05/2026 :23:55,26/05/2026 :23:55,,,Designation: DGM (VEC) NTPC Limited VEC Raipur Chhattisgarh-492018 Phone: Fax: E-mail:  kkanand@ntpc.co.in,https://ntpctender.ntpc.co.in/NITDetails/NITs/29810
29811,94MEG-10-05052026,Enlistment for Supply of Thermocouples on PAN NTPC Basis,Vendor Development Cell (Raipur CG),Chhattisgarh,Western Region-II,Vendor Enlistment,,,,05/05/2026,05/05/2026 :10:00,26/05/2026 :23:55,26/05/2026 :23:55,,,Designation: DGM (VEC) NTPC Limited VEC Raipur Chhattisgarh-492018 Phone: Fax: E-mail:  kkanand@ntpc.co.in,https://ntpctender.ntpc.co.in/NITDetails/NITs/29811
29812,CMHQ-26-27-Coalsale-7217,"Notice for SPOT e-Auction for Commercial Sale of 1,14,100 MT Excess Coal from NML Talaipalli Coal Mine Project on MSTC E-Auction Portal",Coal Mining HQ-Ranchi,Jharkhand,Coal Mining Region,Services,,,,05/05/2026,05/05/2026 :10:00,14/05/2026 :15:00,14/05/2026 :15:00,,,"Designation: Sr. Manager Coal Mining NTPC Limited, Ranchi - 834002 Phone: Fax: E-mail:  skvashisth@ntpc.co.in",https://ntpctender.ntpc.co.in/NITDetails/NITs/29812
29813,NTPC/USSC-CPG1/9900325173,Supply and Installation of VRV AC System for Service Building at NTPC Solapur STPP (2x660 MW),Western Region Head Quarter-II,Chhattisgarh,Western Region-II,Work Contract,,,,05/05/2026,05/05/2026 :16:00,19/05/2026 :16:00,19/05/2026 :16:00,21/05/2026 :16:00,,"Designation: DGM NTPC Limited, USSC, CPG-1,
Western Region-II Head Quarter,
Plot No. 87, Sector-24, Atal Nagar,
Nava Raipur, Raipur, Chhattisgarh-492101 Phone: Fax: E-mail:  ajaykumarshivhare@ntpc.co.in",https://ntpctender.ntpc.co.in/NITDetails/NITs/29813
29814,NTPC/USSC-CPG1/9900324530,Name of Work Network Upgradation and Wi-Fi Implementation at NTPC Kudgi,Western Region Head Quarter-II,Chhattisgarh,Western Region-II,Work Contract,,,,05/05/2026,06/05/2026 :09:00,20/05/2026 :15:00,20/05/2026 :15:00,22/05/2026 :15:00,,"Designation: DGM NTPC Limited, USSC, CPG-1,
Western Region-II Head Quarter,
Plot No. 87, Sector-24, Atal Nagar,
Nava Raipur, Raipur, Chhattisgarh-492101 Phone: Fax: E-mail:  ajaykumarshivhare@ntpc.co.in",https://ntpctender.ntpc.co.in/NITDetails/NITs/29814
29815,GEM/2026/B/7502663,Emergency Rescue Tender for CISF Fire at NTPC Lara,Western Region Head Quarter-II,Chhattisgarh,Western Region-II,Work Contract,200000.00,,,05/05/2026,05/05/2026 :10:00,26/05/2026 :15:00,26/05/2026 :15:00,26/05/2026 :15:30,,"Designation: Sr. Manager NTPC Limited, Western Region-II Office,
Plot No. 87, Sector-24,
Nava Raipur, Chhattisgarh-492018 Phone: Fax: E-mail:  skkumar01@ntpc.co.in",https://ntpctender.ntpc.co.in/NITDetails/NITs/29815
29816,GEM/2026/B/7492879,Migration and Deployment of EMG Application & Data on New Cloud Server,"Corporate Materials (EOC, Scope, PMI, NETRA)",Uttar Pradesh,Corporate Center,Services,,,,05/05/2026,05/05/2026 :10:00,15/05/2026 :17:00,15/05/2026 :17:00,15/05/2026 :17:30,,"Designation: DGM NTPC Ltd., Engineering Office Complex,
Plot No. A-8A, Sector-24, NOIDA-201301, UP, India Phone: Fax: E-mail:  rajeshkumarmeena01@ntpc.co.in",https://ntpctender.ntpc.co.in/NITDetails/NITs/29816
29817,NTPC/EOC/9900323823,Procurement of Endpoint Detection and Response (EDR) Services,Corporate Contracts,Uttar Pradesh,Corporate Center,Services,5000000.00,,,05/05/2026,05/05/2026 :17:00,23/07/2026 :15:00,23/07/2026 :15:00,24/07/2026 :15:00,,Designation: Sr. Manager NTPC Ltd. Engineering Office Complex Plot No. A-8A Sector-24 NOIDA-201301 UP India Phone: Fax: E-mail:  deepaverma@ntpc.co.in,https://ntpctender.ntpc.co.in/NITDetails/NITs/29817
29818,NTECL/C&M/CS-6105,Balance Work of Construction of Toe Drain with Collection Sump for MDB,NTECL: NTPC TamilNadu Energy Company Ltd.,Tamilnadu,JVs & Subsidaries,Work Contract,50000.00,,,28/04/2026,28/04/2026 :18:55,13/05/2026 :15:00,13/05/2026 :15:00,14/05/2026 :15:30,,"Designation: Sr. Manager NTECL, Vallur Thermal Power Project,
Site Office Vellivoyal Chavadi Post,
Ponneri Taluk, Thiruvallur Dist, Chennai-600103, Tamilnadu Phone: Fax: E-mail:  vckamal@ntpc.co.in",https://ntpctender.ntpc.co.in/NITDetails/NITs/29818
29819,NTPC/USSC-CPG1/9900324299,"Upgradation, Repair & Maintenance of IT & Wi-Fi LAN at NTPC Rihand",Western Region Head Quarter-II,Chhattisgarh,Western Region-II,Work Contract,1000000.00,,,06/05/2026,06/05/2026 :13:00,25/05/2026 :15:00,25/05/2026 :15:00,27/05/2026 :16:00,,"Designation: DGM NTPC Limited, Central Procurement Group-I,
WR-II Office, Sector-24,
Nava Raipur, Chhattisgarh - 492018 Phone: Fax: E-mail:  cpsingh@ntpc.co.in",https://ntpctender.ntpc.co.in/NITDetails/NITs/29819
29820,GEM/2026/B/7447589,Procurement Bulk Procurement of Steel Chequered Plate,Western Region Head Quarter-II,Chhattisgarh,Western Region-II,Work Contract,,,,06/05/2026,06/05/2026 :10:00,25/05/2026 :14:00,25/05/2026 :14:00,25/05/2026 :14:30,,"Designation: DGM NTPC Limited, Western Region-II Office,
Plot No. 87, Sector-24,
Nava Raipur, Chhattisgarh Phone: Fax: E-mail:  manishkumar06@ntpc.co.in",https://ntpctender.ntpc.co.in/NITDetails/NITs/29820
29821,GEM/2026/B/7478464,"SERVICE CONTRACT FOR CW CHEMICAL TREATMENT, MONITORING SERVICES & ClO2
GENERATOR HIRING FOR STG-I & II OF NTPC-BARH for 24 Months",Western Region Head Quarter-II,Chhattisgarh,Western Region-II,Work Contract,200000.00,,,06/05/2026,06/05/2026 :10:00,21/05/2026 :17:00,21/05/2026 :17:00,21/05/2026 :17:30,,"Designation: Sr. Manager NTPC Limited, Western Region-II Office,
Plot No. 87, Sector-24,
Nava Raipur, Chhattisgarh Phone: Fax: E-mail:  sonamjha@ntpc.co.in",https://ntpctender.ntpc.co.in/NITDetails/NITs/29821
29822,GEM/2026/B/7493830,O&M of 20 TPD CO2 Capture Plant at Vindhyachal for 6 Months,Corporate Contracts,Uttar Pradesh,Corporate Center,Services,,,,06/05/2026,06/05/2026 :10:00,16/05/2026 :17:00,16/05/2026 :17:00,16/05/2026 :17:30,,"Designation: Manager NTPC Ltd., Engineering Office Complex,
Plot No. A-8A, Sector-24, NOIDA-201301, UP, India Phone: Fax: E-mail:  shilpakareddy@ntpc.co.in",https://ntpctender.ntpc.co.in/NITDetails/NITs/29822
29823,GEM/2026/B/7494654,AMC of Lawler Models at NTPC NET,Corporate Contracts,Uttar Pradesh,Corporate Center,Work Contract,,,,06/05/2026,06/05/2026 :10:00,16/05/2026 :15:00,16/05/2026 :15:00,16/05/2026 :15:30,,"Designation: Manager NTPC Ltd., Engineering Office Complex,
Plot No. A-8A, Sector-24, NOIDA-201301, UP, India Phone: Fax: E-mail:  shilpakareddy@ntpc.co.in",https://ntpctender.ntpc.co.in/NITDetails/NITs/29823
29824,NGEL-CS-5755-P2-SVG,SUPPLY AND INSTALLATION OF 130 MVAR SVG PACKAGE FOR REACTIVE POWER COMPENSATION AT 240 MW DEVIKOT SOLAR PV STATION,NTPC Green Energy Ltd. (NGEL),Uttar Pradesh,Corporate Center,Work Contract,5000000.00,,,04/05/2026,05/05/2026 :10:00,20/07/2026 :17:00,31/07/2026 :15:00,31/07/2026 :15:30,,Designation: DGM NTPC Green Energy Limited 4th Floor Renewables Building NETRA Complex E-3 Ecotech-II Udyog Vihar Greater Noida Gautam Buddha Nagar UP India–201306 Phone: Fax: E-mail:  vijayyadav@ntpc.co.in,https://ntpctender.ntpc.co.in/NITDetails/NITs/29824
29825,GEM/2026/B/7510681,Mechanized Cleaning of Roads by Truck Mounted Vehicle AT NTPC LARA STPP,Corporate Contracts,Uttar Pradesh,Corporate Center,Services,200000.00,,,06/05/2026,06/05/2026 :10:00,26/05/2026 :16:00,26/05/2026 :16:00,26/05/2026 :16:30,,"Designation: DGM NTPC Limited,
6th Floor, Engineering Office Complex,
A-8A, Sector-24, NOIDA,
Dist Gautam Budh Nagar, (UP), INDIA-201301 Phone: Fax: E-mail:  matamlathamma@ntpc.co.in",https://ntpctender.ntpc.co.in/NITDetails/NITs/29825
29826,GEM/2026/B/7509120,AMC of Olympus Make Microscope Model BX-51 for 3 Years,Corporate Contracts,Uttar Pradesh,Corporate Center,Work Contract,,,,06/05/2026,06/05/2026 :10:00,16/05/2026 :16:00,16/05/2026 :16:00,16/05/2026 :16:30,,"Designation: Manager NTPC Ltd., Engineering Office Complex,
Plot No. A-8A, Sector-24, NOIDA-201301, UP, India Phone: Fax: E-mail:  shilpakareddy@ntpc.co.in",https://ntpctender.ntpc.co.in/NITDetails/NITs/29826
29827,GEM/2026/B/7483019,AMC including Calibration of Atomic Absorption Spectrophotometer (AAS) for 3 Years at NETRA,Corporate Contracts,Uttar Pradesh,Corporate Center,Work Contract,,,,06/05/2026,06/05/2026 :10:00,16/05/2026 :15:00,16/05/2026 :15:00,16/05/2026 :15:30,,"Designation: Manager NTPC Ltd., Engineering Office Complex,
Plot No. A-8A, Sector-24, NOIDA-201301, UP, India Phone: Fax: E-mail:  shilpakareddy@ntpc.co.in",https://ntpctender.ntpc.co.in/NITDetails/NITs/29827
29828,GEM/2026/B/7489928,"Supply, Installation and Commissioning of VESDA, FAS, GSS, WLD and Rodent System",Corporate Contracts,Uttar Pradesh,Corporate Center,Work Contract,100000.00,,,07/05/2026,07/05/2026 :10:00,22/05/2026 :13:00,22/05/2026 :13:00,22/05/2026 :13:30,,"Designation: Sr. Manager NTPC Ltd., Engineering Office Complex,
Plot No. A-8A, Sector-24, NOIDA-201301, UP, India Phone: Fax: E-mail:  deepaverma@ntpc.co.in",https://ntpctender.ntpc.co.in/NITDetails/NITs/29828
29829,2026_NSPCL_275691_1,"Biennial Ash Dyke Maintenance Work - 2025-27 at NSPCL, CPP-II, Rourkela",NTPC-SAIL Power Company Limited (NSPCL) - Bhilai,Chhattisgarh,JVs & Subsidaries,Work Contract,200000.00,,,30/04/2026,30/04/2026 :15:00,21/05/2026 :15:00,21/05/2026 :15:00,22/05/2026 :15:00,,"Designation: Sr. Manager NTPC Sail Power Company Limited (NSPCL), 
Shared Service Centre, Bhilai 
Expansion Site, Near Purena Village,
Bhilai (East), PO Dist., Durg, Chhattisgarh-490021 Phone: Fax: E-mail:  pratibhasoni@nspcl.co.in",https://ntpctender.ntpc.co.in/NITDetails/NITs/29829
29830,NTPC/USSC-CPG1/9900324709,HOT GAS PATH INSPECTION OF GAS TURBINEs AT NTPC KAWAS GAS POWER STATION.,Western Region Head Quarter-II,Chhattisgarh,Western Region-II,Services,200000.00,,,08/05/2026,08/05/2026 :09:00,26/05/2026 :15:00,26/05/2026 :15:00,28/05/2026 :15:00,,"Designation: DGM NTPC Sail Power Company Limited (NSPCL), 
Shared Service Centre, Bhilai 
Expansion Site, Near Purena Village,
Bhilai (East), PO Dist., Durg, Chhattisgarh-490021 Phone: Fax: E-mail:  srikark@ntpc.co.in",https://ntpctender.ntpc.co.in/NITDetails/NITs/29830
29831,CS-9590-737-9,ENGAGING A CONSULTANT FOR PREPARATION OF DETAILED PROJECT REPORT FOR PROPOSED CAPTIVE JETTY FOR NGEL GREEN HYDROGEN HUB AT PUDIMADAKA,"Corporate Materials (EOC, Scope, PMI, NETRA)",Uttar Pradesh,Corporate Center,Work Contract,1000000.00,,,07/05/2026,07/05/2026 :10:00,04/06/2026 :15:00,04/06/2026 :15:00,05/06/2026 :15:00,,"Designation: Sr. Manager NTPC Limited, Plot A-8A, Sector 24, Noida-201301
State of U.P. India Phone: Fax: E-mail:  maheshwranand@ntpc.co.in",https://ntpctender.ntpc.co.in/NITDetails/NITs/29831
29832,CS-9590-737A-9,"Engaging Consultant for Preparation of DPR for Green Hydrogen Hub at Pudimadaka, Andhra Pradesh",Corporate Contracts,Uttar Pradesh,Corporate Center,Consultancy Services,1000000.00,,,07/05/2026,07/05/2026 :19:00,28/05/2026 :13:00,28/05/2026 :13:00,28/05/2026 :16:00,,"Designation: Sr. Manager NTPC Limited,
Plot A-8A, Sector 24, Noida-201301
State of U.P. India Phone: Fax: E-mail:  sonamkumari@ntpc.co.in",https://ntpctender.ntpc.co.in/NITDetails/NITs/29832
29833,CS-9590-201-9,Power Transformers Package for Pudimadaka Green Hydrogen Hub,Corporate Contracts,Uttar Pradesh,Corporate Center,Work Contract,50000000.00,,,08/05/2026,08/05/2026 :18:35,04/06/2026 :13:00,04/06/2026 :13:00,04/06/2026 :15:00,,"Designation: DGM NTPC Ltd.,
6th Floor, Engineering Office Complex,
Plot A-8A, Sector 24, Noida-201301,
State of U.P., India Phone: Fax: E-mail:  firozkhan@ntpc.co.in",https://ntpctender.ntpc.co.in/NITDetails/NITs/29833
29834,NRE-CS-5779-004(MOD-03)-9R,SUPPLY OF SOLAR PV MODULES FOR 1200MW SOLAR PV PROJECTS AT NTPC REL KHAVDA RE PARK-SOUTH BLOCK IN RANN OF KUTCH GUJARAT,Renewable Energy,Uttar Pradesh,Renewable Energy,Work Contract,,,,08/05/2026,13/05/2026 :10:00,16/05/2026 :22:00,22/05/2026 :15:00,22/05/2026 :15:30,,Designation: DGM NTPC Renewable Energy Ltd. 4th Floor Renewables Building NETRA Complex E-3 Ecotech-II Udyog Vihar Greater Noida Gautam Buddha Nagar UP India–201306 Phone: Fax: E-mail:  vijayyadav@ntpc.co.in,https://ntpctender.ntpc.co.in/NITDetails/NITs/29834
29835,9900325300,"Supply, Installation, Testing and Commissioning of Package Substation (PSS) at Green Hydrogen Hub, NTPC Pudimadaka, Andhra Pradesh",Corporate Contracts,Uttar Pradesh,Corporate Center,Work Contract,50000.00,,,08/05/2026,08/05/2026 :10:00,28/05/2026 :15:00,28/05/2026 :15:00,29/05/2026 :15:30,,"Designation: Sr. Manager NTPC Ltd., Engineering Office Complex,
Plot No. A-8A, Sector-24, NOIDA-201301, UP, India Phone: Fax: E-mail:  ravikumar04@ntpc.co.in",https://ntpctender.ntpc.co.in/NITDetails/NITs/29835
29836,9900324833,"Procurement of Fire Tenders for NGEL Green Hydrogen Hub at Pudimadaka, Anakapalli, AP , Bidding Document No. 9900324833 (GePNIC_ID 2026_NTPC_107966_1).",Corporate Contracts,Uttar Pradesh,Corporate Center,Services,500000.00,,,08/05/2026,08/05/2026 :10:00,25/05/2026 :15:00,25/05/2026 :15:00,26/05/2026 :15:00,,"Designation: DGM NTPC Limited, 6th Floor, EOC, A-8A, Sector-24, NOIDA, Dist. Gautam Budh Nagar, (UP), INDIA-201301 Phone: Fax: E-mail:  kailashkumawat@ntpc.co.in",https://ntpctender.ntpc.co.in/NITDetails/NITs/29836
29837,GEM/2026/B/7459174,PROCUREMENT OF BURNER SPARES FOR STAGE 1 BOILER OF NTPC BARH,Western Region Head Quarter-II,Chhattisgarh,Western Region-II,Work Contract,,,,09/05/2026,09/05/2026 :10:00,30/05/2026 :16:00,30/05/2026 :16:00,30/05/2026 :16:30,,"Designation: DGM NTPC Limited, Western Region-II Office,
Plot No. 87, Sector-24,
Nava Raipur, Chhattisgarh-492018 Phone: Fax: E-mail:  manishkumar06@ntpc.co.in",https://ntpctender.ntpc.co.in/NITDetails/NITs/29837
29838,GEM/2026/B/7506075,Area Cleaning and Levelling Works Around CT and Other Locations at NTECL,NTECL: NTPC TamilNadu Energy Company Ltd.,Tamilnadu,JVs & Subsidaries,Services,50000.00,,,05/05/2026,05/05/2026 :10:00,16/05/2026 :15:00,16/05/2026 :15:00,16/05/2026 :15:30,,"Designation: Sr. Manager NTECL,
Vallur Thermal Power Station,
Vellivoyal chavadi, Ponneri Taluk
Thiruvallur Dist., Chennai - 600103 Phone: Fax: E-mail:  vckamal@ntpc.co.in",https://ntpctender.ntpc.co.in/NITDetails/NITs/29838
29839,NTECL/C&M/CS-6053,BIENNIAL CONTRACT FOR CIVIL WORKS IN INTERNAL CHP AT NTECL AND EXTERNAL CHP AT NCTPS and KPL,NTECL: NTPC TamilNadu Energy Company Ltd.,Tamilnadu,JVs & Subsidaries,Work Contract,500000.00,,,11/05/2026,11/05/2026 :11:30,29/05/2026 :15:00,29/05/2026 :15:00,30/05/2026 :15:30,,"Designation: Sr. Manager NTECL,
Vallur Thermal Power Station 
Post- Vellivoyal Chavadi, 
Taluk - Ponneri 
Dist. Thiruvallur, Chennai - 600103 Phone: Fax: E-mail:  vckamal@ntpc.co.in",https://ntpctender.ntpc.co.in/NITDetails/NITs/29839
29840,NTPC/USSC-CPGl/9900325174,EPC Package for Repowering of Andaman Solar,Western Region Head Quarter-II,Chhattisgarh,Western Region-II,Work Contract,1000000.00,,,12/05/2026,12/05/2026 :16:00,02/06/2026 :11:00,02/06/2026 :11:00,04/06/2026 :16:30,,"Designation: DGM NTPC Limited, Western Region-II Office,
Plot No. 87, Sector-24,
Nava Raipur, Chhattisgarh-492018 Phone: Fax: E-mail:  anandshanker@ntpc.co.in",https://ntpctender.ntpc.co.in/NITDetails/NITs/29840
29841,GEM/2026/B/7504963,Procurement of Silica Gel for IAC Dryer in AHP,NTECL: NTPC TamilNadu Energy Company Ltd.,Tamilnadu,JVs & Subsidaries,Work Contract,,,,12/05/2026,12/05/2026 :10:00,02/06/2026 :16:00,02/06/2026 :16:00,02/06/2026 :16:30,,"Designation: DGM NTPC Tamilnadu Energy Co. Ltd (NTECL),
Vallur Thermal Power Station, 
Chennai - 600103 Phone: Fax: E-mail:  lokanathams@ntpc.co.in",https://ntpctender.ntpc.co.in/NITDetails/NITs/29841
29842,NTECL/C&M/CS-6120,Supply of High Purity Hydrogen Gas for Generators,NTECL: NTPC TamilNadu Energy Company Ltd.,Tamilnadu,JVs & Subsidaries,Services,100000.00,,,11/05/2026,11/05/2026 :10:00,01/06/2026 :15:00,01/06/2026 :15:00,01/06/2026 :15:30,,"Designation: Sr. Manager NTECL, Vallur Thermal Power Station Post- Vellivoyal Chavadi, Taluk - Ponneri Dist. Thiruvallur, Chennai - 600103 Phone: Fax: E-mail:  vckamal@ntpc.co.in",https://ntpctender.ntpc.co.in/NITDetails/NITs/29842
29843,GEM/2026/B/7518311,Procurement LWS Bundles System for M/S Sartorius Make Ultra-Pure Water System on OEM/OES,Corporate Contracts,Uttar Pradesh,Corporate Center,Work Contract,,,,13/05/2026,13/05/2026 :10:00,23/05/2026 :15:00,23/05/2026 :15:00,23/05/2026 :15:30,,"Designation: Sr. Manager NTPC Ltd., Engineering Office Complex,
Plot No. A-8A, Sector-24, NOIDA-201301, UP, India Phone: Fax: E-mail:  parixitrariya@ntpc.co.in",https://ntpctender.ntpc.co.in/NITDetails/NITs/29843
29844,GEM/2026/B/7523700,Preparatory Geotechnical Investigations’ of Banka Project in Bihar,Corporate Contracts,Uttar Pradesh,Corporate Center,Miscellaneous (Others),200000.00,,,13/05/2026,13/05/2026 :10:00,28/05/2026 :15:00,28/05/2026 :15:00,28/05/2026 :15:30,,Designation: Sr. Manager NTPC Ltd. Engineering Office Complex Plot No. A-8A Sector-24 NOIDA-201301 UP India Phone: Fax: E-mail:  satishksharma@ntpc.co.in,https://ntpctender.ntpc.co.in/NITDetails/NITs/29844
29845,GEM/2026/B/7496718,"PROCUREMENT OF ADMIRALITY BRASS TUBE FOR CONDENSER 30MW FOR NSPCL PP2, BHILAI",NTPC-SAIL Power Company Limited (NSPCL) - Bhilai,Chhattisgarh,JVs & Subsidaries,Equipment Supply & Erection,200000.00,,,12/05/2026,12/05/2026 :10:00,16/06/2026 :16:00,16/06/2026 :16:00,16/06/2026 :16:30,,Designation: AGM NSPCL Shared Service Centre Bhilai Expansion Site Near Purena Village Bhilai East PO Dist. Durg Chhattisgarh-490021 Phone: Fax: E-mail:  ak.sahoo@nspcl.co.in,https://ntpctender.ntpc.co.in/NITDetails/NITs/29845
29846,IGSTPP/CS/26-27/CRN-4608,"Design Supply Erection Testing and Commissioning of 5 Meter Height Lighting Poles for Illumination
of all 4 No of Wagon Tippler Inhaul and Outhaul Area at IGSTPP Jharli Jhajjar",IGSTPP: Aravali Power Copany Private Limited-Jhajjar (JV),Haryana,JVs & Subsidaries,Work Contract,200000.00,,,13/05/2026,13/05/2026 :12:00,02/06/2026 :15:00,02/06/2026 :15:00,03/06/2026 :15:00,,"Designation: Manager IGSTPP, Aravali Power Company Private Limited-Jhajjar (JV),
P.O. Jharli, Dist. Jhajjar, Haryana-124141 Phone: Fax: E-mail:  hemameena@ntpc.co.in",https://ntpctender.ntpc.co.in/NITDetails/NITs/29846
29847,NTPC/USSC-CPG1/9900325483,"Design, Supply & Installation of Chlorine Dioxide Dosing System for PT Plant at NTPC Darlipali",Western Region Head Quarter-II,Chhattisgarh,Western Region-II,Work Contract,2000000.00,,,13/05/2026,14/05/2026 :09:00,08/06/2026 :17:00,08/06/2026 :17:00,10/06/2026 :17:00,,"Designation: Sr. Manager NTPC Limited, Central Procurement Group-I,
WR-II Office, Sector-24,
Nava Raipur, Chhattisgarh - 492018 Phone: Fax: E-mail:  harshmamodia@ntpc.co.in",https://ntpctender.ntpc.co.in/NITDetails/NITs/29847
29848,NTPC/EOC/9900324830,"Renovation, Upgradation of AV System and Creation of Smart Classrooms at PMI",Corporate Contracts,Uttar Pradesh,Corporate Center,Work Contract,,,,13/05/2026,13/05/2026 :17:00,02/07/2026 :15:00,02/07/2026 :15:00,03/07/2026 :15:30,,Designation: Sr. Manager NTPC Ltd. Engineering Office Complex 6th Floor Plot No. A-8A Sector-24 NOIDA-201301 UP India Phone: Fax: E-mail:  satishksharma@ntpc.co.in,https://ntpctender.ntpc.co.in/NITDetails/NITs/29848
29849,GEM/2026/B/7505303,Hiring of 02 Nos. Heavy Duty Printer cum Scanner Photocopier for CC Scope,"Corporate Materials (EOC, Scope, PMI, NETRA)",Uttar Pradesh,Corporate Center,Work Contract,,,,13/05/2026,13/05/2026 :10:00,05/06/2026 :16:00,05/06/2026 :16:00,05/06/2026 :16:30,,Designation: DGM NTPC Ltd. Engineering Office Complex Plot No. A-8A Sector-24 NOIDA-201301 UP India Phone: Fax: E-mail:  rajeshkumarmeena01@ntpc.co.in,https://ntpctender.ntpc.co.in/NITDetails/NITs/29849
29850,CS-9590-301C-9,"DEVELOPMENT OF ENABLING INFRASTRUCTURE AND RELATED WORKS FOR GREEN HYDROGEN HUB AT PUDIMADAKA, ANDHRA PRADESH",Corporate Contracts,Uttar Pradesh,Corporate Center,Work Contract,10000000.00,,,13/05/2026,13/05/2026 :10:00,02/06/2026 :13:00,02/06/2026 :13:00,02/06/2026 :16:00,,"Designation: Sr. Manager NTPC Ltd., Engineering Office Complex,
Plot No. A-8A, Sector-24, NOIDA-201301, UP, India Phone: Fax: E-mail:  amitdhiman01@ntpc.co.in",https://ntpctender.ntpc.co.in/NITDetails/NITs/29850
29851,GEM/2026/B/7538308,Consolidated Procurement of CI Gate Valves for Farakka & Darlipalli.,Western Region Head Quarter-II,Chhattisgarh,Western Region-II,Work Contract,,,,14/05/2026,14/05/2026 :10:00,04/06/2026 :16:00,04/06/2026 :16:00,04/06/2026 :16:30,,"Designation: DGM NTPC Ltd, Western Region-II Head Quarter,
Plot No. 87, Sector-24, Atal Nagar, Nava Raipur, Raipur,
Chhattisgarh-492018 Phone: Fax: E-mail:  ssenthilkumar@ntpc.co.in",https://ntpctender.ntpc.co.in/NITDetails/NITs/29851
29852,NTPC/EOC/9900325428,Development of Flood Forecasting System and its Integration with Existing System at TVHPP,"NTPC EOC, Secunderabad",Andhra Pradesh,Southern Region,Work Contract,500000.00,,,14/05/2026,14/05/2026 :12:30,03/06/2026 :15:00,03/06/2026 :15:00,04/06/2026 :16:00,,"Designation: AGM Engineering Office Complex, NTPC Limited, Secunderabad, Telangana Phone: Fax: E-mail:  pattelavimla@ntpc.co.in",https://ntpctender.ntpc.co.in/NITDetails/NITs/29852
29853,NREL-CS-200153429,Centralized Rate Contract for Drone Thermography for NREL Solar Projects Across India,Renewable Energy,Uttar Pradesh,Renewable Energy,Services,100000.00,,,13/05/2026,13/05/2026 :17:00,28/05/2026 :15:00,28/05/2026 :15:00,29/05/2026 :15:30,,"Designation: Sr. Manager NTPC Renewable Energy Ltd., 4th Floor, RE Building, NETRA Complex E-3, Ecotech II, Udyog Vihar, Greater Noida Gautam Buddha Nagar, UP, India Phone: Fax: E-mail:  piushverma@ntpc.co.in",https://ntpctender.ntpc.co.in/NITDetails/NITs/29853
29854,GEM/2026/B/7514337,"Transportation of Coal from OCPL Manoharpur Mines to Any Private/Public
Siding of Railways and then loading into (BOXN) IR wagons for onward
transportation to NSPCL Rourkela (HSPG Siding)",NTPC-SAIL Power Company Limited (NSPCL) - Bhilai,Chhattisgarh,JVs & Subsidaries,Services,2000000.00,,,13/05/2026,13/05/2026 :10:00,03/06/2026 :18:00,03/06/2026 :18:00,03/06/2026 :18:30,,"Designation: Sr. Manager NSPCL, SSC, Bhilai Expansion Site, Near Purena Village, Bhilai (East), PO Dist. Durg, Chhattisgarh-490021 Phone: Fax: E-mail:  pratibhasoni@nspcl.co.in",https://ntpctender.ntpc.co.in/NITDetails/NITs/29854
29855,NTPC/USSC-CPG1/9900325090,PROCUREMENT OF STAGE-I GENERATOR TRANSFORMER AT NTPC KORBA,Western Region Head Quarter-II,Chhattisgarh,Western Region-II,Work Contract,5000000.00,,,14/05/2026,14/05/2026 :13:00,05/06/2026 :15:00,05/06/2026 :15:00,08/06/2026 :15:30,,"Designation: DGM NTPC Ltd., Western Region Head Quarters-II,
Plot No. 87, Sector-24, Atal RAIPUR-492018 Phone: Fax: E-mail:  cpsingh@ntpc.co.in",https://ntpctender.ntpc.co.in/NITDetails/NITs/29855
29856,NTPC/EOC/9900325071,Additional Works of ROR Line,"NTPC EOC, Secunderabad",Andhra Pradesh,Southern Region,Work Contract,200000.00,,,11/05/2026,11/05/2026 :17:30,21/05/2026 :15:00,21/05/2026 :15:00,22/05/2026 :16:00,,"Designation: AGM Engineering Office Complex, NTPC Limited, Secunderabad, Telangana Phone: Fax: E-mail:  pattelavimla@ntpc.co.in",https://ntpctender.ntpc.co.in/NITDetails/NITs/29856
29857,GEM/2026/B/7529911,CMS OF UPS SYSTEMS FOR EOC BUILDING,Corporate Contracts,Uttar Pradesh,Corporate Center,Services,,,,14/05/2026,14/05/2026 :10:00,25/05/2026 :19:00,25/05/2026 :19:00,25/05/2026 :19:30,,"Designation: Sr. Manager NTPC Ltd., Engineering Office Complex,
Plot No. A-8A, Sector-24, NOIDA-201301, UP, India Phone: Fax: E-mail:  parixitrariya@ntpc.co.in",https://ntpctender.ntpc.co.in/NITDetails/NITs/29857
29858,GEM/2026/B/7482519,Bulk Procurement of MTM Thermocouples,Western Region Head Quarter-II,Chhattisgarh,Western Region-II,Work Contract,,,,15/05/2026,15/05/2026 :10:00,05/06/2026 :10:00,05/06/2026 :10:00,05/06/2026 :10:30,,"Designation: Manager NTPC Limited, Western Region-II Office,
Plot No. 87, Sector-24, Nava Raipur, Chhattisgarh-492018 Phone: Fax: E-mail:  sonaliagarwal@ntpc.co.in",https://ntpctender.ntpc.co.in/NITDetails/NITs/29858
29859,MBRAPP/CMM/2026/Civil/15,Construction of Prefabricated Field Hostel at MBRAPP Site,ASHVINI (AnuShatki Vidhyut Nigam) Ltd.,Rajasthan,JVs & Subsidaries,Work Contract,2009308.00,,,15/05/2026,15/05/2026 :10:00,06/06/2026 :15:00,06/06/2026 :15:00,08/06/2026 :15:00,,"Designation: Sr. Manager MBRAPP (Mahi Banswara Rajasthan Atomic Power Project) PO Napla, Tehsil Chhoti Sarwan, District Banswara, Rajasthan-327001 Phone: Fax: E-mail:  chandrashekharsoni@ntpc.co.in",https://ntpctender.ntpc.co.in/NITDetails/NITs/29859
29860,GEM/2026/B/7511283,Procurement of 400KV RIP Bushing for ICT-2 Transformer at SSTPS,Western Region Head Quarter-II,Chhattisgarh,Western Region-II,Work Contract,,,,15/05/2026,15/05/2026 :10:00,05/06/2026 :15:00,05/06/2026 :15:00,05/06/2026 :15:30,,"Designation: Sr. Manager NTPC Limited, Western Region-II Office,
Plot No. 87, Sector-24, Nava Raipur, Chhattisgarh-492018 Phone: Fax: E-mail:  vikashkumar11@ntpc.co.in",https://ntpctender.ntpc.co.in/NITDetails/NITs/29860
29861,NGEL-CS-5840-004(EPC)-9-,EPC PACKAGE FOR DEVELOPMENT OF 100MW GROUND MOUNTED SOLAR PV PLANT AT JHANSI (U.P.) OF NUGEL,NTPC Green Energy Ltd. (NGEL),Uttar Pradesh,Corporate Center,Work Contract,,,,15/05/2026,15/05/2026 :10:00,09/06/2026 :17:00,22/06/2026 :14:00,22/06/2026 :14:30,,Designation: Sr. Manager NTPC Green Energy Ltd. 4thFloor Renewables Building E-3 Ecotech-II Udyog Vihar Greater Noida Gautam Budh Nagar UP India–201306 Phone: Fax: E-mail:  madhusmritidevchoudhry@ntpc.co.in,https://ntpctender.ntpc.co.in/NITDetails/NITs/29861
29862,GEM/2026/B/7514184,Procurement of Bunker Grizzly,NTECL: NTPC TamilNadu Energy Company Ltd.,Tamilnadu,JVs & Subsidaries,Work Contract,,,,16/05/2026,16/05/2026 :10:00,06/06/2026 :18:00,06/06/2026 :18:00,06/06/2026 :18:30,,"Designation: DGM NTPC Tamilnadu Energy Co. Ltd (NTECL),
Vallur Thermal Power Station, 
Chennai - 600103 Phone: Fax: E-mail:  lokanathams@ntpc.co.in",https://ntpctender.ntpc.co.in/NITDetails/NITs/29862
29863,GEM/2026/B/7524321,"Job Contract for Water Sprinkling inside the Plant, on boundary & Ash Ponds and Lifting of Spilled Ash from Boundary Roads for APCPL",IGSTPP: Aravali Power Copany Private Limited-Jhajjar (JV),Haryana,JVs & Subsidaries,Work Contract,200000.00,,,18/05/2026,18/05/2026 :10:00,08/06/2026 :15:00,08/06/2026 :15:00,08/06/2026 :15:30,,Designation: Sr. Manager APCPL Indira Gandhi Super Thermal Power Project P.O. Jharli Dist. JHAJJAR Haryana - 124141 INDIA Phone: Fax: E-mail:  amitsaikia@ntpc.co.in,https://ntpctender.ntpc.co.in/NITDetails/NITs/29863
29864,IGSTPP/CS/25-26/CRN-4395A,"Supply, Erection, Commissioning & Testing of 1 no. of New Chiller in Place of Old Chiller at APCPL, IGSTPP-Jharli, Jhajjar",IGSTPP: Aravali Power Copany Private Limited-Jhajjar (JV),Haryana,JVs & Subsidaries,Work Contract,,,,18/05/2026,18/05/2026 :14:00,08/06/2026 :15:00,08/06/2026 :15:00,09/06/2026 :15:00,,Designation: Sr. Manager APCPL Indira Gandhi Super Thermal Power Project P.O. Jharli Dist. JHAJJAR Haryana - 124141 INDIA Phone: Fax: E-mail:  amitsaikia@ntpc.co.in,https://ntpctender.ntpc.co.in/NITDetails/NITs/29864
29865,GEM/2026/B/7498867,Bulk Procurement of MTM Thermocouples,Western Region Head Quarter-II,Chhattisgarh,Western Region-II,Work Contract,,,,18/05/2026,18/05/2026 :10:00,08/06/2026 :16:00,08/06/2026 :16:00,08/06/2026 :16:30,,"Designation: Sr. Manager NTPC Limited, Western Region-II Office,
Plot No. 87, Sector-24,
Nava Raipur, Chhattisgarh-492018 Phone: Fax: E-mail:  adityagupta@ntpc.co.in",https://ntpctender.ntpc.co.in/NITDetails/NITs/29865
29866,EOI/01/KHSTPS/PONDASH/2026,"Expression of Interest (EOI) for Lifting of Pond Ash on Free of Cost, First come First Served Basis from NTPC-Kahalgaon Super Thermal Power Plant.",Kahalgaon Super Thermal Power,Bihar,Eastern Region-I,Miscellaneous (Others),,,,18/05/2026,18/05/2026 :10:00,15/06/2026 :17:00,15/06/2026 :17:00,,,Designation: DGM NTPC-Kahalgaon Super Thermal Power Plant Bihar Phone: Fax: E-mail:  audkhstps@ntpc.co.in,https://ntpctender.ntpc.co.in/NITDetails/NITs/29866
29867,EOI/NTPC/MSEs/AU-01/FA/2026,"EOI for Fly Ash Supply to Micro and Small Enterprises (MSEs) /Local user engaged in ash-based
products manufacturing, on concessional rates, ‘as is where is’ basis from NTPC MOUDA Super
Thermal Power Station",Mouda Super Thermal Power,Maharashtra,Western Region-II,Miscellaneous (Others),,,,18/05/2026,18/05/2026 :10:00,02/06/2026 :17:00,02/06/2026 :17:00,,,"Designation: DGM (Ash Utilization) NTPC MOUDA THERMAL POWER STATION, PS Mouda,
Mouda - Ramtek Road, Nagpur-441104, Maharashtra Phone: Fax: E-mail:  aumouda@ntpc.co.in",https://ntpctender.ntpc.co.in/NITDetails/NITs/29867
29868,GEM/2026/B/7468752,"Procurement of Complete CCTV monitoring system for Rajgarh, Fatehgarh, SKB-1, SKB-2, Jetsar, Nokhra and Devikot Solar Power stations of NGEL",NTPC Green Energy Ltd. (NGEL),Uttar Pradesh,Corporate Center,Work Contract,500000.00,,,18/05/2026,18/05/2026 :10:00,19/06/2026 :15:00,19/06/2026 :15:00,19/06/2026 :15:30,,Designation: DGM NTPC Green Energy Limited 4th Floor RE Building NETRA Complex E-3 Ecotech-II Udyog Vihar Greater Noida Gautam Budh Nagar UP India–201306 Phone: Fax: E-mail:  sanjaykumar@ntpc.co.in,https://ntpctender.ntpc.co.in/NITDetails/NITs/29868
29869,NTPC/Gadarwara/2025-26/AUD/EOI/01,"EOI for Issue of Pond ash on Free of Cost, First come First Served Basis (transportation cost to borne by the bidder) from NTPC Gadarwara",Gadarwara Super Thermal Power Plant,Madhya Pradesh,Western Region-II,Miscellaneous (Others),,,,20/05/2026,15/07/2026 :10:00,30/07/2026 :17:00,30/07/2026 :17:00,,,Designation: DGM Ash Management NTPC GADARWARA SUPER THERMAL POWER STATION PO Gangai Tehsil Gadarwara Dist Narsinghpur Madhya Pradesh Phone: Fax: E-mail:  girishchoudhary@ntpc.co.in,https://ntpctender.ntpc.co.in/NITDetails/NITs/29869
29870,GEM/2026/B/7451782,Procurement of CFD (Computational Fluid Dynamics) Analysis Software and HPC (High Performance Computing) Hardware for EOC Secunderabad,Corporate Contracts,Uttar Pradesh,Corporate Center,Work Contract,100000.00,,,19/05/2026,19/05/2026 :10:00,26/06/2026 :11:00,26/06/2026 :11:00,26/06/2026 :11:30,,Designation: Sr. Manager NTPC Ltd. Engineering Office Complex Plot No. A-8A Sector-24 NOIDA-201301 UP India Phone: Fax: E-mail:  deepaverma@ntpc.co.in,https://ntpctender.ntpc.co.in/NITDetails/NITs/29870
29871,GEM/2026/B/7505050,Bulk procurement of CS Analysers for NTPC Stations,Western Region Head Quarter-II,Chhattisgarh,Western Region-II,Work Contract,,,,18/05/2026,18/05/2026 :10:00,01/06/2026 :16:00,01/06/2026 :16:00,01/06/2026 :16:30,,"Designation: Manager NTPC Limited, Western Region-II Office,
Plot No. 87, Sector-24, Nava Raipur, Chhattisgarh-492018 Phone: Fax: E-mail:  sonaliagarwal@ntpc.co.in",https://ntpctender.ntpc.co.in/NITDetails/NITs/29871
29872,NRE-CS-5845-EPC-BESS,EPC Package for Development of 800MW/3200MWh Battery Energy Storage System (BESS) at NTPC REL Khavda Park,Renewable Energy,Uttar Pradesh,Renewable Energy,Services,,,,19/05/2026,19/05/2026 :10:00,05/06/2026 :18:00,23/06/2026 :15:00,23/06/2026 :15:30,,"Designation: DGM NTPC Green Energy Limited
4th Floor, Renewables Building, NETRA Complex
E-3, Ecotech-II, Udyog Vihar, Greater Noida
Gautam Buddha Nagar, UP, India–201306 Phone: Fax: E-mail:  prishantpathik@ntpc.co.in",https://ntpctender.ntpc.co.in/NITDetails/NITs/29872
29873,CS-9592-162-9,NIT for Ash Handling System Package for Telangana STPP Stage-II (3x800MW).,Corporate Contracts,Uttar Pradesh,Corporate Center,Work Contract,200000000.00,,,19/05/2026,19/05/2026 :10:00,18/06/2026 :13:00,18/06/2026 :13:00,18/06/2026 :15:30,,"Designation: DGM NTPC Limited,
6th Floor, Engineering Office Complex,
A-8A, Sector-24, NOIDA,
Dist Gautam Budh Nagar, (UP), INDIA-201301 Phone: Fax: E-mail:  amitk@ntpc.co.in",https://ntpctender.ntpc.co.in/NITDetails/NITs/29873
29874,GEM/2026/B/7531409,Bulk Procurement of Steel Chequered Plate FY 2026-27 - Package 1,Western Region Head Quarter-II,Chhattisgarh,Western Region-II,Work Contract,,,,19/05/2026,19/05/2026 :10:00,09/06/2026 :15:00,09/06/2026 :15:00,09/06/2026 :15:30,,"Designation: DGM NTPC Limited, Western Region-II Office, Plot No. 87, Sector-24, Nava Raipur, Chhattisgarh-492018 Phone: Fax: E-mail:  sushilmeena@ntpc.co.in",https://ntpctender.ntpc.co.in/NITDetails/NITs/29874
29875,GEM/2026/B/7558943,Bulk Procurement of IBR Carbon Steel Pipe Fittings-Lot-3,Western Region Head Quarter-II,Chhattisgarh,Western Region-II,Work Contract,50000.00,,,19/05/2026,19/05/2026 :10:00,09/06/2026 :16:00,09/06/2026 :16:00,09/06/2026 :16:30,,"Designation: DGM NTPC Ltd, Western Region-II Head Quarter,
Plot No. 87, Sector-24, Atal Nagar,
Nava Raipur, Raipur, Chhattisgarh-492018 Phone: Fax: E-mail:  ssenthilkumar@ntpc.co.in",https://ntpctender.ntpc.co.in/NITDetails/NITs/29875
29876,GEM/2026/B/7458355,Job Contract to Provide SAP-ABAP Services at NTPC,Corporate Contracts,Uttar Pradesh,Corporate Center,Services,200000.00,,,20/05/2026,20/05/2026 :10:00,22/06/2026 :15:00,22/06/2026 :15:00,22/06/2026 :15:30,,Designation: Sr. Manager NTPC Ltd. Engineering Office Complex Plot No. A-8A Sector-24 NOIDA UP India-201301 Phone: Fax: E-mail:  satishksharma@ntpc.co.in,https://ntpctender.ntpc.co.in/NITDetails/NITs/29876
29877,EOI/AU/PA/2026-27/1,"EOI for Issue of Pond Ash on Free of Cost, First come First Served Basis with Transportation by Bidder, from NTPC Unchahar",Unchahar Super Thermal Power Project,Uttar Pradesh,Northern Region,Miscellaneous (Others),,,,21/05/2026,21/05/2026 :10:00,31/05/2026 :18:00,31/05/2026 :18:00,,,"Designation: Sr. Manager NTPC Unchahar SUPER THERMAL
POWER STATION (USTPS)
Post Office NTPC Unchahar,
Dist. Raebareli
State Uttar Pradesh-229406 Phone: Fax: E-mail:  girishsarsiya@ntpc.co.in",https://ntpctender.ntpc.co.in/NITDetails/NITs/29877
29878,GEM/2026/B/7517366,Bulk Procurement of Repair Kits for Cut Off Angle Cocks of NTPC,Western Region Head Quarter-II,Chhattisgarh,Western Region-II,Work Contract,,,,21/05/2026,21/05/2026 :10:00,05/06/2026 :10:00,05/06/2026 :10:00,05/06/2026 :10:30,,"Designation: Sr. Manager NTPC Limited, Western Region-II Office,
Plot No. 87, Sector-24,
Nava Raipur, Chhattisgarh-492018 Phone: Fax: E-mail:  vikashkumar11@ntpc.co.in",https://ntpctender.ntpc.co.in/NITDetails/NITs/29878
29879,GEM/2026/B/7541495,"TELE - ICU & TELE - EMERGENCY SERVICES AT SUSHRUT HOSPITAL, NTPC FARAKKA",Western Region Head Quarter-II,Chhattisgarh,Western Region-II,Work Contract,,,,22/05/2026,22/05/2026 :10:00,08/06/2026 :15:00,08/06/2026 :15:00,08/06/2026 :15:30,,"Designation: Sr. Manager NTPC Limited, USSC, CPG-1,
Western Region-II Head Quarter,
Plot No. 87, Sector-24, Atal Nagar,
Nava Raipur, Raipur, Chhattisgarh-492101 Phone: Fax: E-mail:  ilaanand@ntpc.co.in",https://ntpctender.ntpc.co.in/NITDetails/NITs/29879
29880,GEM/2026/B/7567935,Biennial Mega Contract for Maintenance of Coal Handling Plant ST1 and 2 at NTPC Singrauli,Western Region Head Quarter-II,Chhattisgarh,Western Region-II,Work Contract,1000000.00,,,22/05/2026,22/05/2026 :10:00,11/06/2026 :15:00,11/06/2026 :15:00,11/06/2026 :15:30,,"Designation: DGM NTPC Limited, Western Region-II Office,
Plot No. 87, Sector-24,
Nava Raipur, Chhattisgarh-492018 Phone: Fax: E-mail:  srikark@ntpc.co.in",https://ntpctender.ntpc.co.in/NITDetails/NITs/29880
29881,GEM/2026/B/7555728,RE Assets Mega Risk Package Insurance Policy including Tism & War Insurance Policy for 2026-27,"Corporate Materials (EOC, Scope, PMI, NETRA)",Uttar Pradesh,Corporate Center,Services,,,,22/05/2026,22/05/2026 :10:00,08/06/2026 :17:00,08/06/2026 :17:00,08/06/2026 :17:30,,Designation: DGM NTPC Ltd. Engineering Office Complex Plot No. A-8A Sector-24 NOIDA-201301 UP India Phone: Fax: E-mail:  rajeshkumarmeena01@ntpc.co.in,https://ntpctender.ntpc.co.in/NITDetails/NITs/29881
29882,GEM/2026/B/7567113,DEPLOYMENT OF 01 NO OF VEHICLE FOR 8 HRS DUTY FOR A PERIOD OF 03 YEARS AT NSPCL DURGAPUR PP-3,NSPCL - Durgapur,West Bengal,JVs & Subsidaries,Work Contract,,,,23/05/2026,23/05/2026 :10:00,13/06/2026 :15:00,13/06/2026 :15:00,13/06/2026 :15:30,,"Designation: DGM NTPC, NSPCL DSP COMPLEX. DURGAPUR 713203 WEST BENGAL Phone: Fax: E-mail:  prabhulinga@nspcl.co.in",https://ntpctender.ntpc.co.in/NITDetails/NITs/29882
29883,GEM/2026/B/7561644,"Feasibility Study for ODC at Devgarh, Khatiguda, Khushalpura and Randha Sites",Corporate Contracts,Uttar Pradesh,Corporate Center,Services,,,,26/05/2026,26/05/2026 :10:00,05/06/2026 :15:00,05/06/2026 :15:00,05/06/2026 :15:30,,"Designation: Sr. Manager NTPC Ltd., Engineering Office Complex,
Plot No. A-8A, Sector-24, NOIDA-201301, UP, India Phone: Fax: E-mail:  satishksharma@ntpc.co.in",https://ntpctender.ntpc.co.in/NITDetails/NITs/29883
29884,GEM/2026/B/7538629,Procurement OF COMPLETE DRYER ASSEMBLY DESICCANT TYPE,Western Region Head Quarter-II,Chhattisgarh,Western Region-II,Work Contract,200000.00,,,25/05/2026,25/05/2026 :10:00,16/06/2026 :15:00,16/06/2026 :15:00,16/06/2026 :15:30,,"Designation: Sr. Manager NTPC Limited, Western Region-II Office,
Plot No. 87, Sector-24,
Nava Raipur, Chhattisgarh-492018 Phone: Fax: E-mail:  vikashkumar11@ntpc.co.in",https://ntpctender.ntpc.co.in/NITDetails/NITs/29884
29885,GEM/2026/B/7578806,CONTRACT FOR DISMANTLING/FABRICATION/ERECTION OF CORRODED STRUCTURES OF PIPE/CABLE TRESTLE STRUCTURE IN MAIN PLANT OFFSITE AREA,NTECL: NTPC TamilNadu Energy Company Ltd.,Tamilnadu,JVs & Subsidaries,Work Contract,50000.00,,,26/05/2026,23/05/2026 :10:00,13/06/2026 :17:00,13/06/2026 :17:00,13/06/2026 :17:30,,"Designation: DGM NTECL,
Vallur Thermal Power Station,
Kuruvimedu Village, Ponneri Taluk,
Vellivoyal Chavadi Post,
Thiruvallur District, Chennai - 600103 Phone: Fax: E-mail:  jaideep@ntpc.co.in",https://ntpctender.ntpc.co.in/NITDetails/NITs/29885
29886,GEM/2026/B/7560680,"STRUCTURAL FABRICATION AND MISC EQUIPMENT PAINTING IN BOILER, TURBINE & AUXILIARIES",NTECL: NTPC TamilNadu Energy Company Ltd.,Tamilnadu,JVs & Subsidaries,Work Contract,500000.00,,,26/05/2026,19/05/2026 :10:00,09/06/2026 :17:00,09/06/2026 :17:00,09/06/2026 :17:30,,"Designation: DGM NTECL, Vallur Thermal Power Station, Kuruvimedu Village, Ponneri Taluk, Vellivoyal Chavadi Post, Thiruvallur District, Chennai - 600103 Phone: Fax: E-mail:  jaideep@ntpc.co.in",https://ntpctender.ntpc.co.in/NITDetails/NITs/29886
29887,MBRAPP/CMM/2026/Electrical/CP2,"Design, Engineering, Procurement, Supply, Installation, Testing, Commissioning and Two Years of Operation andComprehensive Maintenance of the 33/11/0.433kV Electrical Distribution System at MBRAPP in Distt. Banswara,Rajasthan",ASHVINI (AnuShatki Vidhyut Nigam) Ltd.,Rajasthan,JVs & Subsidaries,Work Contract,2874632.00,,,26/05/2026,26/05/2026 :12:00,17/06/2026 :15:00,17/06/2026 :15:00,18/06/2026 :15:30,,"Designation: DGM Mahi Banswara Rajasthan Atomic Power Project (MBRAPP), PO Napla, Tehsil Chhoti Sarwan, Dist Banswara, Rajasthan-327001 Phone: Fax: E-mail:  chandrashekharsoni@ntpc.co.in",https://ntpctender.ntpc.co.in/NITDetails/NITs/29887
29888,GEM/2026/B/7585208,AI- Based Tool for IPD Bill Verification and Processing (RT),Corporate Contracts,Uttar Pradesh,Corporate Center,Services,200000.00,,,27/05/2026,27/05/2026 :10:00,05/06/2026 :13:00,05/06/2026 :13:00,05/06/2026 :13:30,,"Designation: Sr. Manager NTPC Ltd., Engineering Office Complex, Sector-24, NOIDA-201301, UP, India Phone: Fax: E-mail:  satishksharma@ntpc.co.in",https://ntpctender.ntpc.co.in/NITDetails/NITs/29888
29889,GEM/2026/B/7518986,AMC of Wear Particle Analyzer,Corporate Contracts,Uttar Pradesh,Corporate Center,Work Contract,,,,17/05/2026,17/05/2026 :10:00,30/05/2026 :15:00,30/05/2026 :15:00,30/05/2026 :15:30,,"Designation: Manager NTPC Ltd., Engineering Office Complex,
Plot No. A-8A, Sector-24, NOIDA-201301, UP, India Phone: Fax: E-mail:  shilpakareddy@ntpc.co.in",https://ntpctender.ntpc.co.in/NITDetails/NITs/29889
29890,NTPC/USSC-CPG1/9900325810,Deployment of Security Services at NTPC Gadarwara for Two Years.,Western Region Head Quarter-II,Chhattisgarh,Western Region-II,Services,,,,21/05/2026,21/05/2026 :18:00,10/06/2026 :16:00,10/06/2026 :16:00,12/06/2026 :16:30,,"Designation: Sr. Manager NTPC Limited, USSC, CPG-1,
Western Region-II Head Quarter,
Plot No. 87, Sector-24, Atal Nagar,
Nava Raipur, Raipur, Chhattisgarh-492101 Phone: Fax: E-mail:  vkbhojwani@ntpc.co.in",https://ntpctender.ntpc.co.in/NITDetails/NITs/29890
29891,GEM/2026/B/7547296,Group Personal Accident Insurance Policy for the period August 2026 to July 2027,"Corporate Materials (EOC, Scope, PMI, NETRA)",Uttar Pradesh,Corporate Center,Work Contract,,,,27/05/2026,27/05/2026 :10:00,17/06/2026 :17:00,17/06/2026 :17:00,17/06/2026 :17:30,,Designation: DGM NTPC Ltd. Engineering Office Complex Plot No. A-8A Sector-24 NOIDA-201301 UP India Phone: Fax: E-mail:  rajeshkumarmeena01@ntpc.co.in,https://ntpctender.ntpc.co.in/NITDetails/NITs/29891
29892,GEM/2026/B/7559322,Supply Installation Testing and Commissioning (SITC) of IP Based Camera Surveillance at SRHQ Hyderabad,Corporate Contracts,Uttar Pradesh,Corporate Center,Miscellaneous (Others),50000.00,,,27/05/2026,27/05/2026 :10:00,11/06/2026 :15:00,11/06/2026 :15:00,11/06/2026 :15:30,,Designation: Sr. Manager NTPC Ltd. Engineering Office Complex Plot No. A-8A Sector-24 NOIDA-201301 UP India Phone: Fax: E-mail:  satishksharma@ntpc.co.in,https://ntpctender.ntpc.co.in/NITDetails/NITs/29892
29893,NRE-CS-5846-004(PHES)-9,"SELECTION OF DEVELOPER(S) FOR ISTS CONNECTED PUMP HYDRO ENERGY STORAGE
SOLUTIONS OF 2000 MW / 12000 MWh WITH 500 MW (MIN) CAPACITY
AT SINGLE LOCATION (ANYWHERE IN INDIA) UNDER PHES AS SERVICE MODEL",Renewable Energy,Uttar Pradesh,Renewable Energy,Services,,,,29/05/2026,15/06/2026 :10:00,06/07/2026 :15:00,21/07/2026 :15:00,21/07/2026 :15:30,,"Designation: DGM NTPC Renewable Energy Limited, 4th Floor,
NETRA Building E-3, Ecotech-II, Udyog Vihar,
Greater Noida, Dist. Gautam Budh Nagar,
UP, INDIA-201306 Phone: Fax: E-mail:  abhishekkumar02@ntpc.co.in",https://ntpctender.ntpc.co.in/NITDetails/NITs/29893
29894,GEM/2026/B/7552664,"Operation & Maintenance of HVAC system, Electrical System, Split & Window ACs and Fire Fighting System at NTPC PMI","Corporate Materials (EOC, Scope, PMI, NETRA)",Uttar Pradesh,Corporate Center,Work Contract,500000.00,,,29/05/2026,29/05/2026 :10:00,06/07/2026 :17:00,06/07/2026 :17:00,06/07/2026 :17:30,,Designation: DGM NTPC Ltd. Engineering Office Complex Plot No. A-8A Sector-24 NOIDA-201301 UP India Phone: Fax: E-mail:  rajeshkumarmeena01@ntpc.co.in,https://ntpctender.ntpc.co.in/NITDetails/NITs/29894
29895,9900325199,"Interior Acoustic Treatment, Electrical, Fire Alarm, Fire Fighting, HVAC, Audio Video, Stage Furnishing, Stage Effect Lighting Systems and Miscellaneous Civil Works of Auditorium at NTPC Nabinagar NSTPP.",Western Region Head Quarter-II,Chhattisgarh,Western Region-II,Work Contract,,,,29/05/2026,29/05/2026 :14:00,15/06/2026 :16:00,15/06/2026 :16:00,16/06/2026 :16:00,,"Designation: DGM NTPC Limited, 
USSC, CPG-1, 
Western Region-II Head Quarter,
Plot No. 87, Sector-24, Atal Nagar
Nava Raipur, Raipur, Chhattisgarh-492018 Phone: Fax: E-mail:  pankajkumar07@ntpc.co.in",https://ntpctender.ntpc.co.in/NITDetails/NITs/29895
29896,NGEL-CS-5787-004(BESS1)-9,EPC PACKAGE FOR DEVELOPMENT OF 3200 MWH BESS CAPACITY BY NGEL AT NTPC REL FATEHGARH SOLAR PLANT,NTPC Green Energy Ltd. (NGEL),Uttar Pradesh,Corporate Center,Work Contract,,,,29/05/2026,05/06/2026 :17:00,15/06/2026 :17:00,25/06/2026 :14:00,25/06/2026 :14:30,,"Designation: Sr. Manager NTPC Green Energy Limited
4th Floor, NETRA Building E-3,
Ecotech-II, Udyog Vihar, Greater Noida,
Dist Gautam Budh Nagar, UP, INDIA-201306 Phone: Fax: E-mail:  madhusmritidevchoudhry@ntpc.co.in",https://ntpctender.ntpc.co.in/NITDetails/NITs/29896
29897,NGEL-CS-5779-004(BESS1)-9,EPC PACKAGE FOR DEVELOPMENT OF 3300 MWH BESS CAPACITY BY NGEL AT NTPC REL KHAVDA SOLAR PLANT,NTPC Green Energy Ltd. (NGEL),Uttar Pradesh,Corporate Center,Work Contract,,,,29/05/2026,21/06/2026 :10:00,30/06/2026 :17:00,15/07/2026 :15:00,15/07/2026 :15:30,,Designation: DGM NTPC Green Energy Limited 4th Floor NETRA Building E-3 Ecotech-II Udyog Vihar Greater Noida Dist Gautam Budh Nagar UP INDIA-201306 Phone: Fax: E-mail:  amitkumar22@ntpc.co.in,https://ntpctender.ntpc.co.in/NITDetails/NITs/29897
29898,NGEL-CS-5800-004(BESS2)-9,"EPC PACKAGE FOR DEVELOPMENT OF 7800 MWH BESS CAPACITY BY NGEL AT NTPC REL BIKANER
SOLAR PLANT",NTPC Green Energy Ltd. (NGEL),Uttar Pradesh,Corporate Center,Work Contract,,,,29/05/2026,05/06/2026 :10:00,15/06/2026 :17:00,25/06/2026 :15:00,25/06/2026 :15:30,,"Designation: DGM NTPC Green Energy Limited 4th Floor, NETRA Building E-3, Ecotech-II, Udyog Vihar, Greater Noida, Dist Gautam Budh Nagar, UP, INDIA-201306 Phone: Fax: E-mail:  sanjaykumar@ntpc.co.in",https://ntpctender.ntpc.co.in/NITDetails/NITs/29898
29899,GEM/2026/B/7547275,Comprehensive Annual Maintenance Contract (CAMC) for 25 No. Creep Testing Machines at NETRA,Corporate Contracts,Uttar Pradesh,Corporate Center,Services,,,,30/05/2026,30/05/2026 :10:00,09/06/2026 :15:00,09/06/2026 :15:00,09/06/2026 :15:30,,"Designation: Sr. Manager NTPC Ltd., Engineering Office Complex,
Plot No. A-8A, Sector-24, NOIDA-201301, UP, India Phone: Fax: E-mail:  parixitrariya@ntpc.co.in",https://ntpctender.ntpc.co.in/NITDetails/NITs/29899
29900,GEM/2026/B/7555828,Procurement of Audio Video Bar for Conference Halls,Corporate Contracts,Uttar Pradesh,Corporate Center,Work Contract,,,,31/05/2026,31/05/2026 :10:00,15/06/2026 :13:00,15/06/2026 :13:00,15/06/2026 :13:30,,"Designation: Sr. Manager NTPC Ltd., Engineering Office Complex,
Plot No. A-8A, Sector-24, NOIDA-201301, UP, India Phone: Fax: E-mail:  parixitrariya@ntpc.co.in",https://ntpctender.ntpc.co.in/NITDetails/NITs/29900
29901,GEM/2026/B/7519090,"Bulk Procurement Of 98"" Led TV for Various NTPC Stations",Western Region Head Quarter-II,Chhattisgarh,Western Region-II,Work Contract,,,,14/05/2026,14/05/2026 :10:00,08/06/2026 :18:00,08/06/2026 :18:00,08/06/2026 :18:30,,"Designation: Sr. Manager NTPC Limited, Western Region-II Office,
Plot No. 87, Sector-24,
Nava Raipur, Chhattisgarh-492018 Phone: Fax: E-mail:  sourabhbanerjee@ntpc.co.in",https://ntpctender.ntpc.co.in/NITDetails/NITs/29901
29902,GEM/2026/B/7555323,Bulk Procurement of Digital Standee for NTPC Stations,Western Region Head Quarter-II,Chhattisgarh,Western Region-II,Work Contract,,,,01/06/2026,01/06/2026 :10:00,22/06/2026 :16:00,22/06/2026 :16:00,22/06/2026 :16:30,,"Designation: Sr. Manager NTPC Limited, Western Region-II Office,
Plot No. 87, Sector-24,
Nava Raipur, Chhattisgarh-492018 Phone: Fax: E-mail:  adityagupta@ntpc.co.in",https://ntpctender.ntpc.co.in/NITDetails/NITs/29902
29903,GEM/2026/B/7605760,"Supply and Application of Air Seal in Boiler Pressure Parts, APH and Duct area of 5x210MW and 1x500MW Boilers of FGUTPP, Unchahar",Western Region Head Quarter-II,Chhattisgarh,Western Region-II,Services,200000.00,,,01/06/2026,01/06/2026 :10:00,22/06/2026 :16:00,22/06/2026 :16:00,22/06/2026 :16:30,,"Designation: Sr. Manager NTPC Limited, Western Region-II Office,
Plot No. 87, Sector-24,
Nava Raipur, Chhattisgarh-492018 Phone: Fax: E-mail:  hariomkumar@ntpc.co.in",https://ntpctender.ntpc.co.in/NITDetails/NITs/29903
29904,NTPC/USSC-CPG1/9900326149,Construction of Rotary Mill Repair Workshop at NKSTPP,Western Region Head Quarter-II,Chhattisgarh,Western Region-II,Work Contract,200000.00,,,01/06/2026,01/06/2026 :13:00,16/06/2026 :13:00,16/06/2026 :13:00,17/06/2026 :15:00,,"Designation: AGM NTPC Limited, Western Region-II Office,
Plot No. 87, Sector-24,
Nava Raipur, Chhattisgarh-492018 Phone: Fax: E-mail:  kkarora@ntpc.co.in",https://ntpctender.ntpc.co.in/NITDetails/NITs/29904
29905,NRE-CS-5826-004(SOL)-9,"EPC PACKAGE FOR DEVELOPMENT OF 300MW (1x300MW) GRID CONNECTED SOLAR PV PROJECTS NEAR NOKHRA, RAJASTHAN",Renewable Energy,Uttar Pradesh,Renewable Energy,Work Contract,200000000.00,,,01/06/2026,01/06/2026 :10:00,25/06/2026 :17:00,21/08/2026 :15:00,21/08/2026 :15:30,,Designation: DGM NTPC Renewable Energy Ltd. 4th Floor NETRA Building E-3 Ecotech-II Udyog Vihar Greater Noida Gautam Buddha Nagar UP-201301 India Phone: Fax: E-mail:  prishantpathik@ntpc.co.in,https://ntpctender.ntpc.co.in/NITDetails/NITs/29905
29906,9900326075,"Repair and Maintenance of Road Works along with Approaches at NTPC NETRA Campus, Greater Noida",Corporate Contracts,Uttar Pradesh,Corporate Center,Services,200000.00,,,01/06/2026,01/06/2026 :10:00,22/06/2026 :15:00,22/06/2026 :15:00,23/06/2026 :15:30,,"Designation: Sr. Manager NTPC LTD.
6th, Engineering Office Complex,
Plot A-8A, Sector-24, NOIDA,
Dist Gautam Budh Nagar, UP-201307, India Phone: Fax: E-mail:  ravikumar04@ntpc.co.in",https://ntpctender.ntpc.co.in/NITDetails/NITs/29906
29907,GEM/2026/B/7536947,PROCUREMENT OF SHELL LINERS FOR BBD-4772 BALL AND TUBE MILLS AT TALCHER KANIHA,Western Region Head Quarter-II,Chhattisgarh,Western Region-II,Work Contract,200000.00,,,02/06/2026,02/06/2026 :10:00,23/06/2026 :18:00,23/06/2026 :18:00,23/06/2026 :18:30,,"Designation: DGM NTPC Limited, Western Region-II Office,
Plot No. 87, Sector-24,
Nava Raipur, Chhattisgarh-492018 Phone: Fax: E-mail:  manishkumar06@ntpc.co.in",https://ntpctender.ntpc.co.in/NITDetails/NITs/29907
29908,GEM/2026/B/7596230,Ash Transportation to NHAI Road Stretches through Rate Contract,NTPC-SAIL Power Company Limited (NSPCL) - Bhilai,Chhattisgarh,JVs & Subsidaries,Work Contract,2000000.00,,,02/06/2026,02/06/2026 :10:00,23/06/2026 :15:00,23/06/2026 :15:00,23/06/2026 :15:30,,"Designation: Asstt. Manager NSPCL,
Shared Service Centre, Bhilai
Expansion Site, Near Purena Village, 
Bhilai (East), PO-DistDurg (C.G.)-490021 Phone: Fax: E-mail:  r.k.verma@nspcl.co.in",https://ntpctender.ntpc.co.in/NITDetails/NITs/29908
29909,OFF-09-02062026,Mechanical Maintenance of Offsite Systems,Vendor Development Cell (Raipur CG),Chhattisgarh,Western Region-II,Vendor Enlistment,,,,02/06/2026,02/06/2026 :10:00,23/06/2026 :23:55,23/06/2026 :23:55,,,"Designation: DGM (VDC) NTPC LTD.,
WR-II HEAD QUARTER, SECTOR-24, ATAL NAGAR,
NAVA RAIPUR, CHHATTISGARH-492018 Phone: Fax: E-mail:  bvenkanna@ntpc.co.in",https://ntpctender.ntpc.co.in/NITDetails/NITs/29909
29910,TMD-22-02062026,Vendor Enlistment for Material Mix up (Dissimilar metal checking) checking & other NDT works for TG area,Vendor Development Cell (Raipur CG),Chhattisgarh,Western Region-II,Vendor Enlistment,,,,02/06/2026,02/06/2026 :10:00,23/06/2026 :23:55,23/06/2026 :23:55,,,"Designation: DGM (VDC) NTPC LTD.,
WR-II HEAD QUARTER, SECTOR-24, ATAL NAGAR,
NAVA RAIPUR, CHHATTISGARH-492018 Phone: Fax: E-mail:  bvenkanna@ntpc.co.in",https://ntpctender.ntpc.co.in/NITDetails/NITs/29910
29911,MGR-99-02062026,Maintenance of MGR Rail Track (category-II),Vendor Development Cell (Raipur CG),Chhattisgarh,Western Region-II,Vendor Enlistment,,,,02/06/2026,02/06/2026 :10:00,23/06/2026 :23:55,23/06/2026 :23:55,,,"Designation: DGM (VDC) NTPC LTD.,
WR-II HEAD QUARTER, SECTOR-24, ATAL NAGAR,
NAVA RAIPUR, CHHATTISGARH-492018 Phone: Fax: E-mail:  bvenkanna@ntpc.co.in",https://ntpctender.ntpc.co.in/NITDetails/NITs/29911
29912,48MEG-05-02062026,Stainless Steel Boiler Tube (without shot peened),Vendor Development Cell (Raipur CG),Chhattisgarh,Western Region-II,Vendor Enlistment,,,,02/06/2026,02/06/2026 :10:00,23/06/2026 :23:55,23/06/2026 :23:55,,,"Designation: DGM (VDC) NTPC LTD.,
WR-II HEAD QUARTER, SECTOR-24, ATAL NAGAR,
NAVA RAIPUR, CHHATTISGARH-492018 Phone: Fax: E-mail:  bvenkanna@ntpc.co.in",https://ntpctender.ntpc.co.in/NITDetails/NITs/29912
29913,10MEG-32-02062026,FERRIC ALUM Grade-4,Vendor Development Cell (Raipur CG),Chhattisgarh,Western Region-II,Vendor Enlistment,,,,02/06/2026,02/06/2026 :10:00,23/06/2026 :23:55,23/06/2026 :23:55,,,"Designation: DGM (VDC) NTPC LTD.,
WR-II HEAD QUARTER, SECTOR-24, ATAL NAGAR,
NAVA RAIPUR, CHHATTISGARH-492018 Phone: Fax: E-mail:  bvenkanna@ntpc.co.in",https://ntpctender.ntpc.co.in/NITDetails/NITs/29913
29914,10MEG-15-02062026,HYDRATED LIME,Vendor Development Cell (Raipur CG),Chhattisgarh,Western Region-II,Vendor Enlistment,,,,02/06/2026,02/06/2026 :10:00,23/06/2026 :23:55,23/06/2026 :23:55,,,"Designation: DGM (VDC) NTPC LTD.,
WR-II HEAD QUARTER, SECTOR-24, ATAL NAGAR,
NAVA RAIPUR, CHHATTISGARH-492018 Phone: Fax: E-mail:  bvenkanna@ntpc.co.in",https://ntpctender.ntpc.co.in/NITDetails/NITs/29914
29915,10MEG-36-02062026,"Supply of cooling water treatment chemicals-PBTC,HEDP,PASP,DTA etc.",Vendor Development Cell (Raipur CG),Chhattisgarh,Western Region-II,Vendor Enlistment,,,,02/06/2026,02/06/2026 :10:00,23/06/2026 :23:55,23/06/2026 :23:55,,,"Designation: DGM (VDC) NTPC LTD.,
WR-II HEAD QUARTER, SECTOR-24, ATAL NAGAR,
NAVA RAIPUR, CHHATTISGARH-492018 Phone: Fax: E-mail:  bvenkanna@ntpc.co.in",https://ntpctender.ntpc.co.in/NITDetails/NITs/29915
29916,EOI/NTPC/KHARGONE/AU/PONDASH/2026/P-3,EOI for Sale of Pond Ash under Process-3 of MoP Guidelines,Khargone STPP,Madhya Pradesh,Western Region-II,Miscellaneous (Others),,,,03/06/2026,03/06/2026 :10:00,12/06/2026 :17:00,12/06/2026 :17:00,,,"Designation: Asstt. Manager Ash Management Department, NTPC Khargone, Village Selda, Dist.
Khargone, MP-451113 Phone: Fax: E-mail:  aukhargone@ntpc.co.in",https://ntpctender.ntpc.co.in/NITDetails/NITs/29916
29917,NRE-CS-5824-004(SOL)-9,"EPC PACKAGE FOR DEVELOPMENT OF 240MW (1x240MW) GRID CONNECTED SOLAR PV PROJECTS NEAR DEVIKOT, RAJASTHAN",Renewable Energy,Uttar Pradesh,Renewable Energy,Services,,,,03/06/2026,03/06/2026 :10:00,22/06/2026 :17:00,26/06/2026 :14:00,26/06/2026 :14:30,,Designation: DGM AMG NTPC Renewable Energy Limited 4th Floor Renewables Building NETRA Complex E-3 Ecotech-II Udyog Vihar Greater Noida Gautam Buddha Nagar UP India-201306 Phone: Fax: E-mail:  shomitsingh@ntpc.co.in,https://ntpctender.ntpc.co.in/NITDetails/NITs/29917
29918,NRE-CS-5823-004(SOL)-9,"EPC PACKAGE FOR DEVELOPMENT OF 550MW (1x550MW) GRID CONNECTED SOLAR PV
PROJECTS NEAR SHIMBHOO KA BURJ, RAJASTHAN",Renewable Energy,Uttar Pradesh,Renewable Energy,Services,,,,03/06/2026,03/06/2026 :10:00,19/06/2026 :17:00,26/06/2026 :14:00,26/06/2026 :14:30,,Designation: DGM NTPC Renewable Energy Limited 4th Floor Renewables Building NETRA Complex E-3 Ecotech-II Udyog Vihar Greater Noida Gautam Buddha Nagar UP India-201306 Phone: Fax: E-mail:  kmgoyal01@ntpc.co.in,https://ntpctender.ntpc.co.in/NITDetails/NITs/29918
29919,BRBCL/Nabinagar/9900325921,Construction of PQC Road from Ash Dyke Lagoon-01 to Lagoon-02.,Bhartiya Rail Bijlee Company Limited (Subsidiary),Bihar,JVs & Subsidaries,Work Contract,1000000.00,,,03/06/2026,03/06/2026 :15:00,18/06/2026 :15:00,18/06/2026 :15:00,19/06/2026 :15:00,,"Designation: DGM (C&M) BRBCL, NABINAGAR, AURANGABAD, BIHAR-824303 Phone: Fax: E-mail:  ssfule@ntpc.co.in",https://ntpctender.ntpc.co.in/NITDetails/NITs/29919
29920,GEM/2026/B/7616084,"Biennial Maintenance Contract for MMD, NTPC KAWAS (Year 2026-28)",Western Region Head Quarter-II,Chhattisgarh,Western Region-II,Work Contract,1000000.00,,,03/06/2026,03/06/2026 :10:00,24/06/2026 :16:00,24/06/2026 :16:00,24/06/2026 :16:30,,"Designation: DGM NTPC Limited, Western Region-II Office,
Plot No. 87, Sector-24,
Nava Raipur, Chhattisgarh-492018 Phone: Fax: E-mail:  hariomkumar@ntpc.co.in",https://ntpctender.ntpc.co.in/NITDetails/NITs/29920
29921,GEM/2026/B/7602069,PROCUREMENT OF PQ INDEX ANALYSER FOR CHEMISTRY LAB.,NTECL: NTPC TamilNadu Energy Company Ltd.,Tamilnadu,JVs & Subsidaries,Work Contract,,,,03/06/2026,03/06/2026 :10:00,24/06/2026 :16:00,24/06/2026 :16:00,24/06/2026 :16:30,,"Designation: Sr. Manager NTECL, Vallur Thermal Power Project, Kuruvimedu Village,
Ponneri Taluk, Vellivayal Chavadi Post, Thiruvallur Dist. Chennai-600103 Phone: Fax: E-mail:  nchaplot@ntpc.co.in",https://ntpctender.ntpc.co.in/NITDetails/NITs/29921
29922,GEM/2026/B/7546422,PROCUREMENT OF KARL FISCHER COULOMETER,NTECL: NTPC TamilNadu Energy Company Ltd.,Tamilnadu,JVs & Subsidaries,Work Contract,,,,03/06/2026,03/06/2026 :10:00,16/06/2026 :12:00,16/06/2026 :12:00,16/06/2026 :12:30,,"Designation: Sr. Manager NTECL, Vallur Thermal Power Project, Kuruvimedu Village, Ponneri Taluk, Vellivayal Chavadi Post, Thiruvallur Dist. Chennai-600103 Phone: Fax: E-mail:  nchaplot@ntpc.co.in",https://ntpctender.ntpc.co.in/NITDetails/NITs/29922
29923,NTPC/USSC-CPG1/9900326831,Execution of Structural Steel Cable Gallery on Turnkey basis at NTPC Simhadri CHP,Western Region Head Quarter-II,Chhattisgarh,Western Region-II,Work Contract,2000000.00,,,04/06/2026,04/06/2026 :11:00,24/06/2026 :16:30,24/06/2026 :16:30,26/06/2026 :16:30,,"Designation: DGM NTPC Limited, Western Region-II Office,
Plot No. 87, Sector-24,
Nava Raipur, Chhattisgarh-492018 Phone: Fax: E-mail:  anandshanker@ntpc.co.in",https://ntpctender.ntpc.co.in/NITDetails/NITs/29923
29924,NTPC/USSC-CPG1/9900326396,"Procurement of 02 Nos of 201.67 MVA, 20/400KV GT for Stage-I at NTPC Rihand",Western Region Head Quarter-II,Chhattisgarh,Western Region-II,Work Contract,,,,04/06/2026,04/06/2026 :16:00,22/06/2026 :15:00,22/06/2026 :15:00,24/06/2026 :15:00,,"Designation: DGM NTPC Limited, USSC, CPG-1,
Western Region-II Head Quarter,
Plot No. 87, Sector-24, Atal Nagar,
Nava Raipur, Raipur, Chhattisgarh-492101 Phone: Fax: E-mail:  ajaykumarshivhare@ntpc.co.in",https://ntpctender.ntpc.co.in/NITDetails/NITs/29924
29925,CS-8042-350-9,"Consultancy Package for Detailed Feasibility Study (FSR/FR) for Augmentation of
Railway siding Infrastructure & Systems including Over Head Electrification and S&T
for Tanda STPP Stage-III (2x800 MW). Bid Document No- CS-8042-350-9",Corporate Contracts,Uttar Pradesh,Corporate Center,Consultancy Services,,,,04/06/2026,21/05/2026 :10:00,09/06/2026 :15:00,09/06/2026 :15:00,09/06/2026 :15:30,,"Designation: Sr. Manager NTPC Ltd., Engineering Office Complex,
Plot No. A-8A, Sector-24, NOIDA-201301, UP, India Phone: Fax: E-mail:  amitdhiman01@ntpc.co.in",https://ntpctender.ntpc.co.in/NITDetails/NITs/29925
29926,GEM/2026/B/7608327,Procurement of ESP Hopper Heaters for NTPC Simhadri Stage-1,Western Region Head Quarter-II,Chhattisgarh,Western Region-II,Work Contract,,,,04/06/2026,04/06/2026 :10:00,25/06/2026 :15:00,25/06/2026 :15:00,25/06/2026 :15:30,,"Designation: DGM NTPC Limited, Western Region-II Office,
Plot No. 87, Sector-24,
Nava Raipur, Chhattisgarh-492018 Phone: Fax: E-mail:  sushilmeena@ntpc.co.in",https://ntpctender.ntpc.co.in/NITDetails/NITs/29926
29929,GEM/2026/B/7603622,Annual Maintenance Contract of AMC of CANNON MAKE MINI AV Kinematic Viscometer at NETRA for Next Three Years on OEM/OES basis,Corporate Contracts,Uttar Pradesh,Corporate Center,Services,,,,05/06/2026,05/06/2026 :10:00,15/06/2026 :16:00,15/06/2026 :16:00,15/06/2026 :16:30,,"Designation: Sr. Manager NTPC Ltd., Engineering Office Complex,
Plot No. A-8A, Sector-24, NOIDA-201301, UP, India Phone: Fax: E-mail:  parixitrariya@ntpc.co.in",https://ntpctender.ntpc.co.in/NITDetails/NITs/29929
29930,GEM/2026/B/7610418,BULK PROCUREMENT OF ARC FLASH SUIT FOR NTPC STATIONS,Western Region Head Quarter-II,Chhattisgarh,Western Region-II,Work Contract,500000.00,,,05/06/2026,05/06/2026 :10:00,26/06/2026 :15:00,26/06/2026 :15:00,26/06/2026 :15:30,,"Designation: Sr. Manager NTPC Limited, Western Region-II Office,
Plot No. 87, Sector-24,
Nava Raipur, Chhattisgarh-492018 Phone: Fax: E-mail:  adityagupta@ntpc.co.in",https://ntpctender.ntpc.co.in/NITDetails/NITs/29930
29931,2026-NTPC-104283-1,GREAT NICOBAR ISLAND GAS ENGINE POWER PROJECT (108 MW ±5 MW) EPC PACKAGE LOCATED AT GREAT NICOBAR ISLAND,Corporate Contracts,Uttar Pradesh,Corporate Center,Work Contract,,,,06/06/2026,06/06/2026 :10:00,14/07/2026 :13:00,14/07/2026 :13:00,14/07/2026 :15:30,,"Designation: DGM NTPC Limited,
6th Floor, Engineering Office Complex,
A-8A, Sector-24, NOIDA,
Dist. Gautam Budh Nagar, (UP), INDIA-201301 Phone: Fax: E-mail:  amitk@ntpc.co.in",https://ntpctender.ntpc.co.in/NITDetails/NITs/29931
29932,CS-0011-011(9)-9,"PROCUREMENT OF 2.0 MMT DOMESTIC COAL FOR NTPC’S GADARWARA, KHARGONE, KUDGI & SOLAPUR POWER STATIONS, Bidding Document No. CS-0011-011(9)-9",Corporate Contracts,Uttar Pradesh,Corporate Center,Work Contract,,,,06/06/2026,06/06/2026 :10:00,29/06/2026 :11:00,29/06/2026 :11:00,29/06/2026 :11:30,,"Designation: Sr. Manager NTPC Ltd., Engineering Office Complex,
Plot No. A-8A, Sector-24, NOIDA-201301, UP, India Phone: Fax: E-mail:  sonujikumar@ntpc.co.in",https://ntpctender.ntpc.co.in/NITDetails/NITs/29932
29933,GEM/2026/B/7610294,"BIENNIAL CONTRACT FOR MOTOR TRANSFORMER AND
GENERATOR COOLER MAINTENANCE AT PP-II AND MOTOR MAINTENANCE & SERVICE
TRANSFORMER PAINTING AT PP-3",NTPC-SAIL Power Company Limited (NSPCL) - Bhilai,Chhattisgarh,JVs & Subsidaries,Services,200000.00,,,06/06/2026,05/06/2026 :10:00,26/06/2026 :13:00,26/06/2026 :13:00,26/06/2026 :13:30,,"Designation: Sr. Manager NSPCL,
Shared Service Centre, Bhilai
Expansion Site, Near Purena Village,
Bhilai (East), PO Dist. Durg (C.G.)-490021 Phone: Fax: E-mail:  arti.choure@nspcl.co.in",https://ntpctender.ntpc.co.in/NITDetails/NITs/29933
29934,GEM/2026/B/7612992,LAYING OF 1100MTRS 1 RUN 3CX150SQMM OF CABLE FEEDER FROM MCC1D TO GRAB UNLOADERS THRUOGH HDPE PIPE USING HDD METHOD AT NTECL,NTECL: NTPC TamilNadu Energy Company Ltd.,Tamilnadu,JVs & Subsidaries,Services,,,,06/06/2026,06/06/2026 :10:00,27/06/2026 :16:00,27/06/2026 :16:00,27/06/2026 :16:30,,"Designation: Sr. Manager NTECL (NTPC Tamilnadu Energy Co. Ltd.)
Vallur TPP, Chennai - 600 103 Phone: Fax: E-mail:  mohan02@ntpc.co.in",https://ntpctender.ntpc.co.in/NITDetails/NITs/29934
29935,568143/2026/NTPC/108975,EOI for Hiring of Swift New Dzire VXI in NTPC-Vindhyachal through PAPs through following noticeboards/other suitable means,Vindhyachal Super Thermal Power,Madhya Pradesh,Northern Region,Miscellaneous (Others),,,,06/06/2026,06/06/2026 :19:10,15/06/2026 :11:00,15/06/2026 :11:00,15/06/2026 :16:00,,"Designation: DGM NTPC-Vindhyachal,Madhya Pradesh Phone: Fax: E-mail:  ajaypal@ntpc.co.in",https://ntpctender.ntpc.co.in/NITDetails/NITs/29935
29936,GEM/2026/B/7604912,Deployment of Mobile Health Clinic (MHC) to provide Primary Healthcare and Maternal and Child Healthcare (MCH) 4 Years for nearby PAVs - NTPC Sipat,Western Region Head Quarter-II,Chhattisgarh,Western Region-II,Services,200000.00,,,08/06/2026,08/06/2026 :10:00,23/06/2026 :11:00,23/06/2026 :11:00,23/06/2026 :11:30,,"Designation: AGM NTPC Limited, Western Region-II Office,
Plot No. 87, Sector-24,
Nava Raipur, Chhattisgarh-492018 Phone: Fax: E-mail:  kkarora@ntpc.co.in",https://ntpctender.ntpc.co.in/NITDetails/NITs/29936
29937,GEM/2026/B/7527205,Bulk Procurement of TGA for NTPC VSTPS and KUDGI Plant,Western Region Head Quarter-II,Chhattisgarh,Western Region-II,Work Contract,,,,08/06/2026,08/06/2026 :10:00,29/06/2026 :16:00,29/06/2026 :16:00,29/06/2026 :16:30,,"Designation: Sr. Manager NTPC Limited, Western Region-II Office,
Plot No. 87, Sector-24,
Nava Raipur, Chhattisgarh-492018 Phone: Fax: E-mail:  adityagupta@ntpc.co.in",https://ntpctender.ntpc.co.in/NITDetails/NITs/29937
29938,GEM/2026/B/7612296,"Awarding Job Contract for Major Overhauling of BD -155 Bulldozer Engines (MODEL BS6D170-1, Sl No Z511251722F, and Z511251520F) at Vendors Works for APCPL.",IGSTPP: Aravali Power Copany Private Limited-Jhajjar (JV),Haryana,JVs & Subsidaries,Work Contract,50000.00,,,08/06/2026,08/06/2026 :10:00,23/06/2026 :15:00,23/06/2026 :15:00,23/06/2026 :15:30,,"Designation: Sr. Manager IGSTPP, Aravali Power Company Private Limited-Jhajjar (JV),
P.O. Jharli, Dist. Jhajjar, Haryana-124141 Phone: Fax: E-mail:  shuchisharma@ntpc.co.in",https://ntpctender.ntpc.co.in/NITDetails/NITs/29938
29939,APCPL/AU/01/EOI/26-27/CRN4645,"Expression of Interest (EOI) for Allocation of Dry Fly Ash to MSEs/ Local Users from IGSTPP, APCPL",IGSTPP: Aravali Power Copany Private Limited-Jhajjar (JV),Haryana,JVs & Subsidaries,Miscellaneous (Others),,,,08/06/2026,08/06/2026 :10:00,29/06/2026 :17:00,29/06/2026 :17:00,,,"Designation: Sr. Manager IGSTPP, Aravali Power Company Private Limited-Jhajjar (JV), P.O. Jharli, Dist. Jhajjar, Haryana-124141 Phone: Fax: E-mail:  shuchisharma@ntpc.co.in",https://ntpctender.ntpc.co.in/NITDetails/NITs/29939
29940,GEM/2026/B/7586221,Deployment of Truck Mounted Mechanized Road Sweeping Machine at NTPC TSTPP (Talcher STPP).,Western Region Head Quarter-II,Chhattisgarh,Western Region-II,Services,200000.00,,,08/06/2026,08/06/2026 :10:00,24/06/2026 :14:00,24/06/2026 :14:00,24/06/2026 :14:30,,"Designation: AGM NTPC Limited, Western Region-II Office, Plot No. 87, Sector-24, Nava Raipur, Chhattisgarh-492018 Phone: Fax: E-mail:  kkarora@ntpc.co.in",https://ntpctender.ntpc.co.in/NITDetails/NITs/29940
29941,GEM/2026/B/7609685,AMC of Ash Fusion Temperature Determinator 5E-AF4115 at NETRA,Corporate Contracts,Uttar Pradesh,Corporate Center,Services,,,,08/06/2026,08/06/2026 :10:00,15/06/2026 :17:00,15/06/2026 :17:00,15/06/2026 :17:30,,"Designation: Sr. Manager NTPC Ltd., Engineering Office Complex,
Plot No. A-8A, Sector-24, NOIDA-201301, UP, India Phone: Fax: E-mail:  parixitrariya@ntpc.co.in",https://ntpctender.ntpc.co.in/NITDetails/NITs/29941
29942,GEM/2026/B/7609781,"JOB CONTRACT OF QUALITY MANAGEMENT OF
BOILER & STEAM CYCLE CHEMISTRY AND OPERATION OF WATER TREATMENT PLANTS
OF CHEMISTRY DEPARTMENT CPP-II & CPP-III, NSPCL-DURGAPUR.",NTPC-SAIL Power Company Limited (NSPCL) - Bhilai,Chhattisgarh,JVs & Subsidaries,Services,200000.00,,,08/06/2026,08/06/2026 :10:00,29/06/2026 :13:00,29/06/2026 :13:00,29/06/2026 :13:30,,"Designation: Sr. Manager NSPCL,
Shared Service Centre, Bhilai
Expansion Site, Near Purena Village,
Bhilai (East) PO Dist Durg C.G.-490021 Phone: Fax: E-mail:  arti.choure@nspcl.co.in",https://ntpctender.ntpc.co.in/NITDetails/NITs/29942
29943,GEM/2026/B/7624190,Preparatory Geotechnical Investigations at Dewari Site District - Prayagraj UP,Corporate Contracts,Uttar Pradesh,Corporate Center,Services,100000.00,,,09/06/2026,09/06/2026 :10:00,24/06/2026 :15:00,24/06/2026 :15:00,24/06/2026 :15:30,,"Designation: Sr. Manager NTPC Ltd., Engineering Office Complex,
Plot No. A-8A, Sector-24, NOIDA-201301, UP, India Phone: Fax: E-mail:  satishksharma@ntpc.co.in",https://ntpctender.ntpc.co.in/NITDetails/NITs/29943
29944,NTPC/EOC/9900326627,"Supply, Installation and On-site Operation Support Services for Disaggregated Infrastructure System at DC-Noida and DR-Hyderabad",Corporate Contracts,Uttar Pradesh,Corporate Center,Services,10000000.00,,,09/06/2026,09/06/2026 :17:00,30/07/2026 :15:00,30/07/2026 :15:00,31/07/2026 :15:00,,Designation: Sr. Manager NTPC Ltd. Engineering Office Complex Plot No. A-8A Sector-24 NOIDA-201301 Uttar Pradesh India Phone: Fax: E-mail:  deepaverma@ntpc.co.in,https://ntpctender.ntpc.co.in/NITDetails/NITs/29944
29945,GEM/2026/B/7624087,Bulk Procurement of Porta Cabin,Western Region Head Quarter-II,Chhattisgarh,Western Region-II,Work Contract,,,,10/06/2026,10/06/2026 :10:00,29/06/2026 :11:00,29/06/2026 :11:00,29/06/2026 :11:30,,"Designation: DGM NTPC Limited, Western Region-II Office,
Plot No. 87, Sector-24,
Nava Raipur, Chhattisgarh-492018 Phone: Fax: E-mail:  manishkumar06@ntpc.co.in",https://ntpctender.ntpc.co.in/NITDetails/NITs/29945
29946,GEM/2026/B/7618525,"Topographical Survey at Village Belbanwa Tehsil Itwa Siddharth Nagar, UP",NVVNL - NTPC Vidyut Vyapar Nigam Ltd.,Uttar Pradesh,JVs & Subsidaries,Work Contract,,,,09/06/2026,09/06/2026 :10:00,24/06/2026 :16:00,24/06/2026 :16:00,24/06/2026 :16:30,,"Designation: Sr. Manager Patratu Vidyut Utpadan Nigam Ltd.,
A Subsidiary of NTPC in JV with JBVNL,
P.O. PTPS-Patratu Dist. Ramgarh, Jharkhand-829119 Phone: Fax: E-mail:  arunkumar01@ntpc.co.in",https://ntpctender.ntpc.co.in/NITDetails/NITs/29946
29947,GEM/2026/B/7642175,Operation and Maintenance of 20 MW Solar PV Plant at NTPC Jhanor,Western Region Head Quarter-II,Chhattisgarh,Western Region-II,Work Contract,200000.00,,,10/06/2026,10/06/2026 :10:00,29/06/2026 :15:00,29/06/2026 :15:00,29/06/2026 :15:30,,"Designation: DGM NTPC Limited, Western Region-II Office,
Plot No. 87, Sector-24,
Nava Raipur, Chhattisgarh-492018 Phone: Fax: E-mail:  srikark@ntpc.co.in",https://ntpctender.ntpc.co.in/NITDetails/NITs/29947
29948,9900326955,Construction of Central Park and Rainwater Harvesting System at NTPC Barh STPP,Western Region Head Quarter-II,Chhattisgarh,Western Region-II,Work Contract,1000000.00,,,10/06/2026,10/06/2026 :12:40,23/06/2026 :16:00,23/06/2026 :16:00,24/06/2026 :16:00,,"Designation: DGM NTPC Limited, USSC, CPG-1,
Western Region-II Head Quarter,
Plot No. 87, Sector-24, Atal Nagar,
Nava Raipur, Raipur, Chhattisgarh-492018 Phone: Fax: E-mail:  pankajkumar07@ntpc.co.in",https://ntpctender.ntpc.co.in/NITDetails/NITs/29948
29949,GEM/2026/B/7640077,Procurement of A4 Size Paper,NTECL: NTPC TamilNadu Energy Company Ltd.,Tamilnadu,JVs & Subsidaries,Work Contract,,,,10/06/2026,10/06/2026 :10:00,20/06/2026 :16:00,20/06/2026 :16:00,20/06/2026 :16:30,,"Designation: Sr. Manager NTECL, Vallur Thermal Power Project,
Site Office Vellivoyal Chavadi Post,
Ponneri Taluk, Thiruvallur District, Chennai-600103, Tamilnadu Phone: Fax: E-mail:  nchaplot@ntpc.co.in",https://ntpctender.ntpc.co.in/NITDetails/NITs/29949
29950,NTPC/PEM/EOI/SurfaceHKT/2025-26,EOI Document for Surface Hydrokinetic Turbine Technology,SRHQ Hyderabad,Andhra Pradesh,Southern Region,Miscellaneous (Others),,,,07/06/2026,07/06/2026 :10:00,10/07/2026 :17:00,10/07/2026 :17:00,,,"Designation: Sr. Manager Project Engineering (Mechanical/TG & System), 4th Floor
NTPC Limited, SRHQ, NTPC Bhavan, Kavadiguda, Secunderabad-500080 Phone: Fax: E-mail:  apurva@ntpc.co.in",https://ntpctender.ntpc.co.in/NITDetails/NITs/29950
29951,NGEL-CS-5840-004(BESS)-9,EPC PACKAGE FOR DEVELOPMENT OF 50 MW / 200 MWH BESS AT JHANSI (U.P.) OF NUGEL,NTPC Green Energy Ltd. (NGEL),Uttar Pradesh,Corporate Center,Work Contract,50000000.00,,,11/06/2026,15/07/2026 :10:00,29/07/2026 :17:00,14/08/2026 :14:00,14/08/2026 :14:30,,Designation: Sr. Manager NTPC Green Energy Ltd 4th Floor NETRA Building E-3 Ecotech-II Udyog Vihar Greater Noida Dist Gautam Budh Nagar UP INDIA-201306 Phone: Fax: E-mail:  madhusmritidevchoudhry@ntpc.co.in,https://ntpctender.ntpc.co.in/NITDetails/NITs/29951
29952,GEM/2026/B/7609544,Biennial Job Contract for Mechanical Maintenance of Stage 5 FGD Plant NTPC VSTPS,Western Region Head Quarter-II,Chhattisgarh,Western Region-II,Work Contract,200000.00,,,11/06/2026,11/06/2026 :10:00,26/06/2026 :18:00,26/06/2026 :18:00,26/06/2026 :18:30,,"Designation: Sr. Manager NTPC Limited, Western Region-II Office,
Plot No. 87, Sector-24,
Nava Raipur, Chhattisgarh-492018 Phone: Fax: E-mail:  sonamjha@ntpc.co.in",https://ntpctender.ntpc.co.in/NITDetails/NITs/29952
29953,CS-6402-572-2,EPC PACKAGE FOR Substation and Transformer Package for SS-2 (Gandhinagar) and SS-4 (Campbell Bay),Corporate Contracts,Uttar Pradesh,Corporate Center,Work Contract,100000000.00,,,11/06/2026,11/06/2026 :10:00,31/07/2026 :13:00,31/07/2026 :13:00,31/07/2026 :15:00,,Designation: Sr. Manager NTPC Ltd. Engineering Office Complex Plot No. A-8A Sector-24 NOIDA-201301 UP India Phone: Fax: E-mail:  rsingh03@ntpc.co.in,https://ntpctender.ntpc.co.in/NITDetails/NITs/29953
29954,NTPC/EOC/9900327196,Procurement of Turnitin iThenticate (with AI Detection Capabilities) Subscription for One Year,Corporate Contracts,Uttar Pradesh,Corporate Center,Work Contract,,,,12/06/2026,12/06/2026 :10:00,19/06/2026 :15:00,19/06/2026 :15:00,22/06/2026 :15:00,,"Designation: Sr. Manager NTPC Ltd., Engineering Office Complex,
Plot No. A-8A, Sector-24, NOIDA-201301, UP, India Phone: Fax: E-mail:  deepaverma@ntpc.co.in",https://ntpctender.ntpc.co.in/NITDetails/NITs/29954
29955,NTPC/USSC-CPG1/9900327073,"Supply and Erection of V-Bar, Water Spray Nozzles, Drift Eliminator, UPVC
Pipe, Weld Mesh and SS C-Channel For ST-I NDCT at NTPC Simhadri",Western Region Head Quarter-II,Chhattisgarh,Western Region-II,Work Contract,,,,12/06/2026,12/06/2026 :15:00,29/06/2026 :15:00,29/06/2026 :15:00,01/07/2026 :15:00,,"Designation: DGM NTPC Limited, USSC, CPG-1,
Western Region-II Head Quarter,
Plot No. 87, Sector-24, Atal Nagar,
Nava Raipur, Raipur, Chhattisgarh-492101 Phone: Fax: E-mail:  ajaykumarshivhare@ntpc.co.in",https://ntpctender.ntpc.co.in/NITDetails/NITs/29955
29956,GEM/2026/B/7614578,AMC of Retsch Pulveriser (RS 200) at NETRA,Corporate Contracts,Uttar Pradesh,Corporate Center,Services,,,,12/06/2026,12/06/2026 :10:00,22/06/2026 :18:00,22/06/2026 :18:00,22/06/2026 :18:30,,"Designation: Sr. Manager NTPC Ltd., Engineering Office Complex,
Plot No. A-8A, Sector-24, NOIDA-201301, UP, India Phone: Fax: E-mail:  parixitrariya@ntpc.co.in",https://ntpctender.ntpc.co.in/NITDetails/NITs/29956
29957,CS-4410-132-9,AWRS SYSTEM PACKAGE FOR NORTH KARANPURA SUPER THERMAL POWER PROJECT STAGE-I (3X660MW),Corporate Contracts,Uttar Pradesh,Corporate Center,Work Contract,5000000.00,,,12/06/2026,13/06/2026 :10:00,09/07/2026 :15:00,09/07/2026 :15:00,10/07/2026 :15:30,,"Designation: DGM NTPC Limited,
6th Floor, Engineering Office Complex,
A-8A, Sector-24, NOIDA,
Dist. Gautam Budh Nagar, (UP), INDIA-201301 Phone: Fax: E-mail:  satrajitkumar@ntpc.co.in",https://ntpctender.ntpc.co.in/NITDetails/NITs/29957
29958,PVUNL/Patratu/9900313948,"Supply, Installation, Testing & Commissioning of Passenger cum Goods Elevators",Patratu Vidyut Utpadan Nigam Limited (Subsidiary),Jharkhand,JVs & Subsidaries,Work Contract,,,,13/06/2026,13/06/2026 :18:30,02/07/2026 :16:00,02/07/2026 :16:00,04/07/2026 :16:00,,"Designation: DGM PATRATU VIDYUT UTPADAN NIGAM LIMITED,
P.O PTPS, Dist. Ramgarh, Jharkhand-829119 Phone: Fax: E-mail:  kspratap@ntpc.co.in",https://ntpctender.ntpc.co.in/NITDetails/NITs/29958
29959,GEM/2026/B/7650112,02Gbps P2P Link for PRADIP Data Migration from NTPC DR Centre to DC Noida,Corporate Contracts,Uttar Pradesh,Corporate Center,Services,,,,15/06/2026,13/06/2026 :10:00,16/06/2026 :15:00,16/06/2026 :15:00,16/06/2026 :15:30,,"Designation: Sr. Manager NTPC Ltd., Engineering Office Complex,
Plot No. A-8A, Sector-24, NOIDA-201301, UP, India Phone: Fax: E-mail:  satishksharma@ntpc.co.in",https://ntpctender.ntpc.co.in/NITDetails/NITs/29959
29960,GEM/2026/B/7644880,Coal Burner Nozzles for Stage-2 at NTPC Farakka (500MW),Western Region Head Quarter-II,Chhattisgarh,Western Region-II,Services,,,,15/06/2026,15/06/2026 :10:00,06/07/2026 :15:00,06/07/2026 :15:00,06/07/2026 :15:30,,"Designation: Sr. Manager NTPC Limited, Western Region-II Office,
Plot No. 87, Sector-24,
Nava Raipur, Chhattisgarh-492018 Phone: Fax: E-mail:  skkumar01@ntpc.co.in",https://ntpctender.ntpc.co.in/NITDetails/NITs/29960
29961,NTPC/USSC-CPG1/9900326962,SUPPLY AND APPLICATION SERVICE OF INSULATION FOR GT EXHAUST DUCTWHRB/PIPING/AC DUCT AT NTPC ANTA,Western Region Head Quarter-II,Chhattisgarh,Western Region-II,Work Contract,200000.00,,,15/06/2026,15/06/2026 :11:00,07/07/2026 :16:00,07/07/2026 :16:00,08/07/2026 :16:00,,"Designation: DGM NTPC Limited, Western Region-II Office,
Plot No. 87, Sector-24,
Nava Raipur, Chhattisgarh-492018 Phone: Fax: E-mail:  hariomkumar@ntpc.co.in",https://ntpctender.ntpc.co.in/NITDetails/NITs/29961
29962,NTPC/USSC-CPG1/9900325977,Job Contract For Relaying Of Barge Pump Discharge Pipeline at Barrage Right Canal at NTPC Nabinagar,Western Region Head Quarter-II,Chhattisgarh,Western Region-II,Services,200000.00,,,15/06/2026,15/06/2026 :17:00,06/07/2026 :15:00,06/07/2026 :15:00,08/07/2026 :15:00,,"Designation: DGM NTPC Limited, USSC, CPG-1,
Western Region-II Head Quarter,
Plot No. 87, Sector-24, Atal Nagar,
Nava Raipur, Raipur, Chhattisgarh-492101 Phone: Fax: E-mail:  srikark@ntpc.co.in",https://ntpctender.ntpc.co.in/NITDetails/NITs/29962
29963,CS-6401-301-9,"SITE ENABLING WORKS PACKAGE FOR GREAT NICOBAR ISLAND GAS ENGINE
POWER PROJECT (108 MW + 5 MW) & FOR SUB-STATION 2 & 4
LOCATED AT
GREAT NICOBAR ISLAND",Corporate Contracts,Uttar Pradesh,Corporate Center,Work Contract,,,,15/06/2026,20/07/2026 :10:00,18/08/2026 :13:00,18/08/2026 :13:00,18/08/2026 :15:30,,"Designation: DGM NTPC Ltd., Engineering Office Complex,
Plot No. A-8A, Sector-24, NOIDA-201301, UP, India Phone: Fax: E-mail:  amitk@ntpc.co.in",https://ntpctender.ntpc.co.in/NITDetails/NITs/29963
29964,NREL-CS-5826-004(BESS1)-9,"EPC PACKAGE FOR DEVELOPMENT OF 300MW / 1200MWH ISTS CONNECTED BESS AT
NTPC REL NOKHRA SOLAR PLANT",Renewable Energy,Uttar Pradesh,Renewable Energy,Services,200000000.00,,,15/06/2026,16/06/2026 :17:00,17/07/2026 :17:00,20/07/2026 :15:00,20/07/2026 :15:30,,Designation: DGM NTPC Renewable Energy Limited 4th Floor Renewables Building NETRA Complex E-3 Ecotech-II Udyog Vihar Greater Noida Gautam Buddha Nagar UP India–201306 Phone: Fax: E-mail:  ghazanfermunam@ntpc.co.in,https://ntpctender.ntpc.co.in/NITDetails/NITs/29964
29965,GEM/2026/B/7612404,"Rate Contract for Excavation & Loading of pond ash from NSPCL Bhilai PP3 Ash Dyke,
transporting and unloading at construction site of road projects of NHAI and other
Central or State (SSC-26037)",NTPC-SAIL Power Company Limited (NSPCL) - Bhilai,Chhattisgarh,JVs & Subsidaries,Work Contract,2000000.00,,,16/06/2026,16/06/2026 :10:00,07/07/2026 :13:00,07/07/2026 :13:00,07/07/2026 :13:30,,"Designation: Sr. Manager NSPCL, SSC, Bhilai, Expansion Site, Near Purena Village, Bhilai (East), PO-Dist Durg (C.G.)-490021 Phone: Fax: E-mail:  arti.choure@nspcl.co.in",https://ntpctender.ntpc.co.in/NITDetails/NITs/29965
29967,NTPC/USSC-CPG1/9900327308,Procurement of CCTV based Security and Surveillance setup for NTPC Vindhyachal Township Area,Western Region Head Quarter-II,Chhattisgarh,Western Region-II,Work Contract,1000000.00,,,15/06/2026,15/06/2026 :12:00,06/07/2026 :15:00,06/07/2026 :15:00,08/07/2026 :16:00,,"Designation: DGM NTPC Limited, Central Procurement Group-I,
WR-II Office, Sector-24,
Nava Raipur, Chhattisgarh - 492018 Phone: Fax: E-mail:  cpsingh@ntpc.co.in",https://ntpctender.ntpc.co.in/NITDetails/NITs/29967
29968,GEM/2026/B/7671164,MAINTENANCE CONTRACT FOR MGR ROLLING STOCK (LOCO & WAGON) AND OTHER MGR WORKSHOP EQUIPMENTS for 02 YEARS,Western Region Head Quarter-II,Chhattisgarh,Western Region-II,Services,2000000.00,,,16/06/2026,16/06/2026 :10:00,07/07/2026 :16:00,07/07/2026 :16:00,07/07/2026 :16:30,,"Designation: DGM NTPC Limited, Western Region-II Office,
Plot No. 87, Sector-24,
Nava Raipur, Chhattisgarh-492018 Phone: Fax: E-mail:  hariomkumar@ntpc.co.in",https://ntpctender.ntpc.co.in/NITDetails/NITs/29968
29969,NREL-CS-5823-004(BESS1)-9,EPC PACKAGE FOR DEVELOPMENT OF 550 MW/ 2200 MWH ISTS CONNECTED BESS AT NTPC REL SHIMBOO KA BURJ SOLAR PLANT,Renewable Energy,Uttar Pradesh,Renewable Energy,Work Contract,500000000.00,,,16/06/2026,16/06/2026 :17:00,29/06/2026 :17:00,09/07/2026 :15:00,09/07/2026 :15:30,,"Designation: Manager NTPC Renewable Energy Ltd.,
4th Floor, NETRA Building, E-3 Ecotech-II,
Udyog Vihar, Greater Noida, Gautam Buddha Nagar, UP-201301, India Phone: Fax: E-mail:  neetabaranwal@ntpc.co.in",https://ntpctender.ntpc.co.in/NITDetails/NITs/29969
29970,GEM/2026/B/7566687,Engagement of Consultant for Developing Startup Policy,Corporate Contracts,Uttar Pradesh,Corporate Center,Services,100000.00,,,03/06/2026,03/06/2026 :10:10,31/07/2026 :15:00,31/07/2026 :15:00,31/07/2026 :15:30,,Designation: Sr. Manager NTPC Ltd. Engineering Office Complex Plot No. A-8A Sector-24 NOIDA-201301 UP India Phone: Fax: E-mail:  satishksharma@ntpc.co.in,https://ntpctender.ntpc.co.in/NITDetails/NITs/29970
29971,GEM/2026/B/7640618,AMC of ED-XRF Instrument,Corporate Contracts,Uttar Pradesh,Corporate Center,Work Contract,,,,17/06/2026,17/06/2026 :10:00,27/06/2026 :15:00,27/06/2026 :15:00,27/06/2026 :15:30,,"Designation: Manager NTPC Ltd., Engineering Office Complex,
Plot No. A-8A, Sector-24, NOIDA-201301, UP, India Phone: Fax: E-mail:  shilpakareddy@ntpc.co.in",https://ntpctender.ntpc.co.in/NITDetails/NITs/29971
29972,NTPC/USSC-CPG1/9900327570,"Supply, Erection & Commissioning of Suspended Magnets in Conv 11A& 11B at Stg-1 Coal Handling Plant, Talcher STPS Kaniha",Western Region Head Quarter-II,Chhattisgarh,Western Region-II,Work Contract,200000.00,,,17/06/2026,17/06/2026 :15:00,07/07/2026 :17:00,07/07/2026 :17:00,09/07/2026 :17:00,,"Designation: Sr. Manager NTPC Limited, Central Procurement Group-I,
WR-II Office, Sector-24,
Nava Raipur, Chhattisgarh - 492018 Phone: Fax: E-mail:  harshmamodia@ntpc.co.in",https://ntpctender.ntpc.co.in/NITDetails/NITs/29972
29973,NREL-CS-5824-004(BESS1)-9,EPC PACKAGE FOR DEVELOPMENT OF 240 MW/ 960 MWH ISTS CONNECTED BESS AT NTPC REL DEVIKOT SOLAR PLANT,Renewable Energy,Uttar Pradesh,Renewable Energy,Work Contract,2000000.00,,,16/06/2026,16/06/2026 :10:00,08/07/2026 :20:00,13/07/2026 :15:00,13/07/2026 :15:30,,Designation: Sr. Manager NTPC Renewable Energy Limited 4th Floor Renewables Building NETRA Complex E-3 Ecotech-II Udyog Vihar Greater Noida Gautam Buddha Nagar UP India–201306 Phone: Fax: E-mail:  nabintripathi@ntpc.co.in,https://ntpctender.ntpc.co.in/NITDetails/NITs/29973
29974,GEM/2026/B/7645306,Preparatory Geotechnical Investigation works at Randha Site UT of DNH DD,Corporate Contracts,Uttar Pradesh,Corporate Center,Miscellaneous (Others),100000.00,,,17/06/2026,17/06/2026 :10:00,09/07/2026 :15:00,09/07/2026 :15:00,09/07/2026 :15:30,,Designation: Sr. Manager NTPC Ltd. Engineering Office Complex Plot No. A-8A Sector-24 NOIDA-201301 UP India Phone: Fax: E-mail:  satishksharma@ntpc.co.in,https://ntpctender.ntpc.co.in/NITDetails/NITs/29974
29975,CPG-1/LOT-1/2026,"Procurement of Biomass Pellets on FOR Power Station basis for NTPC Sipat, Korba, Mouda, North Karanpura, Darlipali, Lara and Gadarwara Plants. (LOT 1)",Western Region Head Quarter-II,Chhattisgarh,Western Region-II,Work Contract,,,,17/06/2026,17/06/2026 :10:00,09/07/2026 :15:00,09/07/2026 :15:00,09/07/2026 :15:30,,"Designation: DGM NTPC Limited, USSC, CPG-1,
Western Region-II Head Quarter,
Plot No. 87, Sector-24, Atal Nagar,
Nava Raipur, Raipur, Chhattisgarh-492018 Phone: Fax: E-mail:  manishkumar06@ntpc.co.in",https://ntpctender.ntpc.co.in/NITDetails/NITs/29975
29976,GEM/2026/B/7655963,BULK PROCUREMENT OF IBR P91 Pipe Fittings,Western Region Head Quarter-II,Chhattisgarh,Western Region-II,Work Contract,100000.00,,,17/06/2026,17/06/2026 :10:00,09/07/2026 :15:00,09/07/2026 :15:00,09/07/2026 :15:30,,"Designation: Sr. Manager NTPC Limited, Western Region-II Office,
Plot No. 87, Sector-24,
Nava Raipur, Chhattisgarh-492018 Phone: Fax: E-mail:  vikashkumar11@ntpc.co.in",https://ntpctender.ntpc.co.in/NITDetails/NITs/29976
29977,NTPC/EOC/EOI/STMTUR/2026-27,EOI Document for Study for Steam Turbine Design at 55% load,SRHQ Hyderabad,Andhra Pradesh,Southern Region,Miscellaneous (Others),,,,12/06/2026,12/06/2026 :10:00,31/07/2026 :18:00,31/07/2026 :18:00,,,Designation: DGM Project Engineering Mechanical NTPC Limited SRHQ NTPC Bhavan Kavadiguda Secunderabad-500080 Phone: Fax: E-mail:  satyendraksingh@ntpc.co.in,https://ntpctender.ntpc.co.in/NITDetails/NITs/29977
29978,GEM/2026/B/7615766,"Job Contract for Maintenance of FGD System, BMD NTPC Lara",Western Region Head Quarter-II,Chhattisgarh,Western Region-II,Work Contract,500000.00,,,18/06/2026,18/06/2026 :10:00,03/07/2026 :13:00,03/07/2026 :13:00,03/07/2026 :13:30,,"Designation: Sr. Manager NTPC Limited, Western Region-II Office,
Plot No. 87, Sector-24,
Nava Raipur, Chhattisgarh-492018 Phone: Fax: E-mail:  sonamjha@ntpc.co.in",https://ntpctender.ntpc.co.in/NITDetails/NITs/29978
29979,CS-8004-162F-9,Augmentation of Dry Fly Ash Transportation System at Barauni TPS Stage-II (2x250MW),Corporate Contracts,Uttar Pradesh,Corporate Center,Work Contract,10000000.00,,,18/06/2026,18/06/2026 :10:00,24/07/2026 :15:00,24/07/2026 :15:00,24/07/2026 :15:30,,"Designation: Sr. Manager NTPC Ltd., Engineering Office Complex,
Plot No. A-8A, Sector-24, NOIDA-201301, UP, India Phone: Fax: E-mail:  amitdhiman01@ntpc.co.in",https://ntpctender.ntpc.co.in/NITDetails/NITs/29979
29980,9900327344,"Hiring of 01 No. of BLS Ambulance with Manpower (Force Traveller/Tata Winger) for UJJIVAN Hospital, NTPC Dadri",Western Region Head Quarter-II,Chhattisgarh,Western Region-II,Work Contract,,,,17/06/2026,17/06/2026 :10:00,08/07/2026 :18:00,08/07/2026 :18:00,08/07/2026 :18:30,,"Designation: Sr. Manager NTPC Limited, USSC, CPG-I,
Western Region-II Head Quarter, Plot No. 87, Sector-24, Atal Nagar Nava Raipur, Raipur, Chhattisgarh-492101 Phone: Fax: E-mail:  vkbhojwani@ntpc.co.in",https://ntpctender.ntpc.co.in/NITDetails/NITs/29980
29981,GEM/2026/B/7684435,Bulk Procurement of Various Amsted Bogie Spares for NTPC Wagons,Western Region Head Quarter-II,Chhattisgarh,Western Region-II,Work Contract,,,,19/06/2026,19/06/2026 :10:00,10/07/2026 :16:00,10/07/2026 :16:00,10/07/2026 :16:30,,"Designation: DGM NTPC Limited, Western Region-II Office,
Plot No. 87, Sector-24,
Nava Raipur, Chhattisgarh-492018 Phone: Fax: E-mail:  ssenthilkumar@ntpc.co.in",https://ntpctender.ntpc.co.in/NITDetails/NITs/29981
29982,GEM/2026/B/7686992,"SUPPLY, INSTALLATION & COMMISSIONING OF ONLINE DGA & MONITORING SYSTEM FOR NTPC SIPAT",Western Region Head Quarter-II,Chhattisgarh,Western Region-II,Services,200000.00,,,19/06/2026,19/06/2026 :10:00,10/07/2026 :16:00,10/07/2026 :16:00,10/07/2026 :16:30,,"Designation: DGM NTPC Limited, Western Region-II Office, Plot No. 87, Sector-24, Nava Raipur, Chhattisgarh-492018 Phone: Fax: E-mail:  ssenthilkumar@ntpc.co.in",https://ntpctender.ntpc.co.in/NITDetails/NITs/29982
29983,NTPC/USSC-CPG1/9900326706,"Transportation of coal from NK and Ashoka mines to NKSTPP coal handling plant by road,
including loading at mines end & unloading at Truck hopper /CHP area at NTPC North Karanpura
including Supervision",Western Region Head Quarter-II,Chhattisgarh,Western Region-II,Work Contract,2000000.00,,,20/06/2026,20/06/2026 :13:00,13/07/2026 :15:00,13/07/2026 :15:00,15/07/2026 :15:00,,"Designation: DGM NTPC Limited, USSC, CPG-1,
Western Region-II Head Quarter,
Plot No. 87, Sector-24, Atal Nagar,
Nava Raipur, Raipur, Chhattisgarh-492101 Phone: Fax: E-mail:  srikark@ntpc.co.in",https://ntpctender.ntpc.co.in/NITDetails/NITs/29983
29984,NTPC/USSC-CPG1/9900328137,Procurement of 250 MVA 15.75/420 KV Generator Transformer for NTPC Farakka Stage-1,Western Region Head Quarter-II,Chhattisgarh,Western Region-II,Work Contract,,,,22/06/2026,22/06/2026 :11:00,14/07/2026 :16:30,14/07/2026 :16:30,16/07/2026 :16:30,,"Designation: DGM NTPC Limited, Western Region-II Office,
Plot No. 87, Sector-24,
Nava Raipur, Chhattisgarh-492018 Phone: Fax: E-mail:  anandshanker@ntpc.co.in",https://ntpctender.ntpc.co.in/NITDetails/NITs/29984
29985,NRE-CS-5928-003(WTG)-9,"SUPPLY AND INSTALLATION OF WIND TURBINE GENERATORS (WTG) FOR ISTS CONNECTED
WIND ENERGY PROJECT WITH NOMINAL CAPACITY OF 813 MW (271 WTG) IN DAVANGERE,
KARNATAKA",Renewable Energy,Uttar Pradesh,Renewable Energy,Services,1000000000.00,,,22/06/2026,22/06/2026 :10:00,10/08/2026 :17:00,08/09/2026 :15:00,08/09/2026 :15:30,,Designation: Sr. Manager NTPC Renewable Energy Ltd. 4th Floor NETRA Building E-3 Ecotech-II Udyog Vihar Greater Noida Gautam Buddha Nagar UP-201301 India Phone: Fax: E-mail:  gurpratapsingh@ntpc.co.in,https://ntpctender.ntpc.co.in/NITDetails/NITs/29985
29986,NTPC/EOC/9900327484,Rate Contract for Procurement of All-In-One (AIO) PCs Required in NTPC Sites/offices and JVs.,Corporate Contracts,Uttar Pradesh,Corporate Center,Work Contract,20000000.00,,,22/06/2026,22/06/2026 :18:00,10/07/2026 :15:00,10/07/2026 :15:00,13/07/2026 :11:00,,Designation: Sr. Manager NTPC Ltd. Engineering Office Complex Plot No. A-8A Sector-24 NOIDA-201301 UP India Phone: Fax: E-mail:  deepaverma@ntpc.co.in,https://ntpctender.ntpc.co.in/NITDetails/NITs/29986
29987,NTPC/USSC-CPG1/9900325007,BULK PROCUREMENT OF MCB For NTPC Stations,Western Region Head Quarter-II,Chhattisgarh,Western Region-II,Work Contract,100000.00,,,22/06/2026,22/06/2026 :16:00,07/07/2026 :16:00,07/07/2026 :16:00,09/07/2026 :16:00,,"Designation: DGM NTPC Limited, Western Region-II Office,
Plot No. 87, Sector-24,
Nava Raipur, Chhattisgarh-492018 Phone: Fax: E-mail:  pushpakashyap@ntpc.co.in",https://ntpctender.ntpc.co.in/NITDetails/NITs/29987
29988,9900327560,Construction of Central Store Storage Sheds at NTPC Nabinagar STPS.,Western Region Head Quarter-II,Chhattisgarh,Western Region-II,Work Contract,,,,24/06/2026,24/06/2026 :13:00,07/07/2026 :16:00,07/07/2026 :16:00,08/07/2026 :16:00,,"Designation: DGM NTPC Limited, Western Region-II Office,
Plot No. 87, Sector-24,
Nava Raipur, Chhattisgarh-492018 Phone: Fax: E-mail:  pankajkumar07@ntpc.co.in",https://ntpctender.ntpc.co.in/NITDetails/NITs/29988
29989,9900326471,HOLISTIC DEVELOPMENT OF FOOTBALL GROUND AT HESLA PANCHAYAT (IMLI MAIDAN) AT PATRATU (CD WORKS),Patratu Vidyut Utpadan Nigam Limited (Subsidiary),Jharkhand,JVs & Subsidaries,Work Contract,,,,24/06/2026,22/06/2026 :17:30,13/07/2026 :11:00,13/07/2026 :11:00,14/07/2026 :11:00,,"Designation: DGM PATRATU VIDYUT UTPADAN NIGAM LIMITED,
P.O PTPS, Dist. Ramgarh, Jharkhand - 829119 Phone: Fax: E-mail:  shalinibeck@ntpc.co.in",https://ntpctender.ntpc.co.in/NITDetails/NITs/29989
29990,NRE-CS-5820-004(EPC)-9,"EPC PACKAGE FOR DEVELOPMENT OF 600MW (2x300MW) GRID CONNECTED SOLAR PV PROJECTS AT DHULE, MAHARASHTRA",Renewable Energy,Uttar Pradesh,Renewable Energy,Work Contract,,,,24/06/2026,24/06/2026 :10:10,06/08/2026 :17:00,25/08/2026 :15:00,25/08/2026 :15:30,,Designation: DGM NTPC Renewable Energy Ltd. 4th Floor NETRA Building E-3 Ecotech-II Udyog Vihar Greater Noida Gautam Buddha Nagar UP-201301 India Phone: Fax: E-mail:  prishantpathik@ntpc.co.in,https://ntpctender.ntpc.co.in/NITDetails/NITs/29990
29991,NTPC/USSC-CPG1/9900327854,"Supply, Installation & Commissioning of IP based CCTV System for Surveillance of CHP at NTPC Mouda",Western Region Head Quarter-II,Chhattisgarh,Western Region-II,Work Contract,200000.00,,,24/06/2026,19/06/2026 :18:00,08/07/2026 :15:00,08/07/2026 :15:00,,,"Designation: Sr. Manager NTPC Limited, Central Procurement Group-I,
WR-II Office, Sector-24,
Nava Raipur, Chhattisgarh - 492018 Phone: Fax: E-mail:  vkbhojwani@ntpc.co.in",https://ntpctender.ntpc.co.in/NITDetails/NITs/29991
29992,NTPC/USSC-VDC/9900326922,Annual Rate Contract for Supply of Paints to NTPC Simhadri on VMI Basis for the Year 2026-2027,Vendor Development Cell (Raipur CG),Chhattisgarh,Western Region-II,Work Contract,1000000.00,,,25/06/2026,25/06/2026 :15:00,16/07/2026 :15:00,16/07/2026 :15:00,17/07/2026 :15:30,,Designation: DGM NTPC Limited USSC Vendor Enlistment Cell WR-II Head Quarter Plot No.-87 Sector-24 Atal Nagar Nava Raipur Raipur Chhattisgarh-492101 Phone: Fax: E-mail:  bharatprasad@ntpc.co.in,https://ntpctender.ntpc.co.in/NITDetails/NITs/29992
29993,NTPC/USSC-CPG1/9900328124,"Supply, Erection, Testing & Commissioning of Stage2 MOV Actuators at NTPC Ramagundam",Western Region Head Quarter-II,Chhattisgarh,Western Region-II,Work Contract,,,,25/06/2026,25/06/2026 :11:00,14/07/2026 :15:00,14/07/2026 :15:00,16/07/2026 :15:00,,"Designation: DGM NTPC Limited, USSC, CPG-1,
Western Region-II Head Quarter,
Plot No. 87, Sector-24, Atal Nagar,
Nava Raipur, Raipur, Chhattisgarh-492101 Phone: Fax: E-mail:  ajaykumarshivhare@ntpc.co.in",https://ntpctender.ntpc.co.in/NITDetails/NITs/29993
29994,GEM/2026/B/7701255,FMS Services for Two Month,"Corporate Materials (EOC, Scope, PMI, NETRA)",Uttar Pradesh,Corporate Center,Services,,,,25/06/2026,25/06/2026 :10:00,03/07/2026 :17:00,03/07/2026 :17:00,03/07/2026 :17:30,,Designation: DGM NTPC Ltd. Engineering Office Complex Plot No. A-8A Sector-24 NOIDA-201301 UP India Phone: Fax: E-mail:  rajeshkumarmeena01@ntpc.co.in,https://ntpctender.ntpc.co.in/NITDetails/NITs/29994
29995,GEM/2026/B/7713943,Procurement of Alloy Cast Iron Pipes for AHP,NTECL: NTPC TamilNadu Energy Company Ltd.,Tamilnadu,JVs & Subsidaries,Work Contract,,,,26/06/2026,26/06/2026 :10:00,17/07/2026 :18:00,17/07/2026 :18:00,17/07/2026 :18:30,,"Designation: DGM NTPC Tamilnadu Energy Co. Ltd (NTECL), Vallur Thermal Power Station, Chennai - 600103 Phone: Fax: E-mail:  lokanathams@ntpc.co.in",https://ntpctender.ntpc.co.in/NITDetails/NITs/29995
29996,NTPC/EOC/9900327366,SAP Enterprise Support (SES) of SAP Licenses,"Corporate Materials (EOC, Scope, PMI, NETRA)",Uttar Pradesh,Corporate Center,Services,,,,26/06/2026,26/06/2026 :17:00,02/07/2026 :17:00,02/07/2026 :17:00,03/07/2026 :12:00,,"Designation: NTPC Ltd., Engineering Office Complex,
Plot No. A-8A, Sector-24, NOIDA-201301, UP, India Phone: Fax: E-mail:  rajeshkumarmeena01@ntpc.co.in",https://ntpctender.ntpc.co.in/NITDetails/NITs/29996
29997,GEM/2026/B/7715159,"PROVIDING ASSISTANCE SERVICE AND
LAB ASSISTANCE SERVICE TO FQA
DEPARTMENT AT NTECL FOR 02 YEARS",NTECL: NTPC TamilNadu Energy Company Ltd.,Tamilnadu,JVs & Subsidaries,Work Contract,,,,26/06/2026,26/06/2026 :10:00,17/07/2026 :16:00,17/07/2026 :16:00,17/07/2026 :16:30,,"Designation: DGM NTECL,
Vallur Thermal Power Station,
Kuruvimedu Village, Ponneri Taluk,
Vellivoyal Chavadi Post,
Thiruvallur District, Chennai - 600103 Phone: Fax: E-mail:  nithyav@ntpc.co.in",https://ntpctender.ntpc.co.in/NITDetails/NITs/29997
29998,NTPC/TANDA/PondAsh/EOI/2026/01,"EOI for Issue of pond ash on Free of Cost, First come First Served Basis with Transportation by Bidder, from NTPC TANDA",Tanda Thermal Power Project,Uttar Pradesh,Northern Region,Miscellaneous (Others),,,,26/06/2026,26/06/2026 :10:00,06/07/2026 :17:00,06/07/2026 :17:00,,,"Designation: DGM - Ash Management NTPC TANDA SUPER THERMAL POWER STATION, 
Address- P.O. Vidyut Nagar, Dist. Ambedkar Nagar, Uttar Pradesh Phone: Fax: E-mail:  tanda_ashutilization@ntpc.co.in",https://ntpctender.ntpc.co.in/NITDetails/NITs/29998
29999,EOI/PA/TSTPS/2026-27/01,Lifting of Pond Ash from NTPC Talcher Super Thermal Power Station,Talcher Super Thermal Power Project,Orissa,Eastern Region-II,Miscellaneous (Others),,,,29/06/2026,29/06/2026 :09:00,20/07/2026 :17:00,20/07/2026 :17:00,,,"Designation: DGM - Ash Utilization NTPC TALCHER SUPER THERMAL POWER STATION, PO Deepsikha, Dist Angul, Odisha-759147 Phone: Fax: E-mail:  autstps@ntpc.co.in",https://ntpctender.ntpc.co.in/NITDetails/NITs/29999
30000,NTECL/C&M/CS6135,BIENNIAL MAINTENANCE CONTRACT FOR ASH DYKE AT NTECL VALLUR,NTECL: NTPC TamilNadu Energy Company Ltd.,Tamilnadu,JVs & Subsidaries,Work Contract,500000.00,,,25/06/2026,25/06/2026 :18:55,14/07/2026 :15:00,14/07/2026 :15:00,15/07/2026 :15:30,,"Designation: Sr. Manager NTECL,
Vallur Thermal Power Station,
Kuruvimedu Village, Ponneri Taluk,
Vellivoyal Chavadi Post,
Thiruvallur District, Chennai - 600103 Phone: Fax: E-mail:  vckamal@ntpc.co.in",https://ntpctender.ntpc.co.in/NITDetails/NITs/30000
30001,NTPC/TANDA/DryFlyAsh/EOI/2026/01,EOI of Dry Fly Ash for NTPC Tanda,Tanda Thermal Power Project,Uttar Pradesh,Northern Region,Miscellaneous (Others),,,,28/06/2026,28/06/2026 :10:00,07/07/2026 :17:00,07/07/2026 :17:00,,,"Designation: DGM - AU NTPC TANDA SUPER THERMAL POWER STATION,
P.O. Vidyut Nagar, Dist. Ambedkar Nagar, Uttar Pradesh Phone: Fax: E-mail:  santoshkumarmahto@ntpc.co.in",https://ntpctender.ntpc.co.in/NITDetails/NITs/30001
30002,CS-9592-001C-2,"BALANCE OF PLANT (BOP) PACKAGE FOR TELANGANA SUPER THERMAL POWER PROJECT STAGE-II (3X800 MW) LOCATED AT DISTT. PEDDAPALLI, STATE OF TELANGANA, INDIA",Corporate Contracts,Uttar Pradesh,Corporate Center,Work Contract,375000000.00 3867200.00,,,27/06/2026,27/06/2026 :10:00,30/07/2026 :13:00,30/07/2026 :13:00,30/06/2026 :15:30,,"Designation: DGM NTPC Limited,
6th Floor, Engineering Office Complex,
A-8A, Sector-24, NOIDA, Dist. Gautam Budh Nagar, (UP), INDIA-201301 Phone: Fax: E-mail:  amitk@ntpc.co.in",https://ntpctender.ntpc.co.in/NITDetails/NITs/30002
30003,GEM/2026/B/7672176,Bulk Procurement of CT Analyzer for NTPC Stations.,Western Region Head Quarter-II,Chhattisgarh,Western Region-II,Work Contract,,,,29/06/2026,29/06/2026 :10:00,16/07/2026 :15:00,16/07/2026 :15:00,16/07/2026 :15:30,,"Designation: DGM NTPC Limited, Western Region-II Office,
Plot No. 87, Sector-24,
Nava Raipur, Chhattisgarh-492018 Phone: Fax: E-mail:  pushpakashyap@ntpc.co.in",https://ntpctender.ntpc.co.in/NITDetails/NITs/30003
30004,NTPC/USSC-CPG1/9900328108,"Supply cum Erection, Installation & Commissioning of 550 AH Tubular Lead
Acid Stationary Battery Bank Sets for Kahalgaon Stage-1 UPS System",Western Region Head Quarter-II,Chhattisgarh,Western Region-II,Work Contract,200000.00,,,29/06/2026,29/06/2026 :12:00,17/07/2026 :15:00,17/07/2026 :15:00,20/07/2026 :16:00,,"Designation: DGM NTPC Limited, Central Procurement Group-I,
WR-II Office, Sector-24,
Nava Raipur, Chhattisgarh - 492018 Phone: Fax: E-mail:  cpsingh@ntpc.co.in",https://ntpctender.ntpc.co.in/NITDetails/NITs/30004
30005,NTPC/USSC-CPG1/9900328423,"Implementation of fugitive Dust suppression System of Arkha Ash Dyke, FGUTPP Unchahar.",Western Region Head Quarter-II,Chhattisgarh,Western Region-II,Work Contract,,,,25/06/2026,25/06/2026 :12:30,09/07/2026 :15:00,09/07/2026 :15:00,11/07/2026 :15:00,,"Designation: DGM NTPC Limited, USSC, CPG-1,
Western Region-II Head Quarter,
Plot No. 87, Sector-24, Atal Nagar,
Nava Raipur, Raipur, Chhattisgarh-492101 Phone: Fax: E-mail:  ajaykumarshivhare@ntpc.co.in",https://ntpctender.ntpc.co.in/NITDetails/NITs/30005
30006,GEM/2026/B/7711654,Renewal of Public Liability Insurance Policy for All NTPC Stations for Year 2026-27,"Corporate Materials (EOC, Scope, PMI, NETRA)",Uttar Pradesh,Corporate Center,Work Contract,,,,29/06/2026,29/06/2026 :10:00,09/07/2026 :17:00,09/07/2026 :17:00,09/07/2026 :17:30,,"Designation: DGM NTPC Ltd., Engineering Office Complex,
Plot No. A-8A, Sector-24, NOIDA-201301, UP, India Phone: Fax: E-mail:  rajeshkumarmeena01@ntpc.co.in",https://ntpctender.ntpc.co.in/NITDetails/NITs/30006
30007,GEM/2026/B/7688275,Rear S Panel Set for Stage-II NTPC Farakka,Western Region Head Quarter-II,Chhattisgarh,Western Region-II,Services,,,,29/06/2026,29/06/2026 :10:00,20/07/2026 :15:00,20/07/2026 :15:00,20/07/2026 :15:30,,"Designation: Sr. Manager NTPC Limited, Western Region-II Office,
Plot No. 87, Sector-24,
Nava Raipur, Chhattisgarh-492018 Phone: Fax: E-mail:  skkumar01@ntpc.co.in",https://ntpctender.ntpc.co.in/NITDetails/NITs/30007
30008,EOI/VSTPS/PONDASH/2026-27/01,EOI Step 2 Process for FY 2026-27 for Pond Ash Supply,Vindhyachal Super Thermal Power,Madhya Pradesh,Northern Region,Miscellaneous (Others),,,,29/06/2026,29/06/2026 :10:00,09/07/2026 :18:00,09/07/2026 :18:00,,,"Designation: Sr. Manager - AUD NTPC VINDHYACHAL SUPER THERMAL POWER STATION,
SINGRAULI, Madhya Pradesh - 486885 Phone: Fax: E-mail:  smpandey@ntpc.co.in",https://ntpctender.ntpc.co.in/NITDetails/NITs/30008
30009,GEM/2026/B/7672263,Supply of Empty CO2 Gas Cylinders,NTECL: NTPC TamilNadu Energy Company Ltd.,Tamilnadu,JVs & Subsidaries,Services,,,,30/06/2026,30/06/2026 :10:00,15/07/2026 :12:00,15/07/2026 :12:00,15/07/2026 :12:30,,"Designation: Sr. Manager NTECL, Vallur Thermal Power Project,
Site Office Vellivoyal Chavadi Post,
Ponneri Taluk, Thiruvallur District, Chennai-600103, Tamilnadu Phone: Fax: E-mail:  nchaplot@ntpc.co.in",https://ntpctender.ntpc.co.in/NITDetails/NITs/30009
30010,GEM/2026/B/7696641,PROCUREMENT OF LIQUOR AMMONIA FOR NTECL VALLUR,NTECL: NTPC TamilNadu Energy Company Ltd.,Tamilnadu,JVs & Subsidaries,Work Contract,,,,29/06/2026,29/06/2026 :10:00,09/07/2026 :19:00,09/07/2026 :19:00,09/07/2026 :19:30,,"Designation: Sr. Manager NTECL, Vallur Thermal Power Project,
Site Office Vellivoyal Chavadi Post,
Ponneri Taluk, Thiruvallur District, Chennai-600103, Tamilnadu Phone: Fax: E-mail:  nchaplot@ntpc.co.in",https://ntpctender.ntpc.co.in/NITDetails/NITs/30010
30011,GEM/2026/B/7725496,Bulk Procurement of Bogie Springs for Casnub Bogies of NTPC Wagons,Western Region Head Quarter-II,Chhattisgarh,Western Region-II,Work Contract,,,,30/06/2026,30/06/2026 :10:00,21/07/2026 :16:00,21/07/2026 :16:00,21/07/2026 :16:30,,"Designation: DGM NTPC Limited, Western Region-II Office,
Plot No. 87, Sector-24,
Nava Raipur, Chhattisgarh-492018 Phone: Fax: E-mail:  ssenthilkumar@ntpc.co.in",https://ntpctender.ntpc.co.in/NITDetails/NITs/30011
30012,GEM/2026/B/7711889,Biennial Contract for Horticulture Maintenance Work in Plant Area at NTPC Khargone,Western Region Head Quarter-II,Chhattisgarh,Western Region-II,Work Contract,500000.00,,,01/07/2026,01/07/2026 :10:00,16/07/2026 :12:00,16/07/2026 :12:00,16/07/2026 :12:30,,"Designation: Manager NTPC Limited, Western Region-II Office,
Plot No. 87, Sector-24,
Nava Raipur, Chhattisgarh-492018 Phone: Fax: E-mail:  swatantrakumar@ntpc.co.in",https://ntpctender.ntpc.co.in/NITDetails/NITs/30012
30013,GEM/2026/B/7731563,Bulk Procurement of Pressure Transmitters for NTPC Stations,Western Region Head Quarter-II,Chhattisgarh,Western Region-II,Work Contract,,,,01/07/2026,01/07/2026 :10:00,22/07/2026 :16:00,22/07/2026 :16:00,22/07/2026 :16:30,,"Designation: DGM NTPC Limited, Western Region-II Office,
Plot No. 87, Sector-24,
Nava Raipur, Chhattisgarh-492018 Phone: Fax: E-mail:  ssenthilkumar@ntpc.co.in",https://ntpctender.ntpc.co.in/NITDetails/NITs/30013
30014,NTPC/USSC-CPG1/9900328471,Reconditioning/Refurbishment of Stator Vane Row 3 for 13 D2 Gas Turbine of NTPC Anta,Western Region Head Quarter-II,Chhattisgarh,Western Region-II,Work Contract,1000000.00,,,01/07/2026,01/07/2026 :17:00,15/07/2026 :15:00,15/07/2026 :15:00,16/07/2026 :15:00,,"Designation: Sr. Manager NTPC Limited, Western Region-II Office,
Plot No. 87, Sector-24,
Nava Raipur, Chhattisgarh-492018 Phone: Fax: E-mail:  sonamjha@ntpc.co.in",https://ntpctender.ntpc.co.in/NITDetails/NITs/30014
30015,GEM/2026/B/7725575,Procurement of Complete Assembly of Screw Air Compressor for IGSTPP-Jhajjar/APCPL,IGSTPP: Aravali Power Copany Private Limited-Jhajjar (JV),Haryana,JVs & Subsidaries,Work Contract,200000.00,,,01/07/2026,01/07/2026 :10:00,22/07/2026 :17:00,22/07/2026 :17:00,22/07/2026 :17:30,,"Designation: DGM IGSTPP, Aravali Power Company Private Limited-Jhajjar (JV),
P.O. Jharli, Dist. Jhajjar, Haryana-124141 Phone: Fax: E-mail:  jkbhaskar@ntpc.co.in",https://ntpctender.ntpc.co.in/NITDetails/NITs/30015
30016,CS-9592-572A-9,"SWITCHYARD PACKAGE FOR TELANGANA SUPER THERMAL POWER PROJECT, STAGE- II (3X800MW), TELANGANA",Corporate Contracts,Uttar Pradesh,Corporate Center,Work Contract,50000000.00,,,01/07/2026,02/07/2026 :15:00,29/07/2026 :15:00,29/07/2026 :15:00,30/07/2026 :15:00,,"Designation: Sr. Manager NTPC Ltd., Engineering Office Complex,
Plot No. A-8A, Sector-24, NOIDA-201301, UP, India Phone: Fax: E-mail:  maheshwranand@ntpc.co.in",https://ntpctender.ntpc.co.in/NITDetails/NITs/30016
30017,EOI/NTPC/Solapur/FA/MSE/001,Fly Ash supply to Micro and Small Enterprises (MSEs) / Local Users (situated within 100 Kms radial distance from station) engaged in ash-based products manufacturing,Solapur STPP,Maharashtra,Western Region-I,Miscellaneous (Others),,,,02/07/2026,02/07/2026 :10:00,15/07/2026 :23:55,15/07/2026 :23:55,,,"Designation: AGM - Ash Utilization NTPC SOLAPUR SUPER THERMAL POWER STATION,
Village Fatatewadi, South Solapur, Dist. Solapur, Maharashtra-413215 Phone: Fax: E-mail:  audsolapur@ntpc.co.in",https://ntpctender.ntpc.co.in/NITDetails/NITs/30017
30018,GEM/2026/B/7537092,Job Contract for Maintenance and Enhancement Services for SAP BW/4HANA,"Corporate Materials (EOC, Scope, PMI, NETRA)",Uttar Pradesh,Corporate Center,Work Contract,100000.00,,,01/07/2026,01/07/2026 :10:00,16/07/2026 :17:00,16/07/2026 :17:00,16/07/2026 :17:30,,"Designation: Sr. Manager NTPC Ltd., Engineering Office Complex,
Plot No. A-8A, Sector-24, NOIDA-201301, UP, India Phone: Fax: E-mail:  rajeshkumarmeena01@ntpc.co.in",https://ntpctender.ntpc.co.in/NITDetails/NITs/30018
30019,NTPC/USSC-CPG1/9900328208,Balance work of D-TYPE AREA DEVELOPMENT Telangana STPP-I (2x800mw) Project,Western Region Head Quarter-II,Chhattisgarh,Western Region-II,Work Contract,200000.00,,,02/07/2026,02/07/2026 :16:00,20/07/2026 :13:00,20/07/2026 :13:00,21/07/2026 :15:00,,"Designation: AGM NTPC Limited, Western Region-II Office,
Plot No. 87, Sector-24,
Nava Raipur, Chhattisgarh-492018 Phone: Fax: E-mail:  kkarora@ntpc.co.in",https://ntpctender.ntpc.co.in/NITDetails/NITs/30019
30020,NTPC/USSC-CPG1/9900328133,R&M of LP DRIP PUMP ASSEMBLY of Rihand St1,Western Region Head Quarter-II,Chhattisgarh,Western Region-II,Work Contract,200000.00,,,01/07/2026,01/07/2026 :15:00,22/07/2026 :16:00,22/07/2026 :16:00,,,"Designation: Sr. Manager NTPC Limited, Central Procurement Group-I,
WR-II Office, Sector-24,
Nava Raipur, Chhattisgarh - 492018 Phone: Fax: E-mail:  vkbhojwani@ntpc.co.in",https://ntpctender.ntpc.co.in/NITDetails/NITs/30020
30021,NRE-CS-5816-004(SS)-9,400KV SUB STATION PACKAGE FOR 900 MW SOLAR PROJECTS AT MANDSAUR MADHYA PRADESH,Renewable Energy,Uttar Pradesh,Renewable Energy,Work Contract,,,,03/07/2026,03/07/2026 :10:00,17/07/2026 :17:00,27/07/2026 :14:00,27/07/2026 :14:30,,Designation: DGM NTPC Renewable Energy Limited 4th Floor Renewables Building NETRA Complex E-3 Ecotech-II Udyog Vihar Greater Noida Gautam Buddha Nagar UP India–201306 Phone: Fax: E-mail:  shomitsingh@ntpc.co.in,https://ntpctender.ntpc.co.in/NITDetails/NITs/30021
30022,EOI/NTPC/Khargone/AU/FlyAsh/MSE/2026,Sale of Fly Ash from NTPC Khargone to MSEs & local Users on Pro-rata basis through EOI,Khargone STPP,Madhya Pradesh,Western Region-II,Miscellaneous (Others),,,,04/07/2026,04/07/2026 :10:00,13/07/2026 :17:00,13/07/2026 :17:00,,,"Designation: Engineer - Ash Management Dept. Ash Management Department, NTPC Khargone,
Village Selda, Dist. Khargone, MP-451113 Phone: Fax: E-mail:  aukhargone@ntpc.co.in",https://ntpctender.ntpc.co.in/NITDetails/NITs/30022
30023,GEM/2026/B/7616635,"BULK PROCUREMENT OF 98"" Signage Display",Western Region Head Quarter-II,Chhattisgarh,Western Region-II,Work Contract,,,,03/07/2026,03/07/2026 :10:00,24/07/2026 :17:00,24/07/2026 :17:00,24/07/2026 :17:30,,"Designation: DGM NTPC Limited, Western Region-II Office,
Plot No. 87, Sector-24,
Nava Raipur, Chhattisgarh-492018 Phone: Fax: E-mail:  manishkumar06@ntpc.co.in",https://ntpctender.ntpc.co.in/NITDetails/NITs/30023
30024,GEM/2026/B/7713115,RTV Coating of Insulators for NTECL Vallur TPP,NTECL: NTPC TamilNadu Energy Company Ltd.,Tamilnadu,JVs & Subsidaries,Work Contract,100000.00,,,04/07/2026,04/07/2026 :10:00,25/07/2026 :16:00,25/07/2026 :16:00,25/07/2026 :16:30,,"Designation: DGM NTECL (NTPC Tamilnadu Energy Co. Ltd.)
Vallur TPP, Chennai-600 103 Phone: Fax: E-mail:  mohan02@ntpc.co.in",https://ntpctender.ntpc.co.in/NITDetails/NITs/30024
30025,NTPC/NC/EOI/2026-27,"EOI for Providing Consultancy Services for Preparation of Tender Documents,
Evaluation of bids and Contract Award Support for Large Capacity PWR-based Nuclear Power Projects",WR-I HQ Mumbai,Maharashtra,Western Region-I,Miscellaneous (Others),,,,06/07/2026,06/07/2026 :15:00,19/08/2026 :15:00,19/08/2026 :15:00,,,Designation: AGM Nuclear Cell NTPC Limited Western Region–I HQ 2nd Floor Samruddhi Venture Park MIDC Marol Andheri East Mumbai - 400093 Phone: Fax: E-mail:  eswarkalyan@ntpc.co.in,https://ntpctender.ntpc.co.in/NITDetails/NITs/30025
30026,EOI/NTPC-Barh/MSEs/AU-01/FA/2026,EOI for Fly Ash supply to Micro and Small Enterprises (MSE’s) and Local Users,Barh Thermal Power Plant,Bihar,Eastern Region-I,Miscellaneous (Others),,,,07/07/2026,07/07/2026 :10:00,22/07/2026 :17:00,22/07/2026 :17:00,,,"Designation: DGM - Ash Management NTPC BARH THERMAL POWER STATION,
Barh, District Patna, Bihar–803215 Phone: Fax: E-mail:  audbarh@ntpc.co.in",https://ntpctender.ntpc.co.in/NITDetails/NITs/30026
30027,GEM/2026/B/7748960,Procurement of Air-Cooled Condenser (ACC) Design Software,Corporate Contracts,Uttar Pradesh,Corporate Center,Work Contract,200000.00,,,06/07/2026,06/07/2026 :10:00,27/07/2026 :18:00,27/07/2026 :18:00,27/07/2026 :18:30,,"Designation: Sr. Manager NTPC Ltd., Engineering Office Complex,
Plot No. A-8A, Sector-24, NOIDA-201301, UP, India Phone: Fax: E-mail:  ravikumar04@ntpc.co.in",https://ntpctender.ntpc.co.in/NITDetails/NITs/30027
30028,GEM/2026/B/7735437,"Procurement of CABINET SAFETY LOCK OUT BOX for Main Plant Operation, AHP, CHP, Chemistry",NTECL: NTPC TamilNadu Energy Company Ltd.,Tamilnadu,JVs & Subsidaries,Work Contract,,,,06/07/2026,06/07/2026 :10:00,23/07/2026 :13:00,23/07/2026 :13:00,23/07/2026 :13:30,,"Designation: Sr. Manager NTECL, Vallur Thermal Power Project,
Site Office Vellivoyal Chavadi Post,
Ponneri Taluk, Thiruvallur District, Chennai-600103, Tamilnadu Phone: Fax: E-mail:  nchaplot@ntpc.co.in",https://ntpctender.ntpc.co.in/NITDetails/NITs/30028
30029,NTPC/USSC-CPG1/9900328852,Supply and Replacement Works of S-panel Tubes for Stage-1 (2x500MW)units at NTPC Rihand,Western Region Head Quarter-II,Chhattisgarh,Western Region-II,Work Contract,,,,06/07/2026,06/07/2026 :18:55,20/07/2026 :15:00,20/07/2026 :15:00,22/07/2026 :15:00,,"Designation: DGM NTPC Limited, USSC, CPG-1,
Western Region-II Head Quarter,
Plot No. 87, Sector-24, Atal Nagar,
Nava Raipur, Raipur, Chhattisgarh-492101 Phone: Fax: E-mail:  ajaykumarshivhare@ntpc.co.in",https://ntpctender.ntpc.co.in/NITDetails/NITs/30029
30030,31MEG-02B-07072026,SUBMERSIBLE PUMPS FOR NON SLURRY APPLICATION,Vendor Development Cell (Raipur CG),Chhattisgarh,Western Region-II,Vendor Enlistment,,,,07/07/2026,07/07/2026 :10:00,28/07/2026 :23:55,28/07/2026 :23:55,,,"Designation: DGM NTPC Limited, Western Region-II Office,
Plot No. 87, Sector-24, Nava Raipur, Chhattisgarh-492018 Phone: Fax: E-mail:  skbondara@ntpc.co.in",https://ntpctender.ntpc.co.in/NITDetails/NITs/30030
30031,10MEG-37A-07072026,Supply Cooling Water Treatment Chemical - Zinc Sulphate,Vendor Development Cell (Raipur CG),Chhattisgarh,Western Region-II,Vendor Enlistment,,,,07/07/2026,07/07/2026 :10:00,28/07/2026 :23:55,28/07/2026 :23:55,,,"Designation: DGM NTPC Limited, Western Region-II Office,
Plot No. 87, Sector-24, Nava Raipur, Chhattisgarh-492018 Phone: Fax: E-mail:  skbondara@ntpc.co.in",https://ntpctender.ntpc.co.in/NITDetails/NITs/30031
30032,10MEG-41-07072026,RO Water Treatment Chemicals,Vendor Development Cell (Raipur CG),Chhattisgarh,Western Region-II,Vendor Enlistment,,,,07/07/2026,07/07/2026 :10:00,28/07/2026 :23:55,28/07/2026 :23:55,,,"Designation: DGM NTPC Limited, Western Region-II Office,
Plot No. 87, Sector-24, Nava Raipur, Chhattisgarh-492018 Phone: Fax: E-mail:  skbondara@ntpc.co.in",https://ntpctender.ntpc.co.in/NITDetails/NITs/30032
30033,BMD-03-07072026,Thermal Insulation & Cladding of Boiler / TG & Auxiliaries,Vendor Development Cell (Raipur CG),Chhattisgarh,Western Region-II,Vendor Enlistment,,,,07/07/2026,07/07/2026 :10:00,28/07/2026 :23:55,28/07/2026 :23:55,,,"Designation: DGM NTPC Limited, Western Region-II Office,
Plot No. 87, Sector-24, Nava Raipur, Chhattisgarh-492018 Phone: Fax: E-mail:  skbondara@ntpc.co.in",https://ntpctender.ntpc.co.in/NITDetails/NITs/30033
30034,46MEG-20-07072026,Supply of Air Preheater Seals,Vendor Development Cell (Raipur CG),Chhattisgarh,Western Region-II,Vendor Enlistment,,,,07/07/2026,07/07/2026 :10:00,25/08/2026 :23:55,25/08/2026 :23:55,,,Designation: DGM NTPC Limited Western Region-II Office Plot No. 87 Sector-24 Nava Raipur Chhattisgarh-492018 Phone: Fax: E-mail:  skbondara@ntpc.co.in,https://ntpctender.ntpc.co.in/NITDetails/NITs/30034
30035,CWE-01-07072026,"Hiring of Instrument for Performance testing of Boiler, Turbine, Cooling Tower, ESP related to O&M consultancy assignments",Vendor Development Cell (Raipur CG),Chhattisgarh,Western Region-II,Vendor Enlistment,,,,07/07/2026,07/07/2026 :10:00,10/08/2026 :23:55,10/08/2026 :23:55,,,Designation: DGM NTPC Limited Western Region-II Office Plot No. 87 Sector-24 Nava Raipur Chhattisgarh-492018 Phone: Fax: E-mail:  skbondara@ntpc.co.in,https://ntpctender.ntpc.co.in/NITDetails/NITs/30035
30036,GEM/2026/B/7734220,Transportation of 4.0 Lac Cum of Pond Ash from the ash dyke of NTPC Vindhyachal to the project near DDU at Varanasi through RCR mode,Western Region Head Quarter-II,Chhattisgarh,Western Region-II,Work Contract,10000000.00,,,07/07/2026,07/07/2026 :10:00,06/08/2026 :17:00,06/08/2026 :17:00,06/08/2026 :17:30,,Designation: Sr. Manager NTPC Limited USSC CPG-1 Western Region-II Head Quarter Plot No. 87 Sector-24 Atal Nagar Nava Raipur Raipur Chhattisgarh-492101 Phone: Fax: E-mail:  ilaanand@ntpc.co.in,https://ntpctender.ntpc.co.in/NITDetails/NITs/30036
30037,MTP-01-07072026,Vibration Analysis Contract,Vendor Development Cell (Raipur CG),Chhattisgarh,Western Region-II,Vendor Enlistment,,,,07/07/2026,07/07/2026 :10:00,25/08/2026 :23:55,25/08/2026 :23:55,,,Designation: DGM NTPC Limited Western Region-II Office Plot No. 87 Sector-24 Nava Raipur Chhattisgarh-492018 Phone: Fax: E-mail:  skbondara@ntpc.co.in,https://ntpctender.ntpc.co.in/NITDetails/NITs/30037
30038,62MEG-01-07072026,"Supply of Oil Filtration machines, with or without Vacuum de-hydration systems, for Fire
Resistant Fluids (FRFs), Turbine Oil, Lube oils & Hydraulic oils filtration purpose. Note
Oil filtration machines for Transformer Oils are not included under this enlistment",Vendor Development Cell (Raipur CG),Chhattisgarh,Western Region-II,Vendor Enlistment,,,,07/07/2026,07/07/2026 :10:00,22/09/2026 :23:55,22/09/2026 :23:55,,,Designation: DGM NTPC Limited Western Region-II Office Plot No. 87 Sector-24 Nava Raipur Chhattisgarh-492018 Phone: Fax: E-mail:  skbondara@ntpc.co.in,https://ntpctender.ntpc.co.in/NITDetails/NITs/30038
30039,GEM/2026/B/7723224,Hiring of Mobile Health Clinic (MHC) Unit for 3 Years at NTPC Darlipali.,Western Region Head Quarter-II,Chhattisgarh,Western Region-II,Work Contract,200000.00,,,03/07/2026,03/07/2026 :10:00,18/07/2026 :18:00,18/07/2026 :18:00,18/07/2026 :18:30,,"Designation: DGM NTPC Limited, Western Region-II Office,
Plot No. 87, Sector-24,
Nava Raipur, Chhattisgarh-492018 Phone: Fax: E-mail:  tapasmishra@ntpc.co.in",https://ntpctender.ntpc.co.in/NITDetails/NITs/30039
30040,NTPC/USSC-CPG1/9900328653,R&M of Turbine High-energy Drain Valves of MS/HRH Line of Rihand Stage1,Western Region Head Quarter-II,Chhattisgarh,Western Region-II,Work Contract,,,,07/07/2026,07/07/2026 :18:00,28/07/2026 :16:00,30/07/2026 :16:30,,,"Designation: Sr. Manager NTPC Limited, Central Procurement Group-I,
WR-II Office, Sector-24,
Nava Raipur, Chhattisgarh - 492018 Phone: Fax: E-mail:  vkbhojwani@ntpc.co.in",https://ntpctender.ntpc.co.in/NITDetails/NITs/30040
30041,GEM/2026/B/7717978,Deployment and Operation of Advanced Life Support (ALS) Ambulance for a period of 5 Years at NTPC Hospital Anta,Western Region Head Quarter-II,Chhattisgarh,Western Region-II,Services,,,,08/07/2026,08/07/2026 :15:50,20/07/2026 :16:00,20/07/2026 :16:00,20/07/2026 :16:30,,"Designation: DGM NTPC Limited, USSC, CPG-1,
Western Region-II Head Quarter,
Plot No. 87, Sector-24, Atal Nagar,
Nava Raipur, Raipur, Chhattisgarh-492101 Phone: Fax: E-mail:  pankajkumar07@ntpc.co.in",https://ntpctender.ntpc.co.in/NITDetails/NITs/30041
30042,GEM/2026/B/7745698,"Repair, Maintenance, and Installation of Plant/Systems/Equipments (Version 2) - Industry Unit CRN",IGSTPP: Aravali Power Copany Private Limited-Jhajjar (JV),Haryana,JVs & Subsidaries,Services,500000.00,,,07/07/2026,07/07/2026 :10:00,25/07/2026 :16:00,25/07/2026 :16:00,25/07/2026 :16:30,,"Designation: Manager APCPL, Indira Gandhi Super Thermal Power Project
PO Jharli, Dist. JHAJJAR (Haryana)-124141, INDIA Phone: Fax: E-mail:  hemameena@ntpc.co.in",https://ntpctender.ntpc.co.in/NITDetails/NITs/30042
30043,GEM/2026/B/7699692,Maintenance of 04 Numbers of Locomotives at NTPC Bongaigaon,Western Region Head Quarter-II,Chhattisgarh,Western Region-II,Services,500000.00,,,09/07/2026,09/07/2026 :10:00,24/07/2026 :15:00,24/07/2026 :15:00,24/07/2026 :15:30,,"Designation: Sr. Manager NTPC Limited, USSC, CPG-1,
Western Region-II Head Quarter,
Plot No. 87, Sector-24, Atal Nagar,
Nava Raipur, Raipur, Chhattisgarh-492101 Phone: Fax: E-mail:  madhuripatel@ntpc.co.in",https://ntpctender.ntpc.co.in/NITDetails/NITs/30043
30044,GEM/2026/B/7706808,Operation and Maintenance of 04 Nos. Pooling Sub-stations at 4750 MW Khavda RE Park of NREL for 03 Years,NTPC Green Energy Ltd. (NGEL),Uttar Pradesh,Corporate Center,Work Contract,2000000.00,,,09/07/2026,07/07/2026 :10:00,31/07/2026 :15:00,31/07/2026 :15:00,31/07/2026 :15:30,,Designation: DGM NTPC Renewable Energy Limited 4th Floor RE Building NETRA Complex E-3 Ecotech-II Udyog Vihar Greater Noida Gautam Budh Nagar UP India–201306 Phone: Fax: E-mail:  sanjaykumar@ntpc.co.in,https://ntpctender.ntpc.co.in/NITDetails/NITs/30044
30045,GEM/2026/B/7751504,Operation of Ash Brick Plant and NACA Plant at NTPC Sipat.,Western Region Head Quarter-II,Chhattisgarh,Western Region-II,Services,,,,10/07/2026,08/07/2026 :10:00,22/07/2026 :17:00,22/07/2026 :17:00,22/07/2026 :17:30,,"Designation: DGM NTPC Limited, USSC, CPG-1,
Western Region-II Head Quarter,
Plot No. 87, Sector-24, Atal Nagar,
Nava Raipur, Raipur, Chhattisgarh-492101 Phone: Fax: E-mail:  pankajkumar07@ntpc.co.in",https://ntpctender.ntpc.co.in/NITDetails/NITs/30045
30046,GEM/2026/B/7767016,"Hiring of Vehicle on Annual basis for 12 Months for 894.3MW Bellary Wind Project, Harapanahalli, Karnataka",Renewable Energy,Uttar Pradesh,Renewable Energy,Work Contract,,,,10/07/2026,10/07/2026 :10:00,20/07/2026 :17:00,20/07/2026 :17:00,20/07/2026 :17:30,,"Designation: DGM NTPC Renewable Energy Limited 4th Floor, NETRA Building E-3, Ecotech-II, Udyog Vihar, Greater Noida Gautam Buddha Nagar, Uttar Pradesh, India–201306 Phone: Fax: E-mail:  ajaipandey@ntpc.co.in",https://ntpctender.ntpc.co.in/NITDetails/NITs/30046
30047,GEM/2026/B/7715953,"BULK PROCUREMENT OF 65"" LED TV FOR PAN NTPC",Western Region Head Quarter-II,Chhattisgarh,Western Region-II,Work Contract,,,,10/07/2026,10/07/2026 :10:00,31/07/2026 :15:00,31/07/2026 :15:00,31/07/2026 :15:30,,"Designation: DGM NTPC Limited, Western Region-II Office,
Plot No. 87, Sector-24,
Nava Raipur, Chhattisgarh-492018 Phone: Fax: E-mail:  sushilmeena@ntpc.co.in",https://ntpctender.ntpc.co.in/NITDetails/NITs/30047
30048,GEM/2026/B/7719894,02Gbps P2P Link for PRADIP Data Migration from NTPC DR Centre to DC Noida,Corporate Contracts,Uttar Pradesh,Corporate Center,Services,,,,11/07/2026,11/07/2026 :10:00,15/07/2026 :15:00,15/07/2026 :15:00,15/07/2026 :15:30,,"Designation: Sr. Manager NTPC Ltd., Engineering Office Complex, Plot No. A-8A, Sector-24, NOIDA-201301, UP, India Phone: Fax: E-mail:  satishksharma@ntpc.co.in",https://ntpctender.ntpc.co.in/NITDetails/NITs/30048
30049,GEM/2026/B/7760344,"HIRING OF CAR, MARUTI –SWIFT DZIRE, AC, PETROL, BS-VI WITH DRIVER FOR USE OF GM (O&M)",NSPCL - Durgapur,West Bengal,JVs & Subsidaries,Work Contract,,,,13/07/2026,11/07/2026 :10:00,01/08/2026 :15:00,01/08/2026 :15:00,01/08/2026 :15:30,,"Designation: Sr. Manager NTPC-SAIL Power Company Ltd., Durgapur, West Bengal Phone: Fax: E-mail:  prabhulinga@nspcl.co.in",https://ntpctender.ntpc.co.in/NITDetails/NITs/30049
30050,GEM/2026/B/7735182,"Biennial Horticulture Maintenance Work in Nursery, CGM Bungalow and Township Area at NTPC Singrauli",Western Region Head Quarter-II,Chhattisgarh,Western Region-II,Work Contract,,,,14/07/2026,14/07/2026 :12:10,27/07/2026 :13:00,27/07/2026 :13:00,27/07/2026 :13:30,,"Designation: DGM NTPC Limited, Central Procurement Group-I,
WR-II Office, Sector-24,
Nava Raipur, Chhattisgarh - 492018 Phone: Fax: E-mail:  pankajkumar07@ntpc.co.in",https://ntpctender.ntpc.co.in/NITDetails/NITs/30050
30051,EOI/FA/NKSTPP/4,Expression of Interest (EoI) for Issue of FLY Ash from NTPC NKSTPP,North Karanpura Thermal Power,Jharkhand,Eastern Region-I,Miscellaneous (Others),,,,11/07/2026,11/07/2026 :10:00,10/08/2026 :17:00,10/08/2026 :17:00,,,"Designation: DGM NTPC North Karanpura Super Thermal Power Project
PO Tandwa, DisttChatra, Jharkhand-825415 Phone: Fax: E-mail:  ashutilizationnkstpp@ntpc.co.in",https://ntpctender.ntpc.co.in/NITDetails/NITs/30051
30052,EOI/BA/NKSTPP/4,Expression of Interest (EoI) for Issue of BOTTOM Ash from NTPC NKSTPP,North Karanpura Thermal Power,Jharkhand,Eastern Region-I,Miscellaneous (Others),,,,11/07/2026,11/07/2026 :10:00,10/08/2026 :17:00,10/08/2026 :17:00,,,"Designation: DGM NTPC North Karanpura Super Thermal Power Project
PO Tandwa, DisttChatra, Jharkhand-825415 Phone: Fax: E-mail:  ashutilizationnkstpp@ntpc.co.in",https://ntpctender.ntpc.co.in/NITDetails/NITs/30052
30053,EOI/PA/NKSTPP/4,Expression of Interest (EoI) for Issue of POND Ash from NTPC NKSTPP,North Karanpura Thermal Power,Jharkhand,Eastern Region-I,Miscellaneous (Others),,,,11/07/2026,11/07/2026 :10:00,10/08/2026 :17:00,10/08/2026 :17:00,,,"Designation: DGM NTPC North Karanpura Super Thermal Power Project
PO Tandwa, DisttChatra, Jharkhand-825415 Phone: Fax: E-mail:  ashutilizationnkstpp@ntpc.co.in",https://ntpctender.ntpc.co.in/NITDetails/NITs/30053
30054,MBRAPP/CMM/2026/NIMEP/01,"Nuclear Island Mega EPC Package (NIMEP) for Mahi Banswara Rajasthan Atomic Power Project, Units 1 to 4",ASHVINI (AnuShatki Vidhyut Nigam) Ltd.,Rajasthan,JVs & Subsidaries,Work Contract,,,,15/07/2026,15/07/2026 :10:00,30/09/2026 :15:00,30/09/2026 :15:00,06/10/2026 :11:00,,"Designation: Sr. Manager Mahi Banswara Rajasthan Atomic Power Project (MBRAPP) Anushakti Vidhyut Nigam Limited (ASHVINI) BANSWARA, RAJASTHAN - 327001 Phone: Fax: E-mail:  avadheshupadhyay@ntpc.co.in",https://ntpctender.ntpc.co.in/NITDetails/NITs/30054
30055,NTPC-REL-CS-VEHICLE-BIKANER-400055040,Hiring of 01 No. 4 - Wheel Drive Vehicle for Block-VI (300MW) PV Project for 02 Years,Renewable Energy,Uttar Pradesh,Renewable Energy,Work Contract,,,,15/07/2026,15/07/2026 :10:00,25/07/2026 :17:00,25/07/2026 :17:00,25/07/2026 :17:30,,"Designation: DGM NTPC Renewable Energy Limited 4th Floor, NETRA Building E-3, Ecotech-II, Udyog Vihar, Greater Noida Gautam Buddha Nagar, Uttar Pradesh, India–201306 Phone: Fax: E-mail:  ajaipandey@ntpc.co.in",https://ntpctender.ntpc.co.in/NITDetails/NITs/30055
30056,GEM/2026/B/7737413,Deployment of Ambulance (ALS & BLS) with Trained Manpower at Dr. Kotnis Hospital NTPC Solapur for the period of 5 Years,Western Region Head Quarter-II,Chhattisgarh,Western Region-II,Work Contract,,,,16/07/2026,16/07/2026 :10:00,28/07/2026 :10:00,28/07/2026 :10:00,28/07/2026 :10:30,,"Designation: DGM NTPC Limited, USSC, CPG-1,
Western Region-II Head Quarter,
Plot No. 87, Sector-24, Atal Nagar,
Nava Raipur, Raipur, Chhattisgarh-492101 Phone: Fax: E-mail:  pankajkumar07@ntpc.co.in",https://ntpctender.ntpc.co.in/NITDetails/NITs/30056
30057,GEM/2026/B/7776008,Procurement of Portable Conductivity Meters,NTECL: NTPC TamilNadu Energy Company Ltd.,Tamilnadu,JVs & Subsidaries,Work Contract,,,,15/07/2026,15/07/2026 :10:00,01/08/2026 :17:00,01/08/2026 :17:00,01/08/2026 :17:30,,"Designation: Sr. Manager NTECL, Vallur Thermal Power Project,
Site Office Vellivoyal Chavadi Post,
Ponneri Taluk, Thiruvallur District, Chennai-600103, Tamilnadu Phone: Fax: E-mail:  nchaplot@ntpc.co.in",https://ntpctender.ntpc.co.in/NITDetails/NITs/30057
30058,NTPC/USSC-CPG1/9900329886,Supply and Replacement of S-panel Tubes for Stage1(2500MW) Units at NTPC Rihand,Western Region Head Quarter-II,Chhattisgarh,Western Region-II,Work Contract,,,,16/07/2026,16/07/2026 :11:00,03/08/2026 :15:00,03/08/2026 :15:00,05/08/2026 :15:00,,"Designation: DGM NTPC Limited, USSC, CPG-1,
Western Region-II Head Quarter,
Plot No. 87, Sector-24, Atal Nagar,
Nava Raipur, Raipur, Chhattisgarh-492101 Phone: Fax: E-mail:  ajaykumarshivhare@ntpc.co.in",https://ntpctender.ntpc.co.in/NITDetails/NITs/30058
30059,NRE-CS-5779-003(BOS)-9,"BALANCE OF SYSTEM PACKAGE FOR 110 MW WIND ENERGY PROJECT AT KHAVDA, GUJARAT",Renewable Energy,Uttar Pradesh,Renewable Energy,Work Contract,,,,16/07/2026,16/07/2026 :17:00,26/07/2026 :17:00,10/08/2026 :15:00,10/08/2026 :15:30,,"Designation: DGM NTPC Renewable Energy Limited
4th Floor, Renewables Building, NETRA Complex
E-3, Eco tech-II, Udyog Vihar, Greater Noida
Gautam Buddha Nagar, Uttar Pradesh, India–201306 Phone: Fax: E-mail:  amitkumar22@ntpc.co.in",https://ntpctender.ntpc.co.in/NITDetails/NITs/30059
30060,EOI/EMGAU/PA/2026/RIHAND,"EOI for Issue of Pond Ash on Free of Cost, First come First Served Basis with Transportation by Bidder, from NTPC Rihand",Rihand Super Thermal Power Project,Uttar Pradesh,Northern Region,Miscellaneous (Others),,,,17/07/2026,17/07/2026 :10:00,30/07/2026 :17:00,30/07/2026 :17:00,,,"Designation: DGM RIHAND SUPER THERMAL POWER STATION (RhSTPS)
PO Rihand Nagar, Dist. Sonebhadra, Uttar Pradesh-231223 Phone: Fax: E-mail:  emgrihand@ntpc.co.in",https://ntpctender.ntpc.co.in/NITDetails/NITs/30060
30061,NTPC/EOC/9900329904,On-Premises SAP SRM Database License (HANA Runtime ASE Alternative) and Enterprise Support,Corporate Contracts,Uttar Pradesh,Corporate Center,Services,,,,17/07/2026,17/07/2026 :11:00,27/07/2026 :15:00,27/07/2026 :15:00,28/07/2026 :16:30,,Designation: Sr. Manager NTPC Ltd. Engineering Office Complex Plot No. A-8A Sector-24 NOIDA-201301 UP India Phone: Fax: E-mail:  satishksharma@ntpc.co.in,https://ntpctender.ntpc.co.in/NITDetails/NITs/30061
30062,NTPC/USSC-CPG1/9900329389,"Maintenance of Horticulture Work at NTPC Eco Park (Phase-I & II) at Badarpur, New Delhi",Western Region Head Quarter-II,Chhattisgarh,Western Region-II,Services,500000.00,,,17/07/2026,17/07/2026 :12:00,03/08/2026 :13:00,03/08/2026 :13:00,04/08/2026 :15:00,,"Designation: AGM NTPC Limited, Western Region-II Office,
Plot No. 87, Sector-24,
Nava Raipur, Chhattisgarh-492018 Phone: Fax: E-mail:  kkarora@ntpc.co.in",https://ntpctender.ntpc.co.in/NITDetails/NITs/30062
30063,GEM/2026/B/7761460,"Biennial Track Maintenance for NTPC Lara MGR Connection from Cabin-4 to Talaipalli
Mines, Chakardharnagar Up and Down Lines and Cabin-3 to Kotarlia",Western Region Head Quarter-II,Chhattisgarh,Western Region-II,Work Contract,,,,09/07/2026,09/07/2026 :10:00,27/07/2026 :15:00,27/07/2026 :15:00,27/07/2026 :15:30,,"Designation: AGM NTPC Limited, USSC, CPG-1,
Western Region-II Head Quarter,
Plot No. 87, Sector-24, Atal Nagar,
Nava Raipur, Raipur, Chhattisgarh-492101 Phone: Fax: E-mail:  anilgupta03@ntpc.co.in",https://ntpctender.ntpc.co.in/NITDetails/NITs/30063
30064,NTPC/Unchahar/FlyAsh/EoI/2026-27/01,"INVITATION FOR EXPRESSION OF INTEREST (EOI) For Fly Ash supply to Micro and Small Enterprises
(MSE’s) and Local Users (situated within 100 Kms radial distance from NTPC UNCHAHAR)
engaged in ash-based products manufacturing from NTPC- Unchahar Super Thermal Power Station",Unchahar Super Thermal Power Project,Uttar Pradesh,Northern Region,Miscellaneous (Others),,,,18/07/2026,18/07/2026 :10:00,27/07/2026 :18:00,27/07/2026 :18:00,,,"Designation: Sr. Manager NTPC UNCHAHAR SUPER THERMAL POWER STATION,
Unchahar, District, Raebareli, Uttar Pradesh-229406 Phone: Fax: E-mail:  girishsarsiya@ntpc.co.in",https://ntpctender.ntpc.co.in/NITDetails/NITs/30064
30065,GEM/2026/B/7786035,Procurement of Bearings (Cat C Type),NTECL: NTPC TamilNadu Energy Company Ltd.,Tamilnadu,JVs & Subsidaries,Work Contract,,,,17/07/2026,17/07/2026 :10:00,07/08/2026 :15:00,07/08/2026 :15:00,07/08/2026 :15:30,,"Designation: Sr. Manager NTECL, Vallur Thermal Power Station, Kuruvimedu Village, Ponneri Taluk, Vellivoyal Chavadi Post, Thiruvallur District, Chennai - 600103 Phone: Fax: E-mail:  vckamal@ntpc.co.in",https://ntpctender.ntpc.co.in/NITDetails/NITs/30065
30066,GEM/2026/B/7676606,"Procurement of Wire Mesh, Finbar and Split Collar",NTECL: NTPC TamilNadu Energy Company Ltd.,Tamilnadu,JVs & Subsidaries,Work Contract,,,,17/07/2026,17/07/2026 :10:00,07/08/2026 :16:00,07/08/2026 :16:00,07/08/2026 :16:30,,"Designation: Sr. Manager NTECL, Vallur Thermal Power Station, Kuruvimedu Village, Ponneri Taluk, Vellivoyal Chavadi Post, Thiruvallur District, Chennai - 600103 Phone: Fax: E-mail:  vckamal@ntpc.co.in",https://ntpctender.ntpc.co.in/NITDetails/NITs/30066
30067,GEM/2026/B/7771557,Steel Cord Conveyor Belt for CHP NTPC Mouda,Western Region Head Quarter-II,Chhattisgarh,Western Region-II,Work Contract,,,,17/07/2026,17/07/2026 :10:00,07/08/2026 :15:00,07/08/2026 :15:00,07/08/2026 :15:30,,"Designation: Sr. Manager NTPC Limited, Western Region-II Office,
Plot No. 87, Sector-24,
Nava Raipur, Chhattisgarh-492018 Phone: Fax: E-mail:  skkumar01@ntpc.co.in",https://ntpctender.ntpc.co.in/NITDetails/NITs/30067
30068,EOI/DFA/NSTPS/2026-27/01,"Fly Ash Supply to Micro and Small Enterprises (MSEs) / Local Users
(situated within 100 Kms radial distance from station) engaged in ash based
products manufacturing as per Para D(4) Inserted to The MoEF&CC
Notification on Ash Utilisation from Coal or Lignite Thermal Power
Plants Dated 31.12.2021 Amended an 01.01.2024, on concessional rates,
‘as is where is’ basis, from NTPC Nabinagar",Nabinagar Power Generating Company (P) Limited (NPGC-JV),Bihar,JVs & Subsidaries,Miscellaneous (Others),,,,19/07/2026,19/07/2026 :10:00,02/08/2026 :17:00,02/08/2026 :17:00,,,"Designation: AGM NTPC NABINAGAR THERMAL POWER STATION, 
AURANGABAD, BIHAR Phone: Fax: E-mail:  audnstps@ntpc.co.in",https://ntpctender.ntpc.co.in/NITDetails/NITs/30068
30069,GEM/2026/B/7793843,PROCUREMENT OF SS 316 L FLANGES FOR ASH HANDLING,NTECL: NTPC TamilNadu Energy Company Ltd.,Tamilnadu,JVs & Subsidaries,Work Contract,50000.00,,,18/07/2026,10/08/2026 :10:00,31/08/2026 :18:00,31/08/2026 :18:00,31/08/2026 :18:30,,Designation: AGM NTPC Tamilnadu Energy Co. Ltd NTECL Vallur Thermal Power Station Chennai - 600103 Phone: Fax: E-mail:  lokanathams@ntpc.co.in,https://ntpctender.ntpc.co.in/NITDetails/NITs/30069
30070,GEM/2026/B/7790839,Procurement of Ultrapure Water System for Chemistry Lab,NTECL: NTPC TamilNadu Energy Company Ltd.,Tamilnadu,JVs & Subsidaries,Work Contract,,,,18/07/2026,18/07/2026 :10:00,08/08/2026 :13:00,08/08/2026 :13:00,08/08/2026 :13:30,,"Designation: DGM NTECL, Vallur Thermal Power Project,
Site Office Vellivoyal Chavadi Post,
Ponneri Taluk, Thiruvallur District, Chennai-600103, Tamilnadu Phone: Fax: E-mail:  nchaplot@ntpc.co.in",https://ntpctender.ntpc.co.in/NITDetails/NITs/30070
30071,GEM/2026/B/7797544,"ODC Route Survey for Rani Dongri, CG & Banka, Bihar",Corporate Contracts,Uttar Pradesh,Corporate Center,Services,,,,21/07/2026,21/07/2026 :10:00,05/08/2026 :15:00,05/08/2026 :15:00,05/08/2026 :15:30,,"Designation: Sr. Manager NTPC Ltd., Engineering Office Complex, Plot No. A-8A, Sector-24, NOIDA-201301, UP, India Phone: Fax: E-mail:  satishksharma@ntpc.co.in",https://ntpctender.ntpc.co.in/NITDetails/NITs/30071
30072,NTPC/USSC-CPG1/9900329643,R&M of AEP GEAR BOX of Rihand St1 under R&M (Cycle 24 - 29).,Western Region Head Quarter-II,Chhattisgarh,Western Region-II,Services,,,,17/07/2026,17/07/2026 :18:00,08/08/2026 :16:00,08/08/2026 :16:00,,,"Designation: Sr. Manager NTPC Limited, Central Procurement Group-I,
WR-II Office, Sector-24,
Nava Raipur, Chhattisgarh - 492018 Phone: Fax: E-mail:  vkbhojwani@ntpc.co.in",https://ntpctender.ntpc.co.in/NITDetails/NITs/30072
30073,NTPC/USSC-CPG1/9900329430,"Augmentation and R&M of Existing Fire Detection & Protection System at CHP stage 1 & 2, NTPC Korba",Western Region Head Quarter-II,Chhattisgarh,Western Region-II,Work Contract,,,,21/07/2026,21/07/2026 :11:00,10/08/2026 :15:00,10/08/2026 :15:00,12/08/2026 :15:00,,"Designation: DGM NTPC Limited, USSC, CPG-1,
Western Region-II Head Quarter,
Plot No. 87, Sector-24, Atal Nagar,
Nava Raipur, Raipur, Chhattisgarh-492101 Phone: Fax: E-mail:  ajaykumarshivhare@ntpc.co.in",https://ntpctender.ntpc.co.in/NITDetails/NITs/30073
30074,NTPC/USSC-CPG1/9900329767,"Replacement of Existing 250MVA 400/220/33KV AUTO Transformers-3,4 (2 Nos) with 500MVA 400/220/33KV Transformers at NTPC Ramagundam",Western Region Head Quarter-II,Chhattisgarh,Western Region-II,Work Contract,,,,21/07/2026,21/07/2026 :15:00,10/08/2026 :15:00,10/08/2026 :15:00,12/08/2026 :15:00,,"Designation: DGM NTPC Limited, USSC, CPG-1,
Western Region-II Head Quarter,
Plot No. 87, Sector-24, Atal Nagar,
Nava Raipur, Raipur, Chhattisgarh-492101 Phone: Fax: E-mail:  ajaykumarshivhare@ntpc.co.in",https://ntpctender.ntpc.co.in/NITDetails/NITs/30074
30075,GEM/2026/B/7790991,"Bi Annual Contract for Round the Clock Assistance in Operation of S&T System at NSPCL, Rourkela",NTPC-SAIL Power Company Limited (NSPCL) - Bhilai,Chhattisgarh,JVs & Subsidaries,Work Contract,200000.00,,,21/07/2026,20/07/2026 :10:00,10/08/2026 :15:00,10/08/2026 :15:00,10/08/2026 :15:30,,"Designation: Sr. Manager NSPCL, SSC, Bhilai,
Expansion Site, Near Purena Village,
Bhilai (East), PO Dist. Durg, Chhattisgarh-490021 Phone: Fax: E-mail:  pratibhasoni@nspcl.co.in",https://ntpctender.ntpc.co.in/NITDetails/NITs/30075
30076,GEM/2026/B/7763483,HIRING OF 1 CAR ON RENTAL BASIS FOR TWO YEARS FOR RIO HARIDWAR,Corporate Contracts,Uttar Pradesh,Corporate Center,Work Contract,,,,21/07/2026,21/07/2026 :10:00,05/08/2026 :16:00,05/08/2026 :16:00,05/08/2026 :16:30,,"Designation: Manager NTPC Ltd., Engineering Office Complex,
Plot No. A-8A, Sector-24, NOIDA-201301, UP, India Phone: Fax: E-mail:  shilpakareddy@ntpc.co.in",https://ntpctender.ntpc.co.in/NITDetails/NITs/30076
30077,GEM/2026/B/7791611,AMC of ELGA Make Ultra Purification System for Five Years,Corporate Contracts,Uttar Pradesh,Corporate Center,Work Contract,,,,21/07/2026,21/07/2026 :10:00,28/07/2026 :16:00,28/07/2026 :16:00,28/07/2026 :16:30,,"Designation: Manager NTPC Ltd., Engineering Office Complex,
Plot No. A-8A, Sector-24, NOIDA-201301, UP, India Phone: Fax: E-mail:  shilpakareddy@ntpc.co.in",https://ntpctender.ntpc.co.in/NITDetails/NITs/30077
30078,GEM/2026/B/7785617,AMC of KRUSS Make Tensiometer Instrument for Two Years,Corporate Contracts,Uttar Pradesh,Corporate Center,Work Contract,,,,21/07/2026,21/07/2026 :10:00,28/07/2026 :16:00,28/07/2026 :16:00,28/07/2026 :16:30,,"Designation: Manager NTPC Ltd., Engineering Office Complex,
Plot No. A-8A, Sector-24, NOIDA-201301, UP, India Phone: Fax: E-mail:  shilpakareddy@ntpc.co.in",https://ntpctender.ntpc.co.in/NITDetails/NITs/30078
30079,GEM/2026/B/7817186,Service Contract for Conducting Performance/Efficiency Testing for U1&2 (2800MW),Western Region Head Quarter-II,Chhattisgarh,Western Region-II,Services,,,,21/07/2026,21/07/2026 :10:00,11/08/2026 :16:00,11/08/2026 :16:00,11/08/2026 :16:30,,"Designation: DGM NTPC Limited, Western Region-II Office,
Plot No. 87, Sector-24,
Nava Raipur, Chhattisgarh-492018 Phone: Fax: E-mail:  hariomkumar@ntpc.co.in",https://ntpctender.ntpc.co.in/NITDetails/NITs/30079
30080,PVUNL/Patratu/9900328204,Design and Construction of Swimming Pool at Main Township PVUNL Patratu,Patratu Vidyut Utpadan Nigam Limited (Subsidiary),Jharkhand,JVs & Subsidaries,Work Contract,,,,21/07/2026,21/07/2026 :18:35,11/08/2026 :11:00,11/08/2026 :11:00,13/08/2026 :11:00,,"Designation: AGM PATRATU VIDYUT UTPADAN NIGAM LIMITED,
PO PTPS, Dist. Ramgarh, Jharkhand-829119 Phone: Fax: E-mail:  sudebhalder@ntpc.co.in",https://ntpctender.ntpc.co.in/NITDetails/NITs/30080
30081,CS-9590-001D-9,"Development, Design and Setup of 10 MLD Water Treatment Plant (WTP), Fire Fighting System and 132/33KV GIS Substation at NTPC Pudimadaka",Corporate Contracts,Uttar Pradesh,Corporate Center,Work Contract,20000000.00,,,22/07/2026,23/07/2026 :11:00,10/09/2026 :13:00,10/09/2026 :13:00,10/09/2026 :15:30,,Designation: Sr. Manager NTPC Limited Plot A-8A Sector 24 Noida-201301 State of U.P. India Phone: Fax: E-mail:  rohitgautam@ntpc.co.in,https://ntpctender.ntpc.co.in/NITDetails/NITs/30081
30082,GEM/2026/B/7732168,Cyber Security Audit of OT & IT Systems Across NTPC and Web & Mobile Applications Audit for a Period of 3 Years,"Corporate Materials (EOC, Scope, PMI, NETRA)",Uttar Pradesh,Corporate Center,Work Contract,1000000.00,,,23/07/2026,23/07/2026 :10:00,15/09/2026 :17:00,15/09/2026 :17:00,15/09/2026 :17:30,,Designation: Sr. Manager NTPC Ltd. Engineering Office Complex Plot No. A-8A Sector-24 NOIDA-201301 UP India Phone: Fax: E-mail:  rajeshkumarmeena01@ntpc.co.in,https://ntpctender.ntpc.co.in/NITDetails/NITs/30082
30083,GEM/2026/B/7823456,"HIRING OF HYVAS, PAY LOADER AND EXCAVATOR FOR ASH MANAGEMENT FOR NTPC NORTH
KARANPURA",Western Region Head Quarter-II,Chhattisgarh,Western Region-II,Work Contract,200000.00,,,23/07/2026,23/07/2026 :10:00,13/08/2026 :17:00,13/08/2026 :17:00,13/08/2026 :17:30,,"Designation: Sr. Manager NTPC Limited, USSC, CPG-1,
Western Region-II Head Quarter,
Plot No. 87, Sector-24, Atal Nagar,
Nava Raipur, Raipur, Chhattisgarh-492101 Phone: Fax: E-mail:  ssundarnayak@ntpc.co.in",https://ntpctender.ntpc.co.in/NITDetails/NITs/30083
30084,GEM/2026/B/7823726,"Biennial Maintenance Contract for MGR Priority Line Kotarlia to LARA, Inplant Yard and R&D Yard",Western Region Head Quarter-II,Chhattisgarh,Western Region-II,Services,2000000.00,,,23/07/2026,23/07/2026 :10:00,13/08/2026 :16:00,13/08/2026 :16:00,13/08/2026 :16:30,,"Designation: DGM NTPC Limited, Western Region-II Office,
Plot No. 87, Sector-24,
Nava Raipur, Chhattisgarh-492018 Phone: Fax: E-mail:  hariomkumar@ntpc.co.in",https://ntpctender.ntpc.co.in/NITDetails/NITs/30084
30085,NTPC/Sipat/2026-27/AUD/EOI/01,"EOI for Issue of Pond ash on Free of Cost, First come First Served Basis
(transportation cost to borne by the bidder) from NTPC SIPAT",Sipat Super Thermal Power Project,Chhattisgarh,Western Region-II,Miscellaneous (Others),,,,24/07/2026,24/07/2026 :10:00,07/08/2026 :17:00,07/08/2026 :17:00,,,"Designation: DGM NTPC SIPAT THERMAL POWER STATION,
PO Ujwal Nagar Tehsil Sipat Dist Bilaspur (CG) Phone: Fax: E-mail:  ausipat@ntpc.co.in",https://ntpctender.ntpc.co.in/NITDetails/NITs/30085
30086,9900330148,R&M Work in WR1 HQs Office Andheri East MIDC Marol Mumbai,Western Region Head Quarter-II,Chhattisgarh,Western Region-II,Work Contract,,,,24/07/2026,24/07/2026 :14:00,17/08/2026 :16:00,17/08/2026 :16:00,18/08/2026 :16:00,,"Designation: DGM NTPC Limited, USSC, CPG-1,
Western Region-II Head Quarter,
Plot No. 87, Sector-24, Atal Nagar
Nava Raipur, Raipur, Chhattisgarh-492018 Phone: Fax: E-mail:  pankajkumar07@ntpc.co.in",https://ntpctender.ntpc.co.in/NITDetails/NITs/30086
30087,CS-9590-154-9,"EPC package for Development of 10 MLD Demineralisation Plant for NGEL Green Hydrogen Hub Pudimadaka, Anakapalli District, Andhra Pradesh",Corporate Contracts,Uttar Pradesh,Corporate Center,Work Contract,20000000.00,,,24/07/2026,05/08/2026 :17:00,02/09/2026 :13:00,02/09/2026 :13:00,02/09/2026 :15:30,,"Designation: DGM NTPC Limited,
Plot A-8A, Sector 24, Noida-201301
State of U.P. India Phone: Fax: E-mail:  shailendrakrsrivastava@ntpc.co.in",https://ntpctender.ntpc.co.in/NITDetails/NITs/30087
30088,GEM/2026/B/7817503,Procurement of  Cast Basalt Pipes and Fittings for Ash Slurry Disposal Pipe Lines,NTECL: NTPC TamilNadu Energy Company Ltd.,Tamilnadu,JVs & Subsidaries,Work Contract,200000.00,,,24/07/2026,24/07/2026 :10:00,14/08/2026 :17:00,14/08/2026 :17:00,14/08/2026 :17:30,,"Designation: AGM NTPC Tamilnadu Energy Co. Ltd (NTECL),
Vallur Thermal Power Station, 
Chennai - 600103 Phone: Fax: E-mail:  lokanathams@ntpc.co.in",https://ntpctender.ntpc.co.in/NITDetails/NITs/30088
30089,GEM/2026/B/7821204,Procurement of Dewatering Pumps for NTECL Vallur,NTECL: NTPC TamilNadu Energy Company Ltd.,Tamilnadu,JVs & Subsidaries,Work Contract,,,,24/07/2026,24/07/2026 :10:00,14/08/2026 :18:00,14/08/2026 :18:00,14/08/2026 :18:30,,"Designation: AGM NTPC Tamilnadu Energy Co. Ltd (NTECL), Vallur Thermal Power Station, Chennai - 600103 Phone: Fax: E-mail:  lokanathams@ntpc.co.in",https://ntpctender.ntpc.co.in/NITDetails/NITs/30089
30090,GEM/2026/B/7833078,Procurement of 1200 NB Butterfly Valve Complete Assembly,NTECL: NTPC TamilNadu Energy Company Ltd.,Tamilnadu,JVs & Subsidaries,Work Contract,,,,24/07/2026,24/07/2026 :10:00,14/08/2026 :18:00,14/08/2026 :18:00,14/08/2026 :18:30,,"Designation: AGM NTPC Tamilnadu Energy Co. Ltd (NTECL), Vallur Thermal Power Station, Chennai - 600103 Phone: Fax: E-mail:  lokanathams@ntpc.co.in",https://ntpctender.ntpc.co.in/NITDetails/NITs/30090
30091,EOI/AU-Barauni/DryFlyAsh/2026,INVITATION FOR EXPRESSION OF INTEREST (EOI) for Fly Ash supply to Micro and Small Enterprises (MSEs) / Local Users at NTPC Barauni,Barauni Thermal Power Station,Bihar,Eastern Region-I,Miscellaneous (Others),,,,25/07/2026,25/07/2026 :10:00,05/08/2026 :17:00,05/08/2026 :17:00,,,"Designation: DGM NTPC BARAUNI THERMAL POWER STATION,
Begusarai, Bihar-851116 Phone: Fax: E-mail:  audbarauni@ntpc.co.in",https://ntpctender.ntpc.co.in/NITDetails/NITs/30091
30092,GEM/2026/B/7781032,procurement of 400KV Bus Post Insulators,NTECL: NTPC TamilNadu Energy Company Ltd.,Tamilnadu,JVs & Subsidaries,Work Contract,,,,25/07/2026,25/07/2026 :10:00,17/08/2026 :17:00,17/08/2026 :17:00,17/08/2026 :17:30,,"Designation: DGM NTECL, Vallur Thermal Power Project, Kuruvimedu Village,
Ponneri Taluk, Vellivayal Chavadi Post, Thiruvallur Dist. Chennai-600103 Phone: Fax: E-mail:  nchaplot@ntpc.co.in",https://ntpctender.ntpc.co.in/NITDetails/NITs/30092
30093,GEM/2026/B/7800074,Procurement of Hydraulic Jacks With Pump Set for TG Overhauling And Maintenance,NTECL: NTPC TamilNadu Energy Company Ltd.,Tamilnadu,JVs & Subsidaries,Work Contract,,,,25/07/2026,24/07/2026 :10:00,14/08/2026 :11:00,14/08/2026 :11:00,14/08/2026 :11:30,,"Designation: Sr. Manager NTECL, Vallur Thermal Power Project, Kuruvimedu Village,
Ponneri Taluk, Vellivayal Chavadi Post, Thiruvallur Dist. Chennai-600103 Phone: Fax: E-mail:  vckamal@ntpc.co.in",https://ntpctender.ntpc.co.in/NITDetails/NITs/30093
30094,GEM/2026/B/7704484,Procurement of Ordinary Portland Cement (V3) Conforming to IS 269 for Bulk Buying (Q3),NTECL: NTPC TamilNadu Energy Company Ltd.,Tamilnadu,JVs & Subsidaries,Work Contract,,,,24/07/2026,24/07/2026 :10:00,14/08/2026 :12:00,14/08/2026 :12:00,14/08/2026 :12:30,,"Designation: Sr. Manager NTECL, Vallur Thermal Power Project, Kuruvimedu Village,
Ponneri Taluk, Vellivayal Chavadi Post, Thiruvallur Dist. Chennai-600103 Phone: Fax: E-mail:  vckamal@ntpc.co.in",https://ntpctender.ntpc.co.in/NITDetails/NITs/30094
30095,CCG-15-27072026,Enlistment of Agencies for 2D Seismic Reflection Study for Nuclear Power Projects,"Corporate Materials (EOC, Scope, PMI, NETRA)",Uttar Pradesh,Corporate Center,Services,,,,24/07/2026,27/07/2026 :10:00,17/08/2026 :17:00,17/08/2026 :17:00,,,"Designation: DGM NTPC LIMITED,
6th Floor, EOC,
Plot No A-8A, Sector-24, Noida-201301
Dist Gautambudh Nagar, Uttar Pradesh Phone: Fax: E-mail:  ishteyaqueali@ntpc.co.in",https://ntpctender.ntpc.co.in/NITDetails/NITs/30095
30096,GEM/2026/B/7799109,Procurement of Oil Free Screw Compressors for Instrument Air System & Transport Air System of DAES PP-2 Durgapur,NTPC-SAIL Power Company Limited (NSPCL) - Bhilai,Chhattisgarh,JVs & Subsidaries,Work Contract,,,,27/07/2026,27/07/2026 :10:00,17/08/2026 :16:00,17/08/2026 :16:00,17/08/2026 :16:30,,"Designation: Asstt. Manager NTPC–SAIL POWER COMPANY LIMITED, PO Bhilai, East, Distt. Durg, Chhattisgarh-490021 Phone: Fax: E-mail:  r.k.verma@nspcl.co.in",https://ntpctender.ntpc.co.in/NITDetails/NITs/30096
30097,GEM/2026/B/7822227,AMC including Calibration of Direct Mercury Analyzer (DMA) at NETRA,Corporate Contracts,Uttar Pradesh,Corporate Center,Work Contract,,,,27/07/2026,27/07/2026 :10:00,06/08/2026 :15:00,06/08/2026 :15:00,06/08/2026 :15:30,,"Designation: Manager NTPC Limited, Engineering Office Complex,
Plot No. A-8A, Sector-24, NOIDA, Dist. Gautam Budh Nagar, Uttar Pradesh-201301 Phone: Fax: E-mail:  shilpakareddy@ntpc.co.in",https://ntpctender.ntpc.co.in/NITDetails/NITs/30097
30098,GEM/2026/B/7821120,Implementation of Internal Enterprise App Distribution Solution,Corporate Contracts,Uttar Pradesh,Corporate Center,Work Contract,,,,27/07/2026,27/07/2026 :10:00,17/08/2026 :16:00,17/08/2026 :16:00,17/08/2026 :16:30,,Designation: Sr. Manager NTPC Limited Engineering Office Complex Plot No. A-8A Sector-24 NOIDA Dist. Gautam Budh Nagar Uttar Pradesh-201301 Phone: Fax: E-mail:  shilpakareddy@ntpc.co.in,https://ntpctender.ntpc.co.in/NITDetails/NITs/30098
30099,NTPC/USSC-CPG1/9900330268,SUPPLY STACKING and SPREADING OF 4000m3 65 MM MACHINE CRUSHED STONE BALLAST FOR TRACK MAINTENANCE WORK OF NTPC BARH,Western Region Head Quarter-II,Chhattisgarh,Western Region-II,Work Contract,,,,27/07/2026,27/07/2026 :16:00,10/08/2026 :15:00,10/08/2026 :15:00,12/08/2026 :15:00,,"Designation: Sr. Manager NTPC Limited, Western Region-II Office,
Plot No. 87, Sector-24,
Nava Raipur, Chhattisgarh-492018 Phone: Fax: E-mail:  madhuripatel@ntpc.co.in",https://ntpctender.ntpc.co.in/NITDetails/NITs/30099
30100,GEM/2026/B/7732306,Procurement of Battery Operated Trucks,NTECL: NTPC TamilNadu Energy Company Ltd.,Tamilnadu,JVs & Subsidaries,Work Contract,,,,27/07/2026,27/07/2026 :10:00,17/08/2026 :17:00,17/08/2026 :17:00,17/08/2026 :17:30,,"Designation: Sr. Manager NTECL,
Vallur Thermal Power Station,
Post- Vellivoyal Chavadi, 
Taluk - Ponneri  Dist. Thiruvallur, Chennai-600103 Phone: Fax: E-mail:  vckamal@ntpc.co.in",https://ntpctender.ntpc.co.in/NITDetails/NITs/30100
30101,NTPC/USSC-CPG1/9900329942,Procurement of 200MVA Generator Transformer for Stage 2 NTPC Korba,Western Region Head Quarter-II,Chhattisgarh,Western Region-II,Work Contract,,,,28/07/2026,28/07/2026 :17:00,17/08/2026 :15:00,17/08/2026 :15:00,19/08/2026 :15:00,,"Designation: DGM NTPC Limited, USSC, CPG-1,
Western Region-II Head Quarter,
Plot No. 87, Sector-24, Atal Nagar,
Nava Raipur, Raipur, Chhattisgarh-492101 Phone: Fax: E-mail:  ajaykumarshivhare@ntpc.co.in",https://ntpctender.ntpc.co.in/NITDetails/NITs/30101
30102,NTPC/EOC/9900329451,"Operation and Maintenance for Electrical system, O&M of RO & STP cum ETP, AC
Maintenance, and Building Maintenance of Civil and Horticulture Works at NTPC NETRA",Corporate Contracts,Uttar Pradesh,Corporate Center,Work Contract,1000000.00,,,28/07/2026,28/07/2026 :10:00,18/08/2026 :15:00,18/08/2026 :15:00,19/08/2026 :15:30,,Designation: Sr. Manager NTPC Limited Plot A-8A Sector 24 Noida-201301 State of U.P. India Phone: Fax: E-mail:  shilpakareddy@ntpc.co.in,https://ntpctender.ntpc.co.in/NITDetails/NITs/30102
30103,GEM/2026/B/7786382,FMS Services for Two Month,"Corporate Materials (EOC, Scope, PMI, NETRA)",Uttar Pradesh,Corporate Center,Services,,,,28/07/2026,28/07/2026 :10:00,04/08/2026 :16:00,04/08/2026 :16:00,04/08/2026 :16:30,,"Designation: Sr. Manager NTPC Ltd - EOC Office ,Plot No. A-8A Sector 24, Block A, Sector 24, Noida, Uttar Pradesh 201301 Phone: Fax: E-mail:  rajeshkumarmeena01@ntpc.co.in",https://ntpctender.ntpc.co.in/NITDetails/NITs/30103
30104,NSTPP/AU/PA/EOI-1/2026,"EOI for Pond Ash on Free of Cost, First come First Served Basis with
Lifting and Transportation by Bidder, from NTPC Nabinagar",Nabinagar Power Generating Company (P) Limited (NPGC-JV),Bihar,JVs & Subsidaries,Miscellaneous (Others),,,,29/07/2026,29/07/2026 :10:00,07/08/2026 :17:00,07/08/2026 :17:00,,,"Designation: Manager NABINAGAR SUPER THERMAL POWER
STATION (NSTPS), NTPC Nabinagar,
Dist. Aurangabad, Bihar-824304 Phone: Fax: E-mail:  audnstps@ntpc.co.in",https://ntpctender.ntpc.co.in/NITDetails/NITs/30104
30105,NTPC/MSEs/AU-01/FA/2026,"EOI for Fly Ash Supply to Micro and Small Enterprises (MSEs)/Local user engaged in ash-based
products manufacturing, on concessional rates, ‘as is where is’ basis from NTPC BONGAIGAON
Thermal Power Station",Bongaigaon Thermal Power Project,Assam,Eastern Region-II,Miscellaneous (Others),,,,30/07/2026,30/07/2026 :10:00,11/08/2026 :17:00,11/08/2026 :17:00,,,"Designation: DGM NTPC BONGAIGAON THERMAL POWER STATION,
Salakati, Kokrajhar PS Kokrajhar, Assam-783369 Phone: Fax: E-mail:  tapasbarman@ntpc.co.in",https://ntpctender.ntpc.co.in/NITDetails/NITs/30105
30106,EOI/NTPC-Barh/AU-01/PA/2026,"Issue of Pond Ash on Free of Cost, First come First Served Basis with Transportation by Bidder, from NTPC BARH",Barh Thermal Power Plant,Bihar,Eastern Region-I,Miscellaneous (Others),,,,31/07/2026,31/07/2026 :10:00,13/08/2026 :17:00,13/08/2026 :17:00,,,"Designation: DGM NTPC BARH THERMAL POWER STATION,
Barh, District Patna, Bihar – 803215 Phone: Fax: E-mail:  audbarh@ntpc.co.in",https://ntpctender.ntpc.co.in/NITDetails/NITs/30106
30107,CS/6401/301/9,"GREAT NICOBAR ISLAND GAS ENGINE POWER PROJECT
(108 MW ± 5 MW) AND SUB-STATION 2 & 4 LOCATED AT GREAT NICOBAR ISLAND, INDIA",Corporate Contracts,Uttar Pradesh,Corporate Center,Work Contract,10000000.00,,,01/08/2026,01/08/2026 :10:00,01/09/2026 :13:00,01/09/2026 :13:00,01/09/2026 :15:30,,"Designation: DGM NTPC Ltd., Engineering Office Complex, Plot No. A-8A, Sector-24, NOIDA-201301, UP, India Phone: Fax: E-mail:  amitk@ntpc.co.in",https://ntpctender.ntpc.co.in/NITDetails/NITs/30107
30108,NTPC/GAD/AshMgmt/EOI/2026-27/002,EOI of Dry Fly Ash to be published on as is where is basis from NTPC-Gadarwara Super Thermal Power Plant,Gadarwara Super Thermal Power Plant,Madhya Pradesh,Western Region-II,Miscellaneous (Others),,,,03/08/2026,03/08/2026 :10:00,18/08/2026 :17:00,18/08/2026 :17:00,,,"Designation: DGM NTPC GADARWARA THERMAL POWER STATION,
Village: Dongargaon, PO: Gangai Tehsil: Gadarwara
Dist. Narsinghpur (MP)-487770 Phone: Fax: E-mail:  augadarwara@ntpc.co.in",https://ntpctender.ntpc.co.in/NITDetails/NITs/30108
30109,GEM/2026/B/7847245,"BIENNIAL CONTRACT FOR MOTOR TRANSFORMER AND
GENERATOR COOLER MAINTENANCE AT PP-II AND MOTOR MAINTENANCE & SERVICE
TRANSFORMER PAINTING AT PP-3",NTPC-SAIL Power Company Limited (NSPCL) - Bhilai,Chhattisgarh,JVs & Subsidaries,Services,100000.00,,,03/08/2026,01/08/2026 :10:00,21/08/2026 :16:00,21/08/2026 :16:00,21/08/2026 :16:30,,"Designation: Sr. Manager NSPCL,
Shared Service Centre, Bhilai
Expansion Site, Near Purena Village, Bhilai (East),
PO-Dist Durg(C.G.)-490021 Phone: Fax: E-mail:  arti.choure@nspcl.co.in",https://ntpctender.ntpc.co.in/NITDetails/NITs/30109
30110,NTPC/USSC-CPG1/9900330200,Contract for Supply and Apply of Airseal in Boiler and Auxiliaries during Unit 1 and 3 Overhauling at NTPC Bongaigaon Thermal Power,Western Region Head Quarter-II,Chhattisgarh,Western Region-II,Work Contract,,,,31/07/2026,31/07/2026 :16:00,11/08/2026 :15:00,11/08/2026 :15:00,13/08/2026 :16:00,,"Designation: Sr. Manager NTPC Limited, Western Region-II Office,
Plot No. 87, Sector-24,
Nava Raipur, Chhattisgarh-492018 Phone: Fax: E-mail:  madhuripatel@ntpc.co.in",https://ntpctender.ntpc.co.in/NITDetails/NITs/30110
30111,GEM/2026/B/7871157,Comprehensive Biennial O&M Service Contract for 25MWp Floating Solar PV Plant at NTPC Simhadri.,Western Region Head Quarter-II,Chhattisgarh,Western Region-II,Services,,,,03/08/2026,03/08/2026 :10:00,24/08/2026 :16:00,24/08/2026 :16:00,24/08/2026 :16:30,,"Designation: DGM NTPC Limited, Western Region-II Office,
Plot No. 87, Sector-24,
Nava Raipur, Chhattisgarh-492018 Phone: Fax: E-mail:  hariomkumar@ntpc.co.in",https://ntpctender.ntpc.co.in/NITDetails/NITs/30111
30112,NTPC/USSC-CPG1/9900330851,BULK PROCUREMENT OF V-BELTS,Western Region Head Quarter-II,Chhattisgarh,Western Region-II,Work Contract,100000.00,,,04/08/2026,04/08/2026 :12:30,25/08/2026 :16:00,25/08/2026 :16:00,27/08/2026 :16:00,,"Designation: Sr. Manager NTPC Limited, Western Region-II Office,
Plot No. 87, Sector-24,
Nava Raipur, Chhattisgarh-492018 Phone: Fax: E-mail:  adityagupta@ntpc.co.in",https://ntpctender.ntpc.co.in/NITDetails/NITs/30112
30113,10MEG-29-04082026,ANHYDROUS AMMONIA IS 662,Vendor Development Cell (Raipur CG),Chhattisgarh,Western Region-II,Vendor Enlistment,,,,04/08/2026,04/08/2026 :10:00,25/08/2026 :23:55,25/08/2026 :23:55,,,"Designation: DGM NTPC Limited, Western Region-II Office,
Plot No. 87, Sector-24,
Nava Raipur, Chhattisgarh-492018 Phone: Fax: E-mail:  medanagaraja@ntpc.co.in",https://ntpctender.ntpc.co.in/NITDetails/NITs/30113
30114,47MEG-01-04082026,Economiser Coil,Vendor Development Cell (Raipur CG),Chhattisgarh,Western Region-II,Vendor Enlistment,,,,04/08/2026,04/08/2026 :10:00,25/08/2026 :23:55,25/08/2026 :23:55,,,"Designation: DGM NTPC Limited, Western Region-II Office,
Plot No. 87, Sector-24,
Nava Raipur, Chhattisgarh-492018 Phone: Fax: E-mail:  medanagaraja@ntpc.co.in",https://ntpctender.ntpc.co.in/NITDetails/NITs/30114
30115,31MEG-02A-04082026,SUBMERSIBLE PUMPS FOR SLURRY APPLICATION,Vendor Development Cell (Raipur CG),Chhattisgarh,Western Region-II,Vendor Enlistment,,,,04/08/2026,04/08/2026 :10:00,25/08/2026 :23:55,25/08/2026 :23:55,,,"Designation: DGM NTPC Limited, Western Region-II Office,
Plot No. 87, Sector-24,
Nava Raipur, Chhattisgarh-492018 Phone: Fax: E-mail:  medanagaraja@ntpc.co.in",https://ntpctender.ntpc.co.in/NITDetails/NITs/30115
30116,10MEG-17-04082026,"HYDRAZINE HYDRATE 80%, IS-12086",Vendor Development Cell (Raipur CG),Chhattisgarh,Western Region-II,Vendor Enlistment,,,,04/08/2026,04/08/2026 :10:00,25/08/2026 :23:55,25/08/2026 :23:55,,,"Designation: DGM NTPC Limited, Western Region-II Office,
Plot No. 87, Sector-24,
Nava Raipur, Chhattisgarh-492018 Phone: Fax: E-mail:  medanagaraja@ntpc.co.in",https://ntpctender.ntpc.co.in/NITDetails/NITs/30116
30117,10MEG-35-04082026,Supply of Sodium Chlorite solution of 25% to 31% strength,Vendor Development Cell (Raipur CG),Chhattisgarh,Western Region-II,Vendor Enlistment,,,,04/08/2026,04/08/2026 :10:00,25/08/2026 :23:55,25/08/2026 :23:55,,,"Designation: DGM NTPC Limited, Western Region-II Office,
Plot No. 87, Sector-24,
Nava Raipur, Chhattisgarh-492018 Phone: Fax: E-mail:  medanagaraja@ntpc.co.in",https://ntpctender.ntpc.co.in/NITDetails/NITs/30117
30118,94MEG-04A-04082026,Guided Wave Radar Type Level Transmitter,Vendor Development Cell (Raipur CG),Chhattisgarh,Western Region-II,Vendor Enlistment,,,,04/08/2026,04/08/2026 :10:00,25/08/2026 :23:55,25/08/2026 :23:55,,,"Designation: DGM NTPC Limited, Western Region-II Office,
Plot No. 87, Sector-24,
Nava Raipur, Chhattisgarh-492018 Phone: Fax: E-mail:  medanagaraja@ntpc.co.in",https://ntpctender.ntpc.co.in/NITDetails/NITs/30118
30119,46MEG-06-04082026,CERAMIC TILES AND CERAMIC LINED PIPE/ BENDS / ELBOWS/CERAMIC LINED MILL COMPONENTS FOR COAL MILLS,Vendor Development Cell (Raipur CG),Chhattisgarh,Western Region-II,Vendor Enlistment,,,,04/08/2026,04/08/2026 :10:00,25/08/2026 :23:55,25/08/2026 :23:55,,,"Designation: DGM NTPC Limited, Western Region-II Office,
Plot No. 87, Sector-24,
Nava Raipur, Chhattisgarh-492018 Phone: Fax: E-mail:  medanagaraja@ntpc.co.in",https://ntpctender.ntpc.co.in/NITDetails/NITs/30119
30120,46MEG-10-04082026,Boiler Tube Protection Shields,Vendor Development Cell (Raipur CG),Chhattisgarh,Western Region-II,Vendor Enlistment,,,,04/08/2026,04/08/2026 :10:00,25/08/2026 :23:55,25/08/2026 :23:55,,,"Designation: DGM NTPC Limited, Western Region-II Office,
Plot No. 87, Sector-24,
Nava Raipur, Chhattisgarh-492018 Phone: Fax: E-mail:  medanagaraja@ntpc.co.in",https://ntpctender.ntpc.co.in/NITDetails/NITs/30120
30121,SSC-125060,"132 kV Substation at Banardih Mine for Banhardih Coal Mining Project of Patratu Vidyut Utpadan Nigam Limited, a Subsidiary of NTPC.",Coal Mining HQ-Ranchi,Jharkhand,Coal Mining Region,Services,5000000.00,,,04/08/2026,04/08/2026 :15:00,27/08/2026 :15:00,27/08/2026 :15:00,,,"Designation: Sr. Manager Shared Services Centre – Coal Mining HQ
NTPC Mining Ltd.,
Ram Keshi Heights,
Plot No. 123, Old AG Colony, Kadru,
Dist Ranchi-834002 Phone: Fax: E-mail:  skvashisth@ntpc.co.in",https://ntpctender.ntpc.co.in/NITDetails/NITs/30121
30122,9900330223,"Civil works of ICT, 1500 MVA, 765/400KV & its associated bay works at 765 KV & 400KV Switchyard for NTPC SIPAT",Corporate Contracts,Uttar Pradesh,Corporate Center,Work Contract,1000000.00,,,04/08/2026,04/08/2026 :16:00,08/09/2026 :12:00,08/09/2026 :12:00,09/09/2026 :16:00,,Designation: DGM NTPC Ltd. 6th Floor Engineering Office Complex EOC Plot No. A-8A Sector-24 Noida Uttar Pradesh-201301 Phone: Fax: E-mail:  mayankchaube@ntpc.co.in,https://ntpctender.ntpc.co.in/NITDetails/NITs/30122
30123,GEM/2026/B/7870681,Procurement of Cartridge Filter Elements for Desalination Plan,NTECL: NTPC TamilNadu Energy Company Ltd.,Tamilnadu,JVs & Subsidaries,Work Contract,,,,04/08/2026,04/08/2026 :10:00,25/08/2026 :18:00,25/08/2026 :18:00,25/08/2026 :18:30,,"Designation: AGM NTPC Tamilnadu Energy Co. Ltd (NTECL),
Vallur Thermal Power Station, 
Chennai - 600103 Phone: Fax: E-mail:  lokanathams@ntpc.co.in",https://ntpctender.ntpc.co.in/NITDetails/NITs/30123
30124,USSC_IMG_DA_0001,"Appointment of Dealer (s) for Sale of Ash Bricks at NTPC Barh, Kahalgaon and Kanti",Western Region Head Quarter-II,Chhattisgarh,Western Region-II,Services,,,,05/08/2026,31/07/2026 :16:00,17/08/2026 :18:00,17/08/2026 :18:00,19/08/2026 :18:00,,"Designation: DGM NTPC Limited, Western Region-II Office,
Plot No. 87, Sector-24,
Nava Raipur, Chhattisgarh-492018 Phone: Fax: E-mail:  vinaykushwaha@ntpc.co.in",https://ntpctender.ntpc.co.in/NITDetails/NITs/30124
30125,GEM/2026/B/7856844,BMC (Biennial Maintenance Contract) OF TOWNSHIP ELECTRICAL MAINTENANCE,NTECL: NTPC TamilNadu Energy Company Ltd.,Tamilnadu,JVs & Subsidaries,Work Contract,,,,05/08/2026,05/08/2026 :10:00,20/08/2026 :16:00,20/08/2026 :16:00,20/08/2026 :16:30,,"Designation: DGM NTECL (NTPC Tamilnadu Energy Co. Ltd.)
Vallur TPP, Chennai-600 103 Phone: Fax: E-mail:  mohan02@ntpc.co.in",https://ntpctender.ntpc.co.in/NITDetails/NITs/30125
30126,GEM/2026/B/7880246,Hiring of 01 No. 4 - Wheel drive Vehicle for Block-VI (300MW) PV Project for 02 Years,Renewable Energy,Uttar Pradesh,Renewable Energy,Work Contract,,,,05/08/2026,05/08/2026 :10:00,17/08/2026 :17:00,17/08/2026 :17:00,17/08/2026 :17:30,,"Designation: DGM Renewables Building, NTPC Ltd., E-3, Ecotech-II Udyog Vihar, Greater Noida Gautam Buddha Nagar - 201306 Phone: Fax: E-mail:  ajaipandey@ntpc.co.in",https://ntpctender.ntpc.co.in/NITDetails/NITs/30126
30127,GEM/2026/B/7855619,Bulk Procurement of Porta Cabin Package 1 Size 20 Feet and 12 Meter for NTPC Stations,Western Region Head Quarter-II,Chhattisgarh,Western Region-II,Work Contract,,,,05/08/2026,05/08/2026 :10:00,26/08/2026 :16:00,26/08/2026 :16:00,26/08/2026 :16:30,,"Designation: DGM NTPC Limited, Western Region-II Office,
Plot No. 87, Sector-24,
Nava Raipur, Chhattisgarh-492018 Phone: Fax: E-mail:  ssenthilkumar@ntpc.co.in",https://ntpctender.ntpc.co.in/NITDetails/NITs/30127
30128,GEM/2026/B/7880532,"Procurement of Grinding Balls & Grinding Rings for 8.5E10 Coal Mills Stage -1, NTPC Ramagundam",Western Region Head Quarter-II,Chhattisgarh,Western Region-II,Work Contract,,,,06/08/2026,06/08/2026 :10:00,27/08/2026 :16:00,27/08/2026 :16:00,27/08/2026 :16:30,,"Designation: DGM NTPC Limited, Western Region-II Office,
Plot No. 87, Sector-24,
Nava Raipur, Chhattisgarh-492018 Phone: Fax: E-mail:  ssenthilkumar@ntpc.co.in",https://ntpctender.ntpc.co.in/NITDetails/NITs/30128
30129,GEM/2026/B/7882508,"Contract for O&M and Watch and Ward of 15 MW Solar Plant at Jayant, VSTPS",Western Region Head Quarter-II,Chhattisgarh,Western Region-II,Work Contract,,,,06/08/2026,06/08/2026 :10:00,27/08/2026 :15:00,27/08/2026 :15:00,27/08/2026 :15:30,,"Designation: DGM NTPC Limited, Western Region-II Office,
Plot No. 87, Sector-24,
Nava Raipur, Chhattisgarh-492018 Phone: Fax: E-mail:  srikark@ntpc.co.in",https://ntpctender.ntpc.co.in/NITDetails/NITs/30129
30130,GEM/2026/B/7823790,TELE HEALTH SERVICES AT NTPC BgTPS HOSPITAL for NTPC 1042-Bongaigaon Thermal Power Project STAGE 01,Western Region Head Quarter-II,Chhattisgarh,Western Region-II,Services,500000.00,,,05/08/2026,05/08/2026 :10:00,24/08/2026 :11:00,24/08/2026 :11:00,24/08/2026 :11:30,,"Designation: Sr. Manager NTPC Limited, Western Region-II Office,
Plot No. 87, Sector-24,
Nava Raipur, Chhattisgarh-492018 Phone: Fax: E-mail:  reshusingh@ntpc.co.in",https://ntpctender.ntpc.co.in/NITDetails/NITs/30130
30131,CS-6401-001A-2,GREAT NICOBAR ISLAND GAS ENGINE POWER PROJECT (108 MW ±5 MW) EPC PACKAGE LOCATED AT GREAT NICOBAR ISLAND,Corporate Contracts,Uttar Pradesh,Corporate Center,Work Contract,,,,06/08/2026,06/08/2026 :10:00,08/09/2026 :13:00,08/09/2026 :13:00,08/09/2026 :15:30,,"Designation: Sr. Manager NTPC Limited,
6th Floor, Engineering Office Complex,
A-8A, Sector-24, NOIDA,
Distt. Gautam Budh Nagar, (UP), INDIA-201301 Phone: Fax: E-mail:  priyanka@ntpc.co.in",https://ntpctender.ntpc.co.in/NITDetails/NITs/30131
30132,AM-NTPC/Kanti/DryFlyAsh/MSE-Local/EOI/2026,"EOI for Fly Ash Supply to Micro and Small Enterprises (MSEs) and Local Users
(situated within a 100 km radial distance from the station) engaged in the manufacturing of ash-based products",Muzaffarpur Thermal Power Station,Bihar,JVs & Subsidaries,Miscellaneous (Others),,,,07/08/2026,07/08/2026 :10:00,28/08/2026 :17:30,28/08/2026 :17:30,,,"Designation: HOD (C&M) Tender Box, Room No. 46/47, ADM Building
NTPC Kanti P.O. Kanti Thermal
Dist. Muzaffarpur, Bihar – 843130 Phone: Fax: E-mail:  mtpsaud@gmail.com",https://ntpctender.ntpc.co.in/NITDetails/NITs/30132
30133,GEM/2026/B/7893727,Assistance in Running of NTECL Pipe Conveyor 2026-2028,NTECL: NTPC TamilNadu Energy Company Ltd.,Tamilnadu,JVs & Subsidaries,Services,1000000.00,,,08/08/2026,08/08/2026 :10:00,29/08/2026 :15:00,29/08/2026 :15:00,29/08/2026 :15:30,,"Designation: DGM NTECL, Vallur Thermal Power Project,
Site Office Vellivoyal Chavadi Post,
Ponneri Taluk, Thiruvallur District, Chennai-600103, Tamilnadu Phone: Fax: E-mail:  jaideep@ntpc.co.in",https://ntpctender.ntpc.co.in/NITDetails/NITs/30133
30134,GEM/2026/B/7861939,BULK PROCUREMENT OF IBR P92 Pipes for NTPC Stations,Western Region Head Quarter-II,Chhattisgarh,Western Region-II,Work Contract,,,,10/08/2026,10/08/2026 :10:00,31/08/2026 :16:00,31/08/2026 :16:00,31/08/2026 :16:30,,"Designation: DGM NTPC Limited, Western Region-II Office,
Plot No. 87, Sector-24,
Nava Raipur, Chhattisgarh-492018 Phone: Fax: E-mail:  ssenthilkumar@ntpc.co.in",https://ntpctender.ntpc.co.in/NITDetails/NITs/30134
30135,NTPC/USSC-CPG1/9900330400,Supply and Installation of 780KWp Solar PV Modules at NTPC Kaniha Solar Plant,Western Region Head Quarter-II,Chhattisgarh,Western Region-II,Work Contract,200000.00,,,10/08/2026,10/08/2026 :14:50,31/08/2026 :16:30,31/08/2026 :16:30,02/09/2026 :16:30,,"Designation: DGM NTPC Limited, Western Region-II Office,
Plot No. 87, Sector-24,
Nava Raipur, Chhattisgarh-492018 Phone: Fax: E-mail:  anandshanker@ntpc.co.in",https://ntpctender.ntpc.co.in/NITDetails/NITs/30135
30136,NVVN/BD/C&I/EOI/2026-27,"EOI for Procurement of Solar Power from Operational NTPC Solar Plants through Open Access by Commercial & Industrial (C&I) Consumers, Distribution Companies and Others",NVVNL - NTPC Vidyut Vyapar Nigam Ltd.,Uttar Pradesh,JVs & Subsidaries,Work Contract,,,,11/08/2026,11/08/2026 :11:00,01/09/2026 :15:00,01/09/2026 :15:00,02/09/2026 :14:00,,"Designation: DGM (C&M) NVVN Limited, 5th Floor, NTPC EOC,
Plot No. A-8A Sector 24, Block A, Noida, Uttar Pradesh-201301, INDIA Phone: Fax: E-mail:  nvvncontracts@ntpc.co.in",https://ntpctender.ntpc.co.in/NITDetails/NITs/30136
30137,NTPC/USSC-VDC/9900330326,Rate Contract for PAN NTPC Transportation for Year 2026-2028,Vendor Development Cell (Raipur CG),Chhattisgarh,Western Region-II,Work Contract,,,,11/08/2026,11/08/2026 :18:00,25/08/2026 :15:00,25/08/2026 :15:00,26/08/2026 :15:30,,Designation: DGM NTPC Limited USSC CPG-1 Western Region-II Head Quarter Plot No. 87 Sector-24 Atal Nagar Nava Raipur Raipur Chhattisgarh-492101 Phone: Fax: E-mail:  bharatprasad@ntpc.co.in,https://ntpctender.ntpc.co.in/NITDetails/NITs/30137
30138,SSC-NMLHQ-EOI-RESCO-128969,EOI for Development of a Cumulative Capacity of 50 MWp DC Ground Mounted Solar in Renewable Energy Service Company Mode,Coal Mining HQ-Ranchi,Jharkhand,Coal Mining Region,Miscellaneous (Others),,,,11/08/2026,11/08/2026 :17:00,01/09/2026 :15:00,01/09/2026 :15:00,,,"Designation: Sr. Manager NTPC Coal Mining HQ, Ranchi - Jharkhand Phone: Fax: E-mail:  skvashisth@ntpc.co.in",https://ntpctender.ntpc.co.in/NITDetails/NITs/30138
30139,GEM/2026/B/7858290,"Hiring of Consultants - Milestone/Deliverable Based - Functional Consultants Forest and Environment, No, Hybrid (As specified in scope of work).",NVVNL - NTPC Vidyut Vyapar Nigam Ltd.,Uttar Pradesh,JVs & Subsidaries,Consultancy Services,50000.00,,,11/08/2026,06/08/2026 :10:00,20/08/2026 :14:00,20/08/2026 :14:00,20/08/2026 :14:30,,"Designation: DGM (C&M) NVVN Limited, 5th Floor, NTPC EOC, Plot No. A-8A Sector 24, Block A, Noida, Uttar Pradesh-201301, INDIA Phone: Fax: E-mail:  nvvncontracts@ntpc.co.in",https://ntpctender.ntpc.co.in/NITDetails/NITs/30139
30140,GEM/2026/B/7834607,Procurement of T&PS REQUIRED FOR GENERATOR OH,NTECL: NTPC TamilNadu Energy Company Ltd.,Tamilnadu,JVs & Subsidaries,Work Contract,,,,30/07/2026,30/07/2026 :10:00,20/08/2026 :17:00,20/08/2026 :17:00,20/08/2026 :17:30,,"Designation: Sr. Manager NTPC Tamilnadu Energy Co. Ltd (NTECL), Vallur Thermal Power Station, Chennai - 600103 Phone: Fax: E-mail:  vckamal@ntpc.co.in",https://ntpctender.ntpc.co.in/NITDetails/NITs/30140
30141,NTPC/EOC/9900329640,Supply and Retrofitting of 400 kV SF6 Circuit Breakers at NTPC,"NTPC EOC, Secunderabad",Andhra Pradesh,Southern Region,Work Contract,1000000.00,,,11/08/2026,11/08/2026 :18:00,01/09/2026 :13:00,01/09/2026 :13:00,02/09/2026 :15:00,,"Designation: AGM NTPC Ltd., Engineering Office Complex, Secunderabad - 500070 Phone: Fax: E-mail:  pattelavimla@ntpc.co.in",https://ntpctender.ntpc.co.in/NITDetails/NITs/30141
30142,GEM/2026/B/7880522,ANNUAL CONTRACT OF COAL UNLOADING & HOUSEKEEPING FOR 2026-27,NTPC-SAIL Power Company Limited (NSPCL) - Bhilai,Chhattisgarh,JVs & Subsidaries,Services,,,,12/08/2026,12/08/2026 :10:00,01/09/2026 :10:00,01/09/2026 :10:00,01/09/2026 :10:30,,"Designation: Sr. Manager NSPCL, SSC, Bhilai
Expansion Site, Near Purena Village, Bhilai (East), PO- Dist Durg, Chhattisgarh-490021 Phone: Fax: E-mail:  arti.choure@nspcl.co.in",https://ntpctender.ntpc.co.in/NITDetails/NITs/30142
30143,NTPC/USSC-CPG1/9900330497,"Supply, Retrofit & Commissioning of 90 kW and above LT air contactor modules (DK21) with LT Vacuum Contactors at NTPC Telangana CHP",Western Region Head Quarter-II,Chhattisgarh,Western Region-II,Work Contract,200000.00,,,11/08/2026,12/08/2026 :09:00,31/08/2026 :17:00,31/08/2026 :17:00,02/09/2026 :17:00,,"Designation: Sr. Manager NTPC Limited, Central Procurement Group-I,
WR-II Office, Sector-24,
Nava Raipur, Chhattisgarh - 492018 Phone: Fax: E-mail:  harshmamodia@ntpc.co.in",https://ntpctender.ntpc.co.in/NITDetails/NITs/30143
30144,NTPC/USSC-CPG1/9900330869,"Supply, Installation & Commissioning of Breakers for LT Feeders at NTPC Telangana",Western Region Head Quarter-II,Chhattisgarh,Western Region-II,Work Contract,,,,12/08/2026,12/08/2026 :18:00,31/08/2026 :15:00,31/08/2026 :15:00,02/09/2026 :15:00,,"Designation: DGM NTPC Limited, USSC, CPG-1,
Western Region-II Head Quarter,
Plot No. 87, Sector-24, Atal Nagar,
Nava Raipur, Raipur, Chhattisgarh-492101 Phone: Fax: E-mail:  ajaykumarshivhare@ntpc.co.in",https://ntpctender.ntpc.co.in/NITDetails/NITs/30144
30145,GEM/2026/B/7895106,Procurement of 1400 NB butterfly valve complete assembly along with gearbox,NTECL: NTPC TamilNadu Energy Company Ltd.,Tamilnadu,JVs & Subsidaries,Work Contract,,,,13/08/2026,13/08/2026 :10:00,03/09/2026 :15:00,03/09/2026 :15:00,03/09/2026 :15:30,,"Designation: AGM NTPC Tamilnadu Energy Co. Ltd (NTECL),
Vallur Thermal Power Station, 
Chennai - 600103 Phone: Fax: E-mail:  lokanathams@ntpc.co.in",https://ntpctender.ntpc.co.in/NITDetails/NITs/30145
30146,NTPC/USSC-CPG1/9900330918,Replacement of Stg-1 LT Switchgears at NTPC Unchahar,Western Region Head Quarter-II,Chhattisgarh,Western Region-II,Work Contract,5000000.00,,,13/08/2026,13/08/2026 :17:00,02/09/2026 :15:00,02/09/2026 :15:00,04/09/2026 :16:00,,"Designation: AGM NTPC Limited, Central Procurement Group-I,
WR-II Office, Sector-24,
Nava Raipur, Chhattisgarh - 492018 Phone: Fax: E-mail:  cpsingh@ntpc.co.in",https://ntpctender.ntpc.co.in/NITDetails/NITs/30146
30147,GEM/2026/B/7900994,Procurement of Mill BBD-4772 liner Plate for NTPC Barauni,Western Region Head Quarter-II,Chhattisgarh,Western Region-II,Work Contract,200000.00,,,11/08/2026,11/08/2026 :10:00,26/08/2026 :11:00,26/08/2026 :11:00,26/08/2026 :11:30,,"Designation: DGM NTPC Limited, Western Region-II Office,
Plot No. 87, Sector-24,
Nava Raipur, Chhattisgarh-492018 Phone: Fax: E-mail:  pushpakashyap@ntpc.co.in",https://ntpctender.ntpc.co.in/NITDetails/NITs/30147
30148,GEM/2026/B/7823437,BULK PROCUREMENT OF IBR P91 Pipes,Western Region Head Quarter-II,Chhattisgarh,Western Region-II,Work Contract,,,,13/08/2026,13/08/2026 :10:00,04/09/2026 :18:00,04/09/2026 :18:00,04/09/2026 :18:30,,"Designation: Sr. Manager NTPC Limited, Western Region-II Office,
Plot No. 87, Sector-24,
Nava Raipur, Chhattisgarh-492018 Phone: Fax: E-mail:  vikashkumar11@ntpc.co.in",https://ntpctender.ntpc.co.in/NITDetails/NITs/30148
30149,GEM/2026/B/7856107,Mobile Medical Unit (MMU) at NTPC Unchahar,Western Region Head Quarter-II,Chhattisgarh,Western Region-II,Work Contract,,,,14/08/2026,14/08/2026 :10:00,29/08/2026 :11:00,29/08/2026 :11:00,29/08/2026 :11:30,,"Designation: Sr. Manager NTPC Limited, Western Region-II Office,
Plot No. 87, Sector-24,
Nava Raipur, Chhattisgarh-492018 Phone: Fax: E-mail:  reshusingh@ntpc.co.in",https://ntpctender.ntpc.co.in/NITDetails/NITs/30149
30150,GEM/2026/B/7859182,"Job contract for running and maintenance of Manasarovar Guest House and FH-III for a period of 02 years at NTPC TSTPS, Kaniha",Western Region Head Quarter-II,Chhattisgarh,Western Region-II,Work Contract,,,,14/08/2026,14/08/2026 :10:00,31/08/2026 :12:00,31/08/2026 :12:00,31/08/2026 :12:30,,"Designation: Sr. Manager NTPC Limited, Western Region-II Office,
Plot No. 87, Sector-24,
Nava Raipur, Chhattisgarh-492018 Phone: Fax: E-mail:  reshusingh@ntpc.co.in",https://ntpctender.ntpc.co.in/NITDetails/NITs/30150
30151,GEM/2026/B/7880067,Bulk Procurement of New Generation Pick and Carry Cranes & Rough Terrain Cranes for NTPC stations,Western Region Head Quarter-II,Chhattisgarh,Western Region-II,Work Contract,,,,14/08/2026,14/08/2026 :10:00,31/08/2026 :11:00,31/08/2026 :11:00,31/08/2026 :11:30,,"Designation: DGM NTPC Limited, Western Region-II Office,
Plot No. 87, Sector-24,
Nava Raipur, Chhattisgarh-492018 Phone: Fax: E-mail:  pushpakashyap@ntpc.co.in",https://ntpctender.ntpc.co.in/NITDetails/NITs/30151
30152,CS-7014-940-9,"Engagement of Technology Licensor for Methanation Unit in Coal Gasification based Synthetic Natural Gas (SNG) SNG Project at NTPC Talai Palli, Chhattisgarh",Corporate Contracts,Uttar Pradesh,Corporate Center,Work Contract,20000000.00 208700.00,,,14/08/2026,14/08/2026 :10:00,21/09/2026 :13:00,21/09/2026 :13:00,21/09/2026 :15:00,,"Designation: AGM NTPC Limited, Plot A-8A, Sector 24, Noida-201301, State of U.P. India Phone: Fax: E-mail:  firozkhan@ntpc.co.in",https://ntpctender.ntpc.co.in/NITDetails/NITs/30152
30153,GEM/2026/B/7917791,PURCHASE OF SOLAR PV MODULES FOR 10MW SOLAR PLANT-NTPC RAMAGUNDAM,Western Region Head Quarter-II,Chhattisgarh,Western Region-II,Work Contract,,,,14/08/2026,14/08/2026 :10:00,04/09/2026 :16:00,04/09/2026 :16:00,04/09/2026 :16:30,,"Designation: DGM NTPC Limited, Western Region-II Office,
Plot No. 87, Sector-24,
Nava Raipur, Chhattisgarh-492018 Phone: Fax: E-mail:  ssenthilkumar@ntpc.co.in",https://ntpctender.ntpc.co.in/NITDetails/NITs/30153
30154,GEM/2026/B/7847988,Bulk Procurement of DGA for NTPC Simhadri & Unchhar,Western Region Head Quarter-II,Chhattisgarh,Western Region-II,Work Contract,,,,14/08/2026,14/08/2026 :10:00,03/09/2026 :16:00,03/09/2026 :16:00,03/09/2026 :16:30,,"Designation: Sr. Manager NTPC Limited, Western Region-II Office,
Plot No. 87, Sector-24,
Nava Raipur, Chhattisgarh-492018 Phone: Fax: E-mail:  adityagupta@ntpc.co.in",https://ntpctender.ntpc.co.in/NITDetails/NITs/30154
30155,NTPC/USSC-CPG1/9900331138,SITC of Periphery Surveillance of NTPC Gadarwara by Smart CCTV Solution,Western Region Head Quarter-II,Chhattisgarh,Western Region-II,Work Contract,1000000.00,,,14/08/2026,14/08/2026 :15:00,02/09/2026 :15:00,02/09/2026 :15:00,04/09/2026 :16:00,,"Designation: AGM NTPC Limited, Central Procurement Group-I,
WR-II Office, Sector-24,
Nava Raipur, Chhattisgarh - 492018 Phone: Fax: E-mail:  cpsingh@ntpc.co.in",https://ntpctender.ntpc.co.in/NITDetails/NITs/30155
30156,GEM/2026/B/7868608,BULK PROCUREMENT OF 55 Inch Signage TV and 55 Inch Display,Western Region Head Quarter-II,Chhattisgarh,Western Region-II,Work Contract,,,,14/08/2026,14/08/2026 :10:00,04/09/2026 :17:00,04/09/2026 :17:00,04/09/2026 :17:30,,"Designation: DGM NTPC Limited, Western Region-II Office,
Plot No. 87, Sector-24,
Nava Raipur, Chhattisgarh-492018 Phone: Fax: E-mail:  manishkumar06@ntpc.co.in",https://ntpctender.ntpc.co.in/NITDetails/NITs/30156
30157,NTPC/USSC-CPG1/9900330394,Biennial Contract for Maintenance of CW Discharge Canal at SSTPS (2026-2028),Western Region Head Quarter-II,Chhattisgarh,Western Region-II,Work Contract,200000.00,,,14/08/2026,14/08/2026 :17:00,31/08/2026 :12:00,31/08/2026 :12:00,01/09/2026 :12:00,,"Designation: DGM NTPC Limited, Western Region-II Office,
Plot No. 87, Sector-24,
Nava Raipur, Chhattisgarh-492018 Phone: Fax: E-mail:  reshusingh@ntpc.co.in",https://ntpctender.ntpc.co.in/NITDetails/NITs/30157
30158,GEM/2026/B/7892007,Procurement of Toegaurd for AHP,NTECL: NTPC TamilNadu Energy Company Ltd.,Tamilnadu,JVs & Subsidaries,Work Contract,,,,14/08/2026,14/08/2026 :10:00,04/09/2026 :18:00,04/09/2026 :18:00,04/09/2026 :18:30,,"Designation: AGM NTPC Tamilnadu Energy Co. Ltd (NTECL),
Vallur Thermal Power Station, 
Chennai - 600103 Phone: Fax: E-mail:  lokanathams@ntpc.co.in",https://ntpctender.ntpc.co.in/NITDetails/NITs/30158
30159,EOI/AM-BRBCL/DryFlyAsh/2026,Fly Ash Supply to Micro and Small Enterprises (MSE’s) and Local Users,Bhartiya Rail Bijlee Company Limited (Subsidiary),Bihar,JVs & Subsidaries,Miscellaneous (Others),,,,17/08/2026,17/08/2026 :10:00,20/08/2026 :17:00,20/08/2026 :17:00,,,"Designation: DGM Bhartiya Rail Bijlee Company Limited, Nabinagar, Dist. Aurangabad, Bihar-824303 Phone: Fax: E-mail:  ssfule@ntpc.co.in",https://ntpctender.ntpc.co.in/NITDetails/NITs/30159
30160,GEM/2026/B/7925790,Job Contract for Transportation of Mill Rejects Ash Debris Gas Cylinders for Telangana 2x800 MW Units,Western Region Head Quarter-II,Chhattisgarh,Western Region-II,Work Contract,200000.00,,,17/08/2026,17/08/2026 :10:00,01/09/2026 :16:00,01/09/2026 :16:00,01/09/2026 :16:30,,"Designation: Sr. Manager NTPC Limited, Western Region-II Office,
Plot No. 87, Sector-24,
Nava Raipur, Chhattisgarh-492018 Phone: Fax: E-mail:  madhuripatel@ntpc.co.in",https://ntpctender.ntpc.co.in/NITDetails/NITs/30160
30161,VSTPS/GreenChem/EOI-2/26-27,Expression of Interest (EOI) for Sale of Green Methanol and Solid CO2 (Dry Ice) generated from 10 TPD Carbon Dioxide to Methanol (CTM) Plant Vidhyachal,Vindhyachal Super Thermal Power,Madhya Pradesh,Northern Region,Miscellaneous (Others),,,,14/08/2026,14/08/2026 :10:00,14/09/2026 :17:00,14/09/2026 :17:00,,,"Designation: AGM Green Chemical Deptt. NTPC Vindhyachal
P.O. Vindhyanagar, Dist. Singrauli, MP–486885 Phone: Fax: E-mail:  ranjankumar02@ntpc.co.in",https://ntpctender.ntpc.co.in/NITDetails/NITs/30161
30162,GEM/2026/B/7870926,Procurement of MTM Thermocouples for Additional MTM Requirement at NTPC Barh and NTPC Singrauli,Western Region Head Quarter-II,Chhattisgarh,Western Region-II,Work Contract,,,,18/08/2026,18/08/2026 :10:00,08/09/2026 :15:00,08/09/2026 :15:00,08/09/2026 :15:30,,"Designation: DGM NTPC Limited, Western Region-II Office,
Plot No. 87, Sector-24,
Nava Raipur, Chhattisgarh-492018 Phone: Fax: E-mail:  sushilmeena@ntpc.co.in",https://ntpctender.ntpc.co.in/NITDetails/NITs/30162
30163,NTPC/Lara/AU/DryFlyAsh/2026,"EOI Issue of Dry Fly Ash on Free of Cost, first come First Served Basis with Transportation by User, from NTPC Lara",Lara STPP,Chhattisgarh,Western Region-II,Miscellaneous (Others),,,,18/08/2026,18/08/2026 :10:00,29/08/2026 :17:00,29/08/2026 :17:00,,,"Designation: AGM NTPC Limited,
Lara Super Thermal Power Project,
Village Chhapora,
P.O. / P.S. Pussore,
District Raigarh,
Chhattisgarh, India - 496440 Phone: Fax: E-mail:  aulara@ntpc.co.in",https://ntpctender.ntpc.co.in/NITDetails/NITs/30163
30164,GEM/2026/B/7931579,Digitization and Records Management Services (RMS).,Western Region Head Quarter-II,Chhattisgarh,Western Region-II,Services,200000.00,,,18/08/2026,18/08/2026 :10:00,08/09/2026 :17:00,08/09/2026 :17:00,08/09/2026 :17:30,,"Designation: Sr. Manager NTPC Limited, USSC, CPG-1,
Western Region-II Head Quarter,
Plot No. 87, Sector-24, Atal Nagar,
Nava Raipur, Raipur, Chhattisgarh-492101 Phone: Fax: E-mail:  ssundarnayak@ntpc.co.in",https://ntpctender.ntpc.co.in/NITDetails/NITs/30164
30165,GEM/2026/B/7927228,Procurement of  Nylon Net for Covering OAC,NTECL: NTPC TamilNadu Energy Company Ltd.,Tamilnadu,JVs & Subsidaries,Work Contract,,,,19/08/2026,19/08/2026 :10:00,09/09/2026 :18:00,09/09/2026 :18:00,09/09/2026 :18:30,,"Designation: AGM NTPC Tamilnadu Energy Co. Ltd (NTECL),
Vallur Thermal Power Station, 
Chennai - 600103 Phone: Fax: E-mail:  lokanathams@ntpc.co.in",https://ntpctender.ntpc.co.in/NITDetails/NITs/30165
30166,NRE-CS-5924-003(WTG)-9,"SUPPLY AND INSTALLATION OF WIND TURBINE GENERATORS (WTG) FOR ISTS CONNECTED WIND ENERGY PROJECT WITH NOMINAL CAPACITY OF 600 MW (200 WTG) IN ANANTAPUR, ANDHRA PRADESH",Renewable Energy,Uttar Pradesh,Renewable Energy,Services,500000000.00,,,19/08/2026,19/08/2026 :10:00,14/09/2026 :17:00,22/09/2026 :15:00,22/09/2026 :15:30,,Designation: Sr. Manager NTPC Renewable Energy Limited 4th Floor Renewables Building NETRA Complex E-3 Ecotech-II Udyog Vihar Greater Noida Gautam Buddha Nagar UP India–201306 Phone: Fax: E-mail:  gurpratapsingh@ntpc.co.in,https://ntpctender.ntpc.co.in/NITDetails/NITs/30166
30167,GEM/2026/B/7917818,PROCUREMENT OF 1No. BFR wagon for NTPC Mauda and 1No. Covered BCNHL wagon for NTPC Rihand,Western Region Head Quarter-II,Chhattisgarh,Western Region-II,Work Contract,,,,20/08/2026,20/08/2026 :10:00,11/09/2026 :15:00,11/09/2026 :15:00,11/09/2026 :15:30,,"Designation: Sr. Manager NTPC Limited, Western Region-II Office,
Plot No. 87, Sector-24,
Nava Raipur, Chhattisgarh-492018 Phone: Fax: E-mail:  vikashkumar11@ntpc.co.in",https://ntpctender.ntpc.co.in/NITDetails/NITs/30167
30168,GEM/2026/B/7917666,Total Logistics Contract of Import and Export Consignments at Delhi Airport for various NTPC Projects/ Stations for a period of 02 (two) Years,Corporate Contracts,Uttar Pradesh,Corporate Center,Work Contract,,,,20/08/2026,20/08/2026 :10:00,10/09/2026 :15:00,10/09/2026 :15:00,11/09/2026 :15:00,,Designation: Sr. Manager NTPC Ltd. Engineering Office Complex Sector-24 NOIDA-201301 UP India Phone: Fax: E-mail:  satishksharma@ntpc.co.in,https://ntpctender.ntpc.co.in/NITDetails/NITs/30168
30169,NTPC/EOC/9900329680,Replacement of the Firefighting System at Noida Townships (Shubham and Samridhi and Shaurya),Corporate Contracts,Uttar Pradesh,Corporate Center,Work Contract,1000000.00,,,20/08/2026,20/08/2026 :15:00,09/09/2026 :15:00,09/09/2026 :15:00,10/09/2026 :15:00,,"Designation: Sr. Manager NTPC Ltd., Engineering Office Complex,
Plot No. A-8A, Sector-24, NOIDA-201301, UP, India Phone: Fax: E-mail:  parixitrariya@ntpc.co.in",https://ntpctender.ntpc.co.in/NITDetails/NITs/30169
30170,GEM/2026/B/7931032,AMC of Ultrapure Water Purification System (UWPS) for Three Years at NETRA,Corporate Contracts,Uttar Pradesh,Corporate Center,Work Contract,,,,18/08/2026,18/08/2026 :10:00,25/08/2026 :16:00,25/08/2026 :16:00,25/08/2026 :16:30,,"Designation: Sr. Manager NTPC Ltd., Engineering Office Complex,
Plot No. A-8A, Sector-24, NOIDA-201301, UP, India Phone: Fax: E-mail:  parixitrariya@ntpc.co.in",https://ntpctender.ntpc.co.in/NITDetails/NITs/30170
30171,GEM/2026/B/7932417,PROCUREMENT OF ESP SHAFT AND SUPPORT INSULATOR HEATERS,NTECL: NTPC TamilNadu Energy Company Ltd.,Tamilnadu,JVs & Subsidaries,Work Contract,,,,20/08/2026,20/08/2026 :10:00,08/09/2026 :18:00,08/09/2026 :18:00,08/09/2026 :18:30,,"Designation: DGM NTECL, Vallur Thermal Power Project, Kuruvimedu Village,
Ponneri Taluk, Vellivayal Chavadi Post, Thiruvallur Dist. Chennai-600103 Phone: Fax: E-mail:  nchaplot@ntpc.co.in",https://ntpctender.ntpc.co.in/NITDetails/NITs/30171
30172,EOI/AM-Khs/DryFlyAsh/2026,"For Sale of Dry Fly Ash to MSE’s and Local Users on Rs. 1/MT+GST, first come First Served Basis
with Transportation by Bidder, from NTPC Kahalgaon",Kahalgaon Super Thermal Power,Bihar,Eastern Region-I,Miscellaneous (Others),,,,20/08/2026,20/08/2026 :10:00,10/09/2026 :17:00,10/09/2026 :17:00,,,"Designation: AGM (AUD) NTPC Kahalgaon Super Thermal Power Station,
Kahalgaon, Bhagalpur Dist., Bihar Phone: Fax: E-mail:  flyashkhstps@ntpc.co.in",https://ntpctender.ntpc.co.in/NITDetails/NITs/30172
30173,GEM/2026/B/7886753,"Biennial Job Contract for Maintenance of Heavy Earth Moving Machines (HEMM) in CHP at IGSTPP, Jharli",IGSTPP: Aravali Power Copany Private Limited-Jhajjar (JV),Haryana,JVs & Subsidaries,Work Contract,,,,21/08/2026,21/08/2026 :10:00,07/09/2026 :12:00,07/09/2026 :12:00,07/09/2026 :12:30,,"Designation: Sr. Manager APCPL, Indira Gandhi Super Thermal Power Project
P.O. Jharli, Dist. JHAJJAR, Haryana-124141, INDIA Phone: Fax: E-mail:  shuchisharma@ntpc.co.in",https://ntpctender.ntpc.co.in/NITDetails/NITs/30173
30174,GEM/2026/B/7926307,AMC of 10 kg per day Methanol Pilot Plant Installed at NETRA for Three Years,Corporate Contracts,Uttar Pradesh,Corporate Center,Work Contract,,,,21/08/2026,21/08/2026 :10:00,28/08/2026 :12:00,28/08/2026 :12:00,28/08/2026 :12:30,,"Designation: Sr. Manager NTPC Ltd., Engineering Office Complex,
Plot No. A-8A, Sector-24, NOIDA-201301, UP, India Phone: Fax: E-mail:  shilpakareddy@ntpc.co.in",https://ntpctender.ntpc.co.in/NITDetails/NITs/30174
30175,NTPC/Lara/AU/PondAsh/2026,"Issue of Pond Ash on Free of Cost, first come First Served Basis with Transportation by User, from NTPC Lara",Lara STPP,Chhattisgarh,Western Region-II,Miscellaneous (Others),,,,22/08/2026,22/08/2026 :10:00,03/09/2026 :17:00,03/09/2026 :17:00,,,"Designation: AGM NTPC Limited, Lara Super Thermal Power Project, Village Chhapora, P.O. / P.S. Pussore, District Raigarh, Chhattisgarh, India - 496440 Phone: Fax: E-mail:  aulara@ntpc.co.in",https://ntpctender.ntpc.co.in/NITDetails/NITs/30175
30176,EOI/ADM/001/DryFlyAsh/2026,Fly Ash Supply to Micro and Small Enterprises (MSE’s) and Local Users (situated within 100 Kms radial distance) from NTPC Simhadri STPS,Simhadri Thermal Power Project,Andhra Pradesh,Southern Region,Miscellaneous (Others),,,,24/08/2026,24/08/2026 :10:00,13/09/2026 :17:00,13/09/2026 :17:00,,,"Designation: Sr. Manager NTPC Simhadri Super Thermal Power Station,
Parawada Mandal, Anakapalli Dist., Andhra Pradesh-531020 Phone: Fax: E-mail:  emgsimhadri@ntpc.co.in",https://ntpctender.ntpc.co.in/NITDetails/NITs/30176
30177,GEM/2026/B/7941062,Procurement of Battery Operated Platform Truck,NTECL: NTPC TamilNadu Energy Company Ltd.,Tamilnadu,JVs & Subsidaries,Work Contract,,,,22/08/2026,22/08/2026 :10:00,12/09/2026 :18:00,12/09/2026 :18:00,12/09/2026 :18:30,,"Designation: AGM NTECL, Vallur Thermal Power Project, Kuruvimedu Village,
Ponneri Taluk, Vellivayal Chavadi Post, Thiruvallur Dist. Chennai-600103 Phone: Fax: E-mail:  lokanathams@ntpc.co.in",https://ntpctender.ntpc.co.in/NITDetails/NITs/30177
30178,EOI/VSTPS/PONDASH/2026-27/02,"EOI for Issue of pond ash on Free of Cost basis to Road Projects / Flyover
embankments / Dams / Mines / Shoreline Protection structures in coastal
Districts (as per extant MoEF&amp;CC Notification and policy), from NTPC
Vindhyachal",Vindhyachal Super Thermal Power,Madhya Pradesh,Northern Region,Miscellaneous (Others),,,,22/08/2026,22/08/2026 :10:00,01/09/2026 :18:00,01/09/2026 :18:00,,,"Designation: Sr. Manager NTPC VINDHYACHAL SUPER THERMAL POWER STATION,
SINGRAULI, Madhya Pradesh - 486885 Phone: Fax: E-mail:  smpandey@ntpc.co.in",https://ntpctender.ntpc.co.in/NITDetails/NITs/30178
30179,CS-6401-301A-9,Site Enabling Works Package for Great Nicobar Island Gas Engine Power Project (108 MW ± 5 MW),Corporate Contracts,Uttar Pradesh,Corporate Center,Work Contract,5000000.00,,,22/08/2026,22/08/2026 :10:00,21/09/2026 :13:00,21/09/2026 :13:00,21/09/2026 :15:30,,"Designation: DGM NTPC Limited,
6th Floor, EOC,
A-8A, Sector-24, NOIDA,
Dist. Gautam Budh Nagar, (UP), INDIA-201301 Phone: Fax: E-mail:  amitk@ntpc.co.in",https://ntpctender.ntpc.co.in/NITDetails/NITs/30179
30180,GEM/2026/B/7885771,ENGAGEMENT OF AGENCY FOR PROVIDING FIELD QUALITY ASSURANCE SERVICE THROUGH DEPLOYMENT OF FIELD QUALITY SERVICE ENGINEERS AT NTECL VALLUR,NTECL: NTPC TamilNadu Energy Company Ltd.,Tamilnadu,JVs & Subsidaries,Services,,,,22/08/2026,22/08/2026 :10:00,12/09/2026 :17:00,12/09/2026 :17:00,12/09/2026 :17:30,,"Designation: DGM NTECL, Vallur Thermal Power Project, Kuruvimedu Village,
Ponneri Taluk, Vellivayal Chavadi Post, Thiruvallur Dist. Chennai-600103 Phone: Fax: E-mail:  mohan02@ntpc.co.in",https://ntpctender.ntpc.co.in/NITDetails/NITs/30180
30181,NTPC-Barh/AM-3/PondAsh/2026,"EOI for Issue of Pond Ash on ‘Free of Cost’ basis to Road Projects / Flyover
embankments / Dams / Mines / Shoreline Protection structures in coastal
Districts / Low Lying (as per extant MoEFCC Notification and policy), from
NTPC Barh.",Barh Thermal Power Plant,Bihar,Eastern Region-I,Miscellaneous (Others),,,,24/08/2026,24/08/2026 :10:00,31/08/2026 :17:00,31/08/2026 :17:00,,,"Designation: Ash Management Dept. NTPC BARH THERMAL POWER STATION,
Address- Barh, District Patna, Bihar – 803215 Phone: Fax: E-mail:  audbarh@ntpc.co.in",https://ntpctender.ntpc.co.in/NITDetails/NITs/30181
30182,GEM/2026/B/7877335,"Comprehensive AMC Services for Cisco Make Routers, Switches, Servers & SD WAN Controllers and Messaging Solutions",Corporate Contracts,Uttar Pradesh,Corporate Center,Services,,,,24/08/2026,24/08/2026 :10:00,15/09/2026 :15:00,15/09/2026 :15:00,16/09/2026 :15:00,,Designation: Sr. Manager NTPC Ltd. Engineering Office Complex Plot No. A-8A Sector-24 NOIDA-201301 UP India Phone: Fax: E-mail:  satishksharma@ntpc.co.in,https://ntpctender.ntpc.co.in/NITDetails/NITs/30182
30183,GEM/2026/B/7946012,Procurement Of Cast Basalt Pipes And Fittings For Ash Slurry Disposal Pipe Lines,NTECL: NTPC TamilNadu Energy Company Ltd.,Tamilnadu,JVs & Subsidaries,Work Contract,,,,24/08/2026,24/08/2026 :10:00,14/09/2026 :18:00,14/09/2026 :18:00,14/09/2026 :18:30,,"Designation: AGM NTPC Tamilnadu Energy Co. Ltd (NTECL),
Vallur Thermal Power Station, 
Chennai - 600103 Phone: Fax: E-mail:  lokanathams@ntpc.co.in",https://ntpctender.ntpc.co.in/NITDetails/NITs/30183
30184,GEM/2026/B/7950688,Procurement of Spares and Consumables for Elga UWPS at Analytical Lab,Corporate Contracts,Uttar Pradesh,Corporate Center,Work Contract,,,,24/08/2026,24/08/2026 :10:00,31/08/2026 :16:00,31/08/2026 :16:00,31/08/2026 :16:30,,"Designation: Sr. Manager NTPC Ltd., Engineering Office Complex,
Plot No. A-8A, Sector-24, NOIDA-201301, UP, India Phone: Fax: E-mail:  parixitrariya@ntpc.co.in",https://ntpctender.ntpc.co.in/NITDetails/NITs/30184
30185,NTPC/USSC-CPGl/9900331843,"Supply, Design, Erection, Retrofitting and Commissioning of 400 KV Circuit Breakers in Switchyard of NT PC Vindhyachal Stage 3 Under ADDCAP",Western Region Head Quarter-II,Chhattisgarh,Western Region-II,Work Contract,1000000.00,,,24/08/2026,24/08/2026 :18:00,15/09/2026 :16:30,15/09/2026 :16:30,17/09/2026 :16:30,,"Designation: DGM NTPC Limited, Western Region-II Office,
Plot No. 87, Sector-24,
Nava Raipur, Chhattisgarh-492018 Phone: Fax: E-mail:  anandshanker@ntpc.co.in",https://ntpctender.ntpc.co.in/NITDetails/NITs/30185
30186,NTECL/C&M/CS-6166,BIENNIAL CONTRACT FOR CIVIL MAINTENANCE WORKS AT NTECL TOWNSHIP,NTECL: NTPC TamilNadu Energy Company Ltd.,Tamilnadu,JVs & Subsidaries,Work Contract,1000000.00,,,24/08/2026,24/08/2026 :10:00,12/09/2026 :18:00,12/09/2026 :18:00,14/09/2026 :15:30,,"Designation: DGM NTECL, Vallur Thermal Power Project,
Site Office Vellivoyal Chavadi Post,
Ponneri Taluk, Thiruvallur District, Chennai-600103, Tamilnadu Phone: Fax: E-mail:  jaideep@ntpc.co.in",https://ntpctender.ntpc.co.in/NITDetails/NITs/30186
30187,NTECL/C&M/CS-6217,Encasing of Steel column bases in ECHP area of NTECL,NTECL: NTPC TamilNadu Energy Company Ltd.,Tamilnadu,JVs & Subsidaries,Work Contract,,,,25/08/2026,25/08/2026 :17:30,14/09/2026 :15:00,14/09/2026 :15:00,15/09/2026 :15:30,,"Designation: Sr. Manager NTECL,
Vallur Thermal Power Station, Kuruvimedu Village,
Ponneri Taluk, Vellivayal Chavadi Post,
Thiruvallur District, Chennai - 600103 Phone: Fax: E-mail:  manjeerak@ntpc.co.in",https://ntpctender.ntpc.co.in/NITDetails/NITs/30187
30188,EOI/Nabinagar/AUD/2026/01,"NOTICE for Issue of Pond Ash on ‘Free of Cost’ basis to Road Projects / Flyover embankments / Dams / Mines / Shoreline Protection structures in coastal Districts / Low Lying (as per extant MoEFCC Notification and policy), from NTPC Nabinagar",Nabinagar Power Generating Company (P) Limited (NPGC-JV),Bihar,JVs & Subsidaries,Miscellaneous (Others),,,,26/08/2026,26/08/2026 :10:00,02/09/2026 :17:00,02/09/2026 :17:00,,,"Designation: AGM (AU & O&M Civil) NABINAGAR SUPER THERMAL POWER PROJECT (NSTPP),
NTPC Nabinagar, Dist. Aurangabad, Bihar-824304 Phone: Fax: E-mail:  audnstps@ntpc.co.in",https://ntpctender.ntpc.co.in/NITDetails/NITs/30188
30189,GEM/2026/B/7950433,Procurement of PVC V Bars For Cooling Tower,NTECL: NTPC TamilNadu Energy Company Ltd.,Tamilnadu,JVs & Subsidaries,Work Contract,,,,26/08/2026,26/08/2026 :10:00,16/09/2026 :18:00,16/09/2026 :18:00,16/09/2026 :18:30,,"Designation: AGM NTPC Tamilnadu Energy Co. Ltd (NTECL),
Vallur Thermal Power Station, 
Chennai - 600103 Phone: Fax: E-mail:  lokanathams@ntpc.co.in",https://ntpctender.ntpc.co.in/NITDetails/NITs/30189
30190,NVVN/C&M/RE-528/2026-27,"Selection of Developer on Build, Own and Operate (BOO) Basis for Setting up and Operating a 100 TPD Biomass Pellet Plant and Supply of Biomass Pellets for 15 years at Guru Hargobind Thermal Power Plant (GHTP), Lehra Mohabbat, Punjab.",NVVNL - NTPC Vidyut Vyapar Nigam Ltd.,Uttar Pradesh,JVs & Subsidaries,Work Contract,500000.00,,,26/08/2026,26/08/2026 :10:00,09/09/2026 :17:00,09/09/2026 :17:00,10/09/2026 :15:00,,"Designation: DGM NVVNL, EOC, Plot No. A-8A Sector 24, Block A,
Noida, Uttar Pradesh-201301 Phone: Fax: E-mail:  nvvncontracts@ntpc.co.in",https://ntpctender.ntpc.co.in/NITDetails/NITs/30190
30191,GEM/2026/B/7950222,Bienniel Job Contract for Assistance in Operation and House Keeping of Ash handling System 1130 (BHILAI PP-3),NTPC-SAIL Power Company Limited (NSPCL) - Bhilai,Chhattisgarh,JVs & Subsidaries,Work Contract,500000.00,,,26/08/2026,26/08/2026 :10:00,16/09/2026 :15:00,16/09/2026 :15:00,16/09/2026 :15:30,,"Designation: Dy. Manager NSPCL, SSC, Bhilai ,
PO Dist., Durg, Chhattisgarh-490021 Phone: Fax: E-mail:  r.k.verma@nspcl.co.in",https://ntpctender.ntpc.co.in/NITDetails/NITs/30191
30192,GEM/2026/B/7965374,"SUPPLY, INSTALLATION AND COMMISSIONING OF DRY FOG DUST SUPPRESSION SYSTEM (DFDS) IN CHP (CRUSHER HOUSE, TP5, TP15 AND TP16) AREA AT NTECL",NTECL: NTPC TamilNadu Energy Company Ltd.,Tamilnadu,JVs & Subsidaries,Work Contract,,,,27/08/2026,27/08/2026 :10:00,17/09/2026 :11:00,17/09/2026 :11:00,17/09/2026 :11:30,,"Designation: DGM NTECL,
Vallur Thermal Power Station,
Kuruvimedu Village, Ponneri Taluk,
Vellivoyal Chavadi Post,
Thiruvallur District, Chennai - 600103 Phone: Fax: E-mail:  jaideep@ntpc.co.in",https://ntpctender.ntpc.co.in/NITDetails/NITs/30192
30193,GEM/2026/B/7919969,"Supply, Installation and Commissioning of Online Vibration Monitoring Sensors on Rental basis for Predictive Maintenance of PAPH Motors at IGSTPP Jharli",IGSTPP: Aravali Power Copany Private Limited-Jhajjar (JV),Haryana,JVs & Subsidaries,Services,,,,21/08/2026,21/08/2026 :10:00,11/09/2026 :15:00,11/09/2026 :15:00,11/09/2026 :15:30,,"Designation: Sr. Manager IGSTPP, Aravali Power Company Private Limited-Jhajjar (JV),
P.O. Jharli, Dist. Jhajjar, Haryana-124141 Phone: Fax: E-mail:  amitsaikia@ntpc.co.in",https://ntpctender.ntpc.co.in/NITDetails/NITs/30193
30194,EOI/DFA/TSTPS/2026-27/01,"EOI for Issue of Dry Fly Ash on Free of Cost, First come First Served Basis with Transportation by Bidder, from NTPC Talcher Kaniha",Talcher Thermal Power Station,Orissa,Eastern Region-II,Miscellaneous (Others),,,,01/09/2026,01/09/2026 :09:00,21/09/2026 :17:00,21/09/2026 :17:00,,,"Designation: DGM NTPC Kaniha THERMAL POWER STATION, PO Deepsikha, Dist Angul, Odisha-759147 Phone: Fax: E-mail:  autstps@ntpc.co.in",https://ntpctender.ntpc.co.in/NITDetails/NITs/30194
30195,GEM/2026/B/7937631,"Hiring of Latest Model of Mahindra Scorpio (4 WD) or equivalent 4WD Not earlier than 2026 Make)
vehicle for 12 Hours duty for NTPC REL officials at 200 MW ISTS Connected Solar PV Project (Block IX)",Renewable Energy,Uttar Pradesh,Renewable Energy,Work Contract,,,,27/08/2026,27/08/2026 :10:00,07/09/2026 :17:00,07/09/2026 :17:00,07/09/2026 :17:30,,"Designation: DGM NTPC Renewable Energy Limited
4th Floor, RE Building, NETRA Complex
E-3, Ecotech-II, Udyog Vihar, Greater Noida
Gautam Buddha Nagar, UP, India–201306 Phone: Fax: E-mail:  ajaipandey@ntpc.co.in",https://ntpctender.ntpc.co.in/NITDetails/NITs/30195
30196,EOI/1/MSE/DFA/2026-27,Expression of Interest for Dry Fly Ash on first come first serve basis for MSE and local users within 100 Kms from NTPC Farakka,Farakka Super Thermal Power Project,West Bengal,Eastern Region-I,Miscellaneous (Others),,,,28/08/2026,28/08/2026 :10:00,12/09/2026 :17:00,12/09/2026 :17:00,,,"Designation: Sr. Manager NTPC FARAKKA THERMAL POWER STATION,
PO-Nabarun, Dist. Murshidabad, WB-742236 Phone: Fax: E-mail:  mukeshchandraraj@ntpc.co.in",https://ntpctender.ntpc.co.in/NITDetails/NITs/30196
30197,GEM/2026/B/7971197,AMC of Bomb Calorimeter at Netra,Corporate Contracts,Uttar Pradesh,Corporate Center,Work Contract,,,,28/08/2026,28/08/2026 :10:00,04/09/2026 :14:00,04/09/2026 :14:00,04/09/2026 :14:30,,"Designation: Sr. Manager Corporate Material, EOC, NTPC Limited, NOIDA, UP, India Phone: Fax: E-mail:  parixitrariya@ntpc.co.in",https://ntpctender.ntpc.co.in/NITDetails/NITs/30197
30198,PVUNL/Patratu/9900331962,"Construction of 5 nos. Toilet Block and 1 rest room for round the clock operation of workers at different locations of inside plant area, including the electrification works in PVUNL, Patratu.",Patratu Vidyut Utpadan Nigam Limited (Subsidiary),Jharkhand,JVs & Subsidaries,Work Contract,,,,28/08/2026,28/08/2026 :16:00,19/09/2026 :11:00,19/09/2026 :11:00,21/09/2026 :11:00,,"Designation: DGM PATRATU VIDYUT UTPADAN NIGAM LIMITED,
P.O PTPS, Dist. Ramgarh, Jharkhand-829119 Phone: Fax: E-mail:  ajaypal@ntpc.co.in",https://ntpctender.ntpc.co.in/NITDetails/NITs/30198
30199,PVUNL/Patratu/9900331185,Widening of Road Outside of Plant area at PVUNL.,Patratu Vidyut Utpadan Nigam Limited (Subsidiary),Jharkhand,JVs & Subsidaries,Work Contract,,,,28/08/2026,28/08/2026 :16:00,19/09/2026 :11:00,19/09/2026 :11:00,21/09/2026 :11:00,,"Designation: DGM PATRATU VIDYUT UTPADAN NIGAM LIMITED, P.O PTPS, Dist. Ramgarh, Jharkhand-829119 Phone: Fax: E-mail:  ajaypal@ntpc.co.in",https://ntpctender.ntpc.co.in/NITDetails/NITs/30199
30200,NTPC/EPC/EOI/SUB-CR-250/2026,"Expression of Interest for Identification of Vendors for Design, Engineering, Manufacturing, Supply, Erection,
Testing & Commissioning of Sub-Critical Thermal Power Units on EPC basis suitable for Flexible Operation
including Two shift operation",SRHQ Hyderabad,Andhra Pradesh,Southern Region,Miscellaneous (Others),,,,30/08/2026,30/08/2026 :10:00,30/09/2026 :17:00,30/09/2026 :17:00,,,"Designation: AGM Project Engineering (Mechanical)
NTPC Limited, SRHQ, NTPC Bhavan, Kavadiguda, Secunderabad-500080 Phone: Fax: E-mail:  pawandwivedi@ntpc.co.in",https://ntpctender.ntpc.co.in/NITDetails/NITs/30200
30201,NTPC/USSC-CPG1/9900331015,"R&M OF INSULATION MATTRESS WITH ALUMINIUM CLADDING SHEET & ACCESSORIES OF ST-2
BOILER PRESSURE PARTS(3X500MW) AT NTPC KORBA",Western Region Head Quarter-II,Chhattisgarh,Western Region-II,Work Contract,,,,21/08/2026,21/08/2026 :11:00,09/09/2026 :16:00,09/09/2026 :16:00,,,"Designation: Sr. Manager NTPC Limited, Central Procurement Group-I,
WR-II Office, Sector-24,
Nava Raipur, Chhattisgarh - 492018 Phone: Fax: E-mail:  vkbhojwani@ntpc.co.in",https://ntpctender.ntpc.co.in/NITDetails/NITs/30201
30202,NTPC/USSC-CPG1/9900331013,"DESIGN, ENGINEERING, SUPPLY, CONSTRUCTION, ERECTION AND INSTALLATION OF DUST
CURTAIN ALONG BOUNDARY WALL IN STAGE-I AND II CHP AREA FGUTPP UNCHAHAR",Western Region Head Quarter-II,Chhattisgarh,Western Region-II,Work Contract,,,,27/08/2026,27/08/2026 :11:00,16/09/2026 :16:00,16/09/2026 :16:00,,,"Designation: Sr. Manager NTPC Limited, Central Procurement Group-I,
WR-II Office, Sector-24,
Nava Raipur, Chhattisgarh - 492018 Phone: Fax: E-mail:  vkbhojwani@ntpc.co.in",https://ntpctender.ntpc.co.in/NITDetails/NITs/30202
30203,48MEG-01-01092026,BOILER STRAIGHT TUBES (CARBON STEEL),Vendor Development Cell (Raipur CG),Chhattisgarh,Western Region-II,Vendor Enlistment,,,,01/09/2026,01/09/2026 :10:00,22/09/2026 :12:55,22/09/2026 :12:55,,,"Designation: DGM NTPC Limited, Western Region-II Office,
Plot No. 87, Sector-24, Nava Raipur, Chhattisgarh-492018 Phone: Fax: E-mail:  sparthasarathy@ntpc.co.in",https://ntpctender.ntpc.co.in/NITDetails/NITs/30203
30204,46MEG-02-01092026,Grinding Ball for Ball and Tube Type Coal Pulveriser,Vendor Development Cell (Raipur CG),Chhattisgarh,Western Region-II,Vendor Enlistment,,,,01/09/2026,01/09/2026 :10:00,22/09/2026 :23:55,22/09/2026 :23:55,,,"Designation: DGM NTPC Limited, Western Region-II Office,
Plot No. 87, Sector-24, Nava Raipur, Chhattisgarh-492018 Phone: Fax: E-mail:  sparthasarathy@ntpc.co.in",https://ntpctender.ntpc.co.in/NITDetails/NITs/30204
30205,16MEG-11-01092026,FIRE FIGHTING HOSES,Vendor Development Cell (Raipur CG),Chhattisgarh,Western Region-II,Vendor Enlistment,,,,01/09/2026,01/09/2026 :10:00,22/09/2026 :23:55,22/09/2026 :23:55,,,"Designation: DGM NTPC Limited, Western Region-II Office,
Plot No. 87, Sector-24, Nava Raipur, Chhattisgarh-492018 Phone: Fax: E-mail:  sparthasarathy@ntpc.co.in",https://ntpctender.ntpc.co.in/NITDetails/NITs/30205
30206,TMD-20-01092026,Repair of BFP Main pump Cartridge for units up to 500 MW units at vendor works,Vendor Development Cell (Raipur CG),Chhattisgarh,Western Region-II,Vendor Enlistment,,,,01/09/2026,01/09/2026 :10:00,22/09/2026 :23:55,22/09/2026 :23:55,,,"Designation: DGM NTPC Limited, Western Region-II Office,
Plot No. 87, Sector-24, Nava Raipur, Chhattisgarh-492018 Phone: Fax: E-mail:  sparthasarathy@ntpc.co.in",https://ntpctender.ntpc.co.in/NITDetails/NITs/30206
30207,FQA-01-01092026,"Radiography, other NDT Job and Stress Relieving/Heat Treatmentin Plant",Vendor Development Cell (Raipur CG),Chhattisgarh,Western Region-II,Vendor Enlistment,,,,01/09/2026,01/09/2026 :10:00,22/09/2026 :23:55,22/09/2026 :23:55,,,"Designation: DGM NTPC Limited, Western Region-II Office,
Plot No. 87, Sector-24, Nava Raipur, Chhattisgarh-492018 Phone: Fax: E-mail:  sparthasarathy@ntpc.co.in",https://ntpctender.ntpc.co.in/NITDetails/NITs/30207
30208,BMD-26-01092026,Post Operational Chemical Cleaning of Boiler,Vendor Development Cell (Raipur CG),Chhattisgarh,Western Region-II,Vendor Enlistment,,,,01/09/2026,01/09/2026 :10:00,22/09/2026 :23:55,22/09/2026 :23:55,,,"Designation: DGM NTPC Limited, Western Region-II Office,
Plot No. 87, Sector-24, Nava Raipur, Chhattisgarh-492018 Phone: Fax: E-mail:  sparthasarathy@ntpc.co.in",https://ntpctender.ntpc.co.in/NITDetails/NITs/30208
30209,OFF-12-01092026,Hiring of Pumps,Vendor Development Cell (Raipur CG),Chhattisgarh,Western Region-II,Vendor Enlistment,,,,01/09/2026,01/09/2026 :10:00,22/09/2026 :23:55,22/09/2026 :23:55,,,"Designation: DGM NTPC Limited, Western Region-II Office,
Plot No. 87, Sector-24, Nava Raipur, Chhattisgarh-492018 Phone: Fax: E-mail:  sparthasarathy@ntpc.co.in",https://ntpctender.ntpc.co.in/NITDetails/NITs/30209
30210,CHP-98-01092026,MECHANICAL MAINTENANCE OF COAL HANDLING PLANT (CAT-II) TYPE,Vendor Development Cell (Raipur CG),Chhattisgarh,Western Region-II,Vendor Enlistment,,,,01/09/2026,01/09/2026 :10:00,22/09/2026 :23:55,22/09/2026 :23:55,,,"Designation: DGM NTPC Limited, Western Region-II Office,
Plot No. 87, Sector-24, Nava Raipur, Chhattisgarh-492018 Phone: Fax: E-mail:  sparthasarathy@ntpc.co.in",https://ntpctender.ntpc.co.in/NITDetails/NITs/30210
30211,TMD-21-01092026,"Mechanical Maintenance (AMC/BMC) of Gas Turbine (Turbine and Auxiliaries), Steam Turbine (Turbine and Auxiliaries)",Vendor Development Cell (Raipur CG),Chhattisgarh,Western Region-II,Vendor Enlistment,,,,01/09/2026,01/09/2026 :10:00,22/09/2026 :23:55,22/09/2026 :23:55,,,"Designation: DGM NTPC Limited, Western Region-II Office,
Plot No. 87, Sector-24, Nava Raipur, Chhattisgarh-492018 Phone: Fax: E-mail:  sparthasarathy@ntpc.co.in",https://ntpctender.ntpc.co.in/NITDetails/NITs/30211
30212,ROAD-02-01092026,Enlistment of vendors for Bituminous Road work - Construction/ Repair/ Maintenance/ Strengthening/Widening/ Resurfacing/ Carpeting,Vendor Development Cell (Raipur CG),Chhattisgarh,Western Region-II,Vendor Enlistment,,,,01/09/2026,01/09/2026 :10:00,22/09/2026 :23:55,22/09/2026 :23:55,,,"Designation: DGM NTPC Limited, Western Region-II Office,
Plot No. 87, Sector-24, Nava Raipur, Chhattisgarh-492018 Phone: Fax: E-mail:  sparthasarathy@ntpc.co.in",https://ntpctender.ntpc.co.in/NITDetails/NITs/30212
30213,IT-04-01092026,Enlistment of Vendors for IT Services Development & Maintenance of Web / Mobile based Applications (Category-I),Vendor Development Cell (Raipur CG),Chhattisgarh,Western Region-II,Vendor Enlistment,,,,01/09/2026,01/09/2026 :10:00,22/09/2026 :23:55,22/09/2026 :23:55,,,"Designation: DGM NTPC Limited, Western Region-II Office,
Plot No. 87, Sector-24, Nava Raipur, Chhattisgarh-492018 Phone: Fax: E-mail:  sparthasarathy@ntpc.co.in",https://ntpctender.ntpc.co.in/NITDetails/NITs/30213
30214,CS-0011-011(10)-9,"PROCUREMENT OF 2.5 MMT DOMESTIC NTPC’S TELANGANA, SIMHADRI, MOUDA, TANDA & NABINAGAR POWER STATIONS",Corporate Contracts,Uttar Pradesh,Corporate Center,Work Contract,,,,01/09/2026,01/09/2026 :10:00,16/09/2026 :15:00,16/09/2026 :15:00,16/09/2026 :15:30,,"Designation: Sr. Manager NTPC Limited, 6th Floor,
EOC, A-8A, Sector-24, NOIDA,
Dist. Gautam Budh Nagar, UP, INDIA-201301 Phone: Fax: E-mail:  sonujikumar@ntpc.co.in",https://ntpctender.ntpc.co.in/NITDetails/NITs/30214
30215,GEM/2026/B/7980947,"Biennial contract for Operation & maintenance of Locos, Yard operation, Deployment of Staff for Signal and track at NTPC Tanda (2026-28)",Western Region Head Quarter-II,Chhattisgarh,Western Region-II,Work Contract,2000000.00,,,01/09/2026,01/09/2026 :10:00,22/09/2026 :16:00,22/09/2026 :16:00,22/09/2026 :16:30,,"Designation: DGM NTPC Limited, Western Region-II Office,
Plot No. 87, Sector-24,
Nava Raipur, Chhattisgarh-492018 Phone: Fax: E-mail:  hariomkumar@ntpc.co.in",https://ntpctender.ntpc.co.in/NITDetails/NITs/30215
30216,GEM/2026/B/7962951,BOBR Wagons + Brake Wagons for NTPC,Western Region Head Quarter-II,Chhattisgarh,Western Region-II,Services,50000000.00,,,01/09/2026,31/08/2026 :10:00,28/09/2026 :19:00,28/09/2026 :19:00,28/09/2026 :19:30,,"Designation: Sr. Manager NTPC Limited, Western Region-II Office,
Plot No. 87, Sector-24,
Nava Raipur, Chhattisgarh-492018 Phone: Fax: E-mail:  sourabhbanerjee@ntpc.co.in",https://ntpctender.ntpc.co.in/NITDetails/NITs/30216
30217,NVVN/C&M/2026-27/RE-537,"EOI For SETTING UP AND OPERATION OF A BIOMASS PELLET PLANT AT ITWA, 
DISTRICT SIDDHARTH NAGAR, UTTAR PRADESH ON BUILD-OWN-OPERATE (BOO) BASIS",NVVNL - NTPC Vidyut Vyapar Nigam Ltd.,Uttar Pradesh,JVs & Subsidaries,Work Contract,,,,01/09/2026,01/09/2026 :17:00,22/09/2026 :17:00,22/09/2026 :17:00,23/09/2026 :15:00,,"Designation: Sr. Manager NTPC Vidyut Vyapar Nigam Limited,
EOC, Plot No. A-8A
Sector 24, Block A, Noida, UP - 201301 Phone: Fax: E-mail:  arunkumar01@ntpc.co.in",https://ntpctender.ntpc.co.in/NITDetails/NITs/30217
30218,GEM/2026/B/7985786,Biennial Maintenance Contract of MGR Track of TSTPS NTPC Kaniha from inside plant area including newly laid wagon tippler Track to 15Km including Kaniha Lines,Western Region Head Quarter-II,Chhattisgarh,Western Region-II,Work Contract,2000000.00,,,02/09/2026,02/09/2026 :10:00,23/09/2026 :14:00,23/09/2026 :14:00,23/09/2026 :14:30,,"Designation: DGM NTPC Limited, Western Region-II Office,
Plot No. 87, Sector-24,
Nava Raipur, Chhattisgarh-492018 Phone: Fax: E-mail:  srikark@ntpc.co.in",https://ntpctender.ntpc.co.in/NITDetails/NITs/30218
30219,NTPC/EOC/9900332604,"Design, Manufacturing, Supply, Installation and Commissioning of UF-RO-UVSystem for DMW at 2TPD H2 plant, CTM site VSTPS",Corporate Contracts,Uttar Pradesh,Corporate Center,Work Contract,,,,03/09/2026,03/09/2026 :09:00,08/09/2026 :15:00,08/09/2026 :15:00,09/09/2026 :15:00,,"Designation: Sr. Manager NTPC Ltd., Engineering Office Complex,
Plot No. A-8A, Sector-24, NOIDA-201301, UP, India Phone: Fax: E-mail:  shilpakareddy@ntpc.co.in",https://ntpctender.ntpc.co.in/NITDetails/NITs/30219
30220,NTECL/C&M/CS-6135R,BIENNIAL MAINTENANCE CONTRACT FOR ASH DYKE AT NTECL-VALLUR,NTECL: NTPC TamilNadu Energy Company Ltd.,Tamilnadu,JVs & Subsidaries,Work Contract,,,,03/09/2026,03/09/2026 :10:00,12/09/2026 :15:00,12/09/2026 :15:00,12/09/2026 :17:00,,"Designation: DGM NTECL, Vallur Thermal Power Project, Kuruvimedu Village,
Ponneri Taluk, Vellivayal Chavadi Post, Thiruvallur Dist. Chennai-600103 Phone: Fax: E-mail:  jaideep@ntpc.co.in",https://ntpctender.ntpc.co.in/NITDetails/NITs/30220
30221,GEM/2026/B/7993689,"Hiring of ONE (01) no AC Vehicle (Latest model of Mahindra Scorpio - N or equivalent 4WD vehicle 2025) for 12 months, 12 Hrs duty basis with a provision for extension of 3 months as per scope of work for use in NTPC REL",Renewable Energy,Uttar Pradesh,Renewable Energy,Work Contract,,,,03/09/2026,03/09/2026 :10:00,14/09/2026 :17:00,14/09/2026 :17:00,15/09/2026 :17:00,,"Designation: DGM Renewables Building, E-3, Ecotech-II
Udyog Vihar, Greater Noida, Gautam Buddha Nagar - 201306, UP Phone: Fax: E-mail:  ajaipandey@ntpc.co.in",https://ntpctender.ntpc.co.in/NITDetails/NITs/30221
30222,GEM/2026/B/7970439,Procurement of Grab Bucket Assembly for Grab Unloader,NTECL: NTPC TamilNadu Energy Company Ltd.,Tamilnadu,JVs & Subsidaries,Work Contract,,,,03/09/2026,03/09/2026 :10:00,24/09/2026 :18:00,24/09/2026 :18:00,24/09/2026 :18:30,,"Designation: AGM NTPC Tamilnadu Energy Co. Ltd (NTECL),
Vallur Thermal Power Station, 
Chennai - 600103 Phone: Fax: E-mail:  lokanathams@ntpc.co.in",https://ntpctender.ntpc.co.in/NITDetails/NITs/30222
30223,EOI/AM-BRBCL/PondAsh/2026,"EOI for Lifting of Pond Ash on Free of Cost and as is where is Basis from BRBCL, Nabinagar, Aurangabad",Bhartiya Rail Bijlee Company Limited (Subsidiary),Bihar,JVs & Subsidaries,Miscellaneous (Others),,,,04/09/2026,04/09/2026 :10:00,20/09/2026 :17:00,20/09/2026 :17:00,,,"Designation: DGM Bhartiya Rail Bijlee Company Limited, Nabinagar, Dist. Aurangabad, Bihar-824303 Phone: Fax: E-mail:  ssfule@ntpc.co.in",https://ntpctender.ntpc.co.in/NITDetails/NITs/30223
30224,CS-0011-011(11)-9,"Procurement of 1.5 MMT of Domestic Coal for NTPCs Dadri, Unchahar & Barh Power Station (0.5 MMT each), Bidding Document No. CS-0011-011(11)-9",Corporate Contracts,Uttar Pradesh,Corporate Center,Work Contract,,,,04/09/2026,04/09/2026 :10:00,08/09/2026 :12:00,08/09/2026 :12:00,09/09/2026 :12:00,,"Designation: DGM NTPC Ltd., Engineering Office Complex,
Plot No. A-8A, Sector-24, NOIDA-201301, UP, India Phone: Fax: E-mail:  rajendrakumartiwari@ntpc.co.in",https://ntpctender.ntpc.co.in/NITDetails/NITs/30224
30225,GEM/2026/B/7990061,Procurement of Baffle Plate Assembly for Pipe Conveyor of CHP,NTECL: NTPC TamilNadu Energy Company Ltd.,Tamilnadu,JVs & Subsidaries,Work Contract,,,,04/09/2026,04/09/2026 :10:00,25/09/2026 :18:00,25/09/2026 :18:00,26/09/2026 :18:00,,"Designation: AGM NTPC Tamilnadu Energy Co. Ltd (NTECL),
Vallur Thermal Power Station, 
Chennai - 600103 Phone: Fax: E-mail:  lokanathams@ntpc.co.in",https://ntpctender.ntpc.co.in/NITDetails/NITs/30225
30226,GEM/2026/B/7997821,BIENNIAL CONTRACT FOR PROVIDING PEST CONTROL WORKS AT NTECL TOWNSHIP,NTECL: NTPC TamilNadu Energy Company Ltd.,Tamilnadu,JVs & Subsidaries,Work Contract,50000.00,,,04/09/2026,04/09/2026 :10:00,25/09/2026 :15:00,25/09/2026 :15:00,04/09/2026 :15:00,,"Designation: DGM NTPC Tamilnadu Energy Co. Ltd (NTECL), Vallur Thermal Power Station, Chennai - 600103 Phone: Fax: E-mail:  jaideep@ntpc.co.in",https://ntpctender.ntpc.co.in/NITDetails/NITs/30226
30227,9900328076,Procurement of 50MVA 220KV/11.5KV Power Transformer for CO2-ESS System at NTPC Kudgi,Corporate Contracts,Uttar Pradesh,Corporate Center,Work Contract,1000000.00,,,07/09/2026,07/09/2026 :10:00,28/09/2026 :16:00,28/09/2026 :16:00,29/09/2026 :16:00,,"Designation: Sr. Manager NTPC Ltd., Engineering Office Complex,
Plot No. A-8A, Sector-24, NOIDA-201301, UP, India Phone: Fax: E-mail:  shiprakumari@ntpc.co.in",https://ntpctender.ntpc.co.in/NITDetails/NITs/30227
30228,GEM/2026/B/7920372,"OUTSOURCING NABL ACCREDITED DIAGNOSTIC LABORATORY SERVICES FOR AAROGYA PHC, NTECL",NTECL: NTPC TamilNadu Energy Company Ltd.,Tamilnadu,JVs & Subsidaries,Work Contract,50000.00,,,07/09/2026,07/09/2026 :10:00,28/09/2026 :17:00,28/09/2026 :17:00,28/09/2026 :17:30,,"Designation: DGM NTECL (NTPC Tamilnadu Energy Co. Ltd.)
Vallur TPP, Chennai-600 103 Phone: Fax: E-mail:  mohan02@ntpc.co.in",https://ntpctender.ntpc.co.in/NITDetails/NITs/30228
30229,EOI/NTPC/AU-Darlipali/DFA/2026,"Expression of Interest (EOI) for Issue of Dry Fly Ash on free of cost, first come first served basis with Transportation cost by user, from NTPC Darlipali",Darlipali STPP,Orissa,Eastern Region-II,Miscellaneous (Others),,,,08/09/2026,08/09/2026 :10:00,15/09/2026 :17:00,15/09/2026 :17:00,,,"Designation: DGM (Ash Management) NTPC Limited, Darlipali STPP, Sundargarh-770025, Odisha Phone: Fax: E-mail:  crmeena@ntpc.co.in",https://ntpctender.ntpc.co.in/NITDetails/NITs/30229
30230,NTPC/USSC-CPG1/9900331751,Balance Civil Works of CHP Package of NTPC Kudgi,Western Region Head Quarter-II,Chhattisgarh,Western Region-II,Work Contract,,,,08/09/2026,08/09/2026 :15:00,28/09/2026 :15:00,28/09/2026 :15:00,29/09/2026 :15:00,,"Designation: AGM NTPC Limited, Western Region-II Office,
Plot No. 87, Sector-24,
Nava Raipur, Chhattisgarh-492018 Phone: Fax: E-mail:  kkarora@ntpc.co.in",https://ntpctender.ntpc.co.in/NITDetails/NITs/30230
30231,GEM/2026/B/8006388,Procurement of Sludge Pump for CT Area,NTECL: NTPC TamilNadu Energy Company Ltd.,Tamilnadu,JVs & Subsidaries,Work Contract,,,,08/09/2026,08/09/2026 :10:00,29/09/2026 :18:00,29/09/2026 :18:00,30/09/2026 :18:00,,"Designation: AGM NTPC Tamilnadu Energy Co. Ltd (NTECL),
Vallur Thermal Power Station, 
Chennai - 600103 Phone: Fax: E-mail:  lokanathams@ntpc.co.in",https://ntpctender.ntpc.co.in/NITDetails/NITs/30231
