artifact_path,source_id,source_artifact_hash,transformation,transformation_version,lineage_status,created_at
interim/data_quality/clean.csv,source_805ba97030775ff889c6a94f,afede69e923c0d38f201c2ea4d947bcbae05def33247207d2f68bce6809e40fd,legacy-derived artifact; exact inputs/version not recorded,unknown,unresolved_legacy_lineage,2026-10-03T19:01:58.485548+00:00
interim/data_quality/quality_report.json,source_805ba97030775ff889c6a94f,ff74b771ac739bd62f012876e9e23af9d57be25582b5b77885b6fed0b48e201b,legacy-derived artifact; exact inputs/version not recorded,unknown,unresolved_legacy_lineage,2026-10-03T19:01:58.485548+00:00
interim/data_quality/quarantine.csv,source_805ba97030775ff889c6a94f,3d92daab122ad59f48619d36003e9534403200617fb95a7d18196670eaf4b723,legacy-derived artifact; exact inputs/version not recorded,unknown,unresolved_legacy_lineage,2026-10-03T19:01:58.485548+00:00
interim/data_quality/row_issues.csv,source_805ba97030775ff889c6a94f,5f1751100f5b3914b6e3f6efa0c5bddb1290b36f3d1066853885e2a1bc3136ac,legacy-derived artifact; exact inputs/version not recorded,unknown,unresolved_legacy_lineage,2026-10-03T19:01:58.485548+00:00
processed/extracted_items/iocl_procurement_plan_items.csv,source_c1a33977175a4862937665ce,6c132ca99a3181427300f77f73558e501aebba52ae4085af657781a4fe58ae17,legacy-derived artifact; exact inputs/version not recorded,unknown,unresolved_legacy_lineage,2026-10-03T19:01:58.485548+00:00
processed/extracted_items/material_description_corpus.csv,source_c1a33977175a4862937665ce,58c837ff0dab3336085bc6e7e984d7ed060b175a7df7440ba3dc037d7f107c95,legacy-derived artifact; exact inputs/version not recorded,unknown,unresolved_legacy_lineage,2026-10-03T19:01:58.485548+00:00
processed/extracted_items/ntpc_doc_tables.csv,source_c1a33977175a4862937665ce,f87efd2170e43d0dd160048a122a8acae3e86a9ba7b511cefcab2b1c068ed3d3,legacy-derived artifact; exact inputs/version not recorded,unknown,unresolved_legacy_lineage,2026-10-03T19:01:58.485548+00:00
processed/extracted_items/ntpc_doc_text.csv,source_c1a33977175a4862937665ce,72b182e696412476bf25c05cebb5f488fec1f7d9a0086e24fce8785d5e9175b1,legacy-derived artifact; exact inputs/version not recorded,unknown,unresolved_legacy_lineage,2026-10-03T19:01:58.485548+00:00
processed/extracted_items/ntpc_extract_checkpoint.json,source_c1a33977175a4862937665ce,5e7c156984ee0728c550ad1c87e29619e195533ba3440564fa2553d8a9817112,legacy-derived artifact; exact inputs/version not recorded,unknown,unresolved_legacy_lineage,2026-10-03T19:01:58.485548+00:00
processed/extracted_items/ntpc_material_items.csv,source_c1a33977175a4862937665ce,a175d7783728e8cff7878b30dbcd401a41fcfe2e4d703d1fdccfe634951ff8bb,legacy-derived artifact; exact inputs/version not recorded,unknown,unresolved_legacy_lineage,2026-10-03T19:01:58.485548+00:00
processed/extracted_items/ntpc_text/28808_NIT_Download.txt,source_c1a33977175a4862937665ce,cbe146f66bdf2381a14c760b04474fbebb9eaa42470586f6b010bd8065cd3e82,legacy-derived artifact; exact inputs/version not recorded,unknown,unresolved_legacy_lineage,2026-10-03T19:01:58.485548+00:00
processed/extracted_items/ntpc_text/28809_Click_here_to_view_Salient_Technical_Features.txt,source_c1a33977175a4862937665ce,1ed48bffaf346e073f7ebc3877d332d01d1430d91bb013ac57e55c18aa84c648,legacy-derived artifact; exact inputs/version not recorded,unknown,unresolved_legacy_lineage,2026-10-03T19:01:58.485548+00:00
processed/extracted_items/ntpc_text/28809_NIT_Download.txt,source_c1a33977175a4862937665ce,fe55075f0b15d252ff5fb470fff7fbc20c45bed6ab18a5dbb82798b29d499aac,legacy-derived artifact; exact inputs/version not recorded,unknown,unresolved_legacy_lineage,2026-10-03T19:01:58.485548+00:00
processed/extracted_items/ntpc_text/28810_NIT_Download.txt,source_c1a33977175a4862937665ce,eacd8998b6472d614c03c9bf87eb600bf93524ab3e89801269db730c28ab2750,legacy-derived artifact; exact inputs/version not recorded,unknown,unresolved_legacy_lineage,2026-10-03T19:01:58.485548+00:00
processed/extracted_items/ntpc_text/28811_NIT_Download.txt,source_c1a33977175a4862937665ce,0cf24573dc7db8390f92943d3edbe6bf544ddf3bc60f40ef40255095352c1a09,legacy-derived artifact; exact inputs/version not recorded,unknown,unresolved_legacy_lineage,2026-10-03T19:01:58.485548+00:00
processed/extracted_items/ntpc_text/28812_NIT_Download.txt,source_c1a33977175a4862937665ce,b1f89c5c4b82f6f6f7f38a41d8d8bd2806d0de2ac46ea5f85ff941fe05a4c5ca,legacy-derived artifact; exact inputs/version not recorded,unknown,unresolved_legacy_lineage,2026-10-03T19:01:58.485548+00:00
processed/extracted_items/ntpc_text/28813_NIT_Download.txt,source_c1a33977175a4862937665ce,dad59c64da69e8fcb9fd46633e8508ab4cb4afb476ec13743232ad15ceaf56b8,legacy-derived artifact; exact inputs/version not recorded,unknown,unresolved_legacy_lineage,2026-10-03T19:01:58.485548+00:00
processed/extracted_items/ntpc_text/28814_NIT_Download.txt,source_c1a33977175a4862937665ce,3332795e6c685ff6d2eafb4a78cffeac5b4ebe58f9f9a075910c6e3fc0cf2c39,legacy-derived artifact; exact inputs/version not recorded,unknown,unresolved_legacy_lineage,2026-10-03T19:01:58.485548+00:00
processed/extracted_items/ntpc_text/28815_NIT_Download.txt,source_c1a33977175a4862937665ce,dfc452ff2fecf4f19522b9f844515996033a1e5baf4241c8ff657c7a8d115ccc,legacy-derived artifact; exact inputs/version not recorded,unknown,unresolved_legacy_lineage,2026-10-03T19:01:58.485548+00:00
processed/extracted_items/ntpc_text/28816_cor_28816_1_1.txt,source_c1a33977175a4862937665ce,102d558c0b464e367035fd7061590c0ab537472230d518350b3fa347066bde8f,legacy-derived artifact; exact inputs/version not recorded,unknown,unresolved_legacy_lineage,2026-10-03T19:01:58.485548+00:00
processed/extracted_items/ntpc_text/28816_NIT_Download.txt,source_c1a33977175a4862937665ce,baf05ae45324b6f854f57fb7049bd0536069f64342ebca7ee53582c31aaae505,legacy-derived artifact; exact inputs/version not recorded,unknown,unresolved_legacy_lineage,2026-10-03T19:01:58.485548+00:00
processed/extracted_items/ntpc_text/28817_NIT_Download.txt,source_c1a33977175a4862937665ce,b7f230316dffe5fde18f6a535dd8828a5b077d00e3a2ed07350ed417a08a14d2,legacy-derived artifact; exact inputs/version not recorded,unknown,unresolved_legacy_lineage,2026-10-03T19:01:58.485548+00:00
processed/extracted_items/ntpc_text/28818_NIT_Download.txt,source_c1a33977175a4862937665ce,5337ccb74d75aeaf1230080f280e7550bce99bf64846eb662e2a077d66136102,legacy-derived artifact; exact inputs/version not recorded,unknown,unresolved_legacy_lineage,2026-10-03T19:01:58.485548+00:00
processed/extracted_items/ntpc_text/28819_cor_28819_3_1.txt,source_c1a33977175a4862937665ce,457f0d91bc8ab531483a52670d58f81670c32469e9d6451a835eee1748449a9d,legacy-derived artifact; exact inputs/version not recorded,unknown,unresolved_legacy_lineage,2026-10-03T19:01:58.485548+00:00
processed/extracted_items/ntpc_text/28819_NIT_Download.txt,source_c1a33977175a4862937665ce,32e6ae8ff945f4a13f18abc0cd64302e6c081f76f155a3ed243c561880a5cb42,legacy-derived artifact; exact inputs/version not recorded,unknown,unresolved_legacy_lineage,2026-10-03T19:01:58.485548+00:00
processed/extracted_items/ntpc_text/28820_NIT_Download.txt,source_c1a33977175a4862937665ce,a2bd5816980cf4d16199d8697f2fa69b15cf079fc73f28bd6797d931cf21c8cd,legacy-derived artifact; exact inputs/version not recorded,unknown,unresolved_legacy_lineage,2026-10-03T19:01:58.485548+00:00
processed/extracted_items/ntpc_text/28821_cor_28821_1_1.txt,source_c1a33977175a4862937665ce,e8d705e72a74025b7c2613c5d53dba3d9b7ad85898a351aa2e23bb96cafd654c,legacy-derived artifact; exact inputs/version not recorded,unknown,unresolved_legacy_lineage,2026-10-03T19:01:58.485548+00:00
processed/extracted_items/ntpc_text/28821_NIT_Download.txt,source_c1a33977175a4862937665ce,e8d705e72a74025b7c2613c5d53dba3d9b7ad85898a351aa2e23bb96cafd654c,legacy-derived artifact; exact inputs/version not recorded,unknown,unresolved_legacy_lineage,2026-10-03T19:01:58.485548+00:00
processed/extracted_items/ntpc_text/28822_cor_28822_1_1.txt,source_c1a33977175a4862937665ce,136d37566f7953bb76bbce546650a54103f70217f28102669771c3109001bde8,legacy-derived artifact; exact inputs/version not recorded,unknown,unresolved_legacy_lineage,2026-10-03T19:01:58.485548+00:00
processed/extracted_items/ntpc_text/28822_NIT_Download.txt,source_c1a33977175a4862937665ce,68731ca40657b94f1ff43dee712c67f4c973362a7f77b8dd49cc2a8067af33c7,legacy-derived artifact; exact inputs/version not recorded,unknown,unresolved_legacy_lineage,2026-10-03T19:01:58.485548+00:00
processed/extracted_items/ntpc_text/28823_NIT_Download.txt,source_c1a33977175a4862937665ce,a0d260488139e8140d071a1a0405c3c99769476e5bf162d0c2045cfb8fb23393,legacy-derived artifact; exact inputs/version not recorded,unknown,unresolved_legacy_lineage,2026-10-03T19:01:58.485548+00:00
processed/extracted_items/ntpc_text/28824_cor_28824_4_1.txt,source_c1a33977175a4862937665ce,5b44e60c24a50bc0979d56781518ca805af7ea17223a7dfa576e2874a8c0671c,legacy-derived artifact; exact inputs/version not recorded,unknown,unresolved_legacy_lineage,2026-10-03T19:01:58.485548+00:00
processed/extracted_items/ntpc_text/28824_NIT_Download.txt,source_c1a33977175a4862937665ce,f22667cfd0498b8bbeb8aee1ef3da80060c50b6389cd2e923d3e1e713b55fff8,legacy-derived artifact; exact inputs/version not recorded,unknown,unresolved_legacy_lineage,2026-10-03T19:01:58.485548+00:00
processed/extracted_items/ntpc_text/28825_NIT_Download.txt,source_c1a33977175a4862937665ce,e27c90aa80e40ae5d4f7a936c1d3a0458d69ae442de4ddcda6c3e2041c412998,legacy-derived artifact; exact inputs/version not recorded,unknown,unresolved_legacy_lineage,2026-10-03T19:01:58.485548+00:00
processed/extracted_items/ntpc_text/28826_NIT_Download.txt,source_c1a33977175a4862937665ce,365432955ee1fb79ea1071bf141e58b350f902dbf2ba2563c1b5f39538479da0,legacy-derived artifact; exact inputs/version not recorded,unknown,unresolved_legacy_lineage,2026-10-03T19:01:58.485548+00:00
processed/extracted_items/ntpc_text/28827_NIT_Download.txt,source_c1a33977175a4862937665ce,c191dbbc383e45abe9a7ce46b73bedd5036d6752dce2e76a709e6a465800b604,legacy-derived artifact; exact inputs/version not recorded,unknown,unresolved_legacy_lineage,2026-10-03T19:01:58.485548+00:00
processed/extracted_items/ntpc_text/28828_NIT_Download.txt,source_c1a33977175a4862937665ce,b2500041b37d26192b7aad2ca5ea52e43e94c92ecc71f716158dd288d4a1fff3,legacy-derived artifact; exact inputs/version not recorded,unknown,unresolved_legacy_lineage,2026-10-03T19:01:58.485548+00:00
processed/extracted_items/ntpc_text/28829_NIT_Download.txt,source_c1a33977175a4862937665ce,3f9bf46b72d2eb3ad899c115e0ff7190f79b75b4f304778ac44138d83ca7ad28,legacy-derived artifact; exact inputs/version not recorded,unknown,unresolved_legacy_lineage,2026-10-03T19:01:58.485548+00:00
processed/extracted_items/ntpc_text/28830_NIT_Download.txt,source_c1a33977175a4862937665ce,94f59a48294d99f8d9b7632cd5a1742670c7735fe37ec7c555aab939b635fdde,legacy-derived artifact; exact inputs/version not recorded,unknown,unresolved_legacy_lineage,2026-10-03T19:01:58.485548+00:00
processed/extracted_items/ntpc_text/28831_NIT_Download.txt,source_c1a33977175a4862937665ce,bfbd496536bad80bd3c47ebee0b46644d2df06d30cb93b6daf4647c8e159b990,legacy-derived artifact; exact inputs/version not recorded,unknown,unresolved_legacy_lineage,2026-10-03T19:01:58.485548+00:00
processed/extracted_items/ntpc_text/28832_NIT_Download.txt,source_c1a33977175a4862937665ce,09ef6e334a38ace4966c9e524438a9e189a2ace2d1445fb6444c5ea9236ebfe6,legacy-derived artifact; exact inputs/version not recorded,unknown,unresolved_legacy_lineage,2026-10-03T19:01:58.485548+00:00
processed/extracted_items/ntpc_text/28833_NIT_Download.txt,source_c1a33977175a4862937665ce,d0981e674ef6df38aedaf0d83d389ccfefe13e2bf4ebd4cd4f7f3eb763120929,legacy-derived artifact; exact inputs/version not recorded,unknown,unresolved_legacy_lineage,2026-10-03T19:01:58.485548+00:00
processed/extracted_items/ntpc_text/28834_NIT_Download.txt,source_c1a33977175a4862937665ce,ed3c93da7cec4dc64a7afcb00d396f94130355b031322ce7d90b54b9b9417ffb,legacy-derived artifact; exact inputs/version not recorded,unknown,unresolved_legacy_lineage,2026-10-03T19:01:58.485548+00:00
processed/extracted_items/ntpc_text/28835_NIT_Download.txt,source_c1a33977175a4862937665ce,11b605003fc4b6811e781e9b60e22da344a8391948ff5ffc7c861090738b7eb1,legacy-derived artifact; exact inputs/version not recorded,unknown,unresolved_legacy_lineage,2026-10-03T19:01:58.485548+00:00
processed/extracted_items/ntpc_text/28836_NIT_Download.txt,source_c1a33977175a4862937665ce,56a5f10c30a3ca0b5c1085a2d36a978643aa1c9ec1cd36c639f245720c402621,legacy-derived artifact; exact inputs/version not recorded,unknown,unresolved_legacy_lineage,2026-10-03T19:01:58.485548+00:00
processed/extracted_items/ntpc_text/28837_NIT_Download.txt,source_c1a33977175a4862937665ce,056bc325e8ddfa71b6ff1702d78bf29eebffa5dbf906ea1c958794fb570a58b1,legacy-derived artifact; exact inputs/version not recorded,unknown,unresolved_legacy_lineage,2026-10-03T19:01:58.485548+00:00
processed/extracted_items/ntpc_text/28838_NIT_Download.txt,source_c1a33977175a4862937665ce,96b7c2bea1e8c4e713773b4c1e027b4bdfe576cac4f13d53cee8a7bf7398b247,legacy-derived artifact; exact inputs/version not recorded,unknown,unresolved_legacy_lineage,2026-10-03T19:01:58.485548+00:00
processed/extracted_items/ntpc_text/28839_NIT_Download.txt,source_c1a33977175a4862937665ce,68a37dc5470178dad7a4cf1bcaf66a9ee1e19ebfadfe32042f969023fd32be24,legacy-derived artifact; exact inputs/version not recorded,unknown,unresolved_legacy_lineage,2026-10-03T19:01:58.485548+00:00
processed/extracted_items/ntpc_text/28840_NIT_Download.txt,source_c1a33977175a4862937665ce,200d7b19dea136cbccb08d4dd82a682987b612ea28daf8cb103cf2645c4dea65,legacy-derived artifact; exact inputs/version not recorded,unknown,unresolved_legacy_lineage,2026-10-03T19:01:58.485548+00:00
processed/extracted_items/ntpc_text/28841_NIT_Download.txt,source_c1a33977175a4862937665ce,7175974ab27ad3e045af1f7d5d70766efddf336126c538af3f29176f378e9356,legacy-derived artifact; exact inputs/version not recorded,unknown,unresolved_legacy_lineage,2026-10-03T19:01:58.485548+00:00
processed/extracted_items/ntpc_text/28842_NIT_Download.txt,source_c1a33977175a4862937665ce,e7eaeeccf6a7918469ae6e55c746f3ccbbb8108142c2cf5a583a8a75046175a5,legacy-derived artifact; exact inputs/version not recorded,unknown,unresolved_legacy_lineage,2026-10-03T19:01:58.485548+00:00
processed/extracted_items/ntpc_text/28843_NIT_Download.txt,source_c1a33977175a4862937665ce,d621b0837c7ab8e5cda11165712066a6364341d736a29c5f97e873d3ba6e7dda,legacy-derived artifact; exact inputs/version not recorded,unknown,unresolved_legacy_lineage,2026-10-03T19:01:58.485548+00:00
processed/extracted_items/ntpc_text/28844_NIT_Download.txt,source_c1a33977175a4862937665ce,27ae83e52e3c1b4e7a0c0133eb44409e0e3da97dbce1fed2df93c26e9dfba9e1,legacy-derived artifact; exact inputs/version not recorded,unknown,unresolved_legacy_lineage,2026-10-03T19:01:58.485548+00:00
processed/extracted_items/ntpc_text/28845_cor_28845_7_1.txt,source_c1a33977175a4862937665ce,c01cac3f695018a44cc19845432b75f359510e7b0543e905c1a8b6a75418bc71,legacy-derived artifact; exact inputs/version not recorded,unknown,unresolved_legacy_lineage,2026-10-03T19:01:58.485548+00:00
processed/extracted_items/ntpc_text/28845_NIT_Download.txt,source_c1a33977175a4862937665ce,2188ac67c5ac18f0e5a891e1a7fe97ad0b9adc0330a19e215f330b58757af463,legacy-derived artifact; exact inputs/version not recorded,unknown,unresolved_legacy_lineage,2026-10-03T19:01:58.485548+00:00
processed/extracted_items/ntpc_text/28846_NIT_Download.txt,source_c1a33977175a4862937665ce,150e25eaae221facf52fa094349b4a2ad4fc8736f0557edba23f16e58f506f9c,legacy-derived artifact; exact inputs/version not recorded,unknown,unresolved_legacy_lineage,2026-10-03T19:01:58.485548+00:00
processed/extracted_items/ntpc_text/28847_NIT_Download.txt,source_c1a33977175a4862937665ce,0267b37fd259aaa0eb8e0ea39c30f252eebad364cbc72024df33d15be73ceb07,legacy-derived artifact; exact inputs/version not recorded,unknown,unresolved_legacy_lineage,2026-10-03T19:01:58.485548+00:00
processed/extracted_items/ntpc_text/28848_NIT_Download.txt,source_c1a33977175a4862937665ce,47ff852aacd3d7a220498196f823552e017760bf6dae3bf1dd391ba98b9bfdab,legacy-derived artifact; exact inputs/version not recorded,unknown,unresolved_legacy_lineage,2026-10-03T19:01:58.485548+00:00
processed/extracted_items/ntpc_text/28849_cor_28849_2_1.txt,source_c1a33977175a4862937665ce,51ff9a5920f6b3e0644930169216d97efbb944f06c5e1a51e924661f8bf576b9,legacy-derived artifact; exact inputs/version not recorded,unknown,unresolved_legacy_lineage,2026-10-03T19:01:58.485548+00:00
processed/extracted_items/ntpc_text/28849_NIT_Download.txt,source_c1a33977175a4862937665ce,6b1792d1b42edcfcf2ea2f78c672a1d8f089fd626d32ee3195ee72c45b8da2c4,legacy-derived artifact; exact inputs/version not recorded,unknown,unresolved_legacy_lineage,2026-10-03T19:01:58.485548+00:00
processed/extracted_items/ntpc_text/28850_NIT_Download.txt,source_c1a33977175a4862937665ce,47439760da0fffcaf4d87fb9ffddcb034eea35204c1ea0dd1ac84c81e8f6cd17,legacy-derived artifact; exact inputs/version not recorded,unknown,unresolved_legacy_lineage,2026-10-03T19:01:58.485548+00:00
processed/extracted_items/ntpc_text/28851_NIT_Download.txt,source_c1a33977175a4862937665ce,8baecd65e2f4546402835212250ecdc8e20c8975a8ff569d15f4d0165e7b8f76,legacy-derived artifact; exact inputs/version not recorded,unknown,unresolved_legacy_lineage,2026-10-03T19:01:58.485548+00:00
processed/extracted_items/ntpc_text/28852_NIT_Download.txt,source_c1a33977175a4862937665ce,f84f39e7926b1cca29b43f447440b38c1908d6fe15b28f859be13333a4382135,legacy-derived artifact; exact inputs/version not recorded,unknown,unresolved_legacy_lineage,2026-10-03T19:01:58.485548+00:00
processed/extracted_items/ntpc_text/28853_NIT_Download.txt,source_c1a33977175a4862937665ce,5e2f9a24f7e7133fd2de7b92fd76bd7f3960eb89b25c82b9cbb09f10c8b87830,legacy-derived artifact; exact inputs/version not recorded,unknown,unresolved_legacy_lineage,2026-10-03T19:01:58.485548+00:00
processed/extracted_items/ntpc_text/28854_NIT_Download.txt,source_c1a33977175a4862937665ce,3e6230ccad32211c6385e83c51d1a10595413a4e4779430166be60e29b1a2f10,legacy-derived artifact; exact inputs/version not recorded,unknown,unresolved_legacy_lineage,2026-10-03T19:01:58.485548+00:00
processed/extracted_items/ntpc_text/28855_NIT_Download.txt,source_c1a33977175a4862937665ce,5d9e42c2cadb08c6089e6ff1cecdfcfe9caaf13c18ffed72ede2c44a9566aeff,legacy-derived artifact; exact inputs/version not recorded,unknown,unresolved_legacy_lineage,2026-10-03T19:01:58.485548+00:00
processed/extracted_items/ntpc_text/28856_NIT_Download.txt,source_c1a33977175a4862937665ce,d15c31748b96b10520a1d3d8a0e899d3968e558e120f7dc4d18c76d135209708,legacy-derived artifact; exact inputs/version not recorded,unknown,unresolved_legacy_lineage,2026-10-03T19:01:58.485548+00:00
processed/extracted_items/ntpc_text/28857_NIT_Download.txt,source_c1a33977175a4862937665ce,bb3b96cb025b2742564ac4b0deb13b25f48df67e0b1711f57aa46293e31dff70,legacy-derived artifact; exact inputs/version not recorded,unknown,unresolved_legacy_lineage,2026-10-03T19:01:58.485548+00:00
processed/extracted_items/ntpc_text/28858_NIT_Download.txt,source_c1a33977175a4862937665ce,76ff880808a10094c32f1b8a723334ce59c025ef8914ce8e8815084f523a8bee,legacy-derived artifact; exact inputs/version not recorded,unknown,unresolved_legacy_lineage,2026-10-03T19:01:58.485548+00:00
processed/extracted_items/ntpc_text/28859_NIT_Download.txt,source_c1a33977175a4862937665ce,08ef6edfee1a636aa1b7b334cd8a9f9cf4290d0278734a05a3fb1a0127b6ff4c,legacy-derived artifact; exact inputs/version not recorded,unknown,unresolved_legacy_lineage,2026-10-03T19:01:58.485548+00:00
processed/extracted_items/ntpc_text/28860_NIT_Download.txt,source_c1a33977175a4862937665ce,830050e88be7c4765362ebe02897ab47746350d75b5147a763fe2c27c0a72424,legacy-derived artifact; exact inputs/version not recorded,unknown,unresolved_legacy_lineage,2026-10-03T19:01:58.485548+00:00
processed/extracted_items/ntpc_text/28861_cor_28861_5_1.txt,source_c1a33977175a4862937665ce,b1996f12b84e4817429a90eb011974204d6ee99c2d2392c84261ab62481e322a,legacy-derived artifact; exact inputs/version not recorded,unknown,unresolved_legacy_lineage,2026-10-03T19:01:58.485548+00:00
processed/extracted_items/ntpc_text/28861_NIT_Download.txt,source_c1a33977175a4862937665ce,83d36f6dbcce780cc3bdceb574fa163d8d9d252571413cfc4036c0d47cc77a72,legacy-derived artifact; exact inputs/version not recorded,unknown,unresolved_legacy_lineage,2026-10-03T19:01:58.485548+00:00
processed/extracted_items/ntpc_text/28862_NIT_Download.txt,source_c1a33977175a4862937665ce,1f359f5fcaaf720d3548cd0f5f9eb98a334d982af23e6dd73ac0314cbba368c0,legacy-derived artifact; exact inputs/version not recorded,unknown,unresolved_legacy_lineage,2026-10-03T19:01:58.485548+00:00
processed/extracted_items/ntpc_text/28863_NIT_Download.txt,source_c1a33977175a4862937665ce,c554e4c624afbc3aa45ed51ad24fd54660cdfbdb167c93083aac3d38e48e45a1,legacy-derived artifact; exact inputs/version not recorded,unknown,unresolved_legacy_lineage,2026-10-03T19:01:58.485548+00:00
processed/extracted_items/ntpc_text/28864_NIT_Download.txt,source_c1a33977175a4862937665ce,def27639843e0df6c3e70acb440905c7f6a179188c6d6734679e05715893bcfc,legacy-derived artifact; exact inputs/version not recorded,unknown,unresolved_legacy_lineage,2026-10-03T19:01:58.485548+00:00
processed/extracted_items/ntpc_text/28865_cor_28865_10_1.txt,source_c1a33977175a4862937665ce,e8aeb483bfb3dafb2e67b7d2b3b06a12029441063cb0bb082bb28b14608a7e3f,legacy-derived artifact; exact inputs/version not recorded,unknown,unresolved_legacy_lineage,2026-10-03T19:01:58.485548+00:00
processed/extracted_items/ntpc_text/28865_NIT_Download.txt,source_c1a33977175a4862937665ce,51b717014c4eef3d9e4cd13a76bcd8d8a3adc7881653702d2f6238c342107465,legacy-derived artifact; exact inputs/version not recorded,unknown,unresolved_legacy_lineage,2026-10-03T19:01:58.485548+00:00
processed/extracted_items/ntpc_text/28866_NIT_Download.txt,source_c1a33977175a4862937665ce,3177823d996bc57402f798ea9474fd4d49e7f2f231f9d6f73866ddadca50f45b,legacy-derived artifact; exact inputs/version not recorded,unknown,unresolved_legacy_lineage,2026-10-03T19:01:58.485548+00:00
processed/extracted_items/ntpc_text/28867_NIT_Download.txt,source_c1a33977175a4862937665ce,9d28faa96175d0441afa0fee302c8e6904e21a09cfdfd315e15b461225fbc9d2,legacy-derived artifact; exact inputs/version not recorded,unknown,unresolved_legacy_lineage,2026-10-03T19:01:58.485548+00:00
processed/extracted_items/ntpc_text/28868_cor_28868_5_1.txt,source_c1a33977175a4862937665ce,d51ec026968c95f334e12b5d697960df18bbeba73af47d4cd991e78a1c6e2829,legacy-derived artifact; exact inputs/version not recorded,unknown,unresolved_legacy_lineage,2026-10-03T19:01:58.485548+00:00
processed/extracted_items/ntpc_text/28868_NIT_Download.txt,source_c1a33977175a4862937665ce,2cf5bb92d02b4d61b9eef634207180c01e0dcb1e2a8c9c4dfd4998f447a4c86e,legacy-derived artifact; exact inputs/version not recorded,unknown,unresolved_legacy_lineage,2026-10-03T19:01:58.485548+00:00
processed/extracted_items/ntpc_text/28869_NIT_Download.txt,source_c1a33977175a4862937665ce,820e81bf31f157a98b59f9308bb76b837429e0a3ebd1c1ccece71f7b4cfed5f1,legacy-derived artifact; exact inputs/version not recorded,unknown,unresolved_legacy_lineage,2026-10-03T19:01:58.485548+00:00
processed/extracted_items/ntpc_text/28870_cor_28870_1_1.txt,source_c1a33977175a4862937665ce,bd4a9a0fec0171812ec2624a74f16a8e43a84e91eb0debae4715a5d0116c63f8,legacy-derived artifact; exact inputs/version not recorded,unknown,unresolved_legacy_lineage,2026-10-03T19:01:58.485548+00:00
processed/extracted_items/ntpc_text/28870_NIT_Download.txt,source_c1a33977175a4862937665ce,36af3ac8699d29ddb38bcff0f4bf8c4ba9d32e694d5d493c10c4b50d817bb033,legacy-derived artifact; exact inputs/version not recorded,unknown,unresolved_legacy_lineage,2026-10-03T19:01:58.485548+00:00
processed/extracted_items/ntpc_text/28871_cor_28871_1_1.txt,source_c1a33977175a4862937665ce,5d11f3217a924e2fd780b4e68f2fcfcd02988dfc61c46463f04e3377b504e293,legacy-derived artifact; exact inputs/version not recorded,unknown,unresolved_legacy_lineage,2026-10-03T19:01:58.485548+00:00
processed/extracted_items/ntpc_text/28871_NIT_Download.txt,source_c1a33977175a4862937665ce,d14b2a9120b16694c909ac32a986e8db6c61e3cdef133fc85550cd1086a614c6,legacy-derived artifact; exact inputs/version not recorded,unknown,unresolved_legacy_lineage,2026-10-03T19:01:58.485548+00:00
processed/extracted_items/ntpc_text/28872_NIT_Download.txt,source_c1a33977175a4862937665ce,53085bfafb979e49c8b8bf230e6e505d7a3a7f333d8788e5f8929a3ffb222d56,legacy-derived artifact; exact inputs/version not recorded,unknown,unresolved_legacy_lineage,2026-10-03T19:01:58.485548+00:00
processed/extracted_items/ntpc_text/28873_cor_28873_1_1.txt,source_c1a33977175a4862937665ce,f0484aff7c420727c280b1cfc1912965f8f91d4b105c50f7cf99355f5f5bc251,legacy-derived artifact; exact inputs/version not recorded,unknown,unresolved_legacy_lineage,2026-10-03T19:01:58.485548+00:00
processed/extracted_items/ntpc_text/28873_NIT_Download.txt,source_c1a33977175a4862937665ce,ee7cec98bc4a2063cd3c3025cb77efd8f8126405f65f235e92bde871f48bbf19,legacy-derived artifact; exact inputs/version not recorded,unknown,unresolved_legacy_lineage,2026-10-03T19:01:58.485548+00:00
processed/extracted_items/ntpc_text/28874_NIT_Download.txt,source_c1a33977175a4862937665ce,9d43713a54db10ebf0cc24ba47ab679099f537570c6342ff786808e759ff7773,legacy-derived artifact; exact inputs/version not recorded,unknown,unresolved_legacy_lineage,2026-10-03T19:01:58.485548+00:00
processed/extracted_items/ntpc_text/28875_NIT_Download.txt,source_c1a33977175a4862937665ce,6aa02f6cbfd14b8a40f1ac560c98e210a688a0354d3acff163b860e06e98cf54,legacy-derived artifact; exact inputs/version not recorded,unknown,unresolved_legacy_lineage,2026-10-03T19:01:58.485548+00:00
processed/extracted_items/ntpc_text/28876_NIT_Download.txt,source_c1a33977175a4862937665ce,28a440b7574e0f3776c97b81e1aa950d9742ce4c72a4e685aaf16b60d8ff801e,legacy-derived artifact; exact inputs/version not recorded,unknown,unresolved_legacy_lineage,2026-10-03T19:01:58.485548+00:00
processed/extracted_items/ntpc_text/28877_NIT_Download.txt,source_c1a33977175a4862937665ce,df9499b646e3361980b563f457a0423ebf84264f4dff76f38973bb2c0260bfa0,legacy-derived artifact; exact inputs/version not recorded,unknown,unresolved_legacy_lineage,2026-10-03T19:01:58.485548+00:00
processed/extracted_items/ntpc_text/28878_NIT_Download.txt,source_c1a33977175a4862937665ce,51f17dcc46836588165fde35e0652647a011ca2b6cd4323988cc5164063690af,legacy-derived artifact; exact inputs/version not recorded,unknown,unresolved_legacy_lineage,2026-10-03T19:01:58.485548+00:00
processed/extracted_items/ntpc_text/28879_NIT_Download.txt,source_c1a33977175a4862937665ce,a3433769ab68957ecd294c404902fa6c32060d56391d6f73fd4072717dde0356,legacy-derived artifact; exact inputs/version not recorded,unknown,unresolved_legacy_lineage,2026-10-03T19:01:58.485548+00:00
processed/extracted_items/ntpc_text/28880_NIT_Download.txt,source_c1a33977175a4862937665ce,0365418722094232ab2b60ecb38fdf1641fc2b52e62ab4dd5119ad5fc38ea82c,legacy-derived artifact; exact inputs/version not recorded,unknown,unresolved_legacy_lineage,2026-10-03T19:01:58.485548+00:00
processed/extracted_items/ntpc_text/28881_NIT_Download.txt,source_c1a33977175a4862937665ce,01ba4719c80b6fe911b091a7c05124b64eeece964e09c058ef8f9805daca546b,legacy-derived artifact; exact inputs/version not recorded,unknown,unresolved_legacy_lineage,2026-10-03T19:01:58.485548+00:00
processed/extracted_items/ntpc_text/28882_NIT_Download.txt,source_c1a33977175a4862937665ce,ebecbc36d0c9d4589585460d918477d8370d0f6d93a5541463bd21d70e9eb28c,legacy-derived artifact; exact inputs/version not recorded,unknown,unresolved_legacy_lineage,2026-10-03T19:01:58.485548+00:00
processed/extracted_items/ntpc_text/28883_NIT_Download.txt,source_c1a33977175a4862937665ce,302768109f94aa396445efa2d2200b8e53badb922d727d84962233e8e3e1470a,legacy-derived artifact; exact inputs/version not recorded,unknown,unresolved_legacy_lineage,2026-10-03T19:01:58.485548+00:00
processed/extracted_items/ntpc_text/28884_NIT_Download.txt,source_c1a33977175a4862937665ce,4baca658e6e428e38752a218216acf042f81e5e20ed7d7d6e81809a3dfe43bcc,legacy-derived artifact; exact inputs/version not recorded,unknown,unresolved_legacy_lineage,2026-10-03T19:01:58.485548+00:00
processed/extracted_items/ntpc_text/28885_NIT_Download.txt,source_c1a33977175a4862937665ce,c50f2ed17513236c5bea45b82f37cbe79f934964470843abb5088285720360d7,legacy-derived artifact; exact inputs/version not recorded,unknown,unresolved_legacy_lineage,2026-10-03T19:01:58.485548+00:00
processed/extracted_items/ntpc_text/28886_NIT_Download.txt,source_c1a33977175a4862937665ce,cc97b7409b76d9b0ce38973266397bce49c16de6e623cc813aaa4a5e26f7f302,legacy-derived artifact; exact inputs/version not recorded,unknown,unresolved_legacy_lineage,2026-10-03T19:01:58.485548+00:00
processed/extracted_items/ntpc_text/28887_Click_here_to_view_Salient_Technical_Features.txt,source_c1a33977175a4862937665ce,f72f5ca8240bc1456ed38c0567c695882f8c96f9033caa050dce9c75a7fd97de,legacy-derived artifact; exact inputs/version not recorded,unknown,unresolved_legacy_lineage,2026-10-03T19:01:58.485548+00:00
processed/extracted_items/ntpc_text/28887_cor_28887_1_1.txt,source_c1a33977175a4862937665ce,07a4f6b461e2ee71c9ab92fe3a59610db926724137527ff93f41eb5b2d6fad43,legacy-derived artifact; exact inputs/version not recorded,unknown,unresolved_legacy_lineage,2026-10-03T19:01:58.485548+00:00
processed/extracted_items/ntpc_text/28887_NIT_Download.txt,source_c1a33977175a4862937665ce,d82237738e0d7e7c02ad698b6ff5f14a20ac3157a7fa62694ced472d2726e0dd,legacy-derived artifact; exact inputs/version not recorded,unknown,unresolved_legacy_lineage,2026-10-03T19:01:58.485548+00:00
processed/extracted_items/ntpc_text/28888_NIT_Download.txt,source_c1a33977175a4862937665ce,5fc38f3ed276440c910bbb97090959a00e06fd521eb5591fe98eb9b6775e0058,legacy-derived artifact; exact inputs/version not recorded,unknown,unresolved_legacy_lineage,2026-10-03T19:01:58.485548+00:00
processed/extracted_items/ntpc_text/28889_NIT_Download.txt,source_c1a33977175a4862937665ce,2bfef015b48e9bf83f3bab8f527e78629a09695a74c3948c1674a8ec91b14fd4,legacy-derived artifact; exact inputs/version not recorded,unknown,unresolved_legacy_lineage,2026-10-03T19:01:58.485548+00:00
processed/extracted_items/ntpc_text/28890_NIT_Download.txt,source_c1a33977175a4862937665ce,3ac4ec909d7d8be94915083a7b66f4b3a34316c84edee1eaea89b04ffc903e76,legacy-derived artifact; exact inputs/version not recorded,unknown,unresolved_legacy_lineage,2026-10-03T19:01:58.485548+00:00
processed/extracted_items/ntpc_text/28891_NIT_Download.txt,source_c1a33977175a4862937665ce,066d1e92bfad27ed9ae5c3e1192fe6246c1e0454e30f4b18a2e56f11c6f9e119,legacy-derived artifact; exact inputs/version not recorded,unknown,unresolved_legacy_lineage,2026-10-03T19:01:58.485548+00:00
processed/extracted_items/ntpc_text/28892_cor_28892_2_1.txt,source_c1a33977175a4862937665ce,17758a2fddfddec403511f0af0db9d52978b3d10d6b77f344c21c70080ed4c83,legacy-derived artifact; exact inputs/version not recorded,unknown,unresolved_legacy_lineage,2026-10-03T19:01:58.485548+00:00
processed/extracted_items/ntpc_text/28892_NIT_Download.txt,source_c1a33977175a4862937665ce,29232d2247af3264f0e3cf824daf36fc5a384c1ed927eb85c34ea5a2ec56f00e,legacy-derived artifact; exact inputs/version not recorded,unknown,unresolved_legacy_lineage,2026-10-03T19:01:58.485548+00:00
processed/extracted_items/ntpc_text/28893_NIT_Download.txt,source_c1a33977175a4862937665ce,5dea432bb40a1478771bf653363b594f2122957c6ad636b71ff2d6b8e5bc04ec,legacy-derived artifact; exact inputs/version not recorded,unknown,unresolved_legacy_lineage,2026-10-03T19:01:58.485548+00:00
processed/extracted_items/ntpc_text/28894_Click_here_to_view_Salient_Technical_Features.txt,source_c1a33977175a4862937665ce,e59eed7b46de2c3a32063beb527fb14da87b3fa69874dddbbef12662ae7226c9,legacy-derived artifact; exact inputs/version not recorded,unknown,unresolved_legacy_lineage,2026-10-03T19:01:58.485548+00:00
processed/extracted_items/ntpc_text/28894_cor_28894_2_1.txt,source_c1a33977175a4862937665ce,c1b51ead512919ba12c9920c641b5a4dd75f9c8ac676e2a039044b5b7e914aa0,legacy-derived artifact; exact inputs/version not recorded,unknown,unresolved_legacy_lineage,2026-10-03T19:01:58.485548+00:00
processed/extracted_items/ntpc_text/28895_NIT_Download.txt,source_c1a33977175a4862937665ce,04677dd3ce351a8e96689374667809a915f68b71eebf4da6b8394822f50dff2d,legacy-derived artifact; exact inputs/version not recorded,unknown,unresolved_legacy_lineage,2026-10-03T19:01:58.485548+00:00
processed/extracted_items/ntpc_text/28896_NIT_Download.txt,source_c1a33977175a4862937665ce,636159b35205da4142a43bc02d2849d77d3ac07a0946211585cde15a9c6ff21f,legacy-derived artifact; exact inputs/version not recorded,unknown,unresolved_legacy_lineage,2026-10-03T19:01:58.485548+00:00
processed/extracted_items/ntpc_text/28897_NIT_Download.txt,source_c1a33977175a4862937665ce,8dbf1693acbeae563568e03e75daa941e33495371668b8b1839c33f9ae11d921,legacy-derived artifact; exact inputs/version not recorded,unknown,unresolved_legacy_lineage,2026-10-03T19:01:58.485548+00:00
processed/extracted_items/ntpc_text/28898_NIT_Download.txt,source_c1a33977175a4862937665ce,25fb18a375246eff739f42e0bc268c38c353f16b8bad643d4b7b5dcb270a14bf,legacy-derived artifact; exact inputs/version not recorded,unknown,unresolved_legacy_lineage,2026-10-03T19:01:58.485548+00:00
processed/extracted_items/ntpc_text/28899_NIT_Download.txt,source_c1a33977175a4862937665ce,fe5a2eb308a4597f63808bd5b6f9abcf4474bda544551a8292091019d367e150,legacy-derived artifact; exact inputs/version not recorded,unknown,unresolved_legacy_lineage,2026-10-03T19:01:58.485548+00:00
processed/extracted_items/ntpc_text/28900_NIT_Download.txt,source_c1a33977175a4862937665ce,1712731e60c42ed35850d4ecba4e2ae7b6604279d7b7c69421897675a91da4f4,legacy-derived artifact; exact inputs/version not recorded,unknown,unresolved_legacy_lineage,2026-10-03T19:01:58.485548+00:00
processed/extracted_items/ntpc_text/28901_NIT_Download.txt,source_c1a33977175a4862937665ce,f5906837e2bc21b693f875155735cd4fefb28381594e642e3239d81ed20f072d,legacy-derived artifact; exact inputs/version not recorded,unknown,unresolved_legacy_lineage,2026-10-03T19:01:58.485548+00:00
processed/extracted_items/ntpc_text/28902_cor_28902_1_1.txt,source_c1a33977175a4862937665ce,d0aa9c0618b7ee6347cbd7a9ef7d014022bd55ef3388a43f3462b10c2d85c870,legacy-derived artifact; exact inputs/version not recorded,unknown,unresolved_legacy_lineage,2026-10-03T19:01:58.485548+00:00
processed/extracted_items/ntpc_text/28902_NIT_Download.txt,source_c1a33977175a4862937665ce,bf108bdab15e9b6a8c8114fc2320784bfe11e958bb6c7b69434b3a28617c650f,legacy-derived artifact; exact inputs/version not recorded,unknown,unresolved_legacy_lineage,2026-10-03T19:01:58.485548+00:00
processed/extracted_items/ntpc_text/28903_NIT_Download.txt,source_c1a33977175a4862937665ce,af7eaf9a9dd67fc075636523f5d9f589bf73fe5c0503ff3c85ba860bdda5a614,legacy-derived artifact; exact inputs/version not recorded,unknown,unresolved_legacy_lineage,2026-10-03T19:01:58.485548+00:00
processed/extracted_items/ntpc_text/28904_cor_28904_6_1.txt,source_c1a33977175a4862937665ce,8a81fa09a935f5d6f73e592b057e542381a10db95db69c7aea3c3f5843fe247c,legacy-derived artifact; exact inputs/version not recorded,unknown,unresolved_legacy_lineage,2026-10-03T19:01:58.485548+00:00
processed/extracted_items/ntpc_text/28904_NIT_Download.txt,source_c1a33977175a4862937665ce,0d8275637d25dd0bf2c0e78ef3844eec4f7e398a6e947376faa9bb658d9a084a,legacy-derived artifact; exact inputs/version not recorded,unknown,unresolved_legacy_lineage,2026-10-03T19:01:58.485548+00:00
processed/extracted_items/ntpc_text/28905_NIT_Download.txt,source_c1a33977175a4862937665ce,d088784b7ecb87f1ea17e6f982fa968ffefcc07b79de6ecc548fc00242868da6,legacy-derived artifact; exact inputs/version not recorded,unknown,unresolved_legacy_lineage,2026-10-03T19:01:58.485548+00:00
processed/extracted_items/ntpc_text/28906_NIT_Download.txt,source_c1a33977175a4862937665ce,d984b31f5235cb8a993b08da6f82cea5aae06eaa3a3d4c4ef3bd5d85de7bcc91,legacy-derived artifact; exact inputs/version not recorded,unknown,unresolved_legacy_lineage,2026-10-03T19:01:58.485548+00:00
processed/extracted_items/ntpc_text/28907_NIT_Download.txt,source_c1a33977175a4862937665ce,ec3f202e6811a0c9821ee3f84ecb2ce230330d544d979628dc8f8b39a9e09059,legacy-derived artifact; exact inputs/version not recorded,unknown,unresolved_legacy_lineage,2026-10-03T19:01:58.485548+00:00
processed/extracted_items/ntpc_text/28908_NIT_Download.txt,source_c1a33977175a4862937665ce,62220b592da0135e01f628ecf685ce2e71c7edd81667d2b8433cd33802685139,legacy-derived artifact; exact inputs/version not recorded,unknown,unresolved_legacy_lineage,2026-10-03T19:01:58.485548+00:00
processed/extracted_items/ntpc_text/28909_NIT_Download.txt,source_c1a33977175a4862937665ce,23bbe31f88cdd32566920a709c91b5b1593e5b0129dcae843dc699b789498e31,legacy-derived artifact; exact inputs/version not recorded,unknown,unresolved_legacy_lineage,2026-10-03T19:01:58.485548+00:00
processed/extracted_items/ntpc_text/28910_NIT_Download.txt,source_c1a33977175a4862937665ce,f07842691e6b7369bf7d18d20bf3a06a356724a9879ced2c3dd9c4fc57ecaaf5,legacy-derived artifact; exact inputs/version not recorded,unknown,unresolved_legacy_lineage,2026-10-03T19:01:58.485548+00:00
processed/extracted_items/ntpc_text/28911_NIT_Download.txt,source_c1a33977175a4862937665ce,c8f04939fd0bde5845fdecd7b74422a32c7774d343b7bdb23875498dc9ae4a4d,legacy-derived artifact; exact inputs/version not recorded,unknown,unresolved_legacy_lineage,2026-10-03T19:01:58.485548+00:00
processed/extracted_items/ntpc_text/28912_NIT_Download.txt,source_c1a33977175a4862937665ce,26dd019a6ee9a8012ec637bc1e767366bf081a02f27bf53655447e56e619ba6d,legacy-derived artifact; exact inputs/version not recorded,unknown,unresolved_legacy_lineage,2026-10-03T19:01:58.485548+00:00
processed/extracted_items/ntpc_text/28913_NIT_Download.txt,source_c1a33977175a4862937665ce,d1cd4b9100609f40a941e5840b3e352ae6370d4ea09e37f94b226915e13b76a3,legacy-derived artifact; exact inputs/version not recorded,unknown,unresolved_legacy_lineage,2026-10-03T19:01:58.485548+00:00
processed/extracted_items/ntpc_text/28914_NIT_Download.txt,source_c1a33977175a4862937665ce,f4f38cf28011b4add6511988d82f85f4229a0e767b168911fde572351cb36544,legacy-derived artifact; exact inputs/version not recorded,unknown,unresolved_legacy_lineage,2026-10-03T19:01:58.485548+00:00
processed/extracted_items/ntpc_text/28915_NIT_Download.txt,source_c1a33977175a4862937665ce,ea1a26e7311701181f7168b9aa3d1db945300c8ca85f283a00fea39c73b7decd,legacy-derived artifact; exact inputs/version not recorded,unknown,unresolved_legacy_lineage,2026-10-03T19:01:58.485548+00:00
processed/extracted_items/ntpc_text/28916_NIT_Download.txt,source_c1a33977175a4862937665ce,eefbce245a8ccc16c69df701183ea0a5da2af19efc5fd7e3e395c2b5e7ac4f27,legacy-derived artifact; exact inputs/version not recorded,unknown,unresolved_legacy_lineage,2026-10-03T19:01:58.485548+00:00
processed/extracted_items/ntpc_text/28917_NIT_Download.txt,source_c1a33977175a4862937665ce,44c9f1d31cf926400366cbe4b6194ebe3c27e359667d2b83e6800cf43e858707,legacy-derived artifact; exact inputs/version not recorded,unknown,unresolved_legacy_lineage,2026-10-03T19:01:58.485548+00:00
processed/extracted_items/ntpc_text/28918_NIT_Download.txt,source_c1a33977175a4862937665ce,629969824344f487183e9716144be1c56ddfa04f75d360cf1245913741eec55e,legacy-derived artifact; exact inputs/version not recorded,unknown,unresolved_legacy_lineage,2026-10-03T19:01:58.485548+00:00
processed/extracted_items/ntpc_text/28919_NIT_Download.txt,source_c1a33977175a4862937665ce,04a446e413b545b7658ffdd6edb27f87366066ed5b489a09035c5332def3b4eb,legacy-derived artifact; exact inputs/version not recorded,unknown,unresolved_legacy_lineage,2026-10-03T19:01:58.485548+00:00
processed/extracted_items/ntpc_text/28920_NIT_Download.txt,source_c1a33977175a4862937665ce,a4d551b6956d014059af47f31048cc7c2d537dce8783f84e67b588791746d5df,legacy-derived artifact; exact inputs/version not recorded,unknown,unresolved_legacy_lineage,2026-10-03T19:01:58.485548+00:00
processed/extracted_items/ntpc_text/28921_NIT_Download.txt,source_c1a33977175a4862937665ce,d6d794d25e4bc7a53f828587643bfabf7af1f7d1d297c9a4df9c6d9acc4fe851,legacy-derived artifact; exact inputs/version not recorded,unknown,unresolved_legacy_lineage,2026-10-03T19:01:58.485548+00:00
processed/extracted_items/ntpc_text/28922_NIT_Download.txt,source_c1a33977175a4862937665ce,2c57bd3d12b97356fe6d9187b3fb2b14ab49c77472514d6ca781896b2e35c380,legacy-derived artifact; exact inputs/version not recorded,unknown,unresolved_legacy_lineage,2026-10-03T19:01:58.485548+00:00
processed/extracted_items/ntpc_text/28923_NIT_Download.txt,source_c1a33977175a4862937665ce,0981988ddce286a380e0a2da929c2e26e7f458fc561d92eea5b7a0cdb262693e,legacy-derived artifact; exact inputs/version not recorded,unknown,unresolved_legacy_lineage,2026-10-03T19:01:58.485548+00:00
processed/extracted_items/ntpc_text/28924_NIT_Download.txt,source_c1a33977175a4862937665ce,69f50bacaf0de475eb076c6d52dceffe0925ae5fa15e5c5b838102312fb28574,legacy-derived artifact; exact inputs/version not recorded,unknown,unresolved_legacy_lineage,2026-10-03T19:01:58.485548+00:00
processed/extracted_items/ntpc_text/28925_cor_28925_2_1.txt,source_c1a33977175a4862937665ce,af0a2bc23a1606999780a3a8db0677601b81f616995369d9062b00d05e938d96,legacy-derived artifact; exact inputs/version not recorded,unknown,unresolved_legacy_lineage,2026-10-03T19:01:58.485548+00:00
processed/extracted_items/ntpc_text/28925_NIT_Download.txt,source_c1a33977175a4862937665ce,29ce3edf7bb1358a45f4453c0c765a4d56a7051d54e90ef7aaafea1739d0182b,legacy-derived artifact; exact inputs/version not recorded,unknown,unresolved_legacy_lineage,2026-10-03T19:01:58.485548+00:00
processed/extracted_items/ntpc_text/28926_NIT_Download.txt,source_c1a33977175a4862937665ce,775e2420b5b0f60c5ca2c34b9547499b3a06876c337bc8caecb295b3039cdd5e,legacy-derived artifact; exact inputs/version not recorded,unknown,unresolved_legacy_lineage,2026-10-03T19:01:58.485548+00:00
processed/extracted_items/ntpc_text/28927_NIT_Download.txt,source_c1a33977175a4862937665ce,bfb1e3362469b7baa1c05c8620bf80d2a51359d53cdec7a945f6b7dfcccf60ba,legacy-derived artifact; exact inputs/version not recorded,unknown,unresolved_legacy_lineage,2026-10-03T19:01:58.485548+00:00
processed/extracted_items/ntpc_text/28928_cor_28928_1_1.txt,source_c1a33977175a4862937665ce,3697c653ec19ba63b73fa265cdd9ea1cfa86c4a36ffb83efb91212916e062b7a,legacy-derived artifact; exact inputs/version not recorded,unknown,unresolved_legacy_lineage,2026-10-03T19:01:58.485548+00:00
processed/extracted_items/ntpc_text/28928_NIT_Download.txt,source_c1a33977175a4862937665ce,0898257549f925efbb0a8c68ca67eb1c080b1830c6f461013bca1e81bfaa4e64,legacy-derived artifact; exact inputs/version not recorded,unknown,unresolved_legacy_lineage,2026-10-03T19:01:58.485548+00:00
processed/extracted_items/ntpc_text/28929_cor_28929_10_1.txt,source_c1a33977175a4862937665ce,0d44d989f32bb2d4c1297741716314e07ac838b4974259b281894d10fd5bc39a,legacy-derived artifact; exact inputs/version not recorded,unknown,unresolved_legacy_lineage,2026-10-03T19:01:58.485548+00:00
processed/extracted_items/ntpc_text/28929_NIT_Download.txt,source_c1a33977175a4862937665ce,0fc010aadbcd605a6ffebd30c60786a6c112f9d219222f0d35f31898effe32d4,legacy-derived artifact; exact inputs/version not recorded,unknown,unresolved_legacy_lineage,2026-10-03T19:01:58.485548+00:00
processed/extracted_items/ntpc_text/28930_NIT_Download.txt,source_c1a33977175a4862937665ce,c917393ccefc4b9ee9ad6c6e37833555bb3fb96e2b2b62291b439566de39a6e4,legacy-derived artifact; exact inputs/version not recorded,unknown,unresolved_legacy_lineage,2026-10-03T19:01:58.485548+00:00
processed/extracted_items/ntpc_text/28931_NIT_Download.txt,source_c1a33977175a4862937665ce,302646c9c0ea6c82db3b1dbfe840dc81462998621f6f2c80a61952904e444cba,legacy-derived artifact; exact inputs/version not recorded,unknown,unresolved_legacy_lineage,2026-10-03T19:01:58.485548+00:00
processed/extracted_items/ntpc_text/28932_NIT_Download.txt,source_c1a33977175a4862937665ce,6adb4a7172e41b04cff7ba63d260efd062b23c7eefe14fee8545cd9a625c0145,legacy-derived artifact; exact inputs/version not recorded,unknown,unresolved_legacy_lineage,2026-10-03T19:01:58.485548+00:00
processed/extracted_items/ntpc_text/28933_NIT_Download.txt,source_c1a33977175a4862937665ce,717a990c17afbf8a130738f8de039ead7a2390258b8849fce8bc8bdedbf1aedd,legacy-derived artifact; exact inputs/version not recorded,unknown,unresolved_legacy_lineage,2026-10-03T19:01:58.485548+00:00
processed/extracted_items/ntpc_text/28934_NIT_Download.txt,source_c1a33977175a4862937665ce,859354d23ca7fd2580749ae769d1e1a64b145a2444a253435d99fb158b6b78b1,legacy-derived artifact; exact inputs/version not recorded,unknown,unresolved_legacy_lineage,2026-10-03T19:01:58.485548+00:00
processed/extracted_items/ntpc_text/28935_cor_28935_2_1.txt,source_c1a33977175a4862937665ce,36f1fad36a43609a69f702a71ca496ff3f3bfcccaec0cc1cf1066a649588080e,legacy-derived artifact; exact inputs/version not recorded,unknown,unresolved_legacy_lineage,2026-10-03T19:01:58.485548+00:00
processed/extracted_items/ntpc_text/28935_NIT_Download.txt,source_c1a33977175a4862937665ce,44e756021cf0d9e07c428b8d5301e1ae2a4383edf45b3d275d9401d698d94926,legacy-derived artifact; exact inputs/version not recorded,unknown,unresolved_legacy_lineage,2026-10-03T19:01:58.485548+00:00
processed/extracted_items/ntpc_text/28936_NIT_Download.txt,source_c1a33977175a4862937665ce,700a7cbf11a93a93af538c76b89a44e33b1a5b10672b87a30aec773700fa5646,legacy-derived artifact; exact inputs/version not recorded,unknown,unresolved_legacy_lineage,2026-10-03T19:01:58.485548+00:00
processed/extracted_items/ntpc_text/28937_NIT_Download.txt,source_c1a33977175a4862937665ce,413e2ef304599f19435e428f127f2cb98be5b484bea9f2261ee153d7776193fb,legacy-derived artifact; exact inputs/version not recorded,unknown,unresolved_legacy_lineage,2026-10-03T19:01:58.485548+00:00
processed/extracted_items/ntpc_text/28938_NIT_Download.txt,source_c1a33977175a4862937665ce,8f7bae194565311c9b43ffde2173d925bc0767840f14307377d1a8aee812d597,legacy-derived artifact; exact inputs/version not recorded,unknown,unresolved_legacy_lineage,2026-10-03T19:01:58.485548+00:00
processed/extracted_items/ntpc_text/28939_NIT_Download.txt,source_c1a33977175a4862937665ce,424633a0f973afaf6fef459f4e38ed448a2d0189f6b909f5a3824c6808413dac,legacy-derived artifact; exact inputs/version not recorded,unknown,unresolved_legacy_lineage,2026-10-03T19:01:58.485548+00:00
processed/extracted_items/ntpc_text/28940_NIT_Download.txt,source_c1a33977175a4862937665ce,6a26733400e92cf47022164af8c08d31400b8a544c8d4f459326b08882dca69b,legacy-derived artifact; exact inputs/version not recorded,unknown,unresolved_legacy_lineage,2026-10-03T19:01:58.485548+00:00
processed/extracted_items/ntpc_text/28941_NIT_Download.txt,source_c1a33977175a4862937665ce,1d93536860902eaa35ca0eb4e1cb6ffb3c85912293aff0cbc6f563b31bb3b359,legacy-derived artifact; exact inputs/version not recorded,unknown,unresolved_legacy_lineage,2026-10-03T19:01:58.485548+00:00
processed/extracted_items/ntpc_text/28942_NIT_Download.txt,source_c1a33977175a4862937665ce,9b822f6fc602645baa97e0e3c733e438d862ded80980ae8f97332e50a86f11c5,legacy-derived artifact; exact inputs/version not recorded,unknown,unresolved_legacy_lineage,2026-10-03T19:01:58.485548+00:00
processed/extracted_items/ntpc_text/28943_NIT_Download.txt,source_c1a33977175a4862937665ce,b37d9d07d3f252a607a5da07178105d925a35c30fb58729e912f49d02cc96ae4,legacy-derived artifact; exact inputs/version not recorded,unknown,unresolved_legacy_lineage,2026-10-03T19:01:58.485548+00:00
processed/extracted_items/ntpc_text/28944_Click_here_to_view_Salient_Technical_Features.txt,source_c1a33977175a4862937665ce,49318f20bf9801cb444a2c2137312e8b5072cbd406e767dee170b970735e243b,legacy-derived artifact; exact inputs/version not recorded,unknown,unresolved_legacy_lineage,2026-10-03T19:01:58.485548+00:00
processed/extracted_items/ntpc_text/28944_cor_28944_2_1.txt,source_c1a33977175a4862937665ce,12afa3640c1f0431cb3981c85806e02fd5bd3a614f42b6139c7e709ad9122b44,legacy-derived artifact; exact inputs/version not recorded,unknown,unresolved_legacy_lineage,2026-10-03T19:01:58.485548+00:00
processed/extracted_items/ntpc_text/28944_NIT_Download.txt,source_c1a33977175a4862937665ce,a58f025867c1f402653a7a21867e48efe9ec083155769e86bcb209ad8a26a94e,legacy-derived artifact; exact inputs/version not recorded,unknown,unresolved_legacy_lineage,2026-10-03T19:01:58.485548+00:00
processed/extracted_items/ntpc_text/28945_NIT_Download.txt,source_c1a33977175a4862937665ce,099bee6b7397ec63af9d390509de7c6b434d20c20e609fe991a6ce9c4cfedf35,legacy-derived artifact; exact inputs/version not recorded,unknown,unresolved_legacy_lineage,2026-10-03T19:01:58.485548+00:00
processed/extracted_items/ntpc_text/28946_NIT_Download.txt,source_c1a33977175a4862937665ce,066b4ac0d8170913b0ffdac4719d219f5d0ac48dff6d4b095e55a82228142907,legacy-derived artifact; exact inputs/version not recorded,unknown,unresolved_legacy_lineage,2026-10-03T19:01:58.485548+00:00
processed/extracted_items/ntpc_text/28947_NIT_Download.txt,source_c1a33977175a4862937665ce,6e090414b7ede82b2732290fb5a1a53c28fd3026e70b206b9b15e74ec89304e5,legacy-derived artifact; exact inputs/version not recorded,unknown,unresolved_legacy_lineage,2026-10-03T19:01:58.485548+00:00
processed/extracted_items/ntpc_text/28948_Click_here_to_view_Salient_Technical_Features.txt,source_c1a33977175a4862937665ce,04b5f58dd4c957fe57f782b105eed6053043c16808fde9d0f122d2f603c4408a,legacy-derived artifact; exact inputs/version not recorded,unknown,unresolved_legacy_lineage,2026-10-03T19:01:58.485548+00:00
processed/extracted_items/ntpc_text/28948_NIT_Download.txt,source_c1a33977175a4862937665ce,858a2521e1c5faf2000ef7cbf05a3c716828418fa5da7ab0166a6697d6f05ab6,legacy-derived artifact; exact inputs/version not recorded,unknown,unresolved_legacy_lineage,2026-10-03T19:01:58.485548+00:00
processed/extracted_items/ntpc_text/28949_NIT_Download.txt,source_c1a33977175a4862937665ce,774410394286a307c2abed8daef8bb03054ac01f84964bb635f83e1bad77553e,legacy-derived artifact; exact inputs/version not recorded,unknown,unresolved_legacy_lineage,2026-10-03T19:01:58.485548+00:00
processed/extracted_items/ntpc_text/28950_NIT_Download.txt,source_c1a33977175a4862937665ce,7fc58686dadf78d91aa7a467a03ffd782c4d991eab2c02e221a9c987a601e8c6,legacy-derived artifact; exact inputs/version not recorded,unknown,unresolved_legacy_lineage,2026-10-03T19:01:58.485548+00:00
processed/extracted_items/ntpc_text/28951_cor_28951_3_1.txt,source_c1a33977175a4862937665ce,c93855745cd5447cc1084b1506cdfc642e6e8087a73066db86cab72e1fa0e2c5,legacy-derived artifact; exact inputs/version not recorded,unknown,unresolved_legacy_lineage,2026-10-03T19:01:58.485548+00:00
processed/extracted_items/ntpc_text/28951_NIT_Download.txt,source_c1a33977175a4862937665ce,d4312dab2a3229eaf92182a779c3bde7016b7d26f18b8cbaa6042e731426b788,legacy-derived artifact; exact inputs/version not recorded,unknown,unresolved_legacy_lineage,2026-10-03T19:01:58.485548+00:00
processed/extracted_items/ntpc_text/28952_Click_here_to_view_Salient_Technical_Features.txt,source_c1a33977175a4862937665ce,2885086437864017d5cdde9cd38a94c20dc80ff3e6d57eeaa533a3a08c491747,legacy-derived artifact; exact inputs/version not recorded,unknown,unresolved_legacy_lineage,2026-10-03T19:01:58.485548+00:00
processed/extracted_items/ntpc_text/28952_cor_28952_2_1.txt,source_c1a33977175a4862937665ce,a57267d069f4c9a6dec27ba231717beedf3cdd148168349e947853a6897b421a,legacy-derived artifact; exact inputs/version not recorded,unknown,unresolved_legacy_lineage,2026-10-03T19:01:58.485548+00:00
processed/extracted_items/ntpc_text/28952_NIT_Download.txt,source_c1a33977175a4862937665ce,cd5567d6c83ba477b27caf0b99bfa60ba197199bc885f613c81a6b4f51d0eae2,legacy-derived artifact; exact inputs/version not recorded,unknown,unresolved_legacy_lineage,2026-10-03T19:01:58.485548+00:00
processed/extracted_items/ntpc_text/28953_NIT_Download.txt,source_c1a33977175a4862937665ce,c44ba42d7aa4b2a2b3615eb1f3a96ccb539546a0f8379f783cc34e608b3f6400,legacy-derived artifact; exact inputs/version not recorded,unknown,unresolved_legacy_lineage,2026-10-03T19:01:58.485548+00:00
processed/extracted_items/ntpc_text/28954_cor_28954_8_1.txt,source_c1a33977175a4862937665ce,052081b1edb886a47e6313a906b32a428d40deb477f7eb129dc6ea956274361b,legacy-derived artifact; exact inputs/version not recorded,unknown,unresolved_legacy_lineage,2026-10-03T19:01:58.485548+00:00
processed/extracted_items/ntpc_text/28954_NIT_Download.txt,source_c1a33977175a4862937665ce,d052a832a0f72fc69866f545eb5bcab75c85c63a18e83bc0860fd796b3e1ca24,legacy-derived artifact; exact inputs/version not recorded,unknown,unresolved_legacy_lineage,2026-10-03T19:01:58.485548+00:00
processed/extracted_items/ntpc_text/28955_NIT_Download.txt,source_c1a33977175a4862937665ce,9eff90b3b7e7e57bb683c3c570d386b9c7c5d0a35316035016b776c645bf8da4,legacy-derived artifact; exact inputs/version not recorded,unknown,unresolved_legacy_lineage,2026-10-03T19:01:58.485548+00:00
processed/extracted_items/ntpc_text/28956_NIT_Download.txt,source_c1a33977175a4862937665ce,24bd8b17c7796bfac2d1f62fd2c5c422d51b49df2e361f21313d6258709131df,legacy-derived artifact; exact inputs/version not recorded,unknown,unresolved_legacy_lineage,2026-10-03T19:01:58.485548+00:00
processed/extracted_items/ntpc_text/28957_NIT_Download.txt,source_c1a33977175a4862937665ce,79de7409875deb3762ae178b0a7272b15567901337144fa60ca0f00e52055354,legacy-derived artifact; exact inputs/version not recorded,unknown,unresolved_legacy_lineage,2026-10-03T19:01:58.485548+00:00
processed/extracted_items/ntpc_text/28958_NIT_Download.txt,source_c1a33977175a4862937665ce,5d6162f467d54591429aa1d89251170c2af1a72d3791016441f3f8011d10dd92,legacy-derived artifact; exact inputs/version not recorded,unknown,unresolved_legacy_lineage,2026-10-03T19:01:58.485548+00:00
processed/extracted_items/ntpc_text/28959_NIT_Download.txt,source_c1a33977175a4862937665ce,8059a964a052af9387de526cd867bfac240f87274e33ea3c55500c7c19021185,legacy-derived artifact; exact inputs/version not recorded,unknown,unresolved_legacy_lineage,2026-10-03T19:01:58.485548+00:00
processed/extracted_items/ntpc_text/28960_NIT_Download.txt,source_c1a33977175a4862937665ce,446ee9437a78ba3939da6e4a36ffb999806579e36475167f41cd5002b290b5a0,legacy-derived artifact; exact inputs/version not recorded,unknown,unresolved_legacy_lineage,2026-10-03T19:01:58.485548+00:00
processed/extracted_items/ntpc_text/28961_NIT_Download.txt,source_c1a33977175a4862937665ce,c3cdcba6d48cf2e4f8eaa6d982d352b449b7acc14bd65cee88aed44a6f6087db,legacy-derived artifact; exact inputs/version not recorded,unknown,unresolved_legacy_lineage,2026-10-03T19:01:58.485548+00:00
processed/extracted_items/ntpc_text/28962_NIT_Download.txt,source_c1a33977175a4862937665ce,bd8afdd84b4e6504aa9b51b7d36e66f3e9f21d627149d7898d9fc59cfa35dd04,legacy-derived artifact; exact inputs/version not recorded,unknown,unresolved_legacy_lineage,2026-10-03T19:01:58.485548+00:00
processed/extracted_items/ntpc_text/28963_NIT_Download.txt,source_c1a33977175a4862937665ce,336316998234136ea57efb7ce4c83f5c9da607c1f939bbc4f26e1b8141388d29,legacy-derived artifact; exact inputs/version not recorded,unknown,unresolved_legacy_lineage,2026-10-03T19:01:58.485548+00:00
processed/extracted_items/ntpc_text/28964_NIT_Download.txt,source_c1a33977175a4862937665ce,371abe8b852bf16a6f83e9bc64917a31eecf972a0900d7776387b410a61f79c5,legacy-derived artifact; exact inputs/version not recorded,unknown,unresolved_legacy_lineage,2026-10-03T19:01:58.485548+00:00
processed/extracted_items/ntpc_text/28965_Click_here_to_view_Salient_Technical_Features.txt,source_c1a33977175a4862937665ce,533118a9f37096f31e590169867ddd73b8a124fdb47f4e2100cdbf3f1942941b,legacy-derived artifact; exact inputs/version not recorded,unknown,unresolved_legacy_lineage,2026-10-03T19:01:58.485548+00:00
processed/extracted_items/ntpc_text/28965_NIT_Download.txt,source_c1a33977175a4862937665ce,2be4b428cc73d925f7a9107df44907d386781b9221dc0705dc9d4a5164bd2672,legacy-derived artifact; exact inputs/version not recorded,unknown,unresolved_legacy_lineage,2026-10-03T19:01:58.485548+00:00
processed/extracted_items/ntpc_text/28966_NIT_Download.txt,source_c1a33977175a4862937665ce,dbdd10f960a74bfc3d7ba5818a91e56240d5667c3541854803b9936adf72057e,legacy-derived artifact; exact inputs/version not recorded,unknown,unresolved_legacy_lineage,2026-10-03T19:01:58.485548+00:00
processed/extracted_items/ntpc_text/28967_NIT_Download.txt,source_c1a33977175a4862937665ce,83ecef07448b541f6621be07be4b221c8f991d9ef2d04c9357096da9eb777f86,legacy-derived artifact; exact inputs/version not recorded,unknown,unresolved_legacy_lineage,2026-10-03T19:01:58.485548+00:00
processed/extracted_items/ntpc_text/28968_NIT_Download.txt,source_c1a33977175a4862937665ce,9af0d315e2dcb198f5fef142b45e7408b32fb29e745cda0ab92a102256e58409,legacy-derived artifact; exact inputs/version not recorded,unknown,unresolved_legacy_lineage,2026-10-03T19:01:58.485548+00:00
processed/extracted_items/ntpc_text/28969_NIT_Download.txt,source_c1a33977175a4862937665ce,f0611f745545b1ba96aa5c69f8b6b5eeec45b11d25b200a12a8d53287a21b3b5,legacy-derived artifact; exact inputs/version not recorded,unknown,unresolved_legacy_lineage,2026-10-03T19:01:58.485548+00:00
processed/extracted_items/ntpc_text/28970_NIT_Download.txt,source_c1a33977175a4862937665ce,f5c8a7b2741a7df58f719b49730969229c91c462c173e7d49778451ed74dcfa5,legacy-derived artifact; exact inputs/version not recorded,unknown,unresolved_legacy_lineage,2026-10-03T19:01:58.485548+00:00
processed/extracted_items/ntpc_text/28971_NIT_Download.txt,source_c1a33977175a4862937665ce,422722c71f1ef75d8b92f4d0b597dc3bc7056fa2ce723f020718f125a6577b47,legacy-derived artifact; exact inputs/version not recorded,unknown,unresolved_legacy_lineage,2026-10-03T19:01:58.485548+00:00
processed/extracted_items/ntpc_text/28972_NIT_Download.txt,source_c1a33977175a4862937665ce,517ff1d73cdd30a3f7615ec5eba3f45acfb0288a968bbc6c8ddf851bc7f61526,legacy-derived artifact; exact inputs/version not recorded,unknown,unresolved_legacy_lineage,2026-10-03T19:01:58.485548+00:00
processed/extracted_items/ntpc_text/28973_NIT_Download.txt,source_c1a33977175a4862937665ce,74ad89469f822dfd135b8dc125dc8ad7c4c5418352755b75cbf51a447e8755d4,legacy-derived artifact; exact inputs/version not recorded,unknown,unresolved_legacy_lineage,2026-10-03T19:01:58.485548+00:00
processed/extracted_items/ntpc_text/28974_cor_28974_2_1.txt,source_c1a33977175a4862937665ce,3ecaa00c88ac3952611d34b9396aeddf172e9602f0da4ff97105300c4271645b,legacy-derived artifact; exact inputs/version not recorded,unknown,unresolved_legacy_lineage,2026-10-03T19:01:58.485548+00:00
processed/extracted_items/ntpc_text/28974_NIT_Download.txt,source_c1a33977175a4862937665ce,ee537338c3b6e19cca699be69a569e6f72a50d1727c21ff8da35f14720978872,legacy-derived artifact; exact inputs/version not recorded,unknown,unresolved_legacy_lineage,2026-10-03T19:01:58.485548+00:00
processed/extracted_items/ntpc_text/28975_NIT_Download.txt,source_c1a33977175a4862937665ce,4c029b06c6b992ea5df4db8402e9094b7abb752b6ee11453ffedd6287f8e2f4d,legacy-derived artifact; exact inputs/version not recorded,unknown,unresolved_legacy_lineage,2026-10-03T19:01:58.485548+00:00
processed/extracted_items/ntpc_text/28976_cor_28976_3_1.txt,source_c1a33977175a4862937665ce,fc6b2e91168a3ba9cccba47a7b649e1e65ddb4e7d62cec799a667a45dbb51a7b,legacy-derived artifact; exact inputs/version not recorded,unknown,unresolved_legacy_lineage,2026-10-03T19:01:58.485548+00:00
processed/extracted_items/ntpc_text/28976_NIT_Download.txt,source_c1a33977175a4862937665ce,5bcb5067beb7d901500ce23bed8f0ba4a3e2441715950a34d593da1a45d9d69f,legacy-derived artifact; exact inputs/version not recorded,unknown,unresolved_legacy_lineage,2026-10-03T19:01:58.485548+00:00
processed/extracted_items/ntpc_text/28977_NIT_Download.txt,source_c1a33977175a4862937665ce,6e236d6a1b7f8f529194245334f50875719a0c866b1f1b83e31ffdd6cd7f7da1,legacy-derived artifact; exact inputs/version not recorded,unknown,unresolved_legacy_lineage,2026-10-03T19:01:58.485548+00:00
processed/extracted_items/ntpc_text/28978_NIT_Download.txt,source_c1a33977175a4862937665ce,a50d7323abe6361d2d3d39ac0b5e6a64985f4f0be2b56ce8845479ca450e06b5,legacy-derived artifact; exact inputs/version not recorded,unknown,unresolved_legacy_lineage,2026-10-03T19:01:58.485548+00:00
processed/extracted_items/ntpc_text/28979_NIT_Download.txt,source_c1a33977175a4862937665ce,0c80378d90d17558c769bcadf77d52876baf4605c6372d35cfc0cb0481ad4754,legacy-derived artifact; exact inputs/version not recorded,unknown,unresolved_legacy_lineage,2026-10-03T19:01:58.485548+00:00
processed/extracted_items/ntpc_text/28980_NIT_Download.txt,source_c1a33977175a4862937665ce,8bcad1c27dae09302ce3ff06e5e3aaad4e28c17255bf3f156ef4da1354c663bb,legacy-derived artifact; exact inputs/version not recorded,unknown,unresolved_legacy_lineage,2026-10-03T19:01:58.485548+00:00
processed/extracted_items/ntpc_text/28981_NIT_Download.txt,source_c1a33977175a4862937665ce,346f84b7aa7f255d6472acf8446407ffb4ae51c475e659f73e9847995d2b2206,legacy-derived artifact; exact inputs/version not recorded,unknown,unresolved_legacy_lineage,2026-10-03T19:01:58.485548+00:00
processed/extracted_items/ntpc_text/28982_NIT_Download.txt,source_c1a33977175a4862937665ce,9da422f00ced36a3bd267f0a8e182f6313017c6b63fb3e1e2d4e2da7a356a908,legacy-derived artifact; exact inputs/version not recorded,unknown,unresolved_legacy_lineage,2026-10-03T19:01:58.485548+00:00
processed/extracted_items/ntpc_text/28984_cor_28984_2_1.txt,source_c1a33977175a4862937665ce,e1ab9a3e83e995badf5be659eb1d2a76961942ba17b7607623d2999dbe6a2914,legacy-derived artifact; exact inputs/version not recorded,unknown,unresolved_legacy_lineage,2026-10-03T19:01:58.485548+00:00
processed/extracted_items/ntpc_text/28984_NIT_Download.txt,source_c1a33977175a4862937665ce,84f6c97e9661e486c345fd3d854e3ec21c97e7b921bbbae5644dfd2cd9f6d61a,legacy-derived artifact; exact inputs/version not recorded,unknown,unresolved_legacy_lineage,2026-10-03T19:01:58.485548+00:00
processed/extracted_items/ntpc_text/28985_NIT_Download.txt,source_c1a33977175a4862937665ce,2d4c65e16546afd02748b190a67104ecbc50fc94164ab41f6736f7729dae9c65,legacy-derived artifact; exact inputs/version not recorded,unknown,unresolved_legacy_lineage,2026-10-03T19:01:58.485548+00:00
processed/extracted_items/ntpc_text/28986_NIT_Download.txt,source_c1a33977175a4862937665ce,0869ec3ee2cfcc9a899f3b601a3a5af6229af75d6c1902bac7dced26ad169a54,legacy-derived artifact; exact inputs/version not recorded,unknown,unresolved_legacy_lineage,2026-10-03T19:01:58.485548+00:00
processed/extracted_items/ntpc_text/28987_NIT_Download.txt,source_c1a33977175a4862937665ce,d64a267e00d1eb84f071a8598ec21dd4ef98bb1d79ab3be2595b6ff56790b817,legacy-derived artifact; exact inputs/version not recorded,unknown,unresolved_legacy_lineage,2026-10-03T19:01:58.485548+00:00
processed/extracted_items/ntpc_text/28988_NIT_Download.txt,source_c1a33977175a4862937665ce,ab2dfea2d0b623ecb56db6e7410f142f82fdc96f71b51f1acb96c6ba851232dc,legacy-derived artifact; exact inputs/version not recorded,unknown,unresolved_legacy_lineage,2026-10-03T19:01:58.485548+00:00
processed/extracted_items/ntpc_text/28989_NIT_Download.txt,source_c1a33977175a4862937665ce,d8c0a41cc35d7c3d6ab5dfff28dc0f761d314e61e0a551e50c1d155366d65d1c,legacy-derived artifact; exact inputs/version not recorded,unknown,unresolved_legacy_lineage,2026-10-03T19:01:58.485548+00:00
processed/extracted_items/ntpc_text/28990_NIT_Download.txt,source_c1a33977175a4862937665ce,e3a81aa755fc91a56c195ae24fbe67573e8148f6981ac21fc83f7f66733cadc1,legacy-derived artifact; exact inputs/version not recorded,unknown,unresolved_legacy_lineage,2026-10-03T19:01:58.485548+00:00
processed/extracted_items/ntpc_text/28991_NIT_Download.txt,source_c1a33977175a4862937665ce,dfda4f417fcde6a10237282f9a89ca34bda06712df7c7b6856c5c7011c27e23f,legacy-derived artifact; exact inputs/version not recorded,unknown,unresolved_legacy_lineage,2026-10-03T19:01:58.485548+00:00
processed/extracted_items/ntpc_text/28992_cor_28992_1_1.txt,source_c1a33977175a4862937665ce,3192084d39140b5d5835c6b6c6c027d32afd2effd46cd29495e213ed05395245,legacy-derived artifact; exact inputs/version not recorded,unknown,unresolved_legacy_lineage,2026-10-03T19:01:58.485548+00:00
processed/extracted_items/ntpc_text/28992_NIT_Download.txt,source_c1a33977175a4862937665ce,8d6d0058ab9a0d7b669306f6a4e684a085b5688372f0d98879d6ba064220071b,legacy-derived artifact; exact inputs/version not recorded,unknown,unresolved_legacy_lineage,2026-10-03T19:01:58.485548+00:00
processed/extracted_items/ntpc_text/28993_NIT_Download.txt,source_c1a33977175a4862937665ce,a5a6284276ca536a16f945fcc2523b8d3e4ff2cf4e1801168377b65474c0195f,legacy-derived artifact; exact inputs/version not recorded,unknown,unresolved_legacy_lineage,2026-10-03T19:01:58.485548+00:00
processed/extracted_items/ntpc_text/28994_NIT_Download.txt,source_c1a33977175a4862937665ce,82ab3530dfa563001c008291841d08bbd5ac405a01ee828c029db6aade9a6303,legacy-derived artifact; exact inputs/version not recorded,unknown,unresolved_legacy_lineage,2026-10-03T19:01:58.485548+00:00
processed/extracted_items/ntpc_text/28995_NIT_Download.txt,source_c1a33977175a4862937665ce,61df73781a9dfafb1536aa0a59c50caf609059004b7bb9d94af4f11009eb19d8,legacy-derived artifact; exact inputs/version not recorded,unknown,unresolved_legacy_lineage,2026-10-03T19:01:58.485548+00:00
processed/extracted_items/ntpc_text/28996_NIT_Download.txt,source_c1a33977175a4862937665ce,513e756bce529076b1c5c0809aa770647b19ab92a293525da2143fcaef22af75,legacy-derived artifact; exact inputs/version not recorded,unknown,unresolved_legacy_lineage,2026-10-03T19:01:58.485548+00:00
processed/extracted_items/ntpc_text/28997_cor_28997_1_1.txt,source_c1a33977175a4862937665ce,68ae23bccdd239da9a314f50d4117075e0a48fd282227ddc032b2254bb485d8f,legacy-derived artifact; exact inputs/version not recorded,unknown,unresolved_legacy_lineage,2026-10-03T19:01:58.485548+00:00
processed/extracted_items/ntpc_text/28997_NIT_Download.txt,source_c1a33977175a4862937665ce,86126f159337716bd26838dd0abcac65e13088be7eb719a3f147eda20a89e59e,legacy-derived artifact; exact inputs/version not recorded,unknown,unresolved_legacy_lineage,2026-10-03T19:01:58.485548+00:00
processed/extracted_items/ntpc_text/28998_NIT_Download.txt,source_c1a33977175a4862937665ce,7b2dc605b1f54205d4f0d089f97945de3f7f2e7522d3ef459b75903c4614707d,legacy-derived artifact; exact inputs/version not recorded,unknown,unresolved_legacy_lineage,2026-10-03T19:01:58.485548+00:00
processed/extracted_items/ntpc_text/28999_NIT_Download.txt,source_c1a33977175a4862937665ce,ecdadddd1bc946e62b5a3fef971c64ee5ea65abee06ca12547c19a23e19bdde2,legacy-derived artifact; exact inputs/version not recorded,unknown,unresolved_legacy_lineage,2026-10-03T19:01:58.485548+00:00
processed/extracted_items/ntpc_text/29000_NIT_Download.txt,source_c1a33977175a4862937665ce,bae16e5468e3c22361b269022b9b29b8d80022351dd883c3a33c0d17f538c530,legacy-derived artifact; exact inputs/version not recorded,unknown,unresolved_legacy_lineage,2026-10-03T19:01:58.485548+00:00
processed/extracted_items/ntpc_text/29001_NIT_Download.txt,source_c1a33977175a4862937665ce,411de09d3380051d240f1776e5c430a00574a0da7ef5a4a181ea1623f4c802df,legacy-derived artifact; exact inputs/version not recorded,unknown,unresolved_legacy_lineage,2026-10-03T19:01:58.485548+00:00
processed/extracted_items/ntpc_text/29002_NIT_Download.txt,source_c1a33977175a4862937665ce,912795cff1d8de776dc268131ab5a05f133d0090f990defb894e5e8b1296e208,legacy-derived artifact; exact inputs/version not recorded,unknown,unresolved_legacy_lineage,2026-10-03T19:01:58.485548+00:00
processed/extracted_items/ntpc_text/29003_NIT_Download.txt,source_c1a33977175a4862937665ce,6750ab00fe749b3d71fceefad71908f242339a3cdb0fbd64a0c9f7057726970d,legacy-derived artifact; exact inputs/version not recorded,unknown,unresolved_legacy_lineage,2026-10-03T19:01:58.485548+00:00
processed/extracted_items/ntpc_text/29004_NIT_Download.txt,source_c1a33977175a4862937665ce,a081b73c01218093871048e04a3b058afaea9b158849817c3b253f5c6ef32a60,legacy-derived artifact; exact inputs/version not recorded,unknown,unresolved_legacy_lineage,2026-10-03T19:01:58.485548+00:00
processed/extracted_items/ntpc_text/29005_NIT_Download.txt,source_c1a33977175a4862937665ce,ebf814b18e54b28cfffc826e32329f68d2e87b8d5f61da7f3a2476ccccedd3e3,legacy-derived artifact; exact inputs/version not recorded,unknown,unresolved_legacy_lineage,2026-10-03T19:01:58.485548+00:00
processed/extracted_items/ntpc_text/29006_NIT_Download.txt,source_c1a33977175a4862937665ce,439e583275cccf4187e13c0e846176d92e938b5a736ab35f34bb4af35c4e075b,legacy-derived artifact; exact inputs/version not recorded,unknown,unresolved_legacy_lineage,2026-10-03T19:01:58.485548+00:00
processed/extracted_items/ntpc_text/29007_NIT_Download.txt,source_c1a33977175a4862937665ce,426907db0fd7685873beefe3a5c6de0063467d3e67302d2d46daee3f8277e668,legacy-derived artifact; exact inputs/version not recorded,unknown,unresolved_legacy_lineage,2026-10-03T19:01:58.485548+00:00
processed/extracted_items/ntpc_text/29008_NIT_Download.txt,source_c1a33977175a4862937665ce,bda6a36d705817c0342f3fcd1700c5f8908b1bb1075eccf87f6dcf0f8c2adacb,legacy-derived artifact; exact inputs/version not recorded,unknown,unresolved_legacy_lineage,2026-10-03T19:01:58.485548+00:00
processed/extracted_items/ntpc_text/29009_cor_29009_1_1.txt,source_c1a33977175a4862937665ce,1ebf481030effa9105f698526c282fd90de9618e10b5acc6550d1f56a2c2c25a,legacy-derived artifact; exact inputs/version not recorded,unknown,unresolved_legacy_lineage,2026-10-03T19:01:58.485548+00:00
processed/extracted_items/ntpc_text/29009_NIT_Download.txt,source_c1a33977175a4862937665ce,a2e008396b1ce48561b3d96b457b12d666f8e66a3ebe4928da4f5d7bfb77ac94,legacy-derived artifact; exact inputs/version not recorded,unknown,unresolved_legacy_lineage,2026-10-03T19:01:58.485548+00:00
processed/extracted_items/ntpc_text/29010_NIT_Download.txt,source_c1a33977175a4862937665ce,4a7c1193b0fe8fe353d63fa34eb1749de8f02ebbef00ad11d5295134c92e3754,legacy-derived artifact; exact inputs/version not recorded,unknown,unresolved_legacy_lineage,2026-10-03T19:01:58.485548+00:00
processed/extracted_items/ntpc_text/29011_NIT_Download.txt,source_c1a33977175a4862937665ce,80922ee71b470273466373cd89a142ccc9c3115a2c59f61e5234b0a38b311354,legacy-derived artifact; exact inputs/version not recorded,unknown,unresolved_legacy_lineage,2026-10-03T19:01:58.485548+00:00
processed/extracted_items/ntpc_text/29012_cor_29012_2_1.txt,source_c1a33977175a4862937665ce,6ce48f1e16ca82dd3535067b3ddceb5553905a9128bfcc86510aad3735ffd690,legacy-derived artifact; exact inputs/version not recorded,unknown,unresolved_legacy_lineage,2026-10-03T19:01:58.485548+00:00
processed/extracted_items/ntpc_text/29012_NIT_Download.txt,source_c1a33977175a4862937665ce,f6cbc8af312cbab30eedccc208cc1238e5e9843f05d505a6320814d26fefb89f,legacy-derived artifact; exact inputs/version not recorded,unknown,unresolved_legacy_lineage,2026-10-03T19:01:58.485548+00:00
processed/extracted_items/ntpc_text/29013_cor_29013_2_1.txt,source_c1a33977175a4862937665ce,22cfe75d90536344ecd1fc5223fe9725fb39bb8fa487bc9082cac6628518befd,legacy-derived artifact; exact inputs/version not recorded,unknown,unresolved_legacy_lineage,2026-10-03T19:01:58.485548+00:00
processed/extracted_items/ntpc_text/29013_NIT_Download.txt,source_c1a33977175a4862937665ce,7f9257a27e58a9d0408562d9401c970003bf56a0cb9b384d128ae35e5ecfa0de,legacy-derived artifact; exact inputs/version not recorded,unknown,unresolved_legacy_lineage,2026-10-03T19:01:58.485548+00:00
processed/extracted_items/ntpc_text/29014_NIT_Download.txt,source_c1a33977175a4862937665ce,8154e285851940986d11989cd06ac1d783401836908b57a3edfbb6b8a3ea639b,legacy-derived artifact; exact inputs/version not recorded,unknown,unresolved_legacy_lineage,2026-10-03T19:01:58.485548+00:00
processed/extracted_items/ntpc_text/29015_NIT_Download.txt,source_c1a33977175a4862937665ce,0da482c43561d7e0a81d4a3334101e47ea4e466e4427f41726cc022a9d6addcb,legacy-derived artifact; exact inputs/version not recorded,unknown,unresolved_legacy_lineage,2026-10-03T19:01:58.485548+00:00
processed/extracted_items/ntpc_text/29016_NIT_Download.txt,source_c1a33977175a4862937665ce,81a9a89eb3e54a5523e85af49b989eb30f775e1a0e891e74ab8347be1c0416a5,legacy-derived artifact; exact inputs/version not recorded,unknown,unresolved_legacy_lineage,2026-10-03T19:01:58.485548+00:00
processed/extracted_items/ntpc_text/29017_NIT_Download.txt,source_c1a33977175a4862937665ce,3764f271d22553543f3bd194f03b0c8a34f51dcb8eb0d58c0eff7b8963c38e48,legacy-derived artifact; exact inputs/version not recorded,unknown,unresolved_legacy_lineage,2026-10-03T19:01:58.485548+00:00
processed/extracted_items/ntpc_text/29018_NIT_Download.txt,source_c1a33977175a4862937665ce,77c8affaa7586bea0c1835225d92ba344b1d70b9ec81cc0898d4a08554437f45,legacy-derived artifact; exact inputs/version not recorded,unknown,unresolved_legacy_lineage,2026-10-03T19:01:58.485548+00:00
processed/extracted_items/ntpc_text/29019_NIT_Download.txt,source_c1a33977175a4862937665ce,11f34f1a52d490349e6a862b32262b8df2bbcfb4d747bcea7fb480fee544c3db,legacy-derived artifact; exact inputs/version not recorded,unknown,unresolved_legacy_lineage,2026-10-03T19:01:58.485548+00:00
processed/extracted_items/ntpc_text/29020_NIT_Download.txt,source_c1a33977175a4862937665ce,6220df9fbf7c2af5d6f027bbac4e3ef0249b23a83336ebf72ace5432044aafc4,legacy-derived artifact; exact inputs/version not recorded,unknown,unresolved_legacy_lineage,2026-10-03T19:01:58.485548+00:00
processed/extracted_items/ntpc_text/29021_NIT_Download.txt,source_c1a33977175a4862937665ce,0f1f97e55d0be206d18ecd206bba9a53a9eb204dd73abeccaf89ed8d240e3401,legacy-derived artifact; exact inputs/version not recorded,unknown,unresolved_legacy_lineage,2026-10-03T19:01:58.485548+00:00
processed/extracted_items/ntpc_text/29022_NIT_Download.txt,source_c1a33977175a4862937665ce,b1fc059409e5c7472ad8e39551a842552051ed949eb74baf7c48ac6d7e765be1,legacy-derived artifact; exact inputs/version not recorded,unknown,unresolved_legacy_lineage,2026-10-03T19:01:58.485548+00:00
processed/extracted_items/ntpc_text/29023_NIT_Download.txt,source_c1a33977175a4862937665ce,c114b957746ac3b7a94e0088c8fdd7011cef087da847f5972fc944a264c16f66,legacy-derived artifact; exact inputs/version not recorded,unknown,unresolved_legacy_lineage,2026-10-03T19:01:58.485548+00:00
processed/extracted_items/ntpc_text/29024_NIT_Download.txt,source_c1a33977175a4862937665ce,01da9e2c4340c6a9237e37fd5d8145cbf226ce979117a7a466a558780930d420,legacy-derived artifact; exact inputs/version not recorded,unknown,unresolved_legacy_lineage,2026-10-03T19:01:58.485548+00:00
processed/extracted_items/ntpc_text/29025_NIT_Download.txt,source_c1a33977175a4862937665ce,0b546718d05f4c78b2a18c130ece53f1723d516dd1f25ca2d845f315ce6b0d2d,legacy-derived artifact; exact inputs/version not recorded,unknown,unresolved_legacy_lineage,2026-10-03T19:01:58.485548+00:00
processed/extracted_items/ntpc_text/29026_NIT_Download.txt,source_c1a33977175a4862937665ce,36c8a0b203e3f0419c449a1ee5731594c8c504af19ed3a88f90322ddeba1d7ff,legacy-derived artifact; exact inputs/version not recorded,unknown,unresolved_legacy_lineage,2026-10-03T19:01:58.485548+00:00
processed/extracted_items/ntpc_text/29027_NIT_Download.txt,source_c1a33977175a4862937665ce,6d44d1a4a76114fbef44748f16746bf38c6dcb40bb5f5626929dd8908d2c0866,legacy-derived artifact; exact inputs/version not recorded,unknown,unresolved_legacy_lineage,2026-10-03T19:01:58.485548+00:00
processed/extracted_items/ntpc_text/29028_NIT_Download.txt,source_c1a33977175a4862937665ce,c2719cebce079692ed26b3d7e2f85fd79d2c1556600ac3a3830b8557b67fc1f4,legacy-derived artifact; exact inputs/version not recorded,unknown,unresolved_legacy_lineage,2026-10-03T19:01:58.485548+00:00
processed/extracted_items/ntpc_text/29029_NIT_Download.txt,source_c1a33977175a4862937665ce,f9c1b671fa871f490e7c3b00fe70b4545bc027a727da9526a54c273b018583fb,legacy-derived artifact; exact inputs/version not recorded,unknown,unresolved_legacy_lineage,2026-10-03T19:01:58.485548+00:00
processed/extracted_items/ntpc_text/29030_NIT_Download.txt,source_c1a33977175a4862937665ce,698209bbe1bd6dda12acd73f21c5cf6465dc9db37fb438e19fd886e42de53606,legacy-derived artifact; exact inputs/version not recorded,unknown,unresolved_legacy_lineage,2026-10-03T19:01:58.485548+00:00
processed/extracted_items/ntpc_text/29031_NIT_Download.txt,source_c1a33977175a4862937665ce,21c64529c924373da2c05786404bbdba2fce862d9bd8bc345425a74cb647201d,legacy-derived artifact; exact inputs/version not recorded,unknown,unresolved_legacy_lineage,2026-10-03T19:01:58.485548+00:00
processed/extracted_items/ntpc_text/29032_NIT_Download.txt,source_c1a33977175a4862937665ce,b7e64015809ccbb44bf0c43e74b046f78dec0077bdb8d2e6b77d34ce88af842c,legacy-derived artifact; exact inputs/version not recorded,unknown,unresolved_legacy_lineage,2026-10-03T19:01:58.485548+00:00
processed/extracted_items/ntpc_text/29033_NIT_Download.txt,source_c1a33977175a4862937665ce,413e5fcdc0db8be8ff30ae3342c0b40e1103e558099d9b12522b1c72343b2b32,legacy-derived artifact; exact inputs/version not recorded,unknown,unresolved_legacy_lineage,2026-10-03T19:01:58.485548+00:00
processed/extracted_items/ntpc_text/29034_NIT_Download.txt,source_c1a33977175a4862937665ce,9864a3fcb10222d406023f9071d1173c6b570b879e4a28c3bb18d5c9668ff8c2,legacy-derived artifact; exact inputs/version not recorded,unknown,unresolved_legacy_lineage,2026-10-03T19:01:58.485548+00:00
processed/extracted_items/ntpc_text/29035_cor_29035_2_1.txt,source_c1a33977175a4862937665ce,c45e4ee56348d164075f7a5f4bde56776dbd9bab0cd6b2dccb10b6a6d1b14818,legacy-derived artifact; exact inputs/version not recorded,unknown,unresolved_legacy_lineage,2026-10-03T19:01:58.485548+00:00
processed/extracted_items/ntpc_text/29035_NIT_Download.txt,source_c1a33977175a4862937665ce,5f57816e4d4a989dcf3eabe4172a8f72605323f4527ca6dd0cb32f7dc34eca4f,legacy-derived artifact; exact inputs/version not recorded,unknown,unresolved_legacy_lineage,2026-10-03T19:01:58.485548+00:00
processed/extracted_items/ntpc_text/29036_NIT_Download.txt,source_c1a33977175a4862937665ce,31eba8056928239552d3197484cd80ab22836e532e877d4e331beab43b8ecbc1,legacy-derived artifact; exact inputs/version not recorded,unknown,unresolved_legacy_lineage,2026-10-03T19:01:58.485548+00:00
processed/extracted_items/ntpc_text/29037_NIT_Download.txt,source_c1a33977175a4862937665ce,f0f116ab473d4ace45d7d019c2fdd3b4e4238d0e71d3f0cd630e6b9e42ea5118,legacy-derived artifact; exact inputs/version not recorded,unknown,unresolved_legacy_lineage,2026-10-03T19:01:58.485548+00:00
processed/extracted_items/ntpc_text/29038_NIT_Download.txt,source_c1a33977175a4862937665ce,ac69039b6cca4f1b9f52a1b0894ab728d0934ceae12a25e9bc55028d7b8a5ac3,legacy-derived artifact; exact inputs/version not recorded,unknown,unresolved_legacy_lineage,2026-10-03T19:01:58.485548+00:00
processed/extracted_items/ntpc_text/29039_NIT_Download.txt,source_c1a33977175a4862937665ce,d4243ca29f93a70fb2339a64e6e1738f8afe05dac0f71e44767ddd1eff46b971,legacy-derived artifact; exact inputs/version not recorded,unknown,unresolved_legacy_lineage,2026-10-03T19:01:58.485548+00:00
processed/extracted_items/ntpc_text/29040_cor_29040_2_1.txt,source_c1a33977175a4862937665ce,bec5395675df82c56ef18524612150d26a4fdf1e72138d0d156c37300aaa6fb3,legacy-derived artifact; exact inputs/version not recorded,unknown,unresolved_legacy_lineage,2026-10-03T19:01:58.485548+00:00
processed/extracted_items/ntpc_text/29040_NIT_Download.txt,source_c1a33977175a4862937665ce,2b4c6488f68865d8f6a0ec702a5c9f7a65bfacdd523c8bba75610c2717f9c4ca,legacy-derived artifact; exact inputs/version not recorded,unknown,unresolved_legacy_lineage,2026-10-03T19:01:58.485548+00:00
processed/extracted_items/ntpc_text/29041_NIT_Download.txt,source_c1a33977175a4862937665ce,63a331d871431d306e99518e5b5d5fb400b206e13c7c765602e23d188577d035,legacy-derived artifact; exact inputs/version not recorded,unknown,unresolved_legacy_lineage,2026-10-03T19:01:58.485548+00:00
processed/extracted_items/ntpc_text/29042_NIT_Download.txt,source_c1a33977175a4862937665ce,59f3c01a32b106bcf02762f9f9fec7fbe4eb30a9bd51cc7eff626e5458e101c1,legacy-derived artifact; exact inputs/version not recorded,unknown,unresolved_legacy_lineage,2026-10-03T19:01:58.485548+00:00
processed/extracted_items/ntpc_text/29043_NIT_Download.txt,source_c1a33977175a4862937665ce,e9b60a7f7a2a219907ef57746161275203c0b8c6d5ac71bad7dd86bb276cf9d0,legacy-derived artifact; exact inputs/version not recorded,unknown,unresolved_legacy_lineage,2026-10-03T19:01:58.485548+00:00
processed/extracted_items/ntpc_text/29044_NIT_Download.txt,source_c1a33977175a4862937665ce,a08dcdee482162c3090c0b7c9f183287538b9f6a118716f91180599806961958,legacy-derived artifact; exact inputs/version not recorded,unknown,unresolved_legacy_lineage,2026-10-03T19:01:58.485548+00:00
processed/extracted_items/ntpc_text/29045_NIT_Download.txt,source_c1a33977175a4862937665ce,9208777e6ba23f582edbf64b4900143a01698b1a84cefe2074eb33a4f7b2fe87,legacy-derived artifact; exact inputs/version not recorded,unknown,unresolved_legacy_lineage,2026-10-03T19:01:58.485548+00:00
processed/extracted_items/ntpc_text/29046_NIT_Download.txt,source_c1a33977175a4862937665ce,614fcbd087667c60abbd98510a6325b38ec1798b5463f698e4114fc79a10bc59,legacy-derived artifact; exact inputs/version not recorded,unknown,unresolved_legacy_lineage,2026-10-03T19:01:58.485548+00:00
processed/extracted_items/ntpc_text/29047_NIT_Download.txt,source_c1a33977175a4862937665ce,5eb291420a0944a57b3541419319af37185aba075a69a84120964835a20c8c17,legacy-derived artifact; exact inputs/version not recorded,unknown,unresolved_legacy_lineage,2026-10-03T19:01:58.485548+00:00
processed/extracted_items/ntpc_text/29048_NIT_Download.txt,source_c1a33977175a4862937665ce,2841f3d09c77ad5ccda6646b3f8e288defc5183b47a7d4823a318bd4385ae597,legacy-derived artifact; exact inputs/version not recorded,unknown,unresolved_legacy_lineage,2026-10-03T19:01:58.485548+00:00
processed/extracted_items/ntpc_text/29049_cor_29049_5_1.txt,source_c1a33977175a4862937665ce,4e89cdea9f585f32e0926169a4d8ec79436002e67cd7efea9427614455ee349d,legacy-derived artifact; exact inputs/version not recorded,unknown,unresolved_legacy_lineage,2026-10-03T19:01:58.485548+00:00
processed/extracted_items/ntpc_text/29049_NIT_Download.txt,source_c1a33977175a4862937665ce,af2f3f66a84dbdcfa67d94365e54dca2c4a998dc930e916c776b0aab65092fde,legacy-derived artifact; exact inputs/version not recorded,unknown,unresolved_legacy_lineage,2026-10-03T19:01:58.485548+00:00
processed/extracted_items/ntpc_text/29050_NIT_Download.txt,source_c1a33977175a4862937665ce,5ad5c7f15c26a0cb597f9c627a04e103a85e8727c644aab918d74b7d47bc9eab,legacy-derived artifact; exact inputs/version not recorded,unknown,unresolved_legacy_lineage,2026-10-03T19:01:58.485548+00:00
processed/extracted_items/ntpc_text/29051_NIT_Download.txt,source_c1a33977175a4862937665ce,5ca2a503fdb63d3fda3d3ea5921da4775f20f705f0fe543db30cdeca7d6efc46,legacy-derived artifact; exact inputs/version not recorded,unknown,unresolved_legacy_lineage,2026-10-03T19:01:58.485548+00:00
processed/extracted_items/ntpc_text/29052_NIT_Download.txt,source_c1a33977175a4862937665ce,bd439d02160e4801c8df09bf48c8b50813613c0c3afafbd2e875e43999bb5402,legacy-derived artifact; exact inputs/version not recorded,unknown,unresolved_legacy_lineage,2026-10-03T19:01:58.485548+00:00
processed/extracted_items/ntpc_text/29053_cor_29053_1_1.txt,source_c1a33977175a4862937665ce,1085f145cc470188d268b109825cca4be1a152d23a8db0e10c45a1d3d907dd08,legacy-derived artifact; exact inputs/version not recorded,unknown,unresolved_legacy_lineage,2026-10-03T19:01:58.485548+00:00
processed/extracted_items/ntpc_text/29053_NIT_Download.txt,source_c1a33977175a4862937665ce,f1ad7e7eaf73112168033a0d02ef60fc9dd8b2bec76778998f498c88d26657f5,legacy-derived artifact; exact inputs/version not recorded,unknown,unresolved_legacy_lineage,2026-10-03T19:01:58.485548+00:00
processed/extracted_items/ntpc_text/29054_NIT_Download.txt,source_c1a33977175a4862937665ce,15b547a9dc249c83d13e6e7ebf85e6bbe8620faafc739ae71a6338cfe0768f5b,legacy-derived artifact; exact inputs/version not recorded,unknown,unresolved_legacy_lineage,2026-10-03T19:01:58.485548+00:00
processed/extracted_items/ntpc_text/29055_NIT_Download.txt,source_c1a33977175a4862937665ce,a1d01724fd7d835471b6820586a6e072476f9ff895c9810cd7dd6ffa02e5a6ee,legacy-derived artifact; exact inputs/version not recorded,unknown,unresolved_legacy_lineage,2026-10-03T19:01:58.485548+00:00
processed/extracted_items/ntpc_text/29056_cor_29056_3_1.txt,source_c1a33977175a4862937665ce,fdc295d2783f489964d4fe1a659e8e2e76b7a2eb666100d85b5c0995e3a234c2,legacy-derived artifact; exact inputs/version not recorded,unknown,unresolved_legacy_lineage,2026-10-03T19:01:58.485548+00:00
processed/extracted_items/ntpc_text/29056_NIT_Download.txt,source_c1a33977175a4862937665ce,4a0216276486ee9e5d25dabc8cc1acc8b2bb1af84c6b0b03985ee09a6789e87f,legacy-derived artifact; exact inputs/version not recorded,unknown,unresolved_legacy_lineage,2026-10-03T19:01:58.485548+00:00
processed/extracted_items/ntpc_text/29057_NIT_Download.txt,source_c1a33977175a4862937665ce,08edb014fd526d2e7fd0e5bed6b50128abb17eb2eaf1f447ad6a77b76dead4e9,legacy-derived artifact; exact inputs/version not recorded,unknown,unresolved_legacy_lineage,2026-10-03T19:01:58.485548+00:00
processed/extracted_items/ntpc_text/29058_NIT_Download.txt,source_c1a33977175a4862937665ce,c8f52953e3d2426dc28b395a0f042872a8e48c3b562065ab06076fe943022dfc,legacy-derived artifact; exact inputs/version not recorded,unknown,unresolved_legacy_lineage,2026-10-03T19:01:58.485548+00:00
processed/extracted_items/ntpc_text/29059_NIT_Download.txt,source_c1a33977175a4862937665ce,8a01f36f6f1014979a6cd79eda07143a73261c02790fd4cf8452697e16019520,legacy-derived artifact; exact inputs/version not recorded,unknown,unresolved_legacy_lineage,2026-10-03T19:01:58.485548+00:00
processed/extracted_items/ntpc_text/29060_cor_29060_4_1.txt,source_c1a33977175a4862937665ce,440b1b6acc0dd67913ba25c318e9137d89a6a24c15178dc1d7b153ef9b4325d3,legacy-derived artifact; exact inputs/version not recorded,unknown,unresolved_legacy_lineage,2026-10-03T19:01:58.485548+00:00
processed/extracted_items/ntpc_text/29060_NIT_Download.txt,source_c1a33977175a4862937665ce,d297144c317383c000992deb9d8ffa9919e8cc659a4af447f56ed036fb89a71b,legacy-derived artifact; exact inputs/version not recorded,unknown,unresolved_legacy_lineage,2026-10-03T19:01:58.485548+00:00
processed/extracted_items/ntpc_text/29061_NIT_Download.txt,source_c1a33977175a4862937665ce,f5a05ef5143267e35d99da222bb6728248412b7519754f876e879d789f6b68be,legacy-derived artifact; exact inputs/version not recorded,unknown,unresolved_legacy_lineage,2026-10-03T19:01:58.485548+00:00
processed/extracted_items/ntpc_text/29062_Click_here_to_view_Salient_Technical_Features.txt,source_c1a33977175a4862937665ce,7c370d9536d7d0d6a0f7cd7f9826692acd93e4fb05ba46f7b630b879740343d3,legacy-derived artifact; exact inputs/version not recorded,unknown,unresolved_legacy_lineage,2026-10-03T19:01:58.485548+00:00
processed/extracted_items/ntpc_text/29062_NIT_Download.txt,source_c1a33977175a4862937665ce,401dcce85fdf9908e28464a7955b048a468baf544c16b31d814b59aa229338a7,legacy-derived artifact; exact inputs/version not recorded,unknown,unresolved_legacy_lineage,2026-10-03T19:01:58.485548+00:00
processed/extracted_items/ntpc_text/29063_NIT_Download.txt,source_c1a33977175a4862937665ce,708ffe599670e1a62fba15a158386602930ab797bc759d60ab2127cd547239c8,legacy-derived artifact; exact inputs/version not recorded,unknown,unresolved_legacy_lineage,2026-10-03T19:01:58.485548+00:00
processed/extracted_items/ntpc_text/29064_NIT_Download.txt,source_c1a33977175a4862937665ce,758ff977396ca4654983f2e3a1b10b5228620b546819d33de3ff96568580ea54,legacy-derived artifact; exact inputs/version not recorded,unknown,unresolved_legacy_lineage,2026-10-03T19:01:58.485548+00:00
processed/extracted_items/ntpc_text/29065_NIT_Download.txt,source_c1a33977175a4862937665ce,667bab92d1cd0281702c7a864a000bcf7916876f747a5eee75b21a8658922b65,legacy-derived artifact; exact inputs/version not recorded,unknown,unresolved_legacy_lineage,2026-10-03T19:01:58.485548+00:00
processed/extracted_items/ntpc_text/29066_NIT_Download.txt,source_c1a33977175a4862937665ce,fef15c98a0985b1c1148776270ce0ceef40260c40c711d0e27616af9429cf4cc,legacy-derived artifact; exact inputs/version not recorded,unknown,unresolved_legacy_lineage,2026-10-03T19:01:58.485548+00:00
processed/extracted_items/ntpc_text/29067_NIT_Download.txt,source_c1a33977175a4862937665ce,52ece152836921dbe5350440f3631ebe2b4efa4be2328f961a4cd1c158734a76,legacy-derived artifact; exact inputs/version not recorded,unknown,unresolved_legacy_lineage,2026-10-03T19:01:58.485548+00:00
processed/extracted_items/ntpc_text/29068_NIT_Download.txt,source_c1a33977175a4862937665ce,0435bb073615cc0342be04268954d844e64d575f8362dab937740709a6c3888a,legacy-derived artifact; exact inputs/version not recorded,unknown,unresolved_legacy_lineage,2026-10-03T19:01:58.485548+00:00
processed/extracted_items/ntpc_text/29069_NIT_Download.txt,source_c1a33977175a4862937665ce,dcbc4b220c0ec4c4d56a388c0f36f92bc3c15d17129d237f2524dd61ca9b6ed2,legacy-derived artifact; exact inputs/version not recorded,unknown,unresolved_legacy_lineage,2026-10-03T19:01:58.485548+00:00
processed/extracted_items/ntpc_text/29070_NIT_Download.txt,source_c1a33977175a4862937665ce,f39c8fb2eb8f634d693202283c48f1cf559dbcb31e45f355c1db01d87ce463e3,legacy-derived artifact; exact inputs/version not recorded,unknown,unresolved_legacy_lineage,2026-10-03T19:01:58.485548+00:00
processed/extracted_items/ntpc_text/29071_NIT_Download.txt,source_c1a33977175a4862937665ce,8a9a6d6e524ce8eabd101d8ed06ab806123f559f2620dd6347b6b6d3f773a369,legacy-derived artifact; exact inputs/version not recorded,unknown,unresolved_legacy_lineage,2026-10-03T19:01:58.485548+00:00
processed/extracted_items/ntpc_text/29072_cor_29072_1_1.txt,source_c1a33977175a4862937665ce,e3812324a93cd42d9e885e17480541ac6d9513b1daea7ed2b9ac8006069b79f6,legacy-derived artifact; exact inputs/version not recorded,unknown,unresolved_legacy_lineage,2026-10-03T19:01:58.485548+00:00
processed/extracted_items/ntpc_text/29072_NIT_Download.txt,source_c1a33977175a4862937665ce,32d54284ddf94a5286c90dd99c4d001fd086c5875fa44916d6f1ae00df61a495,legacy-derived artifact; exact inputs/version not recorded,unknown,unresolved_legacy_lineage,2026-10-03T19:01:58.485548+00:00
processed/extracted_items/ntpc_text/29073_NIT_Download.txt,source_c1a33977175a4862937665ce,ba4a45ffcf2ca75a61bee97e53b4e878ec5e64e01028e7e30cb49523f7275d22,legacy-derived artifact; exact inputs/version not recorded,unknown,unresolved_legacy_lineage,2026-10-03T19:01:58.485548+00:00
processed/extracted_items/ntpc_text/29074_NIT_Download.txt,source_c1a33977175a4862937665ce,2eb84655a7a28029b607e85e2af32bf9364488e5b46977eba740d84d4f3aa6c4,legacy-derived artifact; exact inputs/version not recorded,unknown,unresolved_legacy_lineage,2026-10-03T19:01:58.485548+00:00
processed/extracted_items/ntpc_text/29075_NIT_Download.txt,source_c1a33977175a4862937665ce,858875d4072edd5805b03b39e218f43c3172066d260e8704ca599a31c037c31e,legacy-derived artifact; exact inputs/version not recorded,unknown,unresolved_legacy_lineage,2026-10-03T19:01:58.485548+00:00
processed/extracted_items/ntpc_text/29076_NIT_Download.txt,source_c1a33977175a4862937665ce,96a298e8bff71c6853db4058c3338a898c3e5305388e885fc72032bc401a616d,legacy-derived artifact; exact inputs/version not recorded,unknown,unresolved_legacy_lineage,2026-10-03T19:01:58.485548+00:00
processed/extracted_items/ntpc_text/29077_NIT_Download.txt,source_c1a33977175a4862937665ce,895c7637a8da045da3de8347dbf668dcef0f9974cc9ad8e7711e3f38a8532ea1,legacy-derived artifact; exact inputs/version not recorded,unknown,unresolved_legacy_lineage,2026-10-03T19:01:58.485548+00:00
processed/extracted_items/ntpc_text/29078_NIT_Download.txt,source_c1a33977175a4862937665ce,39c57aed016758673152fe93764b47de72a799d153a77186a5f27e745f71c39c,legacy-derived artifact; exact inputs/version not recorded,unknown,unresolved_legacy_lineage,2026-10-03T19:01:58.485548+00:00
processed/extracted_items/ntpc_text/29079_cor_29079_5_1.txt,source_c1a33977175a4862937665ce,7b075e45f3fa0a5b3ea1f50864093de4f9dc8c72aad587232f1c44c191244a06,legacy-derived artifact; exact inputs/version not recorded,unknown,unresolved_legacy_lineage,2026-10-03T19:01:58.485548+00:00
processed/extracted_items/ntpc_text/29079_NIT_Download.txt,source_c1a33977175a4862937665ce,e5dca1978da5612a78720e7869689f4e527f6c6c56a04cb1e644850f6dcf0d30,legacy-derived artifact; exact inputs/version not recorded,unknown,unresolved_legacy_lineage,2026-10-03T19:01:58.485548+00:00
processed/extracted_items/ntpc_text/29080_NIT_Download.txt,source_c1a33977175a4862937665ce,f5c3810c49c2c29884cb20dc362dd30c076671e92491cf5f1edf86a5e76dbf7e,legacy-derived artifact; exact inputs/version not recorded,unknown,unresolved_legacy_lineage,2026-10-03T19:01:58.485548+00:00
processed/extracted_items/ntpc_text/29081_NIT_Download.txt,source_c1a33977175a4862937665ce,6023b0d2ca4184b41202c989821ae047347d6faab2846f1368d5bc29718aef54,legacy-derived artifact; exact inputs/version not recorded,unknown,unresolved_legacy_lineage,2026-10-03T19:01:58.485548+00:00
processed/extracted_items/ntpc_text/29082_NIT_Download.txt,source_c1a33977175a4862937665ce,48e902d4c1629d8df8268a5b1f8af8d59fbdb09b2347b0b0fcc3a9bfe2f170d3,legacy-derived artifact; exact inputs/version not recorded,unknown,unresolved_legacy_lineage,2026-10-03T19:01:58.485548+00:00
processed/extracted_items/ntpc_text/29083_NIT_Download.txt,source_c1a33977175a4862937665ce,37a751eb9c0e45553e741e57d99a9ff3af7036d07fb9e518f1f731b92756e506,legacy-derived artifact; exact inputs/version not recorded,unknown,unresolved_legacy_lineage,2026-10-03T19:01:58.485548+00:00
processed/extracted_items/ntpc_text/29084_NIT_Download.txt,source_c1a33977175a4862937665ce,dc133becde0e69444da3a1a816ce3549a052847e5c086701265d1489ae1dccad,legacy-derived artifact; exact inputs/version not recorded,unknown,unresolved_legacy_lineage,2026-10-03T19:01:58.485548+00:00
processed/extracted_items/ntpc_text/29085_NIT_Download.txt,source_c1a33977175a4862937665ce,e7ea7bfc30b389dd6e45df81ee6ffa7a077518806022d50af9ab06acb9f230c9,legacy-derived artifact; exact inputs/version not recorded,unknown,unresolved_legacy_lineage,2026-10-03T19:01:58.485548+00:00
processed/extracted_items/ntpc_text/29086_NIT_Download.txt,source_c1a33977175a4862937665ce,6bdcca583a8c26d40bdd2844c9e3bebf58637526ae712e004fe6ced0a22df14b,legacy-derived artifact; exact inputs/version not recorded,unknown,unresolved_legacy_lineage,2026-10-03T19:01:58.485548+00:00
processed/extracted_items/ntpc_text/29087_NIT_Download.txt,source_c1a33977175a4862937665ce,295e9cc01e90cb941ad9474dc8f6aa6d8939dc148875665b6857a00c53dae904,legacy-derived artifact; exact inputs/version not recorded,unknown,unresolved_legacy_lineage,2026-10-03T19:01:58.485548+00:00
processed/extracted_items/ntpc_text/29088_NIT_Download.txt,source_c1a33977175a4862937665ce,8aba6f2023ebf50ebb73ffb87201ec6594c96d588cdd66e193f840c675555eb6,legacy-derived artifact; exact inputs/version not recorded,unknown,unresolved_legacy_lineage,2026-10-03T19:01:58.485548+00:00
processed/extracted_items/ntpc_text/29089_NIT_Download.txt,source_c1a33977175a4862937665ce,0fc20c09bd4bef07c6f1f2314d034febf359b0b20af21e920905cb1cc54e906f,legacy-derived artifact; exact inputs/version not recorded,unknown,unresolved_legacy_lineage,2026-10-03T19:01:58.485548+00:00
processed/extracted_items/ntpc_text/29090_NIT_Download.txt,source_c1a33977175a4862937665ce,13610b28215db72acf9af921a8ba18dd2d7491ae5322485a1540af50b8cc7bbd,legacy-derived artifact; exact inputs/version not recorded,unknown,unresolved_legacy_lineage,2026-10-03T19:01:58.485548+00:00
processed/extracted_items/ntpc_text/29091_NIT_Download.txt,source_c1a33977175a4862937665ce,880630826aa049c9adb9d7b309eed767840191bae13f67dfa188fcabc8b80534,legacy-derived artifact; exact inputs/version not recorded,unknown,unresolved_legacy_lineage,2026-10-03T19:01:58.485548+00:00
processed/extracted_items/ntpc_text/29092_NIT_Download.txt,source_c1a33977175a4862937665ce,5f585adbe2fc9f45b0a1560a2348518f814e6254cd5a13ceb9e0c360cb7bbb5f,legacy-derived artifact; exact inputs/version not recorded,unknown,unresolved_legacy_lineage,2026-10-03T19:01:58.485548+00:00
processed/extracted_items/ntpc_text/29093_NIT_Download.txt,source_c1a33977175a4862937665ce,f75f3c142f6fac32c5cff071ffa71aeaba5e4c8288a23d15caabc4521fb205e0,legacy-derived artifact; exact inputs/version not recorded,unknown,unresolved_legacy_lineage,2026-10-03T19:01:58.485548+00:00
processed/extracted_items/ntpc_text/29094_cor_29094_1_1.txt,source_c1a33977175a4862937665ce,ef999f12a6330d2b0f68993e7f03a240c7a31c629c2129a219a220e2dd5ddf70,legacy-derived artifact; exact inputs/version not recorded,unknown,unresolved_legacy_lineage,2026-10-03T19:01:58.485548+00:00
processed/extracted_items/ntpc_text/29094_NIT_Download.txt,source_c1a33977175a4862937665ce,013bcb2a8aed9359b8e3b748eb521f3b5396d7b065351c599cb0866c7ab3851f,legacy-derived artifact; exact inputs/version not recorded,unknown,unresolved_legacy_lineage,2026-10-03T19:01:58.485548+00:00
processed/extracted_items/ntpc_text/29095_NIT_Download.txt,source_c1a33977175a4862937665ce,689855c020179d3c03cfaebd15af58bcc935c02bcd4870a62a0e7924c32af4cc,legacy-derived artifact; exact inputs/version not recorded,unknown,unresolved_legacy_lineage,2026-10-03T19:01:58.485548+00:00
processed/extracted_items/ntpc_text/29096_NIT_Download.txt,source_c1a33977175a4862937665ce,3d393a4d7c6e5f7859277fe68e8bc82581b035cf1924126c113521c2327d275b,legacy-derived artifact; exact inputs/version not recorded,unknown,unresolved_legacy_lineage,2026-10-03T19:01:58.485548+00:00
processed/extracted_items/ntpc_text/29097_NIT_Download.txt,source_c1a33977175a4862937665ce,b544cf60581df58d4ea6861cad6c9e7d5d03f28c7de3a9626c8c14975588c156,legacy-derived artifact; exact inputs/version not recorded,unknown,unresolved_legacy_lineage,2026-10-03T19:01:58.485548+00:00
processed/extracted_items/ntpc_text/29098_NIT_Download.txt,source_c1a33977175a4862937665ce,de1cbfb832ceaa7c6558b65c4405018bc813f22acf0718e9c0029ec13c66c87c,legacy-derived artifact; exact inputs/version not recorded,unknown,unresolved_legacy_lineage,2026-10-03T19:01:58.485548+00:00
processed/extracted_items/ntpc_text/29099_NIT_Download.txt,source_c1a33977175a4862937665ce,fbdc54091e353ab7640bd6c36ef94e67d62a128761d1a3f41bc1914dc8030ce6,legacy-derived artifact; exact inputs/version not recorded,unknown,unresolved_legacy_lineage,2026-10-03T19:01:58.485548+00:00
processed/extracted_items/ntpc_text/29100_NIT_Download.txt,source_c1a33977175a4862937665ce,245f303cad3fb94358b2caa2b7acb1fc21bcb0b05e532ae540d31043a5e335b8,legacy-derived artifact; exact inputs/version not recorded,unknown,unresolved_legacy_lineage,2026-10-03T19:01:58.485548+00:00
processed/extracted_items/ntpc_text/29101_cor_29101_2_1.txt,source_c1a33977175a4862937665ce,39385a3609fc2d209ac3ad83ccb205a7a9560728a8efc90c7105a6aa248f7ca3,legacy-derived artifact; exact inputs/version not recorded,unknown,unresolved_legacy_lineage,2026-10-03T19:01:58.485548+00:00
processed/extracted_items/ntpc_text/29101_NIT_Download.txt,source_c1a33977175a4862937665ce,5195c6cca153fea05f4a2685b2f4927938a2c3fd8f9897ab94f32b1dc13061bb,legacy-derived artifact; exact inputs/version not recorded,unknown,unresolved_legacy_lineage,2026-10-03T19:01:58.485548+00:00
processed/extracted_items/ntpc_text/29102_NIT_Download.txt,source_c1a33977175a4862937665ce,117c84e463df58cb982ec98f9e43193daf324059a86489a01c6067ccf9dd934a,legacy-derived artifact; exact inputs/version not recorded,unknown,unresolved_legacy_lineage,2026-10-03T19:01:58.485548+00:00
processed/extracted_items/ntpc_text/29103_NIT_Download.txt,source_c1a33977175a4862937665ce,be5706143b9183064495bc0c4d10c2c637978900161a25efdc374870d9de14c6,legacy-derived artifact; exact inputs/version not recorded,unknown,unresolved_legacy_lineage,2026-10-03T19:01:58.485548+00:00
processed/extracted_items/ntpc_text/29104_NIT_Download.txt,source_c1a33977175a4862937665ce,c155b18daa8536a0046c97b9344a0e49c58c399eb965f4de938572cd5415ee96,legacy-derived artifact; exact inputs/version not recorded,unknown,unresolved_legacy_lineage,2026-10-03T19:01:58.485548+00:00
processed/extracted_items/ntpc_text/29105_NIT_Download.txt,source_c1a33977175a4862937665ce,c4de24a1dd2ff4ede857f837ca38fc9a746d105ff86fab71f2fc4eaf2164cf37,legacy-derived artifact; exact inputs/version not recorded,unknown,unresolved_legacy_lineage,2026-10-03T19:01:58.485548+00:00
processed/extracted_items/ntpc_text/29106_NIT_Download.txt,source_c1a33977175a4862937665ce,0c7890aa0bcc74f94e99b781ff45321bf558db95f234388258f2a0a0e7cb6d31,legacy-derived artifact; exact inputs/version not recorded,unknown,unresolved_legacy_lineage,2026-10-03T19:01:58.485548+00:00
processed/extracted_items/ntpc_text/29107_NIT_Download.txt,source_c1a33977175a4862937665ce,aa3de09fb5c9a9bfe861155299b9e69c9a91a8aa27396d55fb777af4e08e6475,legacy-derived artifact; exact inputs/version not recorded,unknown,unresolved_legacy_lineage,2026-10-03T19:01:58.485548+00:00
processed/extracted_items/ntpc_text/29108_NIT_Download.txt,source_c1a33977175a4862937665ce,1f400e94108e69aa87130ef1ecdb4345a9201bbce84cc2cf89d3efd241dbe6f4,legacy-derived artifact; exact inputs/version not recorded,unknown,unresolved_legacy_lineage,2026-10-03T19:01:58.485548+00:00
processed/extracted_items/ntpc_text/29109_NIT_Download.txt,source_c1a33977175a4862937665ce,a119e44b215acb0091407b857fc9f66bbff9bed8d07e99101f0563dc34739862,legacy-derived artifact; exact inputs/version not recorded,unknown,unresolved_legacy_lineage,2026-10-03T19:01:58.485548+00:00
processed/extracted_items/ntpc_text/29110_NIT_Download.txt,source_c1a33977175a4862937665ce,1576b8dc37a347c7519f73a51e428e2e46b8125ac160d559ceaaf21bb933e15d,legacy-derived artifact; exact inputs/version not recorded,unknown,unresolved_legacy_lineage,2026-10-03T19:01:58.485548+00:00
processed/extracted_items/ntpc_text/29111_NIT_Download.txt,source_c1a33977175a4862937665ce,584e485b7c26d4ba16a8e73272a40dc445d3d614c79b0b42d85e3c80ba864796,legacy-derived artifact; exact inputs/version not recorded,unknown,unresolved_legacy_lineage,2026-10-03T19:01:58.485548+00:00
processed/extracted_items/ntpc_text/29112_NIT_Download.txt,source_c1a33977175a4862937665ce,3199a6ae439ca73ed4b6c0778d0c0022bdf0457101444a70c6099902a472c64a,legacy-derived artifact; exact inputs/version not recorded,unknown,unresolved_legacy_lineage,2026-10-03T19:01:58.485548+00:00
processed/extracted_items/ntpc_text/29113_NIT_Download.txt,source_c1a33977175a4862937665ce,726d04255678ca9732c3ce09fda54017ade57e63f01b610db4efeca14e914c7a,legacy-derived artifact; exact inputs/version not recorded,unknown,unresolved_legacy_lineage,2026-10-03T19:01:58.485548+00:00
processed/extracted_items/ntpc_text/29114_NIT_Download.txt,source_c1a33977175a4862937665ce,cec18ae98018d605d28c373f10d5b5bf9d9884b67f0eeff304f5e92ee4d1c41c,legacy-derived artifact; exact inputs/version not recorded,unknown,unresolved_legacy_lineage,2026-10-03T19:01:58.485548+00:00
processed/extracted_items/ntpc_text/29115_NIT_Download.txt,source_c1a33977175a4862937665ce,d34aacd2285133a61ed0d8a8104447d153e54bcb390e6071fcf75c6a986ad31c,legacy-derived artifact; exact inputs/version not recorded,unknown,unresolved_legacy_lineage,2026-10-03T19:01:58.485548+00:00
processed/extracted_items/ntpc_text/29116_NIT_Download.txt,source_c1a33977175a4862937665ce,ff941cfd30b2ccd33da53d92501dbb21d2108548976f8418a6b0e1d6e3f31392,legacy-derived artifact; exact inputs/version not recorded,unknown,unresolved_legacy_lineage,2026-10-03T19:01:58.485548+00:00
processed/extracted_items/ntpc_text/29117_NIT_Download.txt,source_c1a33977175a4862937665ce,1ad68e14ba7e39dee6ea03455d93cad18ca975c1156062252d55e3fe5f684eec,legacy-derived artifact; exact inputs/version not recorded,unknown,unresolved_legacy_lineage,2026-10-03T19:01:58.485548+00:00
processed/extracted_items/ntpc_text/29118_NIT_Download.txt,source_c1a33977175a4862937665ce,d0cbe59a439e086026e1ffa9866ac5d5dfef742bafc36d8660f7f18abecc401c,legacy-derived artifact; exact inputs/version not recorded,unknown,unresolved_legacy_lineage,2026-10-03T19:01:58.485548+00:00
processed/extracted_items/ntpc_text/29119_cor_29119_1_1.txt,source_c1a33977175a4862937665ce,26a4dd52a45c84372d8277f61dd0cafdaed07665b3945b9835ef1ccf69169af9,legacy-derived artifact; exact inputs/version not recorded,unknown,unresolved_legacy_lineage,2026-10-03T19:01:58.485548+00:00
processed/extracted_items/ntpc_text/29119_NIT_Download.txt,source_c1a33977175a4862937665ce,30e187cca98c90fbe24382a6f0a2490b722713469d3b488932188d371cd4b2bc,legacy-derived artifact; exact inputs/version not recorded,unknown,unresolved_legacy_lineage,2026-10-03T19:01:58.485548+00:00
processed/extracted_items/ntpc_text/29120_cor_29120_3_1.txt,source_c1a33977175a4862937665ce,d81120b84b0d3a2959675a884693c13b1e0f03ad270df8e5357189b2fb7dcb5f,legacy-derived artifact; exact inputs/version not recorded,unknown,unresolved_legacy_lineage,2026-10-03T19:01:58.485548+00:00
processed/extracted_items/ntpc_text/29120_NIT_Download.txt,source_c1a33977175a4862937665ce,4f6b1a55f0faa5c12c60475729ffe4cd42303eff321a6e3b08b06fa2cf94abce,legacy-derived artifact; exact inputs/version not recorded,unknown,unresolved_legacy_lineage,2026-10-03T19:01:58.485548+00:00
processed/extracted_items/ntpc_text/29121_NIT_Download.txt,source_c1a33977175a4862937665ce,b8c3671fef6c5571840aa668dd2f66113d6ee167756400f98fc74cdcd93cb70d,legacy-derived artifact; exact inputs/version not recorded,unknown,unresolved_legacy_lineage,2026-10-03T19:01:58.485548+00:00
processed/extracted_items/ntpc_text/29122_NIT_Download.txt,source_c1a33977175a4862937665ce,8dc2730f019b4a30dfd5fc677587eb2578e4f9960af9922a18b5af47cef09859,legacy-derived artifact; exact inputs/version not recorded,unknown,unresolved_legacy_lineage,2026-10-03T19:01:58.485548+00:00
processed/extracted_items/ntpc_text/29123_NIT_Download.txt,source_c1a33977175a4862937665ce,7b300ceef7b3df35be23edfad5351c07d72be9b29b228eade105ad3b4969bbf9,legacy-derived artifact; exact inputs/version not recorded,unknown,unresolved_legacy_lineage,2026-10-03T19:01:58.485548+00:00
processed/extracted_items/ntpc_text/29124_NIT_Download.txt,source_c1a33977175a4862937665ce,fa1aee0377165d504b25cc488a7d42948d67338c5ece49134accceef1b6c4db9,legacy-derived artifact; exact inputs/version not recorded,unknown,unresolved_legacy_lineage,2026-10-03T19:01:58.485548+00:00
processed/extracted_items/ntpc_text/29125_NIT_Download.txt,source_c1a33977175a4862937665ce,bb1fdb9df43322038471af9c170dee72d27a574b22b0e448ae758237285997e5,legacy-derived artifact; exact inputs/version not recorded,unknown,unresolved_legacy_lineage,2026-10-03T19:01:58.485548+00:00
processed/extracted_items/ntpc_text/29126_NIT_Download.txt,source_c1a33977175a4862937665ce,957c9d43e03a761ea80d98b16ad257464dea0bfe251e9086cb609d6299e13c01,legacy-derived artifact; exact inputs/version not recorded,unknown,unresolved_legacy_lineage,2026-10-03T19:01:58.485548+00:00
processed/extracted_items/ntpc_text/29127_NIT_Download.txt,source_c1a33977175a4862937665ce,1e135afb54bf948ed616b7e518ea9f59c8edad95a2d1dfbae8adc60b167c5f6c,legacy-derived artifact; exact inputs/version not recorded,unknown,unresolved_legacy_lineage,2026-10-03T19:01:58.485548+00:00
processed/extracted_items/ntpc_text/29128_cor_29128_6_1.txt,source_c1a33977175a4862937665ce,8c30434a0cc71e00b19fee8f80ff11e9383882f214a5aa22c08e49666bbb0dc9,legacy-derived artifact; exact inputs/version not recorded,unknown,unresolved_legacy_lineage,2026-10-03T19:01:58.485548+00:00
processed/extracted_items/ntpc_text/29128_NIT_Download.txt,source_c1a33977175a4862937665ce,fff6d3ce827c84c0a866f765a8f759cf89df70d40b7437d6afe0224afa5b806f,legacy-derived artifact; exact inputs/version not recorded,unknown,unresolved_legacy_lineage,2026-10-03T19:01:58.485548+00:00
processed/extracted_items/ntpc_text/29129_NIT_Download.txt,source_c1a33977175a4862937665ce,4bc626cd4313ee2ca980b201fef81395873b30f428c69cc28eb15bc730e468ce,legacy-derived artifact; exact inputs/version not recorded,unknown,unresolved_legacy_lineage,2026-10-03T19:01:58.485548+00:00
processed/extracted_items/ntpc_text/29130_NIT_Download.txt,source_c1a33977175a4862937665ce,6a3cf5192354f71615ac51034b3e97c20eda99643fcaf5bbe6d41ad59bd12167,legacy-derived artifact; exact inputs/version not recorded,unknown,unresolved_legacy_lineage,2026-10-03T19:01:58.485548+00:00
processed/extracted_items/ntpc_text/29131_NIT_Download.txt,source_c1a33977175a4862937665ce,0f83cd82c38ebb568c6461842f85c2a0f4debfa7e0d6ea6de7dcdd04ac0d58d4,legacy-derived artifact; exact inputs/version not recorded,unknown,unresolved_legacy_lineage,2026-10-03T19:01:58.485548+00:00
processed/extracted_items/ntpc_text/29132_NIT_Download.txt,source_c1a33977175a4862937665ce,c9ab653caaa7b8a675add95803b75c8719a2ce561c7e86eae49686f657ee785d,legacy-derived artifact; exact inputs/version not recorded,unknown,unresolved_legacy_lineage,2026-10-03T19:01:58.485548+00:00
processed/extracted_items/ntpc_text/29133_NIT_Download.txt,source_c1a33977175a4862937665ce,99bb1c00bf06670caece926db65f330336773146297d106ee7eed6586560bd93,legacy-derived artifact; exact inputs/version not recorded,unknown,unresolved_legacy_lineage,2026-10-03T19:01:58.485548+00:00
processed/extracted_items/ntpc_text/29134_NIT_Download.txt,source_c1a33977175a4862937665ce,fcd896ef29133c83459b94a004330e18e9d3ba8e18490925d557ea48607f0a7a,legacy-derived artifact; exact inputs/version not recorded,unknown,unresolved_legacy_lineage,2026-10-03T19:01:58.485548+00:00
processed/extracted_items/ntpc_text/29135_NIT_Download.txt,source_c1a33977175a4862937665ce,7dc7f902d9fc38103ee88d49feb627c51651bb187d68e135b2f0f7bb5e6633e8,legacy-derived artifact; exact inputs/version not recorded,unknown,unresolved_legacy_lineage,2026-10-03T19:01:58.485548+00:00
processed/extracted_items/ntpc_text/29136_NIT_Download.txt,source_c1a33977175a4862937665ce,afd10ff71b347764311eff4d6cbc6d0782f7089284416d3bd19e405448e26e5d,legacy-derived artifact; exact inputs/version not recorded,unknown,unresolved_legacy_lineage,2026-10-03T19:01:58.485548+00:00
processed/extracted_items/ntpc_text/29137_NIT_Download.txt,source_c1a33977175a4862937665ce,f3b858ff79066160b1b584355207e49c6d18698dae8916c6f43a97c023ca237d,legacy-derived artifact; exact inputs/version not recorded,unknown,unresolved_legacy_lineage,2026-10-03T19:01:58.485548+00:00
processed/extracted_items/ntpc_text/29138_NIT_Download.txt,source_c1a33977175a4862937665ce,83b4fc84e8ac854c95e7f26fa3cedab49a3336bd250414e19b8b06b18126c3af,legacy-derived artifact; exact inputs/version not recorded,unknown,unresolved_legacy_lineage,2026-10-03T19:01:58.485548+00:00
processed/extracted_items/ntpc_text/29139_NIT_Download.txt,source_c1a33977175a4862937665ce,2107676129be8a356379e159bb68f68be808d2d11856e3f01de660f6b81a583a,legacy-derived artifact; exact inputs/version not recorded,unknown,unresolved_legacy_lineage,2026-10-03T19:01:58.485548+00:00
processed/extracted_items/ntpc_text/29140_NIT_Download.txt,source_c1a33977175a4862937665ce,382862e19521594acae23c635dac4596afda437c3e06f2d1b8ada988ab6e9531,legacy-derived artifact; exact inputs/version not recorded,unknown,unresolved_legacy_lineage,2026-10-03T19:01:58.485548+00:00
processed/extracted_items/ntpc_text/29141_cor_29141_3_1.txt,source_c1a33977175a4862937665ce,ccceac87b366295a819cbb7fc765bb1ef90158283d0b6fa48e10a68a166395c0,legacy-derived artifact; exact inputs/version not recorded,unknown,unresolved_legacy_lineage,2026-10-03T19:01:58.485548+00:00
processed/extracted_items/ntpc_text/29141_NIT_Download.txt,source_c1a33977175a4862937665ce,5372033aff850e57fa7edfa3a8f235770be0c0725a8bf473aaf7157ab0203c92,legacy-derived artifact; exact inputs/version not recorded,unknown,unresolved_legacy_lineage,2026-10-03T19:01:58.485548+00:00
processed/extracted_items/ntpc_text/29142_cor_29142_1_1.txt,source_c1a33977175a4862937665ce,e3b0c44298fc1c149afbf4c8996fb92427ae41e4649b934ca495991b7852b855,legacy-derived artifact; exact inputs/version not recorded,unknown,unresolved_legacy_lineage,2026-10-03T19:01:58.485548+00:00
processed/extracted_items/ntpc_text/29142_NIT_Download.txt,source_c1a33977175a4862937665ce,4f3c34fa68ac8a3bed6f272b9de403a309579fc99497b9692675911dd2adb285,legacy-derived artifact; exact inputs/version not recorded,unknown,unresolved_legacy_lineage,2026-10-03T19:01:58.485548+00:00
processed/extracted_items/ntpc_text/29143_NIT_Download.txt,source_c1a33977175a4862937665ce,7d5ee13de644681622049e96189a4be72e07a35ba0401abb9b90410b1fbb76ca,legacy-derived artifact; exact inputs/version not recorded,unknown,unresolved_legacy_lineage,2026-10-03T19:01:58.485548+00:00
processed/extracted_items/ntpc_text/29144_NIT_Download.txt,source_c1a33977175a4862937665ce,0e9a205643466cde632469cf42c8353f7e09fcc5ce2ed25b1dbcfa6e1a7d68a0,legacy-derived artifact; exact inputs/version not recorded,unknown,unresolved_legacy_lineage,2026-10-03T19:01:58.485548+00:00
processed/extracted_items/ntpc_text/29145_NIT_Download.txt,source_c1a33977175a4862937665ce,34a0624b57dca476da00a147baa538ea4a8febb8e993e567b174f47ebc2669ee,legacy-derived artifact; exact inputs/version not recorded,unknown,unresolved_legacy_lineage,2026-10-03T19:01:58.485548+00:00
processed/extracted_items/ntpc_text/29147_NIT_Download.txt,source_c1a33977175a4862937665ce,69e821ff73f2a1d5167acae57ccb20696aea4610b4d71946f6d60cb538c82cf0,legacy-derived artifact; exact inputs/version not recorded,unknown,unresolved_legacy_lineage,2026-10-03T19:01:58.485548+00:00
processed/extracted_items/ntpc_text/29148_NIT_Download.txt,source_c1a33977175a4862937665ce,2aac25e92fae61fa16e65ae6a5b7c890815565e30071eb36dfe389a8dd31491d,legacy-derived artifact; exact inputs/version not recorded,unknown,unresolved_legacy_lineage,2026-10-03T19:01:58.485548+00:00
processed/extracted_items/ntpc_text/29149_NIT_Download.txt,source_c1a33977175a4862937665ce,76ec84ad1bbcd9c5e6684f03f81fd641813f5a16806103c48c73969cfae4274f,legacy-derived artifact; exact inputs/version not recorded,unknown,unresolved_legacy_lineage,2026-10-03T19:01:58.485548+00:00
processed/extracted_items/ntpc_text/29150_NIT_Download.txt,source_c1a33977175a4862937665ce,d960d305ea033c18dce51bbfbfa2365fad6f3f6effc2ce6267b27985dc34ede0,legacy-derived artifact; exact inputs/version not recorded,unknown,unresolved_legacy_lineage,2026-10-03T19:01:58.485548+00:00
processed/extracted_items/ntpc_text/29151_NIT_Download.txt,source_c1a33977175a4862937665ce,75a11da44c802486bc6f65640aa48a730f0f684c5c07a42ba3cd1735eb3fb070,legacy-derived artifact; exact inputs/version not recorded,unknown,unresolved_legacy_lineage,2026-10-03T19:01:58.485548+00:00
processed/extracted_items/ntpc_text/29152_NIT_Download.txt,source_c1a33977175a4862937665ce,d4d2c7b1726d0e359a0b4389bea9a6d3cd736a2cedcb1514b7be7cbff694823e,legacy-derived artifact; exact inputs/version not recorded,unknown,unresolved_legacy_lineage,2026-10-03T19:01:58.485548+00:00
processed/extracted_items/ntpc_text/29153_NIT_Download.txt,source_c1a33977175a4862937665ce,93c86872dc2a7b4a23d22806707a3736b618b5bcf3babfd3a3e3567620300b2e,legacy-derived artifact; exact inputs/version not recorded,unknown,unresolved_legacy_lineage,2026-10-03T19:01:58.485548+00:00
processed/extracted_items/ntpc_text/29154_NIT_Download.txt,source_c1a33977175a4862937665ce,603c95209f67e547e595e1368c6aadcd11a98a3ec6276f4efe02c78909971a55,legacy-derived artifact; exact inputs/version not recorded,unknown,unresolved_legacy_lineage,2026-10-03T19:01:58.485548+00:00
processed/extracted_items/ntpc_text/29155_NIT_Download.txt,source_c1a33977175a4862937665ce,4f0e9480f6f91d2efeda16f39040f33893c275ea53b35909ee28140046e8cc58,legacy-derived artifact; exact inputs/version not recorded,unknown,unresolved_legacy_lineage,2026-10-03T19:01:58.485548+00:00
processed/extracted_items/ntpc_text/29156_NIT_Download.txt,source_c1a33977175a4862937665ce,61e3a6906bfd0ea300c6b6cfb1a46976644ffe4285d9987c6c4cfaccc92763da,legacy-derived artifact; exact inputs/version not recorded,unknown,unresolved_legacy_lineage,2026-10-03T19:01:58.485548+00:00
processed/extracted_items/ntpc_text/29157_NIT_Download.txt,source_c1a33977175a4862937665ce,38b6320188041886990183957613ee57424012eb6ab46b7c1b1ca848b1ce84c3,legacy-derived artifact; exact inputs/version not recorded,unknown,unresolved_legacy_lineage,2026-10-03T19:01:58.485548+00:00
processed/extracted_items/ntpc_text/29158_NIT_Download.txt,source_c1a33977175a4862937665ce,1902a12076be67889389397702370c88ba08252779e613588bfae957fac55c6e,legacy-derived artifact; exact inputs/version not recorded,unknown,unresolved_legacy_lineage,2026-10-03T19:01:58.485548+00:00
processed/extracted_items/ntpc_text/29159_NIT_Download.txt,source_c1a33977175a4862937665ce,e458eb76d212224fab921ea6e3cb72ef15eea4ebeca50173837ea9e8447e90d0,legacy-derived artifact; exact inputs/version not recorded,unknown,unresolved_legacy_lineage,2026-10-03T19:01:58.485548+00:00
processed/extracted_items/ntpc_text/29160_NIT_Download.txt,source_c1a33977175a4862937665ce,98dae804f57f3dbed853ad7ac74f778c4e61404897eaa80904169a638dee5757,legacy-derived artifact; exact inputs/version not recorded,unknown,unresolved_legacy_lineage,2026-10-03T19:01:58.485548+00:00
processed/extracted_items/ntpc_text/29161_NIT_Download.txt,source_c1a33977175a4862937665ce,ff98fcddc02c54110c0c9990d118f2fdf24696e3bb8fe8b7e163070b903d049f,legacy-derived artifact; exact inputs/version not recorded,unknown,unresolved_legacy_lineage,2026-10-03T19:01:58.485548+00:00
processed/extracted_items/ntpc_text/29162_NIT_Download.txt,source_c1a33977175a4862937665ce,e818163de76af6396be1928e9c0d7fcdb9d6c1f42f41f9a352e396f1d7bbda4c,legacy-derived artifact; exact inputs/version not recorded,unknown,unresolved_legacy_lineage,2026-10-03T19:01:58.485548+00:00
processed/extracted_items/ntpc_text/29163_NIT_Download.txt,source_c1a33977175a4862937665ce,1b1aea5533acb1f98395e0a9e33747ff02048f75cbdba8702d16a77cb0d3e3b1,legacy-derived artifact; exact inputs/version not recorded,unknown,unresolved_legacy_lineage,2026-10-03T19:01:58.485548+00:00
processed/extracted_items/ntpc_text/29164_NIT_Download.txt,source_c1a33977175a4862937665ce,d821d1f490ace0b124cafe8c56b7879d697bfbfcc7d984be1d9492b90f3e6a6b,legacy-derived artifact; exact inputs/version not recorded,unknown,unresolved_legacy_lineage,2026-10-03T19:01:58.485548+00:00
processed/extracted_items/ntpc_text/29165_NIT_Download.txt,source_c1a33977175a4862937665ce,49183f0f9f72121f9093569c1135303086fd5a506975ceb21f88c5b2ca0bb100,legacy-derived artifact; exact inputs/version not recorded,unknown,unresolved_legacy_lineage,2026-10-03T19:01:58.485548+00:00
processed/extracted_items/ntpc_text/29166_NIT_Download.txt,source_c1a33977175a4862937665ce,d9533f016402dfd88ac25874386d0a2176b8c038f86b53040c26d1c8ec048570,legacy-derived artifact; exact inputs/version not recorded,unknown,unresolved_legacy_lineage,2026-10-03T19:01:58.485548+00:00
processed/extracted_items/ntpc_text/29167_NIT_Download.txt,source_c1a33977175a4862937665ce,837ed24d73c93c7d17d60069ffef97f130077fbdeef1fabaf76318e57d068a6f,legacy-derived artifact; exact inputs/version not recorded,unknown,unresolved_legacy_lineage,2026-10-03T19:01:58.485548+00:00
processed/extracted_items/ntpc_text/29168_NIT_Download.txt,source_c1a33977175a4862937665ce,dc1eaafb32b73569d42fce8da32778ee0aab5f11ddf9d57f4d3f67d0a3b1a896,legacy-derived artifact; exact inputs/version not recorded,unknown,unresolved_legacy_lineage,2026-10-03T19:01:58.485548+00:00
processed/extracted_items/ntpc_text/29169_NIT_Download.txt,source_c1a33977175a4862937665ce,c21769d6896c7128b82b5091837c8bd0ba4dacb7603880b844f858ff38371398,legacy-derived artifact; exact inputs/version not recorded,unknown,unresolved_legacy_lineage,2026-10-03T19:01:58.485548+00:00
processed/extracted_items/ntpc_text/29170_cor_29170_1_1.txt,source_c1a33977175a4862937665ce,48f63ce358e21f19b06f8a11ac8b1601a4c100c5d863f3f22737daa92ebb88f4,legacy-derived artifact; exact inputs/version not recorded,unknown,unresolved_legacy_lineage,2026-10-03T19:01:58.485548+00:00
processed/extracted_items/ntpc_text/29170_NIT_Download.txt,source_c1a33977175a4862937665ce,da1490164f6a0163d4f302220472622193df7d43ebebdd7c553c88575b643de8,legacy-derived artifact; exact inputs/version not recorded,unknown,unresolved_legacy_lineage,2026-10-03T19:01:58.485548+00:00
processed/extracted_items/ntpc_text/29171_cor_29171_2_1.txt,source_c1a33977175a4862937665ce,9579f4bfea1b0f646380ca6882f4be5091001b8392968b2edb3b99adcaa1331b,legacy-derived artifact; exact inputs/version not recorded,unknown,unresolved_legacy_lineage,2026-10-03T19:01:58.485548+00:00
processed/extracted_items/ntpc_text/29171_NIT_Download.txt,source_c1a33977175a4862937665ce,33a26782a14503b15f9789160ff26da515e6880067c1f695bca7396ea1a60392,legacy-derived artifact; exact inputs/version not recorded,unknown,unresolved_legacy_lineage,2026-10-03T19:01:58.485548+00:00
processed/extracted_items/ntpc_text/29172_NIT_Download.txt,source_c1a33977175a4862937665ce,022b05862969bc6645d752870280aa1a586de4d9bff34e5cb083a7aa69156817,legacy-derived artifact; exact inputs/version not recorded,unknown,unresolved_legacy_lineage,2026-10-03T19:01:58.485548+00:00
processed/extracted_items/ntpc_text/29173_NIT_Download.txt,source_c1a33977175a4862937665ce,191226f16812f4d17cf6c435a2e6978f6b357995c700d99a2b9c26f87b254810,legacy-derived artifact; exact inputs/version not recorded,unknown,unresolved_legacy_lineage,2026-10-03T19:01:58.485548+00:00
processed/extracted_items/ntpc_text/29174_NIT_Download.txt,source_c1a33977175a4862937665ce,d73fa6ccd521eded15b9352d1750117d8a1d4839ff535bc3b74d813492fe9fa3,legacy-derived artifact; exact inputs/version not recorded,unknown,unresolved_legacy_lineage,2026-10-03T19:01:58.485548+00:00
processed/extracted_items/ntpc_text/29175_NIT_Download.txt,source_c1a33977175a4862937665ce,ef8ce5bc7a86b1f7f31d2195dec074029d2b554cc589eb6b31c5ba9ab1e6e294,legacy-derived artifact; exact inputs/version not recorded,unknown,unresolved_legacy_lineage,2026-10-03T19:01:58.485548+00:00
processed/extracted_items/ntpc_text/29176_NIT_Download.txt,source_c1a33977175a4862937665ce,c2663bb31262bda104d0e48f82297cfdf62dc8ade968e1b24eef5250d14d296d,legacy-derived artifact; exact inputs/version not recorded,unknown,unresolved_legacy_lineage,2026-10-03T19:01:58.485548+00:00
processed/extracted_items/ntpc_text/29177_NIT_Download.txt,source_c1a33977175a4862937665ce,545c38b0922de19734fbffde62792c37c2aef6a3216cfa472449173165220f7d,legacy-derived artifact; exact inputs/version not recorded,unknown,unresolved_legacy_lineage,2026-10-03T19:01:58.485548+00:00
processed/extracted_items/ntpc_text/29178_NIT_Download.txt,source_c1a33977175a4862937665ce,a2ca1cdca255ed07c3e5900efa5967185778c31fa68c6210369425c0ffd0b963,legacy-derived artifact; exact inputs/version not recorded,unknown,unresolved_legacy_lineage,2026-10-03T19:01:58.485548+00:00
processed/extracted_items/ntpc_text/29179_NIT_Download.txt,source_c1a33977175a4862937665ce,818bc187e00250bc0900df8bdeaeb33c9d5f531797150a1a15175bc853a97a75,legacy-derived artifact; exact inputs/version not recorded,unknown,unresolved_legacy_lineage,2026-10-03T19:01:58.485548+00:00
processed/extracted_items/ntpc_text/29180_NIT_Download.txt,source_c1a33977175a4862937665ce,c36ce701abac64aecdf94ce4b643dbf7c1b5768eb9fa0375da337827ef33ef5a,legacy-derived artifact; exact inputs/version not recorded,unknown,unresolved_legacy_lineage,2026-10-03T19:01:58.485548+00:00
processed/extracted_items/ntpc_text/29181_NIT_Download.txt,source_c1a33977175a4862937665ce,adb757fb046707bc9e2ed205bbadf7935f80fd184bdd0feeeebb2740d1d7153c,legacy-derived artifact; exact inputs/version not recorded,unknown,unresolved_legacy_lineage,2026-10-03T19:01:58.485548+00:00
processed/extracted_items/ntpc_text/29182_NIT_Download.txt,source_c1a33977175a4862937665ce,78be32af7359c0496f22fdbebb351169c898987991c346651da930dfc1ccba5a,legacy-derived artifact; exact inputs/version not recorded,unknown,unresolved_legacy_lineage,2026-10-03T19:01:58.485548+00:00
processed/extracted_items/ntpc_text/29183_NIT_Download.txt,source_c1a33977175a4862937665ce,6bdcca583a8c26d40bdd2844c9e3bebf58637526ae712e004fe6ced0a22df14b,legacy-derived artifact; exact inputs/version not recorded,unknown,unresolved_legacy_lineage,2026-10-03T19:01:58.485548+00:00
processed/extracted_items/ntpc_text/29184_NIT_Download.txt,source_c1a33977175a4862937665ce,f07842691e6b7369bf7d18d20bf3a06a356724a9879ced2c3dd9c4fc57ecaaf5,legacy-derived artifact; exact inputs/version not recorded,unknown,unresolved_legacy_lineage,2026-10-03T19:01:58.485548+00:00
processed/extracted_items/ntpc_text/29185_NIT_Download.txt,source_c1a33977175a4862937665ce,2634db93f307ee3a5d245be61e337bffb88190bbfeab3c5349b8f65ebec53be6,legacy-derived artifact; exact inputs/version not recorded,unknown,unresolved_legacy_lineage,2026-10-03T19:01:58.485548+00:00
processed/extracted_items/ntpc_text/29186_NIT_Download.txt,source_c1a33977175a4862937665ce,d1cd4b9100609f40a941e5840b3e352ae6370d4ea09e37f94b226915e13b76a3,legacy-derived artifact; exact inputs/version not recorded,unknown,unresolved_legacy_lineage,2026-10-03T19:01:58.485548+00:00
processed/extracted_items/ntpc_text/29187_NIT_Download.txt,source_c1a33977175a4862937665ce,f4f38cf28011b4add6511988d82f85f4229a0e767b168911fde572351cb36544,legacy-derived artifact; exact inputs/version not recorded,unknown,unresolved_legacy_lineage,2026-10-03T19:01:58.485548+00:00
processed/extracted_items/ntpc_text/29188_NIT_Download.txt,source_c1a33977175a4862937665ce,ea1a26e7311701181f7168b9aa3d1db945300c8ca85f283a00fea39c73b7decd,legacy-derived artifact; exact inputs/version not recorded,unknown,unresolved_legacy_lineage,2026-10-03T19:01:58.485548+00:00
processed/extracted_items/ntpc_text/29189_NIT_Download.txt,source_c1a33977175a4862937665ce,37a751eb9c0e45553e741e57d99a9ff3af7036d07fb9e518f1f731b92756e506,legacy-derived artifact; exact inputs/version not recorded,unknown,unresolved_legacy_lineage,2026-10-03T19:01:58.485548+00:00
processed/extracted_items/ntpc_text/29190_NIT_Download.txt,source_c1a33977175a4862937665ce,eefbce245a8ccc16c69df701183ea0a5da2af19efc5fd7e3e395c2b5e7ac4f27,legacy-derived artifact; exact inputs/version not recorded,unknown,unresolved_legacy_lineage,2026-10-03T19:01:58.485548+00:00
processed/extracted_items/ntpc_text/29191_NIT_Download.txt,source_c1a33977175a4862937665ce,d088784b7ecb87f1ea17e6f982fa968ffefcc07b79de6ecc548fc00242868da6,legacy-derived artifact; exact inputs/version not recorded,unknown,unresolved_legacy_lineage,2026-10-03T19:01:58.485548+00:00
processed/extracted_items/ntpc_text/29192_NIT_Download.txt,source_c1a33977175a4862937665ce,f5c3810c49c2c29884cb20dc362dd30c076671e92491cf5f1edf86a5e76dbf7e,legacy-derived artifact; exact inputs/version not recorded,unknown,unresolved_legacy_lineage,2026-10-03T19:01:58.485548+00:00
processed/extracted_items/ntpc_text/29193_NIT_Download.txt,source_c1a33977175a4862937665ce,37b6ac629084c2954d4df830ed2136747058b9e88b0b5ad7cb782c636b2b4e8d,legacy-derived artifact; exact inputs/version not recorded,unknown,unresolved_legacy_lineage,2026-10-03T19:01:58.485548+00:00
processed/extracted_items/ntpc_text/29194_NIT_Download.txt,source_c1a33977175a4862937665ce,23eb2cc5324d2f23bd1269b1f5f6a1d22e76996de140d0cf2f40e56c34e91aa9,legacy-derived artifact; exact inputs/version not recorded,unknown,unresolved_legacy_lineage,2026-10-03T19:01:58.485548+00:00
processed/extracted_items/ntpc_text/29195_NIT_Download.txt,source_c1a33977175a4862937665ce,88e5c7bbd6f32dfa8b1a7706d97ba0934ea8a1872007206890439a59f034c3b3,legacy-derived artifact; exact inputs/version not recorded,unknown,unresolved_legacy_lineage,2026-10-03T19:01:58.485548+00:00
processed/extracted_items/ntpc_text/29196_NIT_Download.txt,source_c1a33977175a4862937665ce,0d6feda0b514ea09ac5bd11da8023fa1ec8b3518a0e6e0b485fd6fa5017cbfaf,legacy-derived artifact; exact inputs/version not recorded,unknown,unresolved_legacy_lineage,2026-10-03T19:01:58.485548+00:00
processed/extracted_items/ntpc_text/29197_NIT_Download.txt,source_c1a33977175a4862937665ce,2d885addf3c7eaa7c61b05e2884953ed982a92b3e996df6e32a41724da1e8725,legacy-derived artifact; exact inputs/version not recorded,unknown,unresolved_legacy_lineage,2026-10-03T19:01:58.485548+00:00
processed/extracted_items/ntpc_text/29198_NIT_Download.txt,source_c1a33977175a4862937665ce,60fea9e8e23bf2baf0d23c548be5f53901dbc8019528b7bc5a62ee69f0071c8a,legacy-derived artifact; exact inputs/version not recorded,unknown,unresolved_legacy_lineage,2026-10-03T19:01:58.485548+00:00
processed/extracted_items/ntpc_text/29199_NIT_Download.txt,source_c1a33977175a4862937665ce,b52d94d8e9cb9f0639a9530441dfd470f64889be2faf6146e20499ca63bfb1e4,legacy-derived artifact; exact inputs/version not recorded,unknown,unresolved_legacy_lineage,2026-10-03T19:01:58.485548+00:00
processed/extracted_items/ntpc_text/29200_NIT_Download.txt,source_c1a33977175a4862937665ce,71a1f1908b514133cc8fd92c6789d6536ef4d17c68c636e074fa43db84666062,legacy-derived artifact; exact inputs/version not recorded,unknown,unresolved_legacy_lineage,2026-10-03T19:01:58.485548+00:00
processed/extracted_items/ntpc_text/29201_NIT_Download.txt,source_c1a33977175a4862937665ce,6e9c83a09ca9afba5daa88672cd36d8f338d2895bcb4c928b148a1512dd9318a,legacy-derived artifact; exact inputs/version not recorded,unknown,unresolved_legacy_lineage,2026-10-03T19:01:58.485548+00:00
processed/extracted_items/ntpc_text/29202_NIT_Download.txt,source_c1a33977175a4862937665ce,12476bff98413603b8378997835ff5e9144ee225a8c1c9667e24e4cbb4331884,legacy-derived artifact; exact inputs/version not recorded,unknown,unresolved_legacy_lineage,2026-10-03T19:01:58.485548+00:00
processed/extracted_items/ntpc_text/29203_NIT_Download.txt,source_c1a33977175a4862937665ce,75a11da44c802486bc6f65640aa48a730f0f684c5c07a42ba3cd1735eb3fb070,legacy-derived artifact; exact inputs/version not recorded,unknown,unresolved_legacy_lineage,2026-10-03T19:01:58.485548+00:00
processed/extracted_items/ntpc_text/29205_NIT_Download.txt,source_c1a33977175a4862937665ce,c9478fa055b003e033c5b424789cd873a375c147d1d5e489d0f6d7162cae22d0,legacy-derived artifact; exact inputs/version not recorded,unknown,unresolved_legacy_lineage,2026-10-03T19:01:58.485548+00:00
processed/extracted_items/ntpc_text/29206_NIT_Download.txt,source_c1a33977175a4862937665ce,893a93cdc115e995ebf6cce4587e649391b0ec7109c41ffd379e8a56895a7329,legacy-derived artifact; exact inputs/version not recorded,unknown,unresolved_legacy_lineage,2026-10-03T19:01:58.485548+00:00
processed/extracted_items/ntpc_text/29207_NIT_Download.txt,source_c1a33977175a4862937665ce,75a11da44c802486bc6f65640aa48a730f0f684c5c07a42ba3cd1735eb3fb070,legacy-derived artifact; exact inputs/version not recorded,unknown,unresolved_legacy_lineage,2026-10-03T19:01:58.485548+00:00
processed/extracted_items/ntpc_text/29208_NIT_Download.txt,source_c1a33977175a4862937665ce,6096c5c48960ed56ee234b0b66cf1e7b63f4e45636e04ea23b805cb1148aaf22,legacy-derived artifact; exact inputs/version not recorded,unknown,unresolved_legacy_lineage,2026-10-03T19:01:58.485548+00:00
processed/extracted_items/ntpc_text/29209_cor_29209_3_1.txt,source_c1a33977175a4862937665ce,0bd3f392703074ab1b386f14d63e02aa5f29e05d768dc414e072c971e9e40e31,legacy-derived artifact; exact inputs/version not recorded,unknown,unresolved_legacy_lineage,2026-10-03T19:01:58.485548+00:00
processed/extracted_items/ntpc_text/29209_NIT_Download.txt,source_c1a33977175a4862937665ce,46970aff8595324fa60ae782c82eb22bbfe52b4f46f2f540b84279eff090992e,legacy-derived artifact; exact inputs/version not recorded,unknown,unresolved_legacy_lineage,2026-10-03T19:01:58.485548+00:00
processed/extracted_items/ntpc_text/29210_NIT_Download.txt,source_c1a33977175a4862937665ce,98fe21b6c2613fe89a538d019a8e7f111cb5a7aca89e42835239ac6481ed3e56,legacy-derived artifact; exact inputs/version not recorded,unknown,unresolved_legacy_lineage,2026-10-03T19:01:58.485548+00:00
processed/extracted_items/ntpc_text/29211_NIT_Download.txt,source_c1a33977175a4862937665ce,c4bfecfe0b38b6cbd1b3662492fd66d7f27536dfde2efad9db5e8a36aab2c001,legacy-derived artifact; exact inputs/version not recorded,unknown,unresolved_legacy_lineage,2026-10-03T19:01:58.485548+00:00
processed/extracted_items/ntpc_text/29212_NIT_Download.txt,source_c1a33977175a4862937665ce,fa0b9484adc29e77e9c4d8ef89456ec01470ed4946a74c4d14706d16c5674c9f,legacy-derived artifact; exact inputs/version not recorded,unknown,unresolved_legacy_lineage,2026-10-03T19:01:58.485548+00:00
processed/extracted_items/ntpc_text/29213_NIT_Download.txt,source_c1a33977175a4862937665ce,23026431054da01677a87ac0d30ca28dbfabf61a42622d203cbc5280d93c0527,legacy-derived artifact; exact inputs/version not recorded,unknown,unresolved_legacy_lineage,2026-10-03T19:01:58.485548+00:00
processed/extracted_items/ntpc_text/29214_NIT_Download.txt,source_c1a33977175a4862937665ce,eb03cb4d578ab77c9cc80f315474b7852347796da80555db3cac1c1b6ba25d68,legacy-derived artifact; exact inputs/version not recorded,unknown,unresolved_legacy_lineage,2026-10-03T19:01:58.485548+00:00
processed/extracted_items/ntpc_text/29215_NIT_Download.txt,source_c1a33977175a4862937665ce,75a11da44c802486bc6f65640aa48a730f0f684c5c07a42ba3cd1735eb3fb070,legacy-derived artifact; exact inputs/version not recorded,unknown,unresolved_legacy_lineage,2026-10-03T19:01:58.485548+00:00
processed/extracted_items/ntpc_text/29216_cor_29216_1_1.txt,source_c1a33977175a4862937665ce,12f234e349e907e9372a29232ff0cb0b33b737e8fe0ba2c022e20c605b53d63c,legacy-derived artifact; exact inputs/version not recorded,unknown,unresolved_legacy_lineage,2026-10-03T19:01:58.485548+00:00
processed/extracted_items/ntpc_text/29216_NIT_Download.txt,source_c1a33977175a4862937665ce,1db22a553c3ee8643f883e46fe53ea9b932c488b37252b33e206398bc66616dc,legacy-derived artifact; exact inputs/version not recorded,unknown,unresolved_legacy_lineage,2026-10-03T19:01:58.485548+00:00
processed/extracted_items/ntpc_text/29217_NIT_Download.txt,source_c1a33977175a4862937665ce,275c26684bf516f46720002ab4cd23239e041a661759ebb46138df9693ee12e8,legacy-derived artifact; exact inputs/version not recorded,unknown,unresolved_legacy_lineage,2026-10-03T19:01:58.485548+00:00
processed/extracted_items/ntpc_text/29218_NIT_Download.txt,source_c1a33977175a4862937665ce,98378c321646bb6d56dafccedb29e5eb1633bf3d8508902c90d3b5e173e247f8,legacy-derived artifact; exact inputs/version not recorded,unknown,unresolved_legacy_lineage,2026-10-03T19:01:58.485548+00:00
processed/extracted_items/ntpc_text/29219_NIT_Download.txt,source_c1a33977175a4862937665ce,4101194ea791fae8970fd922bc94693697ac6c5907318fa86b4ff2a84ad3fdb0,legacy-derived artifact; exact inputs/version not recorded,unknown,unresolved_legacy_lineage,2026-10-03T19:01:58.485548+00:00
processed/extracted_items/ntpc_text/29220_cor_29220_1_1.txt,source_c1a33977175a4862937665ce,4d6069cc54ff0f29960fe5f0cb8e38d7edd6c1ae03272a3be6db015dff108db1,legacy-derived artifact; exact inputs/version not recorded,unknown,unresolved_legacy_lineage,2026-10-03T19:01:58.485548+00:00
processed/extracted_items/ntpc_text/29220_NIT_Download.txt,source_c1a33977175a4862937665ce,4d6069cc54ff0f29960fe5f0cb8e38d7edd6c1ae03272a3be6db015dff108db1,legacy-derived artifact; exact inputs/version not recorded,unknown,unresolved_legacy_lineage,2026-10-03T19:01:58.485548+00:00
processed/extracted_items/ntpc_text/29221_NIT_Download.txt,source_c1a33977175a4862937665ce,baabb9859e233f8a86ceb55ac000e92cda052d2890240bc0c67fa0a56a00d54b,legacy-derived artifact; exact inputs/version not recorded,unknown,unresolved_legacy_lineage,2026-10-03T19:01:58.485548+00:00
processed/extracted_items/ntpc_text/29222_NIT_Download.txt,source_c1a33977175a4862937665ce,0683ca05d36a1ef1dd6c456bd6126c8d28ee7a3da41dbfecb802d32d812ab3f1,legacy-derived artifact; exact inputs/version not recorded,unknown,unresolved_legacy_lineage,2026-10-03T19:01:58.485548+00:00
processed/extracted_items/ntpc_text/29223_NIT_Download.txt,source_c1a33977175a4862937665ce,6a3cf5192354f71615ac51034b3e97c20eda99643fcaf5bbe6d41ad59bd12167,legacy-derived artifact; exact inputs/version not recorded,unknown,unresolved_legacy_lineage,2026-10-03T19:01:58.485548+00:00
processed/extracted_items/ntpc_text/29224_cor_29224_5_1.txt,source_c1a33977175a4862937665ce,f97a6e6b21be2e3194b97de4334d076529a2bba2b89a53d00de8080dfe39cf25,legacy-derived artifact; exact inputs/version not recorded,unknown,unresolved_legacy_lineage,2026-10-03T19:01:58.485548+00:00
processed/extracted_items/ntpc_text/29224_NIT_Download.txt,source_c1a33977175a4862937665ce,1070c8a673de2c3c20211e75ec293d1ef986be5ffb429bb43bcbfee7c8f4d3d0,legacy-derived artifact; exact inputs/version not recorded,unknown,unresolved_legacy_lineage,2026-10-03T19:01:58.485548+00:00
processed/extracted_items/ntpc_text/29225_NIT_Download.txt,source_c1a33977175a4862937665ce,bcb151339974a2d89d9b15ee3a4622f15ef0d2e187558fca7bbd53101df90e76,legacy-derived artifact; exact inputs/version not recorded,unknown,unresolved_legacy_lineage,2026-10-03T19:01:58.485548+00:00
processed/extracted_items/ntpc_text/29226_NIT_Download.txt,source_c1a33977175a4862937665ce,b1ca3e9df81c5b78bf0ba667f3469f69eb0491a2da49a6fea0221ef03926b89e,legacy-derived artifact; exact inputs/version not recorded,unknown,unresolved_legacy_lineage,2026-10-03T19:01:58.485548+00:00
processed/extracted_items/ntpc_text/29227_NIT_Download.txt,source_c1a33977175a4862937665ce,f859fab4c0ff5cf4edf93fbbabc305aa758ebd61b24035264d11745e8895269b,legacy-derived artifact; exact inputs/version not recorded,unknown,unresolved_legacy_lineage,2026-10-03T19:01:58.485548+00:00
processed/extracted_items/ntpc_text/29228_NIT_Download.txt,source_c1a33977175a4862937665ce,371e537b44b1d6b067dd5a2ed91755458167cff42130f05ce2b79fed90aa0b07,legacy-derived artifact; exact inputs/version not recorded,unknown,unresolved_legacy_lineage,2026-10-03T19:01:58.485548+00:00
processed/extracted_items/ntpc_text/29229_Click_here_to_view_Salient_Technical_Features.txt,source_c1a33977175a4862937665ce,ade69c7d8a324f0cb21f028efb4f16045bfc92ca1e5803807e6701ce4bc2481e,legacy-derived artifact; exact inputs/version not recorded,unknown,unresolved_legacy_lineage,2026-10-03T19:01:58.485548+00:00
processed/extracted_items/ntpc_text/29229_NIT_Download.txt,source_c1a33977175a4862937665ce,952e9ddb7c785fba95f22ce4c09422103265fb07f31c90cda3186e21ec948d96,legacy-derived artifact; exact inputs/version not recorded,unknown,unresolved_legacy_lineage,2026-10-03T19:01:58.485548+00:00
processed/extracted_items/ntpc_text/29230_cor_29230_2_1.txt,source_c1a33977175a4862937665ce,d4cbf4ac3b78460ce7e6c125871dece296ef7d1815c0d53dedab85996d863d5d,legacy-derived artifact; exact inputs/version not recorded,unknown,unresolved_legacy_lineage,2026-10-03T19:01:58.485548+00:00
processed/extracted_items/ntpc_text/29230_NIT_Download.txt,source_c1a33977175a4862937665ce,5f95d3482fe1ee5409de8998d0b23ba5e484da266be8e328f6a480207fbfcd82,legacy-derived artifact; exact inputs/version not recorded,unknown,unresolved_legacy_lineage,2026-10-03T19:01:58.485548+00:00
processed/extracted_items/ntpc_text/29231_cor_29231_1_1.txt,source_c1a33977175a4862937665ce,05984ca8f8afef495b9ea2c39a50b1e8773f68c9dc0aa880af156efb6b86cb2c,legacy-derived artifact; exact inputs/version not recorded,unknown,unresolved_legacy_lineage,2026-10-03T19:01:58.485548+00:00
processed/extracted_items/ntpc_text/29231_NIT_Download.txt,source_c1a33977175a4862937665ce,7ea5f0c0de19c4e2bcd85468716570016616ef92af50a4f7408d9cbc93ed6fba,legacy-derived artifact; exact inputs/version not recorded,unknown,unresolved_legacy_lineage,2026-10-03T19:01:58.485548+00:00
processed/extracted_items/ntpc_text/29232_NIT_Download.txt,source_c1a33977175a4862937665ce,75a11da44c802486bc6f65640aa48a730f0f684c5c07a42ba3cd1735eb3fb070,legacy-derived artifact; exact inputs/version not recorded,unknown,unresolved_legacy_lineage,2026-10-03T19:01:58.485548+00:00
processed/extracted_items/ntpc_text/29233_NIT_Download.txt,source_c1a33977175a4862937665ce,d4bb9c3027f229bff19f62ca8361f947b5d3ccf7cef66b4e0d6ff60ccb8610f5,legacy-derived artifact; exact inputs/version not recorded,unknown,unresolved_legacy_lineage,2026-10-03T19:01:58.485548+00:00
processed/extracted_items/ntpc_text/29234_NIT_Download.txt,source_c1a33977175a4862937665ce,1a1cdfa82769fb9a2beee7b08a7088ca05a33470dc85048485cce12a8a39774f,legacy-derived artifact; exact inputs/version not recorded,unknown,unresolved_legacy_lineage,2026-10-03T19:01:58.485548+00:00
processed/extracted_items/ntpc_text/29235_Click_here_to_view_Salient_Technical_Features.txt,source_c1a33977175a4862937665ce,f6b2d500775e92bf0dc776e8281c4849ad2fb3fd0a467335aceaced1af592e31,legacy-derived artifact; exact inputs/version not recorded,unknown,unresolved_legacy_lineage,2026-10-03T19:01:58.485548+00:00
processed/extracted_items/ntpc_text/29235_NIT_Download.txt,source_c1a33977175a4862937665ce,d0434ae2509ba8ba48b2d3274162a2d7497324f33736de5357e4ae72936a074a,legacy-derived artifact; exact inputs/version not recorded,unknown,unresolved_legacy_lineage,2026-10-03T19:01:58.485548+00:00
processed/extracted_items/ntpc_text/29236_NIT_Download.txt,source_c1a33977175a4862937665ce,b30d6719808699b7ea9f998bd54ee2448bae25d63f9bc79251f7badaee458917,legacy-derived artifact; exact inputs/version not recorded,unknown,unresolved_legacy_lineage,2026-10-03T19:01:58.485548+00:00
processed/extracted_items/ntpc_text/29237_NIT_Download.txt,source_c1a33977175a4862937665ce,a8e344c270e5d8dc01b123f7ecf0772325e629280134f976f09d87186b4714af,legacy-derived artifact; exact inputs/version not recorded,unknown,unresolved_legacy_lineage,2026-10-03T19:01:58.485548+00:00
processed/extracted_items/ntpc_text/29238_NIT_Download.txt,source_c1a33977175a4862937665ce,7047c985376c2bdb2f601b7e27ea633139e4942ff9d494b2448ff471e3a2190c,legacy-derived artifact; exact inputs/version not recorded,unknown,unresolved_legacy_lineage,2026-10-03T19:01:58.485548+00:00
processed/extracted_items/ntpc_text/29239_NIT_Download.txt,source_c1a33977175a4862937665ce,c74415c66425ae8fba03c805b7ea7ec0a27b4b28b87dc8330a0cd42c9629d817,legacy-derived artifact; exact inputs/version not recorded,unknown,unresolved_legacy_lineage,2026-10-03T19:01:58.485548+00:00
processed/extracted_items/ntpc_text/29240_NIT_Download.txt,source_c1a33977175a4862937665ce,7bfe0083f734e4064a7ecdcaa0e083b1b23893bc43ae5b621ab40412a084b3ba,legacy-derived artifact; exact inputs/version not recorded,unknown,unresolved_legacy_lineage,2026-10-03T19:01:58.485548+00:00
processed/extracted_items/ntpc_text/29241_NIT_Download.txt,source_c1a33977175a4862937665ce,54ac18d6963ca05b63cd8cf81c792bc0ad21b2e97e9a31bf8f6f4e78c253cf68,legacy-derived artifact; exact inputs/version not recorded,unknown,unresolved_legacy_lineage,2026-10-03T19:01:58.485548+00:00
processed/extracted_items/ntpc_text/29242_NIT_Download.txt,source_c1a33977175a4862937665ce,10696d9770cdc694ca6044be9c00d96aa5ef9e7e9028694c90522dcc5d7172e1,legacy-derived artifact; exact inputs/version not recorded,unknown,unresolved_legacy_lineage,2026-10-03T19:01:58.485548+00:00
processed/extracted_items/ntpc_text/29243_NIT_Download.txt,source_c1a33977175a4862937665ce,1a23ed4039a45a6cb410a0205f2a6bfd23bab82a6f5791d36c2e1754fadc2ae6,legacy-derived artifact; exact inputs/version not recorded,unknown,unresolved_legacy_lineage,2026-10-03T19:01:58.485548+00:00
processed/extracted_items/ntpc_text/29244_NIT_Download.txt,source_c1a33977175a4862937665ce,c66a7968d3abab4ca1a769fa61de31ae63485f24105261ad32d0bd609daa7447,legacy-derived artifact; exact inputs/version not recorded,unknown,unresolved_legacy_lineage,2026-10-03T19:01:58.485548+00:00
processed/extracted_items/ntpc_text/29245_NIT_Download.txt,source_c1a33977175a4862937665ce,2cd771b5a4ee247eb88a0e37b16a92a8966d92e0bce2c1a4b9a08b166853ac9f,legacy-derived artifact; exact inputs/version not recorded,unknown,unresolved_legacy_lineage,2026-10-03T19:01:58.485548+00:00
processed/extracted_items/ntpc_text/29246_NIT_Download.txt,source_c1a33977175a4862937665ce,867337ba65524802e9e79d73481b8c0d3b676062bddc3b5a121363361c23e365,legacy-derived artifact; exact inputs/version not recorded,unknown,unresolved_legacy_lineage,2026-10-03T19:01:58.485548+00:00
processed/extracted_items/ntpc_text/29247_NIT_Download.txt,source_c1a33977175a4862937665ce,dd317460f7493d8ceee2c5177a9ab319fe52a5289c518bd3fa35ee7f4b049cc7,legacy-derived artifact; exact inputs/version not recorded,unknown,unresolved_legacy_lineage,2026-10-03T19:01:58.485548+00:00
processed/extracted_items/ntpc_text/29248_NIT_Download.txt,source_c1a33977175a4862937665ce,05ed692cd937d7286eb3b895eb5b5501a8c6f9d5fe63208ef3aead790c54cea4,legacy-derived artifact; exact inputs/version not recorded,unknown,unresolved_legacy_lineage,2026-10-03T19:01:58.485548+00:00
processed/extracted_items/ntpc_text/29249_NIT_Download.txt,source_c1a33977175a4862937665ce,f194980168dd0a3d43407b4bde28695d28617f895216dbf6a08e2331846ece8b,legacy-derived artifact; exact inputs/version not recorded,unknown,unresolved_legacy_lineage,2026-10-03T19:01:58.485548+00:00
processed/extracted_items/ntpc_text/29250_cor_29250_2_1.txt,source_c1a33977175a4862937665ce,23b2e87e7143f23dd5295e45a2504fc9c2a602cf92fb32ca2c3bdd62c1566b82,legacy-derived artifact; exact inputs/version not recorded,unknown,unresolved_legacy_lineage,2026-10-03T19:01:58.485548+00:00
processed/extracted_items/ntpc_text/29250_NIT_Download.txt,source_c1a33977175a4862937665ce,4e5a4287b14f9965e3d48b3e4a636f149e04c229aafea56af3c020fbaddb386f,legacy-derived artifact; exact inputs/version not recorded,unknown,unresolved_legacy_lineage,2026-10-03T19:01:58.485548+00:00
processed/extracted_items/ntpc_text/29251_NIT_Download.txt,source_c1a33977175a4862937665ce,cdd94b18a97d37a7c27d2b888b8ed277338cbb85c12d265f4a6394115ee3b699,legacy-derived artifact; exact inputs/version not recorded,unknown,unresolved_legacy_lineage,2026-10-03T19:01:58.485548+00:00
processed/extracted_items/ntpc_text/29252_cor_29252_2_1.txt,source_c1a33977175a4862937665ce,71d4926617d0cac8a42af4aa5232299a1cd456c41ba365413bf35a3d5df2c7f1,legacy-derived artifact; exact inputs/version not recorded,unknown,unresolved_legacy_lineage,2026-10-03T19:01:58.485548+00:00
processed/extracted_items/ntpc_text/29252_NIT_Download.txt,source_c1a33977175a4862937665ce,29b850d63be8ceba7c7a705cc9200d308df52697e38d92843419b58e4418a866,legacy-derived artifact; exact inputs/version not recorded,unknown,unresolved_legacy_lineage,2026-10-03T19:01:58.485548+00:00
processed/extracted_items/ntpc_text/29253_NIT_Download.txt,source_c1a33977175a4862937665ce,67c275f44120d2f77b0e3e730a3ae20b57ff342a03cbee48f58bc57cf46b17d9,legacy-derived artifact; exact inputs/version not recorded,unknown,unresolved_legacy_lineage,2026-10-03T19:01:58.485548+00:00
processed/extracted_items/ntpc_text/29254_NIT_Download.txt,source_c1a33977175a4862937665ce,e2d3165523e8afe6c721a5d52441527ff83dee2a46f8908f5c121307c089b79b,legacy-derived artifact; exact inputs/version not recorded,unknown,unresolved_legacy_lineage,2026-10-03T19:01:58.485548+00:00
processed/extracted_items/ntpc_text/29255_NIT_Download.txt,source_c1a33977175a4862937665ce,fe76732d902bc4c98082549b76b07e2b725e37dc87ca457a7654e49580cf39a3,legacy-derived artifact; exact inputs/version not recorded,unknown,unresolved_legacy_lineage,2026-10-03T19:01:58.485548+00:00
processed/extracted_items/ntpc_text/29256_NIT_Download.txt,source_c1a33977175a4862937665ce,01b1aeca33d6716f9bf8682a478f5874d491551d5af7c389b0f6a0ab8d72fe66,legacy-derived artifact; exact inputs/version not recorded,unknown,unresolved_legacy_lineage,2026-10-03T19:01:58.485548+00:00
processed/extracted_items/ntpc_text/29257_NIT_Download.txt,source_c1a33977175a4862937665ce,7b72529bcfc5122125017a68edfe3ee0714b17afb5326269d341dedb08937ccc,legacy-derived artifact; exact inputs/version not recorded,unknown,unresolved_legacy_lineage,2026-10-03T19:01:58.485548+00:00
processed/extracted_items/ntpc_text/29258_NIT_Download.txt,source_c1a33977175a4862937665ce,6c565b92ab57f9ac861fef375b4dc7af16c07763646ff6c2aa255beabde942b2,legacy-derived artifact; exact inputs/version not recorded,unknown,unresolved_legacy_lineage,2026-10-03T19:01:58.485548+00:00
processed/extracted_items/ntpc_text/29260_NIT_Download.txt,source_c1a33977175a4862937665ce,a42fb26331df260b6cb5512424135b08c9f2bcc5325505c69d81da09e0b90fdf,legacy-derived artifact; exact inputs/version not recorded,unknown,unresolved_legacy_lineage,2026-10-03T19:01:58.485548+00:00
processed/extracted_items/ntpc_text/29261_NIT_Download.txt,source_c1a33977175a4862937665ce,e75a3aa143ec7dccb7ba32e765e447df174b05edc005ca4dda9bb3c394f667dd,legacy-derived artifact; exact inputs/version not recorded,unknown,unresolved_legacy_lineage,2026-10-03T19:01:58.485548+00:00
processed/extracted_items/ntpc_text/29262_NIT_Download.txt,source_c1a33977175a4862937665ce,b917ed5572f2aeaaa71aecde8e6f3eeb3e4e9ce6e53f6684857ac1476b367ac5,legacy-derived artifact; exact inputs/version not recorded,unknown,unresolved_legacy_lineage,2026-10-03T19:01:58.485548+00:00
processed/extracted_items/ntpc_text/29263_NIT_Download.txt,source_c1a33977175a4862937665ce,9c95fd402522a14d57e662550f9ff5ab7ea4aebffb91466b4ca7359ddbfc3b43,legacy-derived artifact; exact inputs/version not recorded,unknown,unresolved_legacy_lineage,2026-10-03T19:01:58.485548+00:00
processed/extracted_items/ntpc_text/29264_NIT_Download.txt,source_c1a33977175a4862937665ce,44988a95877f4edf51f6e126f339ed3a3ce1f3a1c2731ae0d8f76475d934dfa7,legacy-derived artifact; exact inputs/version not recorded,unknown,unresolved_legacy_lineage,2026-10-03T19:01:58.485548+00:00
processed/extracted_items/ntpc_text/29265_NIT_Download.txt,source_c1a33977175a4862937665ce,d4fd9b7db500d077cd92a8da4faae22fee4574f5e26b1cb2e69c1741f53a1479,legacy-derived artifact; exact inputs/version not recorded,unknown,unresolved_legacy_lineage,2026-10-03T19:01:58.485548+00:00
processed/extracted_items/ntpc_text/29266_NIT_Download.txt,source_c1a33977175a4862937665ce,32cb7475ea3e25adc4a2a291f4d6b7b52fce6f327bfeae8eb2c4cee3b499849e,legacy-derived artifact; exact inputs/version not recorded,unknown,unresolved_legacy_lineage,2026-10-03T19:01:58.485548+00:00
processed/extracted_items/ntpc_text/29267_NIT_Download.txt,source_c1a33977175a4862937665ce,1e1e4d0ce611a3a64f05e1129f35d71b99ee18e3819c7ede97b82d02b397e3a0,legacy-derived artifact; exact inputs/version not recorded,unknown,unresolved_legacy_lineage,2026-10-03T19:01:58.485548+00:00
processed/extracted_items/ntpc_text/29268_NIT_Download.txt,source_c1a33977175a4862937665ce,2c2acdb7a85baf5cbe4db071f94005cd8bfa52a0ba36db8c14f756fd1cd376f5,legacy-derived artifact; exact inputs/version not recorded,unknown,unresolved_legacy_lineage,2026-10-03T19:01:58.485548+00:00
processed/extracted_items/ntpc_text/29269_NIT_Download.txt,source_c1a33977175a4862937665ce,1a8ecc58beaebc49404a7dbebf4f5d13f2cd7266767920e7adda33409b8a3fd7,legacy-derived artifact; exact inputs/version not recorded,unknown,unresolved_legacy_lineage,2026-10-03T19:01:58.485548+00:00
processed/extracted_items/ntpc_text/29270_NIT_Download.txt,source_c1a33977175a4862937665ce,91c782b5fce2d8d8c47f622f8afb87aaa734e0503561ea03bba9054a4988c311,legacy-derived artifact; exact inputs/version not recorded,unknown,unresolved_legacy_lineage,2026-10-03T19:01:58.485548+00:00
processed/extracted_items/ntpc_text/29271_NIT_Download.txt,source_c1a33977175a4862937665ce,545c38b0922de19734fbffde62792c37c2aef6a3216cfa472449173165220f7d,legacy-derived artifact; exact inputs/version not recorded,unknown,unresolved_legacy_lineage,2026-10-03T19:01:58.485548+00:00
processed/extracted_items/ntpc_text/29272_NIT_Download.txt,source_c1a33977175a4862937665ce,2926db3b2e6037b464471944363a214b193e90c959d338e45d2e414e0ca965ec,legacy-derived artifact; exact inputs/version not recorded,unknown,unresolved_legacy_lineage,2026-10-03T19:01:58.485548+00:00
processed/extracted_items/ntpc_text/29273_NIT_Download.txt,source_c1a33977175a4862937665ce,75a11da44c802486bc6f65640aa48a730f0f684c5c07a42ba3cd1735eb3fb070,legacy-derived artifact; exact inputs/version not recorded,unknown,unresolved_legacy_lineage,2026-10-03T19:01:58.485548+00:00
processed/extracted_items/ntpc_text/29274_NIT_Download.txt,source_c1a33977175a4862937665ce,14609cd5f8adb0beae14f5f8394d15d8027f5048b7cc0d906e33e11121cff802,legacy-derived artifact; exact inputs/version not recorded,unknown,unresolved_legacy_lineage,2026-10-03T19:01:58.485548+00:00
processed/extracted_items/ntpc_text/29275_NIT_Download.txt,source_c1a33977175a4862937665ce,5c57ddbc2531d9fefcb0cd0291d1306aba59fb9c2dec42fed16cb1fbbc323f52,legacy-derived artifact; exact inputs/version not recorded,unknown,unresolved_legacy_lineage,2026-10-03T19:01:58.485548+00:00
processed/extracted_items/ntpc_text/29276_cor_29276_1_1.txt,source_c1a33977175a4862937665ce,68deea665fcbc87017b7f52c9280301e7b33f070638cf5f309ff64aa93d3f234,legacy-derived artifact; exact inputs/version not recorded,unknown,unresolved_legacy_lineage,2026-10-03T19:01:58.485548+00:00
processed/extracted_items/ntpc_text/29276_NIT_Download.txt,source_c1a33977175a4862937665ce,26efbd55eb7fdfca67de27f63091770987aabb9207e3fe2cf714c62e94a6722f,legacy-derived artifact; exact inputs/version not recorded,unknown,unresolved_legacy_lineage,2026-10-03T19:01:58.485548+00:00
processed/extracted_items/ntpc_text/29277_NIT_Download.txt,source_c1a33977175a4862937665ce,e3b0c44298fc1c149afbf4c8996fb92427ae41e4649b934ca495991b7852b855,legacy-derived artifact; exact inputs/version not recorded,unknown,unresolved_legacy_lineage,2026-10-03T19:01:58.485548+00:00
processed/extracted_items/ntpc_text/29278_Click_here_to_view_Salient_Technical_Features.txt,source_c1a33977175a4862937665ce,76bc7c85ea2f01514d0723fe038335d295b42bd621c5755c1d619a719037e3b1,legacy-derived artifact; exact inputs/version not recorded,unknown,unresolved_legacy_lineage,2026-10-03T19:01:58.485548+00:00
processed/extracted_items/ntpc_text/29278_NIT_Download.txt,source_c1a33977175a4862937665ce,d7b1a1961629ffdeff8c4ecf769f86ba185a7d8f82b251a30ffe7910f44bb2f6,legacy-derived artifact; exact inputs/version not recorded,unknown,unresolved_legacy_lineage,2026-10-03T19:01:58.485548+00:00
processed/extracted_items/ntpc_text/29279_NIT_Download.txt,source_c1a33977175a4862937665ce,718db831f22db9ea9f557bc4dd038e24efa638835d0629f5b101f302f78ce3ec,legacy-derived artifact; exact inputs/version not recorded,unknown,unresolved_legacy_lineage,2026-10-03T19:01:58.485548+00:00
processed/extracted_items/ntpc_text/29280_NIT_Download.txt,source_c1a33977175a4862937665ce,b7fedbcb313ca81244e7558a2fb861517641694a4f4a98e486db1fb6b3a5b6ce,legacy-derived artifact; exact inputs/version not recorded,unknown,unresolved_legacy_lineage,2026-10-03T19:01:58.485548+00:00
processed/extracted_items/ntpc_text/29281_NIT_Download.txt,source_c1a33977175a4862937665ce,57f29e4d568da21dccdc846e6137e1effc75499a56a8c24bedd163ece350eb96,legacy-derived artifact; exact inputs/version not recorded,unknown,unresolved_legacy_lineage,2026-10-03T19:01:58.485548+00:00
processed/extracted_items/ntpc_text/29282_NIT_Download.txt,source_c1a33977175a4862937665ce,cdde55dfeb30e609abf6b853797e475e73469326d1623771ced442b6e57e6797,legacy-derived artifact; exact inputs/version not recorded,unknown,unresolved_legacy_lineage,2026-10-03T19:01:58.485548+00:00
processed/extracted_items/ntpc_text/29283_NIT_Download.txt,source_c1a33977175a4862937665ce,ed8473f4e9fb702b12510a44ac8a031c0a8f432b3cca615c4b70dfe41071343f,legacy-derived artifact; exact inputs/version not recorded,unknown,unresolved_legacy_lineage,2026-10-03T19:01:58.485548+00:00
processed/extracted_items/ntpc_text/29284_NIT_Download.txt,source_c1a33977175a4862937665ce,adcf13eba7bd5e7e3d79b066a6851638e044c22fa3bfae6dba411be999e18efd,legacy-derived artifact; exact inputs/version not recorded,unknown,unresolved_legacy_lineage,2026-10-03T19:01:58.485548+00:00
processed/extracted_items/ntpc_text/29285_NIT_Download.txt,source_c1a33977175a4862937665ce,68ecaf7dc8daea4549480ffee774727a7ad5ec7d31a8890f75ca223c2f429b1c,legacy-derived artifact; exact inputs/version not recorded,unknown,unresolved_legacy_lineage,2026-10-03T19:01:58.485548+00:00
processed/extracted_items/ntpc_text/29286_NIT_Download.txt,source_c1a33977175a4862937665ce,af81df4049c62f5cf5cf3dd848c033d68e2c85009c8b30a914fea87bdbd36fe5,legacy-derived artifact; exact inputs/version not recorded,unknown,unresolved_legacy_lineage,2026-10-03T19:01:58.485548+00:00
processed/extracted_items/ntpc_text/29287_cor_29287_1_1.txt,source_c1a33977175a4862937665ce,d73cbf80be263e1340bdadefc55ed273051953d8b7d1c9da3650f1f75ccc056f,legacy-derived artifact; exact inputs/version not recorded,unknown,unresolved_legacy_lineage,2026-10-03T19:01:58.485548+00:00
processed/extracted_items/ntpc_text/29287_NIT_Download.txt,source_c1a33977175a4862937665ce,53a71bca9750a3ecdbaf89a190f68f525d268fd8959d51ea7205cfdc5619baf6,legacy-derived artifact; exact inputs/version not recorded,unknown,unresolved_legacy_lineage,2026-10-03T19:01:58.485548+00:00
processed/extracted_items/ntpc_text/29288_NIT_Download.txt,source_c1a33977175a4862937665ce,7d73b1b61c9a63d51121669a2dca5c48eb8ec5d0487767288c4e958ef8e93ff0,legacy-derived artifact; exact inputs/version not recorded,unknown,unresolved_legacy_lineage,2026-10-03T19:01:58.485548+00:00
processed/extracted_items/ntpc_text/29289_NIT_Download.txt,source_c1a33977175a4862937665ce,14419cc096e3f3902db2b13129a911225cd3960cc5f6c7b633d2492d55fbd769,legacy-derived artifact; exact inputs/version not recorded,unknown,unresolved_legacy_lineage,2026-10-03T19:01:58.485548+00:00
processed/extracted_items/ntpc_text/29290_NIT_Download.txt,source_c1a33977175a4862937665ce,c50de4102c547b14587b8b8ac07f65e85be47f70816e2ac7c5b7ab5343a4e94e,legacy-derived artifact; exact inputs/version not recorded,unknown,unresolved_legacy_lineage,2026-10-03T19:01:58.485548+00:00
processed/extracted_items/ntpc_text/29291_NIT_Download.txt,source_c1a33977175a4862937665ce,75c34d0e6e6fb73b2e7344c57fbe16c41968deb26fe763bb981106a09c0fb504,legacy-derived artifact; exact inputs/version not recorded,unknown,unresolved_legacy_lineage,2026-10-03T19:01:58.485548+00:00
processed/extracted_items/ntpc_text/29292_NIT_Download.txt,source_c1a33977175a4862937665ce,feb36e5fca040fa90a06218aaa2b5595cc8646ac399854714451739cf6045846,legacy-derived artifact; exact inputs/version not recorded,unknown,unresolved_legacy_lineage,2026-10-03T19:01:58.485548+00:00
processed/extracted_items/ntpc_text/29293_NIT_Download.txt,source_c1a33977175a4862937665ce,522c8e3f8173d574fa2333e6ef70909c1ebe9dcb50b72e83469d463d30c4d808,legacy-derived artifact; exact inputs/version not recorded,unknown,unresolved_legacy_lineage,2026-10-03T19:01:58.485548+00:00
processed/extracted_items/ntpc_text/29294_NIT_Download.txt,source_c1a33977175a4862937665ce,9be049240c949f641b3e3de2207b5ff28182408ac62708430f3c255f13393bfc,legacy-derived artifact; exact inputs/version not recorded,unknown,unresolved_legacy_lineage,2026-10-03T19:01:58.485548+00:00
processed/extracted_items/ntpc_text/29295_NIT_Download.txt,source_c1a33977175a4862937665ce,0c55af02e2b4ca5dfc84a290e0dcf80f9f48452dd53b441ec59a5356b686cc40,legacy-derived artifact; exact inputs/version not recorded,unknown,unresolved_legacy_lineage,2026-10-03T19:01:58.485548+00:00
processed/extracted_items/ntpc_text/29296_NIT_Download.txt,source_c1a33977175a4862937665ce,21d96d8dc14bc89f5d1b63847382435b7646c6ab5e20f776ec085862526399ab,legacy-derived artifact; exact inputs/version not recorded,unknown,unresolved_legacy_lineage,2026-10-03T19:01:58.485548+00:00
processed/extracted_items/ntpc_text/29297_NIT_Download.txt,source_c1a33977175a4862937665ce,e4083d79822e8a3439abdefedd6716d001328f1d4167cabf507e0fa352ae81c1,legacy-derived artifact; exact inputs/version not recorded,unknown,unresolved_legacy_lineage,2026-10-03T19:01:58.485548+00:00
processed/extracted_items/ntpc_text/29298_NIT_Download.txt,source_c1a33977175a4862937665ce,34e6f010f4b0285301b57d843ff1d3f083965db399cf419dec75bf4c602151d5,legacy-derived artifact; exact inputs/version not recorded,unknown,unresolved_legacy_lineage,2026-10-03T19:01:58.485548+00:00
processed/extracted_items/ntpc_text/29299_NIT_Download.txt,source_c1a33977175a4862937665ce,df9d50605ab941c0ef2eedb814bf318f93fe3b9579da627883e6eb45b56b6308,legacy-derived artifact; exact inputs/version not recorded,unknown,unresolved_legacy_lineage,2026-10-03T19:01:58.485548+00:00
processed/extracted_items/ntpc_text/29300_NIT_Download.txt,source_c1a33977175a4862937665ce,b31a332c440fe4a2d902480ce352cd03cfbaaa0cf78f6ae874025cd9d39dd2a1,legacy-derived artifact; exact inputs/version not recorded,unknown,unresolved_legacy_lineage,2026-10-03T19:01:58.485548+00:00
processed/extracted_items/ntpc_text/29301_NIT_Download.txt,source_c1a33977175a4862937665ce,716f2eff50ddbfb68e3a93db91dea60a4a54d5d769b48fded886debf87f7485a,legacy-derived artifact; exact inputs/version not recorded,unknown,unresolved_legacy_lineage,2026-10-03T19:01:58.485548+00:00
processed/extracted_items/ntpc_text/29302_NIT_Download.txt,source_c1a33977175a4862937665ce,2b39f4b2a2bdd3b2fac84ee56b8e4ee29397a0988695781c1426daea44e0252d,legacy-derived artifact; exact inputs/version not recorded,unknown,unresolved_legacy_lineage,2026-10-03T19:01:58.485548+00:00
processed/extracted_items/ntpc_text/29303_NIT_Download.txt,source_c1a33977175a4862937665ce,ce6c286fafc16948d7a12219106a05be88b394de9f8acbbf7dede2a0bff0e081,legacy-derived artifact; exact inputs/version not recorded,unknown,unresolved_legacy_lineage,2026-10-03T19:01:58.485548+00:00
processed/extracted_items/ntpc_text/29304_NIT_Download.txt,source_c1a33977175a4862937665ce,2d3e72bfa8231841faeb8d2b330b63cecc4983a7022c0bb6d5afc28118f970b2,legacy-derived artifact; exact inputs/version not recorded,unknown,unresolved_legacy_lineage,2026-10-03T19:01:58.485548+00:00
processed/extracted_items/ntpc_text/29305_NIT_Download.txt,source_c1a33977175a4862937665ce,83b7abcb13b7c7ae19632fb13dabd57e2b3ab1c6af03b3ac6971dc895639ea29,legacy-derived artifact; exact inputs/version not recorded,unknown,unresolved_legacy_lineage,2026-10-03T19:01:58.485548+00:00
processed/extracted_items/ntpc_text/29306_NIT_Download.txt,source_c1a33977175a4862937665ce,45a4f7872fb9e5bef1c77fec88849cef6d3146d274c3843a73c0bcc57445ea40,legacy-derived artifact; exact inputs/version not recorded,unknown,unresolved_legacy_lineage,2026-10-03T19:01:58.485548+00:00
processed/extracted_items/ntpc_text/29307_NIT_Download.txt,source_c1a33977175a4862937665ce,14f4ba558ebccc74de342a101bc5920f0c229561f911b41891b8b6a6499158e0,legacy-derived artifact; exact inputs/version not recorded,unknown,unresolved_legacy_lineage,2026-10-03T19:01:58.485548+00:00
processed/extracted_items/ntpc_text/29308_cor_29308_2_1.txt,source_c1a33977175a4862937665ce,87009d176c60eb3872c76f8e293d70004c8461167583209af1cdd7eae01275c8,legacy-derived artifact; exact inputs/version not recorded,unknown,unresolved_legacy_lineage,2026-10-03T19:01:58.485548+00:00
processed/extracted_items/ntpc_text/29308_NIT_Download.txt,source_c1a33977175a4862937665ce,336cd87c7fa61501a1e4d5189b110e3efcad18c032d8c26e8d75640d110bc736,legacy-derived artifact; exact inputs/version not recorded,unknown,unresolved_legacy_lineage,2026-10-03T19:01:58.485548+00:00
processed/extracted_items/ntpc_text/29309_NIT_Download.txt,source_c1a33977175a4862937665ce,10e62409e1cf875a5dc3de54a3108a11e237d95d9b0ca23c597d4cf6e2da9534,legacy-derived artifact; exact inputs/version not recorded,unknown,unresolved_legacy_lineage,2026-10-03T19:01:58.485548+00:00
processed/extracted_items/ntpc_text/29310_NIT_Download.txt,source_c1a33977175a4862937665ce,dc1dd38db56b896ecbb3fdd58dbad09ed6377d7f1b0eb71e2a5dc7bf9c41a14c,legacy-derived artifact; exact inputs/version not recorded,unknown,unresolved_legacy_lineage,2026-10-03T19:01:58.485548+00:00
processed/extracted_items/ntpc_text/29311_NIT_Download.txt,source_c1a33977175a4862937665ce,f608cdd3bd429f5b24eb592acccaba2b3a2ae256b86c77dbfc3aa0aec90d0d9a,legacy-derived artifact; exact inputs/version not recorded,unknown,unresolved_legacy_lineage,2026-10-03T19:01:58.485548+00:00
processed/extracted_items/ntpc_text/29312_NIT_Download.txt,source_c1a33977175a4862937665ce,383fd521fefeacfbab6ac4ed7a3b4c993a0c6bd43be47ede17505890859c5172,legacy-derived artifact; exact inputs/version not recorded,unknown,unresolved_legacy_lineage,2026-10-03T19:01:58.485548+00:00
processed/extracted_items/ntpc_text/29313_NIT_Download.txt,source_c1a33977175a4862937665ce,7b631408269e5797eacd931d2efce5bbbf27bddb9978833ca8e9302bf436efee,legacy-derived artifact; exact inputs/version not recorded,unknown,unresolved_legacy_lineage,2026-10-03T19:01:58.485548+00:00
processed/extracted_items/ntpc_text/29314_NIT_Download.txt,source_c1a33977175a4862937665ce,eb41ae986ff17c388ce80e2642d5ef82acfc230becb0eaf5b0454faf8729d899,legacy-derived artifact; exact inputs/version not recorded,unknown,unresolved_legacy_lineage,2026-10-03T19:01:58.485548+00:00
processed/extracted_items/ntpc_text/29315_cor_29315_1_1.txt,source_c1a33977175a4862937665ce,da5dead6c2e12b4092d09c5bbab9810312a7c1624a6e8910eb28dccdacf40c8b,legacy-derived artifact; exact inputs/version not recorded,unknown,unresolved_legacy_lineage,2026-10-03T19:01:58.485548+00:00
processed/extracted_items/ntpc_text/29315_NIT_Download.txt,source_c1a33977175a4862937665ce,4297edc972db57ce3ed7ca0c7490d1dde275f006f323b38c5b7a7e97ddd31391,legacy-derived artifact; exact inputs/version not recorded,unknown,unresolved_legacy_lineage,2026-10-03T19:01:58.485548+00:00
processed/extracted_items/ntpc_text/29316_NIT_Download.txt,source_c1a33977175a4862937665ce,6e63411e768a8f11af7fd31a0c18f5ea4e8123feb6ce81872b8da98842e698b8,legacy-derived artifact; exact inputs/version not recorded,unknown,unresolved_legacy_lineage,2026-10-03T19:01:58.485548+00:00
processed/extracted_items/ntpc_text/29317_NIT_Download.txt,source_c1a33977175a4862937665ce,ced4dabae5082e66992527acc21c546648c6223c6801be3098a4d12a03a427de,legacy-derived artifact; exact inputs/version not recorded,unknown,unresolved_legacy_lineage,2026-10-03T19:01:58.485548+00:00
processed/extracted_items/ntpc_text/29318_NIT_Download.txt,source_c1a33977175a4862937665ce,e8f60a44174e19ecf0bd3eb64854a5d4ec162ce979d2fbd49d114da89535cfd7,legacy-derived artifact; exact inputs/version not recorded,unknown,unresolved_legacy_lineage,2026-10-03T19:01:58.485548+00:00
processed/extracted_items/ntpc_text/29319_Click_here_to_view_Salient_Technical_Features.txt,source_c1a33977175a4862937665ce,16cc025881b0769fcd835d08022840c2af3977ffb710c437e308d466364b69ae,legacy-derived artifact; exact inputs/version not recorded,unknown,unresolved_legacy_lineage,2026-10-03T19:01:58.485548+00:00
processed/extracted_items/ntpc_text/29319_cor_29319_4_1.txt,source_c1a33977175a4862937665ce,da689b6ad60377251fb25bb18595d33702b1038e5906de9134ae9cf580056f0f,legacy-derived artifact; exact inputs/version not recorded,unknown,unresolved_legacy_lineage,2026-10-03T19:01:58.485548+00:00
processed/extracted_items/ntpc_text/29319_NIT_Download.txt,source_c1a33977175a4862937665ce,02f6f28a4e3c671ee57581d8a0675e0088f8e9470d08e5f1f377e66a1ccbf747,legacy-derived artifact; exact inputs/version not recorded,unknown,unresolved_legacy_lineage,2026-10-03T19:01:58.485548+00:00
processed/extracted_items/ntpc_text/29320_Click_here_to_view_Salient_Technical_Features.txt,source_c1a33977175a4862937665ce,de49b5fcf101f8b256e050bb5ea148b42d94070d57d2cefb3c3ac3a4d257a738,legacy-derived artifact; exact inputs/version not recorded,unknown,unresolved_legacy_lineage,2026-10-03T19:01:58.485548+00:00
processed/extracted_items/ntpc_text/29320_cor_29320_2_1.txt,source_c1a33977175a4862937665ce,41f9911d8c93019badb8702f12524a35b741f822d831709e277fc470aab9aba3,legacy-derived artifact; exact inputs/version not recorded,unknown,unresolved_legacy_lineage,2026-10-03T19:01:58.485548+00:00
processed/extracted_items/ntpc_text/29320_NIT_Download.txt,source_c1a33977175a4862937665ce,0a1c2f5ef374ccb36e69c208a542aa52a33299f87809c230c1215c096bdf8cd4,legacy-derived artifact; exact inputs/version not recorded,unknown,unresolved_legacy_lineage,2026-10-03T19:01:58.485548+00:00
processed/extracted_items/ntpc_text/29321_cor_29321_1_1.txt,source_c1a33977175a4862937665ce,4d4611b1bd31ab8968a2b828c5144c54d6d543a8f5f22886df1525d48f962ac2,legacy-derived artifact; exact inputs/version not recorded,unknown,unresolved_legacy_lineage,2026-10-03T19:01:58.485548+00:00
processed/extracted_items/ntpc_text/29321_NIT_Download.txt,source_c1a33977175a4862937665ce,91023373083c80ea43bee122bb653be2e874d440a6c724a70856c6e7282ed773,legacy-derived artifact; exact inputs/version not recorded,unknown,unresolved_legacy_lineage,2026-10-03T19:01:58.485548+00:00
processed/extracted_items/ntpc_text/29322_cor_29322_3_1.txt,source_c1a33977175a4862937665ce,df65fbf6d78f6c9863aebbae4ca04cfd3f5a90b96e67abe38586c623ea31676a,legacy-derived artifact; exact inputs/version not recorded,unknown,unresolved_legacy_lineage,2026-10-03T19:01:58.485548+00:00
processed/extracted_items/ntpc_text/29322_NIT_Download.txt,source_c1a33977175a4862937665ce,b7b232d89c0ed2cde1247a4338246c87207508ad7c775c2421a0e639f68f2bb9,legacy-derived artifact; exact inputs/version not recorded,unknown,unresolved_legacy_lineage,2026-10-03T19:01:58.485548+00:00
processed/extracted_items/ntpc_text/29323_NIT_Download.txt,source_c1a33977175a4862937665ce,7e99af662c97cf384bdd61bb21effc531d011aadb5a7ff126099ea52f08b80c1,legacy-derived artifact; exact inputs/version not recorded,unknown,unresolved_legacy_lineage,2026-10-03T19:01:58.485548+00:00
processed/extracted_items/ntpc_text/29324_NIT_Download.txt,source_c1a33977175a4862937665ce,c0e8313e855673d747dfe874638c384f5c68cc0642e75789955830ff48d85a53,legacy-derived artifact; exact inputs/version not recorded,unknown,unresolved_legacy_lineage,2026-10-03T19:01:58.485548+00:00
processed/extracted_items/ntpc_text/29325_NIT_Download.txt,source_c1a33977175a4862937665ce,9c69ebe469f85ee44b6e00abfba1fd3ffefe414d7a64bd4f350b7ac89be14c93,legacy-derived artifact; exact inputs/version not recorded,unknown,unresolved_legacy_lineage,2026-10-03T19:01:58.485548+00:00
processed/extracted_items/ntpc_text/29326_NIT_Download.txt,source_c1a33977175a4862937665ce,7fbf5b54e8b960c0253409983875dfa143eb5c15bbf8986c4277bdca6bdf3075,legacy-derived artifact; exact inputs/version not recorded,unknown,unresolved_legacy_lineage,2026-10-03T19:01:58.485548+00:00
processed/extracted_items/ntpc_text/29327_NIT_Download.txt,source_c1a33977175a4862937665ce,2f1abb6638a3203ab8b131eff5d24fda1e8a0350013e53b6f3667b61ef70a7de,legacy-derived artifact; exact inputs/version not recorded,unknown,unresolved_legacy_lineage,2026-10-03T19:01:58.485548+00:00
processed/extracted_items/ntpc_text/29328_NIT_Download.txt,source_c1a33977175a4862937665ce,c1a0fa2201d5be31450b28fbf160671a6d2fd02c48310ccf6d0d8207ddf20fa9,legacy-derived artifact; exact inputs/version not recorded,unknown,unresolved_legacy_lineage,2026-10-03T19:01:58.485548+00:00
processed/extracted_items/ntpc_text/29329_cor_29329_1_1.txt,source_c1a33977175a4862937665ce,6b51eee89d3d86a7cfce336c16f9fff1bef582d0c4f577be5dc32318ce4c211c,legacy-derived artifact; exact inputs/version not recorded,unknown,unresolved_legacy_lineage,2026-10-03T19:01:58.485548+00:00
processed/extracted_items/ntpc_text/29330_NIT_Download.txt,source_c1a33977175a4862937665ce,9b0d9a5b4d912a2a34d4bd84a572c368513ab0c902b95d940fc54e60df0c43aa,legacy-derived artifact; exact inputs/version not recorded,unknown,unresolved_legacy_lineage,2026-10-03T19:01:58.485548+00:00
processed/extracted_items/ntpc_text/29331_cor_29331_1_1.txt,source_c1a33977175a4862937665ce,25a27c3a27a14ba1e1b777659d7f089d4f92fcf1e016a4f7f0859b6c6c9880ab,legacy-derived artifact; exact inputs/version not recorded,unknown,unresolved_legacy_lineage,2026-10-03T19:01:58.485548+00:00
processed/extracted_items/ntpc_text/29331_NIT_Download.txt,source_c1a33977175a4862937665ce,cc0b32ddd4ea513770d47ce8174b5f4948c1b098813df66703cb26e4df72b5de,legacy-derived artifact; exact inputs/version not recorded,unknown,unresolved_legacy_lineage,2026-10-03T19:01:58.485548+00:00
processed/extracted_items/ntpc_text/29332_NIT_Download.txt,source_c1a33977175a4862937665ce,c2f375d70fe1f7b9676d8df7a3f130013b7bd1f61c20cc3790518a3d07c5677b,legacy-derived artifact; exact inputs/version not recorded,unknown,unresolved_legacy_lineage,2026-10-03T19:01:58.485548+00:00
processed/extracted_items/ntpc_text/29333_cor_29333_1_1.txt,source_c1a33977175a4862937665ce,d86b1a266dc4d6891fa33daf389d9785be87fb7143e51570a4722600a7ea7c9e,legacy-derived artifact; exact inputs/version not recorded,unknown,unresolved_legacy_lineage,2026-10-03T19:01:58.485548+00:00
processed/extracted_items/ntpc_text/29333_NIT_Download.txt,source_c1a33977175a4862937665ce,688a5fb94388fd0b8988ddc5efa1ea9158eae68d344b67ba1103461c70d27b22,legacy-derived artifact; exact inputs/version not recorded,unknown,unresolved_legacy_lineage,2026-10-03T19:01:58.485548+00:00
processed/extracted_items/ntpc_text/29334_NIT_Download.txt,source_c1a33977175a4862937665ce,a52435e0341015d111e8ba9857c6c5b07d1d32fafbf2ec5b596cae1e64467501,legacy-derived artifact; exact inputs/version not recorded,unknown,unresolved_legacy_lineage,2026-10-03T19:01:58.485548+00:00
processed/extracted_items/ntpc_text/29335_NIT_Download.txt,source_c1a33977175a4862937665ce,853f75d8cc76d875535d44cfa31bd448995d27c25845563521f5da423f504087,legacy-derived artifact; exact inputs/version not recorded,unknown,unresolved_legacy_lineage,2026-10-03T19:01:58.485548+00:00
processed/extracted_items/ntpc_text/29336_cor_29336_1_1.txt,source_c1a33977175a4862937665ce,371daa7c0ac47dcaaf0dd5af39523fb8aa181f7b4c120e58ead99ac34ade8640,legacy-derived artifact; exact inputs/version not recorded,unknown,unresolved_legacy_lineage,2026-10-03T19:01:58.485548+00:00
processed/extracted_items/ntpc_text/29336_NIT_Download.txt,source_c1a33977175a4862937665ce,371daa7c0ac47dcaaf0dd5af39523fb8aa181f7b4c120e58ead99ac34ade8640,legacy-derived artifact; exact inputs/version not recorded,unknown,unresolved_legacy_lineage,2026-10-03T19:01:58.485548+00:00
processed/extracted_items/ntpc_text/29337_cor_29337_1_1.txt,source_c1a33977175a4862937665ce,2cc5b74131bd58aa903fe8a7b9af563d8f58931308ab72145d514e74ee9cd89c,legacy-derived artifact; exact inputs/version not recorded,unknown,unresolved_legacy_lineage,2026-10-03T19:01:58.485548+00:00
processed/extracted_items/ntpc_text/29337_NIT_Download.txt,source_c1a33977175a4862937665ce,8efcebce84815a752e927038bd5b44eeae03d9a1930a98f78641f43a1efbd6f2,legacy-derived artifact; exact inputs/version not recorded,unknown,unresolved_legacy_lineage,2026-10-03T19:01:58.485548+00:00
processed/extracted_items/ntpc_text/29338_NIT_Download.txt,source_c1a33977175a4862937665ce,cab0354d36f1b2c4b53717f282512ae762aa40e1fed8cbf230aa36389821783b,legacy-derived artifact; exact inputs/version not recorded,unknown,unresolved_legacy_lineage,2026-10-03T19:01:58.485548+00:00
processed/extracted_items/ntpc_text/29339_NIT_Download.txt,source_c1a33977175a4862937665ce,ba99b12acfe0c3056f7be3bc5bcebe5113e04f1902db343b13cbe735802e74cf,legacy-derived artifact; exact inputs/version not recorded,unknown,unresolved_legacy_lineage,2026-10-03T19:01:58.485548+00:00
processed/extracted_items/ntpc_text/29340_NIT_Download.txt,source_c1a33977175a4862937665ce,4784dfbfd714561798003fd6a0bd3bb90a3faabb7085b4d7c769d9f2b82ebd8a,legacy-derived artifact; exact inputs/version not recorded,unknown,unresolved_legacy_lineage,2026-10-03T19:01:58.485548+00:00
processed/extracted_items/ntpc_text/29341_NIT_Download.txt,source_c1a33977175a4862937665ce,a5628b3055717189f43eedbb8d7aed342befd202dcda111f359189cdae17f552,legacy-derived artifact; exact inputs/version not recorded,unknown,unresolved_legacy_lineage,2026-10-03T19:01:58.485548+00:00
processed/extracted_items/ntpc_text/29342_NIT_Download.txt,source_c1a33977175a4862937665ce,d5da562951b006bd930e4415182322a68fcd5cdda345deacc8bdf06180e4b47d,legacy-derived artifact; exact inputs/version not recorded,unknown,unresolved_legacy_lineage,2026-10-03T19:01:58.485548+00:00
processed/extracted_items/ntpc_text/29343_NIT_Download.txt,source_c1a33977175a4862937665ce,8eea9a4850cbaa65476423d2165edb7c777639b6040758645d59efe98be3e5b6,legacy-derived artifact; exact inputs/version not recorded,unknown,unresolved_legacy_lineage,2026-10-03T19:01:58.485548+00:00
processed/extracted_items/ntpc_text/29344_NIT_Download.txt,source_c1a33977175a4862937665ce,acc3af3580eb90767c70f1396252eefc55de2dd9d4491fee5e31c9a62046fbd7,legacy-derived artifact; exact inputs/version not recorded,unknown,unresolved_legacy_lineage,2026-10-03T19:01:58.485548+00:00
processed/extracted_items/ntpc_text/29345_NIT_Download.txt,source_c1a33977175a4862937665ce,2ecec74871db5c8b3ddc0a7767999fb7d2ff530487e4eac5cad4ebbcd89c4d2b,legacy-derived artifact; exact inputs/version not recorded,unknown,unresolved_legacy_lineage,2026-10-03T19:01:58.485548+00:00
processed/extracted_items/ntpc_text/29346_NIT_Download.txt,source_c1a33977175a4862937665ce,4f1c5146f4559f61ea7b308bd45b7546562af45a930a812f2a8aaad6b97a504a,legacy-derived artifact; exact inputs/version not recorded,unknown,unresolved_legacy_lineage,2026-10-03T19:01:58.485548+00:00
processed/extracted_items/ntpc_text/29347_NIT_Download.txt,source_c1a33977175a4862937665ce,f6d5cd089b34cdcd39a410061da454e6fc290765850a626ec4e366b3886ea3d9,legacy-derived artifact; exact inputs/version not recorded,unknown,unresolved_legacy_lineage,2026-10-03T19:01:58.485548+00:00
processed/extracted_items/ntpc_text/29348_NIT_Download.txt,source_c1a33977175a4862937665ce,4435e53712d0fe7c01465fc80e1fb2045205afa73468b16d754978fbfc24d3c7,legacy-derived artifact; exact inputs/version not recorded,unknown,unresolved_legacy_lineage,2026-10-03T19:01:58.485548+00:00
processed/extracted_items/ntpc_text/29349_NIT_Download.txt,source_c1a33977175a4862937665ce,c0ef2bafeff3b29d754cf3fd99bf1bd26f5d9d366d56b5178e5dc2dc5fce1e1b,legacy-derived artifact; exact inputs/version not recorded,unknown,unresolved_legacy_lineage,2026-10-03T19:01:58.485548+00:00
processed/extracted_items/ntpc_text/29350_NIT_Download.txt,source_c1a33977175a4862937665ce,04257f6648f57be154a6f3b97cce219f70037cc0ca233e8aaa3d322b0218c422,legacy-derived artifact; exact inputs/version not recorded,unknown,unresolved_legacy_lineage,2026-10-03T19:01:58.485548+00:00
processed/extracted_items/ntpc_text/29351_NIT_Download.txt,source_c1a33977175a4862937665ce,0f8c423347f3b73e93291ab7dcd0dfe603e9ad1fa2808e0f9f8d0167aee0a86d,legacy-derived artifact; exact inputs/version not recorded,unknown,unresolved_legacy_lineage,2026-10-03T19:01:58.485548+00:00
processed/extracted_items/ntpc_text/29352_NIT_Download.txt,source_c1a33977175a4862937665ce,333a1fd57a7215e11a6eb5c95e7a07cf14707a71f758f0d4a0f8d4fcc7011fa9,legacy-derived artifact; exact inputs/version not recorded,unknown,unresolved_legacy_lineage,2026-10-03T19:01:58.485548+00:00
processed/extracted_items/ntpc_text/29353_NIT_Download.txt,source_c1a33977175a4862937665ce,0e6165776b9bb6e440e8b3e2becb3a35f58b1ab6849cf6dce66151d76fdd794e,legacy-derived artifact; exact inputs/version not recorded,unknown,unresolved_legacy_lineage,2026-10-03T19:01:58.485548+00:00
processed/extracted_items/ntpc_text/29354_NIT_Download.txt,source_c1a33977175a4862937665ce,9772893feb790843df31485134576aa79b534d8ebced2c11bdfa1d55ebd18504,legacy-derived artifact; exact inputs/version not recorded,unknown,unresolved_legacy_lineage,2026-10-03T19:01:58.485548+00:00
processed/extracted_items/ntpc_text/29355_NIT_Download.txt,source_c1a33977175a4862937665ce,dcbdcedf49fba16b03f9fcab0dd7b870a6e9c9d095dc8d2164b115640ebf2825,legacy-derived artifact; exact inputs/version not recorded,unknown,unresolved_legacy_lineage,2026-10-03T19:01:58.485548+00:00
processed/extracted_items/ntpc_text/29356_NIT_Download.txt,source_c1a33977175a4862937665ce,bd826cade008156db73cd3b84316bff965a6bf03c75bd82979cd4a069db48025,legacy-derived artifact; exact inputs/version not recorded,unknown,unresolved_legacy_lineage,2026-10-03T19:01:58.485548+00:00
processed/extracted_items/ntpc_text/29357_NIT_Download.txt,source_c1a33977175a4862937665ce,a576a1e4510ae435b407bd17ae4c2eb129f8a1473d72f7b08daaae4c0bb9f20a,legacy-derived artifact; exact inputs/version not recorded,unknown,unresolved_legacy_lineage,2026-10-03T19:01:58.485548+00:00
processed/extracted_items/ntpc_text/29358_cor_29358_6_1.txt,source_c1a33977175a4862937665ce,07e2e0ae712c00fc10c62e211b09dce634e4fbd796738ce0313bce78a9f50a38,legacy-derived artifact; exact inputs/version not recorded,unknown,unresolved_legacy_lineage,2026-10-03T19:01:58.485548+00:00
processed/extracted_items/ntpc_text/29358_NIT_Download.txt,source_c1a33977175a4862937665ce,ea75bb70e7bd0f2b74cd78a5b9e1d9c34e4efdeead10156ce539c5ca21fc87f0,legacy-derived artifact; exact inputs/version not recorded,unknown,unresolved_legacy_lineage,2026-10-03T19:01:58.485548+00:00
processed/extracted_items/ntpc_text/29359_NIT_Download.txt,source_c1a33977175a4862937665ce,7cccadd59864bfdc8b7f48f57aaefb6e3402735cb75771d26cc728f927c16158,legacy-derived artifact; exact inputs/version not recorded,unknown,unresolved_legacy_lineage,2026-10-03T19:01:58.485548+00:00
processed/extracted_items/ntpc_text/29360_NIT_Download.txt,source_c1a33977175a4862937665ce,01ba4719c80b6fe911b091a7c05124b64eeece964e09c058ef8f9805daca546b,legacy-derived artifact; exact inputs/version not recorded,unknown,unresolved_legacy_lineage,2026-10-03T19:01:58.485548+00:00
processed/extracted_items/ntpc_text/29361_NIT_Download.txt,source_c1a33977175a4862937665ce,990eb364993b24e966aa56e39ffe97b48466618c141e43cdc6efc21f49f04f8d,legacy-derived artifact; exact inputs/version not recorded,unknown,unresolved_legacy_lineage,2026-10-03T19:01:58.485548+00:00
processed/extracted_items/ntpc_text/29362_cor_29362_1_1.txt,source_c1a33977175a4862937665ce,2eb6ba8189a90e2e6a7c1a600e69abbde1eff16504948deb175531a9103934d1,legacy-derived artifact; exact inputs/version not recorded,unknown,unresolved_legacy_lineage,2026-10-03T19:01:58.485548+00:00
processed/extracted_items/ntpc_text/29362_NIT_Download.txt,source_c1a33977175a4862937665ce,43f93b185e5e4a04ff3e13adf728cb94e9e3396c34acc537601106c3f9826690,legacy-derived artifact; exact inputs/version not recorded,unknown,unresolved_legacy_lineage,2026-10-03T19:01:58.485548+00:00
processed/extracted_items/ntpc_text/29363_cor_29363_1_1.txt,source_c1a33977175a4862937665ce,e141bb50c4a5c1752d436983e7b68444cca88d2b06b4ee618db5e1c1dcc97eb9,legacy-derived artifact; exact inputs/version not recorded,unknown,unresolved_legacy_lineage,2026-10-03T19:01:58.485548+00:00
processed/extracted_items/ntpc_text/29363_NIT_Download.txt,source_c1a33977175a4862937665ce,22157acb5756b0e1253b64035c13968cca6c16c6c48e7eea3b3255e82c3a72ee,legacy-derived artifact; exact inputs/version not recorded,unknown,unresolved_legacy_lineage,2026-10-03T19:01:58.485548+00:00
processed/extracted_items/ntpc_text/29364_NIT_Download.txt,source_c1a33977175a4862937665ce,71e49e9c8dcda3beee621ea9a178a161f49aa0ad6d4eadde826ce89284a2495d,legacy-derived artifact; exact inputs/version not recorded,unknown,unresolved_legacy_lineage,2026-10-03T19:01:58.485548+00:00
processed/extracted_items/ntpc_text/29366_cor_29366_2_1.txt,source_c1a33977175a4862937665ce,c6b74654c7ffb3cefa6cd6776a6fb4ca5699f17d6d5adf2ca1674682600f459e,legacy-derived artifact; exact inputs/version not recorded,unknown,unresolved_legacy_lineage,2026-10-03T19:01:58.485548+00:00
processed/extracted_items/ntpc_text/29366_NIT_Download.txt,source_c1a33977175a4862937665ce,a2e49a02fc37d2a603664ff500c579785f06932b711aaf78fbabb0b89a2b183a,legacy-derived artifact; exact inputs/version not recorded,unknown,unresolved_legacy_lineage,2026-10-03T19:01:58.485548+00:00
processed/extracted_items/ntpc_text/29367_cor_29367_3_1.txt,source_c1a33977175a4862937665ce,3e7fdc12ef2b35966e06578c4e8c9598f0deed6d19289cba3dcdc11d02706032,legacy-derived artifact; exact inputs/version not recorded,unknown,unresolved_legacy_lineage,2026-10-03T19:01:58.485548+00:00
processed/extracted_items/ntpc_text/29367_NIT_Download.txt,source_c1a33977175a4862937665ce,ffc6a61f39e1ecab3eaa5e138105cc5efddde9000db42e649a7af0ff71a1c6d8,legacy-derived artifact; exact inputs/version not recorded,unknown,unresolved_legacy_lineage,2026-10-03T19:01:58.485548+00:00
processed/extracted_items/ntpc_text/29368_NIT_Download.txt,source_c1a33977175a4862937665ce,d2d94b5015032f1b730b72d8382328a4f1c93a449c75f02740868f324af05f69,legacy-derived artifact; exact inputs/version not recorded,unknown,unresolved_legacy_lineage,2026-10-03T19:01:58.485548+00:00
processed/extracted_items/ntpc_text/29369_cor_29369_1_1.txt,source_c1a33977175a4862937665ce,2468cb57d6af1f53fddb84f4927d8d98e8b570e90007d06dbd0419e310453034,legacy-derived artifact; exact inputs/version not recorded,unknown,unresolved_legacy_lineage,2026-10-03T19:01:58.485548+00:00
processed/extracted_items/ntpc_text/29369_NIT_Download.txt,source_c1a33977175a4862937665ce,44d82c1fb649b389cfe9305a3a28adc865ad643b3955dba7d4d8d610c02e1ebe,legacy-derived artifact; exact inputs/version not recorded,unknown,unresolved_legacy_lineage,2026-10-03T19:01:58.485548+00:00
processed/extracted_items/ntpc_text/29370_NIT_Download.txt,source_c1a33977175a4862937665ce,c3ee0e3690fab2a1e45f702108bcabc8eca15a155b9cdc6cd1d3f05bcc7db99b,legacy-derived artifact; exact inputs/version not recorded,unknown,unresolved_legacy_lineage,2026-10-03T19:01:58.485548+00:00
processed/extracted_items/ntpc_text/29371_NIT_Download.txt,source_c1a33977175a4862937665ce,fe47cb63135084556cca1bc4986ecf07dc1f790aaccc9e77a5b1bc6913c1cbda,legacy-derived artifact; exact inputs/version not recorded,unknown,unresolved_legacy_lineage,2026-10-03T19:01:58.485548+00:00
processed/extracted_items/ntpc_text/29372_NIT_Download.txt,source_c1a33977175a4862937665ce,62f2b0f0ca4a503ea19071508c07fc85d2f083f79edea01cc8d553e8a97f2d8d,legacy-derived artifact; exact inputs/version not recorded,unknown,unresolved_legacy_lineage,2026-10-03T19:01:58.485548+00:00
processed/extracted_items/ntpc_text/29373_NIT_Download.txt,source_c1a33977175a4862937665ce,8df362c590e8e3f745b6fe2718e0f54e068e406c97ae2afa8ec2e81f82dfd982,legacy-derived artifact; exact inputs/version not recorded,unknown,unresolved_legacy_lineage,2026-10-03T19:01:58.485548+00:00
processed/extracted_items/ntpc_text/29374_NIT_Download.txt,source_c1a33977175a4862937665ce,cc83f0f2dec4e56dd8f64d386f422efd142305b37a88b2c82a3984e03a97c6e7,legacy-derived artifact; exact inputs/version not recorded,unknown,unresolved_legacy_lineage,2026-10-03T19:01:58.485548+00:00
processed/extracted_items/ntpc_text/29375_NIT_Download.txt,source_c1a33977175a4862937665ce,8c2cb9be84bb9207f47eff9debd6d671dc6141de8978110b2ee06aba09f48356,legacy-derived artifact; exact inputs/version not recorded,unknown,unresolved_legacy_lineage,2026-10-03T19:01:58.485548+00:00
processed/extracted_items/ntpc_text/29376_NIT_Download.txt,source_c1a33977175a4862937665ce,264aeccf65e89795b84f7e49d49a8380c2f39e5e443a13ff59813a7b9b24d94e,legacy-derived artifact; exact inputs/version not recorded,unknown,unresolved_legacy_lineage,2026-10-03T19:01:58.485548+00:00
processed/extracted_items/ntpc_text/29377_NIT_Download.txt,source_c1a33977175a4862937665ce,5af36c9bde804040f792f4332e45fc84b2552898f41e36137100f9d2a6e499be,legacy-derived artifact; exact inputs/version not recorded,unknown,unresolved_legacy_lineage,2026-10-03T19:01:58.485548+00:00
processed/extracted_items/ntpc_text/29378_NIT_Download.txt,source_c1a33977175a4862937665ce,77502a9d200f829eadc4166af1a50f5adad49750bd3faf3274f996be0d5dbb81,legacy-derived artifact; exact inputs/version not recorded,unknown,unresolved_legacy_lineage,2026-10-03T19:01:58.485548+00:00
processed/extracted_items/ntpc_text/29379_NIT_Download.txt,source_c1a33977175a4862937665ce,87001706a0048a8ab59e0f39f0fd763906a0519dd7bb2989da1c68ebf4b92626,legacy-derived artifact; exact inputs/version not recorded,unknown,unresolved_legacy_lineage,2026-10-03T19:01:58.485548+00:00
processed/extracted_items/ntpc_text/29380_NIT_Download.txt,source_c1a33977175a4862937665ce,75a11da44c802486bc6f65640aa48a730f0f684c5c07a42ba3cd1735eb3fb070,legacy-derived artifact; exact inputs/version not recorded,unknown,unresolved_legacy_lineage,2026-10-03T19:01:58.485548+00:00
processed/extracted_items/ntpc_text/29381_NIT_Download.txt,source_c1a33977175a4862937665ce,4f57483b004e3ed9757d7f70938981d4b0d2b658a99718e1959870395fbd543e,legacy-derived artifact; exact inputs/version not recorded,unknown,unresolved_legacy_lineage,2026-10-03T19:01:58.485548+00:00
processed/extracted_items/ntpc_text/29382_NIT_Download.txt,source_c1a33977175a4862937665ce,f27532c660f20190f924b4bdb08649b401c027bd5da7687d50aeac94f36c877b,legacy-derived artifact; exact inputs/version not recorded,unknown,unresolved_legacy_lineage,2026-10-03T19:01:58.485548+00:00
processed/extracted_items/ntpc_text/29383_NIT_Download.txt,source_c1a33977175a4862937665ce,bff3bd693945302f85639762ab4ed0354ceffc589aaf6fb66154a872c7e028ae,legacy-derived artifact; exact inputs/version not recorded,unknown,unresolved_legacy_lineage,2026-10-03T19:01:58.485548+00:00
processed/extracted_items/ntpc_text/29384_NIT_Download.txt,source_c1a33977175a4862937665ce,a0c7290a6791b6ef442ff08192bce33db61cb42025bb8a2dac256db998fdf41d,legacy-derived artifact; exact inputs/version not recorded,unknown,unresolved_legacy_lineage,2026-10-03T19:01:58.485548+00:00
processed/extracted_items/ntpc_text/29385_NIT_Download.txt,source_c1a33977175a4862937665ce,a83b2afddc8663a33e8419d1252600bb34f9032cdfc09a3cccd3e036e3ad0028,legacy-derived artifact; exact inputs/version not recorded,unknown,unresolved_legacy_lineage,2026-10-03T19:01:58.485548+00:00
processed/extracted_items/ntpc_text/29386_NIT_Download.txt,source_c1a33977175a4862937665ce,8fb11590de046125ede8e8e082ce306dc4edf89aff3737dc600f73285a34a9b8,legacy-derived artifact; exact inputs/version not recorded,unknown,unresolved_legacy_lineage,2026-10-03T19:01:58.485548+00:00
processed/extracted_items/ntpc_text/29387_NIT_Download.txt,source_c1a33977175a4862937665ce,bb6e08b0125f278f562606089c3a153851839860957bb58c34190199651d4d2f,legacy-derived artifact; exact inputs/version not recorded,unknown,unresolved_legacy_lineage,2026-10-03T19:01:58.485548+00:00
processed/extracted_items/ntpc_text/29388_cor_29388_1_1.txt,source_c1a33977175a4862937665ce,6a3cf5192354f71615ac51034b3e97c20eda99643fcaf5bbe6d41ad59bd12167,legacy-derived artifact; exact inputs/version not recorded,unknown,unresolved_legacy_lineage,2026-10-03T19:01:58.485548+00:00
processed/extracted_items/ntpc_text/29388_NIT_Download.txt,source_c1a33977175a4862937665ce,08f2cb44eaaf3d4ec69c09fdaff7e66d83c0d9ae035269a01fe6ded00f784e25,legacy-derived artifact; exact inputs/version not recorded,unknown,unresolved_legacy_lineage,2026-10-03T19:01:58.485548+00:00
processed/extracted_items/ntpc_text/29389_NIT_Download.txt,source_c1a33977175a4862937665ce,a1ed857ce15ecea0ed392c981865ef3fa6521f6dc4a8b3f1ce6f47ee065936a7,legacy-derived artifact; exact inputs/version not recorded,unknown,unresolved_legacy_lineage,2026-10-03T19:01:58.485548+00:00
processed/extracted_items/ntpc_text/29390_NIT_Download.txt,source_c1a33977175a4862937665ce,8f618287b82c26466324a3f807b790d4247a43092f23963554f27cf5bacd1c33,legacy-derived artifact; exact inputs/version not recorded,unknown,unresolved_legacy_lineage,2026-10-03T19:01:58.485548+00:00
processed/extracted_items/ntpc_text/29391_NIT_Download.txt,source_c1a33977175a4862937665ce,35a0325a294110492e0b567f3fac2bf9564d18fff349527d2e1c4704c0971258,legacy-derived artifact; exact inputs/version not recorded,unknown,unresolved_legacy_lineage,2026-10-03T19:01:58.485548+00:00
processed/extracted_items/ntpc_text/29392_NIT_Download.txt,source_c1a33977175a4862937665ce,d6977c98f7c3d6a7f451c42285ea402395785b316fca8b7a76b59b1a70800eb7,legacy-derived artifact; exact inputs/version not recorded,unknown,unresolved_legacy_lineage,2026-10-03T19:01:58.485548+00:00
processed/extracted_items/ntpc_text/29393_cor_29393_1_1.txt,source_c1a33977175a4862937665ce,d784b46195da404b61875cac7403de6d6ba3628bf6d356dc840d4bbf7c069cd6,legacy-derived artifact; exact inputs/version not recorded,unknown,unresolved_legacy_lineage,2026-10-03T19:01:58.485548+00:00
processed/extracted_items/ntpc_text/29393_NIT_Download.txt,source_c1a33977175a4862937665ce,955f7cb8dd7ac35528828c14ef5f667861d38c4344726fa0a07ad27c4c9923f8,legacy-derived artifact; exact inputs/version not recorded,unknown,unresolved_legacy_lineage,2026-10-03T19:01:58.485548+00:00
processed/extracted_items/ntpc_text/29394_NIT_Download.txt,source_c1a33977175a4862937665ce,a7dfd7d978f57e0d6bd1de75e314411263b71d08bcaeb80ad2f4945c1ac05ade,legacy-derived artifact; exact inputs/version not recorded,unknown,unresolved_legacy_lineage,2026-10-03T19:01:58.485548+00:00
processed/extracted_items/ntpc_text/29395_NIT_Download.txt,source_c1a33977175a4862937665ce,7362d1f6660f753619356b3419b861aeb0e3b2ebf883292fe2d32279ce576344,legacy-derived artifact; exact inputs/version not recorded,unknown,unresolved_legacy_lineage,2026-10-03T19:01:58.485548+00:00
processed/extracted_items/ntpc_text/29396_NIT_Download.txt,source_c1a33977175a4862937665ce,4c5c647d6b64b9883acdbb6638e24f8f3eea3a6578618ce1d6b8d9a8752b4d27,legacy-derived artifact; exact inputs/version not recorded,unknown,unresolved_legacy_lineage,2026-10-03T19:01:58.485548+00:00
processed/extracted_items/ntpc_text/29397_NIT_Download.txt,source_c1a33977175a4862937665ce,05ece90ba803048e67e9af0a6b122c09f9f94b0e6701e73230805556cdf85b6b,legacy-derived artifact; exact inputs/version not recorded,unknown,unresolved_legacy_lineage,2026-10-03T19:01:58.485548+00:00
processed/extracted_items/ntpc_text/29398_NIT_Download.txt,source_c1a33977175a4862937665ce,457edd50d3388f4e2315355258c0a470e7bb7af0ed9f9002e72a269ad504c1da,legacy-derived artifact; exact inputs/version not recorded,unknown,unresolved_legacy_lineage,2026-10-03T19:01:58.485548+00:00
processed/extracted_items/ntpc_text/29399_NIT_Download.txt,source_c1a33977175a4862937665ce,6a3cf5192354f71615ac51034b3e97c20eda99643fcaf5bbe6d41ad59bd12167,legacy-derived artifact; exact inputs/version not recorded,unknown,unresolved_legacy_lineage,2026-10-03T19:01:58.485548+00:00
processed/extracted_items/ntpc_text/29400_NIT_Download.txt,source_c1a33977175a4862937665ce,81231ddbce9439da4cf69389bc592ed3f8fc258d2c91bf59b843918230ddb721,legacy-derived artifact; exact inputs/version not recorded,unknown,unresolved_legacy_lineage,2026-10-03T19:01:58.485548+00:00
processed/extracted_items/ntpc_text/29401_NIT_Download.txt,source_c1a33977175a4862937665ce,36db68e78c9150b63e5e3a5f2c991e18eefda35662c901534effd1c170e1331f,legacy-derived artifact; exact inputs/version not recorded,unknown,unresolved_legacy_lineage,2026-10-03T19:01:58.485548+00:00
processed/extracted_items/ntpc_text/29402_NIT_Download.txt,source_c1a33977175a4862937665ce,2f00decfb280f26d457a5e5fcb3283fb5852230826cf7548def161662d56b93f,legacy-derived artifact; exact inputs/version not recorded,unknown,unresolved_legacy_lineage,2026-10-03T19:01:58.485548+00:00
processed/extracted_items/ntpc_text/29403_NIT_Download.txt,source_c1a33977175a4862937665ce,61181a29e7f7354a2fdc8c8c062fef16a1cb56b4fe20a6050ab7605d72d80df6,legacy-derived artifact; exact inputs/version not recorded,unknown,unresolved_legacy_lineage,2026-10-03T19:01:58.485548+00:00
processed/extracted_items/ntpc_text/29404_NIT_Download.txt,source_c1a33977175a4862937665ce,0c1f305a14a1734ad9ebdd72d5574a0067ab3ff0ac2575b6af3b431f8c4989cb,legacy-derived artifact; exact inputs/version not recorded,unknown,unresolved_legacy_lineage,2026-10-03T19:01:58.485548+00:00
processed/extracted_items/ntpc_text/29405_NIT_Download.txt,source_c1a33977175a4862937665ce,7c067e8c26c03a02fe1e41e8c3f0afac3976e517a58fdb09eb1bbe44b2f8d72d,legacy-derived artifact; exact inputs/version not recorded,unknown,unresolved_legacy_lineage,2026-10-03T19:01:58.485548+00:00
processed/extracted_items/ntpc_text/29406_NIT_Download.txt,source_c1a33977175a4862937665ce,2d885addf3c7eaa7c61b05e2884953ed982a92b3e996df6e32a41724da1e8725,legacy-derived artifact; exact inputs/version not recorded,unknown,unresolved_legacy_lineage,2026-10-03T19:01:58.485548+00:00
processed/extracted_items/ntpc_text/29407_NIT_Download.txt,source_c1a33977175a4862937665ce,37b6ac629084c2954d4df830ed2136747058b9e88b0b5ad7cb782c636b2b4e8d,legacy-derived artifact; exact inputs/version not recorded,unknown,unresolved_legacy_lineage,2026-10-03T19:01:58.485548+00:00
processed/extracted_items/ntpc_text/29408_NIT_Download.txt,source_c1a33977175a4862937665ce,37a751eb9c0e45553e741e57d99a9ff3af7036d07fb9e518f1f731b92756e506,legacy-derived artifact; exact inputs/version not recorded,unknown,unresolved_legacy_lineage,2026-10-03T19:01:58.485548+00:00
processed/extracted_items/ntpc_text/29409_NIT_Download.txt,source_c1a33977175a4862937665ce,2634db93f307ee3a5d245be61e337bffb88190bbfeab3c5349b8f65ebec53be6,legacy-derived artifact; exact inputs/version not recorded,unknown,unresolved_legacy_lineage,2026-10-03T19:01:58.485548+00:00
processed/extracted_items/ntpc_text/29410_NIT_Download.txt,source_c1a33977175a4862937665ce,0d6feda0b514ea09ac5bd11da8023fa1ec8b3518a0e6e0b485fd6fa5017cbfaf,legacy-derived artifact; exact inputs/version not recorded,unknown,unresolved_legacy_lineage,2026-10-03T19:01:58.485548+00:00
processed/extracted_items/ntpc_text/29411_NIT_Download.txt,source_c1a33977175a4862937665ce,d088784b7ecb87f1ea17e6f982fa968ffefcc07b79de6ecc548fc00242868da6,legacy-derived artifact; exact inputs/version not recorded,unknown,unresolved_legacy_lineage,2026-10-03T19:01:58.485548+00:00
processed/extracted_items/ntpc_text/29412_cor_29412_1_1.txt,source_c1a33977175a4862937665ce,892f74feb9a3dd3ca67fc5a901ba667449b5522b8848c8b03483cb3d4395f845,legacy-derived artifact; exact inputs/version not recorded,unknown,unresolved_legacy_lineage,2026-10-03T19:01:58.485548+00:00
processed/extracted_items/ntpc_text/29412_NIT_Download.txt,source_c1a33977175a4862937665ce,f4f38cf28011b4add6511988d82f85f4229a0e767b168911fde572351cb36544,legacy-derived artifact; exact inputs/version not recorded,unknown,unresolved_legacy_lineage,2026-10-03T19:01:58.485548+00:00
processed/extracted_items/ntpc_text/29413_cor_29413_1_1.txt,source_c1a33977175a4862937665ce,892f74feb9a3dd3ca67fc5a901ba667449b5522b8848c8b03483cb3d4395f845,legacy-derived artifact; exact inputs/version not recorded,unknown,unresolved_legacy_lineage,2026-10-03T19:01:58.485548+00:00
processed/extracted_items/ntpc_text/29413_NIT_Download.txt,source_c1a33977175a4862937665ce,eefbce245a8ccc16c69df701183ea0a5da2af19efc5fd7e3e395c2b5e7ac4f27,legacy-derived artifact; exact inputs/version not recorded,unknown,unresolved_legacy_lineage,2026-10-03T19:01:58.485548+00:00
processed/extracted_items/ntpc_text/29414_NIT_Download.txt,source_c1a33977175a4862937665ce,adb757fb046707bc9e2ed205bbadf7935f80fd184bdd0feeeebb2740d1d7153c,legacy-derived artifact; exact inputs/version not recorded,unknown,unresolved_legacy_lineage,2026-10-03T19:01:58.485548+00:00
processed/extracted_items/ntpc_text/29415_NIT_Download.txt,source_c1a33977175a4862937665ce,e99f51732551cd512887cabaac233a34a07696d1ab9e3a1247ebbc92b71913c0,legacy-derived artifact; exact inputs/version not recorded,unknown,unresolved_legacy_lineage,2026-10-03T19:01:58.485548+00:00
processed/extracted_items/ntpc_text/29416_NIT_Download.txt,source_c1a33977175a4862937665ce,b70954d72af166cb3e4801457cb2e762279aff4571885f8e816585d93e339302,legacy-derived artifact; exact inputs/version not recorded,unknown,unresolved_legacy_lineage,2026-10-03T19:01:58.485548+00:00
processed/extracted_items/ntpc_text/29417_NIT_Download.txt,source_c1a33977175a4862937665ce,af49447def7a624f95ab0ad3c26ce4476f5352150ecc31b1feb5cb0f009381b8,legacy-derived artifact; exact inputs/version not recorded,unknown,unresolved_legacy_lineage,2026-10-03T19:01:58.485548+00:00
processed/extracted_items/ntpc_text/29418_NIT_Download.txt,source_c1a33977175a4862937665ce,dea13584bc8ef4f407dfb839365f586580267d31ea83689914bbe019dec1faee,legacy-derived artifact; exact inputs/version not recorded,unknown,unresolved_legacy_lineage,2026-10-03T19:01:58.485548+00:00
processed/extracted_items/ntpc_text/29419_NIT_Download.txt,source_c1a33977175a4862937665ce,71a1f1908b514133cc8fd92c6789d6536ef4d17c68c636e074fa43db84666062,legacy-derived artifact; exact inputs/version not recorded,unknown,unresolved_legacy_lineage,2026-10-03T19:01:58.485548+00:00
processed/extracted_items/ntpc_text/29420_NIT_Download.txt,source_c1a33977175a4862937665ce,ab2dfea2d0b623ecb56db6e7410f142f82fdc96f71b51f1acb96c6ba851232dc,legacy-derived artifact; exact inputs/version not recorded,unknown,unresolved_legacy_lineage,2026-10-03T19:01:58.485548+00:00
processed/extracted_items/ntpc_text/29421_NIT_Download.txt,source_c1a33977175a4862937665ce,a4d551b6956d014059af47f31048cc7c2d537dce8783f84e67b588791746d5df,legacy-derived artifact; exact inputs/version not recorded,unknown,unresolved_legacy_lineage,2026-10-03T19:01:58.485548+00:00
processed/extracted_items/ntpc_text/29422_NIT_Download.txt,source_c1a33977175a4862937665ce,d8c0a41cc35d7c3d6ab5dfff28dc0f761d314e61e0a551e50c1d155366d65d1c,legacy-derived artifact; exact inputs/version not recorded,unknown,unresolved_legacy_lineage,2026-10-03T19:01:58.485548+00:00
processed/extracted_items/ntpc_text/29423_NIT_Download.txt,source_c1a33977175a4862937665ce,818bc187e00250bc0900df8bdeaeb33c9d5f531797150a1a15175bc853a97a75,legacy-derived artifact; exact inputs/version not recorded,unknown,unresolved_legacy_lineage,2026-10-03T19:01:58.485548+00:00
processed/extracted_items/ntpc_text/29424_cor_29424_1_1.txt,source_c1a33977175a4862937665ce,892f74feb9a3dd3ca67fc5a901ba667449b5522b8848c8b03483cb3d4395f845,legacy-derived artifact; exact inputs/version not recorded,unknown,unresolved_legacy_lineage,2026-10-03T19:01:58.485548+00:00
processed/extracted_items/ntpc_text/29424_NIT_Download.txt,source_c1a33977175a4862937665ce,ea1a26e7311701181f7168b9aa3d1db945300c8ca85f283a00fea39c73b7decd,legacy-derived artifact; exact inputs/version not recorded,unknown,unresolved_legacy_lineage,2026-10-03T19:01:58.485548+00:00
processed/extracted_items/ntpc_text/29425_NIT_Download.txt,source_c1a33977175a4862937665ce,7d23791b2cf316e23bc8e43b350df574e4520d436e05ecc85310816221f7cff4,legacy-derived artifact; exact inputs/version not recorded,unknown,unresolved_legacy_lineage,2026-10-03T19:01:58.485548+00:00
processed/extracted_items/ntpc_text/29426_NIT_Download.txt,source_c1a33977175a4862937665ce,769ed752eaad82df78b0fb4410b1d6848f8711ade4d6a7097746b2ec6b2dad95,legacy-derived artifact; exact inputs/version not recorded,unknown,unresolved_legacy_lineage,2026-10-03T19:01:58.485548+00:00
processed/extracted_items/ntpc_text/29427_Click_here_to_view_Salient_Technical_Features.txt,source_c1a33977175a4862937665ce,c98c35b71d944b0742ca46a55e4c3727aefcf4cf880aac19a8abee1846ab8ee7,legacy-derived artifact; exact inputs/version not recorded,unknown,unresolved_legacy_lineage,2026-10-03T19:01:58.485548+00:00
processed/extracted_items/ntpc_text/29427_cor_29427_4_1.txt,source_c1a33977175a4862937665ce,68eefb1c58a1c9e9a2e7e46b2f2fdfad06285f2a5b2d7d96d1f95c4ff675c6ae,legacy-derived artifact; exact inputs/version not recorded,unknown,unresolved_legacy_lineage,2026-10-03T19:01:58.485548+00:00
processed/extracted_items/ntpc_text/29427_NIT_Download.txt,source_c1a33977175a4862937665ce,8d1b09c887e67ba18e14fae813c729c835cf7a7f85d83e5c1758cdb8303034d1,legacy-derived artifact; exact inputs/version not recorded,unknown,unresolved_legacy_lineage,2026-10-03T19:01:58.485548+00:00
processed/extracted_items/ntpc_text/29428_NIT_Download.txt,source_c1a33977175a4862937665ce,01ba4719c80b6fe911b091a7c05124b64eeece964e09c058ef8f9805daca546b,legacy-derived artifact; exact inputs/version not recorded,unknown,unresolved_legacy_lineage,2026-10-03T19:01:58.485548+00:00
processed/extracted_items/ntpc_text/29429_NIT_Download.txt,source_c1a33977175a4862937665ce,75a11da44c802486bc6f65640aa48a730f0f684c5c07a42ba3cd1735eb3fb070,legacy-derived artifact; exact inputs/version not recorded,unknown,unresolved_legacy_lineage,2026-10-03T19:01:58.485548+00:00
processed/extracted_items/ntpc_text/29430_NIT_Download.txt,source_c1a33977175a4862937665ce,46b79bd79034706eb9d12c072c0d8b489720efbca9446efc49c54cdb6b4f73eb,legacy-derived artifact; exact inputs/version not recorded,unknown,unresolved_legacy_lineage,2026-10-03T19:01:58.485548+00:00
processed/extracted_items/ntpc_text/29431_NIT_Download.txt,source_c1a33977175a4862937665ce,76ac1ae8701378e9b297d62698c352772fc1076450e779673dd79bbb87044a9a,legacy-derived artifact; exact inputs/version not recorded,unknown,unresolved_legacy_lineage,2026-10-03T19:01:58.485548+00:00
processed/extracted_items/ntpc_text/29432_NIT_Download.txt,source_c1a33977175a4862937665ce,a115d59fa557919a5088c3c9a73663bfe148b408fe6dbd78277aabda13077b08,legacy-derived artifact; exact inputs/version not recorded,unknown,unresolved_legacy_lineage,2026-10-03T19:01:58.485548+00:00
processed/extracted_items/ntpc_text/29433_NIT_Download.txt,source_c1a33977175a4862937665ce,545c38b0922de19734fbffde62792c37c2aef6a3216cfa472449173165220f7d,legacy-derived artifact; exact inputs/version not recorded,unknown,unresolved_legacy_lineage,2026-10-03T19:01:58.485548+00:00
processed/extracted_items/ntpc_text/29434_NIT_Download.txt,source_c1a33977175a4862937665ce,545c38b0922de19734fbffde62792c37c2aef6a3216cfa472449173165220f7d,legacy-derived artifact; exact inputs/version not recorded,unknown,unresolved_legacy_lineage,2026-10-03T19:01:58.485548+00:00
processed/extracted_items/ntpc_text/29435_NIT_Download.txt,source_c1a33977175a4862937665ce,eb07449b4631f03dfd5d3653bfc638a54d3f0ee7312d7fb6b22e9c4d34ec7242,legacy-derived artifact; exact inputs/version not recorded,unknown,unresolved_legacy_lineage,2026-10-03T19:01:58.485548+00:00
processed/extracted_items/ntpc_text/29436_NIT_Download.txt,source_c1a33977175a4862937665ce,46e635e25ea8a30ab536f77705e60edb9eca69c012a0770dd6062288f93c88ab,legacy-derived artifact; exact inputs/version not recorded,unknown,unresolved_legacy_lineage,2026-10-03T19:01:58.485548+00:00
processed/extracted_items/ntpc_text/29437_NIT_Download.txt,source_c1a33977175a4862937665ce,98b8cf9a6a857b9571d0b063949105fb9f71e812806bac00bb2c3e20b9acc3c7,legacy-derived artifact; exact inputs/version not recorded,unknown,unresolved_legacy_lineage,2026-10-03T19:01:58.485548+00:00
processed/extracted_items/ntpc_text/29438_NIT_Download.txt,source_c1a33977175a4862937665ce,0b7510037d6792da61527cf900fe782cdbdd864f080cb95bb7e9152e71775244,legacy-derived artifact; exact inputs/version not recorded,unknown,unresolved_legacy_lineage,2026-10-03T19:01:58.485548+00:00
processed/extracted_items/ntpc_text/29439_NIT_Download.txt,source_c1a33977175a4862937665ce,75a11da44c802486bc6f65640aa48a730f0f684c5c07a42ba3cd1735eb3fb070,legacy-derived artifact; exact inputs/version not recorded,unknown,unresolved_legacy_lineage,2026-10-03T19:01:58.485548+00:00
processed/extracted_items/ntpc_text/29440_NIT_Download.txt,source_c1a33977175a4862937665ce,52dde26070f553f08f9eb175ab7ddb8b16241827286f484584cc1a7eb0e032c2,legacy-derived artifact; exact inputs/version not recorded,unknown,unresolved_legacy_lineage,2026-10-03T19:01:58.485548+00:00
processed/extracted_items/ntpc_text/29441_Click_here_to_view_Salient_Technical_Features.txt,source_c1a33977175a4862937665ce,07b3d217257a6764098369e22eb70c698a9e38a84070d73fdbb7046d6f71730d,legacy-derived artifact; exact inputs/version not recorded,unknown,unresolved_legacy_lineage,2026-10-03T19:01:58.485548+00:00
processed/extracted_items/ntpc_text/29441_NIT_Download.txt,source_c1a33977175a4862937665ce,354a445dd97bd4c5cdfdb76a9f245a070e1f5960416d5a35a351980d6d54a349,legacy-derived artifact; exact inputs/version not recorded,unknown,unresolved_legacy_lineage,2026-10-03T19:01:58.485548+00:00
processed/extracted_items/ntpc_text/29442_NIT_Download.txt,source_c1a33977175a4862937665ce,5971e8b718035274d02e9b146969cf552b8f61f35ccd2764b424783ba06fb7a6,legacy-derived artifact; exact inputs/version not recorded,unknown,unresolved_legacy_lineage,2026-10-03T19:01:58.485548+00:00
processed/extracted_items/ntpc_text/29443_cor_29443_1_1.txt,source_c1a33977175a4862937665ce,d71f2fb4152789cf13fd36135c2de0ee5bfbd5482ed1ab061852c61a99417b5e,legacy-derived artifact; exact inputs/version not recorded,unknown,unresolved_legacy_lineage,2026-10-03T19:01:58.485548+00:00
processed/extracted_items/ntpc_text/29443_NIT_Download.txt,source_c1a33977175a4862937665ce,eeddf4c049079f8fa6fd033a5e50d679e936b028b0a026134995ec649f5843fb,legacy-derived artifact; exact inputs/version not recorded,unknown,unresolved_legacy_lineage,2026-10-03T19:01:58.485548+00:00
processed/extracted_items/ntpc_text/29444_NIT_Download.txt,source_c1a33977175a4862937665ce,56548ae96d29ea0ef2db3334acc73edee181ab9dc93a2775fc444160da8c5b88,legacy-derived artifact; exact inputs/version not recorded,unknown,unresolved_legacy_lineage,2026-10-03T19:01:58.485548+00:00
processed/extracted_items/ntpc_text/29445_NIT_Download.txt,source_c1a33977175a4862937665ce,ed1d3c6c7fc60048bc0fc4d673e4ab67d7affbb1ef401eefc2b7d3d95fb92d99,legacy-derived artifact; exact inputs/version not recorded,unknown,unresolved_legacy_lineage,2026-10-03T19:01:58.485548+00:00
processed/extracted_items/ntpc_text/29446_NIT_Download.txt,source_c1a33977175a4862937665ce,c0635fa7502c509c94f23dfe4565f8ba7c6807256fa4701eaac7c536b60f5661,legacy-derived artifact; exact inputs/version not recorded,unknown,unresolved_legacy_lineage,2026-10-03T19:01:58.485548+00:00
processed/extracted_items/ntpc_text/29447_NIT_Download.txt,source_c1a33977175a4862937665ce,1278067bf6eff3411c598f834763e6865cd3c25b061890deee74cfecbe4c3774,legacy-derived artifact; exact inputs/version not recorded,unknown,unresolved_legacy_lineage,2026-10-03T19:01:58.485548+00:00
processed/extracted_items/ntpc_text/29448_NIT_Download.txt,source_c1a33977175a4862937665ce,a2e6eb043bd3a3a3f71b6bbaacb5ecb39d88688b1b3380420b5a691e7fa50fc4,legacy-derived artifact; exact inputs/version not recorded,unknown,unresolved_legacy_lineage,2026-10-03T19:01:58.485548+00:00
processed/extracted_items/ntpc_text/29449_NIT_Download.txt,source_c1a33977175a4862937665ce,fc203c74b8289efe5c7389fc7ef1f8c0236aea2ac4606ddd3f90bff595369fb5,legacy-derived artifact; exact inputs/version not recorded,unknown,unresolved_legacy_lineage,2026-10-03T19:01:58.485548+00:00
processed/extracted_items/ntpc_text/29450_NIT_Download.txt,source_c1a33977175a4862937665ce,626e5b8b176e8567c7ae81848c642fd52d906df130f76c39d451b248973b2459,legacy-derived artifact; exact inputs/version not recorded,unknown,unresolved_legacy_lineage,2026-10-03T19:01:58.485548+00:00
processed/extracted_items/ntpc_text/29451_NIT_Download.txt,source_c1a33977175a4862937665ce,05138b91e008c762c206488846f3385a16785977b5c8aa32b2c9c4443c200f25,legacy-derived artifact; exact inputs/version not recorded,unknown,unresolved_legacy_lineage,2026-10-03T19:01:58.485548+00:00
processed/extracted_items/ntpc_text/29452_NIT_Download.txt,source_c1a33977175a4862937665ce,748d34d23fb5136efaafdb4f178d3bddcefe9dc9f0f783596fcadf2a86032273,legacy-derived artifact; exact inputs/version not recorded,unknown,unresolved_legacy_lineage,2026-10-03T19:01:58.485548+00:00
processed/extracted_items/ntpc_text/29453_NIT_Download.txt,source_c1a33977175a4862937665ce,542e25920a2b58b0c8399b3c306c24283cce90aff95a05e1edace4ec684dc4a7,legacy-derived artifact; exact inputs/version not recorded,unknown,unresolved_legacy_lineage,2026-10-03T19:01:58.485548+00:00
processed/extracted_items/ntpc_text/29454_NIT_Download.txt,source_c1a33977175a4862937665ce,8f23dc26760922933826f7ad7fe5a41ef5d394dc5ec3d56c564ffd60d6743521,legacy-derived artifact; exact inputs/version not recorded,unknown,unresolved_legacy_lineage,2026-10-03T19:01:58.485548+00:00
processed/extracted_items/ntpc_text/29455_cor_29455_1_1.txt,source_c1a33977175a4862937665ce,2187f9206a0a62bceda33cb961c935a955aac94e632ee4041ff45e77de9c8844,legacy-derived artifact; exact inputs/version not recorded,unknown,unresolved_legacy_lineage,2026-10-03T19:01:58.485548+00:00
processed/extracted_items/ntpc_text/29455_NIT_Download.txt,source_c1a33977175a4862937665ce,5c74b5ac6fa7c31c00f2d6e062010ffedad3fe265e760e45e48ef3590ed155b9,legacy-derived artifact; exact inputs/version not recorded,unknown,unresolved_legacy_lineage,2026-10-03T19:01:58.485548+00:00
processed/extracted_items/ntpc_text/29456_NIT_Download.txt,source_c1a33977175a4862937665ce,55649e5a891f639fc156d06514e8264a3dc88b7c7f18e8b77dda131d3949f4b6,legacy-derived artifact; exact inputs/version not recorded,unknown,unresolved_legacy_lineage,2026-10-03T19:01:58.485548+00:00
processed/extracted_items/ntpc_text/29457_cor_29457_1_1.txt,source_c1a33977175a4862937665ce,991878f87cae63c2510c90a25f7e4183723bd7b06d59e87e136299927469b7c4,legacy-derived artifact; exact inputs/version not recorded,unknown,unresolved_legacy_lineage,2026-10-03T19:01:58.485548+00:00
processed/extracted_items/ntpc_text/29457_NIT_Download.txt,source_c1a33977175a4862937665ce,911b2f266a8ca1cafd58ee931128054f92a7dca8162f2866272eb61c1eadd955,legacy-derived artifact; exact inputs/version not recorded,unknown,unresolved_legacy_lineage,2026-10-03T19:01:58.485548+00:00
processed/extracted_items/ntpc_text/29458_cor_29458_1_1.txt,source_c1a33977175a4862937665ce,3b77e41c5c1fadb2d40c42e5cdd606284e0cd1852bca94e3ab4801ffc97c245a,legacy-derived artifact; exact inputs/version not recorded,unknown,unresolved_legacy_lineage,2026-10-03T19:01:58.485548+00:00
processed/extracted_items/ntpc_text/29458_NIT_Download.txt,source_c1a33977175a4862937665ce,643d1ccfa05fdd96ab44207a0247044702464177043e37d8ec3b496c772f6ee5,legacy-derived artifact; exact inputs/version not recorded,unknown,unresolved_legacy_lineage,2026-10-03T19:01:58.485548+00:00
processed/extracted_items/ntpc_text/29459_NIT_Download.txt,source_c1a33977175a4862937665ce,bc9f8109c4946e2bb10a36f3ca4a734af7d58207f83c91f8a51c7689ab9e60f1,legacy-derived artifact; exact inputs/version not recorded,unknown,unresolved_legacy_lineage,2026-10-03T19:01:58.485548+00:00
processed/extracted_items/ntpc_text/29460_NIT_Download.txt,source_c1a33977175a4862937665ce,1944498e17b62b0141e724060867203dceef46c52f4f0eb190a867a484168d16,legacy-derived artifact; exact inputs/version not recorded,unknown,unresolved_legacy_lineage,2026-10-03T19:01:58.485548+00:00
processed/extracted_items/ntpc_text/29461_NIT_Download.txt,source_c1a33977175a4862937665ce,5e72af4ee6cb962a2302097a983053f8a6091b7889872e24a363a7e8f3f320e8,legacy-derived artifact; exact inputs/version not recorded,unknown,unresolved_legacy_lineage,2026-10-03T19:01:58.485548+00:00
processed/extracted_items/ntpc_text/29462_NIT_Download.txt,source_c1a33977175a4862937665ce,fd2e5b1e291f821dbc118dc82c3e281cb5df39f9f40ff2c277d22159d5ece601,legacy-derived artifact; exact inputs/version not recorded,unknown,unresolved_legacy_lineage,2026-10-03T19:01:58.485548+00:00
processed/extracted_items/ntpc_text/29463_NIT_Download.txt,source_c1a33977175a4862937665ce,59f29f811f3a8e09f49195ee4b7e9ae2fd4e3f65d8536dcad1ba637f0eaa5c41,legacy-derived artifact; exact inputs/version not recorded,unknown,unresolved_legacy_lineage,2026-10-03T19:01:58.485548+00:00
processed/extracted_items/ntpc_text/29464_Click_here_to_view_Salient_Technical_Features.txt,source_c1a33977175a4862937665ce,25c65ae477a25597d4f9692153a18a62985f0c1e5e53d27660d371f31a4522e0,legacy-derived artifact; exact inputs/version not recorded,unknown,unresolved_legacy_lineage,2026-10-03T19:01:58.485548+00:00
processed/extracted_items/ntpc_text/29464_cor_29464_4_1.txt,source_c1a33977175a4862937665ce,566ba9f63a0bdebc29d0b6a5d9ef2bc0d798334f4000ea4008f03d3472cf8343,legacy-derived artifact; exact inputs/version not recorded,unknown,unresolved_legacy_lineage,2026-10-03T19:01:58.485548+00:00
processed/extracted_items/ntpc_text/29464_NIT_Download.txt,source_c1a33977175a4862937665ce,41a65c218c55bb05426ee2f2d2e129d6aa1ed6f3c20c9bc3397017f08d4d7876,legacy-derived artifact; exact inputs/version not recorded,unknown,unresolved_legacy_lineage,2026-10-03T19:01:58.485548+00:00
processed/extracted_items/ntpc_text/29465_NIT_Download.txt,source_c1a33977175a4862937665ce,748ce39448219b21bb4580c17c832fe1552064a53c2ff619dba49d550ebfe0ce,legacy-derived artifact; exact inputs/version not recorded,unknown,unresolved_legacy_lineage,2026-10-03T19:01:58.485548+00:00
processed/extracted_items/ntpc_text/29466_Click_here_to_view_Salient_Technical_Features.txt,source_c1a33977175a4862937665ce,66b04f42e5ae2cd48ead68a0d2054bfbc65e24c79a9932e9225455d38e23eed4,legacy-derived artifact; exact inputs/version not recorded,unknown,unresolved_legacy_lineage,2026-10-03T19:01:58.485548+00:00
processed/extracted_items/ntpc_text/29466_cor_29466_11_1.txt,source_c1a33977175a4862937665ce,aa3ddd3cba2007858743e6717af906984ef5cdcac136afeef134401e6554a56c,legacy-derived artifact; exact inputs/version not recorded,unknown,unresolved_legacy_lineage,2026-10-03T19:01:58.485548+00:00
processed/extracted_items/ntpc_text/29466_NIT_Download.txt,source_c1a33977175a4862937665ce,827a0fa9cce575ece8404def90aa8eb5a751d50e6185963dcd952751907999d9,legacy-derived artifact; exact inputs/version not recorded,unknown,unresolved_legacy_lineage,2026-10-03T19:01:58.485548+00:00
processed/extracted_items/ntpc_text/29467_NIT_Download.txt,source_c1a33977175a4862937665ce,18aa113767d4f5978bf1f77a306a0e5d40a4a8bc7e4b7cd367506b19d00c7402,legacy-derived artifact; exact inputs/version not recorded,unknown,unresolved_legacy_lineage,2026-10-03T19:01:58.485548+00:00
processed/extracted_items/ntpc_text/29468_NIT_Download.txt,source_c1a33977175a4862937665ce,3ba35d9572924d9b9490527cbcb2096d4871bdaa78f8e9a9d2b54843bc48c1b7,legacy-derived artifact; exact inputs/version not recorded,unknown,unresolved_legacy_lineage,2026-10-03T19:01:58.485548+00:00
processed/extracted_items/ntpc_text/29469_NIT_Download.txt,source_c1a33977175a4862937665ce,d8bd513db8ee223de5e6515f80fe9da7b05c2063b548dbae61400bc450af89ec,legacy-derived artifact; exact inputs/version not recorded,unknown,unresolved_legacy_lineage,2026-10-03T19:01:58.485548+00:00
processed/extracted_items/ntpc_text/29470_NIT_Download.txt,source_c1a33977175a4862937665ce,dca6e8d57e97d70388f3cca0aaf74cad5dbfe189d2348fc84d350e744fef9577,legacy-derived artifact; exact inputs/version not recorded,unknown,unresolved_legacy_lineage,2026-10-03T19:01:58.485548+00:00
processed/extracted_items/ntpc_text/29471_NIT_Download.txt,source_c1a33977175a4862937665ce,949898bdabe3d388148693ab0ae3f0ee599705c6fc7f1977520ee9b85d8bb280,legacy-derived artifact; exact inputs/version not recorded,unknown,unresolved_legacy_lineage,2026-10-03T19:01:58.485548+00:00
processed/extracted_items/ntpc_text/29472_cor_29472_1_1.txt,source_c1a33977175a4862937665ce,645d9316eca81f11ea06b0e11285a3b6f2cb5d6d1d3dc6ab1fc3b778b8ffd923,legacy-derived artifact; exact inputs/version not recorded,unknown,unresolved_legacy_lineage,2026-10-03T19:01:58.485548+00:00
processed/extracted_items/ntpc_text/29472_NIT_Download.txt,source_c1a33977175a4862937665ce,64d5d1314d01d7e656025f21e2594ee26e3a725cd1da2f938c562dee42bf2e45,legacy-derived artifact; exact inputs/version not recorded,unknown,unresolved_legacy_lineage,2026-10-03T19:01:58.485548+00:00
processed/extracted_items/ntpc_text/29473_NIT_Download.txt,source_c1a33977175a4862937665ce,9070e4db0b3ef7d54e4e143e07e27c48d151e4169625f25033f4853ef49380c7,legacy-derived artifact; exact inputs/version not recorded,unknown,unresolved_legacy_lineage,2026-10-03T19:01:58.485548+00:00
processed/extracted_items/ntpc_text/29474_NIT_Download.txt,source_c1a33977175a4862937665ce,f9cdf63e648f276bd6a81f975f939073b62ee381cc94a57345dcc88dc174c786,legacy-derived artifact; exact inputs/version not recorded,unknown,unresolved_legacy_lineage,2026-10-03T19:01:58.485548+00:00
processed/extracted_items/ntpc_text/29475_NIT_Download.txt,source_c1a33977175a4862937665ce,09aca9a613e520da09367dfa63913abd5c39d28d24d3b848bb4dcb0653d7420f,legacy-derived artifact; exact inputs/version not recorded,unknown,unresolved_legacy_lineage,2026-10-03T19:01:58.485548+00:00
processed/extracted_items/ntpc_text/29476_NIT_Download.txt,source_c1a33977175a4862937665ce,602a7fb1809018f245331f8a4f4e637ddd20f81cd2e7a5e50d2c0b65e2acaab8,legacy-derived artifact; exact inputs/version not recorded,unknown,unresolved_legacy_lineage,2026-10-03T19:01:58.485548+00:00
processed/extracted_items/ntpc_text/29477_NIT_Download.txt,source_c1a33977175a4862937665ce,1e84a50155efb6c9323a4d7532c5a0cd01463c2036bb36780a2d852cbf5a7e13,legacy-derived artifact; exact inputs/version not recorded,unknown,unresolved_legacy_lineage,2026-10-03T19:01:58.485548+00:00
processed/extracted_items/ntpc_text/29478_NIT_Download.txt,source_c1a33977175a4862937665ce,6487b2ce399150faee06f086118e118ef931e809c9bdb3f13c1d406490387aab,legacy-derived artifact; exact inputs/version not recorded,unknown,unresolved_legacy_lineage,2026-10-03T19:01:58.485548+00:00
processed/extracted_items/ntpc_text/29479_NIT_Download.txt,source_c1a33977175a4862937665ce,355d092feaf03c17bcff3ef3c7686b42372fac8d57963a31656511dd3c75dac7,legacy-derived artifact; exact inputs/version not recorded,unknown,unresolved_legacy_lineage,2026-10-03T19:01:58.485548+00:00
processed/extracted_items/ntpc_text/29480_NIT_Download.txt,source_c1a33977175a4862937665ce,7be368063863de36e38a34643df6b3df02640c02ba2a91dd99613c1dc8df28f3,legacy-derived artifact; exact inputs/version not recorded,unknown,unresolved_legacy_lineage,2026-10-03T19:01:58.485548+00:00
processed/extracted_items/ntpc_text/29481_NIT_Download.txt,source_c1a33977175a4862937665ce,ef750acd926af84804524d7af0cc4f14ac99192b212ca105a7dbdaa05f6cf857,legacy-derived artifact; exact inputs/version not recorded,unknown,unresolved_legacy_lineage,2026-10-03T19:01:58.485548+00:00
processed/extracted_items/ntpc_text/29482_NIT_Download.txt,source_c1a33977175a4862937665ce,dc091493e905dd843adad1157389b69da3e764edcc1d43e823e96c0e21bb215b,legacy-derived artifact; exact inputs/version not recorded,unknown,unresolved_legacy_lineage,2026-10-03T19:01:58.485548+00:00
processed/extracted_items/ntpc_text/29483_NIT_Download.txt,source_c1a33977175a4862937665ce,c379393e58a9f1ae18e1e68a04131f1e627d3a25d9caf694985555afec0c0699,legacy-derived artifact; exact inputs/version not recorded,unknown,unresolved_legacy_lineage,2026-10-03T19:01:58.485548+00:00
processed/extracted_items/ntpc_text/29484_NIT_Download.txt,source_c1a33977175a4862937665ce,46b577a6f2ae45ca2c2601143037255ba2ef71df3fcc254d98068c1481fb1a6a,legacy-derived artifact; exact inputs/version not recorded,unknown,unresolved_legacy_lineage,2026-10-03T19:01:58.485548+00:00
processed/extracted_items/ntpc_text/29485_NIT_Download.txt,source_c1a33977175a4862937665ce,857d977421cf8a284cea520c07cc66a7f8c9f6e43cbae6137074acdae85662fa,legacy-derived artifact; exact inputs/version not recorded,unknown,unresolved_legacy_lineage,2026-10-03T19:01:58.485548+00:00
processed/extracted_items/ntpc_text/29486_NIT_Download.txt,source_c1a33977175a4862937665ce,c44030f6d546c1fc0ec55bc8772dbde669eb833adcdce0e4130a4c555a2e3798,legacy-derived artifact; exact inputs/version not recorded,unknown,unresolved_legacy_lineage,2026-10-03T19:01:58.485548+00:00
processed/extracted_items/ntpc_text/29487_NIT_Download.txt,source_c1a33977175a4862937665ce,7ef8029fa8c55a13f453cc49fc4b38b7531f530076498d12fa37c6f858f8148c,legacy-derived artifact; exact inputs/version not recorded,unknown,unresolved_legacy_lineage,2026-10-03T19:01:58.485548+00:00
processed/extracted_items/ntpc_text/29488_Click_here_to_view_Salient_Technical_Features.txt,source_c1a33977175a4862937665ce,90439a9a12946bac7b280879079ef4282becc90d643b76229ca92e66a0924a9b,legacy-derived artifact; exact inputs/version not recorded,unknown,unresolved_legacy_lineage,2026-10-03T19:01:58.485548+00:00
processed/extracted_items/ntpc_text/29488_cor_29488_1_1.txt,source_c1a33977175a4862937665ce,d902a9824d274586f97383ef570aa7977294b313bda1a387cbe9859e3eed774b,legacy-derived artifact; exact inputs/version not recorded,unknown,unresolved_legacy_lineage,2026-10-03T19:01:58.485548+00:00
processed/extracted_items/ntpc_text/29488_NIT_Download.txt,source_c1a33977175a4862937665ce,b38e1b44a2a43e0ae510105309fe27007c51aeb5b99ea111cc0534335c5ad158,legacy-derived artifact; exact inputs/version not recorded,unknown,unresolved_legacy_lineage,2026-10-03T19:01:58.485548+00:00
processed/extracted_items/ntpc_text/29489_NIT_Download.txt,source_c1a33977175a4862937665ce,95b13dfa98c8e4e2c74696551d1a7669f07b616f0a2eb9b8ceb0675d9dabf7e7,legacy-derived artifact; exact inputs/version not recorded,unknown,unresolved_legacy_lineage,2026-10-03T19:01:58.485548+00:00
processed/extracted_items/ntpc_text/29490_NIT_Download.txt,source_c1a33977175a4862937665ce,ea6e621debf731ccaff1fab9754fdefb7a557529cd39c99ab9bab3ed47ee6155,legacy-derived artifact; exact inputs/version not recorded,unknown,unresolved_legacy_lineage,2026-10-03T19:01:58.485548+00:00
processed/extracted_items/ntpc_text/29491_NIT_Download.txt,source_c1a33977175a4862937665ce,fe69352a16ad4477030de7e1d7464fd27f1e42bf75ab9ca245292758ca3d1b5a,legacy-derived artifact; exact inputs/version not recorded,unknown,unresolved_legacy_lineage,2026-10-03T19:01:58.485548+00:00
processed/extracted_items/ntpc_text/29492_NIT_Download.txt,source_c1a33977175a4862937665ce,0a90e88c241d54bfaf4d301da9b9e2e7f89258474544812465641273097c492c,legacy-derived artifact; exact inputs/version not recorded,unknown,unresolved_legacy_lineage,2026-10-03T19:01:58.485548+00:00
processed/extracted_items/ntpc_text/29493_NIT_Download.txt,source_c1a33977175a4862937665ce,4a5ea4bb9e4f83ebb0befc4d8c06c4949448caecec9fd3465436d97f4ccbe3ba,legacy-derived artifact; exact inputs/version not recorded,unknown,unresolved_legacy_lineage,2026-10-03T19:01:58.485548+00:00
processed/extracted_items/ntpc_text/29494_NIT_Download.txt,source_c1a33977175a4862937665ce,af018477084dfb667d866b5882305fc3ab5f37ecd9b353a1d119eb78eaf5e4f4,legacy-derived artifact; exact inputs/version not recorded,unknown,unresolved_legacy_lineage,2026-10-03T19:01:58.485548+00:00
processed/extracted_items/ntpc_text/29495_NIT_Download.txt,source_c1a33977175a4862937665ce,106b7202007dda41d44891a39eac8738ce4f58927bdf852888b77a21318df4d9,legacy-derived artifact; exact inputs/version not recorded,unknown,unresolved_legacy_lineage,2026-10-03T19:01:58.485548+00:00
processed/extracted_items/ntpc_text/29496_NIT_Download.txt,source_c1a33977175a4862937665ce,1cf64a6ba81c9a2599e647c5d1bf6cff25426d9d2e2cc9ebe39205dae070129f,legacy-derived artifact; exact inputs/version not recorded,unknown,unresolved_legacy_lineage,2026-10-03T19:01:58.485548+00:00
processed/extracted_items/ntpc_text/29497_NIT_Download.txt,source_c1a33977175a4862937665ce,023cf5fd4c4874f8528e52b3a353fdbf03966546aaf4accbf27f66ba61331bdc,legacy-derived artifact; exact inputs/version not recorded,unknown,unresolved_legacy_lineage,2026-10-03T19:01:58.485548+00:00
processed/extracted_items/ntpc_text/29498_NIT_Download.txt,source_c1a33977175a4862937665ce,7940ec5eb9fb9dff5c97cea4642df13419f4cee510fb0fc6fec5c5456470be52,legacy-derived artifact; exact inputs/version not recorded,unknown,unresolved_legacy_lineage,2026-10-03T19:01:58.485548+00:00
processed/extracted_items/ntpc_text/29499_NIT_Download.txt,source_c1a33977175a4862937665ce,53619beed70b107b9886f71909f28870d42eb42dfd406729f68d569922529edf,legacy-derived artifact; exact inputs/version not recorded,unknown,unresolved_legacy_lineage,2026-10-03T19:01:58.485548+00:00
processed/extracted_items/ntpc_text/29500_NIT_Download.txt,source_c1a33977175a4862937665ce,c7da9ac3137c049d4bd6fac9234c348d30c854b1ea2dfc359cd04e93700f9757,legacy-derived artifact; exact inputs/version not recorded,unknown,unresolved_legacy_lineage,2026-10-03T19:01:58.485548+00:00
processed/extracted_items/ntpc_text/29501_NIT_Download.txt,source_c1a33977175a4862937665ce,67e061665fd95f9be6f0d154caf09d6fc3c918f66baca50839f7034e4f77a4bd,legacy-derived artifact; exact inputs/version not recorded,unknown,unresolved_legacy_lineage,2026-10-03T19:01:58.485548+00:00
processed/extracted_items/ntpc_text/29502_NIT_Download.txt,source_c1a33977175a4862937665ce,11392a9c7e614470cd37493bf9593c2b99c6344110d5aa27ba1d102edd6571d4,legacy-derived artifact; exact inputs/version not recorded,unknown,unresolved_legacy_lineage,2026-10-03T19:01:58.485548+00:00
processed/extracted_items/ntpc_text/29503_cor_29503_2_1.txt,source_c1a33977175a4862937665ce,a26212f079e1562c5070e2687f364c0594d060e8aeab85b576c6d29b8a815a6f,legacy-derived artifact; exact inputs/version not recorded,unknown,unresolved_legacy_lineage,2026-10-03T19:01:58.485548+00:00
processed/extracted_items/ntpc_text/29503_NIT_Download.txt,source_c1a33977175a4862937665ce,1e33f3c8ddd7bfbdcd756da5fc4d598be9961228c08eafa43fb180e84e6e929b,legacy-derived artifact; exact inputs/version not recorded,unknown,unresolved_legacy_lineage,2026-10-03T19:01:58.485548+00:00
processed/extracted_items/ntpc_text/29504_NIT_Download.txt,source_c1a33977175a4862937665ce,4e4a39107071e9ffc5e34e2afddbd9c5f59b5aedf7a0c4f8ed79d695aebd697d,legacy-derived artifact; exact inputs/version not recorded,unknown,unresolved_legacy_lineage,2026-10-03T19:01:58.485548+00:00
processed/extracted_items/ntpc_text/29505_NIT_Download.txt,source_c1a33977175a4862937665ce,bd20cb34ec2079bcf4863b1d8a2dcdbba0b835b7f9b340ab9db68edf8f811c12,legacy-derived artifact; exact inputs/version not recorded,unknown,unresolved_legacy_lineage,2026-10-03T19:01:58.485548+00:00
processed/extracted_items/ntpc_text/29506_NIT_Download.txt,source_c1a33977175a4862937665ce,99e34262946f3721e9407e0483dfbc5b22729244a14ea7e636e3478d388c7ee6,legacy-derived artifact; exact inputs/version not recorded,unknown,unresolved_legacy_lineage,2026-10-03T19:01:58.485548+00:00
processed/extracted_items/ntpc_text/29507_NIT_Download.txt,source_c1a33977175a4862937665ce,a55c665cacc7c26f8c289e0d116a34b054063a9436ee34b2cf5021197a288e02,legacy-derived artifact; exact inputs/version not recorded,unknown,unresolved_legacy_lineage,2026-10-03T19:01:58.485548+00:00
processed/extracted_items/ntpc_text/29508_NIT_Download.txt,source_c1a33977175a4862937665ce,6054792a8e4d17abdef2349463687534724e0329986bfb607e798acb26ef0745,legacy-derived artifact; exact inputs/version not recorded,unknown,unresolved_legacy_lineage,2026-10-03T19:01:58.485548+00:00
processed/extracted_items/ntpc_text/29509_NIT_Download.txt,source_c1a33977175a4862937665ce,d3f098a672f97cc24426255e0147049e5dd92512f0da67a240e3485e92ac9510,legacy-derived artifact; exact inputs/version not recorded,unknown,unresolved_legacy_lineage,2026-10-03T19:01:58.485548+00:00
processed/extracted_items/ntpc_text/29510_NIT_Download.txt,source_c1a33977175a4862937665ce,4e325de37fa20cfa33b18f48dd04650d941eb25ad81ea524950e443778435334,legacy-derived artifact; exact inputs/version not recorded,unknown,unresolved_legacy_lineage,2026-10-03T19:01:58.485548+00:00
processed/extracted_items/ntpc_text/29511_NIT_Download.txt,source_c1a33977175a4862937665ce,2f07608e77198b0b980ab9ea3c26224927d40727836d09ea7ff1eee990b744d8,legacy-derived artifact; exact inputs/version not recorded,unknown,unresolved_legacy_lineage,2026-10-03T19:01:58.485548+00:00
processed/extracted_items/ntpc_text/29512_NIT_Download.txt,source_c1a33977175a4862937665ce,e63a4d3d5f544b468de60d95319744f652687c9bfd7eb2f712a84fc8945681eb,legacy-derived artifact; exact inputs/version not recorded,unknown,unresolved_legacy_lineage,2026-10-03T19:01:58.485548+00:00
processed/extracted_items/ntpc_text/29513_NIT_Download.txt,source_c1a33977175a4862937665ce,7bf9c21f7e84976df9f18c08aef4e7280c500b1b9df088f223e0f0b5f7220f83,legacy-derived artifact; exact inputs/version not recorded,unknown,unresolved_legacy_lineage,2026-10-03T19:01:58.485548+00:00
processed/extracted_items/ntpc_text/29514_NIT_Download.txt,source_c1a33977175a4862937665ce,4c5afe28d89a4b1f7e72405293fa03d37baf85cb0ab819811ac65f6dd85c64e6,legacy-derived artifact; exact inputs/version not recorded,unknown,unresolved_legacy_lineage,2026-10-03T19:01:58.485548+00:00
processed/extracted_items/ntpc_text/29515_NIT_Download.txt,source_c1a33977175a4862937665ce,a009737f36ec146e8a5c8fdf056b10df4641c4a11948a07d3ae657548d4502f6,legacy-derived artifact; exact inputs/version not recorded,unknown,unresolved_legacy_lineage,2026-10-03T19:01:58.485548+00:00
processed/extracted_items/ntpc_text/29516_NIT_Download.txt,source_c1a33977175a4862937665ce,b7353e55f458ea15def7dc7df483af0870fbffc33d2c6b1ebf62a3cf047c2504,legacy-derived artifact; exact inputs/version not recorded,unknown,unresolved_legacy_lineage,2026-10-03T19:01:58.485548+00:00
processed/extracted_items/ntpc_text/29517_NIT_Download.txt,source_c1a33977175a4862937665ce,4d243cfe0ed6476fdf8a9a50a5e88a8e3a93a9d20598509f4c41134c6a58d4e5,legacy-derived artifact; exact inputs/version not recorded,unknown,unresolved_legacy_lineage,2026-10-03T19:01:58.485548+00:00
processed/extracted_items/ntpc_text/29518_NIT_Download.txt,source_c1a33977175a4862937665ce,9270e163a60690291002436adfc3af2f339c38fb412290caec0e4cd4b1cb3e6f,legacy-derived artifact; exact inputs/version not recorded,unknown,unresolved_legacy_lineage,2026-10-03T19:01:58.485548+00:00
processed/extracted_items/ntpc_text/29519_NIT_Download.txt,source_c1a33977175a4862937665ce,fc17052149d6e8827af367f9a0a04cd6eee70fea2a3373a11e46930a8c6104bf,legacy-derived artifact; exact inputs/version not recorded,unknown,unresolved_legacy_lineage,2026-10-03T19:01:58.485548+00:00
processed/extracted_items/ntpc_text/29520_NIT_Download.txt,source_c1a33977175a4862937665ce,63971bf3c0bc5cac2fb2dd89fe8f55e659b2436df2c90198eb2071f8a1fd8a7d,legacy-derived artifact; exact inputs/version not recorded,unknown,unresolved_legacy_lineage,2026-10-03T19:01:58.485548+00:00
processed/extracted_items/ntpc_text/29521_NIT_Download.txt,source_c1a33977175a4862937665ce,59b576bac759d2680ada4558b30584ac9b5d030dc5a3739bc40648c733efb783,legacy-derived artifact; exact inputs/version not recorded,unknown,unresolved_legacy_lineage,2026-10-03T19:01:58.485548+00:00
processed/extracted_items/ntpc_text/29522_NIT_Download.txt,source_c1a33977175a4862937665ce,fff2d4b437e43d597ada72a8ee4a18929ae7c0d6ec948c635f084afe7405e809,legacy-derived artifact; exact inputs/version not recorded,unknown,unresolved_legacy_lineage,2026-10-03T19:01:58.485548+00:00
processed/extracted_items/ntpc_text/29523_NIT_Download.txt,source_c1a33977175a4862937665ce,37c8fb6d5d8e7d66bc371c62519aea4bfacbd27b261a9c6683e082595bd16b05,legacy-derived artifact; exact inputs/version not recorded,unknown,unresolved_legacy_lineage,2026-10-03T19:01:58.485548+00:00
processed/extracted_items/ntpc_text/29524_NIT_Download.txt,source_c1a33977175a4862937665ce,2cd6b8de1cc9fa9f73b9ea71e2942cd7fd29c36fadab2053bd264769df065e6d,legacy-derived artifact; exact inputs/version not recorded,unknown,unresolved_legacy_lineage,2026-10-03T19:01:58.485548+00:00
processed/extracted_items/ntpc_text/29525_NIT_Download.txt,source_c1a33977175a4862937665ce,2937bc62e280324598d89cb43ab7d90fd80565fa5b7fade3ac71a6827f824174,legacy-derived artifact; exact inputs/version not recorded,unknown,unresolved_legacy_lineage,2026-10-03T19:01:58.485548+00:00
processed/extracted_items/ntpc_text/29526_NIT_Download.txt,source_c1a33977175a4862937665ce,2f5a541634e35cf2fb1ab43573349d06544ed919d75176a84eeab3cf39d4bf6d,legacy-derived artifact; exact inputs/version not recorded,unknown,unresolved_legacy_lineage,2026-10-03T19:01:58.485548+00:00
processed/extracted_items/ntpc_text/29527_NIT_Download.txt,source_c1a33977175a4862937665ce,0553790c5754dadcd664853ae8b15cbc03b48a1d436141c639303796bbea522c,legacy-derived artifact; exact inputs/version not recorded,unknown,unresolved_legacy_lineage,2026-10-03T19:01:58.485548+00:00
processed/extracted_items/ntpc_text/29528_NIT_Download.txt,source_c1a33977175a4862937665ce,44175096fe6443128b13089a4ceed9eefe33ada616a902386df0b62da3f12f21,legacy-derived artifact; exact inputs/version not recorded,unknown,unresolved_legacy_lineage,2026-10-03T19:01:58.485548+00:00
processed/extracted_items/ntpc_text/29529_NIT_Download.txt,source_c1a33977175a4862937665ce,10450fc34492648ca45e048d63617c30d081eed663c0dac01ec9a9eebd5f4432,legacy-derived artifact; exact inputs/version not recorded,unknown,unresolved_legacy_lineage,2026-10-03T19:01:58.485548+00:00
processed/extracted_items/ntpc_text/29530_NIT_Download.txt,source_c1a33977175a4862937665ce,eb5143314342acb786a0a181348db498076a33804990cfaff19e22a681d623df,legacy-derived artifact; exact inputs/version not recorded,unknown,unresolved_legacy_lineage,2026-10-03T19:01:58.485548+00:00
processed/extracted_items/ntpc_text/29531_NIT_Download.txt,source_c1a33977175a4862937665ce,8f210c9826043342aca90ce28e68e942c01278c959391eaba7c3c660269902ba,legacy-derived artifact; exact inputs/version not recorded,unknown,unresolved_legacy_lineage,2026-10-03T19:01:58.485548+00:00
processed/extracted_items/ntpc_text/29532_NIT_Download.txt,source_c1a33977175a4862937665ce,5c73338c4ad7c1bac34465e719fd5d470ac038b4d58c2abb7552e30744660ea5,legacy-derived artifact; exact inputs/version not recorded,unknown,unresolved_legacy_lineage,2026-10-03T19:01:58.485548+00:00
processed/extracted_items/ntpc_text/29533_NIT_Download.txt,source_c1a33977175a4862937665ce,3b01a6ec19149679b06ce8c85d97999c399a79d92f8be2068a5df1e916aa1a1a,legacy-derived artifact; exact inputs/version not recorded,unknown,unresolved_legacy_lineage,2026-10-03T19:01:58.485548+00:00
processed/extracted_items/ntpc_text/29534_NIT_Download.txt,source_c1a33977175a4862937665ce,3e994e0757974053fc0a39bcb23f7f98a72eb5e45eaea7223b161d9d57c483c4,legacy-derived artifact; exact inputs/version not recorded,unknown,unresolved_legacy_lineage,2026-10-03T19:01:58.485548+00:00
processed/extracted_items/ntpc_text/29535_cor_29535_4_1.txt,source_c1a33977175a4862937665ce,65edec9698a152f11a69b76294247be15bee7da86e1b72fd5d6aa6d125dfabe3,legacy-derived artifact; exact inputs/version not recorded,unknown,unresolved_legacy_lineage,2026-10-03T19:01:58.485548+00:00
processed/extracted_items/ntpc_text/29535_NIT_Download.txt,source_c1a33977175a4862937665ce,f68b8a0af1f30def88e1bde354fee33d3eba01d2ad7b2b7abf44f21d81a32524,legacy-derived artifact; exact inputs/version not recorded,unknown,unresolved_legacy_lineage,2026-10-03T19:01:58.485548+00:00
processed/extracted_items/ntpc_text/29536_NIT_Download.txt,source_c1a33977175a4862937665ce,921be834bc5fc24dfa92c6251ecdbd92ca45617a064ffd93d760a258e63ed75f,legacy-derived artifact; exact inputs/version not recorded,unknown,unresolved_legacy_lineage,2026-10-03T19:01:58.485548+00:00
processed/extracted_items/ntpc_text/29537_NIT_Download.txt,source_c1a33977175a4862937665ce,46c8b2a64f24b4d6ba60b51187a74d76e653caa3b6df21eaeca1d4bfc9670634,legacy-derived artifact; exact inputs/version not recorded,unknown,unresolved_legacy_lineage,2026-10-03T19:01:58.485548+00:00
processed/extracted_items/ntpc_text/29538_NIT_Download.txt,source_c1a33977175a4862937665ce,75a11da44c802486bc6f65640aa48a730f0f684c5c07a42ba3cd1735eb3fb070,legacy-derived artifact; exact inputs/version not recorded,unknown,unresolved_legacy_lineage,2026-10-03T19:01:58.485548+00:00
processed/extracted_items/ntpc_text/29539_NIT_Download.txt,source_c1a33977175a4862937665ce,37b6ac629084c2954d4df830ed2136747058b9e88b0b5ad7cb782c636b2b4e8d,legacy-derived artifact; exact inputs/version not recorded,unknown,unresolved_legacy_lineage,2026-10-03T19:01:58.485548+00:00
processed/extracted_items/ntpc_text/29540_NIT_Download.txt,source_c1a33977175a4862937665ce,852ac64a205db11d678eeef2d95b6ef62f595891546b33347e5c0797fdf6adaf,legacy-derived artifact; exact inputs/version not recorded,unknown,unresolved_legacy_lineage,2026-10-03T19:01:58.485548+00:00
processed/extracted_items/ntpc_text/29541_NIT_Download.txt,source_c1a33977175a4862937665ce,2d885addf3c7eaa7c61b05e2884953ed982a92b3e996df6e32a41724da1e8725,legacy-derived artifact; exact inputs/version not recorded,unknown,unresolved_legacy_lineage,2026-10-03T19:01:58.485548+00:00
processed/extracted_items/ntpc_text/29542_NIT_Download.txt,source_c1a33977175a4862937665ce,1697a5aa8972eb9aa7d565dba4617e26f50c6cef9ee58817e87126c7ada5d48a,legacy-derived artifact; exact inputs/version not recorded,unknown,unresolved_legacy_lineage,2026-10-03T19:01:58.485548+00:00
processed/extracted_items/ntpc_text/29543_NIT_Download.txt,source_c1a33977175a4862937665ce,0c1f305a14a1734ad9ebdd72d5574a0067ab3ff0ac2575b6af3b431f8c4989cb,legacy-derived artifact; exact inputs/version not recorded,unknown,unresolved_legacy_lineage,2026-10-03T19:01:58.485548+00:00
processed/extracted_items/ntpc_text/29544_NIT_Download.txt,source_c1a33977175a4862937665ce,466018b393e53673dc73bc601b53dcb5c109a6e71a7648170c62a967bbabc267,legacy-derived artifact; exact inputs/version not recorded,unknown,unresolved_legacy_lineage,2026-10-03T19:01:58.485548+00:00
processed/extracted_items/ntpc_text/29545_NIT_Download.txt,source_c1a33977175a4862937665ce,be006a231b494b1c5726d58b2f0c7611fba4f3882a93dff46c152f044ce72bcb,legacy-derived artifact; exact inputs/version not recorded,unknown,unresolved_legacy_lineage,2026-10-03T19:01:58.485548+00:00
processed/extracted_items/ntpc_text/29546_NIT_Download.txt,source_c1a33977175a4862937665ce,91ad570fbde48959c64efb87b4f13fad249bc43053f5fff532070d90db647ec3,legacy-derived artifact; exact inputs/version not recorded,unknown,unresolved_legacy_lineage,2026-10-03T19:01:58.485548+00:00
processed/extracted_items/ntpc_text/29547_NIT_Download.txt,source_c1a33977175a4862937665ce,4de2d4dbb6c00c189ba5b647c151bf19790a9359431776f3891aa4ffdb2d505a,legacy-derived artifact; exact inputs/version not recorded,unknown,unresolved_legacy_lineage,2026-10-03T19:01:58.485548+00:00
processed/extracted_items/ntpc_text/29548_NIT_Download.txt,source_c1a33977175a4862937665ce,314dc4cb0962acd009ff5a78de9a4dc4c0db04b3ee297cefce7b4cc6b2bd6e19,legacy-derived artifact; exact inputs/version not recorded,unknown,unresolved_legacy_lineage,2026-10-03T19:01:58.485548+00:00
processed/extracted_items/ntpc_text/29549_NIT_Download.txt,source_c1a33977175a4862937665ce,3c73ca432d817ce89c26a692a83012ab3f8d701f28541815d43ac4ae7f842fe9,legacy-derived artifact; exact inputs/version not recorded,unknown,unresolved_legacy_lineage,2026-10-03T19:01:58.485548+00:00
processed/extracted_items/ntpc_text/29550_NIT_Download.txt,source_c1a33977175a4862937665ce,d2c3f78c41d77ff4c251f5da151f5bebd1bcfb825bc974cae7ae8555bd5167ec,legacy-derived artifact; exact inputs/version not recorded,unknown,unresolved_legacy_lineage,2026-10-03T19:01:58.485548+00:00
processed/extracted_items/ntpc_text/29551_NIT_Download.txt,source_c1a33977175a4862937665ce,3beca145026cd9a95ff0a6e47c36e8ecde235e613284cabe5405d40c0ef12b88,legacy-derived artifact; exact inputs/version not recorded,unknown,unresolved_legacy_lineage,2026-10-03T19:01:58.485548+00:00
processed/extracted_items/ntpc_text/29552_NIT_Download.txt,source_c1a33977175a4862937665ce,3b1a9f339e6c238075ddcc8e9ea29d680d9619d80ba5c8e2ea50ea6a4b109fda,legacy-derived artifact; exact inputs/version not recorded,unknown,unresolved_legacy_lineage,2026-10-03T19:01:58.485548+00:00
processed/extracted_items/ntpc_text/29553_NIT_Download.txt,source_c1a33977175a4862937665ce,62083a5604d03ea86b89e948c7a6c221719d0f0db55413c8f3f001b22146132d,legacy-derived artifact; exact inputs/version not recorded,unknown,unresolved_legacy_lineage,2026-10-03T19:01:58.485548+00:00
processed/extracted_items/ntpc_text/29554_NIT_Download.txt,source_c1a33977175a4862937665ce,291087f57e8cc26fa4d6c5df1deaea47ec997617dc56f025d2ade10f541fe857,legacy-derived artifact; exact inputs/version not recorded,unknown,unresolved_legacy_lineage,2026-10-03T19:01:58.485548+00:00
processed/extracted_items/ntpc_text/29555_NIT_Download.txt,source_c1a33977175a4862937665ce,a67bce1b4e504e59fd7d94cdbd6d17fde4f05eb3d81d87da6dc52a096d854e28,legacy-derived artifact; exact inputs/version not recorded,unknown,unresolved_legacy_lineage,2026-10-03T19:01:58.485548+00:00
processed/extracted_items/ntpc_text/29556_NIT_Download.txt,source_c1a33977175a4862937665ce,ebdec1ef9655f616b0abaf0061c1c79e2d5b56d7bc86a35273bcd42e37f9ee25,legacy-derived artifact; exact inputs/version not recorded,unknown,unresolved_legacy_lineage,2026-10-03T19:01:58.485548+00:00
processed/extracted_items/ntpc_text/29557_NIT_Download.txt,source_c1a33977175a4862937665ce,00e87c064eb0b8aebfde59615deebc7fd35b090f195de5b29b1dd6c22177194c,legacy-derived artifact; exact inputs/version not recorded,unknown,unresolved_legacy_lineage,2026-10-03T19:01:58.485548+00:00
processed/extracted_items/ntpc_text/29558_NIT_Download.txt,source_c1a33977175a4862937665ce,9b284ee5e7a858ad8737db0d6efdc30ffbb3ff906571494a7820638d40d091df,legacy-derived artifact; exact inputs/version not recorded,unknown,unresolved_legacy_lineage,2026-10-03T19:01:58.485548+00:00
processed/extracted_items/ntpc_text/29559_NIT_Download.txt,source_c1a33977175a4862937665ce,27c8e3fd85642300a045a9c1ff050086a819fb7ac9b61c79a4f249208c837208,legacy-derived artifact; exact inputs/version not recorded,unknown,unresolved_legacy_lineage,2026-10-03T19:01:58.485548+00:00
processed/extracted_items/ntpc_text/29560_NIT_Download.txt,source_c1a33977175a4862937665ce,039620f3d9d590b19939a3f9a3a39d952153b5033893da3ccd5ecd2b221485d3,legacy-derived artifact; exact inputs/version not recorded,unknown,unresolved_legacy_lineage,2026-10-03T19:01:58.485548+00:00
processed/extracted_items/ntpc_text/29561_NIT_Download.txt,source_c1a33977175a4862937665ce,6bac2e6bf23780daeb21a7f495e05e13667072bb2a9a8f02f838ac83146c41b6,legacy-derived artifact; exact inputs/version not recorded,unknown,unresolved_legacy_lineage,2026-10-03T19:01:58.485548+00:00
processed/extracted_items/ntpc_text/29562_NIT_Download.txt,source_c1a33977175a4862937665ce,7502041c71d9c9bf42ef32767600ca3810859bd9581c99b2b7e73d7f6984e851,legacy-derived artifact; exact inputs/version not recorded,unknown,unresolved_legacy_lineage,2026-10-03T19:01:58.485548+00:00
processed/extracted_items/ntpc_text/29563_NIT_Download.txt,source_c1a33977175a4862937665ce,bfb1851544873864612097532ff49b41766018d76a352a54d3a39666b39c44d8,legacy-derived artifact; exact inputs/version not recorded,unknown,unresolved_legacy_lineage,2026-10-03T19:01:58.485548+00:00
processed/extracted_items/ntpc_text/29564_NIT_Download.txt,source_c1a33977175a4862937665ce,14e21b8f98c84d3afe0ec34bcc7f97bc421658ebc69dc8dcf4aa265768e2ab5c,legacy-derived artifact; exact inputs/version not recorded,unknown,unresolved_legacy_lineage,2026-10-03T19:01:58.485548+00:00
processed/extracted_items/ntpc_text/29565_NIT_Download.txt,source_c1a33977175a4862937665ce,251a96ab46a9406edeae078a1e7b1dd99c43e4fbda98af308116325cbbf9a54e,legacy-derived artifact; exact inputs/version not recorded,unknown,unresolved_legacy_lineage,2026-10-03T19:01:58.485548+00:00
processed/extracted_items/ntpc_text/29566_NIT_Download.txt,source_c1a33977175a4862937665ce,75a11da44c802486bc6f65640aa48a730f0f684c5c07a42ba3cd1735eb3fb070,legacy-derived artifact; exact inputs/version not recorded,unknown,unresolved_legacy_lineage,2026-10-03T19:01:58.485548+00:00
processed/extracted_items/ntpc_text/29567_NIT_Download.txt,source_c1a33977175a4862937665ce,e8dbf566b34c530cb3de36d2eb69808efc578dae60c7aeeb1ac05908e60dc2c1,legacy-derived artifact; exact inputs/version not recorded,unknown,unresolved_legacy_lineage,2026-10-03T19:01:58.485548+00:00
processed/extracted_items/ntpc_text/29568_cor_29568_1_1.txt,source_c1a33977175a4862937665ce,47c43764423fa768a619ee8dcc0a0eafeca4ae973c88574d7b1ceba0605c23f4,legacy-derived artifact; exact inputs/version not recorded,unknown,unresolved_legacy_lineage,2026-10-03T19:01:58.485548+00:00
processed/extracted_items/ntpc_text/29568_NIT_Download.txt,source_c1a33977175a4862937665ce,945210ded8a060c16ce6b9e2e616ea83fbe8e8bff9d27a9b10a642a174de341c,legacy-derived artifact; exact inputs/version not recorded,unknown,unresolved_legacy_lineage,2026-10-03T19:01:58.485548+00:00
processed/extracted_items/ntpc_text/29569_NIT_Download.txt,source_c1a33977175a4862937665ce,a00c1d9c72c75dd8544aa3c3e61cafa87e159f3809ec45b21f6a34daf99a93be,legacy-derived artifact; exact inputs/version not recorded,unknown,unresolved_legacy_lineage,2026-10-03T19:01:58.485548+00:00
processed/extracted_items/ntpc_text/29570_NIT_Download.txt,source_c1a33977175a4862937665ce,41a3989673b252432c5a3f541140d75229c73ebc42e19d083438d4d398fe8f92,legacy-derived artifact; exact inputs/version not recorded,unknown,unresolved_legacy_lineage,2026-10-03T19:01:58.485548+00:00
processed/extracted_items/ntpc_text/29571_NIT_Download.txt,source_c1a33977175a4862937665ce,672ad03e421d29a66ff9644c98b382fe1837069a06611549e57afe67bd4f6e11,legacy-derived artifact; exact inputs/version not recorded,unknown,unresolved_legacy_lineage,2026-10-03T19:01:58.485548+00:00
processed/extracted_items/ntpc_text/29572_NIT_Download.txt,source_c1a33977175a4862937665ce,44350f676f686d6c46a1e7f280566fde6746f3f57fc33ae9f3361b7900636c1f,legacy-derived artifact; exact inputs/version not recorded,unknown,unresolved_legacy_lineage,2026-10-03T19:01:58.485548+00:00
processed/extracted_items/ntpc_text/29573_NIT_Download.txt,source_c1a33977175a4862937665ce,8d03cb5ec7299acd6865e7b0e69260c2e1e00b81f1a706056bf79de0bf39bfde,legacy-derived artifact; exact inputs/version not recorded,unknown,unresolved_legacy_lineage,2026-10-03T19:01:58.485548+00:00
processed/extracted_items/ntpc_text/29574_cor_29574_1_1.txt,source_c1a33977175a4862937665ce,43f1e67c238ded2cc03dbc9a357a3fca6226aeea655790c81f258bf7136b6235,legacy-derived artifact; exact inputs/version not recorded,unknown,unresolved_legacy_lineage,2026-10-03T19:01:58.485548+00:00
processed/extracted_items/ntpc_text/29574_NIT_Download.txt,source_c1a33977175a4862937665ce,bf42af6a5f799f02eef2c465b06687cbc40f481838e88afbef1cc67e33189259,legacy-derived artifact; exact inputs/version not recorded,unknown,unresolved_legacy_lineage,2026-10-03T19:01:58.485548+00:00
processed/extracted_items/ntpc_text/29575_NIT_Download.txt,source_c1a33977175a4862937665ce,51069f7f99d39dd6ac08cc292e9c2e6982a9e813187671463404eb36919e48f8,legacy-derived artifact; exact inputs/version not recorded,unknown,unresolved_legacy_lineage,2026-10-03T19:01:58.485548+00:00
processed/extracted_items/ntpc_text/29576_NIT_Download.txt,source_c1a33977175a4862937665ce,fea842ab42d22710fb2c1f9467e6d38ba8a799d59411e4f29140968f3e9ec2ff,legacy-derived artifact; exact inputs/version not recorded,unknown,unresolved_legacy_lineage,2026-10-03T19:01:58.485548+00:00
processed/extracted_items/ntpc_text/29577_NIT_Download.txt,source_c1a33977175a4862937665ce,5b91ba007b48bb39605b994238ff1e7199484447f191de6f0098237243d4b88f,legacy-derived artifact; exact inputs/version not recorded,unknown,unresolved_legacy_lineage,2026-10-03T19:01:58.485548+00:00
processed/extracted_items/ntpc_text/29578_NIT_Download.txt,source_c1a33977175a4862937665ce,4e890eb7f88f584f58eb32837d3260ab68f851fc3720c53df27ba548de0ee082,legacy-derived artifact; exact inputs/version not recorded,unknown,unresolved_legacy_lineage,2026-10-03T19:01:58.485548+00:00
processed/extracted_items/ntpc_text/29579_NIT_Download.txt,source_c1a33977175a4862937665ce,7490c82dca7d784d854a0a6776e4b793992c2605f5b31b823f052c60ed591ccf,legacy-derived artifact; exact inputs/version not recorded,unknown,unresolved_legacy_lineage,2026-10-03T19:01:58.485548+00:00
processed/extracted_items/ntpc_text/29580_NIT_Download.txt,source_c1a33977175a4862937665ce,b40dcbafb8897c27f0eb3c1735f38df757bfcdba92c4657a1c818081c918e7c7,legacy-derived artifact; exact inputs/version not recorded,unknown,unresolved_legacy_lineage,2026-10-03T19:01:58.485548+00:00
processed/extracted_items/ntpc_text/29581_NIT_Download.txt,source_c1a33977175a4862937665ce,6f388307513e53e2ca51b022754cc191ea3dee76f2fc4ca3b25d7e1535a11b7f,legacy-derived artifact; exact inputs/version not recorded,unknown,unresolved_legacy_lineage,2026-10-03T19:01:58.485548+00:00
processed/extracted_items/ntpc_text/29582_NIT_Download.txt,source_c1a33977175a4862937665ce,61cc64c9432bfe464fe8281f1f82b112813990335aa71f7ddf7f777084117d75,legacy-derived artifact; exact inputs/version not recorded,unknown,unresolved_legacy_lineage,2026-10-03T19:01:58.485548+00:00
processed/extracted_items/ntpc_text/29583_NIT_Download.txt,source_c1a33977175a4862937665ce,6a3cf5192354f71615ac51034b3e97c20eda99643fcaf5bbe6d41ad59bd12167,legacy-derived artifact; exact inputs/version not recorded,unknown,unresolved_legacy_lineage,2026-10-03T19:01:58.485548+00:00
processed/extracted_items/ntpc_text/29584_NIT_Download.txt,source_c1a33977175a4862937665ce,91f2b0337a2417a1c9e81d6192ec5b776b5d8badc6227e75a3a5ee642a59f5ef,legacy-derived artifact; exact inputs/version not recorded,unknown,unresolved_legacy_lineage,2026-10-03T19:01:58.485548+00:00
processed/extracted_items/ntpc_text/29585_NIT_Download.txt,source_c1a33977175a4862937665ce,dfd09f6dab05253ac918d3e328bd2e54df445782eafca17ccf297484abe47a3c,legacy-derived artifact; exact inputs/version not recorded,unknown,unresolved_legacy_lineage,2026-10-03T19:01:58.485548+00:00
processed/extracted_items/ntpc_text/29586_NIT_Download.txt,source_c1a33977175a4862937665ce,11aef9dd77e651e0e4b859d3fffa088f99899cb5365f8a5a3bae789732d63605,legacy-derived artifact; exact inputs/version not recorded,unknown,unresolved_legacy_lineage,2026-10-03T19:01:58.485548+00:00
processed/extracted_items/ntpc_text/29587_NIT_Download.txt,source_c1a33977175a4862937665ce,6fcfc0f0808054fba3fdba8cbc68093bdb9c63ec7efa70512185c71ac006fb9b,legacy-derived artifact; exact inputs/version not recorded,unknown,unresolved_legacy_lineage,2026-10-03T19:01:58.485548+00:00
processed/extracted_items/ntpc_text/29588_NIT_Download.txt,source_c1a33977175a4862937665ce,5de0201fe825f5c4b26740a261e5c31ee5cc4b45f39ada00a41468143cc43327,legacy-derived artifact; exact inputs/version not recorded,unknown,unresolved_legacy_lineage,2026-10-03T19:01:58.485548+00:00
processed/extracted_items/ntpc_text/29589_NIT_Download.txt,source_c1a33977175a4862937665ce,7e1d64960ad248a6d440ed6555593d595fff14e0bc325bf8e3340f65d88ea8cc,legacy-derived artifact; exact inputs/version not recorded,unknown,unresolved_legacy_lineage,2026-10-03T19:01:58.485548+00:00
processed/extracted_items/ntpc_text/29590_NIT_Download.txt,source_c1a33977175a4862937665ce,21f3c935f2871a164ae2c61f2c9a53c9892f2e13cf069c1ffda9c8b4587f247a,legacy-derived artifact; exact inputs/version not recorded,unknown,unresolved_legacy_lineage,2026-10-03T19:01:58.485548+00:00
processed/extracted_items/ntpc_text/29591_NIT_Download.txt,source_c1a33977175a4862937665ce,04a06285399b87509b31ea13904748e417d47c1ea83000542cc7985f89ec0c74,legacy-derived artifact; exact inputs/version not recorded,unknown,unresolved_legacy_lineage,2026-10-03T19:01:58.485548+00:00
processed/extracted_items/ntpc_text/29592_NIT_Download.txt,source_c1a33977175a4862937665ce,026ac9c00684f62fffbf39e91fdf1c329ef973ca60f92b071d0ad38823c6ccd6,legacy-derived artifact; exact inputs/version not recorded,unknown,unresolved_legacy_lineage,2026-10-03T19:01:58.485548+00:00
processed/extracted_items/ntpc_text/29593_NIT_Download.txt,source_c1a33977175a4862937665ce,c45be30a2e825d7825538d1d1974e1d39e9977eda0616b3cab2fe4c89999390f,legacy-derived artifact; exact inputs/version not recorded,unknown,unresolved_legacy_lineage,2026-10-03T19:01:58.485548+00:00
processed/extracted_items/ntpc_text/29594_NIT_Download.txt,source_c1a33977175a4862937665ce,02aec38873bf87780af54aa2f1aaf07c4972a07237d2600bb1a9239aee35f0d8,legacy-derived artifact; exact inputs/version not recorded,unknown,unresolved_legacy_lineage,2026-10-03T19:01:58.485548+00:00
processed/extracted_items/ntpc_text/29595_NIT_Download.txt,source_c1a33977175a4862937665ce,75a11da44c802486bc6f65640aa48a730f0f684c5c07a42ba3cd1735eb3fb070,legacy-derived artifact; exact inputs/version not recorded,unknown,unresolved_legacy_lineage,2026-10-03T19:01:58.485548+00:00
processed/extracted_items/ntpc_text/29596_NIT_Download.txt,source_c1a33977175a4862937665ce,ae2dd8cab6094ccaa057314e1e4d49ee51c2a5cf2e40153ca01d4a80cfbc0696,legacy-derived artifact; exact inputs/version not recorded,unknown,unresolved_legacy_lineage,2026-10-03T19:01:58.485548+00:00
processed/extracted_items/ntpc_text/29597_NIT_Download.txt,source_c1a33977175a4862937665ce,39c9af326558a716ead43a4670f230ce66b1dccbaf7c75d622936c70f979357a,legacy-derived artifact; exact inputs/version not recorded,unknown,unresolved_legacy_lineage,2026-10-03T19:01:58.485548+00:00
processed/extracted_items/ntpc_text/29598_NIT_Download.txt,source_c1a33977175a4862937665ce,348a115b370be44232740ea20427951539bbbb763954e38f732a8ad83ca07374,legacy-derived artifact; exact inputs/version not recorded,unknown,unresolved_legacy_lineage,2026-10-03T19:01:58.485548+00:00
processed/extracted_items/ntpc_text/29599_NIT_Download.txt,source_c1a33977175a4862937665ce,ba6616ae992e5e5c085cb86a11016db2f904fe3727196380c091a3f3463da676,legacy-derived artifact; exact inputs/version not recorded,unknown,unresolved_legacy_lineage,2026-10-03T19:01:58.485548+00:00
processed/extracted_items/ntpc_text/29600_NIT_Download.txt,source_c1a33977175a4862937665ce,8e50dfd5d21a97a00de451b0bb14a550f20a0b67e2965ae48e859d3d6ed45aff,legacy-derived artifact; exact inputs/version not recorded,unknown,unresolved_legacy_lineage,2026-10-03T19:01:58.485548+00:00
processed/extracted_items/ntpc_text/29601_NIT_Download.txt,source_c1a33977175a4862937665ce,81b908576f8d2e3930d62371759592ffcee260e88b29aee2ce9a2c7718fa924f,legacy-derived artifact; exact inputs/version not recorded,unknown,unresolved_legacy_lineage,2026-10-03T19:01:58.485548+00:00
processed/extracted_items/ntpc_text/29602_NIT_Download.txt,source_c1a33977175a4862937665ce,518822ccf72dfddb36257d821b34a9db9f26ebb1ec974b060038e814fc2e163e,legacy-derived artifact; exact inputs/version not recorded,unknown,unresolved_legacy_lineage,2026-10-03T19:01:58.485548+00:00
processed/extracted_items/ntpc_text/29603_NIT_Download.txt,source_c1a33977175a4862937665ce,b42e51d3cd0354bff4ecf1d652e7ce5235c2f14bd9bffeeb2f38ac6c00fbf853,legacy-derived artifact; exact inputs/version not recorded,unknown,unresolved_legacy_lineage,2026-10-03T19:01:58.485548+00:00
processed/extracted_items/ntpc_text/29604_NIT_Download.txt,source_c1a33977175a4862937665ce,581ea3426d0cbe99a42170ff0226719cb18b99fcc576e732be4dde16323e1eed,legacy-derived artifact; exact inputs/version not recorded,unknown,unresolved_legacy_lineage,2026-10-03T19:01:58.485548+00:00
processed/extracted_items/ntpc_text/29605_NIT_Download.txt,source_c1a33977175a4862937665ce,132173fea5ef44e29320c2a8d47d249bc71f07638cc1f804dfab99fa75c30841,legacy-derived artifact; exact inputs/version not recorded,unknown,unresolved_legacy_lineage,2026-10-03T19:01:58.485548+00:00
processed/extracted_items/ntpc_text/29606_NIT_Download.txt,source_c1a33977175a4862937665ce,2df8ddf446fcb3a86a099a4abc357b25e0db377e73efd73019beb25055d28869,legacy-derived artifact; exact inputs/version not recorded,unknown,unresolved_legacy_lineage,2026-10-03T19:01:58.485548+00:00
processed/extracted_items/ntpc_text/29607_NIT_Download.txt,source_c1a33977175a4862937665ce,200de2ec2e7a290269bc3c29461b79903b3b2e75a5f7d8677b63cd625719ed75,legacy-derived artifact; exact inputs/version not recorded,unknown,unresolved_legacy_lineage,2026-10-03T19:01:58.485548+00:00
processed/extracted_items/ntpc_text/29608_NIT_Download.txt,source_c1a33977175a4862937665ce,4b13c391a6b83d5d4b58f48c6d4b10ce4229dbb968042ef48c99e454a0838f21,legacy-derived artifact; exact inputs/version not recorded,unknown,unresolved_legacy_lineage,2026-10-03T19:01:58.485548+00:00
processed/extracted_items/ntpc_text/29609_NIT_Download.txt,source_c1a33977175a4862937665ce,beb05e1f5d12181e16fb50038c0ef458dc02e308df346055b69b80d40bebf73f,legacy-derived artifact; exact inputs/version not recorded,unknown,unresolved_legacy_lineage,2026-10-03T19:01:58.485548+00:00
processed/extracted_items/ntpc_text/29610_NIT_Download.txt,source_c1a33977175a4862937665ce,cacb98d972994c9e6b06f35fe93dee8dd18706cdb5aba612d09fbbc3fe6f7d6f,legacy-derived artifact; exact inputs/version not recorded,unknown,unresolved_legacy_lineage,2026-10-03T19:01:58.485548+00:00
processed/extracted_items/ntpc_text/29611_NIT_Download.txt,source_c1a33977175a4862937665ce,aad913c692dff60b16379761899d64d2057811ade578b6791fbcefd2775b631e,legacy-derived artifact; exact inputs/version not recorded,unknown,unresolved_legacy_lineage,2026-10-03T19:01:58.485548+00:00
processed/extracted_items/ntpc_text/29612_NIT_Download.txt,source_c1a33977175a4862937665ce,c94b75596f7a8e59310c05e108ad8f3052f9d918f61f748cfb4d5e61dc32ff7a,legacy-derived artifact; exact inputs/version not recorded,unknown,unresolved_legacy_lineage,2026-10-03T19:01:58.485548+00:00
processed/extracted_items/ntpc_text/29613_NIT_Download.txt,source_c1a33977175a4862937665ce,a4a1f4f3e0e6ebb2f9df3e7b8099f2c3970d44fc5ffcdba4290b27ef7f93a8b9,legacy-derived artifact; exact inputs/version not recorded,unknown,unresolved_legacy_lineage,2026-10-03T19:01:58.485548+00:00
processed/extracted_items/ntpc_text/29614_NIT_Download.txt,source_c1a33977175a4862937665ce,258d20b779eb7c4e57d9865a807177cf961911a8a803640a8eac7f32a3f8e44d,legacy-derived artifact; exact inputs/version not recorded,unknown,unresolved_legacy_lineage,2026-10-03T19:01:58.485548+00:00
processed/extracted_items/ntpc_text/29615_NIT_Download.txt,source_c1a33977175a4862937665ce,da3e669b00f3c0c0634f474d5e727615874fa3710706b792738cd27b748bdbb7,legacy-derived artifact; exact inputs/version not recorded,unknown,unresolved_legacy_lineage,2026-10-03T19:01:58.485548+00:00
processed/extracted_items/ntpc_text/29616_cor_29616_1_1.txt,source_c1a33977175a4862937665ce,ef2da5b9838ca2925a1cea3f6824b93eebf3de51a48003ec55d3d04f47271b0f,legacy-derived artifact; exact inputs/version not recorded,unknown,unresolved_legacy_lineage,2026-10-03T19:01:58.485548+00:00
processed/extracted_items/ntpc_text/29616_NIT_Download.txt,source_c1a33977175a4862937665ce,75a11da44c802486bc6f65640aa48a730f0f684c5c07a42ba3cd1735eb3fb070,legacy-derived artifact; exact inputs/version not recorded,unknown,unresolved_legacy_lineage,2026-10-03T19:01:58.485548+00:00
processed/extracted_items/ntpc_text/29617_NIT_Download.txt,source_c1a33977175a4862937665ce,346a77c4bb5c5b6467374ee914fe8b1598a7259a5b42b72fd8fc4d1cb370e795,legacy-derived artifact; exact inputs/version not recorded,unknown,unresolved_legacy_lineage,2026-10-03T19:01:58.485548+00:00
processed/extracted_items/ntpc_text/29618_NIT_Download.txt,source_c1a33977175a4862937665ce,2e879a638b3d61cf30fb44ea8a150e59217f04ca7313effe59f4d2f9f660c784,legacy-derived artifact; exact inputs/version not recorded,unknown,unresolved_legacy_lineage,2026-10-03T19:01:58.485548+00:00
processed/extracted_items/ntpc_text/29619_NIT_Download.txt,source_c1a33977175a4862937665ce,66a44aec08a600f3f8a58fd8d360d55fdce9a1e8976f24883f5fb27bf27552db,legacy-derived artifact; exact inputs/version not recorded,unknown,unresolved_legacy_lineage,2026-10-03T19:01:58.485548+00:00
processed/extracted_items/ntpc_text/29620_cor_29620_1_1.txt,source_c1a33977175a4862937665ce,b1b29e9c510d4b80225df2701ee72e9901974b5602e0d2d2b00da4be2cd74255,legacy-derived artifact; exact inputs/version not recorded,unknown,unresolved_legacy_lineage,2026-10-03T19:01:58.485548+00:00
processed/extracted_items/ntpc_text/29620_NIT_Download.txt,source_c1a33977175a4862937665ce,3d56c6345253cc704ad011edd9925813cfc9955e27afd5071f336a8d3a2805a8,legacy-derived artifact; exact inputs/version not recorded,unknown,unresolved_legacy_lineage,2026-10-03T19:01:58.485548+00:00
processed/extracted_items/ntpc_text/29621_NIT_Download.txt,source_c1a33977175a4862937665ce,b2615f562a1ef9511c3dd58d09161fb06980fbf46a723251adafcedfd974b33a,legacy-derived artifact; exact inputs/version not recorded,unknown,unresolved_legacy_lineage,2026-10-03T19:01:58.485548+00:00
processed/extracted_items/ntpc_text/29622_NIT_Download.txt,source_c1a33977175a4862937665ce,8e464072dc79c10ae99f0d4fa6f3b0d5abab0e59653f47bf63301777e63130f1,legacy-derived artifact; exact inputs/version not recorded,unknown,unresolved_legacy_lineage,2026-10-03T19:01:58.485548+00:00
processed/extracted_items/ntpc_text/29623_NIT_Download.txt,source_c1a33977175a4862937665ce,facc7e2e14d7474f0a371bb77e36746dad772d4d6248ae90388b63a25a78d01c,legacy-derived artifact; exact inputs/version not recorded,unknown,unresolved_legacy_lineage,2026-10-03T19:01:58.485548+00:00
processed/extracted_items/ntpc_text/29624_NIT_Download.txt,source_c1a33977175a4862937665ce,fdfe9ff389732460aaaa3744f09b48fa71d274549e4e5615956e160777af9460,legacy-derived artifact; exact inputs/version not recorded,unknown,unresolved_legacy_lineage,2026-10-03T19:01:58.485548+00:00
processed/extracted_items/ntpc_text/29625_NIT_Download.txt,source_c1a33977175a4862937665ce,69053302af7c20bbb906671b61108466840e6edae608bad52f7c556c2ad1b780,legacy-derived artifact; exact inputs/version not recorded,unknown,unresolved_legacy_lineage,2026-10-03T19:01:58.485548+00:00
processed/extracted_items/ntpc_text/29626_NIT_Download.txt,source_c1a33977175a4862937665ce,f217b459c3e95783b73acab29b6c668bd6a85a53a5d6bf08569df907293d2c0c,legacy-derived artifact; exact inputs/version not recorded,unknown,unresolved_legacy_lineage,2026-10-03T19:01:58.485548+00:00
processed/extracted_items/ntpc_text/29627_NIT_Download.txt,source_c1a33977175a4862937665ce,f3a5335b6d594561606201e74468458150378ef5aa2762db99c54a5fd08c07bb,legacy-derived artifact; exact inputs/version not recorded,unknown,unresolved_legacy_lineage,2026-10-03T19:01:58.485548+00:00
processed/extracted_items/ntpc_text/29628_NIT_Download.txt,source_c1a33977175a4862937665ce,707d2ace87f96ff00b70e07b16eb208dafd5f46cab268dc6e741a1a5cc68f48b,legacy-derived artifact; exact inputs/version not recorded,unknown,unresolved_legacy_lineage,2026-10-03T19:01:58.485548+00:00
processed/extracted_items/ntpc_text/29629_NIT_Download.txt,source_c1a33977175a4862937665ce,b7ca90d28fe089618fbe5b67d73ee88e53a4f650a93c38d5979e97b809f5dbf2,legacy-derived artifact; exact inputs/version not recorded,unknown,unresolved_legacy_lineage,2026-10-03T19:01:58.485548+00:00
processed/extracted_items/ntpc_text/29630_NIT_Download.txt,source_c1a33977175a4862937665ce,1972f70c7f904e188918e091d049f408c497b8a1d2f0f71eec22c66af45e6997,legacy-derived artifact; exact inputs/version not recorded,unknown,unresolved_legacy_lineage,2026-10-03T19:01:58.485548+00:00
processed/extracted_items/ntpc_text/29631_NIT_Download.txt,source_c1a33977175a4862937665ce,186e258e0cb7a45e1423d39ee8584de975af5f016b28b066570ade41ee1b1fc8,legacy-derived artifact; exact inputs/version not recorded,unknown,unresolved_legacy_lineage,2026-10-03T19:01:58.485548+00:00
processed/extracted_items/ntpc_text/29632_NIT_Download.txt,source_c1a33977175a4862937665ce,79fc829ac5d0c4dbea6f4ade2ca8c167c97b4ecbfc7586407b8f0a36cf74448f,legacy-derived artifact; exact inputs/version not recorded,unknown,unresolved_legacy_lineage,2026-10-03T19:01:58.485548+00:00
processed/extracted_items/ntpc_text/29633_NIT_Download.txt,source_c1a33977175a4862937665ce,c141913850b871a4fccf3429014fcf5c0526ee0114bedd7989f06ac37d6d5363,legacy-derived artifact; exact inputs/version not recorded,unknown,unresolved_legacy_lineage,2026-10-03T19:01:58.485548+00:00
processed/extracted_items/ntpc_text/29634_NIT_Download.txt,source_c1a33977175a4862937665ce,d27f365a32c6cae6f1d32bda29d807d3f2a8c365f6c235e31a19bad44a5027af,legacy-derived artifact; exact inputs/version not recorded,unknown,unresolved_legacy_lineage,2026-10-03T19:01:58.485548+00:00
processed/extracted_items/ntpc_text/29635_NIT_Download.txt,source_c1a33977175a4862937665ce,54dc1a38a1614d9287afec47c3457efd1805504d79813a804a775aae8577d5e2,legacy-derived artifact; exact inputs/version not recorded,unknown,unresolved_legacy_lineage,2026-10-03T19:01:58.485548+00:00
processed/extracted_items/ntpc_text/29636_NIT_Download.txt,source_c1a33977175a4862937665ce,02c32b340b025341a3e1fa42717dff6c56138f239188f722eb6d60faf49e2597,legacy-derived artifact; exact inputs/version not recorded,unknown,unresolved_legacy_lineage,2026-10-03T19:01:58.485548+00:00
processed/extracted_items/ntpc_text/29637_NIT_Download.txt,source_c1a33977175a4862937665ce,cb783531ae8108f08fa568c2f1b8ad4e708d578a5107f9dfed15f8b0c61051e6,legacy-derived artifact; exact inputs/version not recorded,unknown,unresolved_legacy_lineage,2026-10-03T19:01:58.485548+00:00
processed/extracted_items/ntpc_text/29638_NIT_Download.txt,source_c1a33977175a4862937665ce,3e2cead30bfe108acc8871ccf3f74c33011707b42a40c3aeaa103e4710c53bb3,legacy-derived artifact; exact inputs/version not recorded,unknown,unresolved_legacy_lineage,2026-10-03T19:01:58.485548+00:00
processed/extracted_items/ntpc_text/29639_NIT_Download.txt,source_c1a33977175a4862937665ce,8831ec2ad69b1d1675a814a12cda711a8d2cac309f4134126202dc7bd590a5d5,legacy-derived artifact; exact inputs/version not recorded,unknown,unresolved_legacy_lineage,2026-10-03T19:01:58.485548+00:00
processed/extracted_items/ntpc_text/29640_NIT_Download.txt,source_c1a33977175a4862937665ce,a8843f1602d5c7a82d9c2e271d32608269b195ff35dfb1ca86817a66dfb78684,legacy-derived artifact; exact inputs/version not recorded,unknown,unresolved_legacy_lineage,2026-10-03T19:01:58.485548+00:00
processed/extracted_items/ntpc_text/29641_NIT_Download.txt,source_c1a33977175a4862937665ce,21c7c6bd07fe8194dc2872156f863d192523af6cc8b8a88e814f12bdaf2dd592,legacy-derived artifact; exact inputs/version not recorded,unknown,unresolved_legacy_lineage,2026-10-03T19:01:58.485548+00:00
processed/extracted_items/ntpc_text/29642_cor_29642_2_1.txt,source_c1a33977175a4862937665ce,070ed44076eff0738cb162c1fe61ba95c0d1f97cedbbd03486e188895eb6aa06,legacy-derived artifact; exact inputs/version not recorded,unknown,unresolved_legacy_lineage,2026-10-03T19:01:58.485548+00:00
processed/extracted_items/ntpc_text/29642_NIT_Download.txt,source_c1a33977175a4862937665ce,52260d78f1d7e0f5410b2cbfe20eace31509aa4ad737b1f3f42aa068665c575c,legacy-derived artifact; exact inputs/version not recorded,unknown,unresolved_legacy_lineage,2026-10-03T19:01:58.485548+00:00
processed/extracted_items/ntpc_text/29643_NIT_Download.txt,source_c1a33977175a4862937665ce,f48a28f787e07bc25a7fbf66961b68f04bba5c4d59ff12c328e6b75189813799,legacy-derived artifact; exact inputs/version not recorded,unknown,unresolved_legacy_lineage,2026-10-03T19:01:58.485548+00:00
processed/extracted_items/ntpc_text/29644_NIT_Download.txt,source_c1a33977175a4862937665ce,4bc040c4e0b19e185bb10468d1e2f5e133164fe9695c868996e6ce173a013556,legacy-derived artifact; exact inputs/version not recorded,unknown,unresolved_legacy_lineage,2026-10-03T19:01:58.485548+00:00
processed/extracted_items/ntpc_text/29645_cor_29645_1_1.txt,source_c1a33977175a4862937665ce,d2796263e86c694e6f981fff5a8bc36eb6ea49210fb1799c98d7ded2b717fd62,legacy-derived artifact; exact inputs/version not recorded,unknown,unresolved_legacy_lineage,2026-10-03T19:01:58.485548+00:00
processed/extracted_items/ntpc_text/29645_NIT_Download.txt,source_c1a33977175a4862937665ce,962d862880034f54fa53d66860dc1f695dee9988227e5aa6f245758c11e1db6a,legacy-derived artifact; exact inputs/version not recorded,unknown,unresolved_legacy_lineage,2026-10-03T19:01:58.485548+00:00
processed/extracted_items/ntpc_text/29646_NIT_Download.txt,source_c1a33977175a4862937665ce,1e419c561a5d3367d254fc64c3d352e2e128cebc9227130989f1aa9d318bef7c,legacy-derived artifact; exact inputs/version not recorded,unknown,unresolved_legacy_lineage,2026-10-03T19:01:58.485548+00:00
processed/extracted_items/ntpc_text/29647_NIT_Download.txt,source_c1a33977175a4862937665ce,75a11da44c802486bc6f65640aa48a730f0f684c5c07a42ba3cd1735eb3fb070,legacy-derived artifact; exact inputs/version not recorded,unknown,unresolved_legacy_lineage,2026-10-03T19:01:58.485548+00:00
processed/extracted_items/ntpc_text/29648_NIT_Download.txt,source_c1a33977175a4862937665ce,6fb9aa737ca9a980f5f5832532914a47127ece4ecc1b3f2450ff2211465d6a44,legacy-derived artifact; exact inputs/version not recorded,unknown,unresolved_legacy_lineage,2026-10-03T19:01:58.485548+00:00
processed/extracted_items/ntpc_text/29649_NIT_Download.txt,source_c1a33977175a4862937665ce,5acb469ec5d6d539c26c288ee568263844a51c5d1a9636523ac193b7f2e3bae4,legacy-derived artifact; exact inputs/version not recorded,unknown,unresolved_legacy_lineage,2026-10-03T19:01:58.485548+00:00
processed/extracted_items/ntpc_text/29650_NIT_Download.txt,source_c1a33977175a4862937665ce,cb68ebc6c83eb084ab710d94832072f2cee654add943476c717e633bc5078d81,legacy-derived artifact; exact inputs/version not recorded,unknown,unresolved_legacy_lineage,2026-10-03T19:01:58.485548+00:00
processed/extracted_items/ntpc_text/29651_Click_here_to_view_Salient_Technical_Features.txt,source_c1a33977175a4862937665ce,383e78d3c7633fe8d9496b4d8390822608313328cecfd2b95cf16f13bc0704f1,legacy-derived artifact; exact inputs/version not recorded,unknown,unresolved_legacy_lineage,2026-10-03T19:01:58.485548+00:00
processed/extracted_items/ntpc_text/29651_cor_29651_2_1.txt,source_c1a33977175a4862937665ce,bd725f8713f69da2cfddbbfef32ae2f1123bc7578aea112fe43cdb5c40a5a886,legacy-derived artifact; exact inputs/version not recorded,unknown,unresolved_legacy_lineage,2026-10-03T19:01:58.485548+00:00
processed/extracted_items/ntpc_text/29651_NIT_Download.txt,source_c1a33977175a4862937665ce,78f37a70d935ef854d5e0cc961b18bd0a83e52eb1577bb7367098e018e4c6544,legacy-derived artifact; exact inputs/version not recorded,unknown,unresolved_legacy_lineage,2026-10-03T19:01:58.485548+00:00
processed/extracted_items/ntpc_text/29652_NIT_Download.txt,source_c1a33977175a4862937665ce,d33516adbc0efc6221ca94821fd31d18fa10f7e3550733ce5c43d7915369af37,legacy-derived artifact; exact inputs/version not recorded,unknown,unresolved_legacy_lineage,2026-10-03T19:01:58.485548+00:00
processed/extracted_items/ntpc_text/29653_Click_here_to_view_Salient_Technical_Features.txt,source_c1a33977175a4862937665ce,2911dd0a0e80a462fdf283036da539f2b118780abc76dd0ec1dc30d81f653d0d,legacy-derived artifact; exact inputs/version not recorded,unknown,unresolved_legacy_lineage,2026-10-03T19:01:58.485548+00:00
processed/extracted_items/ntpc_text/29653_NIT_Download.txt,source_c1a33977175a4862937665ce,60b6e2649818857567eb92297e19124b99d49d0dc5ef2b3e07fc031c21aedcfb,legacy-derived artifact; exact inputs/version not recorded,unknown,unresolved_legacy_lineage,2026-10-03T19:01:58.485548+00:00
processed/extracted_items/ntpc_text/29654_NIT_Download.txt,source_c1a33977175a4862937665ce,17609d6c24d92b11ed259af0ae7b3977eac4da58437e7037cde2702177378803,legacy-derived artifact; exact inputs/version not recorded,unknown,unresolved_legacy_lineage,2026-10-03T19:01:58.485548+00:00
processed/extracted_items/ntpc_text/29655_NIT_Download.txt,source_c1a33977175a4862937665ce,83fb42509d0796d449ac5fce988e422ef6924c452cbfc59f75ea0c47609a4bcb,legacy-derived artifact; exact inputs/version not recorded,unknown,unresolved_legacy_lineage,2026-10-03T19:01:58.485548+00:00
processed/extracted_items/ntpc_text/29656_NIT_Download.txt,source_c1a33977175a4862937665ce,7ed47578f291594556cf5bb24ea1dca91bb61e202e62442cf4a94dd6e7990a1f,legacy-derived artifact; exact inputs/version not recorded,unknown,unresolved_legacy_lineage,2026-10-03T19:01:58.485548+00:00
processed/extracted_items/ntpc_text/29657_NIT_Download.txt,source_c1a33977175a4862937665ce,1a327c35a919651c87b1eaaebdfbb565259c35815984dd63d06730c98452873c,legacy-derived artifact; exact inputs/version not recorded,unknown,unresolved_legacy_lineage,2026-10-03T19:01:58.485548+00:00
processed/extracted_items/ntpc_text/29658_NIT_Download.txt,source_c1a33977175a4862937665ce,28d7cff302b9cea0bde79fadde82090aa12cc3a6c532cb104d199ef496f1ce1d,legacy-derived artifact; exact inputs/version not recorded,unknown,unresolved_legacy_lineage,2026-10-03T19:01:58.485548+00:00
processed/extracted_items/ntpc_text/29659_NIT_Download.txt,source_c1a33977175a4862937665ce,f1a31a0ab34db88d425963cb63c251ec7fcc47085556733f6001b974aacec545,legacy-derived artifact; exact inputs/version not recorded,unknown,unresolved_legacy_lineage,2026-10-03T19:01:58.485548+00:00
processed/extracted_items/ntpc_text/29660_NIT_Download.txt,source_c1a33977175a4862937665ce,dd6ff678a8f454a26ee774a47b6cbdf526aacb0cd13f1daec2265db93d4f8b46,legacy-derived artifact; exact inputs/version not recorded,unknown,unresolved_legacy_lineage,2026-10-03T19:01:58.485548+00:00
processed/extracted_items/ntpc_text/29661_NIT_Download.txt,source_c1a33977175a4862937665ce,188f04e753540198b294e48ac5de2298c35236ac8be3718af46dc7d043121a74,legacy-derived artifact; exact inputs/version not recorded,unknown,unresolved_legacy_lineage,2026-10-03T19:01:58.485548+00:00
processed/extracted_items/ntpc_text/29662_NIT_Download.txt,source_c1a33977175a4862937665ce,586e4caa36a36c9d9051108a61a79b8e3d3f05e7b4417050705a36362def0594,legacy-derived artifact; exact inputs/version not recorded,unknown,unresolved_legacy_lineage,2026-10-03T19:01:58.485548+00:00
processed/extracted_items/ntpc_text/29663_NIT_Download.txt,source_c1a33977175a4862937665ce,6a3cf5192354f71615ac51034b3e97c20eda99643fcaf5bbe6d41ad59bd12167,legacy-derived artifact; exact inputs/version not recorded,unknown,unresolved_legacy_lineage,2026-10-03T19:01:58.485548+00:00
processed/extracted_items/ntpc_text/29664_NIT_Download.txt,source_c1a33977175a4862937665ce,545c38b0922de19734fbffde62792c37c2aef6a3216cfa472449173165220f7d,legacy-derived artifact; exact inputs/version not recorded,unknown,unresolved_legacy_lineage,2026-10-03T19:01:58.485548+00:00
processed/extracted_items/ntpc_text/29665_NIT_Download.txt,source_c1a33977175a4862937665ce,2efaf805ccb26c853b425d5cfeba800848ff5babc74d7efe994416e9295929d0,legacy-derived artifact; exact inputs/version not recorded,unknown,unresolved_legacy_lineage,2026-10-03T19:01:58.485548+00:00
processed/extracted_items/ntpc_text/29666_Click_here_to_view_Salient_Technical_Features.txt,source_c1a33977175a4862937665ce,98d5606a2e938466b3037ef7454132d5316ae5a3bbe25b6761e097d129a135cf,legacy-derived artifact; exact inputs/version not recorded,unknown,unresolved_legacy_lineage,2026-10-03T19:01:58.485548+00:00
processed/extracted_items/ntpc_text/29666_cor_29666_2_1.txt,source_c1a33977175a4862937665ce,a2a496e9e9c2bc28b254fa9921b14869b96bb36e0b1333d55fbbb155e7636b67,legacy-derived artifact; exact inputs/version not recorded,unknown,unresolved_legacy_lineage,2026-10-03T19:01:58.485548+00:00
processed/extracted_items/ntpc_text/29666_NIT_Download.txt,source_c1a33977175a4862937665ce,1ed15459182d9078894c556b780e8caef7443c9425fbec7b89d78d096703d601,legacy-derived artifact; exact inputs/version not recorded,unknown,unresolved_legacy_lineage,2026-10-03T19:01:58.485548+00:00
processed/extracted_items/ntpc_text/29667_NIT_Download.txt,source_c1a33977175a4862937665ce,78be32af7359c0496f22fdbebb351169c898987991c346651da930dfc1ccba5a,legacy-derived artifact; exact inputs/version not recorded,unknown,unresolved_legacy_lineage,2026-10-03T19:01:58.485548+00:00
processed/extracted_items/ntpc_text/29668_NIT_Download.txt,source_c1a33977175a4862937665ce,37a751eb9c0e45553e741e57d99a9ff3af7036d07fb9e518f1f731b92756e506,legacy-derived artifact; exact inputs/version not recorded,unknown,unresolved_legacy_lineage,2026-10-03T19:01:58.485548+00:00
processed/extracted_items/ntpc_text/29669_NIT_Download.txt,source_c1a33977175a4862937665ce,7d584c5339f8ac7e27745f91d99a9702b74598b0e74f980ed0d98ae64bf1d544,legacy-derived artifact; exact inputs/version not recorded,unknown,unresolved_legacy_lineage,2026-10-03T19:01:58.485548+00:00
processed/extracted_items/ntpc_text/29670_NIT_Download.txt,source_c1a33977175a4862937665ce,adb757fb046707bc9e2ed205bbadf7935f80fd184bdd0feeeebb2740d1d7153c,legacy-derived artifact; exact inputs/version not recorded,unknown,unresolved_legacy_lineage,2026-10-03T19:01:58.485548+00:00
processed/extracted_items/ntpc_text/29671_NIT_Download.txt,source_c1a33977175a4862937665ce,6bdcca583a8c26d40bdd2844c9e3bebf58637526ae712e004fe6ced0a22df14b,legacy-derived artifact; exact inputs/version not recorded,unknown,unresolved_legacy_lineage,2026-10-03T19:01:58.485548+00:00
processed/extracted_items/ntpc_text/29672_NIT_Download.txt,source_c1a33977175a4862937665ce,2634db93f307ee3a5d245be61e337bffb88190bbfeab3c5349b8f65ebec53be6,legacy-derived artifact; exact inputs/version not recorded,unknown,unresolved_legacy_lineage,2026-10-03T19:01:58.485548+00:00
processed/extracted_items/ntpc_text/29673_NIT_Download.txt,source_c1a33977175a4862937665ce,d1550ca419448518212c8abefc282bdf9fc48276b6acc1abe79e125687d5da8a,legacy-derived artifact; exact inputs/version not recorded,unknown,unresolved_legacy_lineage,2026-10-03T19:01:58.485548+00:00
processed/extracted_items/ntpc_text/29674_NIT_Download.txt,source_c1a33977175a4862937665ce,9e716b8d79eacae9615d4b84fa6e58d801a0d589cf6a284a316a833d067ee030,legacy-derived artifact; exact inputs/version not recorded,unknown,unresolved_legacy_lineage,2026-10-03T19:01:58.485548+00:00
processed/extracted_items/ntpc_text/29675_NIT_Download.txt,source_c1a33977175a4862937665ce,f4f38cf28011b4add6511988d82f85f4229a0e767b168911fde572351cb36544,legacy-derived artifact; exact inputs/version not recorded,unknown,unresolved_legacy_lineage,2026-10-03T19:01:58.485548+00:00
processed/extracted_items/ntpc_text/29676_NIT_Download.txt,source_c1a33977175a4862937665ce,ea1a26e7311701181f7168b9aa3d1db945300c8ca85f283a00fea39c73b7decd,legacy-derived artifact; exact inputs/version not recorded,unknown,unresolved_legacy_lineage,2026-10-03T19:01:58.485548+00:00
processed/extracted_items/ntpc_text/29677_NIT_Download.txt,source_c1a33977175a4862937665ce,eefbce245a8ccc16c69df701183ea0a5da2af19efc5fd7e3e395c2b5e7ac4f27,legacy-derived artifact; exact inputs/version not recorded,unknown,unresolved_legacy_lineage,2026-10-03T19:01:58.485548+00:00
processed/extracted_items/ntpc_text/29678_NIT_Download.txt,source_c1a33977175a4862937665ce,0d6feda0b514ea09ac5bd11da8023fa1ec8b3518a0e6e0b485fd6fa5017cbfaf,legacy-derived artifact; exact inputs/version not recorded,unknown,unresolved_legacy_lineage,2026-10-03T19:01:58.485548+00:00
processed/extracted_items/ntpc_text/29679_NIT_Download.txt,source_c1a33977175a4862937665ce,88e5c7bbd6f32dfa8b1a7706d97ba0934ea8a1872007206890439a59f034c3b3,legacy-derived artifact; exact inputs/version not recorded,unknown,unresolved_legacy_lineage,2026-10-03T19:01:58.485548+00:00
processed/extracted_items/ntpc_text/29680_NIT_Download.txt,source_c1a33977175a4862937665ce,37b6ac629084c2954d4df830ed2136747058b9e88b0b5ad7cb782c636b2b4e8d,legacy-derived artifact; exact inputs/version not recorded,unknown,unresolved_legacy_lineage,2026-10-03T19:01:58.485548+00:00
processed/extracted_items/ntpc_text/29681_NIT_Download.txt,source_c1a33977175a4862937665ce,f07842691e6b7369bf7d18d20bf3a06a356724a9879ced2c3dd9c4fc57ecaaf5,legacy-derived artifact; exact inputs/version not recorded,unknown,unresolved_legacy_lineage,2026-10-03T19:01:58.485548+00:00
processed/extracted_items/ntpc_text/29682_NIT_Download.txt,source_c1a33977175a4862937665ce,91ba3a8c03b1b6dba2e8b37cda8c543bc1690630e781c923ad16b7dd43a1952e,legacy-derived artifact; exact inputs/version not recorded,unknown,unresolved_legacy_lineage,2026-10-03T19:01:58.485548+00:00
processed/extracted_items/ntpc_text/29683_NIT_Download.txt,source_c1a33977175a4862937665ce,0697d0df244948536826398e771773b7d8d8f06f329be851681f0bf52d9b7d66,legacy-derived artifact; exact inputs/version not recorded,unknown,unresolved_legacy_lineage,2026-10-03T19:01:58.485548+00:00
processed/extracted_items/ntpc_text/29684_NIT_Download.txt,source_c1a33977175a4862937665ce,98dae804f57f3dbed853ad7ac74f778c4e61404897eaa80904169a638dee5757,legacy-derived artifact; exact inputs/version not recorded,unknown,unresolved_legacy_lineage,2026-10-03T19:01:58.485548+00:00
processed/extracted_items/ntpc_text/29685_NIT_Download.txt,source_c1a33977175a4862937665ce,2d885addf3c7eaa7c61b05e2884953ed982a92b3e996df6e32a41724da1e8725,legacy-derived artifact; exact inputs/version not recorded,unknown,unresolved_legacy_lineage,2026-10-03T19:01:58.485548+00:00
processed/extracted_items/ntpc_text/29686_NIT_Download.txt,source_c1a33977175a4862937665ce,60fea9e8e23bf2baf0d23c548be5f53901dbc8019528b7bc5a62ee69f0071c8a,legacy-derived artifact; exact inputs/version not recorded,unknown,unresolved_legacy_lineage,2026-10-03T19:01:58.485548+00:00
processed/extracted_items/ntpc_text/29687_NIT_Download.txt,source_c1a33977175a4862937665ce,21d58e871d097f344299e80e2214b60b91ca6172c7ea3454984fb1bb2d691627,legacy-derived artifact; exact inputs/version not recorded,unknown,unresolved_legacy_lineage,2026-10-03T19:01:58.485548+00:00
processed/extracted_items/ntpc_text/29688_NIT_Download.txt,source_c1a33977175a4862937665ce,6483b98d3026779831e4a3c6def4821447ff327754aa6f6ed7d9f14dda9f8393,legacy-derived artifact; exact inputs/version not recorded,unknown,unresolved_legacy_lineage,2026-10-03T19:01:58.485548+00:00
processed/extracted_items/ntpc_text/29689_NIT_Download.txt,source_c1a33977175a4862937665ce,702012a07602253a7a2f89d7e5da6efb4dd4deaf0bc65e8800172163d79deb57,legacy-derived artifact; exact inputs/version not recorded,unknown,unresolved_legacy_lineage,2026-10-03T19:01:58.485548+00:00
processed/extracted_items/ntpc_text/29690_NIT_Download.txt,source_c1a33977175a4862937665ce,d6d794d25e4bc7a53f828587643bfabf7af1f7d1d297c9a4df9c6d9acc4fe851,legacy-derived artifact; exact inputs/version not recorded,unknown,unresolved_legacy_lineage,2026-10-03T19:01:58.485548+00:00
processed/extracted_items/ntpc_text/29691_NIT_Download.txt,source_c1a33977175a4862937665ce,f1fca96fb9e1acccea844143246c4c8ab38247f412ea9b7f6c1a1972c2765eee,legacy-derived artifact; exact inputs/version not recorded,unknown,unresolved_legacy_lineage,2026-10-03T19:01:58.485548+00:00
processed/extracted_items/ntpc_text/29692_NIT_Download.txt,source_c1a33977175a4862937665ce,cdfda654a4b224c4456dfd77be270cf1005a6d0cc6ed91720aeea726df0ce7ef,legacy-derived artifact; exact inputs/version not recorded,unknown,unresolved_legacy_lineage,2026-10-03T19:01:58.485548+00:00
processed/extracted_items/ntpc_text/29693_NIT_Download.txt,source_c1a33977175a4862937665ce,04da462a0d96892a48f785a8efda37677650daddb298392f3a6a769074564063,legacy-derived artifact; exact inputs/version not recorded,unknown,unresolved_legacy_lineage,2026-10-03T19:01:58.485548+00:00
processed/extracted_items/ntpc_text/29694_NIT_Download.txt,source_c1a33977175a4862937665ce,4bc4bd54f69bf77a9c1b0d7967fde521e351d73ca45cecea1deb8e54f8fc56dd,legacy-derived artifact; exact inputs/version not recorded,unknown,unresolved_legacy_lineage,2026-10-03T19:01:58.485548+00:00
processed/extracted_items/ntpc_text/29695_NIT_Download.txt,source_c1a33977175a4862937665ce,f279f85106ed8f4e24645c7258f915843c52ca9edf30c71a786b49ad6ae85f4a,legacy-derived artifact; exact inputs/version not recorded,unknown,unresolved_legacy_lineage,2026-10-03T19:01:58.485548+00:00
processed/extracted_items/ntpc_text/29696_NIT_Download.txt,source_c1a33977175a4862937665ce,13f9bcac2213e0e6db377c666207b082d95bb21f80129d7020163b52be58ea5f,legacy-derived artifact; exact inputs/version not recorded,unknown,unresolved_legacy_lineage,2026-10-03T19:01:58.485548+00:00
processed/extracted_items/ntpc_text/29697_NIT_Download.txt,source_c1a33977175a4862937665ce,bd40712317f307a450959db13d5a8ad5e036cda9455821929a0995f9521d067c,legacy-derived artifact; exact inputs/version not recorded,unknown,unresolved_legacy_lineage,2026-10-03T19:01:58.485548+00:00
processed/extracted_items/ntpc_text/29698_NIT_Download.txt,source_c1a33977175a4862937665ce,9418148a2d561a25b8ba9aadb478c5291bfad62d530b06651cba146caceb8fcb,legacy-derived artifact; exact inputs/version not recorded,unknown,unresolved_legacy_lineage,2026-10-03T19:01:58.485548+00:00
processed/extracted_items/ntpc_text/29699_NIT_Download.txt,source_c1a33977175a4862937665ce,b241eca45f9e5df1bb59b99ccd7ac21960d8c949024cbda24cfa12e8bf0320f0,legacy-derived artifact; exact inputs/version not recorded,unknown,unresolved_legacy_lineage,2026-10-03T19:01:58.485548+00:00
processed/extracted_items/ntpc_text/29700_NIT_Download.txt,source_c1a33977175a4862937665ce,eb1490662fc8c673a1c68e7cb778b02cd9b666bf0d4f24a1221b0233ed1cb43f,legacy-derived artifact; exact inputs/version not recorded,unknown,unresolved_legacy_lineage,2026-10-03T19:01:58.485548+00:00
processed/extracted_items/ntpc_text/29701_NIT_Download.txt,source_c1a33977175a4862937665ce,3f783f2a07a00cdb035679a6fea068ae5d57441ee52acdc966e77da5873b3219,legacy-derived artifact; exact inputs/version not recorded,unknown,unresolved_legacy_lineage,2026-10-03T19:01:58.485548+00:00
processed/extracted_items/ntpc_text/29702_NIT_Download.txt,source_c1a33977175a4862937665ce,ab2dfea2d0b623ecb56db6e7410f142f82fdc96f71b51f1acb96c6ba851232dc,legacy-derived artifact; exact inputs/version not recorded,unknown,unresolved_legacy_lineage,2026-10-03T19:01:58.485548+00:00
processed/extracted_items/ntpc_text/29703_NIT_Download.txt,source_c1a33977175a4862937665ce,818bc187e00250bc0900df8bdeaeb33c9d5f531797150a1a15175bc853a97a75,legacy-derived artifact; exact inputs/version not recorded,unknown,unresolved_legacy_lineage,2026-10-03T19:01:58.485548+00:00
processed/extracted_items/ntpc_text/29704_NIT_Download.txt,source_c1a33977175a4862937665ce,4eb375da3c6340bd8ac506a64795a68175214840e3ebf4b55642d4ec661df301,legacy-derived artifact; exact inputs/version not recorded,unknown,unresolved_legacy_lineage,2026-10-03T19:01:58.485548+00:00
processed/extracted_items/ntpc_text/29705_NIT_Download.txt,source_c1a33977175a4862937665ce,f8720eed8c6d14824b6ad38ef5af3176c6591899ca2015b20e9df465fc44024c,legacy-derived artifact; exact inputs/version not recorded,unknown,unresolved_legacy_lineage,2026-10-03T19:01:58.485548+00:00
processed/extracted_items/ntpc_text/29706_NIT_Download.txt,source_c1a33977175a4862937665ce,536fc070f81a52d71a58a9bf5cf1ce42e592be2c7bdcecdd4f8525146bdbf680,legacy-derived artifact; exact inputs/version not recorded,unknown,unresolved_legacy_lineage,2026-10-03T19:01:58.485548+00:00
processed/extracted_items/ntpc_text/29707_NIT_Download.txt,source_c1a33977175a4862937665ce,762fb1652fc68bf6e17888b6614f44a077b164facf7de1299125a314c7fdc929,legacy-derived artifact; exact inputs/version not recorded,unknown,unresolved_legacy_lineage,2026-10-03T19:01:58.485548+00:00
processed/extracted_items/ntpc_text/29708_Click_here_to_view_Salient_Technical_Features.txt,source_c1a33977175a4862937665ce,ede50f49812ae63d247215b36bf40b324070ba53c87d7bd2bf6eca41eb500b8f,legacy-derived artifact; exact inputs/version not recorded,unknown,unresolved_legacy_lineage,2026-10-03T19:01:58.485548+00:00
processed/extracted_items/ntpc_text/29708_cor_29708_10_1.txt,source_c1a33977175a4862937665ce,971d7eea9c121083fd35ffb1c071661a688782506904773353ab9c6d7535831f,legacy-derived artifact; exact inputs/version not recorded,unknown,unresolved_legacy_lineage,2026-10-03T19:01:58.485548+00:00
processed/extracted_items/ntpc_text/29708_NIT_Download.txt,source_c1a33977175a4862937665ce,67198953aa1d49a4baa5e1b1e2f38e96326f93951c4d85fbc46a3177330d764b,legacy-derived artifact; exact inputs/version not recorded,unknown,unresolved_legacy_lineage,2026-10-03T19:01:58.485548+00:00
processed/extracted_items/ntpc_text/29709_NIT_Download.txt,source_c1a33977175a4862937665ce,3bfa0b8bbaeab79d6228506046a9b4a6c1614e94117beb3c6b9e417484460724,legacy-derived artifact; exact inputs/version not recorded,unknown,unresolved_legacy_lineage,2026-10-03T19:01:58.485548+00:00
processed/extracted_items/ntpc_text/29710_NIT_Download.txt,source_c1a33977175a4862937665ce,ad94a2ffe80aee380b550f4625b8ab6ca1f787497ad13c1cba880ab2fdec959b,legacy-derived artifact; exact inputs/version not recorded,unknown,unresolved_legacy_lineage,2026-10-03T19:01:58.485548+00:00
processed/extracted_items/ntpc_text/29711_NIT_Download.txt,source_c1a33977175a4862937665ce,e62f9a87e5b431e9d4c52cb98e16623c973ee9a0e3707696e1ad03561db3363d,legacy-derived artifact; exact inputs/version not recorded,unknown,unresolved_legacy_lineage,2026-10-03T19:01:58.485548+00:00
processed/extracted_items/ntpc_text/29712_NIT_Download.txt,source_c1a33977175a4862937665ce,4e724256230a5e71bf2fce60992ff46b5930f4e0861eb61eb032bd4037f93e90,legacy-derived artifact; exact inputs/version not recorded,unknown,unresolved_legacy_lineage,2026-10-03T19:01:58.485548+00:00
processed/extracted_items/ntpc_text/29713_NIT_Download.txt,source_c1a33977175a4862937665ce,04ebfe657b3237121dc418ea16f77855998161826208b8eeb1a418b310a60f55,legacy-derived artifact; exact inputs/version not recorded,unknown,unresolved_legacy_lineage,2026-10-03T19:01:58.485548+00:00
processed/extracted_items/ntpc_text/29714_cor_29714_1_1.txt,source_c1a33977175a4862937665ce,f140bcd23fe52d9f4890fd601a59ecb5440c3bc4541d7457a9061f73bb780450,legacy-derived artifact; exact inputs/version not recorded,unknown,unresolved_legacy_lineage,2026-10-03T19:01:58.485548+00:00
processed/extracted_items/ntpc_text/29714_NIT_Download.txt,source_c1a33977175a4862937665ce,e373cdeaa1ad97bc17ce75c901832720c09321ee355d43fd46d426176254e147,legacy-derived artifact; exact inputs/version not recorded,unknown,unresolved_legacy_lineage,2026-10-03T19:01:58.485548+00:00
processed/extracted_items/ntpc_text/29715_NIT_Download.txt,source_c1a33977175a4862937665ce,0aa146457a96f8c456c37cbb07d16d08ead0a1c2753b2055e3a0e0b8723a36de,legacy-derived artifact; exact inputs/version not recorded,unknown,unresolved_legacy_lineage,2026-10-03T19:01:58.485548+00:00
processed/extracted_items/ntpc_text/29716_NIT_Download.txt,source_c1a33977175a4862937665ce,f073a1c2f4421a82e43ab2aaf3156d0a0426ee8af81d347ee72ebf0ccd96a858,legacy-derived artifact; exact inputs/version not recorded,unknown,unresolved_legacy_lineage,2026-10-03T19:01:58.485548+00:00
processed/extracted_items/ntpc_text/29717_NIT_Download.txt,source_c1a33977175a4862937665ce,21f6e3a355f9ed2f05fddff60e92bd62bbc32f88019133462437ebe32bf86cd3,legacy-derived artifact; exact inputs/version not recorded,unknown,unresolved_legacy_lineage,2026-10-03T19:01:58.485548+00:00
processed/extracted_items/ntpc_text/29718_NIT_Download.txt,source_c1a33977175a4862937665ce,e79f931212588eb02c6fc860ae05e831859cb298fb82650c0a406d86d92cac94,legacy-derived artifact; exact inputs/version not recorded,unknown,unresolved_legacy_lineage,2026-10-03T19:01:58.485548+00:00
processed/extracted_items/ntpc_text/29719_NIT_Download.txt,source_c1a33977175a4862937665ce,be624bc41a716188ba2d9d18a6292ee4ac66d6fd5708f4f9455125bbc445e0ed,legacy-derived artifact; exact inputs/version not recorded,unknown,unresolved_legacy_lineage,2026-10-03T19:01:58.485548+00:00
processed/extracted_items/ntpc_text/29720_NIT_Download.txt,source_c1a33977175a4862937665ce,040b0b3bab8fcf40bd8140f1dbe4d481409a1ac20d40a6cc464ecb4cdc701236,legacy-derived artifact; exact inputs/version not recorded,unknown,unresolved_legacy_lineage,2026-10-03T19:01:58.485548+00:00
processed/extracted_items/ntpc_text/29721_NIT_Download.txt,source_c1a33977175a4862937665ce,8507e242ea8dc8e3bef1af4657686d90fe593289cb3993f3dd8d9915bab550c3,legacy-derived artifact; exact inputs/version not recorded,unknown,unresolved_legacy_lineage,2026-10-03T19:01:58.485548+00:00
processed/extracted_items/ntpc_text/29722_NIT_Download.txt,source_c1a33977175a4862937665ce,103884f456c712f53c984eed6013c9693e35817080b317962d480aa51dfd7ce7,legacy-derived artifact; exact inputs/version not recorded,unknown,unresolved_legacy_lineage,2026-10-03T19:01:58.485548+00:00
processed/extracted_items/ntpc_text/29723_NIT_Download.txt,source_c1a33977175a4862937665ce,60ba27557ca99ac2c826185735fdba7e74afbd66ef5f5ee9737fef73fef045b4,legacy-derived artifact; exact inputs/version not recorded,unknown,unresolved_legacy_lineage,2026-10-03T19:01:58.485548+00:00
processed/extracted_items/ntpc_text/29724_NIT_Download.txt,source_c1a33977175a4862937665ce,747a5a16cd2f8788dfbfb06943d0fa30206e181b8ba48262222c7a55e676d34f,legacy-derived artifact; exact inputs/version not recorded,unknown,unresolved_legacy_lineage,2026-10-03T19:01:58.485548+00:00
processed/extracted_items/ntpc_text/29725_NIT_Download.txt,source_c1a33977175a4862937665ce,dedc1bbaf3853e1dda20f344d7d98b2ea5a22005ecf1c821c90e6a4da1f1df4b,legacy-derived artifact; exact inputs/version not recorded,unknown,unresolved_legacy_lineage,2026-10-03T19:01:58.485548+00:00
processed/extracted_items/ntpc_text/29726_cor_29726_6_1.txt,source_c1a33977175a4862937665ce,dcf931be080eb0110d010a7b6fd91efd42fbfe147f1f6a44c1d186f91c1ec020,legacy-derived artifact; exact inputs/version not recorded,unknown,unresolved_legacy_lineage,2026-10-03T19:01:58.485548+00:00
processed/extracted_items/ntpc_text/29726_NIT_Download.txt,source_c1a33977175a4862937665ce,4111a8a8ec0ba8549debf96f5547090204433c8bbd1cf779b2e69a90e7871c6d,legacy-derived artifact; exact inputs/version not recorded,unknown,unresolved_legacy_lineage,2026-10-03T19:01:58.485548+00:00
processed/extracted_items/ntpc_text/29727_NIT_Download.txt,source_c1a33977175a4862937665ce,5d6e6530ba2fc87d330711e93bf6a46ebafc28092923ef5460bd76c456f8d663,legacy-derived artifact; exact inputs/version not recorded,unknown,unresolved_legacy_lineage,2026-10-03T19:01:58.485548+00:00
processed/extracted_items/ntpc_text/29728_NIT_Download.txt,source_c1a33977175a4862937665ce,73d109685e6d8c2757531f35dfd5f748fbec98b75963bd981dc45955a201142c,legacy-derived artifact; exact inputs/version not recorded,unknown,unresolved_legacy_lineage,2026-10-03T19:01:58.485548+00:00
processed/extracted_items/ntpc_text/29729_NIT_Download.txt,source_c1a33977175a4862937665ce,1a98975c142c30c7573b61f933ab2b96f2f3ee6bd299c94ff70d00f0fd1330fd,legacy-derived artifact; exact inputs/version not recorded,unknown,unresolved_legacy_lineage,2026-10-03T19:01:58.485548+00:00
processed/extracted_items/ntpc_text/29730_NIT_Download.txt,source_c1a33977175a4862937665ce,75a11da44c802486bc6f65640aa48a730f0f684c5c07a42ba3cd1735eb3fb070,legacy-derived artifact; exact inputs/version not recorded,unknown,unresolved_legacy_lineage,2026-10-03T19:01:58.485548+00:00
processed/extracted_items/ntpc_text/29731_NIT_Download.txt,source_c1a33977175a4862937665ce,81fa8bdf737e7a83551425273babf38ae5b0a8539198bec4409267c84fe5cdc8,legacy-derived artifact; exact inputs/version not recorded,unknown,unresolved_legacy_lineage,2026-10-03T19:01:58.485548+00:00
processed/extracted_items/ntpc_text/29732_NIT_Download.txt,source_c1a33977175a4862937665ce,b203d4a76e99bb5bb669949a2193bee28d01c6dbb83b3b0ec9f930f603a5e589,legacy-derived artifact; exact inputs/version not recorded,unknown,unresolved_legacy_lineage,2026-10-03T19:01:58.485548+00:00
processed/extracted_items/ntpc_text/29733_NIT_Download.txt,source_c1a33977175a4862937665ce,611f0fc6d2759afbec027c02bb116b3be19b5d377e402d9b3a1dcceb120f8cce,legacy-derived artifact; exact inputs/version not recorded,unknown,unresolved_legacy_lineage,2026-10-03T19:01:58.485548+00:00
processed/extracted_items/ntpc_text/29734_NIT_Download.txt,source_c1a33977175a4862937665ce,75a11da44c802486bc6f65640aa48a730f0f684c5c07a42ba3cd1735eb3fb070,legacy-derived artifact; exact inputs/version not recorded,unknown,unresolved_legacy_lineage,2026-10-03T19:01:58.485548+00:00
processed/extracted_items/ntpc_text/29735_NIT_Download.txt,source_c1a33977175a4862937665ce,75a11da44c802486bc6f65640aa48a730f0f684c5c07a42ba3cd1735eb3fb070,legacy-derived artifact; exact inputs/version not recorded,unknown,unresolved_legacy_lineage,2026-10-03T19:01:58.485548+00:00
processed/extracted_items/ntpc_text/29736_NIT_Download.txt,source_c1a33977175a4862937665ce,2d0997b4988ec9a1af5309a504b00f19c7ae8dac8d5a235d500e17f8f23e163e,legacy-derived artifact; exact inputs/version not recorded,unknown,unresolved_legacy_lineage,2026-10-03T19:01:58.485548+00:00
processed/extracted_items/ntpc_text/29737_cor_29737_5_1.txt,source_c1a33977175a4862937665ce,55a5478d9c20e8874a770c37ab63124c44296990fab49621cae4024079ab8b59,legacy-derived artifact; exact inputs/version not recorded,unknown,unresolved_legacy_lineage,2026-10-03T19:01:58.485548+00:00
processed/extracted_items/ntpc_text/29737_NIT_Download.txt,source_c1a33977175a4862937665ce,5a2de3f7ee90f94b3c5afe2f4afd682486e7eb7733c649409299b3c26f9157cd,legacy-derived artifact; exact inputs/version not recorded,unknown,unresolved_legacy_lineage,2026-10-03T19:01:58.485548+00:00
processed/extracted_items/ntpc_text/29738_NIT_Download.txt,source_c1a33977175a4862937665ce,ecdeaab96de3107f2779b9317c8538f0ade3ec6ce8e02c13b794d498c1b980e2,legacy-derived artifact; exact inputs/version not recorded,unknown,unresolved_legacy_lineage,2026-10-03T19:01:58.485548+00:00
processed/extracted_items/ntpc_text/29739_NIT_Download.txt,source_c1a33977175a4862937665ce,57d8b6dd8391b277e861fb3011fbdce0fee6147442ae6fe032633e1f3c69b48c,legacy-derived artifact; exact inputs/version not recorded,unknown,unresolved_legacy_lineage,2026-10-03T19:01:58.485548+00:00
processed/extracted_items/ntpc_text/29741_cor_29741_10_1.txt,source_c1a33977175a4862937665ce,1de2898dd5f4a5ee92b1a08820f0dd58b2da8fb9842bd5f1b57846e3568ab9d0,legacy-derived artifact; exact inputs/version not recorded,unknown,unresolved_legacy_lineage,2026-10-03T19:01:58.485548+00:00
processed/extracted_items/ntpc_text/29741_NIT_Download.txt,source_c1a33977175a4862937665ce,099bbe60386836c19d6ec14864e20119a5d1014e7170c646ebf87c1a49cbcfc6,legacy-derived artifact; exact inputs/version not recorded,unknown,unresolved_legacy_lineage,2026-10-03T19:01:58.485548+00:00
processed/extracted_items/ntpc_text/29742_NIT_Download.txt,source_c1a33977175a4862937665ce,a496d6d38f032724871d2e3e0bc084fc7eb49d4bcc1d28d0e7e3cf4786ebf16c,legacy-derived artifact; exact inputs/version not recorded,unknown,unresolved_legacy_lineage,2026-10-03T19:01:58.485548+00:00
processed/extracted_items/ntpc_text/29743_NIT_Download.txt,source_c1a33977175a4862937665ce,f94f31a3384553af07d84b18827b8214e1de715f86e71c60984e69ba2619f3ab,legacy-derived artifact; exact inputs/version not recorded,unknown,unresolved_legacy_lineage,2026-10-03T19:01:58.485548+00:00
processed/extracted_items/ntpc_text/29744_NIT_Download.txt,source_c1a33977175a4862937665ce,78b9f448c1dd9603c12f696a43da8d5b72bdd8aa9225f84b065e37d8c4a80c05,legacy-derived artifact; exact inputs/version not recorded,unknown,unresolved_legacy_lineage,2026-10-03T19:01:58.485548+00:00
processed/extracted_items/ntpc_text/29745_NIT_Download.txt,source_c1a33977175a4862937665ce,180727e9fcdb478571335dca5cb86f1bd6e248b11b264a2875c5620cf7a72fa1,legacy-derived artifact; exact inputs/version not recorded,unknown,unresolved_legacy_lineage,2026-10-03T19:01:58.485548+00:00
processed/extracted_items/ntpc_text/29746_NIT_Download.txt,source_c1a33977175a4862937665ce,c6eff8c69242e719084bc29447f1b5dcddda3201bc32c10dcf9015db354c0ab0,legacy-derived artifact; exact inputs/version not recorded,unknown,unresolved_legacy_lineage,2026-10-03T19:01:58.485548+00:00
processed/extracted_items/ntpc_text/29747_NIT_Download.txt,source_c1a33977175a4862937665ce,0cc18a47da579fb6bc9a7272da8d623424bf09d7d2c4bcfe01361ce4d7071023,legacy-derived artifact; exact inputs/version not recorded,unknown,unresolved_legacy_lineage,2026-10-03T19:01:58.485548+00:00
processed/extracted_items/ntpc_text/29748_NIT_Download.txt,source_c1a33977175a4862937665ce,aba29fcc1fe92d247140ecc7bcf271cbd53134da4e8f24edac20a15882c92c7a,legacy-derived artifact; exact inputs/version not recorded,unknown,unresolved_legacy_lineage,2026-10-03T19:01:58.485548+00:00
processed/extracted_items/ntpc_text/29749_NIT_Download.txt,source_c1a33977175a4862937665ce,b4711d17abf29068e198e075851073ae164882577864c5340c6a2736605abd79,legacy-derived artifact; exact inputs/version not recorded,unknown,unresolved_legacy_lineage,2026-10-03T19:01:58.485548+00:00
processed/extracted_items/ntpc_text/29750_cor_29750_1_1.txt,source_c1a33977175a4862937665ce,d33e80a4c0b25765e82685c70fa8033e1769ec506343c289208d903c8bae07b3,legacy-derived artifact; exact inputs/version not recorded,unknown,unresolved_legacy_lineage,2026-10-03T19:01:58.485548+00:00
processed/extracted_items/ntpc_text/29750_NIT_Download.txt,source_c1a33977175a4862937665ce,34858d6ae7e9a50e803b213ae7f9888d3d3f9a7a1cf7da656dc1d34437e90b7d,legacy-derived artifact; exact inputs/version not recorded,unknown,unresolved_legacy_lineage,2026-10-03T19:01:58.485548+00:00
processed/extracted_items/ntpc_text/29751_NIT_Download.txt,source_c1a33977175a4862937665ce,3ff9f77eb4d99928764c8d243d8641bc784b7a9844f7f4738e171eaa3834263d,legacy-derived artifact; exact inputs/version not recorded,unknown,unresolved_legacy_lineage,2026-10-03T19:01:58.485548+00:00
processed/extracted_items/ntpc_text/29752_NIT_Download.txt,source_c1a33977175a4862937665ce,55cd9f32be73aff189d8987cef4e1238c3889d54e3495fe3c85d3785f038beae,legacy-derived artifact; exact inputs/version not recorded,unknown,unresolved_legacy_lineage,2026-10-03T19:01:58.485548+00:00
processed/extracted_items/ntpc_text/29753_NIT_Download.txt,source_c1a33977175a4862937665ce,c0bce5ae65bd1709c537d1e5c8d7fcdf76aaeab770ea4b24f5b5034ab9c1cec6,legacy-derived artifact; exact inputs/version not recorded,unknown,unresolved_legacy_lineage,2026-10-03T19:01:58.485548+00:00
processed/extracted_items/ntpc_text/29754_NIT_Download.txt,source_c1a33977175a4862937665ce,645aa429f99a52ba8d299aa52c168a409a48446dccbf3e9bc0e49742d4608c83,legacy-derived artifact; exact inputs/version not recorded,unknown,unresolved_legacy_lineage,2026-10-03T19:01:58.485548+00:00
processed/extracted_items/ntpc_text/29755_NIT_Download.txt,source_c1a33977175a4862937665ce,7a9ac3292991329604c548d851394f3c2a89330b3c23fe16844a7efa2a2d7fda,legacy-derived artifact; exact inputs/version not recorded,unknown,unresolved_legacy_lineage,2026-10-03T19:01:58.485548+00:00
processed/extracted_items/ntpc_text/29756_cor_29756_5_1.txt,source_c1a33977175a4862937665ce,f866f2f301e7f4ec4a836b078c71e9553e13f47a5c5c2b54b9adceafd51f6d27,legacy-derived artifact; exact inputs/version not recorded,unknown,unresolved_legacy_lineage,2026-10-03T19:01:58.485548+00:00
processed/extracted_items/ntpc_text/29756_NIT_Download.txt,source_c1a33977175a4862937665ce,6df2be2686a45b6a96273b8ad9835808a56e061d6591154b7d404fc929e2c0e7,legacy-derived artifact; exact inputs/version not recorded,unknown,unresolved_legacy_lineage,2026-10-03T19:01:58.485548+00:00
processed/extracted_items/ntpc_text/29757_NIT_Download.txt,source_c1a33977175a4862937665ce,2b23d9a2db6c0e59d67158c7579c16b3de84047660b38031fd4c1862e1171c92,legacy-derived artifact; exact inputs/version not recorded,unknown,unresolved_legacy_lineage,2026-10-03T19:01:58.485548+00:00
processed/extracted_items/ntpc_text/29758_NIT_Download.txt,source_c1a33977175a4862937665ce,e8277ae728af9385c15db8cec3079557e962a07a4dba6ba2a8ad5e68caa9fad9,legacy-derived artifact; exact inputs/version not recorded,unknown,unresolved_legacy_lineage,2026-10-03T19:01:58.485548+00:00
processed/extracted_items/ntpc_text/29759_NIT_Download.txt,source_c1a33977175a4862937665ce,836dc3dcc889f7409af5d6a1875f0b2d2dbfaeb83cebb45cd183b5eb1661a3a5,legacy-derived artifact; exact inputs/version not recorded,unknown,unresolved_legacy_lineage,2026-10-03T19:01:58.485548+00:00
processed/extracted_items/ntpc_text/29760_NIT_Download.txt,source_c1a33977175a4862937665ce,b5a340efb15ade32adab604b5d8178b54a9f25456654cb4255605b204a489a46,legacy-derived artifact; exact inputs/version not recorded,unknown,unresolved_legacy_lineage,2026-10-03T19:01:58.485548+00:00
processed/extracted_items/ntpc_text/29761_NIT_Download.txt,source_c1a33977175a4862937665ce,140ec89de0773360766996e826162cbec77b9c9902e686687aaa8741144ced0f,legacy-derived artifact; exact inputs/version not recorded,unknown,unresolved_legacy_lineage,2026-10-03T19:01:58.485548+00:00
processed/extracted_items/ntpc_text/29762_NIT_Download.txt,source_c1a33977175a4862937665ce,10f4b4e94901a272830e8e04f92f3cb93f5f4cfe89d0c49a4eaa682489bc7784,legacy-derived artifact; exact inputs/version not recorded,unknown,unresolved_legacy_lineage,2026-10-03T19:01:58.485548+00:00
processed/extracted_items/ntpc_text/29763_NIT_Download.txt,source_c1a33977175a4862937665ce,e4a382fd39bfe4a126f20fac2addb3def7eb24cbeaab39a5f7c05a5ae49dda24,legacy-derived artifact; exact inputs/version not recorded,unknown,unresolved_legacy_lineage,2026-10-03T19:01:58.485548+00:00
processed/extracted_items/ntpc_text/29764_NIT_Download.txt,source_c1a33977175a4862937665ce,e1d0b91fc989582b0168bd6722f66b1d392e369ecc650104e877324b23212cbf,legacy-derived artifact; exact inputs/version not recorded,unknown,unresolved_legacy_lineage,2026-10-03T19:01:58.485548+00:00
processed/extracted_items/ntpc_text/29765_NIT_Download.txt,source_c1a33977175a4862937665ce,203247092a34c6920a699dce08fad27765608d60c35934892c91c2c59d9891db,legacy-derived artifact; exact inputs/version not recorded,unknown,unresolved_legacy_lineage,2026-10-03T19:01:58.485548+00:00
processed/extracted_items/ntpc_text/29766_NIT_Download.txt,source_c1a33977175a4862937665ce,f99be3fad5108ec7f6aa421ab961359f1b6716cd85aa0e2e190395d0b973b00a,legacy-derived artifact; exact inputs/version not recorded,unknown,unresolved_legacy_lineage,2026-10-03T19:01:58.485548+00:00
processed/extracted_items/ntpc_text/29767_NIT_Download.txt,source_c1a33977175a4862937665ce,12589256fac369d9368ebe0a0d122dcb09ac970b852745671da7d53b63652bf4,legacy-derived artifact; exact inputs/version not recorded,unknown,unresolved_legacy_lineage,2026-10-03T19:01:58.485548+00:00
processed/extracted_items/ntpc_text/29768_cor_29768_1_1.txt,source_c1a33977175a4862937665ce,f2c3474a09cc527c6c901e37ee31432b9cde8afd2f6774bfdbabc1bcd64bb6f2,legacy-derived artifact; exact inputs/version not recorded,unknown,unresolved_legacy_lineage,2026-10-03T19:01:58.485548+00:00
processed/extracted_items/ntpc_text/29768_NIT_Download.txt,source_c1a33977175a4862937665ce,1f145b5bddfafb0e3ec2fc37ae9a5cb683e544e79642ec903625d46f981f6d4e,legacy-derived artifact; exact inputs/version not recorded,unknown,unresolved_legacy_lineage,2026-10-03T19:01:58.485548+00:00
processed/extracted_items/ntpc_text/29769_NIT_Download.txt,source_c1a33977175a4862937665ce,bb8f7e0ea2dfcec7c6e898243bfb66e899a4b4de79a268b47e2fa175876e6d53,legacy-derived artifact; exact inputs/version not recorded,unknown,unresolved_legacy_lineage,2026-10-03T19:01:58.485548+00:00
processed/extracted_items/ntpc_text/29770_NIT_Download.txt,source_c1a33977175a4862937665ce,0f9107914ce9b496593d53a5a31512978be226670fde7bc3effe33ec8d7f34fa,legacy-derived artifact; exact inputs/version not recorded,unknown,unresolved_legacy_lineage,2026-10-03T19:01:58.485548+00:00
processed/extracted_items/ntpc_text/29771_cor_29771_2_1.txt,source_c1a33977175a4862937665ce,2312073c95256883dad183abdd88dfcd05bda24707493af44abf443f09702617,legacy-derived artifact; exact inputs/version not recorded,unknown,unresolved_legacy_lineage,2026-10-03T19:01:58.485548+00:00
processed/extracted_items/ntpc_text/29771_NIT_Download.txt,source_c1a33977175a4862937665ce,90d52b17525950c90e7165c73936e87f0bf7af715deec8c7c0519d590e33df50,legacy-derived artifact; exact inputs/version not recorded,unknown,unresolved_legacy_lineage,2026-10-03T19:01:58.485548+00:00
processed/extracted_items/ntpc_text/29772_NIT_Download.txt,source_c1a33977175a4862937665ce,4d69359afb2be4ee796f5b0fe213dabd16428869c2ca8fe713e24ea1546afc91,legacy-derived artifact; exact inputs/version not recorded,unknown,unresolved_legacy_lineage,2026-10-03T19:01:58.485548+00:00
processed/extracted_items/ntpc_text/29773_NIT_Download.txt,source_c1a33977175a4862937665ce,2553fe07b40de1b3eae8c94c61cfff878e03df7b4861f451898ba1f169786b15,legacy-derived artifact; exact inputs/version not recorded,unknown,unresolved_legacy_lineage,2026-10-03T19:01:58.485548+00:00
processed/extracted_items/ntpc_text/29774_NIT_Download.txt,source_c1a33977175a4862937665ce,708fbf0041f183014189173e29feee0275d07090eb924e7599f4da36c9e55afa,legacy-derived artifact; exact inputs/version not recorded,unknown,unresolved_legacy_lineage,2026-10-03T19:01:58.485548+00:00
processed/extracted_items/ntpc_text/29775_cor_29775_2_1.txt,source_c1a33977175a4862937665ce,9e6f402f89ff939cc3d9d21f9ed24c9834c9da9c46fa086acc01f270f52b8287,legacy-derived artifact; exact inputs/version not recorded,unknown,unresolved_legacy_lineage,2026-10-03T19:01:58.485548+00:00
processed/extracted_items/ntpc_text/29775_NIT_Download.txt,source_c1a33977175a4862937665ce,488207527e5234a9412f176ebdf9a0216abc9535b4bd35b95a890bfb176787a2,legacy-derived artifact; exact inputs/version not recorded,unknown,unresolved_legacy_lineage,2026-10-03T19:01:58.485548+00:00
processed/extracted_items/ntpc_text/29776_cor_29776_2_1.txt,source_c1a33977175a4862937665ce,efc7e255da683eeb5a7595e0b4d878e7a6d245bcfc35911b357be089ecf4ad26,legacy-derived artifact; exact inputs/version not recorded,unknown,unresolved_legacy_lineage,2026-10-03T19:01:58.485548+00:00
processed/extracted_items/ntpc_text/29776_NIT_Download.txt,source_c1a33977175a4862937665ce,70bc5b167471af1e7642dea838629a5cf8aa11ef9b142afcf0dce1bcb8bcb3c4,legacy-derived artifact; exact inputs/version not recorded,unknown,unresolved_legacy_lineage,2026-10-03T19:01:58.485548+00:00
processed/extracted_items/ntpc_text/29777_cor_29777_2_1.txt,source_c1a33977175a4862937665ce,c4344506d1294b431b7629b4c78c3430e9eaa214a276e06cf0536ea912d46dd6,legacy-derived artifact; exact inputs/version not recorded,unknown,unresolved_legacy_lineage,2026-10-03T19:01:58.485548+00:00
processed/extracted_items/ntpc_text/29777_NIT_Download.txt,source_c1a33977175a4862937665ce,036a82d91517fba4684b6899365ec279cda2ccd4671d2588bd38e4b25b070d48,legacy-derived artifact; exact inputs/version not recorded,unknown,unresolved_legacy_lineage,2026-10-03T19:01:58.485548+00:00
processed/extracted_items/ntpc_text/29778_NIT_Download.txt,source_c1a33977175a4862937665ce,f035fc633ba5a18ca8783277e14485bcd25141ad170913e35dc4eb23e90ec4ad,legacy-derived artifact; exact inputs/version not recorded,unknown,unresolved_legacy_lineage,2026-10-03T19:01:58.485548+00:00
processed/extracted_items/ntpc_text/29779_NIT_Download.txt,source_c1a33977175a4862937665ce,75a11da44c802486bc6f65640aa48a730f0f684c5c07a42ba3cd1735eb3fb070,legacy-derived artifact; exact inputs/version not recorded,unknown,unresolved_legacy_lineage,2026-10-03T19:01:58.485548+00:00
processed/extracted_items/ntpc_text/29780_NIT_Download.txt,source_c1a33977175a4862937665ce,d5c9f333edf8e7ebe05bda082bd330a20ba30b56f2164c6203fd5aae9f7bb3ec,legacy-derived artifact; exact inputs/version not recorded,unknown,unresolved_legacy_lineage,2026-10-03T19:01:58.485548+00:00
processed/extracted_items/ntpc_text/29781_NIT_Download.txt,source_c1a33977175a4862937665ce,450b265e82336bbb30ad0c989f9dd62664b88701f051e20524da1bc4a3f23221,legacy-derived artifact; exact inputs/version not recorded,unknown,unresolved_legacy_lineage,2026-10-03T19:01:58.485548+00:00
processed/extracted_items/ntpc_text/29782_NIT_Download.txt,source_c1a33977175a4862937665ce,981ef2889a98b6c78d79b200294c6d042b2a8b8a14c90284d541d01b41be7204,legacy-derived artifact; exact inputs/version not recorded,unknown,unresolved_legacy_lineage,2026-10-03T19:01:58.485548+00:00
processed/extracted_items/ntpc_text/29783_NIT_Download.txt,source_c1a33977175a4862937665ce,666e70c91ce50fc2f1d009c61c7cf0ec4266fbdc987fc9951938cce43f47977c,legacy-derived artifact; exact inputs/version not recorded,unknown,unresolved_legacy_lineage,2026-10-03T19:01:58.485548+00:00
processed/extracted_items/ntpc_text/29784_NIT_Download.txt,source_c1a33977175a4862937665ce,c6a8a27426ae3869a3f6ddfb54c8f4b772df2c93a95a61bc17711b6505af3c5d,legacy-derived artifact; exact inputs/version not recorded,unknown,unresolved_legacy_lineage,2026-10-03T19:01:58.485548+00:00
processed/extracted_items/ntpc_text/29785_NIT_Download.txt,source_c1a33977175a4862937665ce,19270c9ff0dbc45bd8e3caae206b8afce87d6ad2a5e07b3525413f70186ebdaa,legacy-derived artifact; exact inputs/version not recorded,unknown,unresolved_legacy_lineage,2026-10-03T19:01:58.485548+00:00
processed/extracted_items/ntpc_text/29786_NIT_Download.txt,source_c1a33977175a4862937665ce,6fa5472470ceaddc9f7472183dd7b5d4f47d6421b4bcdc965826d913f44170e9,legacy-derived artifact; exact inputs/version not recorded,unknown,unresolved_legacy_lineage,2026-10-03T19:01:58.485548+00:00
processed/extracted_items/ntpc_text/29787_cor_29787_3_1.txt,source_c1a33977175a4862937665ce,af97184d8ade638ca8a53df34e713d0318c35af32e997509959f4438784c81ba,legacy-derived artifact; exact inputs/version not recorded,unknown,unresolved_legacy_lineage,2026-10-03T19:01:58.485548+00:00
processed/extracted_items/ntpc_text/29787_NIT_Download.txt,source_c1a33977175a4862937665ce,752a7ddd42634f48bdac5dc38406478dc5f05bd91fd8537bdf9b980bc003269b,legacy-derived artifact; exact inputs/version not recorded,unknown,unresolved_legacy_lineage,2026-10-03T19:01:58.485548+00:00
processed/extracted_items/ntpc_text/29788_NIT_Download.txt,source_c1a33977175a4862937665ce,c1b2e3aaec8d6d56510d1656ef4f555d4577d82330c9476baa3ae788208b8075,legacy-derived artifact; exact inputs/version not recorded,unknown,unresolved_legacy_lineage,2026-10-03T19:01:58.485548+00:00
processed/extracted_items/ntpc_text/29789_NIT_Download.txt,source_c1a33977175a4862937665ce,d3c652944511f4e34c102fcfe1fab95adbca9b558a31f7596bd925b711915ff4,legacy-derived artifact; exact inputs/version not recorded,unknown,unresolved_legacy_lineage,2026-10-03T19:01:58.485548+00:00
processed/extracted_items/ntpc_text/29790_NIT_Download.txt,source_c1a33977175a4862937665ce,8546cc26e51c96e7d173ce6d1a1f4e2c5c6e43c1d6827c3dc73ca97f4d430bca,legacy-derived artifact; exact inputs/version not recorded,unknown,unresolved_legacy_lineage,2026-10-03T19:01:58.485548+00:00
processed/extracted_items/ntpc_text/29791_Click_here_to_view_Salient_Technical_Features.txt,source_c1a33977175a4862937665ce,31c3cde79943ee66eecd835473544d0e6c7147f71a715eee432074d161d1a7ed,legacy-derived artifact; exact inputs/version not recorded,unknown,unresolved_legacy_lineage,2026-10-03T19:01:58.485548+00:00
processed/extracted_items/ntpc_text/29791_NIT_Download.txt,source_c1a33977175a4862937665ce,dc562787b4fd98f5346067510717685fc2657fc9d99615b066ca936781271c50,legacy-derived artifact; exact inputs/version not recorded,unknown,unresolved_legacy_lineage,2026-10-03T19:01:58.485548+00:00
processed/extracted_items/ntpc_text/29792_NIT_Download.txt,source_c1a33977175a4862937665ce,be348fc30af5fe26c42ac71acfe0f7ee126e8e744051247988eb8fc6d90dccb1,legacy-derived artifact; exact inputs/version not recorded,unknown,unresolved_legacy_lineage,2026-10-03T19:01:58.485548+00:00
processed/extracted_items/ntpc_text/29793_NIT_Download.txt,source_c1a33977175a4862937665ce,7ffe4a0e6f50ba9112c8dd634c62edcbffc35aca06671e299c8587afc704a0f7,legacy-derived artifact; exact inputs/version not recorded,unknown,unresolved_legacy_lineage,2026-10-03T19:01:58.485548+00:00
processed/extracted_items/ntpc_text/29794_NIT_Download.txt,source_c1a33977175a4862937665ce,772a89d9867e32adb235f7b1fe7865198a901de35897d50077c037339507725c,legacy-derived artifact; exact inputs/version not recorded,unknown,unresolved_legacy_lineage,2026-10-03T19:01:58.485548+00:00
processed/extracted_items/ntpc_text/29795_cor_29795_8_1.txt,source_c1a33977175a4862937665ce,6bac165c630e2260f2ce7f841b9a3f2241fff103c74d461103c8643ee0638914,legacy-derived artifact; exact inputs/version not recorded,unknown,unresolved_legacy_lineage,2026-10-03T19:01:58.485548+00:00
processed/extracted_items/ntpc_text/29795_NIT_Download.txt,source_c1a33977175a4862937665ce,fc73f7431538b250ff8f86c4904769d8c35122a7c9be7000100e038dceafde25,legacy-derived artifact; exact inputs/version not recorded,unknown,unresolved_legacy_lineage,2026-10-03T19:01:58.485548+00:00
processed/extracted_items/ntpc_text/29796_NIT_Download.txt,source_c1a33977175a4862937665ce,ef79329110d2693a5990aafb80f4917c6d23bdefabb07bf719d1848c613d1053,legacy-derived artifact; exact inputs/version not recorded,unknown,unresolved_legacy_lineage,2026-10-03T19:01:58.485548+00:00
processed/extracted_items/ntpc_text/29797_NIT_Download.txt,source_c1a33977175a4862937665ce,a03ea0959deca85a2420607d64b3d31cd852987b106c873debd4820d6405bc5f,legacy-derived artifact; exact inputs/version not recorded,unknown,unresolved_legacy_lineage,2026-10-03T19:01:58.485548+00:00
processed/extracted_items/ntpc_text/29798_NIT_Download.txt,source_c1a33977175a4862937665ce,a03ea0959deca85a2420607d64b3d31cd852987b106c873debd4820d6405bc5f,legacy-derived artifact; exact inputs/version not recorded,unknown,unresolved_legacy_lineage,2026-10-03T19:01:58.485548+00:00
processed/extracted_items/ntpc_text/29799_NIT_Download.txt,source_c1a33977175a4862937665ce,3be8fa2bfba535f5a9844091a7fe5fcadd0d1384e8489f67932ae151c82d0d4b,legacy-derived artifact; exact inputs/version not recorded,unknown,unresolved_legacy_lineage,2026-10-03T19:01:58.485548+00:00
processed/extracted_items/ntpc_text/29800_NIT_Download.txt,source_c1a33977175a4862937665ce,c5c016be3050295436f66b2627fa7e173c6a8a975ac5b12c13e1209782d9b93b,legacy-derived artifact; exact inputs/version not recorded,unknown,unresolved_legacy_lineage,2026-10-03T19:01:58.485548+00:00
processed/extracted_items/ntpc_text/29801_NIT_Download.txt,source_c1a33977175a4862937665ce,5c378d0549c44087a8f0b98edf56572599ecca79568f25a8194df46e953be173,legacy-derived artifact; exact inputs/version not recorded,unknown,unresolved_legacy_lineage,2026-10-03T19:01:58.485548+00:00
processed/extracted_items/ntpc_text/29802_NIT_Download.txt,source_c1a33977175a4862937665ce,55a8bbe7903059621e20a89e1803c2ea119834a72154d2164c7db40dc276605b,legacy-derived artifact; exact inputs/version not recorded,unknown,unresolved_legacy_lineage,2026-10-03T19:01:58.485548+00:00
processed/extracted_items/ntpc_text/29803_NIT_Download.txt,source_c1a33977175a4862937665ce,71a1f1908b514133cc8fd92c6789d6536ef4d17c68c636e074fa43db84666062,legacy-derived artifact; exact inputs/version not recorded,unknown,unresolved_legacy_lineage,2026-10-03T19:01:58.485548+00:00
processed/extracted_items/ntpc_text/29804_NIT_Download.txt,source_c1a33977175a4862937665ce,fcc1fbbc087f4f95a20c4492f7025f47c5cc7b8842264e44da09e50b75cf4b6f,legacy-derived artifact; exact inputs/version not recorded,unknown,unresolved_legacy_lineage,2026-10-03T19:01:58.485548+00:00
processed/extracted_items/ntpc_text/29805_NIT_Download.txt,source_c1a33977175a4862937665ce,6a10d4b427fe4f1745fe1e3321849ba98c3f02863a1de89fa50b7becb6259154,legacy-derived artifact; exact inputs/version not recorded,unknown,unresolved_legacy_lineage,2026-10-03T19:01:58.485548+00:00
processed/extracted_items/ntpc_text/29806_NIT_Download.txt,source_c1a33977175a4862937665ce,3ff801cf74562604904bc62e70579f73cb2d2ae0e278f588a4ba0e5b000eebd1,legacy-derived artifact; exact inputs/version not recorded,unknown,unresolved_legacy_lineage,2026-10-03T19:01:58.485548+00:00
processed/extracted_items/ntpc_text/29807_NIT_Download.txt,source_c1a33977175a4862937665ce,559c22f3d50e8ac00b8ce82ebbb9d143386f9d7dec33813090156fdc67143247,legacy-derived artifact; exact inputs/version not recorded,unknown,unresolved_legacy_lineage,2026-10-03T19:01:58.485548+00:00
processed/extracted_items/ntpc_text/29808_NIT_Download.txt,source_c1a33977175a4862937665ce,1dc227117cb30174dc3c7bb57a463767e3fee34a329d6b493b3226940c1f29e3,legacy-derived artifact; exact inputs/version not recorded,unknown,unresolved_legacy_lineage,2026-10-03T19:01:58.485548+00:00
processed/extracted_items/ntpc_text/29809_NIT_Download.txt,source_c1a33977175a4862937665ce,3f44d020a558f0533999a4dc82b484567d31e0dec53878124546308fa92d9df5,legacy-derived artifact; exact inputs/version not recorded,unknown,unresolved_legacy_lineage,2026-10-03T19:01:58.485548+00:00
processed/extracted_items/ntpc_text/29810_NIT_Download.txt,source_c1a33977175a4862937665ce,38b639b51bdefe54e33ddfbe68bbb45c3bcc8fd2227d2666ed6de55eaf9fba7c,legacy-derived artifact; exact inputs/version not recorded,unknown,unresolved_legacy_lineage,2026-10-03T19:01:58.485548+00:00
processed/extracted_items/ntpc_text/29811_NIT_Download.txt,source_c1a33977175a4862937665ce,5a87f2995e84df01b1c84f6e06f4082c758a621fd6ed7bf064eac916d9dc508f,legacy-derived artifact; exact inputs/version not recorded,unknown,unresolved_legacy_lineage,2026-10-03T19:01:58.485548+00:00
processed/extracted_items/ntpc_text/29812_NIT_Download.txt,source_c1a33977175a4862937665ce,aae9e0af8839c4ee85ffcb354ea659098c3471bfd73d7e2c0ac062d7eb8278fd,legacy-derived artifact; exact inputs/version not recorded,unknown,unresolved_legacy_lineage,2026-10-03T19:01:58.485548+00:00
processed/extracted_items/ntpc_text/29813_NIT_Download.txt,source_c1a33977175a4862937665ce,1c11d4ca46e0e54332a28a08e2d4d307de273b700f93d01f5e9ac3f8a8da9304,legacy-derived artifact; exact inputs/version not recorded,unknown,unresolved_legacy_lineage,2026-10-03T19:01:58.485548+00:00
processed/extracted_items/ntpc_text/29814_NIT_Download.txt,source_c1a33977175a4862937665ce,5c4c242aa5bd78062aa9be1f1ae0f0a786cfe9c7f2dc60c84954751ba7692aa9,legacy-derived artifact; exact inputs/version not recorded,unknown,unresolved_legacy_lineage,2026-10-03T19:01:58.485548+00:00
processed/extracted_items/ntpc_text/29815_NIT_Download.txt,source_c1a33977175a4862937665ce,45f39f1eb9c93eb7e0e8115f4f249465bcd425b63dbfb03cb8b416f2e82b4c4e,legacy-derived artifact; exact inputs/version not recorded,unknown,unresolved_legacy_lineage,2026-10-03T19:01:58.485548+00:00
processed/extracted_items/ntpc_text/29816_NIT_Download.txt,source_c1a33977175a4862937665ce,b3afd9cd5ec281d4f2ea7ab55f4502eabc4991a3dafce8a5fcedf7d88d94b84f,legacy-derived artifact; exact inputs/version not recorded,unknown,unresolved_legacy_lineage,2026-10-03T19:01:58.485548+00:00
processed/extracted_items/ntpc_text/29817_cor_29817_8_1.txt,source_c1a33977175a4862937665ce,ce706aed405b95e6cce86978dbb45149561217df05447ed595052aaec3072b83,legacy-derived artifact; exact inputs/version not recorded,unknown,unresolved_legacy_lineage,2026-10-03T19:01:58.485548+00:00
processed/extracted_items/ntpc_text/29817_NIT_Download.txt,source_c1a33977175a4862937665ce,bcbae3228b22f7c6bee7d8b58664b68416745852673cb144f240f428a62767e7,legacy-derived artifact; exact inputs/version not recorded,unknown,unresolved_legacy_lineage,2026-10-03T19:01:58.485548+00:00
processed/extracted_items/ntpc_text/29818_NIT_Download.txt,source_c1a33977175a4862937665ce,496fe78645cd6eb415205bec663741f716d4d3415c85ae4baaf83ab3b71a754a,legacy-derived artifact; exact inputs/version not recorded,unknown,unresolved_legacy_lineage,2026-10-03T19:01:58.485548+00:00
processed/extracted_items/ntpc_text/29819_NIT_Download.txt,source_c1a33977175a4862937665ce,349395587185524c412c030fc3edd6efa611c71d7c5616a5f4f36b470ceb16b9,legacy-derived artifact; exact inputs/version not recorded,unknown,unresolved_legacy_lineage,2026-10-03T19:01:58.485548+00:00
processed/extracted_items/ntpc_text/29820_NIT_Download.txt,source_c1a33977175a4862937665ce,be1c63f82b8a62dda33383e059049f3c5c8678e3ea3f0099826b65abb98bab6d,legacy-derived artifact; exact inputs/version not recorded,unknown,unresolved_legacy_lineage,2026-10-03T19:01:58.485548+00:00
processed/extracted_items/ntpc_text/29821_NIT_Download.txt,source_c1a33977175a4862937665ce,6650b52d0c72284dffc55e3ea037537f712e3942d1e80fdebe61fad4749eab44,legacy-derived artifact; exact inputs/version not recorded,unknown,unresolved_legacy_lineage,2026-10-03T19:01:58.485548+00:00
processed/extracted_items/ntpc_text/29822_NIT_Download.txt,source_c1a33977175a4862937665ce,65a2c9f398a1dec81088c106705277b79a2293793e5a1476bb641c4203700178,legacy-derived artifact; exact inputs/version not recorded,unknown,unresolved_legacy_lineage,2026-10-03T19:01:58.485548+00:00
processed/extracted_items/ntpc_text/29823_NIT_Download.txt,source_c1a33977175a4862937665ce,52c2f52cdfdce7a5d0d7d5b64d74440383941bdfc9222ba506ed26ecd0eac108,legacy-derived artifact; exact inputs/version not recorded,unknown,unresolved_legacy_lineage,2026-10-03T19:01:58.485548+00:00
processed/extracted_items/ntpc_text/29824_Click_here_to_view_Salient_Technical_Features.txt,source_c1a33977175a4862937665ce,285f372e93860f260767a13bc2443a225084721ddcf732e66d63ae94af49c704,legacy-derived artifact; exact inputs/version not recorded,unknown,unresolved_legacy_lineage,2026-10-03T19:01:58.485548+00:00
processed/extracted_items/ntpc_text/29824_cor_29824_4_1.txt,source_c1a33977175a4862937665ce,27a7c39b6aaacfdad897dea83b86e827f319c5d4a467ef51c2b4196aff7310b3,legacy-derived artifact; exact inputs/version not recorded,unknown,unresolved_legacy_lineage,2026-10-03T19:01:58.485548+00:00
processed/extracted_items/ntpc_text/29824_NIT_Download.txt,source_c1a33977175a4862937665ce,d390da1b2936eb8cbc17b3051aad13faac18b21fd7cd477535b433e1fddb01f1,legacy-derived artifact; exact inputs/version not recorded,unknown,unresolved_legacy_lineage,2026-10-03T19:01:58.485548+00:00
processed/extracted_items/ntpc_text/29825_NIT_Download.txt,source_c1a33977175a4862937665ce,b756ba7574da11800342ae100914afd746b0672ccc8b0370f0b87dceca6f5c75,legacy-derived artifact; exact inputs/version not recorded,unknown,unresolved_legacy_lineage,2026-10-03T19:01:58.485548+00:00
processed/extracted_items/ntpc_text/29826_NIT_Download.txt,source_c1a33977175a4862937665ce,b640bfb4b93afdd825400ad603a0f110c8180650ed8dca66c76cfde62fefb65b,legacy-derived artifact; exact inputs/version not recorded,unknown,unresolved_legacy_lineage,2026-10-03T19:01:58.485548+00:00
processed/extracted_items/ntpc_text/29827_NIT_Download.txt,source_c1a33977175a4862937665ce,ec51bc4d5f52963bb4a689f9deb77b480eccf85cc02c28f983fcc52569916850,legacy-derived artifact; exact inputs/version not recorded,unknown,unresolved_legacy_lineage,2026-10-03T19:01:58.485548+00:00
processed/extracted_items/ntpc_text/29828_NIT_Download.txt,source_c1a33977175a4862937665ce,72e91ccafc7125d0950ceabce5b689365b7b7d00f350b733d7d2fcd8a74dcdde,legacy-derived artifact; exact inputs/version not recorded,unknown,unresolved_legacy_lineage,2026-10-03T19:01:58.485548+00:00
processed/extracted_items/ntpc_text/29829_NIT_Download.txt,source_c1a33977175a4862937665ce,fa8ed28ebefda1cddf7985a0c5ee95bdef642cbe712b1303b74e30bba4498d71,legacy-derived artifact; exact inputs/version not recorded,unknown,unresolved_legacy_lineage,2026-10-03T19:01:58.485548+00:00
processed/extracted_items/ntpc_text/29830_NIT_Download.txt,source_c1a33977175a4862937665ce,68c0cac34805f99c7172d186800129467e84a71a75355765642d71205f1d18d2,legacy-derived artifact; exact inputs/version not recorded,unknown,unresolved_legacy_lineage,2026-10-03T19:01:58.485548+00:00
processed/extracted_items/ntpc_text/29831_NIT_Download.txt,source_c1a33977175a4862937665ce,6d480263de8b91fa1f32c10d3ee162b8d30a6171967e3abdc6d2c1d92f7f92e8,legacy-derived artifact; exact inputs/version not recorded,unknown,unresolved_legacy_lineage,2026-10-03T19:01:58.485548+00:00
processed/extracted_items/ntpc_text/29832_NIT_Download.txt,source_c1a33977175a4862937665ce,383ba4a841d05cc8a7ac0ac355effe525be667138a6d05dd74eefa1e3cd524b2,legacy-derived artifact; exact inputs/version not recorded,unknown,unresolved_legacy_lineage,2026-10-03T19:01:58.485548+00:00
processed/extracted_items/ntpc_text/29833_NIT_Download.txt,source_c1a33977175a4862937665ce,76a567a7e5820431c4adcf2b46323d490163dbe8b8a537bf395645adf026d4b5,legacy-derived artifact; exact inputs/version not recorded,unknown,unresolved_legacy_lineage,2026-10-03T19:01:58.485548+00:00
processed/extracted_items/ntpc_text/29834_Click_here_to_view_Salient_Technical_Features.txt,source_c1a33977175a4862937665ce,04b5f58dd4c957fe57f782b105eed6053043c16808fde9d0f122d2f603c4408a,legacy-derived artifact; exact inputs/version not recorded,unknown,unresolved_legacy_lineage,2026-10-03T19:01:58.485548+00:00
processed/extracted_items/ntpc_text/29834_cor_29834_1_1.txt,source_c1a33977175a4862937665ce,d4c8bfd8c4d5433e230296171d130cf1ad796a65f32d69e2898a615f6d8296c3,legacy-derived artifact; exact inputs/version not recorded,unknown,unresolved_legacy_lineage,2026-10-03T19:01:58.485548+00:00
processed/extracted_items/ntpc_text/29834_NIT_Download.txt,source_c1a33977175a4862937665ce,7d438808757a92be7ba637089cc849a1a528a20b2586a1f813ecdf656b56af48,legacy-derived artifact; exact inputs/version not recorded,unknown,unresolved_legacy_lineage,2026-10-03T19:01:58.485548+00:00
processed/extracted_items/ntpc_text/29835_NIT_Download.txt,source_c1a33977175a4862937665ce,12046e47acb8a30d55078ac98ba8834248a41d24d04339570b09258237f5c5b4,legacy-derived artifact; exact inputs/version not recorded,unknown,unresolved_legacy_lineage,2026-10-03T19:01:58.485548+00:00
processed/extracted_items/ntpc_text/29836_NIT_Download.txt,source_c1a33977175a4862937665ce,1609b03b301decd9a44f3df724388a89065ee59b38e2c69e719a8af00154ce81,legacy-derived artifact; exact inputs/version not recorded,unknown,unresolved_legacy_lineage,2026-10-03T19:01:58.485548+00:00
processed/extracted_items/ntpc_text/29837_NIT_Download.txt,source_c1a33977175a4862937665ce,cbc6b208faff4a0f579e90b9aaa5fcea8259e83b26d360c31d8dedbbaef61359,legacy-derived artifact; exact inputs/version not recorded,unknown,unresolved_legacy_lineage,2026-10-03T19:01:58.485548+00:00
processed/extracted_items/ntpc_text/29838_NIT_Download.txt,source_c1a33977175a4862937665ce,b95a9ce5365787ea1b82ebd7c6be1fa2e8763f71a8f5d9b66b963dae3b1ca212,legacy-derived artifact; exact inputs/version not recorded,unknown,unresolved_legacy_lineage,2026-10-03T19:01:58.485548+00:00
processed/extracted_items/ntpc_text/29839_NIT_Download.txt,source_c1a33977175a4862937665ce,7aa1d63f7fc36090c97d780d0638a571fe67349246a9bcd114d62a3c97f253bd,legacy-derived artifact; exact inputs/version not recorded,unknown,unresolved_legacy_lineage,2026-10-03T19:01:58.485548+00:00
processed/extracted_items/ntpc_text/29840_NIT_Download.txt,source_c1a33977175a4862937665ce,6bd8d15478c464e0f17ca039d7cde2ccf14d67428d41724f93c6b709e60bdbcb,legacy-derived artifact; exact inputs/version not recorded,unknown,unresolved_legacy_lineage,2026-10-03T19:01:58.485548+00:00
processed/extracted_items/ntpc_text/29841_NIT_Download.txt,source_c1a33977175a4862937665ce,26d6b742e26c07ba45cd1fdf63ad28734011b7894288f26875ff3a193d57f77d,legacy-derived artifact; exact inputs/version not recorded,unknown,unresolved_legacy_lineage,2026-10-03T19:01:58.485548+00:00
processed/extracted_items/ntpc_text/29842_NIT_Download.txt,source_c1a33977175a4862937665ce,83cc61e7ec1f2b5f105790e2d24b36012edc9bbf9084f489294bd1a9b77445cd,legacy-derived artifact; exact inputs/version not recorded,unknown,unresolved_legacy_lineage,2026-10-03T19:01:58.485548+00:00
processed/extracted_items/ntpc_text/29843_NIT_Download.txt,source_c1a33977175a4862937665ce,927f4b6e383739f2c86c8217a0fd9b27179e479e4ff3f058c59a6c9a3e5b61ae,legacy-derived artifact; exact inputs/version not recorded,unknown,unresolved_legacy_lineage,2026-10-03T19:01:58.485548+00:00
processed/extracted_items/ntpc_text/29844_cor_29844_1_1.txt,source_c1a33977175a4862937665ce,3f2b7fbf91e289ee789237c685be345ac1071c7057d6449be6695071b390e752,legacy-derived artifact; exact inputs/version not recorded,unknown,unresolved_legacy_lineage,2026-10-03T19:01:58.485548+00:00
processed/extracted_items/ntpc_text/29844_NIT_Download.txt,source_c1a33977175a4862937665ce,948d63336ad4ba1567bd264d3b527c6c0a22455aac128a9e43643d5d7466b993,legacy-derived artifact; exact inputs/version not recorded,unknown,unresolved_legacy_lineage,2026-10-03T19:01:58.485548+00:00
processed/extracted_items/ntpc_text/29845_cor_29845_1_1.txt,source_c1a33977175a4862937665ce,c4ef4c7b5959c94adfea355aca522be84961f78889ddcd6c0b43badfee79ae8a,legacy-derived artifact; exact inputs/version not recorded,unknown,unresolved_legacy_lineage,2026-10-03T19:01:58.485548+00:00
processed/extracted_items/ntpc_text/29845_NIT_Download.txt,source_c1a33977175a4862937665ce,7fb11d4ed6033fc393ffa85c46f2ba58258c291e9bc8d6fa435ea5b53310e038,legacy-derived artifact; exact inputs/version not recorded,unknown,unresolved_legacy_lineage,2026-10-03T19:01:58.485548+00:00
processed/extracted_items/ntpc_text/29846_NIT_Download.txt,source_c1a33977175a4862937665ce,34c49bf051367cd76717b6b1b0a37da48319b8671bb859ebb8ebf185622632cc,legacy-derived artifact; exact inputs/version not recorded,unknown,unresolved_legacy_lineage,2026-10-03T19:01:58.485548+00:00
processed/extracted_items/ntpc_text/29847_NIT_Download.txt,source_c1a33977175a4862937665ce,175ce754b35527fff03e5077ff3bdd0d8d0460597505964352e1012654c73d27,legacy-derived artifact; exact inputs/version not recorded,unknown,unresolved_legacy_lineage,2026-10-03T19:01:58.485548+00:00
processed/extracted_items/ntpc_text/29848_cor_29848_2_1.txt,source_c1a33977175a4862937665ce,6a3cf5192354f71615ac51034b3e97c20eda99643fcaf5bbe6d41ad59bd12167,legacy-derived artifact; exact inputs/version not recorded,unknown,unresolved_legacy_lineage,2026-10-03T19:01:58.485548+00:00
processed/extracted_items/ntpc_text/29848_NIT_Download.txt,source_c1a33977175a4862937665ce,5a7a5c97f2b5bc8732ff9961ec1cdfea5d33c9d7cedc19df5d17cc28cb28cbe8,legacy-derived artifact; exact inputs/version not recorded,unknown,unresolved_legacy_lineage,2026-10-03T19:01:58.485548+00:00
processed/extracted_items/ntpc_text/29849_cor_29849_1_1.txt,source_c1a33977175a4862937665ce,d62f87bee257dab6ef7c225cf41a7c8b04757dbb705a3971b6d9559e6a7a2f73,legacy-derived artifact; exact inputs/version not recorded,unknown,unresolved_legacy_lineage,2026-10-03T19:01:58.485548+00:00
processed/extracted_items/ntpc_text/29849_NIT_Download.txt,source_c1a33977175a4862937665ce,53a834f77a44371a3d855cc264cf5e470ba1e56193af2e006988dd4c1488abc2,legacy-derived artifact; exact inputs/version not recorded,unknown,unresolved_legacy_lineage,2026-10-03T19:01:58.485548+00:00
processed/extracted_items/ntpc_text/29850_NIT_Download.txt,source_c1a33977175a4862937665ce,3f839d154b989f28373f9eb4524422717df8ccc3cfcfab26841e5a0fe99137d3,legacy-derived artifact; exact inputs/version not recorded,unknown,unresolved_legacy_lineage,2026-10-03T19:01:58.485548+00:00
processed/extracted_items/ntpc_text/29851_NIT_Download.txt,source_c1a33977175a4862937665ce,ebf49b5cac4ab062932cf20487bd090aa143454cde32eb5c41276470d2db1bb6,legacy-derived artifact; exact inputs/version not recorded,unknown,unresolved_legacy_lineage,2026-10-03T19:01:58.485548+00:00
processed/extracted_items/ntpc_text/29852_NIT_Download.txt,source_c1a33977175a4862937665ce,935503e597c8025d86dcef789d823ab57ca2c485242e3ea6fd882a5a535be764,legacy-derived artifact; exact inputs/version not recorded,unknown,unresolved_legacy_lineage,2026-10-03T19:01:58.485548+00:00
processed/extracted_items/ntpc_text/29853_NIT_Download.txt,source_c1a33977175a4862937665ce,d0b47fae5d76859bd907540ca3141b82e917e60a042a5d205a64ca294988a60f,legacy-derived artifact; exact inputs/version not recorded,unknown,unresolved_legacy_lineage,2026-10-03T19:01:58.485548+00:00
processed/extracted_items/ntpc_text/29854_NIT_Download.txt,source_c1a33977175a4862937665ce,b93ce5dc84a025bf93219c9f6c64d2f55a3149d3e7c3466f1005ed21b9009044,legacy-derived artifact; exact inputs/version not recorded,unknown,unresolved_legacy_lineage,2026-10-03T19:01:58.485548+00:00
processed/extracted_items/ntpc_text/29855_NIT_Download.txt,source_c1a33977175a4862937665ce,f6d55d78bd18018de7f39a5ffa2bcba0ba9788813ed305256a46c49e79ec1795,legacy-derived artifact; exact inputs/version not recorded,unknown,unresolved_legacy_lineage,2026-10-03T19:01:58.485548+00:00
processed/extracted_items/ntpc_text/29856_NIT_Download.txt,source_c1a33977175a4862937665ce,a1454765eee37f2623879a9fc2fd46047bbde36977b4e241d661b6a2711eb8bb,legacy-derived artifact; exact inputs/version not recorded,unknown,unresolved_legacy_lineage,2026-10-03T19:01:58.485548+00:00
processed/extracted_items/ntpc_text/29857_NIT_Download.txt,source_c1a33977175a4862937665ce,770a912b03c23da4f1f92171fd8b94f7c8b2efbb97f50a7485dffd77e852895d,legacy-derived artifact; exact inputs/version not recorded,unknown,unresolved_legacy_lineage,2026-10-03T19:01:58.485548+00:00
processed/extracted_items/ntpc_text/29858_NIT_Download.txt,source_c1a33977175a4862937665ce,52562e381e16c1b64c4539970bc2ef5f5e2e1e1b7a44a00d89138c35d19425aa,legacy-derived artifact; exact inputs/version not recorded,unknown,unresolved_legacy_lineage,2026-10-03T19:01:58.485548+00:00
processed/extracted_items/ntpc_text/29859_NIT_Download.txt,source_c1a33977175a4862937665ce,1f5e8b45a990b7b182cc12523c21705ed0deb014b4bd14230bb9344373c04031,legacy-derived artifact; exact inputs/version not recorded,unknown,unresolved_legacy_lineage,2026-10-03T19:01:58.485548+00:00
processed/extracted_items/ntpc_text/29860_NIT_Download.txt,source_c1a33977175a4862937665ce,ba30b57db38db14a859aae666bf4331df6c795295adea138437c6b44209b7b5c,legacy-derived artifact; exact inputs/version not recorded,unknown,unresolved_legacy_lineage,2026-10-03T19:01:58.485548+00:00
processed/extracted_items/ntpc_text/29861_Click_here_to_view_Salient_Technical_Features.txt,source_c1a33977175a4862937665ce,9d9fe21d25cec85df2bdb148e475f3cef69c32896e9963cc8c8f5aadcb4f2049,legacy-derived artifact; exact inputs/version not recorded,unknown,unresolved_legacy_lineage,2026-10-03T19:01:58.485548+00:00
processed/extracted_items/ntpc_text/29861_cor_29861_1_1.txt,source_c1a33977175a4862937665ce,ef0d639eafbfe64b1589803686e70be1f3b2d3a0da629bf8d3855b08c7c8533a,legacy-derived artifact; exact inputs/version not recorded,unknown,unresolved_legacy_lineage,2026-10-03T19:01:58.485548+00:00
processed/extracted_items/ntpc_text/29861_NIT_Download.txt,source_c1a33977175a4862937665ce,586c4822c26b16d1f6cf09e6ad21d53368b741254393e225ed5438532a285ed6,legacy-derived artifact; exact inputs/version not recorded,unknown,unresolved_legacy_lineage,2026-10-03T19:01:58.485548+00:00
processed/extracted_items/ntpc_text/29862_NIT_Download.txt,source_c1a33977175a4862937665ce,2f5f544d536061fc3fa09ff55815b2ef17ea40a646e67f91dd32652f30ed4965,legacy-derived artifact; exact inputs/version not recorded,unknown,unresolved_legacy_lineage,2026-10-03T19:01:58.485548+00:00
processed/extracted_items/ntpc_text/29863_NIT_Download.txt,source_c1a33977175a4862937665ce,ebef6741bb065a1584677a663fe41e0f49a75cbe07d2c43b98b4a94b353e1c44,legacy-derived artifact; exact inputs/version not recorded,unknown,unresolved_legacy_lineage,2026-10-03T19:01:58.485548+00:00
processed/extracted_items/ntpc_text/29864_NIT_Download.txt,source_c1a33977175a4862937665ce,6a3cf5192354f71615ac51034b3e97c20eda99643fcaf5bbe6d41ad59bd12167,legacy-derived artifact; exact inputs/version not recorded,unknown,unresolved_legacy_lineage,2026-10-03T19:01:58.485548+00:00
processed/extracted_items/ntpc_text/29865_NIT_Download.txt,source_c1a33977175a4862937665ce,75667f532cec822f2812025d19b71dde647da4b252161aea1c871d8e93dd94c9,legacy-derived artifact; exact inputs/version not recorded,unknown,unresolved_legacy_lineage,2026-10-03T19:01:58.485548+00:00
processed/extracted_items/ntpc_text/29866_cor_29866_1_1.txt,source_c1a33977175a4862937665ce,a9c7af05c81304c45ada1f30951d4e6682c452d4af409d23d99401123cff8a4c,legacy-derived artifact; exact inputs/version not recorded,unknown,unresolved_legacy_lineage,2026-10-03T19:01:58.485548+00:00
processed/extracted_items/ntpc_text/29866_NIT_Download.txt,source_c1a33977175a4862937665ce,7fe94d60d0bc6b1210c3aac137d1caf5e468d42d177d9f85621dca1eb1a0b27e,legacy-derived artifact; exact inputs/version not recorded,unknown,unresolved_legacy_lineage,2026-10-03T19:01:58.485548+00:00
processed/extracted_items/ntpc_text/29867_NIT_Download.txt,source_c1a33977175a4862937665ce,67d608d9fd3a58849f85922d6ec5fe5005aceeba76d3ce4bd82c61e2c016d7eb,legacy-derived artifact; exact inputs/version not recorded,unknown,unresolved_legacy_lineage,2026-10-03T19:01:58.485548+00:00
processed/extracted_items/ntpc_text/29868_cor_29868_2_1.txt,source_c1a33977175a4862937665ce,6dab997ccadecffc4c0696ea36710d7d356085fbf2263abbc29e5dc8662a4c89,legacy-derived artifact; exact inputs/version not recorded,unknown,unresolved_legacy_lineage,2026-10-03T19:01:58.485548+00:00
processed/extracted_items/ntpc_text/29868_NIT_Download.txt,source_c1a33977175a4862937665ce,3d4e07c7875cb6fbc12ca34e4d145b17ec7b714b3bd241a32c0d158f2e4b2cc4,legacy-derived artifact; exact inputs/version not recorded,unknown,unresolved_legacy_lineage,2026-10-03T19:01:58.485548+00:00
processed/extracted_items/ntpc_text/29869_cor_29869_1_1.txt,source_c1a33977175a4862937665ce,d9d99410cccbdc3ef232c09e9c391fc5fbe41f7557f0b4640b3f12f56b41c28e,legacy-derived artifact; exact inputs/version not recorded,unknown,unresolved_legacy_lineage,2026-10-03T19:01:58.485548+00:00
processed/extracted_items/ntpc_text/29869_NIT_Download.txt,source_c1a33977175a4862937665ce,d9d99410cccbdc3ef232c09e9c391fc5fbe41f7557f0b4640b3f12f56b41c28e,legacy-derived artifact; exact inputs/version not recorded,unknown,unresolved_legacy_lineage,2026-10-03T19:01:58.485548+00:00
processed/extracted_items/ntpc_text/29870_cor_29870_1_1.txt,source_c1a33977175a4862937665ce,a8698e4c32a99491419a9537e4852d274169cb3ed2515423f9b894a20d1e7e77,legacy-derived artifact; exact inputs/version not recorded,unknown,unresolved_legacy_lineage,2026-10-03T19:01:58.485548+00:00
processed/extracted_items/ntpc_text/29870_NIT_Download.txt,source_c1a33977175a4862937665ce,fdf3f8c2d360d4c60544e7727b3a8c6fe7e935af6a4c2cfe41138af5564e0cbc,legacy-derived artifact; exact inputs/version not recorded,unknown,unresolved_legacy_lineage,2026-10-03T19:01:58.485548+00:00
processed/extracted_items/ntpc_text/29871_NIT_Download.txt,source_c1a33977175a4862937665ce,1475b7fd2522287760c3b090ea74169c798cad4ac97806e0c4a2d68f35bbdada,legacy-derived artifact; exact inputs/version not recorded,unknown,unresolved_legacy_lineage,2026-10-03T19:01:58.485548+00:00
processed/extracted_items/ntpc_text/29872_NIT_Download.txt,source_c1a33977175a4862937665ce,f4756af571998f4ca268c251fbdf53bd33e83695bd4453e895dbc7cff6077eaa,legacy-derived artifact; exact inputs/version not recorded,unknown,unresolved_legacy_lineage,2026-10-03T19:01:58.485548+00:00
processed/extracted_items/ntpc_text/29873_Click_here_to_view_Salient_Technical_Features.txt,source_c1a33977175a4862937665ce,3f3b2a3d10b56f85fd6badc078d37fb42d03293c7e2a54e9d89e3e3d49faedbe,legacy-derived artifact; exact inputs/version not recorded,unknown,unresolved_legacy_lineage,2026-10-03T19:01:58.485548+00:00
processed/extracted_items/ntpc_text/29873_NIT_Download.txt,source_c1a33977175a4862937665ce,138255b8e3d200058cfdbe0646187f8725a405ce7a5dccecef640387bac7f56c,legacy-derived artifact; exact inputs/version not recorded,unknown,unresolved_legacy_lineage,2026-10-03T19:01:58.485548+00:00
processed/extracted_items/ntpc_text/29874_NIT_Download.txt,source_c1a33977175a4862937665ce,5dde76dfc7316a90354aa716daeea5b74931dc9adecddbf539eae75ea67ed47d,legacy-derived artifact; exact inputs/version not recorded,unknown,unresolved_legacy_lineage,2026-10-03T19:01:58.485548+00:00
processed/extracted_items/ntpc_text/29875_NIT_Download.txt,source_c1a33977175a4862937665ce,c5a22bd973e83fea398b493e7517ceedd361959f1758b109a977b68244f0e7a4,legacy-derived artifact; exact inputs/version not recorded,unknown,unresolved_legacy_lineage,2026-10-03T19:01:58.485548+00:00
processed/extracted_items/ntpc_text/29876_cor_29876_1_1.txt,source_c1a33977175a4862937665ce,792e536b14b862ca6ac8bca4ffd910a70d76eb18e2a49e818afc84953302bf97,legacy-derived artifact; exact inputs/version not recorded,unknown,unresolved_legacy_lineage,2026-10-03T19:01:58.485548+00:00
processed/extracted_items/ntpc_text/29876_NIT_Download.txt,source_c1a33977175a4862937665ce,0d7803e7cd781023a547eb5e9ebfbe562c57d416c65820324f9ca11596fcf4c6,legacy-derived artifact; exact inputs/version not recorded,unknown,unresolved_legacy_lineage,2026-10-03T19:01:58.485548+00:00
processed/extracted_items/ntpc_text/29877_NIT_Download.txt,source_c1a33977175a4862937665ce,c31272892b0f0ae059f38fa84aa2fe11150207b811aae23c8a6b8e19d48931f8,legacy-derived artifact; exact inputs/version not recorded,unknown,unresolved_legacy_lineage,2026-10-03T19:01:58.485548+00:00
processed/extracted_items/ntpc_text/29878_NIT_Download.txt,source_c1a33977175a4862937665ce,31188a50388920b7bad86e9f155dc61e333ac30c2e6925d6f0e1052a9bfb4336,legacy-derived artifact; exact inputs/version not recorded,unknown,unresolved_legacy_lineage,2026-10-03T19:01:58.485548+00:00
processed/extracted_items/ntpc_text/29879_NIT_Download.txt,source_c1a33977175a4862937665ce,2e6ecc2f02b777e2e0b4e7d849918738f28887c0a3deb73db6a56fa7a02471b8,legacy-derived artifact; exact inputs/version not recorded,unknown,unresolved_legacy_lineage,2026-10-03T19:01:58.485548+00:00
processed/extracted_items/ntpc_text/29880_NIT_Download.txt,source_c1a33977175a4862937665ce,68314e5a4cc9df22e3dbe19cd2d3acd6fdbc90adba2496a24e0c5f7ff686a602,legacy-derived artifact; exact inputs/version not recorded,unknown,unresolved_legacy_lineage,2026-10-03T19:01:58.485548+00:00
processed/extracted_items/ntpc_text/29881_cor_29881_1_1.txt,source_c1a33977175a4862937665ce,43e4d0f33e1816179194c7099f99da101305e9b0ed8d22ecaec9800bbc7d87b1,legacy-derived artifact; exact inputs/version not recorded,unknown,unresolved_legacy_lineage,2026-10-03T19:01:58.485548+00:00
processed/extracted_items/ntpc_text/29881_NIT_Download.txt,source_c1a33977175a4862937665ce,fad49180bd449fb89f053f668c6d78fff3dfc332670bb06483b9c9a16adcca25,legacy-derived artifact; exact inputs/version not recorded,unknown,unresolved_legacy_lineage,2026-10-03T19:01:58.485548+00:00
processed/extracted_items/ntpc_text/29882_NIT_Download.txt,source_c1a33977175a4862937665ce,6f458dca65970d8c64656b2ba80451e5401f33845c8d5ed3b7372ee9aecb9b6a,legacy-derived artifact; exact inputs/version not recorded,unknown,unresolved_legacy_lineage,2026-10-03T19:01:58.485548+00:00
processed/extracted_items/ntpc_text/29883_NIT_Download.txt,source_c1a33977175a4862937665ce,9e4029a966aab035fccf5bbe5a66fd6f2829128728ebed79b5b64408a27f6923,legacy-derived artifact; exact inputs/version not recorded,unknown,unresolved_legacy_lineage,2026-10-03T19:01:58.485548+00:00
processed/extracted_items/ntpc_text/29884_NIT_Download.txt,source_c1a33977175a4862937665ce,d8c7cebea8fdaf9ade014cb62bf054c537234da70b08d88a0af50c65fec42a08,legacy-derived artifact; exact inputs/version not recorded,unknown,unresolved_legacy_lineage,2026-10-03T19:01:58.485548+00:00
processed/extracted_items/ntpc_text/29885_NIT_Download.txt,source_c1a33977175a4862937665ce,e7b5f3b5f727752880df7b8598aa5a8316870cb1a113aa11359931256b086894,legacy-derived artifact; exact inputs/version not recorded,unknown,unresolved_legacy_lineage,2026-10-03T19:01:58.485548+00:00
processed/extracted_items/ntpc_text/29886_NIT_Download.txt,source_c1a33977175a4862937665ce,54d48a838872f2d95e2c7d5edd5027cc90e0c1024f67de04260ac6a60caf06d9,legacy-derived artifact; exact inputs/version not recorded,unknown,unresolved_legacy_lineage,2026-10-03T19:01:58.485548+00:00
processed/extracted_items/ntpc_text/29887_NIT_Download.txt,source_c1a33977175a4862937665ce,f4360b469e6e06f3ecb3226e5b94cb179f58ee9a4d6829d06280ed5e00d308d2,legacy-derived artifact; exact inputs/version not recorded,unknown,unresolved_legacy_lineage,2026-10-03T19:01:58.485548+00:00
processed/extracted_items/ntpc_text/29888_NIT_Download.txt,source_c1a33977175a4862937665ce,4f8fb22b066855d2933be56006c7053118648d778c1c326d85ce474b38c50c95,legacy-derived artifact; exact inputs/version not recorded,unknown,unresolved_legacy_lineage,2026-10-03T19:01:58.485548+00:00
processed/extracted_items/ntpc_text/29889_NIT_Download.txt,source_c1a33977175a4862937665ce,602c9da58e92190c361a7e493c3fe9d4802849b07a427271b42cb95ad9b93ac3,legacy-derived artifact; exact inputs/version not recorded,unknown,unresolved_legacy_lineage,2026-10-03T19:01:58.485548+00:00
processed/extracted_items/ntpc_text/29890_NIT_Download.txt,source_c1a33977175a4862937665ce,aba96f80765d5660304f46b44729770cfda507ec37825cb244a5593ea33cdb8a,legacy-derived artifact; exact inputs/version not recorded,unknown,unresolved_legacy_lineage,2026-10-03T19:01:58.485548+00:00
processed/extracted_items/ntpc_text/29891_cor_29891_1_1.txt,source_c1a33977175a4862937665ce,08a232b0fe4c0d9e53b6d790878e6fff8ef90faf6860faa997501e321b9aebd1,legacy-derived artifact; exact inputs/version not recorded,unknown,unresolved_legacy_lineage,2026-10-03T19:01:58.485548+00:00
processed/extracted_items/ntpc_text/29891_NIT_Download.txt,source_c1a33977175a4862937665ce,719e069e09cfe7edc5b4c79203d492bc0688512d92bdcdd4e046c756d4d6b8b1,legacy-derived artifact; exact inputs/version not recorded,unknown,unresolved_legacy_lineage,2026-10-03T19:01:58.485548+00:00
processed/extracted_items/ntpc_text/29892_NIT_Download.txt,source_c1a33977175a4862937665ce,e15be10dc81bed85e183d817c8b5524f17cc83436787eb076d40e5817910170d,legacy-derived artifact; exact inputs/version not recorded,unknown,unresolved_legacy_lineage,2026-10-03T19:01:58.485548+00:00
processed/extracted_items/ntpc_text/29893_NIT_Download.txt,source_c1a33977175a4862937665ce,c5653d33de535f6f47f8ef32133c6d7fe8a45c20b0b62dcdf53dff0132d4535f,legacy-derived artifact; exact inputs/version not recorded,unknown,unresolved_legacy_lineage,2026-10-03T19:01:58.485548+00:00
processed/extracted_items/ntpc_text/29894_cor_29894_2_1.txt,source_c1a33977175a4862937665ce,3e116be1c001d95bd68bfc5a6f96e151b8f7ff7e29e6fdb6f3842f9ccbd99216,legacy-derived artifact; exact inputs/version not recorded,unknown,unresolved_legacy_lineage,2026-10-03T19:01:58.485548+00:00
processed/extracted_items/ntpc_text/29894_NIT_Download.txt,source_c1a33977175a4862937665ce,a0f8271c46d7e8de0efd6a81618a3d622bbb02f26ca4ca0db08d3f283397dde5,legacy-derived artifact; exact inputs/version not recorded,unknown,unresolved_legacy_lineage,2026-10-03T19:01:58.485548+00:00
processed/extracted_items/ntpc_text/29895_NIT_Download.txt,source_c1a33977175a4862937665ce,9d1e2f27f39933282591d216713083abb697efd78d31f3878eab3011102858f4,legacy-derived artifact; exact inputs/version not recorded,unknown,unresolved_legacy_lineage,2026-10-03T19:01:58.485548+00:00
processed/extracted_items/ntpc_text/29896_NIT_Download.txt,source_c1a33977175a4862937665ce,75ab93313e225dfa527b211115e8cb20b422712e90c8c16705f66ee88162ad7e,legacy-derived artifact; exact inputs/version not recorded,unknown,unresolved_legacy_lineage,2026-10-03T19:01:58.485548+00:00
processed/extracted_items/ntpc_text/29897_cor_29897_1_1.txt,source_c1a33977175a4862937665ce,f4bf0895de069f3c514b8dd641fd5955065cd369aeab0ce27011d0833d3d14cd,legacy-derived artifact; exact inputs/version not recorded,unknown,unresolved_legacy_lineage,2026-10-03T19:01:58.485548+00:00
processed/extracted_items/ntpc_text/29897_NIT_Download.txt,source_c1a33977175a4862937665ce,316815ae4e1a18abbb3f23f19340e3b2b71d83b51e0bd013987c00e050d9b1c5,legacy-derived artifact; exact inputs/version not recorded,unknown,unresolved_legacy_lineage,2026-10-03T19:01:58.485548+00:00
processed/extracted_items/ntpc_text/29898_NIT_Download.txt,source_c1a33977175a4862937665ce,95b5a18bc643bc171a6664df830365456d50f885b99efe135bd090fd83893bfb,legacy-derived artifact; exact inputs/version not recorded,unknown,unresolved_legacy_lineage,2026-10-03T19:01:58.485548+00:00
processed/extracted_items/ntpc_text/29899_NIT_Download.txt,source_c1a33977175a4862937665ce,745470c5055169369db4a15cd174dec485c51b3211557a62169a591def4ce002,legacy-derived artifact; exact inputs/version not recorded,unknown,unresolved_legacy_lineage,2026-10-03T19:01:58.485548+00:00
processed/extracted_items/ntpc_text/29900_NIT_Download.txt,source_c1a33977175a4862937665ce,7221ce9ed13e0ae369cf046e4842e16d4c597145f7af6ce852d407392b2206a9,legacy-derived artifact; exact inputs/version not recorded,unknown,unresolved_legacy_lineage,2026-10-03T19:01:58.485548+00:00
processed/extracted_items/ntpc_text/29901_NIT_Download.txt,source_c1a33977175a4862937665ce,bc1aa213afeb95582cff7790db64689d0713af71bfd2e3d42442c8c4cfd8251b,legacy-derived artifact; exact inputs/version not recorded,unknown,unresolved_legacy_lineage,2026-10-03T19:01:58.485548+00:00
processed/extracted_items/ntpc_text/29902_NIT_Download.txt,source_c1a33977175a4862937665ce,cba790baeb51ea582aa836725b00d730be9b5e729ec19c4b1d3fc74d300e1fa1,legacy-derived artifact; exact inputs/version not recorded,unknown,unresolved_legacy_lineage,2026-10-03T19:01:58.485548+00:00
processed/extracted_items/ntpc_text/29903_NIT_Download.txt,source_c1a33977175a4862937665ce,2b39a988a430db4efadc9ab1da6d4d7d57afc8b5158c59feeab7b53178b6c569,legacy-derived artifact; exact inputs/version not recorded,unknown,unresolved_legacy_lineage,2026-10-03T19:01:58.485548+00:00
processed/extracted_items/ntpc_text/29904_NIT_Download.txt,source_c1a33977175a4862937665ce,280411731d5b9b7d79747e7c513677c50ed3e0c88217c12c21d48d9ea13c9a3b,legacy-derived artifact; exact inputs/version not recorded,unknown,unresolved_legacy_lineage,2026-10-03T19:01:58.485548+00:00
processed/extracted_items/ntpc_text/29905_cor_29905_7_1.txt,source_c1a33977175a4862937665ce,3dc05921d62d1d7bbef7f3203ec5ab8225d86260cb964198168498c868fe9c83,legacy-derived artifact; exact inputs/version not recorded,unknown,unresolved_legacy_lineage,2026-10-03T19:01:58.485548+00:00
processed/extracted_items/ntpc_text/29905_NIT_Download.txt,source_c1a33977175a4862937665ce,93afe6eef1cc6c4b2cf523a43dc1deac709af22c145a6d5436dac3d230bf719b,legacy-derived artifact; exact inputs/version not recorded,unknown,unresolved_legacy_lineage,2026-10-03T19:01:58.485548+00:00
processed/extracted_items/ntpc_text/29906_NIT_Download.txt,source_c1a33977175a4862937665ce,190d8922835261f40d17c3b0b3f8d9fd87cf98ae4d7ecbc4ef8ee2ce7538289e,legacy-derived artifact; exact inputs/version not recorded,unknown,unresolved_legacy_lineage,2026-10-03T19:01:58.485548+00:00
processed/extracted_items/ntpc_text/29907_NIT_Download.txt,source_c1a33977175a4862937665ce,5b4e26fb5b3ec495e2d7113294920a444e2cd10910951730a733e9ed05e75518,legacy-derived artifact; exact inputs/version not recorded,unknown,unresolved_legacy_lineage,2026-10-03T19:01:58.485548+00:00
processed/extracted_items/ntpc_text/29908_NIT_Download.txt,source_c1a33977175a4862937665ce,4050093b6f9aeeeb7d8d05c5a0910ea43046f31d16714e4950396dcd121cc565,legacy-derived artifact; exact inputs/version not recorded,unknown,unresolved_legacy_lineage,2026-10-03T19:01:58.485548+00:00
processed/extracted_items/ntpc_text/29909_NIT_Download.txt,source_c1a33977175a4862937665ce,8ab3d13a4baa1b00a7f7d3b5cd4df8da6d8b7e1654eb3c53b60b1672e524f254,legacy-derived artifact; exact inputs/version not recorded,unknown,unresolved_legacy_lineage,2026-10-03T19:01:58.485548+00:00
processed/extracted_items/ntpc_text/29910_NIT_Download.txt,source_c1a33977175a4862937665ce,04a446e413b545b7658ffdd6edb27f87366066ed5b489a09035c5332def3b4eb,legacy-derived artifact; exact inputs/version not recorded,unknown,unresolved_legacy_lineage,2026-10-03T19:01:58.485548+00:00
processed/extracted_items/ntpc_text/29911_NIT_Download.txt,source_c1a33977175a4862937665ce,a789548d2f55d816dd716b80f679631378ebf43ddf02507023a65785a6c37028,legacy-derived artifact; exact inputs/version not recorded,unknown,unresolved_legacy_lineage,2026-10-03T19:01:58.485548+00:00
processed/extracted_items/ntpc_text/29912_NIT_Download.txt,source_c1a33977175a4862937665ce,f5c3810c49c2c29884cb20dc362dd30c076671e92491cf5f1edf86a5e76dbf7e,legacy-derived artifact; exact inputs/version not recorded,unknown,unresolved_legacy_lineage,2026-10-03T19:01:58.485548+00:00
processed/extracted_items/ntpc_text/29913_NIT_Download.txt,source_c1a33977175a4862937665ce,c8f04939fd0bde5845fdecd7b74422a32c7774d343b7bdb23875498dc9ae4a4d,legacy-derived artifact; exact inputs/version not recorded,unknown,unresolved_legacy_lineage,2026-10-03T19:01:58.485548+00:00
processed/extracted_items/ntpc_text/29914_NIT_Download.txt,source_c1a33977175a4862937665ce,38b6320188041886990183957613ee57424012eb6ab46b7c1b1ca848b1ce84c3,legacy-derived artifact; exact inputs/version not recorded,unknown,unresolved_legacy_lineage,2026-10-03T19:01:58.485548+00:00
processed/extracted_items/ntpc_text/29915_NIT_Download.txt,source_c1a33977175a4862937665ce,07fd153e3783d89c278a34ef7ed3506507c14fe81ae40a3efb89cacdcc4a4856,legacy-derived artifact; exact inputs/version not recorded,unknown,unresolved_legacy_lineage,2026-10-03T19:01:58.485548+00:00
processed/extracted_items/ntpc_text/29916_NIT_Download.txt,source_c1a33977175a4862937665ce,8e4a58186de64b3bd84282c178962745019efd6b7156354d58913818e673ea39,legacy-derived artifact; exact inputs/version not recorded,unknown,unresolved_legacy_lineage,2026-10-03T19:01:58.485548+00:00
processed/extracted_items/ntpc_text/29917_Click_here_to_view_Salient_Technical_Features.txt,source_c1a33977175a4862937665ce,5e962567dcef28336dc53364ef068bd2ca2e66380231b0bc08cb67bb2a350b5e,legacy-derived artifact; exact inputs/version not recorded,unknown,unresolved_legacy_lineage,2026-10-03T19:01:58.485548+00:00
processed/extracted_items/ntpc_text/29917_cor_29917_1_1.txt,source_c1a33977175a4862937665ce,d249dee0e662c0bf29ca5425fc433ec2c9f772cfdde31fb770e7e8f11ff888f6,legacy-derived artifact; exact inputs/version not recorded,unknown,unresolved_legacy_lineage,2026-10-03T19:01:58.485548+00:00
processed/extracted_items/ntpc_text/29917_NIT_Download.txt,source_c1a33977175a4862937665ce,c80fecbeebfde4a88c5ae70bdb90e611ecb41ba372f3670fdf64f5dd2d5c630a,legacy-derived artifact; exact inputs/version not recorded,unknown,unresolved_legacy_lineage,2026-10-03T19:01:58.485548+00:00
processed/extracted_items/ntpc_text/29918_Click_here_to_view_Salient_Technical_Features.txt,source_c1a33977175a4862937665ce,e9467d04d04b220e067886b91070664b9629e9187439d8e1dd45cfa1dfd0fded,legacy-derived artifact; exact inputs/version not recorded,unknown,unresolved_legacy_lineage,2026-10-03T19:01:58.485548+00:00
processed/extracted_items/ntpc_text/29918_cor_29918_2_1.txt,source_c1a33977175a4862937665ce,f00b9bd8e765b1c9d4cf9b9283b85545a963824b79737af02915f24445878903,legacy-derived artifact; exact inputs/version not recorded,unknown,unresolved_legacy_lineage,2026-10-03T19:01:58.485548+00:00
processed/extracted_items/ntpc_text/29918_NIT_Download.txt,source_c1a33977175a4862937665ce,25bd07c59c1b31dba26f79f59cc5474b41523406871da7f6622570e419f04ac1,legacy-derived artifact; exact inputs/version not recorded,unknown,unresolved_legacy_lineage,2026-10-03T19:01:58.485548+00:00
processed/extracted_items/ntpc_text/29919_NIT_Download.txt,source_c1a33977175a4862937665ce,504998db90afe198d8dd88915831eaeadc4e3662f792addf7ef95fa04afdae91,legacy-derived artifact; exact inputs/version not recorded,unknown,unresolved_legacy_lineage,2026-10-03T19:01:58.485548+00:00
processed/extracted_items/ntpc_text/29920_NIT_Download.txt,source_c1a33977175a4862937665ce,3f549586ecfa6a8ebd0c58c2eb71504ff3c0846d39a629365e07972e636533b4,legacy-derived artifact; exact inputs/version not recorded,unknown,unresolved_legacy_lineage,2026-10-03T19:01:58.485548+00:00
processed/extracted_items/ntpc_text/29921_NIT_Download.txt,source_c1a33977175a4862937665ce,a4687ce12bb680631e0365bf64b36b5e58ed9d5f9a5ff1bfb2bed9e1027a5d45,legacy-derived artifact; exact inputs/version not recorded,unknown,unresolved_legacy_lineage,2026-10-03T19:01:58.485548+00:00
processed/extracted_items/ntpc_text/29922_NIT_Download.txt,source_c1a33977175a4862937665ce,2f72f605f73bc5550e44364e9cb05a12dde9732a89244ec7149d2153bc2d56f0,legacy-derived artifact; exact inputs/version not recorded,unknown,unresolved_legacy_lineage,2026-10-03T19:01:58.485548+00:00
processed/extracted_items/ntpc_text/29923_NIT_Download.txt,source_c1a33977175a4862937665ce,75a11da44c802486bc6f65640aa48a730f0f684c5c07a42ba3cd1735eb3fb070,legacy-derived artifact; exact inputs/version not recorded,unknown,unresolved_legacy_lineage,2026-10-03T19:01:58.485548+00:00
processed/extracted_items/ntpc_text/29924_NIT_Download.txt,source_c1a33977175a4862937665ce,d38a3ca0b8fd593e8b99eee08ff273eb1666290f633c73ab3f71d3b4fae68df0,legacy-derived artifact; exact inputs/version not recorded,unknown,unresolved_legacy_lineage,2026-10-03T19:01:58.485548+00:00
processed/extracted_items/ntpc_text/29925_NIT_Download.txt,source_c1a33977175a4862937665ce,ceecacce6dfc20944f1709902e0a051b2e34abccbb22be06310365d1922a6fec,legacy-derived artifact; exact inputs/version not recorded,unknown,unresolved_legacy_lineage,2026-10-03T19:01:58.485548+00:00
processed/extracted_items/ntpc_text/29926_NIT_Download.txt,source_c1a33977175a4862937665ce,2e4d69f93daab538e15551bc941c293b9b51d3679b1c99b15a2b6fd8e941b9f3,legacy-derived artifact; exact inputs/version not recorded,unknown,unresolved_legacy_lineage,2026-10-03T19:01:58.485548+00:00
processed/extracted_items/ntpc_text/29929_NIT_Download.txt,source_c1a33977175a4862937665ce,5f7880b865aa183bee4fd3786b1f10dd32416ac7fb22210d180a508ae6e40303,legacy-derived artifact; exact inputs/version not recorded,unknown,unresolved_legacy_lineage,2026-10-03T19:01:58.485548+00:00
processed/extracted_items/ntpc_text/29930_NIT_Download.txt,source_c1a33977175a4862937665ce,b13214932e501a8ef92d7ce613c6de742f7d7cbc2affb1dee25c3e8ae6c0cd29,legacy-derived artifact; exact inputs/version not recorded,unknown,unresolved_legacy_lineage,2026-10-03T19:01:58.485548+00:00
processed/extracted_items/ntpc_text/29931_Click_here_to_view_Salient_Technical_Features.txt,source_c1a33977175a4862937665ce,b04ddc4c6aeed24ee90df5877403aa20c9eda28cbb1808031a00b14b9cc34e63,legacy-derived artifact; exact inputs/version not recorded,unknown,unresolved_legacy_lineage,2026-10-03T19:01:58.485548+00:00
processed/extracted_items/ntpc_text/29931_NIT_Download.txt,source_c1a33977175a4862937665ce,f6c35f90740b7f0c62e3cde92d710c7a8760a5b9d26d5d71bd15b3b2391cfe87,legacy-derived artifact; exact inputs/version not recorded,unknown,unresolved_legacy_lineage,2026-10-03T19:01:58.485548+00:00
processed/extracted_items/ntpc_text/29932_NIT_Download.txt,source_c1a33977175a4862937665ce,d088784b7ecb87f1ea17e6f982fa968ffefcc07b79de6ecc548fc00242868da6,legacy-derived artifact; exact inputs/version not recorded,unknown,unresolved_legacy_lineage,2026-10-03T19:01:58.485548+00:00
processed/extracted_items/ntpc_text/29933_NIT_Download.txt,source_c1a33977175a4862937665ce,dce2ac1d353757b0ea04fb4f2e851874151e1b01e2f1c75090c1c259c1fb806d,legacy-derived artifact; exact inputs/version not recorded,unknown,unresolved_legacy_lineage,2026-10-03T19:01:58.485548+00:00
processed/extracted_items/ntpc_text/29934_NIT_Download.txt,source_c1a33977175a4862937665ce,14ca30cf9bad52441badaabe625de9134c03b5e0366175c40ea443adf8c9f549,legacy-derived artifact; exact inputs/version not recorded,unknown,unresolved_legacy_lineage,2026-10-03T19:01:58.485548+00:00
processed/extracted_items/ntpc_text/29935_NIT_Download.txt,source_c1a33977175a4862937665ce,43e4703669495cb57b3de44e0b499a637cb6888c8d84f45944a8ff38ffabc972,legacy-derived artifact; exact inputs/version not recorded,unknown,unresolved_legacy_lineage,2026-10-03T19:01:58.485548+00:00
processed/extracted_items/ntpc_text/29936_NIT_Download.txt,source_c1a33977175a4862937665ce,7b025f8be45b5a118edb11604dbd3c9119abdf2d4e63b3a9023a3d128b486c9c,legacy-derived artifact; exact inputs/version not recorded,unknown,unresolved_legacy_lineage,2026-10-03T19:01:58.485548+00:00
processed/extracted_items/ntpc_text/29937_NIT_Download.txt,source_c1a33977175a4862937665ce,4de9553d648fe7eb8bbaa1d98e2074d01463812627c781e3735085a0035a4feb,legacy-derived artifact; exact inputs/version not recorded,unknown,unresolved_legacy_lineage,2026-10-03T19:01:58.485548+00:00
processed/extracted_items/ntpc_text/29938_NIT_Download.txt,source_c1a33977175a4862937665ce,4ea79fa822b20006d8901961d82ff0118d9f2b95a69ffc26824440e3ae2b2163,legacy-derived artifact; exact inputs/version not recorded,unknown,unresolved_legacy_lineage,2026-10-03T19:01:58.485548+00:00
processed/extracted_items/ntpc_text/29939_NIT_Download.txt,source_c1a33977175a4862937665ce,d299019db4eedeff1be35e7f71fede83bc31643470bdcad46094a09e3ce9741d,legacy-derived artifact; exact inputs/version not recorded,unknown,unresolved_legacy_lineage,2026-10-03T19:01:58.485548+00:00
processed/extracted_items/ntpc_text/29940_NIT_Download.txt,source_c1a33977175a4862937665ce,f66500e4b5e06e3461c72d2f5240f6fce9b392f14b5a7fdc897203afa7aa30a0,legacy-derived artifact; exact inputs/version not recorded,unknown,unresolved_legacy_lineage,2026-10-03T19:01:58.485548+00:00
processed/extracted_items/ntpc_text/29941_NIT_Download.txt,source_c1a33977175a4862937665ce,ecd8d817723d64a7941df1d6077affedc17ebb0d1e1a36b99bffd8da1783d8d0,legacy-derived artifact; exact inputs/version not recorded,unknown,unresolved_legacy_lineage,2026-10-03T19:01:58.485548+00:00
processed/extracted_items/ntpc_text/29942_NIT_Download.txt,source_c1a33977175a4862937665ce,8361c823ba5938ab803eb4fa65905a6ca28372176d9947cb880600dca57e54c9,legacy-derived artifact; exact inputs/version not recorded,unknown,unresolved_legacy_lineage,2026-10-03T19:01:58.485548+00:00
processed/extracted_items/ntpc_text/29943_NIT_Download.txt,source_c1a33977175a4862937665ce,64a1cff8ea4791df23d9440457251f358151b18aa6b80eccf8dae5f4aac92718,legacy-derived artifact; exact inputs/version not recorded,unknown,unresolved_legacy_lineage,2026-10-03T19:01:58.485548+00:00
processed/extracted_items/ntpc_text/29944_cor_29944_4_1.txt,source_c1a33977175a4862937665ce,e9f8c972428599e0fc7f84db17040ae67796a0d9beaa102be57a488df1bba7c0,legacy-derived artifact; exact inputs/version not recorded,unknown,unresolved_legacy_lineage,2026-10-03T19:01:58.485548+00:00
processed/extracted_items/ntpc_text/29944_NIT_Download.txt,source_c1a33977175a4862937665ce,e0291281020fc54e471bc2d5b0032db265a95fef666966a3a4ab1c6384e8bd7d,legacy-derived artifact; exact inputs/version not recorded,unknown,unresolved_legacy_lineage,2026-10-03T19:01:58.485548+00:00
processed/extracted_items/ntpc_text/29945_NIT_Download.txt,source_c1a33977175a4862937665ce,803b967329af63609a728496852a017e8daeb34b146465fea259737e3ce741c6,legacy-derived artifact; exact inputs/version not recorded,unknown,unresolved_legacy_lineage,2026-10-03T19:01:58.485548+00:00
processed/extracted_items/ntpc_text/29946_NIT_Download.txt,source_c1a33977175a4862937665ce,c7a4b76421cb77d130b085482c778d5176141fe12152860fafc482dd53735a09,legacy-derived artifact; exact inputs/version not recorded,unknown,unresolved_legacy_lineage,2026-10-03T19:01:58.485548+00:00
processed/extracted_items/ntpc_text/29947_NIT_Download.txt,source_c1a33977175a4862937665ce,381ddf0cba0f8513cbf053d08ebf74a37c24497fcd6490797f53ce998a091c5b,legacy-derived artifact; exact inputs/version not recorded,unknown,unresolved_legacy_lineage,2026-10-03T19:01:58.485548+00:00
processed/extracted_items/ntpc_text/29948_NIT_Download.txt,source_c1a33977175a4862937665ce,7e411a026f0ffa5fda6b8bdfcb896e37d83c7637453fb74ee68355e53cfa71ed,legacy-derived artifact; exact inputs/version not recorded,unknown,unresolved_legacy_lineage,2026-10-03T19:01:58.485548+00:00
processed/extracted_items/ntpc_text/29949_NIT_Download.txt,source_c1a33977175a4862937665ce,e788d2edb6896977e6335f5f7f952bbae6c22897adcf07a440c47e136a9efeb3,legacy-derived artifact; exact inputs/version not recorded,unknown,unresolved_legacy_lineage,2026-10-03T19:01:58.485548+00:00
processed/extracted_items/ntpc_text/29950_NIT_Download.txt,source_c1a33977175a4862937665ce,33dc374c154ff4b3d03b8de19332257052307b546ed3c548c9cb5c5476b9d153,legacy-derived artifact; exact inputs/version not recorded,unknown,unresolved_legacy_lineage,2026-10-03T19:01:58.485548+00:00
processed/extracted_items/ntpc_text/29951_Click_here_to_view_Salient_Technical_Features.txt,source_c1a33977175a4862937665ce,37e55417e380a7add3bd21787527cbd8e09419f1e5c5d95b018723cdc91bb08b,legacy-derived artifact; exact inputs/version not recorded,unknown,unresolved_legacy_lineage,2026-10-03T19:01:58.485548+00:00
processed/extracted_items/ntpc_text/29951_cor_29951_1_1.txt,source_c1a33977175a4862937665ce,f037c3120bd6e2abb49461b842a3c2fdb23a3d801e3dead897a4004abc9df885,legacy-derived artifact; exact inputs/version not recorded,unknown,unresolved_legacy_lineage,2026-10-03T19:01:58.485548+00:00
processed/extracted_items/ntpc_text/29951_NIT_Download.txt,source_c1a33977175a4862937665ce,f037c3120bd6e2abb49461b842a3c2fdb23a3d801e3dead897a4004abc9df885,legacy-derived artifact; exact inputs/version not recorded,unknown,unresolved_legacy_lineage,2026-10-03T19:01:58.485548+00:00
processed/extracted_items/ntpc_text/29952_NIT_Download.txt,source_c1a33977175a4862937665ce,1d21ea711119359aff5f982fdfb2427f72628dba35020c36a2a21414a1801c2c,legacy-derived artifact; exact inputs/version not recorded,unknown,unresolved_legacy_lineage,2026-10-03T19:01:58.485548+00:00
processed/extracted_items/ntpc_text/29953_cor_29953_1_1.txt,source_c1a33977175a4862937665ce,4d9c343e9e03fdca514afc2338d6a5c3949a107d12b2c23de32f3b820cada378,legacy-derived artifact; exact inputs/version not recorded,unknown,unresolved_legacy_lineage,2026-10-03T19:01:58.485548+00:00
processed/extracted_items/ntpc_text/29953_NIT_Download.txt,source_c1a33977175a4862937665ce,89ba81d7433b006976dc39f5b73c0593273843e3830733c384aa51a50bd7aa8d,legacy-derived artifact; exact inputs/version not recorded,unknown,unresolved_legacy_lineage,2026-10-03T19:01:58.485548+00:00
processed/extracted_items/ntpc_text/29954_NIT_Download.txt,source_c1a33977175a4862937665ce,bdc62b9844b92b3785005e33018b46b47d044aa1512ba4c8f083190ff6612135,legacy-derived artifact; exact inputs/version not recorded,unknown,unresolved_legacy_lineage,2026-10-03T19:01:58.485548+00:00
processed/extracted_items/ntpc_text/29955_NIT_Download.txt,source_c1a33977175a4862937665ce,436ee1db9303783b19bc59d9926ae8acb23a40336da636d8f41cc646dd4e19a9,legacy-derived artifact; exact inputs/version not recorded,unknown,unresolved_legacy_lineage,2026-10-03T19:01:58.485548+00:00
processed/extracted_items/ntpc_text/29956_NIT_Download.txt,source_c1a33977175a4862937665ce,e368035f7b398e8a0c2f748a5cdabdc4a58af62784dce57cbd7962dc8d538e94,legacy-derived artifact; exact inputs/version not recorded,unknown,unresolved_legacy_lineage,2026-10-03T19:01:58.485548+00:00
processed/extracted_items/ntpc_text/29957_NIT_Download.txt,source_c1a33977175a4862937665ce,c0ac1a53c5cf40588cd21a11e588173d407b1a5209db97bd8b1be570c8fb8393,legacy-derived artifact; exact inputs/version not recorded,unknown,unresolved_legacy_lineage,2026-10-03T19:01:58.485548+00:00
processed/extracted_items/ntpc_text/29958_NIT_Download.txt,source_c1a33977175a4862937665ce,bb401cbd0327e2122937ce89352d87cc046b8843f32a819c16d0bdc1a8238548,legacy-derived artifact; exact inputs/version not recorded,unknown,unresolved_legacy_lineage,2026-10-03T19:01:58.485548+00:00
processed/extracted_items/ntpc_text/29959_NIT_Download.txt,source_c1a33977175a4862937665ce,e1a61aa6df434a2e178576782c5208e491b8c6926022dfaf6dfcb5de536a5046,legacy-derived artifact; exact inputs/version not recorded,unknown,unresolved_legacy_lineage,2026-10-03T19:01:58.485548+00:00
processed/extracted_items/ntpc_text/29960_NIT_Download.txt,source_c1a33977175a4862937665ce,c4460c045b6cd5d1c17385938b62f12c8c37fd5a06b2f122fcb4bcb8c8d48949,legacy-derived artifact; exact inputs/version not recorded,unknown,unresolved_legacy_lineage,2026-10-03T19:01:58.485548+00:00
processed/extracted_items/ntpc_text/29961_NIT_Download.txt,source_c1a33977175a4862937665ce,56cb9ea6f3223117fb0ecebd11aa256532439877db006ba325693d49250a1e9a,legacy-derived artifact; exact inputs/version not recorded,unknown,unresolved_legacy_lineage,2026-10-03T19:01:58.485548+00:00
processed/extracted_items/ntpc_text/29962_NIT_Download.txt,source_c1a33977175a4862937665ce,347b3babea6b8a8a352d511f9d9c1901b2fe4167c7a2b98e5d739fc3829a49da,legacy-derived artifact; exact inputs/version not recorded,unknown,unresolved_legacy_lineage,2026-10-03T19:01:58.485548+00:00
processed/extracted_items/ntpc_text/29963_Click_here_to_view_Salient_Technical_Features.txt,source_c1a33977175a4862937665ce,12a268dc2404c2cadc168536832e2f6c37e7cb7623d1ac7ba6cbed3c20c7d5af,legacy-derived artifact; exact inputs/version not recorded,unknown,unresolved_legacy_lineage,2026-10-03T19:01:58.485548+00:00
processed/extracted_items/ntpc_text/29963_NIT_Download.txt,source_c1a33977175a4862937665ce,6a315acb8217a3e6ecef9bdef649e444440d6df08fcd002560a94c5219adc4f2,legacy-derived artifact; exact inputs/version not recorded,unknown,unresolved_legacy_lineage,2026-10-03T19:01:58.485548+00:00
processed/extracted_items/ntpc_text/29964_Click_here_to_view_Salient_Technical_Features.txt,source_c1a33977175a4862937665ce,e6ba478d0e248034a0cd7f896564dddb7bfecf1a81b68dc3e4a87462e7661127,legacy-derived artifact; exact inputs/version not recorded,unknown,unresolved_legacy_lineage,2026-10-03T19:01:58.485548+00:00
processed/extracted_items/ntpc_text/29964_cor_29964_1_1.txt,source_c1a33977175a4862937665ce,5b369702772c98a07d8f880a79ef7ae489644e15e111afe8122f1121ad56c3f9,legacy-derived artifact; exact inputs/version not recorded,unknown,unresolved_legacy_lineage,2026-10-03T19:01:58.485548+00:00
processed/extracted_items/ntpc_text/29964_NIT_Download.txt,source_c1a33977175a4862937665ce,5dbb053c75054f1ab019c7a9b5c269ee91ab8d70bf7d31323dcaa33f9254a36e,legacy-derived artifact; exact inputs/version not recorded,unknown,unresolved_legacy_lineage,2026-10-03T19:01:58.485548+00:00
processed/extracted_items/ntpc_text/29965_NIT_Download.txt,source_c1a33977175a4862937665ce,0ae2f6377d8204bd1a559a77f199185c3725f025ed039096fa0b561cdd7f4d89,legacy-derived artifact; exact inputs/version not recorded,unknown,unresolved_legacy_lineage,2026-10-03T19:01:58.485548+00:00
processed/extracted_items/ntpc_text/29967_NIT_Download.txt,source_c1a33977175a4862937665ce,1e135afb54bf948ed616b7e518ea9f59c8edad95a2d1dfbae8adc60b167c5f6c,legacy-derived artifact; exact inputs/version not recorded,unknown,unresolved_legacy_lineage,2026-10-03T19:01:58.485548+00:00
processed/extracted_items/ntpc_text/29968_NIT_Download.txt,source_c1a33977175a4862937665ce,43ade088af84de6fd81bf76fb83bd7a257d708d4512b1f9d5aff5ad31146f1f7,legacy-derived artifact; exact inputs/version not recorded,unknown,unresolved_legacy_lineage,2026-10-03T19:01:58.485548+00:00
processed/extracted_items/ntpc_text/29969_Click_here_to_view_Salient_Technical_Features.txt,source_c1a33977175a4862937665ce,f3267a19dae40de62936c0c682739b87ee3db44b263655b2a55a1aaa797b4ec9,legacy-derived artifact; exact inputs/version not recorded,unknown,unresolved_legacy_lineage,2026-10-03T19:01:58.485548+00:00
processed/extracted_items/ntpc_text/29969_NIT_Download.txt,source_c1a33977175a4862937665ce,6d0b4b5b2e80af440defa248dcbdd8b0d8abe38bd8b4cc10d5e60913195cd73f,legacy-derived artifact; exact inputs/version not recorded,unknown,unresolved_legacy_lineage,2026-10-03T19:01:58.485548+00:00
processed/extracted_items/ntpc_text/29970_cor_29970_1_1.txt,source_c1a33977175a4862937665ce,4ddc74e0fd9f298b4fc51cfb0bae0d293e1762bbdbd238d0c319a804ff1b4e9f,legacy-derived artifact; exact inputs/version not recorded,unknown,unresolved_legacy_lineage,2026-10-03T19:01:58.485548+00:00
processed/extracted_items/ntpc_text/29970_NIT_Download.txt,source_c1a33977175a4862937665ce,52f2eb9517e8a523f16911a5045c15ca1c38ea2a9ecdaf305ec809dee87b7e73,legacy-derived artifact; exact inputs/version not recorded,unknown,unresolved_legacy_lineage,2026-10-03T19:01:58.485548+00:00
processed/extracted_items/ntpc_text/29971_NIT_Download.txt,source_c1a33977175a4862937665ce,a7e445238234c9246c2dd7d46bd99b4ee2752b6d15ec1a875f115c5b0af31ebb,legacy-derived artifact; exact inputs/version not recorded,unknown,unresolved_legacy_lineage,2026-10-03T19:01:58.485548+00:00
processed/extracted_items/ntpc_text/29972_NIT_Download.txt,source_c1a33977175a4862937665ce,7bb854ebae93c4235e2a4b90200a5182b5dd52b476b37cc2766e42bcd6ed438d,legacy-derived artifact; exact inputs/version not recorded,unknown,unresolved_legacy_lineage,2026-10-03T19:01:58.485548+00:00
processed/extracted_items/ntpc_text/29973_Click_here_to_view_Salient_Technical_Features.txt,source_c1a33977175a4862937665ce,6bc7eb7933ea60883df0be6c4d040f52453c7f669d97f0ee8a2b2234413cb8c5,legacy-derived artifact; exact inputs/version not recorded,unknown,unresolved_legacy_lineage,2026-10-03T19:01:58.485548+00:00
processed/extracted_items/ntpc_text/29973_cor_29973_1_1.txt,source_c1a33977175a4862937665ce,7fc6879d7e588f4c82d14d693f45ce43d5afa3f15383a9129b25afa1c2724418,legacy-derived artifact; exact inputs/version not recorded,unknown,unresolved_legacy_lineage,2026-10-03T19:01:58.485548+00:00
processed/extracted_items/ntpc_text/29973_NIT_Download.txt,source_c1a33977175a4862937665ce,d6bef499e4816a7e92d3f5d081182d17b297910f1f173d158558225110964798,legacy-derived artifact; exact inputs/version not recorded,unknown,unresolved_legacy_lineage,2026-10-03T19:01:58.485548+00:00
processed/extracted_items/ntpc_text/29974_cor_29974_1_1.txt,source_c1a33977175a4862937665ce,c86988a3308c428ffc1aeec672227126981f6b2cc905f3fc2c5ab025e9f9a39a,legacy-derived artifact; exact inputs/version not recorded,unknown,unresolved_legacy_lineage,2026-10-03T19:01:58.485548+00:00
processed/extracted_items/ntpc_text/29974_NIT_Download.txt,source_c1a33977175a4862937665ce,122a19c198ac605f36ebb143e11bff310204dc9375af89dc037cb74a798b8eb2,legacy-derived artifact; exact inputs/version not recorded,unknown,unresolved_legacy_lineage,2026-10-03T19:01:58.485548+00:00
processed/extracted_items/ntpc_text/29976_NIT_Download.txt,source_c1a33977175a4862937665ce,ebfb37f4bf438a11d20f93b93d98ba4838b202d1ab8baa06d7504323589d3ddb,legacy-derived artifact; exact inputs/version not recorded,unknown,unresolved_legacy_lineage,2026-10-03T19:01:58.485548+00:00
processed/extracted_items/ntpc_text/29977_cor_29977_1_1.txt,source_c1a33977175a4862937665ce,41d5e6ec416aca9865671b93d8614720a460c60efb83e91e27074063a10113d7,legacy-derived artifact; exact inputs/version not recorded,unknown,unresolved_legacy_lineage,2026-10-03T19:01:58.485548+00:00
processed/extracted_items/ntpc_text/29977_NIT_Download.txt,source_c1a33977175a4862937665ce,f853409cdf7cbffbdf6254f453502653184d8edf4bc81be2d0ff0c1801eb4bb0,legacy-derived artifact; exact inputs/version not recorded,unknown,unresolved_legacy_lineage,2026-10-03T19:01:58.485548+00:00
processed/extracted_items/ntpc_text/29978_NIT_Download.txt,source_c1a33977175a4862937665ce,5984440a91a903ba077ee52b242f3edf514a803eb3f21b9c11c3b157e82281ab,legacy-derived artifact; exact inputs/version not recorded,unknown,unresolved_legacy_lineage,2026-10-03T19:01:58.485548+00:00
processed/extracted_items/ntpc_text/29979_Click_here_to_view_Salient_Technical_Features.txt,source_c1a33977175a4862937665ce,45a35512ae99dbc53e5dd216bac02cfd2f7d67bae2d74210e6b117c8bb0bfeed,legacy-derived artifact; exact inputs/version not recorded,unknown,unresolved_legacy_lineage,2026-10-03T19:01:58.485548+00:00
processed/extracted_items/ntpc_text/29979_NIT_Download.txt,source_c1a33977175a4862937665ce,c0202957c3eed853d00973dc1cad036126769156a7b4bcf82bbab58b52183094,legacy-derived artifact; exact inputs/version not recorded,unknown,unresolved_legacy_lineage,2026-10-03T19:01:58.485548+00:00
processed/extracted_items/ntpc_text/29980_NIT_Download.txt,source_c1a33977175a4862937665ce,7986361f6b1e1d4d3f24d9a5075bf1da584d361a66e4d14521a0bfaa38d69a06,legacy-derived artifact; exact inputs/version not recorded,unknown,unresolved_legacy_lineage,2026-10-03T19:01:58.485548+00:00
processed/extracted_items/ntpc_text/29981_NIT_Download.txt,source_c1a33977175a4862937665ce,f4359be7a29bce0c72af6fbff5315400898d688de867a0bc848393cfdeb8fe0f,legacy-derived artifact; exact inputs/version not recorded,unknown,unresolved_legacy_lineage,2026-10-03T19:01:58.485548+00:00
processed/extracted_items/ntpc_text/29982_NIT_Download.txt,source_c1a33977175a4862937665ce,701384291a5a3dfb9f824af7d686d840db912983688af0834e546b929e967430,legacy-derived artifact; exact inputs/version not recorded,unknown,unresolved_legacy_lineage,2026-10-03T19:01:58.485548+00:00
processed/extracted_items/ntpc_text/29983_NIT_Download.txt,source_c1a33977175a4862937665ce,be3b666a95e359642c1d35a059d28b05e757c7ffc63ac26b0552e1c8b3e7f072,legacy-derived artifact; exact inputs/version not recorded,unknown,unresolved_legacy_lineage,2026-10-03T19:01:58.485548+00:00
processed/extracted_items/ntpc_text/29984_NIT_Download.txt,source_c1a33977175a4862937665ce,636d8efab45cedad41c084e7c9183c3b44d1187f229dafbc7e81613e84e301f8,legacy-derived artifact; exact inputs/version not recorded,unknown,unresolved_legacy_lineage,2026-10-03T19:01:58.485548+00:00
processed/extracted_items/ntpc_text/29985_Click_here_to_view_Salient_Technical_Features.txt,source_c1a33977175a4862937665ce,a15b077cc907a08beaed624a9862b6cbb89ce06a4362449552704fe63fb9e553,legacy-derived artifact; exact inputs/version not recorded,unknown,unresolved_legacy_lineage,2026-10-03T19:01:58.485548+00:00
processed/extracted_items/ntpc_text/29985_cor_29985_4_1.txt,source_c1a33977175a4862937665ce,847282327975c4e813fc3c39561852a9095524cf22d2619483db9d01d243ad52,legacy-derived artifact; exact inputs/version not recorded,unknown,unresolved_legacy_lineage,2026-10-03T19:01:58.485548+00:00
processed/extracted_items/ntpc_text/29985_NIT_Download.txt,source_c1a33977175a4862937665ce,9d9c8e7d9f3bf86537b7b20c5a05742008fa071fcede54506c173103cb3eb98f,legacy-derived artifact; exact inputs/version not recorded,unknown,unresolved_legacy_lineage,2026-10-03T19:01:58.485548+00:00
processed/extracted_items/ntpc_text/29986_cor_29986_2_1.txt,source_c1a33977175a4862937665ce,8046545b95720faf866e9eee8706087cf3f6c4b2b55d3e8ef42e480743c28242,legacy-derived artifact; exact inputs/version not recorded,unknown,unresolved_legacy_lineage,2026-10-03T19:01:58.485548+00:00
processed/extracted_items/ntpc_text/29986_NIT_Download.txt,source_c1a33977175a4862937665ce,dd9963602914121e716f9d1fc2331cd9b8f93d39af247cfa3eb2cc021b80669f,legacy-derived artifact; exact inputs/version not recorded,unknown,unresolved_legacy_lineage,2026-10-03T19:01:58.485548+00:00
processed/extracted_items/ntpc_text/29987_NIT_Download.txt,source_c1a33977175a4862937665ce,01ba4719c80b6fe911b091a7c05124b64eeece964e09c058ef8f9805daca546b,legacy-derived artifact; exact inputs/version not recorded,unknown,unresolved_legacy_lineage,2026-10-03T19:01:58.485548+00:00
processed/extracted_items/ntpc_text/29988_NIT_Download.txt,source_c1a33977175a4862937665ce,1a6d11a048cbe83ec3a701170fb5196c3f70d49d727fa088c832052c78505730,legacy-derived artifact; exact inputs/version not recorded,unknown,unresolved_legacy_lineage,2026-10-03T19:01:58.485548+00:00
processed/extracted_items/ntpc_text/29989_NIT_Download.txt,source_c1a33977175a4862937665ce,063c1124b4e142d35b76f13fb4cc6a3783e28deb394c47e613e0ecabd84b9ac3,legacy-derived artifact; exact inputs/version not recorded,unknown,unresolved_legacy_lineage,2026-10-03T19:01:58.485548+00:00
processed/extracted_items/ntpc_text/29990_Click_here_to_view_Salient_Technical_Features.txt,source_c1a33977175a4862937665ce,b20e5f0f08ad327c4d3ba28d628ae49ffcc8143df5d185041ac88289e0bbe5c2,legacy-derived artifact; exact inputs/version not recorded,unknown,unresolved_legacy_lineage,2026-10-03T19:01:58.485548+00:00
processed/extracted_items/ntpc_text/29990_cor_29990_5_1.txt,source_c1a33977175a4862937665ce,ac3a3d5d362f57f594e899db11da65cd526f5d365312ab73419dd489aabc510e,legacy-derived artifact; exact inputs/version not recorded,unknown,unresolved_legacy_lineage,2026-10-03T19:01:58.485548+00:00
processed/extracted_items/ntpc_text/29990_NIT_Download.txt,source_c1a33977175a4862937665ce,9f0eeb7a3b730745d41e7dca60129cda4abbc29e025aaa196e9c67618445a3a6,legacy-derived artifact; exact inputs/version not recorded,unknown,unresolved_legacy_lineage,2026-10-03T19:01:58.485548+00:00
processed/extracted_items/ntpc_text/29991_NIT_Download.txt,source_c1a33977175a4862937665ce,0211e5c9b5e1d9eb64ca9a185eea0a13d29e7172797a233ed4dd7a63d9c0d2e8,legacy-derived artifact; exact inputs/version not recorded,unknown,unresolved_legacy_lineage,2026-10-03T19:01:58.485548+00:00
processed/extracted_items/ntpc_text/29992_cor_29992_1_1.txt,source_c1a33977175a4862937665ce,53035da9fbb06f80b8f1c0dc301e6e0642194c539a11a8b681dbc7cc759335ee,legacy-derived artifact; exact inputs/version not recorded,unknown,unresolved_legacy_lineage,2026-10-03T19:01:58.485548+00:00
processed/extracted_items/ntpc_text/29992_NIT_Download.txt,source_c1a33977175a4862937665ce,20ae600859244c748860217dd5d632c60a7bf077bbcb5a698daec8d5e728c69b,legacy-derived artifact; exact inputs/version not recorded,unknown,unresolved_legacy_lineage,2026-10-03T19:01:58.485548+00:00
processed/extracted_items/ntpc_text/29993_NIT_Download.txt,source_c1a33977175a4862937665ce,ac4faa975653af8378b3a91998851f01f4b39357845282465c1dbdd3cfe61288,legacy-derived artifact; exact inputs/version not recorded,unknown,unresolved_legacy_lineage,2026-10-03T19:01:58.485548+00:00
processed/extracted_items/ntpc_text/29994_NIT_Download.txt,source_c1a33977175a4862937665ce,7fd39c236142f0bc186590eaf430f8a9727340253cdc442de4dd77331d994c7c,legacy-derived artifact; exact inputs/version not recorded,unknown,unresolved_legacy_lineage,2026-10-03T19:01:58.485548+00:00
processed/extracted_items/ntpc_text/29995_NIT_Download.txt,source_c1a33977175a4862937665ce,e9b112c0f14a73afa577002e3e070aef5f3fb6347eee87fcbf65e167296f453b,legacy-derived artifact; exact inputs/version not recorded,unknown,unresolved_legacy_lineage,2026-10-03T19:01:58.485548+00:00
processed/extracted_items/ntpc_text/29996_NIT_Download.txt,source_c1a33977175a4862937665ce,371bfaee3be8d47972af5c087d2a601d047aaaae8ff122c514713c922707a3d1,legacy-derived artifact; exact inputs/version not recorded,unknown,unresolved_legacy_lineage,2026-10-03T19:01:58.485548+00:00
processed/extracted_items/ntpc_text/29997_NIT_Download.txt,source_c1a33977175a4862937665ce,345375e39f20247dd6a53109e530a65d0991bbf05c8df8a84ab1df3169b3f656,legacy-derived artifact; exact inputs/version not recorded,unknown,unresolved_legacy_lineage,2026-10-03T19:01:58.485548+00:00
processed/extracted_items/ntpc_text/29998_NIT_Download.txt,source_c1a33977175a4862937665ce,44dbaa864cb2076385e6837de9430bc430bf7424696dedb83b91dfe91ce75dbb,legacy-derived artifact; exact inputs/version not recorded,unknown,unresolved_legacy_lineage,2026-10-03T19:01:58.485548+00:00
processed/extracted_items/ntpc_text/29999_NIT_Download.txt,source_c1a33977175a4862937665ce,f391e371244ffe38874807437673124ee7438ce80cd8451b61af1e7c02bc6030,legacy-derived artifact; exact inputs/version not recorded,unknown,unresolved_legacy_lineage,2026-10-03T19:01:58.485548+00:00
processed/extracted_items/ntpc_text/30000_NIT_Download.txt,source_c1a33977175a4862937665ce,b9bc2913ef89cb122f0cf9d6edbd87c7beeb1abf7c0f8cb65aea72db366d5988,legacy-derived artifact; exact inputs/version not recorded,unknown,unresolved_legacy_lineage,2026-10-03T19:01:58.485548+00:00
processed/extracted_items/ntpc_text/30001_NIT_Download.txt,source_c1a33977175a4862937665ce,c0e1dee46f8ef4623284c440e3c0383220cf6280670f1cf213a7a882b851c28e,legacy-derived artifact; exact inputs/version not recorded,unknown,unresolved_legacy_lineage,2026-10-03T19:01:58.485548+00:00
processed/extracted_items/ntpc_text/30002_Click_here_to_view_Salient_Technical_Features.txt,source_c1a33977175a4862937665ce,cb6f29ec7820f382de69a165f26123eddf9b0ef7419e02de8cfd5ea924502046,legacy-derived artifact; exact inputs/version not recorded,unknown,unresolved_legacy_lineage,2026-10-03T19:01:58.485548+00:00
processed/extracted_items/ntpc_text/30002_NIT_Download.txt,source_c1a33977175a4862937665ce,7f5fb144721f29c79b9dc6a891808f3a8913581fa210817cb345c81242cf5f22,legacy-derived artifact; exact inputs/version not recorded,unknown,unresolved_legacy_lineage,2026-10-03T19:01:58.485548+00:00
processed/extracted_items/ntpc_text/30003_NIT_Download.txt,source_c1a33977175a4862937665ce,40bebbfdacef0375092b6c148234d1e71703984a1b1f159fb0448b5403507e72,legacy-derived artifact; exact inputs/version not recorded,unknown,unresolved_legacy_lineage,2026-10-03T19:01:58.485548+00:00
processed/extracted_items/ntpc_text/30004_NIT_Download.txt,source_c1a33977175a4862937665ce,40bebbfdacef0375092b6c148234d1e71703984a1b1f159fb0448b5403507e72,legacy-derived artifact; exact inputs/version not recorded,unknown,unresolved_legacy_lineage,2026-10-03T19:01:58.485548+00:00
processed/extracted_items/ntpc_text/30005_NIT_Download.txt,source_c1a33977175a4862937665ce,17864fb6e71df1949d3daa8d6773e780bd4b420bf78cf468e5fa064fc9326722,legacy-derived artifact; exact inputs/version not recorded,unknown,unresolved_legacy_lineage,2026-10-03T19:01:58.485548+00:00
processed/extracted_items/ntpc_text/30006_NIT_Download.txt,source_c1a33977175a4862937665ce,7e21252c7fb7b059e7bd8221465f48a835de494e0f1fa280a1103a7277a622a3,legacy-derived artifact; exact inputs/version not recorded,unknown,unresolved_legacy_lineage,2026-10-03T19:01:58.485548+00:00
processed/extracted_items/ntpc_text/30007_NIT_Download.txt,source_c1a33977175a4862937665ce,e7a77b33e51f9141f772a0256e9e57ba5fb3bc8a892abb8bcd0dd80c1bd93091,legacy-derived artifact; exact inputs/version not recorded,unknown,unresolved_legacy_lineage,2026-10-03T19:01:58.485548+00:00
processed/extracted_items/ntpc_text/30009_NIT_Download.txt,source_c1a33977175a4862937665ce,3ad6eb99686e3148b900957b32b232c3292694eb2641585cec5a7b0897224302,legacy-derived artifact; exact inputs/version not recorded,unknown,unresolved_legacy_lineage,2026-10-03T19:01:58.485548+00:00
processed/extracted_items/ntpc_text/30010_NIT_Download.txt,source_c1a33977175a4862937665ce,b9dfe7cf3361742fe57888152e42ddc0d974f5f2e8431e6886ae36b4d442ad54,legacy-derived artifact; exact inputs/version not recorded,unknown,unresolved_legacy_lineage,2026-10-03T19:01:58.485548+00:00
processed/extracted_items/ntpc_text/30011_NIT_Download.txt,source_c1a33977175a4862937665ce,92d8368649f41ab2427b514319ceb95f9b34ff49ad59e395cd62f974d44b6a0c,legacy-derived artifact; exact inputs/version not recorded,unknown,unresolved_legacy_lineage,2026-10-03T19:01:58.485548+00:00
processed/extracted_items/ntpc_text/30012_NIT_Download.txt,source_c1a33977175a4862937665ce,a649684bfb8ac0b3479970396cad000ee315ac497d0b2446e402d22e962f0de7,legacy-derived artifact; exact inputs/version not recorded,unknown,unresolved_legacy_lineage,2026-10-03T19:01:58.485548+00:00
processed/extracted_items/ntpc_text/30013_NIT_Download.txt,source_c1a33977175a4862937665ce,7b9527c884da2adb68e8bce5603264d99e36473f6f7d5e281a81006d0897a9b4,legacy-derived artifact; exact inputs/version not recorded,unknown,unresolved_legacy_lineage,2026-10-03T19:01:58.485548+00:00
processed/extracted_items/ntpc_text/30014_NIT_Download.txt,source_c1a33977175a4862937665ce,5ee4f6b53d76f5fd4f1fd444003e5633419e20acdac3bb8bb7c7c16b003a5620,legacy-derived artifact; exact inputs/version not recorded,unknown,unresolved_legacy_lineage,2026-10-03T19:01:58.485548+00:00
processed/extracted_items/ntpc_text/30015_NIT_Download.txt,source_c1a33977175a4862937665ce,4fcb53244a9decc410634428adbb1be29add31e0fb0e3c876dc86ba92ea5875e,legacy-derived artifact; exact inputs/version not recorded,unknown,unresolved_legacy_lineage,2026-10-03T19:01:58.485548+00:00
processed/extracted_items/ntpc_text/30016_NIT_Download.txt,source_c1a33977175a4862937665ce,3f20728ef0dbb13d96746b97f4687202321344abbfbe53918ab9ca12e2f0dc93,legacy-derived artifact; exact inputs/version not recorded,unknown,unresolved_legacy_lineage,2026-10-03T19:01:58.485548+00:00
processed/extracted_items/ntpc_text/30017_NIT_Download.txt,source_c1a33977175a4862937665ce,94264cbe8efb2224bbc32065ec1a20df8c5e96144f97329da6ed35178f846c92,legacy-derived artifact; exact inputs/version not recorded,unknown,unresolved_legacy_lineage,2026-10-03T19:01:58.485548+00:00
processed/extracted_items/ntpc_text/30018_NIT_Download.txt,source_c1a33977175a4862937665ce,7be0f4f5ecad38cfe1a6f87628e81c1883785b9df539ee3330b98a52d6df6ce6,legacy-derived artifact; exact inputs/version not recorded,unknown,unresolved_legacy_lineage,2026-10-03T19:01:58.485548+00:00
processed/extracted_items/ntpc_text/30019_NIT_Download.txt,source_c1a33977175a4862937665ce,779dcf8546b7bfe62557addd4508ed38b9a0aa064c0dfeb5594511836277cd8a,legacy-derived artifact; exact inputs/version not recorded,unknown,unresolved_legacy_lineage,2026-10-03T19:01:58.485548+00:00
processed/extracted_items/ntpc_text/30020_NIT_Download.txt,source_c1a33977175a4862937665ce,548238af08fc43c00064223819e09fbd70ce847cf2fe13111368477dc07c28a7,legacy-derived artifact; exact inputs/version not recorded,unknown,unresolved_legacy_lineage,2026-10-03T19:01:58.485548+00:00
processed/extracted_items/ntpc_text/30021_cor_30021_1_1.txt,source_c1a33977175a4862937665ce,438d96760e141a768e40b9ae137ebae60fa1ebc933beedf233d6fd7790b3876c,legacy-derived artifact; exact inputs/version not recorded,unknown,unresolved_legacy_lineage,2026-10-03T19:01:58.485548+00:00
processed/extracted_items/ntpc_text/30021_NIT_Download.txt,source_c1a33977175a4862937665ce,3bb37a94f5be80279d762f460f0d84b08cf4e19dc1b9d60b4117bfc876b9bc86,legacy-derived artifact; exact inputs/version not recorded,unknown,unresolved_legacy_lineage,2026-10-03T19:01:58.485548+00:00
processed/extracted_items/ntpc_text/30022_NIT_Download.txt,source_c1a33977175a4862937665ce,de206e7ee75052ceddae438f28ac8b3c985a457500fd077ba5a5e494831eed54,legacy-derived artifact; exact inputs/version not recorded,unknown,unresolved_legacy_lineage,2026-10-03T19:01:58.485548+00:00
processed/extracted_items/ntpc_text/30023_NIT_Download.txt,source_c1a33977175a4862937665ce,7e1101515da77db1a7e697af32f88593021e0bca0599ac5573307e2ca6de5a76,legacy-derived artifact; exact inputs/version not recorded,unknown,unresolved_legacy_lineage,2026-10-03T19:01:58.485548+00:00
processed/extracted_items/ntpc_text/30024_NIT_Download.txt,source_c1a33977175a4862937665ce,38e6e1509c396a9ebedbef8bb7ebffb418f3a5a6694149780d3b8d14637ac3fa,legacy-derived artifact; exact inputs/version not recorded,unknown,unresolved_legacy_lineage,2026-10-03T19:01:58.485548+00:00
processed/extracted_items/ntpc_text/30025_cor_30025_1_1.txt,source_c1a33977175a4862937665ce,3e9f58b08b366406eec6563a5b4d04d6fb4f57c36028f5d9a0fa1eee6c9d8da2,legacy-derived artifact; exact inputs/version not recorded,unknown,unresolved_legacy_lineage,2026-10-03T19:01:58.485548+00:00
processed/extracted_items/ntpc_text/30027_NIT_Download.txt,source_c1a33977175a4862937665ce,ea28c1ba41c5be4ac0fdc6feaec04dfc021b2eac6a3be66b4841bf13fd911850,legacy-derived artifact; exact inputs/version not recorded,unknown,unresolved_legacy_lineage,2026-10-03T19:01:58.485548+00:00
processed/extracted_items/ntpc_text/30028_NIT_Download.txt,source_c1a33977175a4862937665ce,3375d5b1cbb7338b7f10056e778356d41737cedadeb70f11dcd73839af8daa4d,legacy-derived artifact; exact inputs/version not recorded,unknown,unresolved_legacy_lineage,2026-10-03T19:01:58.485548+00:00
processed/extracted_items/ntpc_text/30029_NIT_Download.txt,source_c1a33977175a4862937665ce,f1126cd76c09a1c7bc395aef62bb027ef7d7a499ae2b3edb77663cdf66134a9c,legacy-derived artifact; exact inputs/version not recorded,unknown,unresolved_legacy_lineage,2026-10-03T19:01:58.485548+00:00
processed/extracted_items/ntpc_text/30030_NIT_Download.txt,source_c1a33977175a4862937665ce,62220b592da0135e01f628ecf685ce2e71c7edd81667d2b8433cd33802685139,legacy-derived artifact; exact inputs/version not recorded,unknown,unresolved_legacy_lineage,2026-10-03T19:01:58.485548+00:00
processed/extracted_items/ntpc_text/30031_NIT_Download.txt,source_c1a33977175a4862937665ce,e7ea7bfc30b389dd6e45df81ee6ffa7a077518806022d50af9ab06acb9f230c9,legacy-derived artifact; exact inputs/version not recorded,unknown,unresolved_legacy_lineage,2026-10-03T19:01:58.485548+00:00
processed/extracted_items/ntpc_text/30032_NIT_Download.txt,source_c1a33977175a4862937665ce,c36ce701abac64aecdf94ce4b643dbf7c1b5768eb9fa0375da337827ef33ef5a,legacy-derived artifact; exact inputs/version not recorded,unknown,unresolved_legacy_lineage,2026-10-03T19:01:58.485548+00:00
processed/extracted_items/ntpc_text/30033_NIT_Download.txt,source_c1a33977175a4862937665ce,ff98fcddc02c54110c0c9990d118f2fdf24696e3bb8fe8b7e163070b903d049f,legacy-derived artifact; exact inputs/version not recorded,unknown,unresolved_legacy_lineage,2026-10-03T19:01:58.485548+00:00
processed/extracted_items/ntpc_text/30034_cor_30034_1_1.txt,source_c1a33977175a4862937665ce,726c7fd7f7a8ed82ed32fd6ded1dbb186406cf05350ed3d343c22de7df48810a,legacy-derived artifact; exact inputs/version not recorded,unknown,unresolved_legacy_lineage,2026-10-03T19:01:58.485548+00:00
processed/extracted_items/ntpc_text/30034_NIT_Download.txt,source_c1a33977175a4862937665ce,726c7fd7f7a8ed82ed32fd6ded1dbb186406cf05350ed3d343c22de7df48810a,legacy-derived artifact; exact inputs/version not recorded,unknown,unresolved_legacy_lineage,2026-10-03T19:01:58.485548+00:00
processed/extracted_items/ntpc_text/30035_cor_30035_1_1.txt,source_c1a33977175a4862937665ce,5065952c3653d513f61e97d71a04b21b0ea28ba672c02183151db120377b5896,legacy-derived artifact; exact inputs/version not recorded,unknown,unresolved_legacy_lineage,2026-10-03T19:01:58.485548+00:00
processed/extracted_items/ntpc_text/30035_NIT_Download.txt,source_c1a33977175a4862937665ce,0f97bd88158de9649ca9597abd8c32b3ba7d73e31cdbaaf54b9b9a382cd0a9a9,legacy-derived artifact; exact inputs/version not recorded,unknown,unresolved_legacy_lineage,2026-10-03T19:01:58.485548+00:00
processed/extracted_items/ntpc_text/30036_cor_30036_1_1.txt,source_c1a33977175a4862937665ce,a9051e3ac6453ddd131e7bb6b32b36d6b6dc878e64709dd44aa41a12d12533bb,legacy-derived artifact; exact inputs/version not recorded,unknown,unresolved_legacy_lineage,2026-10-03T19:01:58.485548+00:00
processed/extracted_items/ntpc_text/30036_NIT_Download.txt,source_c1a33977175a4862937665ce,827516f219d406c3eb0c117b85d87cbac3d8e4963a2265cfb721a1ba3af054ed,legacy-derived artifact; exact inputs/version not recorded,unknown,unresolved_legacy_lineage,2026-10-03T19:01:58.485548+00:00
processed/extracted_items/ntpc_text/30037_cor_30037_1_1.txt,source_c1a33977175a4862937665ce,e5a30e2136533df36e277ea115605227aec4585117eb2ed60a4cc5ea355c1ed7,legacy-derived artifact; exact inputs/version not recorded,unknown,unresolved_legacy_lineage,2026-10-03T19:01:58.485548+00:00
processed/extracted_items/ntpc_text/30037_NIT_Download.txt,source_c1a33977175a4862937665ce,0af215e6f0734f5c002d74c01c1cc9f75692da0200e58da392d08f090635f413,legacy-derived artifact; exact inputs/version not recorded,unknown,unresolved_legacy_lineage,2026-10-03T19:01:58.485548+00:00
processed/extracted_items/ntpc_text/30038_cor_30038_2_1.txt,source_c1a33977175a4862937665ce,496cd39e40885380592b23513bbf5bfe823209c5a6fb343853bf02fc939c68a2,legacy-derived artifact; exact inputs/version not recorded,unknown,unresolved_legacy_lineage,2026-10-03T19:01:58.485548+00:00
processed/extracted_items/ntpc_text/30038_NIT_Download.txt,source_c1a33977175a4862937665ce,577ae9a7691290324ae298818b93965b6d84c9905bce12c34e4c9e52aba0970d,legacy-derived artifact; exact inputs/version not recorded,unknown,unresolved_legacy_lineage,2026-10-03T19:01:58.485548+00:00
processed/extracted_items/ntpc_text/30039_NIT_Download.txt,source_c1a33977175a4862937665ce,5aebc3a55b2fad17213fef20c30311affc1492a0abf37e418416a910006d5a38,legacy-derived artifact; exact inputs/version not recorded,unknown,unresolved_legacy_lineage,2026-10-03T19:01:58.485548+00:00
processed/extracted_items/ntpc_text/30040_NIT_Download.txt,source_c1a33977175a4862937665ce,6e6d87e808cd9c7d7281c43ebb83ad0c4ece571398efe18657ae4b5606ea23aa,legacy-derived artifact; exact inputs/version not recorded,unknown,unresolved_legacy_lineage,2026-10-03T19:01:58.485548+00:00
processed/extracted_items/ntpc_text/30041_NIT_Download.txt,source_c1a33977175a4862937665ce,5c6fa986194343d11575c320b9bd99b0e5e1f7242f267d10696def666c48ab96,legacy-derived artifact; exact inputs/version not recorded,unknown,unresolved_legacy_lineage,2026-10-03T19:01:58.485548+00:00
processed/extracted_items/ntpc_text/30042_NIT_Download.txt,source_c1a33977175a4862937665ce,71ec870fae5d148070342e2977af7317b01584d8aec0ea9a9de2eebc33b7461a,legacy-derived artifact; exact inputs/version not recorded,unknown,unresolved_legacy_lineage,2026-10-03T19:01:58.485548+00:00
processed/extracted_items/ntpc_text/30043_NIT_Download.txt,source_c1a33977175a4862937665ce,a19f480a05f9750c5c50f92b236a4ab954efaad4d823e92679edb72a87ffba55,legacy-derived artifact; exact inputs/version not recorded,unknown,unresolved_legacy_lineage,2026-10-03T19:01:58.485548+00:00
processed/extracted_items/ntpc_text/30044_cor_30044_1_1.txt,source_c1a33977175a4862937665ce,a0f7019f7f26a4b1886277d426522c82d3425ab13bcd69e8d4f7e0cbd1bd7542,legacy-derived artifact; exact inputs/version not recorded,unknown,unresolved_legacy_lineage,2026-10-03T19:01:58.485548+00:00
processed/extracted_items/ntpc_text/30044_NIT_Download.txt,source_c1a33977175a4862937665ce,efdc2fdce64e237bcc633aa4142da1c9f90d893a3fabd9595e560f5796b8612e,legacy-derived artifact; exact inputs/version not recorded,unknown,unresolved_legacy_lineage,2026-10-03T19:01:58.485548+00:00
processed/extracted_items/ntpc_text/30045_NIT_Download.txt,source_c1a33977175a4862937665ce,335271b1d9dc6227ee4b9c63cbb1f16bea0150de911d9847cd2db5048b8b674e,legacy-derived artifact; exact inputs/version not recorded,unknown,unresolved_legacy_lineage,2026-10-03T19:01:58.485548+00:00
processed/extracted_items/ntpc_text/30046_NIT_Download.txt,source_c1a33977175a4862937665ce,3f7c912597c39b0c72ca78b1a5332dacd948b5cccd44dc944ae44c0fb862f2ca,legacy-derived artifact; exact inputs/version not recorded,unknown,unresolved_legacy_lineage,2026-10-03T19:01:58.485548+00:00
processed/extracted_items/ntpc_text/30047_NIT_Download.txt,source_c1a33977175a4862937665ce,b73f57dc34bde08856143528a83c9cc5ea0353eb86a099298de7eeb49488787e,legacy-derived artifact; exact inputs/version not recorded,unknown,unresolved_legacy_lineage,2026-10-03T19:01:58.485548+00:00
processed/extracted_items/ntpc_text/30048_NIT_Download.txt,source_c1a33977175a4862937665ce,cd2266efb8bdfa12e43f26f86c03b3e8699c1313058b044709421ddbd2852891,legacy-derived artifact; exact inputs/version not recorded,unknown,unresolved_legacy_lineage,2026-10-03T19:01:58.485548+00:00
processed/extracted_items/ntpc_text/30049_NIT_Download.txt,source_c1a33977175a4862937665ce,02c185ee8ae799ce1a92598a796c85b1c8ee11bddf71fbd422e7cf8fb03ddb2b,legacy-derived artifact; exact inputs/version not recorded,unknown,unresolved_legacy_lineage,2026-10-03T19:01:58.485548+00:00
processed/extracted_items/ntpc_text/30050_NIT_Download.txt,source_c1a33977175a4862937665ce,6946d0096ea1fe2d0b2f784d61aceafb97709c560c245e52efaabf79fb66f53d,legacy-derived artifact; exact inputs/version not recorded,unknown,unresolved_legacy_lineage,2026-10-03T19:01:58.485548+00:00
processed/extracted_items/ntpc_text/30051_NIT_Download.txt,source_c1a33977175a4862937665ce,8568b21377f00cf0ea54b0e730646c8923d148f23a747b56fe34240aa6da8d04,legacy-derived artifact; exact inputs/version not recorded,unknown,unresolved_legacy_lineage,2026-10-03T19:01:58.485548+00:00
processed/extracted_items/ntpc_text/30052_NIT_Download.txt,source_c1a33977175a4862937665ce,ef22971bc33f7a1447bdfd6905fea1aaf3dddcf7bcb787db9a985325894f9f26,legacy-derived artifact; exact inputs/version not recorded,unknown,unresolved_legacy_lineage,2026-10-03T19:01:58.485548+00:00
processed/extracted_items/ntpc_text/30053_NIT_Download.txt,source_c1a33977175a4862937665ce,f36f801a71bab6dda9d3c91da254630b9e8ab1adf06ad023c1e6a2f5f902ad42,legacy-derived artifact; exact inputs/version not recorded,unknown,unresolved_legacy_lineage,2026-10-03T19:01:58.485548+00:00
processed/extracted_items/ntpc_text/30054_NIT_Download.txt,source_c1a33977175a4862937665ce,7fcd7413ff176963aa337627d6fc4c55c8fe31302b91416496fd9f869d46e50c,legacy-derived artifact; exact inputs/version not recorded,unknown,unresolved_legacy_lineage,2026-10-03T19:01:58.485548+00:00
processed/extracted_items/ntpc_text/30055_NIT_Download.txt,source_c1a33977175a4862937665ce,b6a628c29873ac15dc980fa484d1ac60f5e0314283781718f2debf70fe1d8bb9,legacy-derived artifact; exact inputs/version not recorded,unknown,unresolved_legacy_lineage,2026-10-03T19:01:58.485548+00:00
processed/extracted_items/ntpc_text/30056_NIT_Download.txt,source_c1a33977175a4862937665ce,b0c19ba57ac0c3fca83c6d254566faeaee6011bec52c491c04363fa5b8833b85,legacy-derived artifact; exact inputs/version not recorded,unknown,unresolved_legacy_lineage,2026-10-03T19:01:58.485548+00:00
processed/extracted_items/ntpc_text/30057_NIT_Download.txt,source_c1a33977175a4862937665ce,31430d5d2df076880ea2457f1eec3e20d58c41249abbe400881f31435f11687e,legacy-derived artifact; exact inputs/version not recorded,unknown,unresolved_legacy_lineage,2026-10-03T19:01:58.485548+00:00
processed/extracted_items/ntpc_text/30058_NIT_Download.txt,source_c1a33977175a4862937665ce,45c3cf623d340431d8e40f44025c3bda3e23457c9305e24d5d75f2de36072000,legacy-derived artifact; exact inputs/version not recorded,unknown,unresolved_legacy_lineage,2026-10-03T19:01:58.485548+00:00
processed/extracted_items/ntpc_text/30059_NIT_Download.txt,source_c1a33977175a4862937665ce,4688161b7612b29d64cd309a1aa5c58e4af056359e6689df700e243f0513c313,legacy-derived artifact; exact inputs/version not recorded,unknown,unresolved_legacy_lineage,2026-10-03T19:01:58.485548+00:00
processed/extracted_items/ntpc_text/30060_NIT_Download.txt,source_c1a33977175a4862937665ce,92db8bfd841f5252985e2d00e5d6e0469c25bb571c60d08454bc34c54d0e48ee,legacy-derived artifact; exact inputs/version not recorded,unknown,unresolved_legacy_lineage,2026-10-03T19:01:58.485548+00:00
processed/extracted_items/ntpc_text/30061_NIT_Download.txt,source_c1a33977175a4862937665ce,75a11da44c802486bc6f65640aa48a730f0f684c5c07a42ba3cd1735eb3fb070,legacy-derived artifact; exact inputs/version not recorded,unknown,unresolved_legacy_lineage,2026-10-03T19:01:58.485548+00:00
processed/extracted_items/ntpc_text/30062_NIT_Download.txt,source_c1a33977175a4862937665ce,418ae645609320160f1c9a0479761199e3dba0cc9685c861f868a94044a0a119,legacy-derived artifact; exact inputs/version not recorded,unknown,unresolved_legacy_lineage,2026-10-03T19:01:58.485548+00:00
processed/extracted_items/ntpc_text/30063_NIT_Download.txt,source_c1a33977175a4862937665ce,bbc17804a3820b58fc3440c1fedbcffcdb2a452bd1ea7b7e1b58d9a0a8f064b9,legacy-derived artifact; exact inputs/version not recorded,unknown,unresolved_legacy_lineage,2026-10-03T19:01:58.485548+00:00
processed/extracted_items/ntpc_text/30064_NIT_Download.txt,source_c1a33977175a4862937665ce,05796b43019c18540799ecc0d607cbd00b072f42eb770a67fd65920f9ec2aacd,legacy-derived artifact; exact inputs/version not recorded,unknown,unresolved_legacy_lineage,2026-10-03T19:01:58.485548+00:00
processed/extracted_items/ntpc_text/30065_NIT_Download.txt,source_c1a33977175a4862937665ce,b2bf2e5807f8a45420930bfb58ca8fd824dd29cbe95e5aa3036a6dd5bdeb333c,legacy-derived artifact; exact inputs/version not recorded,unknown,unresolved_legacy_lineage,2026-10-03T19:01:58.485548+00:00
processed/extracted_items/ntpc_text/30066_NIT_Download.txt,source_c1a33977175a4862937665ce,c8f1a6f649f669ae4614ca16a8ad36cc6733404c3214ab3162243fd8e16fdf1f,legacy-derived artifact; exact inputs/version not recorded,unknown,unresolved_legacy_lineage,2026-10-03T19:01:58.485548+00:00
processed/extracted_items/ntpc_text/30067_NIT_Download.txt,source_c1a33977175a4862937665ce,e81988e43eba8d1089c217312f77f243e99ba5ff67d7d6d1238b82108eaa7098,legacy-derived artifact; exact inputs/version not recorded,unknown,unresolved_legacy_lineage,2026-10-03T19:01:58.485548+00:00
processed/extracted_items/ntpc_text/30068_NIT_Download.txt,source_c1a33977175a4862937665ce,a52442046c00f4fa7ff820b5f016c4882b196ef0130ecf03cedd7755aef7b758,legacy-derived artifact; exact inputs/version not recorded,unknown,unresolved_legacy_lineage,2026-10-03T19:01:58.485548+00:00
processed/extracted_items/ntpc_text/30069_cor_30069_1_1.txt,source_c1a33977175a4862937665ce,0804800422754c22f9cdc760a34ec40f71100dd9e3918555e03063fd98f73ad7,legacy-derived artifact; exact inputs/version not recorded,unknown,unresolved_legacy_lineage,2026-10-03T19:01:58.485548+00:00
processed/extracted_items/ntpc_text/30069_NIT_Download.txt,source_c1a33977175a4862937665ce,7762aa8c26d5538a10b903c574002027e4a45f5e117cb1092938eb787573f8c6,legacy-derived artifact; exact inputs/version not recorded,unknown,unresolved_legacy_lineage,2026-10-03T19:01:58.485548+00:00
processed/extracted_items/ntpc_text/30070_NIT_Download.txt,source_c1a33977175a4862937665ce,92cef6a625260da4e7247a44b71014cca252b9caf4ee874cf1aa063603727455,legacy-derived artifact; exact inputs/version not recorded,unknown,unresolved_legacy_lineage,2026-10-03T19:01:58.485548+00:00
processed/extracted_items/ntpc_text/30071_NIT_Download.txt,source_c1a33977175a4862937665ce,a4ccc9b905b011a0c1caf1d993370f9ef050308c416cf964fe3dad56231f9eb0,legacy-derived artifact; exact inputs/version not recorded,unknown,unresolved_legacy_lineage,2026-10-03T19:01:58.485548+00:00
processed/extracted_items/ntpc_text/30072_NIT_Download.txt,source_c1a33977175a4862937665ce,7208d9697ab8653d017f7e206af209c0c8986c06a97e4c0757bee9375cb935a1,legacy-derived artifact; exact inputs/version not recorded,unknown,unresolved_legacy_lineage,2026-10-03T19:01:58.485548+00:00
processed/extracted_items/ntpc_text/30073_NIT_Download.txt,source_c1a33977175a4862937665ce,c2c884889023f3527026c4c833931b14e2eb2a9188fe9d69747ce144eb8f3b23,legacy-derived artifact; exact inputs/version not recorded,unknown,unresolved_legacy_lineage,2026-10-03T19:01:58.485548+00:00
processed/extracted_items/ntpc_text/30074_NIT_Download.txt,source_c1a33977175a4862937665ce,232e8abfed2bad0222c483506e670785c8deb5cf088571ea8d6e43966b5620f4,legacy-derived artifact; exact inputs/version not recorded,unknown,unresolved_legacy_lineage,2026-10-03T19:01:58.485548+00:00
processed/extracted_items/ntpc_text/30076_NIT_Download.txt,source_c1a33977175a4862937665ce,827ef8814768b02f22904f4eeb511286cd2f3ee5e7bfa4dfded2576e701bdf02,legacy-derived artifact; exact inputs/version not recorded,unknown,unresolved_legacy_lineage,2026-10-03T19:01:58.485548+00:00
processed/extracted_items/ntpc_text/30077_NIT_Download.txt,source_c1a33977175a4862937665ce,3d98fde72c298da7bf27d67df67d5f013969e411c77262f18659536c8ee0410c,legacy-derived artifact; exact inputs/version not recorded,unknown,unresolved_legacy_lineage,2026-10-03T19:01:58.485548+00:00
processed/extracted_items/ntpc_text/30078_NIT_Download.txt,source_c1a33977175a4862937665ce,f4c57ebed2b822718deb17033bff376c899627517e33b06382e85140b2758a61,legacy-derived artifact; exact inputs/version not recorded,unknown,unresolved_legacy_lineage,2026-10-03T19:01:58.485548+00:00
processed/extracted_items/ntpc_text/30079_NIT_Download.txt,source_c1a33977175a4862937665ce,33bc75e91a7c59de9622744254860a4ef963daabc28ff4381750fe19be48c6d2,legacy-derived artifact; exact inputs/version not recorded,unknown,unresolved_legacy_lineage,2026-10-03T19:01:58.485548+00:00
processed/extracted_items/ntpc_text/30080_NIT_Download.txt,source_c1a33977175a4862937665ce,45143bc6a02f9d9f6cae6608c567fc74b3e527570186abfd2b5127ff1273b5a6,legacy-derived artifact; exact inputs/version not recorded,unknown,unresolved_legacy_lineage,2026-10-03T19:01:58.485548+00:00
processed/extracted_items/ntpc_text/30081_cor_30081_1_1.txt,source_c1a33977175a4862937665ce,29acdda8fa84e27ed8281d04ad0c200f84f4569fd6bce20ca4379a45e4644093,legacy-derived artifact; exact inputs/version not recorded,unknown,unresolved_legacy_lineage,2026-10-03T19:01:58.485548+00:00
processed/extracted_items/ntpc_text/30081_NIT_Download.txt,source_c1a33977175a4862937665ce,21fb06a412dc3b6627d813f0070c6ba90b3fe3f73a4f4a10a19aca4f6358a3c0,legacy-derived artifact; exact inputs/version not recorded,unknown,unresolved_legacy_lineage,2026-10-03T19:01:58.485548+00:00
processed/extracted_items/ntpc_text/30082_cor_30082_5_1.txt,source_c1a33977175a4862937665ce,30be44dc7d1f5a5b82cb85881083b81bdb619d298e3ca4145f113a49119d0934,legacy-derived artifact; exact inputs/version not recorded,unknown,unresolved_legacy_lineage,2026-10-03T19:01:58.485548+00:00
processed/extracted_items/ntpc_text/30082_NIT_Download.txt,source_c1a33977175a4862937665ce,569aec155aec02d12cbee0f782c077fe4b6528b29cb889e60621893962abcd5b,legacy-derived artifact; exact inputs/version not recorded,unknown,unresolved_legacy_lineage,2026-10-03T19:01:58.485548+00:00
processed/extracted_items/ntpc_text/30083_NIT_Download.txt,source_c1a33977175a4862937665ce,46720b2e9bba6c5a85e94ece35d29a329d89bb79ca40c2bdc2f4115b6708b5ba,legacy-derived artifact; exact inputs/version not recorded,unknown,unresolved_legacy_lineage,2026-10-03T19:01:58.485548+00:00
processed/extracted_items/ntpc_text/30084_NIT_Download.txt,source_c1a33977175a4862937665ce,47ef4ba1790d281adaf3d5c452f4c7b5e498aeaf53b446da6be367b20acfb1f4,legacy-derived artifact; exact inputs/version not recorded,unknown,unresolved_legacy_lineage,2026-10-03T19:01:58.485548+00:00
processed/extracted_items/ntpc_text/30085_NIT_Download.txt,source_c1a33977175a4862937665ce,5f49b9c3bc401f607e8260f36fc963c417cc8b6023da53ed4a170c62e4ac273c,legacy-derived artifact; exact inputs/version not recorded,unknown,unresolved_legacy_lineage,2026-10-03T19:01:58.485548+00:00
processed/extracted_items/ntpc_text/30086_NIT_Download.txt,source_c1a33977175a4862937665ce,a9b9a899fab76839c24404a90dead4130e3e2a1d1731f7c5b4a789206f787cfa,legacy-derived artifact; exact inputs/version not recorded,unknown,unresolved_legacy_lineage,2026-10-03T19:01:58.485548+00:00
processed/extracted_items/ntpc_text/30087_NIT_Download.txt,source_c1a33977175a4862937665ce,688cbc286447de78dc714d5b0584ed2d9114b81687ca602eaa475f1aeb71b556,legacy-derived artifact; exact inputs/version not recorded,unknown,unresolved_legacy_lineage,2026-10-03T19:01:58.485548+00:00
processed/extracted_items/ntpc_text/30088_NIT_Download.txt,source_c1a33977175a4862937665ce,853a0c9ead669b9f74136c2d0288eac6ed2c5f1d69d787efbf96e5eef4672082,legacy-derived artifact; exact inputs/version not recorded,unknown,unresolved_legacy_lineage,2026-10-03T19:01:58.485548+00:00
processed/extracted_items/ntpc_text/30089_NIT_Download.txt,source_c1a33977175a4862937665ce,802fb72938f23c8e3b744e8cb2d56f8feffb212fc227069fe68c08ddd0c70c1d,legacy-derived artifact; exact inputs/version not recorded,unknown,unresolved_legacy_lineage,2026-10-03T19:01:58.485548+00:00
processed/extracted_items/ntpc_text/30090_NIT_Download.txt,source_c1a33977175a4862937665ce,f07cd86ed9841f36ae403a9a1d3b42b0763518fd733205af1f415024ea002be3,legacy-derived artifact; exact inputs/version not recorded,unknown,unresolved_legacy_lineage,2026-10-03T19:01:58.485548+00:00
processed/extracted_items/ntpc_text/30091_NIT_Download.txt,source_c1a33977175a4862937665ce,c11df03aa4580b44fca1ff877d8d37fbfb5a2c6763ed6b2a5e89bc085f006181,legacy-derived artifact; exact inputs/version not recorded,unknown,unresolved_legacy_lineage,2026-10-03T19:01:58.485548+00:00
processed/extracted_items/ntpc_text/30092_NIT_Download.txt,source_c1a33977175a4862937665ce,bcbc9ae97b90ed2a2f446d33f84e1556932cd7c458f653fb756d8ed6ec5c4cc3,legacy-derived artifact; exact inputs/version not recorded,unknown,unresolved_legacy_lineage,2026-10-03T19:01:58.485548+00:00
processed/extracted_items/ntpc_text/30093_NIT_Download.txt,source_c1a33977175a4862937665ce,c5ca9a0973519662f822c97f34e1d0736deed915a9bd3fcac9a15bf37f1e1f3e,legacy-derived artifact; exact inputs/version not recorded,unknown,unresolved_legacy_lineage,2026-10-03T19:01:58.485548+00:00
processed/extracted_items/ntpc_text/30094_NIT_Download.txt,source_c1a33977175a4862937665ce,56ae0fc3e7799f16b44f931361767158d3987b0d8acdccd22adf725fd3f4fc6c,legacy-derived artifact; exact inputs/version not recorded,unknown,unresolved_legacy_lineage,2026-10-03T19:01:58.485548+00:00
processed/extracted_items/ntpc_text/30095_NIT_Download.txt,source_c1a33977175a4862937665ce,8138c71def5f71cfb9c6ad541e628991ce3adbf1fa2efaae3994ebf2fb7e50ce,legacy-derived artifact; exact inputs/version not recorded,unknown,unresolved_legacy_lineage,2026-10-03T19:01:58.485548+00:00
processed/extracted_items/ntpc_text/30096_NIT_Download.txt,source_c1a33977175a4862937665ce,3baff4f59f7f0ae0fab0851a3c1fe29e270dbf34eb3c79058b6bdd8ab0839535,legacy-derived artifact; exact inputs/version not recorded,unknown,unresolved_legacy_lineage,2026-10-03T19:01:58.485548+00:00
processed/extracted_items/ntpc_text/30097_NIT_Download.txt,source_c1a33977175a4862937665ce,aa540748fbfa470f500670779d6f4f0f235fc37302c6b458917fa1bb331e5968,legacy-derived artifact; exact inputs/version not recorded,unknown,unresolved_legacy_lineage,2026-10-03T19:01:58.485548+00:00
processed/extracted_items/ntpc_text/30098_cor_30098_1_1.txt,source_c1a33977175a4862937665ce,50bc6872326f8d6196b24f47edfb0c32f323d05d1ed7d79de3e89f9404b39101,legacy-derived artifact; exact inputs/version not recorded,unknown,unresolved_legacy_lineage,2026-10-03T19:01:58.485548+00:00
processed/extracted_items/ntpc_text/30098_NIT_Download.txt,source_c1a33977175a4862937665ce,8f03f0741396d9f3b55f9a4dcc3a139fb4e001d13af69df205d3fba2ed9ac6f9,legacy-derived artifact; exact inputs/version not recorded,unknown,unresolved_legacy_lineage,2026-10-03T19:01:58.485548+00:00
processed/extracted_items/ntpc_text/30099_NIT_Download.txt,source_c1a33977175a4862937665ce,cae97f4a81cfc47b1dafd6cb214eb59ff982bfd3f03598044110ff228661209c,legacy-derived artifact; exact inputs/version not recorded,unknown,unresolved_legacy_lineage,2026-10-03T19:01:58.485548+00:00
processed/extracted_items/ntpc_text/30100_NIT_Download.txt,source_c1a33977175a4862937665ce,1d89abdbc46f9e051f853c99508a0b0e85ad5f91c620e70601cdbbdbde5f4924,legacy-derived artifact; exact inputs/version not recorded,unknown,unresolved_legacy_lineage,2026-10-03T19:01:58.485548+00:00
processed/extracted_items/ntpc_text/30101_NIT_Download.txt,source_c1a33977175a4862937665ce,e4a4bdb2ae6142397ee1c04181d6c2a3622d25b574063eebfb4a26a209115f01,legacy-derived artifact; exact inputs/version not recorded,unknown,unresolved_legacy_lineage,2026-10-03T19:01:58.485548+00:00
processed/extracted_items/ntpc_text/30102_cor_30102_1_1.txt,source_c1a33977175a4862937665ce,e3b0c44298fc1c149afbf4c8996fb92427ae41e4649b934ca495991b7852b855,legacy-derived artifact; exact inputs/version not recorded,unknown,unresolved_legacy_lineage,2026-10-03T19:01:58.485548+00:00
processed/extracted_items/ntpc_text/30102_NIT_Download.txt,source_c1a33977175a4862937665ce,22873fd81bd0ec9c61facba9d64f93d43b167dd71237144ef4945be328f01ec4,legacy-derived artifact; exact inputs/version not recorded,unknown,unresolved_legacy_lineage,2026-10-03T19:01:58.485548+00:00
processed/extracted_items/ntpc_text/30103_NIT_Download.txt,source_c1a33977175a4862937665ce,69954d2b4e1e99b830a292222c83f252f80867148059a5a954c835fd30f27fa9,legacy-derived artifact; exact inputs/version not recorded,unknown,unresolved_legacy_lineage,2026-10-03T19:01:58.485548+00:00
processed/extracted_items/ntpc_text/30104_NIT_Download.txt,source_c1a33977175a4862937665ce,728162d96a130c71b53a32b9fb685ec09aa4cd760bb25a4abb6a5c5ca148dbba,legacy-derived artifact; exact inputs/version not recorded,unknown,unresolved_legacy_lineage,2026-10-03T19:01:58.485548+00:00
processed/extracted_items/ntpc_text/30105_NIT_Download.txt,source_c1a33977175a4862937665ce,2b1da0d1912ec767b63cc9e32446fdfadbcd08c7ba58e6c2dd7bc6c160537af0,legacy-derived artifact; exact inputs/version not recorded,unknown,unresolved_legacy_lineage,2026-10-03T19:01:58.485548+00:00
processed/extracted_items/ntpc_text/30106_NIT_Download.txt,source_c1a33977175a4862937665ce,96d265026b9874f4799d9193cd1824d5c82e735c697e9f04d78588e6812ba886,legacy-derived artifact; exact inputs/version not recorded,unknown,unresolved_legacy_lineage,2026-10-03T19:01:58.485548+00:00
processed/extracted_items/ntpc_text/30107_Click_here_to_view_Salient_Technical_Features.txt,source_c1a33977175a4862937665ce,12a268dc2404c2cadc168536832e2f6c37e7cb7623d1ac7ba6cbed3c20c7d5af,legacy-derived artifact; exact inputs/version not recorded,unknown,unresolved_legacy_lineage,2026-10-03T19:01:58.485548+00:00
processed/extracted_items/ntpc_text/30107_NIT_Download.txt,source_c1a33977175a4862937665ce,57abe5c8d0c57ee52483874dfd76e420b0ea708dfe6a1ff9a4947a3a16fea6fa,legacy-derived artifact; exact inputs/version not recorded,unknown,unresolved_legacy_lineage,2026-10-03T19:01:58.485548+00:00
processed/extracted_items/ntpc_text/30108_NIT_Download.txt,source_c1a33977175a4862937665ce,99088f825968959356d2d9ca3ea07d21b754fbb56c85e67525293c523b62d649,legacy-derived artifact; exact inputs/version not recorded,unknown,unresolved_legacy_lineage,2026-10-03T19:01:58.485548+00:00
processed/extracted_items/ntpc_text/30109_NIT_Download.txt,source_c1a33977175a4862937665ce,8cbe1ba6f43b942b129c05751fd1de2cdab1f86f3a353ac6ec17824b2b3c2400,legacy-derived artifact; exact inputs/version not recorded,unknown,unresolved_legacy_lineage,2026-10-03T19:01:58.485548+00:00
processed/extracted_items/ntpc_text/30110_NIT_Download.txt,source_c1a33977175a4862937665ce,c4e2a8c0e50ea2b73f7c49f4e8b024c18c26f381878e988c26e7de1699325e69,legacy-derived artifact; exact inputs/version not recorded,unknown,unresolved_legacy_lineage,2026-10-03T19:01:58.485548+00:00
processed/extracted_items/ntpc_text/30111_NIT_Download.txt,source_c1a33977175a4862937665ce,c91250817d37adc298ba2d8bdc85ae1072dcef1ffb41f3b570cfb9e42b068af3,legacy-derived artifact; exact inputs/version not recorded,unknown,unresolved_legacy_lineage,2026-10-03T19:01:58.485548+00:00
processed/extracted_items/ntpc_text/30112_NIT_Download.txt,source_c1a33977175a4862937665ce,75a11da44c802486bc6f65640aa48a730f0f684c5c07a42ba3cd1735eb3fb070,legacy-derived artifact; exact inputs/version not recorded,unknown,unresolved_legacy_lineage,2026-10-03T19:01:58.485548+00:00
processed/extracted_items/ntpc_text/30113_NIT_Download.txt,source_c1a33977175a4862937665ce,1902a12076be67889389397702370c88ba08252779e613588bfae957fac55c6e,legacy-derived artifact; exact inputs/version not recorded,unknown,unresolved_legacy_lineage,2026-10-03T19:01:58.485548+00:00
processed/extracted_items/ntpc_text/30114_NIT_Download.txt,source_c1a33977175a4862937665ce,d984b31f5235cb8a993b08da6f82cea5aae06eaa3a3d4c4ef3bd5d85de7bcc91,legacy-derived artifact; exact inputs/version not recorded,unknown,unresolved_legacy_lineage,2026-10-03T19:01:58.485548+00:00
processed/extracted_items/ntpc_text/30115_NIT_Download.txt,source_c1a33977175a4862937665ce,ec3f202e6811a0c9821ee3f84ecb2ce230330d544d979628dc8f8b39a9e09059,legacy-derived artifact; exact inputs/version not recorded,unknown,unresolved_legacy_lineage,2026-10-03T19:01:58.485548+00:00
processed/extracted_items/ntpc_text/30116_NIT_Download.txt,source_c1a33977175a4862937665ce,dc133becde0e69444da3a1a816ce3549a052847e5c086701265d1489ae1dccad,legacy-derived artifact; exact inputs/version not recorded,unknown,unresolved_legacy_lineage,2026-10-03T19:01:58.485548+00:00
processed/extracted_items/ntpc_text/30117_NIT_Download.txt,source_c1a33977175a4862937665ce,26dd019a6ee9a8012ec637bc1e767366bf081a02f27bf53655447e56e619ba6d,legacy-derived artifact; exact inputs/version not recorded,unknown,unresolved_legacy_lineage,2026-10-03T19:01:58.485548+00:00
processed/extracted_items/ntpc_text/30118_NIT_Download.txt,source_c1a33977175a4862937665ce,23eb2cc5324d2f23bd1269b1f5f6a1d22e76996de140d0cf2f40e56c34e91aa9,legacy-derived artifact; exact inputs/version not recorded,unknown,unresolved_legacy_lineage,2026-10-03T19:01:58.485548+00:00
processed/extracted_items/ntpc_text/30119_NIT_Download.txt,source_c1a33977175a4862937665ce,a2eedbd483705b391503b8b08a15ab7a140518b52a1ec9acb6484b053241a7bd,legacy-derived artifact; exact inputs/version not recorded,unknown,unresolved_legacy_lineage,2026-10-03T19:01:58.485548+00:00
processed/extracted_items/ntpc_text/30120_NIT_Download.txt,source_c1a33977175a4862937665ce,e952a85a1e14128a7b59340652eeb51535fdd12fc63257ad818ff13d450cc096,legacy-derived artifact; exact inputs/version not recorded,unknown,unresolved_legacy_lineage,2026-10-03T19:01:58.485548+00:00
processed/extracted_items/ntpc_text/30121_NIT_Download.txt,source_c1a33977175a4862937665ce,65e3f2354c0d84ccaa546e0f13a8a2e2fbc3d0552c5dbf361ff804840d7894c3,legacy-derived artifact; exact inputs/version not recorded,unknown,unresolved_legacy_lineage,2026-10-03T19:01:58.485548+00:00
processed/extracted_items/ntpc_text/30122_cor_30122_2_1.txt,source_c1a33977175a4862937665ce,7bcb67d4d55b504ca4a939efc5010f451e06c5e84b948f43ff678ad36eadb928,legacy-derived artifact; exact inputs/version not recorded,unknown,unresolved_legacy_lineage,2026-10-03T19:01:58.485548+00:00
processed/extracted_items/ntpc_text/30122_NIT_Download.txt,source_c1a33977175a4862937665ce,df709aec24de2054ebb45b8e6b1e6f0695454f640e4cbd8f5c2e686004df74c7,legacy-derived artifact; exact inputs/version not recorded,unknown,unresolved_legacy_lineage,2026-10-03T19:01:58.485548+00:00
processed/extracted_items/ntpc_text/30123_NIT_Download.txt,source_c1a33977175a4862937665ce,f574806ddf1f96d52d5e949ec42aad306a8c36458fb817e18674b8d656956b4d,legacy-derived artifact; exact inputs/version not recorded,unknown,unresolved_legacy_lineage,2026-10-03T19:01:58.485548+00:00
processed/extracted_items/ntpc_text/30124_NIT_Download.txt,source_c1a33977175a4862937665ce,cb5683afcb118ac3dcd8c7594eba26c54ba5352a629b9e66280a94b645b00828,legacy-derived artifact; exact inputs/version not recorded,unknown,unresolved_legacy_lineage,2026-10-03T19:01:58.485548+00:00
processed/extracted_items/ntpc_text/30125_NIT_Download.txt,source_c1a33977175a4862937665ce,a93bf2b48a13cd0ed4ab8592528afef3db1a5750d095ff62a3d6cfc6d67f8b0d,legacy-derived artifact; exact inputs/version not recorded,unknown,unresolved_legacy_lineage,2026-10-03T19:01:58.485548+00:00
processed/extracted_items/ntpc_text/30126_NIT_Download.txt,source_c1a33977175a4862937665ce,c50a74ba47babc3e52a143ef36b346fb0819be7091faef32c8c451f7bf70c305,legacy-derived artifact; exact inputs/version not recorded,unknown,unresolved_legacy_lineage,2026-10-03T19:01:58.485548+00:00
processed/extracted_items/ntpc_text/30127_NIT_Download.txt,source_c1a33977175a4862937665ce,f28e2e2697dcb1763e5ed31c40a630d4e0541c578fca959b0a27d1d2e77188ef,legacy-derived artifact; exact inputs/version not recorded,unknown,unresolved_legacy_lineage,2026-10-03T19:01:58.485548+00:00
processed/extracted_items/ntpc_text/30128_NIT_Download.txt,source_c1a33977175a4862937665ce,6388f98df70b93a41fdc0eece0744ac84a79d109a034e634e5e66e61864c7697,legacy-derived artifact; exact inputs/version not recorded,unknown,unresolved_legacy_lineage,2026-10-03T19:01:58.485548+00:00
processed/extracted_items/ntpc_text/30129_NIT_Download.txt,source_c1a33977175a4862937665ce,88a073e81c8ba96a580c87f466b34107cc5a2a8bd027b8d98caea56659630633,legacy-derived artifact; exact inputs/version not recorded,unknown,unresolved_legacy_lineage,2026-10-03T19:01:58.485548+00:00
processed/extracted_items/ntpc_text/30130_NIT_Download.txt,source_c1a33977175a4862937665ce,98ac4e90cf377fd779fbd57f168d2a975b37c375ca2737f4227ebd1ffc029e95,legacy-derived artifact; exact inputs/version not recorded,unknown,unresolved_legacy_lineage,2026-10-03T19:01:58.485548+00:00
processed/extracted_items/ntpc_text/30131_Click_here_to_view_Salient_Technical_Features.txt,source_c1a33977175a4862937665ce,4ed64a83112840a771a899c09a2e387c5d53f09243acff0a25526fe4af58df7e,legacy-derived artifact; exact inputs/version not recorded,unknown,unresolved_legacy_lineage,2026-10-03T19:01:58.485548+00:00
processed/extracted_items/ntpc_text/30131_NIT_Download.txt,source_c1a33977175a4862937665ce,a1dc8838408f387e5ba4960a2631536591dff4c53c251908ea27421e95693c22,legacy-derived artifact; exact inputs/version not recorded,unknown,unresolved_legacy_lineage,2026-10-03T19:01:58.485548+00:00
processed/extracted_items/ntpc_text/30132_NIT_Download.txt,source_c1a33977175a4862937665ce,e7aac58cbc420a51195f83e25430f9ba097c67fb8018683be245d02c2df37b23,legacy-derived artifact; exact inputs/version not recorded,unknown,unresolved_legacy_lineage,2026-10-03T19:01:58.485548+00:00
processed/extracted_items/ntpc_text/30133_NIT_Download.txt,source_c1a33977175a4862937665ce,e68bb9bdd909b4027538a51cfb4498d9748bd4f14c5ee1ab3129c84201567fd5,legacy-derived artifact; exact inputs/version not recorded,unknown,unresolved_legacy_lineage,2026-10-03T19:01:58.485548+00:00
processed/extracted_items/ntpc_text/30134_NIT_Download.txt,source_c1a33977175a4862937665ce,d331061ecca11f36595cb52a416123dc45d0e0a7291ae14a05a4283813d73ca5,legacy-derived artifact; exact inputs/version not recorded,unknown,unresolved_legacy_lineage,2026-10-03T19:01:58.485548+00:00
processed/extracted_items/ntpc_text/30135_NIT_Download.txt,source_c1a33977175a4862937665ce,850b86937673ad798340e663640a88a96fcfc00e916633736c894447c1566dd1,legacy-derived artifact; exact inputs/version not recorded,unknown,unresolved_legacy_lineage,2026-10-03T19:01:58.485548+00:00
processed/extracted_items/ntpc_text/30136_NIT_Download.txt,source_c1a33977175a4862937665ce,6d083b71464390748360c1b7bc4b219f9cadafd5a272ae2f7e288391fcb77fde,legacy-derived artifact; exact inputs/version not recorded,unknown,unresolved_legacy_lineage,2026-10-03T19:01:58.485548+00:00
processed/extracted_items/ntpc_text/30137_NIT_Download.txt,source_c1a33977175a4862937665ce,e3766a76c6369e3eee9ac453a104941c75359dcc1033d7b2053ebcac273e96ba,legacy-derived artifact; exact inputs/version not recorded,unknown,unresolved_legacy_lineage,2026-10-03T19:01:58.485548+00:00
processed/extracted_items/ntpc_text/30138_NIT_Download.txt,source_c1a33977175a4862937665ce,bcecef51427b4ed6f65f43389eadacee094a660f068745773d9aa5d6f8572c33,legacy-derived artifact; exact inputs/version not recorded,unknown,unresolved_legacy_lineage,2026-10-03T19:01:58.485548+00:00
processed/extracted_items/ntpc_text/30139_NIT_Download.txt,source_c1a33977175a4862937665ce,dc8805ab1a5e7aae1d67371658656f64a7d141c4793e98375df1781e30f46bff,legacy-derived artifact; exact inputs/version not recorded,unknown,unresolved_legacy_lineage,2026-10-03T19:01:58.485548+00:00
processed/extracted_items/ntpc_text/30140_NIT_Download.txt,source_c1a33977175a4862937665ce,e7fb43eb7061821f89369413d1bfc8b1d0745fa623550bf4ebe489c039a3d2e1,legacy-derived artifact; exact inputs/version not recorded,unknown,unresolved_legacy_lineage,2026-10-03T19:01:58.485548+00:00
processed/extracted_items/ntpc_text/30141_NIT_Download.txt,source_c1a33977175a4862937665ce,60c36bb5d8f2dd2496eae48b1a3b834f82ffabbad97435a328432b59d0b2d223,legacy-derived artifact; exact inputs/version not recorded,unknown,unresolved_legacy_lineage,2026-10-03T19:01:58.485548+00:00
processed/extracted_items/ntpc_text/30142_NIT_Download.txt,source_c1a33977175a4862937665ce,74cf2aadf306a006f8403c2adbf18ecf3b3889a99012fc132962a3eab02f34ea,legacy-derived artifact; exact inputs/version not recorded,unknown,unresolved_legacy_lineage,2026-10-03T19:01:58.485548+00:00
processed/extracted_items/ntpc_text/30143_NIT_Download.txt,source_c1a33977175a4862937665ce,f1eba7f96a8cabb8bb3d60b369a1aa348437c2cdc889df1dc78b789c57c6ef68,legacy-derived artifact; exact inputs/version not recorded,unknown,unresolved_legacy_lineage,2026-10-03T19:01:58.485548+00:00
processed/extracted_items/ntpc_text/30144_NIT_Download.txt,source_c1a33977175a4862937665ce,928a829ae30ba01982502848e71299953a39905e62e47beb688420b694ea9da3,legacy-derived artifact; exact inputs/version not recorded,unknown,unresolved_legacy_lineage,2026-10-03T19:01:58.485548+00:00
processed/extracted_items/ntpc_text/30145_NIT_Download.txt,source_c1a33977175a4862937665ce,59350ff7de90b20e2154245146b50182c18aeccc9bc7c0d588c246c70b97dd1a,legacy-derived artifact; exact inputs/version not recorded,unknown,unresolved_legacy_lineage,2026-10-03T19:01:58.485548+00:00
processed/extracted_items/ntpc_text/30146_NIT_Download.txt,source_c1a33977175a4862937665ce,88c2524e5b8be50f67e86afab60ef23858796a3d4e0e590432cd5380b8d5e76e,legacy-derived artifact; exact inputs/version not recorded,unknown,unresolved_legacy_lineage,2026-10-03T19:01:58.485548+00:00
processed/extracted_items/ntpc_text/30147_NIT_Download.txt,source_c1a33977175a4862937665ce,bad8d0ec523bb9d5aeec52725ddd9ab6024c83219e690bdcfb82d14eb5ac0aa3,legacy-derived artifact; exact inputs/version not recorded,unknown,unresolved_legacy_lineage,2026-10-03T19:01:58.485548+00:00
processed/extracted_items/ntpc_text/30148_NIT_Download.txt,source_c1a33977175a4862937665ce,a8414519d4c1108e24294945c7363705ec9191fedd4d2bb19b596d894ae5deb5,legacy-derived artifact; exact inputs/version not recorded,unknown,unresolved_legacy_lineage,2026-10-03T19:01:58.485548+00:00
processed/extracted_items/ntpc_text/30149_NIT_Download.txt,source_c1a33977175a4862937665ce,438167342b9d12307b26395c8a344590ed1ce30e05a9475cdc47a94235966753,legacy-derived artifact; exact inputs/version not recorded,unknown,unresolved_legacy_lineage,2026-10-03T19:01:58.485548+00:00
processed/extracted_items/ntpc_text/30150_NIT_Download.txt,source_c1a33977175a4862937665ce,80c2fc6d27065caa2f600a4c7817d943858a4fd690a3e4ff124cce98cc03cf70,legacy-derived artifact; exact inputs/version not recorded,unknown,unresolved_legacy_lineage,2026-10-03T19:01:58.485548+00:00
processed/extracted_items/ntpc_text/30151_NIT_Download.txt,source_c1a33977175a4862937665ce,47cbce6f4b2dcfddae587a8da34586d6a8cee30b8c0f0e8994996d1e8723a0d0,legacy-derived artifact; exact inputs/version not recorded,unknown,unresolved_legacy_lineage,2026-10-03T19:01:58.485548+00:00
processed/extracted_items/ntpc_text/30152_NIT_Download.txt,source_c1a33977175a4862937665ce,5c9bd87bc6af27274f566e0d437a4442b43573e60b8c513589d8a6b46070ecfc,legacy-derived artifact; exact inputs/version not recorded,unknown,unresolved_legacy_lineage,2026-10-03T19:01:58.485548+00:00
processed/extracted_items/ntpc_text/30153_NIT_Download.txt,source_c1a33977175a4862937665ce,fd25e566d529cbdb043bfae247a1e909056875557ec445323fda295c97553347,legacy-derived artifact; exact inputs/version not recorded,unknown,unresolved_legacy_lineage,2026-10-03T19:01:58.485548+00:00
processed/extracted_items/ntpc_text/30154_NIT_Download.txt,source_c1a33977175a4862937665ce,855d3157224f9b1bd3b8ca8f4075058c86bdd4519e8c3cf63a6dc9e40f1fccf6,legacy-derived artifact; exact inputs/version not recorded,unknown,unresolved_legacy_lineage,2026-10-03T19:01:58.485548+00:00
processed/extracted_items/ntpc_text/30155_NIT_Download.txt,source_c1a33977175a4862937665ce,5e7555994bdb00f3ac035e11e17cb439327749fc12b3ee3779a5c7f6a5f64a6b,legacy-derived artifact; exact inputs/version not recorded,unknown,unresolved_legacy_lineage,2026-10-03T19:01:58.485548+00:00
processed/extracted_items/ntpc_text/30156_NIT_Download.txt,source_c1a33977175a4862937665ce,54e81fa937e0bb5365e67245976821b3c724ad11321a5e4eeb9c0d1128568147,legacy-derived artifact; exact inputs/version not recorded,unknown,unresolved_legacy_lineage,2026-10-03T19:01:58.485548+00:00
processed/extracted_items/ntpc_text/30157_NIT_Download.txt,source_c1a33977175a4862937665ce,ec3894852b562d5877b1f6055c07197baba637fff08e6e254dcc70d33ad6919d,legacy-derived artifact; exact inputs/version not recorded,unknown,unresolved_legacy_lineage,2026-10-03T19:01:58.485548+00:00
processed/extracted_items/ntpc_text/30158_NIT_Download.txt,source_c1a33977175a4862937665ce,40ac94661009dad27dfc3afed03585e58c8c6bd980613c3219504dbe7a55adce,legacy-derived artifact; exact inputs/version not recorded,unknown,unresolved_legacy_lineage,2026-10-03T19:01:58.485548+00:00
processed/extracted_items/ntpc_text/30159_NIT_Download.txt,source_c1a33977175a4862937665ce,51778378cab2662d52f2a92fe0cfe9430f18190ec99c8ca7a554d93725a3edfb,legacy-derived artifact; exact inputs/version not recorded,unknown,unresolved_legacy_lineage,2026-10-03T19:01:58.485548+00:00
processed/extracted_items/ntpc_text/30160_NIT_Download.txt,source_c1a33977175a4862937665ce,a43ac25b7f1a108b109f294269931ccfca25b40d824681f0aba8c7b2ead5b008,legacy-derived artifact; exact inputs/version not recorded,unknown,unresolved_legacy_lineage,2026-10-03T19:01:58.485548+00:00
processed/extracted_items/ntpc_text/30161_NIT_Download.txt,source_c1a33977175a4862937665ce,0c78d8113ce524a97b4d309effc07d33eff967c1b064d250d8804ca443a93d33,legacy-derived artifact; exact inputs/version not recorded,unknown,unresolved_legacy_lineage,2026-10-03T19:01:58.485548+00:00
processed/extracted_items/ntpc_text/30162_NIT_Download.txt,source_c1a33977175a4862937665ce,e19bc7db1ffffdad6abd7322415fd7d692541b21bf219f974817d15c2c28c01c,legacy-derived artifact; exact inputs/version not recorded,unknown,unresolved_legacy_lineage,2026-10-03T19:01:58.485548+00:00
processed/extracted_items/ntpc_text/30163_NIT_Download.txt,source_c1a33977175a4862937665ce,eaba2b52bc709cc6c49dc89289424991ffdcc1d00b6fd738040bc9a69690bfe1,legacy-derived artifact; exact inputs/version not recorded,unknown,unresolved_legacy_lineage,2026-10-03T19:01:58.485548+00:00
processed/extracted_items/ntpc_text/30164_NIT_Download.txt,source_c1a33977175a4862937665ce,d033726cd46c367b145eeaca3c91798fae37ca704322195da82e562b43d429dc,legacy-derived artifact; exact inputs/version not recorded,unknown,unresolved_legacy_lineage,2026-10-03T19:01:58.485548+00:00
processed/extracted_items/ntpc_text/30165_NIT_Download.txt,source_c1a33977175a4862937665ce,4d99dfeab98c04c169572f5ec9ec812c1bc1774b0a29fd2d7b669ff9ea29f030,legacy-derived artifact; exact inputs/version not recorded,unknown,unresolved_legacy_lineage,2026-10-03T19:01:58.485548+00:00
processed/extracted_items/ntpc_text/30166_Click_here_to_view_Salient_Technical_Features.txt,source_c1a33977175a4862937665ce,e46213cce105a7681232bb19c1615834f66785c9a26c11b5331ef53c281ac8b9,legacy-derived artifact; exact inputs/version not recorded,unknown,unresolved_legacy_lineage,2026-10-03T19:01:58.485548+00:00
processed/extracted_items/ntpc_text/30166_cor_30166_1_1.txt,source_c1a33977175a4862937665ce,654d6580068b1975b76800cbf46da2875e7ac288e4a589dd0ca7cfa150e15553,legacy-derived artifact; exact inputs/version not recorded,unknown,unresolved_legacy_lineage,2026-10-03T19:01:58.485548+00:00
processed/extracted_items/ntpc_text/30166_NIT_Download.txt,source_c1a33977175a4862937665ce,e62d1900e2c36e223284ff1e4addfc8de83b8ed3b57e10d6c4bfb529e71fda86,legacy-derived artifact; exact inputs/version not recorded,unknown,unresolved_legacy_lineage,2026-10-03T19:01:58.485548+00:00
processed/extracted_items/ntpc_text/30167_NIT_Download.txt,source_c1a33977175a4862937665ce,05874aaa48925ac0868cb827ae1ce57261552cb5c742b3dd4c841d23bcf64c54,legacy-derived artifact; exact inputs/version not recorded,unknown,unresolved_legacy_lineage,2026-10-03T19:01:58.485548+00:00
processed/extracted_items/ntpc_text/30168_cor_30168_2_1.txt,source_c1a33977175a4862937665ce,01ba4719c80b6fe911b091a7c05124b64eeece964e09c058ef8f9805daca546b,legacy-derived artifact; exact inputs/version not recorded,unknown,unresolved_legacy_lineage,2026-10-03T19:01:58.485548+00:00
processed/extracted_items/ntpc_text/30168_NIT_Download.txt,source_c1a33977175a4862937665ce,5f2bcdb23d2efd424510ae2a20c4fb1896bbfb2fd7aab86c63e529a466a09986,legacy-derived artifact; exact inputs/version not recorded,unknown,unresolved_legacy_lineage,2026-10-03T19:01:58.485548+00:00
processed/extracted_items/ntpc_text/30169_NIT_Download.txt,source_c1a33977175a4862937665ce,1bde1e9a462702d5c6e02a7772b3fef0b5fb8a495f434148d08bb8191ae3b530,legacy-derived artifact; exact inputs/version not recorded,unknown,unresolved_legacy_lineage,2026-10-03T19:01:58.485548+00:00
processed/extracted_items/ntpc_text/30170_NIT_Download.txt,source_c1a33977175a4862937665ce,bd98b5953242ce4c585b5c39fbd9d9ccdad5ed5fd93f9292e8cfe16397392be7,legacy-derived artifact; exact inputs/version not recorded,unknown,unresolved_legacy_lineage,2026-10-03T19:01:58.485548+00:00
processed/extracted_items/ntpc_text/30171_NIT_Download.txt,source_c1a33977175a4862937665ce,c4f6ba964c8bbd1080382f5a57a46544c91e02b694f0bcd814988469e0f8105c,legacy-derived artifact; exact inputs/version not recorded,unknown,unresolved_legacy_lineage,2026-10-03T19:01:58.485548+00:00
processed/extracted_items/ntpc_text/30172_NIT_Download.txt,source_c1a33977175a4862937665ce,70f7fe43417e90f93f1e90ff28000cf0605b1628967895c4a56648f441185a90,legacy-derived artifact; exact inputs/version not recorded,unknown,unresolved_legacy_lineage,2026-10-03T19:01:58.485548+00:00
processed/extracted_items/ntpc_text/30173_NIT_Download.txt,source_c1a33977175a4862937665ce,e3f9411cbb858b680935cf39c9c6a20c07f77998dccb0b45ec74419806a9e8e5,legacy-derived artifact; exact inputs/version not recorded,unknown,unresolved_legacy_lineage,2026-10-03T19:01:58.485548+00:00
processed/extracted_items/ntpc_text/30174_NIT_Download.txt,source_c1a33977175a4862937665ce,81e8f1130d9a05c9a49f39e04c39abf5744c313c0c419650873942750d269432,legacy-derived artifact; exact inputs/version not recorded,unknown,unresolved_legacy_lineage,2026-10-03T19:01:58.485548+00:00
processed/extracted_items/ntpc_text/30175_NIT_Download.txt,source_c1a33977175a4862937665ce,690c1dfb248654fb537970da7daa6861813c7ed362bb77ef262d2f94584d9c82,legacy-derived artifact; exact inputs/version not recorded,unknown,unresolved_legacy_lineage,2026-10-03T19:01:58.485548+00:00
processed/extracted_items/ntpc_text/30176_NIT_Download.txt,source_c1a33977175a4862937665ce,2272c5f9085e464572b862b3aa201d500c93958e23aec63203d2ba52eefe6bd0,legacy-derived artifact; exact inputs/version not recorded,unknown,unresolved_legacy_lineage,2026-10-03T19:01:58.485548+00:00
processed/extracted_items/ntpc_text/30177_NIT_Download.txt,source_c1a33977175a4862937665ce,4d6587205d6151c288d4f214a52217070eea65d3f9de3187ea1669473e18f2f7,legacy-derived artifact; exact inputs/version not recorded,unknown,unresolved_legacy_lineage,2026-10-03T19:01:58.485548+00:00
processed/extracted_items/ntpc_text/30179_Click_here_to_view_Salient_Technical_Features.txt,source_c1a33977175a4862937665ce,12c8aec0bac4eb3e58459897b1c0d61dad52997a712c128a81d65b61e6a0d693,legacy-derived artifact; exact inputs/version not recorded,unknown,unresolved_legacy_lineage,2026-10-03T19:01:58.485548+00:00
processed/extracted_items/ntpc_text/30179_NIT_Download.txt,source_c1a33977175a4862937665ce,902fcfc19e7bdc9951e5b7697d8adbd4320d7db3c54cceabf93a1fe5105877d7,legacy-derived artifact; exact inputs/version not recorded,unknown,unresolved_legacy_lineage,2026-10-03T19:01:58.485548+00:00
processed/extracted_items/ntpc_text/30180_NIT_Download.txt,source_c1a33977175a4862937665ce,5854c5bae1e08e0c2485137fa311cfa7b08919b59f9b61dadef4a4e44d34fb20,legacy-derived artifact; exact inputs/version not recorded,unknown,unresolved_legacy_lineage,2026-10-03T19:01:58.485548+00:00
processed/extracted_items/ntpc_text/30181_NIT_Download.txt,source_c1a33977175a4862937665ce,3ca78963c612d612e6b384b54f21df8088a715836a92f722066e8a26497c7e20,legacy-derived artifact; exact inputs/version not recorded,unknown,unresolved_legacy_lineage,2026-10-03T19:01:58.485548+00:00
processed/extracted_items/ntpc_text/30182_cor_30182_1_1.txt,source_c1a33977175a4862937665ce,e3b0c44298fc1c149afbf4c8996fb92427ae41e4649b934ca495991b7852b855,legacy-derived artifact; exact inputs/version not recorded,unknown,unresolved_legacy_lineage,2026-10-03T19:01:58.485548+00:00
processed/extracted_items/ntpc_text/30182_NIT_Download.txt,source_c1a33977175a4862937665ce,680611a430e120eba1f115bb442b99727b4e481fbe39858944bf64fc67f61060,legacy-derived artifact; exact inputs/version not recorded,unknown,unresolved_legacy_lineage,2026-10-03T19:01:58.485548+00:00
processed/extracted_items/ntpc_text/30183_NIT_Download.txt,source_c1a33977175a4862937665ce,2749b6680237815dd501211efdba7aa0e9c611933b779ac15d43576830a5cdfb,legacy-derived artifact; exact inputs/version not recorded,unknown,unresolved_legacy_lineage,2026-10-03T19:01:58.485548+00:00
processed/extracted_items/ntpc_text/30184_NIT_Download.txt,source_c1a33977175a4862937665ce,f279b97db46565568ebbd638c1d19a39e7a8a1a1ac48760e7e18804b167abe8b,legacy-derived artifact; exact inputs/version not recorded,unknown,unresolved_legacy_lineage,2026-10-03T19:01:58.485548+00:00
processed/extracted_items/ntpc_text/30185_NIT_Download.txt,source_c1a33977175a4862937665ce,813f79f6b9dee08a729eb690dcda2031b0add058a1ab8accac13228f90283f14,legacy-derived artifact; exact inputs/version not recorded,unknown,unresolved_legacy_lineage,2026-10-03T19:01:58.485548+00:00
processed/extracted_items/ntpc_text/30186_NIT_Download.txt,source_c1a33977175a4862937665ce,7ad5bf0f3325e713c4b2fd7711de2c7563ef8259a9637eccb0c3bc423accc981,legacy-derived artifact; exact inputs/version not recorded,unknown,unresolved_legacy_lineage,2026-10-03T19:01:58.485548+00:00
processed/extracted_items/ntpc_text/30187_NIT_Download.txt,source_c1a33977175a4862937665ce,1e323f970c8b48288642549293c2b0d54c182915da38bea68281052cc1b5285e,legacy-derived artifact; exact inputs/version not recorded,unknown,unresolved_legacy_lineage,2026-10-03T19:01:58.485548+00:00
processed/extracted_items/ntpc_text/30188_NIT_Download.txt,source_c1a33977175a4862937665ce,eddc2efd08b6e5dd3c12b35a3250e1c497f1220df5d23f0f85e087ae22b867df,legacy-derived artifact; exact inputs/version not recorded,unknown,unresolved_legacy_lineage,2026-10-03T19:01:58.485548+00:00
processed/extracted_items/ntpc_text/30189_NIT_Download.txt,source_c1a33977175a4862937665ce,7bb65863f793b47531d040901893bb7015a57a20c9c522b0b700c96bd06f83c3,legacy-derived artifact; exact inputs/version not recorded,unknown,unresolved_legacy_lineage,2026-10-03T19:01:58.485548+00:00
processed/extracted_items/ntpc_text/30190_NIT_Download.txt,source_c1a33977175a4862937665ce,772fc3ddaf5287a8003d0583cc8254cf0af266d5e430a26cabd493ce45ababd5,legacy-derived artifact; exact inputs/version not recorded,unknown,unresolved_legacy_lineage,2026-10-03T19:01:58.485548+00:00
processed/extracted_items/ntpc_text/30191_NIT_Download.txt,source_c1a33977175a4862937665ce,524c989c42cc272863c77ce058e9e9853d5a94630ba8a577773f0e9ab146edf6,legacy-derived artifact; exact inputs/version not recorded,unknown,unresolved_legacy_lineage,2026-10-03T19:01:58.485548+00:00
processed/extracted_items/ntpc_text/30192_NIT_Download.txt,source_c1a33977175a4862937665ce,2db0c6e03ee815c19362232209dc48a3874ba8f811ad68324df2a129a2ec2abe,legacy-derived artifact; exact inputs/version not recorded,unknown,unresolved_legacy_lineage,2026-10-03T19:01:58.485548+00:00
processed/extracted_items/ntpc_text/30193_NIT_Download.txt,source_c1a33977175a4862937665ce,8def65c566e9cf88d2e59d1258d908f27a6d880e6801faf14fd67f968863ff62,legacy-derived artifact; exact inputs/version not recorded,unknown,unresolved_legacy_lineage,2026-10-03T19:01:58.485548+00:00
processed/extracted_items/ntpc_text/30194_NIT_Download.txt,source_c1a33977175a4862937665ce,232681a678d99983df675bd70d64d139b6208a8bb95345f111a46c51d6b6404f,legacy-derived artifact; exact inputs/version not recorded,unknown,unresolved_legacy_lineage,2026-10-03T19:01:58.485548+00:00
processed/extracted_items/ntpc_text/30195_NIT_Download.txt,source_c1a33977175a4862937665ce,d73b153c75d91460fa8d306b1bbfe504b7c4f78c7ac3249211b0247823204761,legacy-derived artifact; exact inputs/version not recorded,unknown,unresolved_legacy_lineage,2026-10-03T19:01:58.485548+00:00
processed/extracted_items/ntpc_text/30196_NIT_Download.txt,source_c1a33977175a4862937665ce,b66824ee2aedcb53a887d51bfa728da261f495d0f3acb63d217c6d7b7590e1bd,legacy-derived artifact; exact inputs/version not recorded,unknown,unresolved_legacy_lineage,2026-10-03T19:01:58.485548+00:00
processed/extracted_items/ntpc_text/30197_NIT_Download.txt,source_c1a33977175a4862937665ce,60b94436bf1a070808e692b3434b87afe04308abd957040ac23e457f4b73a3e9,legacy-derived artifact; exact inputs/version not recorded,unknown,unresolved_legacy_lineage,2026-10-03T19:01:58.485548+00:00
processed/extracted_items/ntpc_text/30198_NIT_Download.txt,source_c1a33977175a4862937665ce,716b09b2ea4a70bcd0a87a98af50dc23f57064d1750f689efd5ae6ec555a2712,legacy-derived artifact; exact inputs/version not recorded,unknown,unresolved_legacy_lineage,2026-10-03T19:01:58.485548+00:00
processed/extracted_items/ntpc_text/30199_NIT_Download.txt,source_c1a33977175a4862937665ce,d7094c4f8fa4aaca44ed7d7add0664f8db4e000b06de4f2f159d34ab77bbae5c,legacy-derived artifact; exact inputs/version not recorded,unknown,unresolved_legacy_lineage,2026-10-03T19:01:58.485548+00:00
processed/extracted_items/ntpc_text/30200_NIT_Download.txt,source_c1a33977175a4862937665ce,ab71bdce034e0bf6e264f6cf82be617bd08f4ea4a7a2595bb13b86712470e6b3,legacy-derived artifact; exact inputs/version not recorded,unknown,unresolved_legacy_lineage,2026-10-03T19:01:58.485548+00:00
processed/extracted_items/ntpc_text/30201_NIT_Download.txt,source_c1a33977175a4862937665ce,0eeaa4a667bbd2885d035e7f90397cb22f68c18a771b9ee9b886f03655479d86,legacy-derived artifact; exact inputs/version not recorded,unknown,unresolved_legacy_lineage,2026-10-03T19:01:58.485548+00:00
processed/extracted_items/ntpc_text/30202_NIT_Download.txt,source_c1a33977175a4862937665ce,05c5e9f881f85f9536ee912e9bdc5376417a37d3a8742f8bd305269c4e27bdbe,legacy-derived artifact; exact inputs/version not recorded,unknown,unresolved_legacy_lineage,2026-10-03T19:01:58.485548+00:00
processed/extracted_items/ntpc_text/30203_NIT_Download.txt,source_c1a33977175a4862937665ce,6023b0d2ca4184b41202c989821ae047347d6faab2846f1368d5bc29718aef54,legacy-derived artifact; exact inputs/version not recorded,unknown,unresolved_legacy_lineage,2026-10-03T19:01:58.485548+00:00
processed/extracted_items/ntpc_text/30204_NIT_Download.txt,source_c1a33977175a4862937665ce,d66fef87c0f962f116952b4fc318d76686d5625b8d43cf22d608bb20f79638ae,legacy-derived artifact; exact inputs/version not recorded,unknown,unresolved_legacy_lineage,2026-10-03T19:01:58.485548+00:00
processed/extracted_items/ntpc_text/30205_NIT_Download.txt,source_c1a33977175a4862937665ce,44c9f1d31cf926400366cbe4b6194ebe3c27e359667d2b83e6800cf43e858707,legacy-derived artifact; exact inputs/version not recorded,unknown,unresolved_legacy_lineage,2026-10-03T19:01:58.485548+00:00
processed/extracted_items/ntpc_text/30206_NIT_Download.txt,source_c1a33977175a4862937665ce,6f51294f1dcb630cdde38b7207a3fbe1be499624c1c1cf8b547e0d73b018fb05,legacy-derived artifact; exact inputs/version not recorded,unknown,unresolved_legacy_lineage,2026-10-03T19:01:58.485548+00:00
processed/extracted_items/ntpc_text/30207_NIT_Download.txt,source_c1a33977175a4862937665ce,0fc20c09bd4bef07c6f1f2314d034febf359b0b20af21e920905cb1cc54e906f,legacy-derived artifact; exact inputs/version not recorded,unknown,unresolved_legacy_lineage,2026-10-03T19:01:58.485548+00:00
processed/extracted_items/ntpc_text/30208_NIT_Download.txt,source_c1a33977175a4862937665ce,bef3870fb6aa62751bc0e16b6fd979ebc335984478b8cd2c326a7e44fa981d5b,legacy-derived artifact; exact inputs/version not recorded,unknown,unresolved_legacy_lineage,2026-10-03T19:01:58.485548+00:00
processed/extracted_items/ntpc_text/30209_NIT_Download.txt,source_c1a33977175a4862937665ce,d821d1f490ace0b124cafe8c56b7879d697bfbfcc7d984be1d9492b90f3e6a6b,legacy-derived artifact; exact inputs/version not recorded,unknown,unresolved_legacy_lineage,2026-10-03T19:01:58.485548+00:00
processed/extracted_items/ntpc_text/30210_NIT_Download.txt,source_c1a33977175a4862937665ce,2746f13902581fba6d828fa251921e649895a8e2b2ff3eac714eb9dd645f72e1,legacy-derived artifact; exact inputs/version not recorded,unknown,unresolved_legacy_lineage,2026-10-03T19:01:58.485548+00:00
processed/extracted_items/ntpc_text/30211_NIT_Download.txt,source_c1a33977175a4862937665ce,629969824344f487183e9716144be1c56ddfa04f75d360cf1245913741eec55e,legacy-derived artifact; exact inputs/version not recorded,unknown,unresolved_legacy_lineage,2026-10-03T19:01:58.485548+00:00
processed/extracted_items/ntpc_text/30212_NIT_Download.txt,source_c1a33977175a4862937665ce,4ac933892c6e04c4d06940ef5f39089e4c653403df2ee784488ae7178c2ed3fb,legacy-derived artifact; exact inputs/version not recorded,unknown,unresolved_legacy_lineage,2026-10-03T19:01:58.485548+00:00
processed/extracted_items/ntpc_text/30213_NIT_Download.txt,source_c1a33977175a4862937665ce,01ba4719c80b6fe911b091a7c05124b64eeece964e09c058ef8f9805daca546b,legacy-derived artifact; exact inputs/version not recorded,unknown,unresolved_legacy_lineage,2026-10-03T19:01:58.485548+00:00
processed/extracted_items/ntpc_text/30214_NIT_Download.txt,source_c1a33977175a4862937665ce,2a032c38f480bf5c043a2cb52dff48909a198383c7894b6858ea8d82f941dbbb,legacy-derived artifact; exact inputs/version not recorded,unknown,unresolved_legacy_lineage,2026-10-03T19:01:58.485548+00:00
processed/extracted_items/ntpc_text/30215_NIT_Download.txt,source_c1a33977175a4862937665ce,f0c450c83ed7df2bbb43d8a841dc7c89f779bead199aedfa70c9cf7d55684517,legacy-derived artifact; exact inputs/version not recorded,unknown,unresolved_legacy_lineage,2026-10-03T19:01:58.485548+00:00
processed/extracted_items/ntpc_text/30216_NIT_Download.txt,source_c1a33977175a4862937665ce,f10d240df73c676ba300b0a7a6f444c3140db619794d6beee81ad9da0b46eb67,legacy-derived artifact; exact inputs/version not recorded,unknown,unresolved_legacy_lineage,2026-10-03T19:01:58.485548+00:00
processed/extracted_items/ntpc_text/30217_NIT_Download.txt,source_c1a33977175a4862937665ce,e0c888a8b6dc2c175df0142525a1aec18f2719d6ab38b14ee1dd663c8b907fac,legacy-derived artifact; exact inputs/version not recorded,unknown,unresolved_legacy_lineage,2026-10-03T19:01:58.485548+00:00
processed/extracted_items/ntpc_text/30218_NIT_Download.txt,source_c1a33977175a4862937665ce,6fc4a78f594992282cf19d6f7cb0d9831b0fd4037d9137518caea3e051b70fa9,legacy-derived artifact; exact inputs/version not recorded,unknown,unresolved_legacy_lineage,2026-10-03T19:01:58.485548+00:00
processed/extracted_items/ntpc_text/30219_NIT_Download.txt,source_c1a33977175a4862937665ce,01ba4719c80b6fe911b091a7c05124b64eeece964e09c058ef8f9805daca546b,legacy-derived artifact; exact inputs/version not recorded,unknown,unresolved_legacy_lineage,2026-10-03T19:01:58.485548+00:00
processed/extracted_items/ntpc_text/30220_NIT_Download.txt,source_c1a33977175a4862937665ce,e7c2e157f93e7b21921596445cb11e3caf2092720b0c9a83a583e0fb28fcc7eb,legacy-derived artifact; exact inputs/version not recorded,unknown,unresolved_legacy_lineage,2026-10-03T19:01:58.485548+00:00
processed/extracted_items/ntpc_text/30221_NIT_Download.txt,source_c1a33977175a4862937665ce,b9472033988aed7db30d3f1bf7b87cd99f3d269f7b72096ab296dbfb04e7d81a,legacy-derived artifact; exact inputs/version not recorded,unknown,unresolved_legacy_lineage,2026-10-03T19:01:58.485548+00:00
processed/extracted_items/ntpc_text/30222_NIT_Download.txt,source_c1a33977175a4862937665ce,459a993cb263ac929f290d358f22cb434b3cbe6a3f60d7e0baf6235cc9bbefb3,legacy-derived artifact; exact inputs/version not recorded,unknown,unresolved_legacy_lineage,2026-10-03T19:01:58.485548+00:00
processed/extracted_items/ntpc_text/30223_NIT_Download.txt,source_c1a33977175a4862937665ce,a549d157c771447ebef377ed36dbef26988c7b0874981f8fe24bcae682a31d65,legacy-derived artifact; exact inputs/version not recorded,unknown,unresolved_legacy_lineage,2026-10-03T19:01:58.485548+00:00
processed/extracted_items/ntpc_text/30224_NIT_Download.txt,source_c1a33977175a4862937665ce,d088784b7ecb87f1ea17e6f982fa968ffefcc07b79de6ecc548fc00242868da6,legacy-derived artifact; exact inputs/version not recorded,unknown,unresolved_legacy_lineage,2026-10-03T19:01:58.485548+00:00
processed/extracted_items/ntpc_text/30225_NIT_Download.txt,source_c1a33977175a4862937665ce,1478dfeee329ca1caa471b8909ec39b32aa1de5f42ab0e78dc39032e7d13bb25,legacy-derived artifact; exact inputs/version not recorded,unknown,unresolved_legacy_lineage,2026-10-03T19:01:58.485548+00:00
processed/extracted_items/ntpc_text/30226_NIT_Download.txt,source_c1a33977175a4862937665ce,9173d5b38956e3c66933e4a2da28d2cda5a05d58dc217fdb15c5f6884453ad78,legacy-derived artifact; exact inputs/version not recorded,unknown,unresolved_legacy_lineage,2026-10-03T19:01:58.485548+00:00
processed/extracted_items/ntpc_text/30227_NIT_Download.txt,source_c1a33977175a4862937665ce,724d35bf4acebd30e9b8e63d299106d33cbd1d827320ec9e09abcd16c530eb23,legacy-derived artifact; exact inputs/version not recorded,unknown,unresolved_legacy_lineage,2026-10-03T19:01:58.485548+00:00
processed/extracted_items/ntpc_text/30228_NIT_Download.txt,source_c1a33977175a4862937665ce,892973d1bd67bbcdd94806f32076fa589fd2cfdfaad4a29153feafd94ea8d8c5,legacy-derived artifact; exact inputs/version not recorded,unknown,unresolved_legacy_lineage,2026-10-03T19:01:58.485548+00:00
processed/extracted_items/ntpc_text/30229_NIT_Download.txt,source_c1a33977175a4862937665ce,63de0f15407c21e80e24aaebe2d4a70345d9605ba6f80f172496783eb1e9d6dd,legacy-derived artifact; exact inputs/version not recorded,unknown,unresolved_legacy_lineage,2026-10-03T19:01:58.485548+00:00
processed/extracted_items/ntpc_text/30230_NIT_Download.txt,source_c1a33977175a4862937665ce,f423fdb1f644e1e4aee12db968d9348906301f9462774580eedf84791ce084f4,legacy-derived artifact; exact inputs/version not recorded,unknown,unresolved_legacy_lineage,2026-10-03T19:01:58.485548+00:00
processed/extracted_items/ntpc_text/30231_NIT_Download.txt,source_c1a33977175a4862937665ce,2b9284662b262d7942218bbc586bc86588d0b33ee4ec76dbf47a4afe2ad45fcd,legacy-derived artifact; exact inputs/version not recorded,unknown,unresolved_legacy_lineage,2026-10-03T19:01:58.485548+00:00
raw/cppp/tenders/organisations_with_tender_counts.csv,source_5485749bb79c416b23cf086c,c2eb9668ca0330b3376e34c41d4e3375a3e19490f933e19503d093fad81c3bd1,immutable source artifact,1,source,2026-10-03T19:01:58.485548+00:00
raw/datagovin/catalog_index.json,source_54786ade1ed203f46ddc7f90,44136fa355b3678a1146ad16f7e8649e94fb4fc21fe77e8310c060f61caaff8a,immutable source artifact,1,source,2026-10-03T19:01:58.485548+00:00
raw/iocl/tenders/bid_covers.csv,source_799e89520249912fb829de4f,08e758daca9c8592da85f246ae180586bbf0bfaa8d5c65f8157333fb873a20af,immutable source artifact,1,source,2026-10-03T19:01:58.485548+00:00
raw/iocl/tenders/documents_index.csv,source_799e89520249912fb829de4f,13a3f38d26aeb471fcc4f136cd7ed410d1ba4c15ee5b62943a80cbda916a08a6,immutable source artifact,1,source,2026-10-03T19:01:58.485548+00:00
raw/iocl/tenders/Future_Procurement_Plan25-26.pdf,source_799e89520249912fb829de4f,4515e89960114a21c6d31e31e38141ba6b603a8168a9d328ab0c88188b33cbe2,immutable source artifact,1,source,2026-10-03T19:01:58.485548+00:00
raw/iocl/tenders/Listof358itemsreservedforProcurementFromMSEsunderPPP-2012.pdf,source_799e89520249912fb829de4f,a2e7b03147d73b14d6a6df19665b2cf636fa8ac44749302bbf9ce02e11ab198f,immutable source artifact,1,source,2026-10-03T19:01:58.485548+00:00
raw/iocl/tenders/raw_html_sample/tender_2026_AOD_190743_2.html,source_799e89520249912fb829de4f,67dbf19c41063a367f376a2f7388fb79fe0318e1fb7dc00a9ffd7331ff72910c,immutable source artifact,1,source,2026-10-03T19:01:58.485548+00:00
raw/iocl/tenders/raw_html_sample/tender_2026_AOD_191202_1.html,source_799e89520249912fb829de4f,17f7b9edf890342b925ea4b03e9205560163f520dc11dd8c219640e2abbd09fe,immutable source artifact,1,source,2026-10-03T19:01:58.485548+00:00
raw/iocl/tenders/raw_html_sample/tender_2026_AOD_191219_1.html,source_799e89520249912fb829de4f,53a0a0bc7ec927c901fda2cf1bd2c5541c5befaa910ed0a205ad049e11521303,immutable source artifact,1,source,2026-10-03T19:01:58.485548+00:00
raw/iocl/tenders/raw_html_sample/tender_2026_AOD_191312_1.html,source_799e89520249912fb829de4f,4cc5302e00e54a2fed4a58eb780b8ead6d67fbbfdfffd81e79dcaf65ea9b8446,immutable source artifact,1,source,2026-10-03T19:01:58.485548+00:00
raw/iocl/tenders/raw_html_sample/tender_2026_BD_191230_1.html,source_799e89520249912fb829de4f,77aa21c6599555e87d8c504682c4a0cfab9df2b2025dcbf611c0788b195a3b8f,immutable source artifact,1,source,2026-10-03T19:01:58.485548+00:00
raw/iocl/tenders/raw_html_sample/tender_2026_BGR_191164_1.html,source_799e89520249912fb829de4f,a20fce0ab6b493942ca45631ab84c794e1676a9ddd46cab6dc2375dcde9c54f8,immutable source artifact,1,source,2026-10-03T19:01:58.485548+00:00
raw/iocl/tenders/raw_html_sample/tender_2026_BGR_191338_1.html,source_799e89520249912fb829de4f,9e1127fd9005ddf63297b708afb3075ee50a22647ed6c2eae97f3fcd2b16d182,immutable source artifact,1,source,2026-10-03T19:01:58.485548+00:00
raw/iocl/tenders/raw_html_sample/tender_2026_BR_190479_1.html,source_799e89520249912fb829de4f,3bcf346e3897f695b98fb0ab8d6b222cda6916302c713d5bbbdb078a05863c1a,immutable source artifact,1,source,2026-10-03T19:01:58.485548+00:00
raw/iocl/tenders/raw_html_sample/tender_2026_BR_191281_1.html,source_799e89520249912fb829de4f,8979b66a82256dff89b16c1e50c03d02af428487628cce12d9419c8a03aeefe0,immutable source artifact,1,source,2026-10-03T19:01:58.485548+00:00
raw/iocl/tenders/raw_html_sample/tender_2026_BR_191299_1.html,source_799e89520249912fb829de4f,a9370774a74aa565e13a2199e58d0457a6d95a6bc8b3a3654e8221f9f0836670,immutable source artifact,1,source,2026-10-03T19:01:58.485548+00:00
raw/iocl/tenders/raw_html_sample/tender_2026_BR_191309_1.html,source_799e89520249912fb829de4f,1392526844141214e43c45de584c6d8cef438f7cabc3c7ec26a913d7234c5ccf,immutable source artifact,1,source,2026-10-03T19:01:58.485548+00:00
raw/iocl/tenders/raw_html_sample/tender_2026_DLSO_191076_1.html,source_799e89520249912fb829de4f,12f09db5826fa6ccba4e8022ab49da882fc59dc74e8eb66d4a03c34b0dad7e50,immutable source artifact,1,source,2026-10-03T19:01:58.485548+00:00
raw/iocl/tenders/raw_html_sample/tender_2026_DLSO_191270_1.html,source_799e89520249912fb829de4f,71496dfa62a8218b07e915d26e91f1e865a68cf33acc35c96d9d44664c64bca5,immutable source artifact,1,source,2026-10-03T19:01:58.485548+00:00
raw/iocl/tenders/raw_html_sample/tender_2026_ERBBS_191331_1.html,source_799e89520249912fb829de4f,19a6730e718da64cbdc457b618b1e7f305b4ab6b72ba3f6f21618bfe3f39035e,immutable source artifact,1,source,2026-10-03T19:01:58.485548+00:00
raw/iocl/tenders/raw_html_sample/tender_2026_ERKLK_191021_1.html,source_799e89520249912fb829de4f,cb4579d7058ec42d4fbbac4d52430396d48a6efb9ee1177032962033d8322fd7,immutable source artifact,1,source,2026-10-03T19:01:58.485548+00:00
raw/iocl/tenders/raw_html_sample/tender_2026_ERKLK_191194_1.html,source_799e89520249912fb829de4f,fdbaecbe750e60314e9aaf52a49d2f3a29e4bd5526ac80d9064aa9c8fc8b42ed,immutable source artifact,1,source,2026-10-03T19:01:58.485548+00:00
raw/iocl/tenders/raw_html_sample/tender_2026_ERKLK_191194_2.html,source_799e89520249912fb829de4f,d4e9b192e02341317e1e672b83430777619d58f297706c776a1be0cee35fe663,immutable source artifact,1,source,2026-10-03T19:01:58.485548+00:00
raw/iocl/tenders/raw_html_sample/tender_2026_ERKLK_191194_3.html,source_799e89520249912fb829de4f,c2ade9e7a93d526eb0cf4670319dd881e9608baceaaab5475ea82953b841e705,immutable source artifact,1,source,2026-10-03T19:01:58.485548+00:00
raw/iocl/tenders/raw_html_sample/tender_2026_ERO_191120_1.html,source_799e89520249912fb829de4f,94aa0c9e347886531ff60f923efa8ab863f3f516edfbbc12582fbfe1a2b59f28,immutable source artifact,1,source,2026-10-03T19:01:58.485548+00:00
raw/iocl/tenders/raw_html_sample/tender_2026_ERO_191144_1.html,source_799e89520249912fb829de4f,cb9f837385f4ae4dbedd9782a9eaad9ad84700e443a81630a301ebc2885ddce1,immutable source artifact,1,source,2026-10-03T19:01:58.485548+00:00
raw/iocl/tenders/raw_html_sample/tender_2026_ERO_191277_1.html,source_799e89520249912fb829de4f,d3bc312079e1176f39a9def7d95c6d925512727e4cc75ff3c803f33d70285bd3,immutable source artifact,1,source,2026-10-03T19:01:58.485548+00:00
raw/iocl/tenders/raw_html_sample/tender_2026_ERO_191315_1.html,source_799e89520249912fb829de4f,dfc94c138ad21128230616bca6260b4b1ab44a69dd636b24655226f26ce056c4,immutable source artifact,1,source,2026-10-03T19:01:58.485548+00:00
raw/iocl/tenders/raw_html_sample/tender_2026_ERO_191335_1.html,source_799e89520249912fb829de4f,c77e31dcc181ae9b8c00194a58e9fbfcba005642ba28d9d0b4d23c493ed2030f,immutable source artifact,1,source,2026-10-03T19:01:58.485548+00:00
raw/iocl/tenders/raw_html_sample/tender_2026_GR_191061_1.html,source_799e89520249912fb829de4f,e17c0deadf8259f52b55a383b05b9ffcc8aee1eb3f37ef2770e437af9a7c9a82,immutable source artifact,1,source,2026-10-03T19:01:58.485548+00:00
raw/iocl/tenders/raw_html_sample/tender_2026_GR_191163_1.html,source_799e89520249912fb829de4f,1740d3eaeb2de636e13e6962663d46eb465cad5d1252460b7ef1bfe29931ae53,immutable source artifact,1,source,2026-10-03T19:01:58.485548+00:00
raw/iocl/tenders/raw_html_sample/tender_2026_GSO_191320_1.html,source_799e89520249912fb829de4f,579b851394ecbb1f9d4fb49a33b7247713b6b641c9b665fa949882695fdf953b,immutable source artifact,1,source,2026-10-03T19:01:58.485548+00:00
raw/iocl/tenders/raw_html_sample/tender_2026_HR_190906_2.html,source_799e89520249912fb829de4f,e960b812035f1d0fb30622b216e9dc2c22ebdea31ae65118495a609cf7b86a87,immutable source artifact,1,source,2026-10-03T19:01:58.485548+00:00
raw/iocl/tenders/raw_html_sample/tender_2026_HR_191195_1.html,source_799e89520249912fb829de4f,15360b0f7c0da19e0cb9f8f07e48318070ebc6260e4ea508f55313d39e72ce96,immutable source artifact,1,source,2026-10-03T19:01:58.485548+00:00
raw/iocl/tenders/raw_html_sample/tender_2026_HR_191198_1.html,source_799e89520249912fb829de4f,5169b405dad43320993572a717c6c8335a864b6da45c8bae69323d1be967271f,immutable source artifact,1,source,2026-10-03T19:01:58.485548+00:00
raw/iocl/tenders/raw_html_sample/tender_2026_HR_191203_1.html,source_799e89520249912fb829de4f,755e67e3df2f9caa079305110f04828223532a2c899b2b152322552a63a33ba7,immutable source artifact,1,source,2026-10-03T19:01:58.485548+00:00
raw/iocl/tenders/raw_html_sample/tender_2026_HR_191204_1.html,source_799e89520249912fb829de4f,cd5fedcfc766e3a4fc462aa4b10d8ae70853dc4ded68e682568a7223ee6d17c3,immutable source artifact,1,source,2026-10-03T19:01:58.485548+00:00
raw/iocl/tenders/raw_html_sample/tender_2026_HR_191233_1.html,source_799e89520249912fb829de4f,d014714cf538c1cf502a5621777e635d3eac059acb6a30b6bf17d5ef775aaece,immutable source artifact,1,source,2026-10-03T19:01:58.485548+00:00
raw/iocl/tenders/raw_html_sample/tender_2026_HR_191251_1.html,source_799e89520249912fb829de4f,b5e30ec11bd098336c5aa9238abb4d5dffdfbcb631999eb994a0afc513e9b506,immutable source artifact,1,source,2026-10-03T19:01:58.485548+00:00
raw/iocl/tenders/raw_html_sample/tender_2026_HR_191268_1.html,source_799e89520249912fb829de4f,bdca14ec9f6db63b8b9efedafaf4ab98d8b932bb0467e9f3a6b4566eaf82af75,immutable source artifact,1,source,2026-10-03T19:01:58.485548+00:00
raw/iocl/tenders/raw_html_sample/tender_2026_HR_191278_1.html,source_799e89520249912fb829de4f,8661e7d962e336d107f80d9f51f66ecf06a624dcf2739b90a0405160494a9764,immutable source artifact,1,source,2026-10-03T19:01:58.485548+00:00
raw/iocl/tenders/raw_html_sample/tender_2026_HR_191285_1.html,source_799e89520249912fb829de4f,bf27604d7872c694baf9d787ba34d1ac39c987d92cd4831eaee0e301b6d50f74,immutable source artifact,1,source,2026-10-03T19:01:58.485548+00:00
raw/iocl/tenders/raw_html_sample/tender_2026_HR_191302_1.html,source_799e89520249912fb829de4f,548bdcc67a580248d4a141583481c1fe97f7fa4e216ed3ad112cc7484abd9247,immutable source artifact,1,source,2026-10-03T19:01:58.485548+00:00
raw/iocl/tenders/raw_html_sample/tender_2026_IBPN_189410_1.html,source_799e89520249912fb829de4f,366c83e9c9cd57fb2398d2b067a47da0c827003e8672cf93add104284fdbfcb8,immutable source artifact,1,source,2026-10-03T19:01:58.485548+00:00
raw/iocl/tenders/raw_html_sample/tender_2026_IBPN_191133_1.html,source_799e89520249912fb829de4f,2850826df8889830edd2a15d0fbdc6c857130bf5a3cd22ef30c2725e922d7e9e,immutable source artifact,1,source,2026-10-03T19:01:58.485548+00:00
raw/iocl/tenders/raw_html_sample/tender_2026_JR_190221_1.html,source_799e89520249912fb829de4f,ef7ae6ebefd38ecc13319411579b09aebebdf1c456c303a063fcdc2e9321a0dd,immutable source artifact,1,source,2026-10-03T19:01:58.485548+00:00
raw/iocl/tenders/raw_html_sample/tender_2026_JR_191077_1.html,source_799e89520249912fb829de4f,8ed2f5270d61b574c2282af600d4d0e9ce278890b7da97af3e017142c11d720c,immutable source artifact,1,source,2026-10-03T19:01:58.485548+00:00
raw/iocl/tenders/raw_html_sample/tender_2026_JR_191122_1.html,source_799e89520249912fb829de4f,998a3ec1b0fd8d42f3a5ff57211eeab32427fadcfb6c98a8bd250e73e8a9700c,immutable source artifact,1,source,2026-10-03T19:01:58.485548+00:00
raw/iocl/tenders/raw_html_sample/tender_2026_JR_191152_1.html,source_799e89520249912fb829de4f,102d55027b5021bdabad1c37f694787398f34f8520119331e5cf0ce00f901c58,immutable source artifact,1,source,2026-10-03T19:01:58.485548+00:00
raw/iocl/tenders/raw_html_sample/tender_2026_JR_191168_1.html,source_799e89520249912fb829de4f,8fbfdafd5cebe27a96109aaf60e6e64402766ecfc64360f86bda9f7ec5102fb1,immutable source artifact,1,source,2026-10-03T19:01:58.485548+00:00
raw/iocl/tenders/raw_html_sample/tender_2026_JR_191177_1.html,source_799e89520249912fb829de4f,b837cc7e1248d3436e2e7be019cad180436c4a8561fd2082d4c9e90e426358c7,immutable source artifact,1,source,2026-10-03T19:01:58.485548+00:00
raw/iocl/tenders/raw_html_sample/tender_2026_JR_191207_1.html,source_799e89520249912fb829de4f,3627f292d6b2d4d2b23a60913a14a24564ea30f7adb83d3fa1efac112fee8644,immutable source artifact,1,source,2026-10-03T19:01:58.485548+00:00
raw/iocl/tenders/raw_html_sample/tender_2026_JR_191213_1.html,source_799e89520249912fb829de4f,1a32553f6739bf62877a7cb7ad75dca08c7d4988d65ceb43a441991db860fa8d,immutable source artifact,1,source,2026-10-03T19:01:58.485548+00:00
raw/iocl/tenders/raw_html_sample/tender_2026_JR_191237_1.html,source_799e89520249912fb829de4f,b6309508367bda56cc2aa24dd88deb39cc4de5bba929cdebbc77db11d418bb7a,immutable source artifact,1,source,2026-10-03T19:01:58.485548+00:00
raw/iocl/tenders/raw_html_sample/tender_2026_JR_191279_1.html,source_799e89520249912fb829de4f,b2379f2d38e7fdb2ddec810ecffdb6bcb17c5fb05efcbf4c641507d582c91717,immutable source artifact,1,source,2026-10-03T19:01:58.485548+00:00
raw/iocl/tenders/raw_html_sample/tender_2026_JR_191294_1.html,source_799e89520249912fb829de4f,7381b7ea3005496fc487cc2653882964864746d152757b64b3b74a135b0758b7,immutable source artifact,1,source,2026-10-03T19:01:58.485548+00:00
raw/iocl/tenders/RequiredServicesSupplyitems.pdf,source_799e89520249912fb829de4f,0899cd89240e71aae75ffd57f2a15398a79429068981a53369935746c3bf3404,immutable source artifact,1,source,2026-10-03T19:01:58.485548+00:00
raw/iocl/tenders/search_rows.csv,source_799e89520249912fb829de4f,47d560ea57db2c06a98978edae16ad5fb7ea507384ea7cce105f79c5db80523a,immutable source artifact,1,source,2026-10-03T19:01:58.485548+00:00
raw/iocl/tenders/tender_details.csv,source_799e89520249912fb829de4f,5e0fc031526efa745135928cb4612341347adf04156d4c0e742f564a2365e303,immutable source artifact,1,source,2026-10-03T19:01:58.485548+00:00
raw/ntpc/documents/28816_cor_28816_1_1.pdf,source_2f2fe3607eec6dd9211d3dcb,da498f7f4f3f7d5373f435677bd858906ee950afcf1e89cb34ae751cb286760f,immutable source artifact,1,source,2026-10-03T19:01:58.485548+00:00
raw/ntpc/documents/28822_cor_28822_1_1.pdf,source_2f2fe3607eec6dd9211d3dcb,95558ea2c9efed82965ffa322dad0ff93c27bf0934ac7959bd925815593b55e1,immutable source artifact,1,source,2026-10-03T19:01:58.485548+00:00
raw/ntpc/documents/28887_Click_here_to_view_Salient_Technical_Features.pdf,source_2f2fe3607eec6dd9211d3dcb,3741ba98779991c7d5f2c97ab09594b608d42d95ec5ae2ceeb042e96f7a7f0f8,immutable source artifact,1,source,2026-10-03T19:01:58.485548+00:00
raw/ntpc/documents/28894_Click_here_to_view_Salient_Technical_Features.pdf,source_2f2fe3607eec6dd9211d3dcb,dee0714d2fc659d351164db67aabc3b005f28558ca158ef8e7f5d5b46191c277,immutable source artifact,1,source,2026-10-03T19:01:58.485548+00:00
raw/ntpc/documents/28907_NIT_Download.pdf,source_2f2fe3607eec6dd9211d3dcb,c979fcc7e51605aace91dfa456246c91efe0ebb68c730d2fcae6471d6d3fff63,immutable source artifact,1,source,2026-10-03T19:01:58.485548+00:00
raw/ntpc/documents/28908_NIT_Download.pdf,source_2f2fe3607eec6dd9211d3dcb,09c0ebf5450d837ace155f096f34b6317ad56c617bb98801473ccc1e96615183,immutable source artifact,1,source,2026-10-03T19:01:58.485548+00:00
raw/ntpc/documents/28911_NIT_Download.pdf,source_2f2fe3607eec6dd9211d3dcb,8a2cc4cbbf5bd26abf9d94d157d62167420491140841ada64592d87dd759f715,immutable source artifact,1,source,2026-10-03T19:01:58.485548+00:00
raw/ntpc/documents/28912_NIT_Download.pdf,source_2f2fe3607eec6dd9211d3dcb,d072c773d7ab95d6a68cf6a17d6929ba3bd76919e41d5f4a5b3ae4d456577a5c,immutable source artifact,1,source,2026-10-03T19:01:58.485548+00:00
raw/ntpc/documents/28917_NIT_Download.pdf,source_2f2fe3607eec6dd9211d3dcb,8a042cc3acea11e1e5bcbf4411d178b5b0fffe4580ae1191076b3b5304f38079,immutable source artifact,1,source,2026-10-03T19:01:58.485548+00:00
raw/ntpc/documents/28948_Click_here_to_view_Salient_Technical_Features.pdf,source_2f2fe3607eec6dd9211d3dcb,851d6956fd8548f811ffc257a11f78f2fab7b79de2fadc68625b1050b76e15bd,immutable source artifact,1,source,2026-10-03T19:01:58.485548+00:00
raw/ntpc/documents/28992_cor_28992_1_1.pdf,source_2f2fe3607eec6dd9211d3dcb,76de34ce67fd509abe66baff6434c2f15818d3c69666c8aaaeaf14233e6f2251,immutable source artifact,1,source,2026-10-03T19:01:58.485548+00:00
raw/ntpc/documents/28993_NIT_Download.pdf,source_2f2fe3607eec6dd9211d3dcb,d0d5a8c01d566420a19e9c57b105c64dfa825e2988f4c391b58e195f13d39bea,immutable source artifact,1,source,2026-10-03T19:01:58.485548+00:00
raw/ntpc/documents/29012_cor_29012_2_1.pdf,source_2f2fe3607eec6dd9211d3dcb,8ab938ba001e439baeb09f7e117bda746e91c78132267d6402a325bfd2da04c9,immutable source artifact,1,source,2026-10-03T19:01:58.485548+00:00
raw/ntpc/documents/29013_cor_29013_2_1.pdf,source_2f2fe3607eec6dd9211d3dcb,8eb225053f999ab060469d859182ac4aeb1b82af735c0786f614289c4db3486d,immutable source artifact,1,source,2026-10-03T19:01:58.485548+00:00
raw/ntpc/documents/29072_cor_29072_1_1.pdf,source_2f2fe3607eec6dd9211d3dcb,5be910557f596d16706f69921b3132ee221cd8411f39c4676be59e0d73f0a5c5,immutable source artifact,1,source,2026-10-03T19:01:58.485548+00:00
raw/ntpc/documents/29083_NIT_Download.pdf,source_2f2fe3607eec6dd9211d3dcb,f258af5aad95f8420dd8cfd4b7468210c55eca8eebca10f9f8412534bf810827,immutable source artifact,1,source,2026-10-03T19:01:58.485548+00:00
raw/ntpc/documents/29142_cor_29142_1_1.pdf,source_2f2fe3607eec6dd9211d3dcb,9473d4d27ab01fc16b13e2035f825ada5fd56b8f65388399171f9862bd16bc08,immutable source artifact,1,source,2026-10-03T19:01:58.485548+00:00
raw/ntpc/documents/29161_NIT_Download.pdf,source_2f2fe3607eec6dd9211d3dcb,de314b27072a93fa8ca2fcd4a3ffe65070ced06128d40c34075f7fec969f939a,immutable source artifact,1,source,2026-10-03T19:01:58.485548+00:00
raw/ntpc/documents/29189_NIT_Download.pdf,source_2f2fe3607eec6dd9211d3dcb,f258af5aad95f8420dd8cfd4b7468210c55eca8eebca10f9f8412534bf810827,immutable source artifact,1,source,2026-10-03T19:01:58.485548+00:00
raw/ntpc/documents/29287_cor_29287_1_1.pdf,source_2f2fe3607eec6dd9211d3dcb,2608aa40fd9514038d58f4672b384d8e30d409797727a2e9690e622f66cdc52a,immutable source artifact,1,source,2026-10-03T19:01:58.485548+00:00
raw/ntpc/documents/29362_cor_29362_1_1.pdf,source_2f2fe3607eec6dd9211d3dcb,3f5484859fa4a8bd883352ea8dbe5d1b8505274a3800ace3f3c11eb24b5241b8,immutable source artifact,1,source,2026-10-03T19:01:58.485548+00:00
raw/ntpc/documents/29403_NIT_Download.pdf,source_2f2fe3607eec6dd9211d3dcb,532d5ce4d6d47e028b6836e6e4c9c8d68213f98255d300edac39009d0a6b930a,immutable source artifact,1,source,2026-10-03T19:01:58.485548+00:00
raw/ntpc/documents/29408_NIT_Download.pdf,source_2f2fe3607eec6dd9211d3dcb,f258af5aad95f8420dd8cfd4b7468210c55eca8eebca10f9f8412534bf810827,immutable source artifact,1,source,2026-10-03T19:01:58.485548+00:00
raw/ntpc/documents/29416_NIT_Download.pdf,source_2f2fe3607eec6dd9211d3dcb,1d4c2c69eee868465c0b5562854c51df605ce8dcd9d3e8c3d2008fd330444ec0,immutable source artifact,1,source,2026-10-03T19:01:58.485548+00:00
raw/ntpc/documents/29418_NIT_Download.pdf,source_2f2fe3607eec6dd9211d3dcb,e2bbc02b61f147131c8b6f491712f965edaf4d5f80d445521a638596177cf8f3,immutable source artifact,1,source,2026-10-03T19:01:58.485548+00:00
raw/ntpc/documents/29455_cor_29455_1_1.pdf,source_2f2fe3607eec6dd9211d3dcb,f265956de9f71741dc6ae8c7d8cb6be2e073477a8417f7ac2c0e84feb9be6d98,immutable source artifact,1,source,2026-10-03T19:01:58.485548+00:00
raw/ntpc/documents/29530_NIT_Download.pdf,source_2f2fe3607eec6dd9211d3dcb,fbb2d5fc4e74ca77753dfb714109d419c7c72a42e534ca4a3e130ad0265be936,immutable source artifact,1,source,2026-10-03T19:01:58.485548+00:00
raw/ntpc/documents/29549_NIT_Download.pdf,source_2f2fe3607eec6dd9211d3dcb,0fb22f83fc764bca7c48b6bc6a01436dc8058becd2de9b446974c88c98460753,immutable source artifact,1,source,2026-10-03T19:01:58.485548+00:00
raw/ntpc/documents/29554_NIT_Download.pdf,source_2f2fe3607eec6dd9211d3dcb,c5931605b62c4fc9afe428195deea918dc1a5fca93ddcd2b2c969535bf3212c0,immutable source artifact,1,source,2026-10-03T19:01:58.485548+00:00
raw/ntpc/documents/29555_NIT_Download.pdf,source_2f2fe3607eec6dd9211d3dcb,935b454ff90f9ad21991a70330e7f9609cd62e25d98b6821565a944b87e90d56,immutable source artifact,1,source,2026-10-03T19:01:58.485548+00:00
raw/ntpc/documents/29557_NIT_Download.pdf,source_2f2fe3607eec6dd9211d3dcb,5d01cb93c9e9fb48cbcf59abcc5e5ebb26231af44444ca73023f6d409710c111,immutable source artifact,1,source,2026-10-03T19:01:58.485548+00:00
raw/ntpc/documents/29568_cor_29568_1_1.pdf,source_2f2fe3607eec6dd9211d3dcb,4c9f258b77e36f77de97f21c5643e56d99d56501e7323e75bc13b1725ab77bfc,immutable source artifact,1,source,2026-10-03T19:01:58.485548+00:00
raw/ntpc/documents/29574_cor_29574_1_1.pdf,source_2f2fe3607eec6dd9211d3dcb,b65410c46c9d821b34617029421278d2b99eb338f4a05f3b8390650e5751058c,immutable source artifact,1,source,2026-10-03T19:01:58.485548+00:00
raw/ntpc/documents/29666_cor_29666_2_1.pdf,source_2f2fe3607eec6dd9211d3dcb,ea104649913bc5dd139a6a109f204e7ef5e65a3d9ddf335de5b9af4469d5d1b5,immutable source artifact,1,source,2026-10-03T19:01:58.485548+00:00
raw/ntpc/documents/29668_NIT_Download.pdf,source_2f2fe3607eec6dd9211d3dcb,f258af5aad95f8420dd8cfd4b7468210c55eca8eebca10f9f8412534bf810827,immutable source artifact,1,source,2026-10-03T19:01:58.485548+00:00
raw/ntpc/documents/29694_NIT_Download.pdf,source_2f2fe3607eec6dd9211d3dcb,1870ed598cfdc76265a14cbe68487edc77214758bfbcfafbd89c1c634991cd0c,immutable source artifact,1,source,2026-10-03T19:01:58.485548+00:00
raw/ntpc/documents/29695_NIT_Download.pdf,source_2f2fe3607eec6dd9211d3dcb,be159c90bdc4484d9accde3690e08ef23a04b8614f5aecb229c9dacaffe09a36,immutable source artifact,1,source,2026-10-03T19:01:58.485548+00:00
raw/ntpc/documents/29696_NIT_Download.pdf,source_2f2fe3607eec6dd9211d3dcb,64e80a5db21d197ebac35cc95e47110a72e3ae9f3e0afe64d431ece721633c83,immutable source artifact,1,source,2026-10-03T19:01:58.485548+00:00
raw/ntpc/documents/29699_NIT_Download.pdf,source_2f2fe3607eec6dd9211d3dcb,d3153a928287247f1d5aa73023dc4fda330b5cd77e25bd54f63aabffb106b936,immutable source artifact,1,source,2026-10-03T19:01:58.485548+00:00
raw/ntpc/documents/29700_NIT_Download.pdf,source_2f2fe3607eec6dd9211d3dcb,4ffe25778fb5a16642cd0aaf5a94f2c1ec2db6f1536f19abab01bffd950ce0d7,immutable source artifact,1,source,2026-10-03T19:01:58.485548+00:00
raw/ntpc/documents/29701_NIT_Download.pdf,source_2f2fe3607eec6dd9211d3dcb,8293f8f2aedd1d18acf752454d7ffc2c37a1f7277a54089350b2992ef8500f93,immutable source artifact,1,source,2026-10-03T19:01:58.485548+00:00
raw/ntpc/documents/29708_Click_here_to_view_Salient_Technical_Features.pdf,source_2f2fe3607eec6dd9211d3dcb,cf592de70247521df62a01f35c2d6e3a2c537f8bf9bdfa21d55fd4fc925e5a31,immutable source artifact,1,source,2026-10-03T19:01:58.485548+00:00
raw/ntpc/documents/29708_cor_29708_10_1.pdf,source_2f2fe3607eec6dd9211d3dcb,b9729ea3564059087d977de498fb223987c0ca1ffbf4c441e0fb1224e5fd27b0,immutable source artifact,1,source,2026-10-03T19:01:58.485548+00:00
raw/ntpc/documents/29708_NIT_Download.pdf,source_2f2fe3607eec6dd9211d3dcb,0f1867f38d3565b1b71b0d674958874610ca17b7e095b85cbffe991f579c9767,immutable source artifact,1,source,2026-10-03T19:01:58.485548+00:00
raw/ntpc/documents/29741_cor_29741_10_1.pdf,source_2f2fe3607eec6dd9211d3dcb,a7f94027e090381716fa89a7a41ea6de9e283e26fd3eb635a0c1f8fc5213dcee,immutable source artifact,1,source,2026-10-03T19:01:58.485548+00:00
raw/ntpc/documents/29741_NIT_Download.pdf,source_2f2fe3607eec6dd9211d3dcb,7718faf553a2ae17474789254823cee86ce64c6a804139099e7258c7370b258e,immutable source artifact,1,source,2026-10-03T19:01:58.485548+00:00
raw/ntpc/documents/29799_NIT_Download.pdf,source_2f2fe3607eec6dd9211d3dcb,421b3de78165f14e0688ef4ccf9d6dcad87a0923d5fc0181d44456373bebd26a,immutable source artifact,1,source,2026-10-03T19:01:58.485548+00:00
raw/ntpc/documents/29800_NIT_Download.pdf,source_2f2fe3607eec6dd9211d3dcb,60cda687cc09a5c16e0d649b63aab05edeaf6aa79e530065164842ba9d33b31a,immutable source artifact,1,source,2026-10-03T19:01:58.485548+00:00
raw/ntpc/documents/29801_NIT_Download.pdf,source_2f2fe3607eec6dd9211d3dcb,66a3db462edd0c968014331f26896df3c7254d079a63d3f03aeaf3628fc8147d,immutable source artifact,1,source,2026-10-03T19:01:58.485548+00:00
raw/ntpc/documents/29802_NIT_Download.pdf,source_2f2fe3607eec6dd9211d3dcb,7bd42ef3e088028fb238873c8ffd028cbc4eead5156ef913c231934ba1d0f1f3,immutable source artifact,1,source,2026-10-03T19:01:58.485548+00:00
raw/ntpc/documents/29844_cor_29844_1_1.pdf,source_2f2fe3607eec6dd9211d3dcb,a4a23c74d2f4c7bee884366f690aec8426df5bc95c3321fc9dc401d6b15aab8a,immutable source artifact,1,source,2026-10-03T19:01:58.485548+00:00
raw/ntpc/documents/29845_cor_29845_1_1.pdf,source_2f2fe3607eec6dd9211d3dcb,320127e56982c7852e1cf3a7eabb738830a493176099fa3fda6c69294c19edf1,immutable source artifact,1,source,2026-10-03T19:01:58.485548+00:00
raw/ntpc/documents/29861_cor_29861_1_1.pdf,source_2f2fe3607eec6dd9211d3dcb,798f32b2e7787cc760454143c6dae92cde23e8c9a0e6cbab8a73a98bce73c74f,immutable source artifact,1,source,2026-10-03T19:01:58.485548+00:00
raw/ntpc/documents/29868_cor_29868_2_1.pdf,source_2f2fe3607eec6dd9211d3dcb,0e3c8ca8276e02f0c951fd3eb8452057588c85f24f0d4a657124bbe53e028377,immutable source artifact,1,source,2026-10-03T19:01:58.485548+00:00
raw/ntpc/documents/29870_cor_29870_1_1.pdf,source_2f2fe3607eec6dd9211d3dcb,73dc4e7b29205fb0836d050a5b204bc7e63adc1d09e81c5723e1937710cffc7d,immutable source artifact,1,source,2026-10-03T19:01:58.485548+00:00
raw/ntpc/documents/29876_cor_29876_1_1.pdf,source_2f2fe3607eec6dd9211d3dcb,c6878f7f3a684da58f25da02cd22036ce1884f91d4f06d14a034a3e56ff02362,immutable source artifact,1,source,2026-10-03T19:01:58.485548+00:00
raw/ntpc/documents/29881_cor_29881_1_1.pdf,source_2f2fe3607eec6dd9211d3dcb,006fcc6275466e8b7f3de6196feafcb4a853616cb107bd87a7fb2215ed90d4a8,immutable source artifact,1,source,2026-10-03T19:01:58.485548+00:00
raw/ntpc/documents/29891_cor_29891_1_1.pdf,source_2f2fe3607eec6dd9211d3dcb,f755d47867eb9bc11ef3675567d0dfaa025d977601b65aa60ef23e42a37b0285,immutable source artifact,1,source,2026-10-03T19:01:58.485548+00:00
raw/ntpc/documents/29913_NIT_Download.pdf,source_2f2fe3607eec6dd9211d3dcb,8a2cc4cbbf5bd26abf9d94d157d62167420491140841ada64592d87dd759f715,immutable source artifact,1,source,2026-10-03T19:01:58.485548+00:00
raw/ntpc/documents/29970_cor_29970_1_1.pdf,source_2f2fe3607eec6dd9211d3dcb,415f53b39953205eec3e415ac6ee18db88d658fe64e9009cd1cbce5fd42a1d2d,immutable source artifact,1,source,2026-10-03T19:01:58.485548+00:00
raw/ntpc/documents/29973_cor_29973_1_1.pdf,source_2f2fe3607eec6dd9211d3dcb,ca86e4348c6647982c811fbd5e65cc59079f7d052b7b2d8c2d6d0b2682c650ad,immutable source artifact,1,source,2026-10-03T19:01:58.485548+00:00
raw/ntpc/documents/29974_cor_29974_1_1.pdf,source_2f2fe3607eec6dd9211d3dcb,b4e2aa843eab5edc38db9cb23d6ce820ddb084eca951cd4d3d889bee66a4ae39,immutable source artifact,1,source,2026-10-03T19:01:58.485548+00:00
raw/ntpc/documents/29977_cor_29977_1_1.pdf,source_2f2fe3607eec6dd9211d3dcb,59194cd2e8b978aa565cd200a796c8fee1297ae57f10d852ceba1e105c00a3f4,immutable source artifact,1,source,2026-10-03T19:01:58.485548+00:00
raw/ntpc/documents/29979_Click_here_to_view_Salient_Technical_Features.pdf,source_2f2fe3607eec6dd9211d3dcb,e6873c55aaa8da1454b957e9d74a61bd46be5faad214caf140c0aae60b407dbc,immutable source artifact,1,source,2026-10-03T19:01:58.485548+00:00
raw/ntpc/documents/30002_Click_here_to_view_Salient_Technical_Features.pdf,source_2f2fe3607eec6dd9211d3dcb,e6b8870c7af7140e84833e8974191cad38705c14efcc360b1f08bdc15792b24b,immutable source artifact,1,source,2026-10-03T19:01:58.485548+00:00
raw/ntpc/documents/30030_NIT_Download.pdf,source_2f2fe3607eec6dd9211d3dcb,09c0ebf5450d837ace155f096f34b6317ad56c617bb98801473ccc1e96615183,immutable source artifact,1,source,2026-10-03T19:01:58.485548+00:00
raw/ntpc/documents/30033_NIT_Download.pdf,source_2f2fe3607eec6dd9211d3dcb,de314b27072a93fa8ca2fcd4a3ffe65070ced06128d40c34075f7fec969f939a,immutable source artifact,1,source,2026-10-03T19:01:58.485548+00:00
raw/ntpc/documents/30037_cor_30037_1_1.pdf,source_2f2fe3607eec6dd9211d3dcb,baa513810af369f5fcc1acfff3439799e4f043fab91467fc5575fa9fcf8cdbd1,immutable source artifact,1,source,2026-10-03T19:01:58.485548+00:00
raw/ntpc/documents/30038_cor_30038_2_1.pdf,source_2f2fe3607eec6dd9211d3dcb,da8379dbd9a12f9e64cfa611644a70d0c99b9c7a3e2a56a72931eb427c2ae6c8,immutable source artifact,1,source,2026-10-03T19:01:58.485548+00:00
raw/ntpc/documents/30038_NIT_Download.pdf,source_2f2fe3607eec6dd9211d3dcb,17d3fbd700c4aa9ae4c6890a6ad6fda2813d784b01aaac60cd1e03afe3e035a3,immutable source artifact,1,source,2026-10-03T19:01:58.485548+00:00
raw/ntpc/documents/30044_cor_30044_1_1.pdf,source_2f2fe3607eec6dd9211d3dcb,eb376e8b30534c6946e938f37bdc7c2ed03ba94df78cf4c643e6749078086b00,immutable source artifact,1,source,2026-10-03T19:01:58.485548+00:00
raw/ntpc/documents/30054_NIT_Download.pdf,source_2f2fe3607eec6dd9211d3dcb,656030c9b1db8932d3239cf1c394a8f9c2d3d35b76287a5bc835fcd0edcfdfff,immutable source artifact,1,source,2026-10-03T19:01:58.485548+00:00
raw/ntpc/documents/30081_cor_30081_1_1.pdf,source_2f2fe3607eec6dd9211d3dcb,8db34e47efabc4e3f996af26c55a25fc403ab40307e983aba81bc7ec0c02be16,immutable source artifact,1,source,2026-10-03T19:01:58.485548+00:00
raw/ntpc/documents/30081_NIT_Download.pdf,source_2f2fe3607eec6dd9211d3dcb,a45892508a4cb4ef59b3a64aa1c7b32f4d1b8a782db9137d91c00b6a66ba4daf,immutable source artifact,1,source,2026-10-03T19:01:58.485548+00:00
raw/ntpc/documents/30082_cor_30082_5_1.pdf,source_2f2fe3607eec6dd9211d3dcb,0444089bcae50f02f76dc9c3756a4d35149169daebba2380fdc6bdb03b0977cd,immutable source artifact,1,source,2026-10-03T19:01:58.485548+00:00
raw/ntpc/documents/30082_NIT_Download.pdf,source_2f2fe3607eec6dd9211d3dcb,f2bd58b3d7b399cac33a7384eb5b601f4f0e7ff63863f14ca0640a00b19b9805,immutable source artifact,1,source,2026-10-03T19:01:58.485548+00:00
raw/ntpc/documents/30098_cor_30098_1_1.pdf,source_2f2fe3607eec6dd9211d3dcb,b86357ae46f273825321e39e5e3df1987a322b9c81f93f294ea6380a3209bee8,immutable source artifact,1,source,2026-10-03T19:01:58.485548+00:00
raw/ntpc/documents/30115_NIT_Download.pdf,source_2f2fe3607eec6dd9211d3dcb,c979fcc7e51605aace91dfa456246c91efe0ebb68c730d2fcae6471d6d3fff63,immutable source artifact,1,source,2026-10-03T19:01:58.485548+00:00
raw/ntpc/documents/30117_NIT_Download.pdf,source_2f2fe3607eec6dd9211d3dcb,d072c773d7ab95d6a68cf6a17d6929ba3bd76919e41d5f4a5b3ae4d456577a5c,immutable source artifact,1,source,2026-10-03T19:01:58.485548+00:00
raw/ntpc/documents/30122_cor_30122_2_1.pdf,source_2f2fe3607eec6dd9211d3dcb,6795ab251695379036a76c79e2aa11b13ffa7ef436f501f6e816706791e1fa74,immutable source artifact,1,source,2026-10-03T19:01:58.485548+00:00
raw/ntpc/documents/30122_NIT_Download.pdf,source_2f2fe3607eec6dd9211d3dcb,a4a9f7b4c7c8a08c18f369558c9ba090895a823223f80daf0bed42d36033bee2,immutable source artifact,1,source,2026-10-03T19:01:58.485548+00:00
raw/ntpc/documents/30131_Click_here_to_view_Salient_Technical_Features.pdf,source_2f2fe3607eec6dd9211d3dcb,f7f34ff54739de4a40e1223a4af8a6797e72c1e5d590d89226ffba4d484f2c53,immutable source artifact,1,source,2026-10-03T19:01:58.485548+00:00
raw/ntpc/documents/30131_NIT_Download.pdf,source_2f2fe3607eec6dd9211d3dcb,3b77ec4be255b6350141c7b309aed0448e5b5bc56b4b2791881149a7dfebe1a8,immutable source artifact,1,source,2026-10-03T19:01:58.485548+00:00
raw/ntpc/documents/30152_NIT_Download.pdf,source_2f2fe3607eec6dd9211d3dcb,12972d49b18195eb85039d23320fa88667f8d21649801c8c2481e25104150b3b,immutable source artifact,1,source,2026-10-03T19:01:58.485548+00:00
raw/ntpc/documents/30161_NIT_Download.pdf,source_2f2fe3607eec6dd9211d3dcb,e02d261761bdfaee82bd8d015a46ebe1631618bea6539b958f83a79ce15b9db0,immutable source artifact,1,source,2026-10-03T19:01:58.485548+00:00
raw/ntpc/documents/30162_NIT_Download.pdf,source_2f2fe3607eec6dd9211d3dcb,e08baa0fcf7aedc2c8c44801398fcb919abe4f848d307e2a330f01f059d2870e,immutable source artifact,1,source,2026-10-03T19:01:58.485548+00:00
raw/ntpc/documents/30164_NIT_Download.pdf,source_2f2fe3607eec6dd9211d3dcb,8b5b7c44a557aa1dd91b53a1512ae1c5e1dbb96bc842076be1809fed0be6e9db,immutable source artifact,1,source,2026-10-03T19:01:58.485548+00:00
raw/ntpc/documents/30165_NIT_Download.pdf,source_2f2fe3607eec6dd9211d3dcb,f3235152fe5c9c7efcc416ed06cfa0ac02a1efc56fb834261e3577d05efbdcce,immutable source artifact,1,source,2026-10-03T19:01:58.485548+00:00
raw/ntpc/documents/30166_Click_here_to_view_Salient_Technical_Features.pdf,source_2f2fe3607eec6dd9211d3dcb,0ebdd6ff717a1a136f0b1abe2df7fd76799556d90d3edaf5ab2006b315d5c7a8,immutable source artifact,1,source,2026-10-03T19:01:58.485548+00:00
raw/ntpc/documents/30166_cor_30166_1_1.pdf,source_2f2fe3607eec6dd9211d3dcb,11c43abe5cd76623e96c7c4093d12297d0c64945677290f125174c2193f53010,immutable source artifact,1,source,2026-10-03T19:01:58.485548+00:00
raw/ntpc/documents/30166_NIT_Download.pdf,source_2f2fe3607eec6dd9211d3dcb,15aa4ba1eb01ca1db07a29aa84863059930fbd9930622eb7568465ad87345a87,immutable source artifact,1,source,2026-10-03T19:01:58.485548+00:00
raw/ntpc/documents/30167_NIT_Download.pdf,source_2f2fe3607eec6dd9211d3dcb,9fa9c1789bf1842eba1e7cae769e9adcb90a4cb1ebe78a2989e6ea2e72068b27,immutable source artifact,1,source,2026-10-03T19:01:58.485548+00:00
raw/ntpc/documents/30168_cor_30168_2_1.pdf,source_2f2fe3607eec6dd9211d3dcb,4074641371146fde38d3f1d93b9aadf8ab50ae7ae6f80dd116ab50d3d4025f52,immutable source artifact,1,source,2026-10-03T19:01:58.485548+00:00
raw/ntpc/documents/30168_NIT_Download.pdf,source_2f2fe3607eec6dd9211d3dcb,b9a13f0e66a606027108e7148aa4156b6fc8d6fb1798ed24fa5eb6f5e0644af1,immutable source artifact,1,source,2026-10-03T19:01:58.485548+00:00
raw/ntpc/documents/30169_NIT_Download.pdf,source_2f2fe3607eec6dd9211d3dcb,830a7769fa430d9719e17b4c959c7e90028f7999f66ab1e161324bb74e7ecedb,immutable source artifact,1,source,2026-10-03T19:01:58.485548+00:00
raw/ntpc/documents/30171_NIT_Download.pdf,source_2f2fe3607eec6dd9211d3dcb,cc64e6e0456296d9d191474d2df011523260afa7c21bee78941c1131da3f1dd9,immutable source artifact,1,source,2026-10-03T19:01:58.485548+00:00
raw/ntpc/documents/30172_NIT_Download.pdf,source_2f2fe3607eec6dd9211d3dcb,5ee425db44bcf9fee4a63629a60f17ff16fed8b2e4192e0e4f31d7af8773bdd2,immutable source artifact,1,source,2026-10-03T19:01:58.485548+00:00
raw/ntpc/documents/30177_NIT_Download.pdf,source_2f2fe3607eec6dd9211d3dcb,77bc2679f5f251ac8727db4aa4acda220f8f21d1794b6f38820d4e6b09e8d80f,immutable source artifact,1,source,2026-10-03T19:01:58.485548+00:00
raw/ntpc/documents/30182_cor_30182_1_1.pdf,source_2f2fe3607eec6dd9211d3dcb,ec5200a4bd271c7224628079c1304bd11c9e334a3d6fd59b02109183b82fffa2,immutable source artifact,1,source,2026-10-03T19:01:58.485548+00:00
raw/ntpc/documents/30205_NIT_Download.pdf,source_2f2fe3607eec6dd9211d3dcb,8a042cc3acea11e1e5bcbf4411d178b5b0fffe4580ae1191076b3b5304f38079,immutable source artifact,1,source,2026-10-03T19:01:58.485548+00:00
raw/ntpc/tenders/documents_index.csv,source_2f2fe3607eec6dd9211d3dcb,80bb2bea09de5f01721daebcc307941fce5089609136afb30a8d5ce7a41d0def,immutable source artifact,1,source,2026-10-03T19:01:58.485548+00:00
raw/ntpc/tenders/listing_rows.csv,source_2f2fe3607eec6dd9211d3dcb,1294d4396c94d171c3a24e83d4a1461d51bc88f4b64ca6d25d209e5c02d4509e,immutable source artifact,1,source,2026-10-03T19:01:58.485548+00:00
raw/ntpc/tenders/nit_details.csv,source_2f2fe3607eec6dd9211d3dcb,d39af11b00b7bba43145183d07d4219d4b8b28810a626c3607f63044d4ad0207,immutable source artifact,1,source,2026-10-03T19:01:58.485548+00:00
raw/ntpc/tenders/raw_html_sample/nit_28808.html,source_2f2fe3607eec6dd9211d3dcb,07b9b6905a9c55755e38d636d7a4ee44b53f550a4c65f3454b592f22b16d98dd,immutable source artifact,1,source,2026-10-03T19:01:58.485548+00:00
raw/ntpc/tenders/raw_html_sample/nit_28809.html,source_2f2fe3607eec6dd9211d3dcb,cd4847059e597d619cb9a182766f74b2a9fa0ba3558dd269d3270ef45e526471,immutable source artifact,1,source,2026-10-03T19:01:58.485548+00:00
raw/ntpc/tenders/raw_html_sample/nit_28810.html,source_2f2fe3607eec6dd9211d3dcb,e2cc831c7969a099ffa60f4c1bd07ce50161b79323d9876177bc81ae0628bfde,immutable source artifact,1,source,2026-10-03T19:01:58.485548+00:00
raw/ntpc/tenders/raw_html_sample/nit_28811.html,source_2f2fe3607eec6dd9211d3dcb,29c370e61b8ad3b000f36b2848bdf87310f8f2d6760f46aa498600fd5df30873,immutable source artifact,1,source,2026-10-03T19:01:58.485548+00:00
raw/ntpc/tenders/raw_html_sample/nit_28812.html,source_2f2fe3607eec6dd9211d3dcb,053f084db8fba5d93c61dbdb46d5c4c1538adb32cc7b57b46e7876bb1a043f72,immutable source artifact,1,source,2026-10-03T19:01:58.485548+00:00
raw/ntpc/tenders/raw_html_sample/nit_28813.html,source_2f2fe3607eec6dd9211d3dcb,09f5b6f90b17772212de666c7c0ecfe40c21940c06015c82c9c739c434365fb6,immutable source artifact,1,source,2026-10-03T19:01:58.485548+00:00
raw/ntpc/tenders/raw_html_sample/nit_28814.html,source_2f2fe3607eec6dd9211d3dcb,12c452a88f40949d12142078a445fbb8a85dd2f38b52525c92c967647fc7e16d,immutable source artifact,1,source,2026-10-03T19:01:58.485548+00:00
raw/ntpc/tenders/raw_html_sample/nit_28815.html,source_2f2fe3607eec6dd9211d3dcb,d56d0e807f7d048d5927f83f99c00f2434ce5004a5974fce2852d04417468faf,immutable source artifact,1,source,2026-10-03T19:01:58.485548+00:00
raw/ntpc/tenders/raw_html_sample/nit_28816.html,source_2f2fe3607eec6dd9211d3dcb,684daa4519af339fd7d36ce9fb1343344959f7c992c5cf2fe16b54b84aa5dafc,immutable source artifact,1,source,2026-10-03T19:01:58.485548+00:00
raw/ntpc/tenders/raw_html_sample/nit_28817.html,source_2f2fe3607eec6dd9211d3dcb,9e748e1a8ad13af9288b461c39a00404f2b9e31fe3821699e972178bb9d63b70,immutable source artifact,1,source,2026-10-03T19:01:58.485548+00:00
raw/ntpc/tenders/raw_html_sample/nit_28818.html,source_2f2fe3607eec6dd9211d3dcb,00349526f523158fef69a15f491ea7f28fbd1771e4b969596673dba25a3db266,immutable source artifact,1,source,2026-10-03T19:01:58.485548+00:00
raw/ntpc/tenders/raw_html_sample/nit_28819.html,source_2f2fe3607eec6dd9211d3dcb,03cc7cc1c46b98cb667aae9264ba80a9590a543801d3f234000d9ec8c23a9feb,immutable source artifact,1,source,2026-10-03T19:01:58.485548+00:00
raw/ntpc/tenders/raw_html_sample/nit_28820.html,source_2f2fe3607eec6dd9211d3dcb,9852e2bb6b59be0b0377e2ad2d26e2ffe2d47f6c56b4dfcb46aa24b16d29154a,immutable source artifact,1,source,2026-10-03T19:01:58.485548+00:00
raw/ntpc/tenders/raw_html_sample/nit_28821.html,source_2f2fe3607eec6dd9211d3dcb,bf9f230e9df97717c0a2b4006b0757adc17a0b8b0667915cffb4b11742934aa9,immutable source artifact,1,source,2026-10-03T19:01:58.485548+00:00
raw/ntpc/tenders/raw_html_sample/nit_28822.html,source_2f2fe3607eec6dd9211d3dcb,aaa0a7be9df8dc6a20420873e9358283c575e91641c08ef50165bdc39fcdee7f,immutable source artifact,1,source,2026-10-03T19:01:58.485548+00:00
raw/ntpc/tenders/raw_html_sample/nit_28823.html,source_2f2fe3607eec6dd9211d3dcb,679dbb1699c1e4eaf2f6a7a3a7b29a88c53ec61ac1d7f7116a1a5441c9d2f976,immutable source artifact,1,source,2026-10-03T19:01:58.485548+00:00
raw/ntpc/tenders/raw_html_sample/nit_28824.html,source_2f2fe3607eec6dd9211d3dcb,8ff86c846c90633536aa664b7c652a9672a24ec2834f2553486abdda1d60db35,immutable source artifact,1,source,2026-10-03T19:01:58.485548+00:00
raw/ntpc/tenders/raw_html_sample/nit_28825.html,source_2f2fe3607eec6dd9211d3dcb,e05961381e38ecd3a038eba3d5708c1c459909dbd6571d96d720f8726a9c6432,immutable source artifact,1,source,2026-10-03T19:01:58.485548+00:00
raw/ntpc/tenders/raw_html_sample/nit_28826.html,source_2f2fe3607eec6dd9211d3dcb,bd9b5d50a05fbc24d56d485499465eb591d74408d759b1cb4e388930832ca6db,immutable source artifact,1,source,2026-10-03T19:01:58.485548+00:00
raw/ntpc/tenders/raw_html_sample/nit_28827.html,source_2f2fe3607eec6dd9211d3dcb,408700014b9550865f8145bd9d300f54a52e31332f7e150a59472d154e859e62,immutable source artifact,1,source,2026-10-03T19:01:58.485548+00:00
raw/ntpc/tenders/raw_html_sample/nit_28828.html,source_2f2fe3607eec6dd9211d3dcb,7dd9e846d33d586a25aa155c00b6863e61e8abccfd486060bceb495e1df4873e,immutable source artifact,1,source,2026-10-03T19:01:58.485548+00:00
raw/ntpc/tenders/raw_html_sample/nit_28829.html,source_2f2fe3607eec6dd9211d3dcb,21f612e1aefec320d991fd941d11c5b6e213e8d69bb992e1b2b58dac55988b7f,immutable source artifact,1,source,2026-10-03T19:01:58.485548+00:00
raw/ntpc/tenders/raw_html_sample/nit_28830.html,source_2f2fe3607eec6dd9211d3dcb,510e713a810dee6ec06427ff9deddc01dd81ae5684e6814b8db558f8aef36b89,immutable source artifact,1,source,2026-10-03T19:01:58.485548+00:00
raw/ntpc/tenders/raw_html_sample/nit_28831.html,source_2f2fe3607eec6dd9211d3dcb,519b4ad618432f10017536a8c438967c2c4159b791c2cecc80f97f3273143c8c,immutable source artifact,1,source,2026-10-03T19:01:58.485548+00:00
raw/ntpc/tenders/raw_html_sample/nit_28832.html,source_2f2fe3607eec6dd9211d3dcb,f5b0a9ced89ddd0ff265363f5b617591cd7c4948fee9b0ba9b0dfdd6e6f056cc,immutable source artifact,1,source,2026-10-03T19:01:58.485548+00:00
raw/ntpc/tenders/raw_html_sample/nit_28833.html,source_2f2fe3607eec6dd9211d3dcb,a607e665b3cad99881c2b86e68a9119864c70a0a01a4fc7c906394cd0776e022,immutable source artifact,1,source,2026-10-03T19:01:58.485548+00:00
raw/ntpc/tenders/raw_html_sample/nit_28834.html,source_2f2fe3607eec6dd9211d3dcb,b0b925cc9291ebb765d378ef81679f0218c5420df73bb4cb8f1e56e70f599949,immutable source artifact,1,source,2026-10-03T19:01:58.485548+00:00
raw/ntpc/tenders/raw_html_sample/nit_28835.html,source_2f2fe3607eec6dd9211d3dcb,de4507423dbac28f0e56552d6aa8f71f9c6e3c5604a10c92d9fbf9157659583d,immutable source artifact,1,source,2026-10-03T19:01:58.485548+00:00
raw/ntpc/tenders/raw_html_sample/nit_28836.html,source_2f2fe3607eec6dd9211d3dcb,e2a4376cccaabb557cfe1e3968ad35e5192a26432a24ba3b73303e82bc493325,immutable source artifact,1,source,2026-10-03T19:01:58.485548+00:00
raw/ntpc/tenders/raw_html_sample/nit_28837.html,source_2f2fe3607eec6dd9211d3dcb,1660cc892d2e1f22f74291cdf815431964487a5ef73caa1a00cf5f6c221d71f1,immutable source artifact,1,source,2026-10-03T19:01:58.485548+00:00
raw/ntpc/tenders/raw_html_sample/nit_28838.html,source_2f2fe3607eec6dd9211d3dcb,5b16785ac59a49a7749420c1896e6d43a05d4d304c0e46d937c18eca3cfb6837,immutable source artifact,1,source,2026-10-03T19:01:58.485548+00:00
raw/ntpc/tenders/raw_html_sample/nit_28839.html,source_2f2fe3607eec6dd9211d3dcb,7c2c9d01b062b4f4dba93108a319d1f9a445fa12f0597b6e5af119b6a0955440,immutable source artifact,1,source,2026-10-03T19:01:58.485548+00:00
raw/ntpc/tenders/raw_html_sample/nit_28840.html,source_2f2fe3607eec6dd9211d3dcb,686795fdbe1491fd2640b83848098f38d3899ce2b2d9d46de40cfab8c5a4f321,immutable source artifact,1,source,2026-10-03T19:01:58.485548+00:00
raw/ntpc/tenders/raw_html_sample/nit_28841.html,source_2f2fe3607eec6dd9211d3dcb,3840a9830ada8f7924cf1a04e5867e1d351eb1e42f990c2f65a40729be6d369c,immutable source artifact,1,source,2026-10-03T19:01:58.485548+00:00
raw/ntpc/tenders/raw_html_sample/nit_28842.html,source_2f2fe3607eec6dd9211d3dcb,5741d759f1d804beee787566c1067e62e1f6c9c7b1132f980f87ee9a12d00ee5,immutable source artifact,1,source,2026-10-03T19:01:58.485548+00:00
raw/ntpc/tenders/raw_html_sample/nit_28843.html,source_2f2fe3607eec6dd9211d3dcb,ad64d7070bfd50d1efcfd877163a19050169229869286c1e6c271ffb0c8a945c,immutable source artifact,1,source,2026-10-03T19:01:58.485548+00:00
raw/ntpc/tenders/raw_html_sample/nit_28844.html,source_2f2fe3607eec6dd9211d3dcb,07058818c457c35ce8224e56bb5491d4edac4ba36ba81f004e8c777396915b17,immutable source artifact,1,source,2026-10-03T19:01:58.485548+00:00
raw/ntpc/tenders/raw_html_sample/nit_28845.html,source_2f2fe3607eec6dd9211d3dcb,4a8cf71ea32f2a1aee09f95cc763d709718ef1aec99475329af1dbd0bb303f5a,immutable source artifact,1,source,2026-10-03T19:01:58.485548+00:00
raw/ntpc/tenders/raw_html_sample/nit_28846.html,source_2f2fe3607eec6dd9211d3dcb,47e9b633a2aa3e1363f02603f437606859b6d3118b1c5016d0aadf94ec81f3d8,immutable source artifact,1,source,2026-10-03T19:01:58.485548+00:00
raw/ntpc/tenders/raw_html_sample/nit_28847.html,source_2f2fe3607eec6dd9211d3dcb,e51ef6189f5f49a072e6596e45e5fc6581556b1ed627949b8d9f9318b4be578b,immutable source artifact,1,source,2026-10-03T19:01:58.485548+00:00
raw/ntpc/tenders/raw_html_sample/nit_28848.html,source_2f2fe3607eec6dd9211d3dcb,93152fd12c2861ec83cc5b3d4227a26b907f66cb36a26030905c3464ec9facb6,immutable source artifact,1,source,2026-10-03T19:01:58.485548+00:00
raw/ntpc/tenders/raw_html_sample/nit_28849.html,source_2f2fe3607eec6dd9211d3dcb,8c29c138ce7b3c838f3391ddd64a5a3d19be6752bcc08af2ee4e3fa992ecae9a,immutable source artifact,1,source,2026-10-03T19:01:58.485548+00:00
raw/ntpc/tenders/raw_html_sample/nit_28850.html,source_2f2fe3607eec6dd9211d3dcb,4aed54303be327c683942673c093a8e5120c3d4f79439ef29ee6e3413084c4fd,immutable source artifact,1,source,2026-10-03T19:01:58.485548+00:00
raw/ntpc/tenders/raw_html_sample/nit_28851.html,source_2f2fe3607eec6dd9211d3dcb,a142ca7bd05a95217467f9362a5ac88c0dc4444ee66d18a9d431b91222e83a59,immutable source artifact,1,source,2026-10-03T19:01:58.485548+00:00
raw/ntpc/tenders/raw_html_sample/nit_28852.html,source_2f2fe3607eec6dd9211d3dcb,bba5519d0ba61a5ccf4d2f3ce8a2416bffb72010ecd3ef17df950201d3e6dc07,immutable source artifact,1,source,2026-10-03T19:01:58.485548+00:00
raw/ntpc/tenders/raw_html_sample/nit_28853.html,source_2f2fe3607eec6dd9211d3dcb,436210b9d916be582a31ece87b16e48f8b4671732ade6b75c4c9938ccdaee1bd,immutable source artifact,1,source,2026-10-03T19:01:58.485548+00:00
raw/ntpc/tenders/raw_html_sample/nit_28854.html,source_2f2fe3607eec6dd9211d3dcb,94e51e8c3b508977dcad1ee679c5c2d4cab4263898927e73d8633cbe5b177f23,immutable source artifact,1,source,2026-10-03T19:01:58.485548+00:00
raw/ntpc/tenders/raw_html_sample/nit_28855.html,source_2f2fe3607eec6dd9211d3dcb,4bfd447d9ce31f247abb40a877821de68d0258db469bfd9fee92ebbf766418ac,immutable source artifact,1,source,2026-10-03T19:01:58.485548+00:00
raw/ntpc/tenders/raw_html_sample/nit_28856.html,source_2f2fe3607eec6dd9211d3dcb,04647c51c004f7a765518805fdc4ad2a57a4352102d3e398614867ba449b6b33,immutable source artifact,1,source,2026-10-03T19:01:58.485548+00:00
raw/ntpc/tenders/raw_html_sample/nit_28857.html,source_2f2fe3607eec6dd9211d3dcb,6bba0e7769fbde700e0edb86c3db72aaf058f7c000df8de21385adec2e4a65a3,immutable source artifact,1,source,2026-10-03T19:01:58.485548+00:00
raw/ntpc/tenders/raw_html_sample/nit_28858.html,source_2f2fe3607eec6dd9211d3dcb,8e2893aa150ac6d6d8f8494e5678c61b5e8e9f4306c5c0913726c78dd31c3836,immutable source artifact,1,source,2026-10-03T19:01:58.485548+00:00
raw/ntpc/tenders/raw_html_sample/nit_28859.html,source_2f2fe3607eec6dd9211d3dcb,18213c14b8fee5f36e6ec91b3fcf4f8476f30aa7b503297328de89d4066a99d7,immutable source artifact,1,source,2026-10-03T19:01:58.485548+00:00
raw/ntpc/tenders/raw_html_sample/nit_28860.html,source_2f2fe3607eec6dd9211d3dcb,03eb59bdcb7e944c66c8b7495e7783c2cc730427587ae980e0bb5e0164da8c1b,immutable source artifact,1,source,2026-10-03T19:01:58.485548+00:00
raw/ntpc/tenders/raw_html_sample/nit_28861.html,source_2f2fe3607eec6dd9211d3dcb,1f1dd4047e1a0dae20c17d5f2841bbd2e5371a6d81715803b90c010f9b54a496,immutable source artifact,1,source,2026-10-03T19:01:58.485548+00:00
raw/ntpc/tenders/raw_html_sample/nit_28862.html,source_2f2fe3607eec6dd9211d3dcb,34f5cc3cf58b03741d565695d2c2628f2f6e099b32f50993488c560c546939e3,immutable source artifact,1,source,2026-10-03T19:01:58.485548+00:00
raw/ntpc/tenders/raw_html_sample/nit_28863.html,source_2f2fe3607eec6dd9211d3dcb,542e9adb90a7e3b3b12ae4e8410955f4e6c022ff76716825d2796945ae48c9e5,immutable source artifact,1,source,2026-10-03T19:01:58.485548+00:00
raw/ntpc/tenders/raw_html_sample/nit_28864.html,source_2f2fe3607eec6dd9211d3dcb,2d2ec7aa2a4243ecf73221b10da344bcf4011da7ae5c28bdf81fa121f68e169a,immutable source artifact,1,source,2026-10-03T19:01:58.485548+00:00
raw/ntpc/tenders/raw_html_sample/nit_28865.html,source_2f2fe3607eec6dd9211d3dcb,fa02fc18ad320a035a03e6afbd3e3c4f81d1850edb24f6e3c03dba57cad9fac2,immutable source artifact,1,source,2026-10-03T19:01:58.485548+00:00
raw/ntpc/tenders/raw_html_sample/nit_28866.html,source_2f2fe3607eec6dd9211d3dcb,702d1f4b0479174c17431eaa9d6e38a2336a44d2114292e7b49aeb63fdb6f8f9,immutable source artifact,1,source,2026-10-03T19:01:58.485548+00:00
raw/ntpc/tenders/raw_html_sample/nit_28867.html,source_2f2fe3607eec6dd9211d3dcb,f523e01f9e7cbcd76fd0291575ee2367c5285c319d205794f38bcf07f10fee95,immutable source artifact,1,source,2026-10-03T19:01:58.485548+00:00
raw/oil_india/checkpoint.json,source_1a10c81e21d92f0548f4c260,a0f0a0dac8bea3e30acfcddf836e1420630199d5b2d2066600de73b54548579d,immutable source artifact,1,source,2026-10-03T19:01:58.485548+00:00
raw/oil_india/documents/CDI2730P27.pdf,source_1a10c81e21d92f0548f4c260,c7e09fdb975632d40cfb5becbbe9c870b5cfe2d2afde4502b465ce265506701b,immutable source artifact,1,source,2026-10-03T19:01:58.485548+00:00
raw/oil_india/tenders/archive_tenders.csv,source_1a10c81e21d92f0548f4c260,321663ce25eaa3dcb05ee24fe8dea168a5a822c704329ce168e9abc2124549e4,immutable source artifact,1,source,2026-10-03T19:01:58.485548+00:00
raw/oil_india/tenders/corrigenda.csv,source_1a10c81e21d92f0548f4c260,141d5d8dc41500316f807bb97e91ddd6c99ccbc90ea2908132971da2d66786d9,immutable source artifact,1,source,2026-10-03T19:01:58.485548+00:00
raw/oil_india/tenders/eoi_and_meetings.csv,source_1a10c81e21d92f0548f4c260,056b114ae12b8ef91204e169b0bb72258f2a7f9e82de48b40d60ab9da317de69,immutable source artifact,1,source,2026-10-03T19:01:58.485548+00:00
raw/oil_india/tenders/live_tenders.csv,source_1a10c81e21d92f0548f4c260,39b9fbd94d51f5bd675c50ce325932efd5e938f3e9f0f980207c90487649ff93,immutable source artifact,1,source,2026-10-03T19:01:58.485548+00:00
raw/oil_india/tenders/nit_documents_index.csv,source_1a10c81e21d92f0548f4c260,d93aaaaa7ac27eea40fb488981c41412d321fa741d1fd94270b216ac338a1174,immutable source artifact,1,source,2026-10-03T19:01:58.485548+00:00
raw/oil_india/tenders/old_tenders.csv,source_1a10c81e21d92f0548f4c260,00129de72f3a57a7ae278aaf8bd2700af1553aa73f6ba96ab8af139700648608,immutable source artifact,1,source,2026-10-03T19:01:58.485548+00:00
raw/oil_india/tenders/raw_html_sample/968510.html,source_1a10c81e21d92f0548f4c260,aea56eba27221297a0094686a8ea70773f38afedc546e2ad1fba6943b2fcf01c,immutable source artifact,1,source,2026-10-03T19:01:58.485548+00:00
raw/oil_india/tenders/raw_html_sample/9874563.html,source_1a10c81e21d92f0548f4c260,a86570ad84292840c49ab72e85a0d6a29a31952ff89de72253139bee3b862b6b,immutable source artifact,1,source,2026-10-03T19:01:58.485548+00:00
raw/oil_india/tenders/raw_html_sample/CBI0817P26.html,source_1a10c81e21d92f0548f4c260,4e371f60f918112484c82b1caa4106d699c2e4f3f61ff397506cee3237ce9b95,immutable source artifact,1,source,2026-10-03T19:01:58.485548+00:00
raw/oil_india/tenders/raw_html_sample/CBI1002P26.html,source_1a10c81e21d92f0548f4c260,75c791c718fdff697567b30767349f087604da25311869b30d0a58d31c1dcddf,immutable source artifact,1,source,2026-10-03T19:01:58.485548+00:00
raw/oil_india/tenders/raw_html_sample/CBI1752P27.html,source_1a10c81e21d92f0548f4c260,fb7ed91c9aa5d9cabbbf67da8a5eb91285beb5f827791e652b51b3563a6dc124,immutable source artifact,1,source,2026-10-03T19:01:58.485548+00:00
raw/oil_india/tenders/raw_html_sample/CBI2228P27.html,source_1a10c81e21d92f0548f4c260,36c5dd2d80f41cc01e69b318716f35534765a91e7f5dde2e4258bbf821fda11c,immutable source artifact,1,source,2026-10-03T19:01:58.485548+00:00
raw/oil_india/tenders/raw_html_sample/CBI5041P24.html,source_1a10c81e21d92f0548f4c260,3bb6f841074fae99bed4bb01dbb84b43ab5bd4cbe3e1f392fbd19b8a4602ffd1,immutable source artifact,1,source,2026-10-03T19:01:58.485548+00:00
raw/oil_india/tenders/raw_html_sample/CBI5836P24.html,source_1a10c81e21d92f0548f4c260,da53b360a68802487cbfc3a82d025955e1d88f59384d19c962ebf5be38b8107b,immutable source artifact,1,source,2026-10-03T19:01:58.485548+00:00
raw/oil_india/tenders/raw_html_sample/CBI6005P24.html,source_1a10c81e21d92f0548f4c260,7c99136ff8b64229f0bab5b031cbd480672e225eed9f27de2d654f30e140dade,immutable source artifact,1,source,2026-10-03T19:01:58.485548+00:00
raw/oil_india/tenders/raw_html_sample/CBI6392P25.html,source_1a10c81e21d92f0548f4c260,fa38f1168dc81b3a196b22ed4c3e9ef9174f674aa9ebfa054241d8c3a7aa6409,immutable source artifact,1,source,2026-10-03T19:01:58.485548+00:00
raw/oil_india/tenders/raw_html_sample/CBI6419P25.html,source_1a10c81e21d92f0548f4c260,9e8234ac36b6b6d3d669a431fa6d5b3ea6235786c82fd38b0da75776237f5dd6,immutable source artifact,1,source,2026-10-03T19:01:58.485548+00:00
raw/oil_india/tenders/raw_html_sample/CBI7368P25.html,source_1a10c81e21d92f0548f4c260,b2ed75cd1c67486547a1bc67495fc340d5f0990c060e99c9dfc1e11d157bcd50,immutable source artifact,1,source,2026-10-03T19:01:58.485548+00:00
raw/oil_india/tenders/raw_html_sample/CBI7417P25.html,source_1a10c81e21d92f0548f4c260,6759223ebb51c154bed556a2faf41d383b1c03e5386e94a99e2b466b6281e0eb,immutable source artifact,1,source,2026-10-03T19:01:58.485548+00:00
raw/oil_india/tenders/raw_html_sample/CBI7863P25.html,source_1a10c81e21d92f0548f4c260,385fe53bceb92710f9c66e1f2dd25cb951f4553874ecd900d024a783727e9959,immutable source artifact,1,source,2026-10-03T19:01:58.485548+00:00
raw/oil_india/tenders/raw_html_sample/CBI8199P25.html,source_1a10c81e21d92f0548f4c260,7bca5fda490d0550106db2be685cad43d3cebda41059ba24829b2fde6e054a13,immutable source artifact,1,source,2026-10-03T19:01:58.485548+00:00
raw/oil_india/tenders/raw_html_sample/CBI8391P25.html,source_1a10c81e21d92f0548f4c260,38a8a93138b44b08e01e99584541c869102e6789be819c1ea8d5913702647582,immutable source artifact,1,source,2026-10-03T19:01:58.485548+00:00
raw/oil_india/tenders/raw_html_sample/CBI9334P26.html,source_1a10c81e21d92f0548f4c260,7fa8a932db1757fd0f81124a72a69af08e33c937213c9b1d839e623be1a6f739,immutable source artifact,1,source,2026-10-03T19:01:58.485548+00:00
raw/oil_india/tenders/raw_html_sample/CBI9525P26.html,source_1a10c81e21d92f0548f4c260,30a1d3bb89389bf99186384addbc1514ad2b840c4733b358418efa5ae2dfc3c2,immutable source artifact,1,source,2026-10-03T19:01:58.485548+00:00
raw/oil_india/tenders/raw_html_sample/CBI9671P26.html,source_1a10c81e21d92f0548f4c260,b82c4d264b5befc0328f07c67dbf4343c14a4f1e0959442d5e2102e3f953cafe,immutable source artifact,1,source,2026-10-03T19:01:58.485548+00:00
raw/oil_india/tenders/raw_html_sample/CDC0019L26.html,source_1a10c81e21d92f0548f4c260,b4c9e038502d7e9531e1c0734526a4c95060c14ba5f084efc63d74c488159543,immutable source artifact,1,source,2026-10-03T19:01:58.485548+00:00
raw/oil_india/tenders/raw_html_sample/CDC0021L26.html,source_1a10c81e21d92f0548f4c260,8b844fd9cdc7e74d6677c011e5bbc5c5d7e52aaa0f8156521846024529094346,immutable source artifact,1,source,2026-10-03T19:01:58.485548+00:00
raw/oil_india/tenders/raw_html_sample/CDC0022L26.html,source_1a10c81e21d92f0548f4c260,d7a757662991e01aa70f9b02cae2d80aa5396a64142ea18a3e8d2e8223c02c44,immutable source artifact,1,source,2026-10-03T19:01:58.485548+00:00
raw/oil_india/tenders/raw_html_sample/CDC0049L26.html,source_1a10c81e21d92f0548f4c260,44be35eeabbe89214d2f302f22b982234ee909d5f69aba9736da8f0bc288a89d,immutable source artifact,1,source,2026-10-03T19:01:58.485548+00:00
raw/oil_india/tenders/raw_html_sample/CDC0050P26.html,source_1a10c81e21d92f0548f4c260,850ebe1bd4db33cdfe02756dde3072cdae3605f1e2d8d2c5669295c4b6c5ddf9,immutable source artifact,1,source,2026-10-03T19:01:58.485548+00:00
raw/oil_india/tenders/raw_html_sample/CDC0051P26.html,source_1a10c81e21d92f0548f4c260,44be51903e76b995db5faacedca2012474d91264a792ea5520d872028021e1a1,immutable source artifact,1,source,2026-10-03T19:01:58.485548+00:00
raw/oil_india/tenders/raw_html_sample/CDC0098P26.html,source_1a10c81e21d92f0548f4c260,1e93ef3d471075c5469340c3df8e3000f4bc4dac4b66614ae9959590b06a8992,immutable source artifact,1,source,2026-10-03T19:01:58.485548+00:00
raw/oil_india/tenders/raw_html_sample/CDC0099P26.html,source_1a10c81e21d92f0548f4c260,02d73bd36df5bbaf6e4a6bd526980ddeabe268d869f7ac1221cde66f9ee6bb0c,immutable source artifact,1,source,2026-10-03T19:01:58.485548+00:00
raw/oil_india/tenders/raw_html_sample/CDC0105L26.html,source_1a10c81e21d92f0548f4c260,6ed28a8a527dd9b4845da53acf0a05512be5a98fd4dce0781cc0c1a900b3ebd2,immutable source artifact,1,source,2026-10-03T19:01:58.485548+00:00
raw/oil_india/tenders/raw_html_sample/CDC0133L26.html,source_1a10c81e21d92f0548f4c260,9150c26149b1132de3702150b528656a196c1784162d3a1ca55f44c7cae194e3,immutable source artifact,1,source,2026-10-03T19:01:58.485548+00:00
raw/oil_india/tenders/raw_html_sample/CDC0134L26.html,source_1a10c81e21d92f0548f4c260,de4e47f534320efc0a7f1eb83160c72d5932f893e3eed39c8e88fb90c89b7456,immutable source artifact,1,source,2026-10-03T19:01:58.485548+00:00
raw/oil_india/tenders/raw_html_sample/CDC0135P26.html,source_1a10c81e21d92f0548f4c260,b43519fc9a90cb9a1a103d3e5c02b7b16279015498213a05620d4c707d7ce5ce,immutable source artifact,1,source,2026-10-03T19:01:58.485548+00:00
raw/oil_india/tenders/raw_html_sample/CDC0168L26.html,source_1a10c81e21d92f0548f4c260,dea5c663cd85098483b072a09f950e53527fff5accc32af9dd07d24e496c2878,immutable source artifact,1,source,2026-10-03T19:01:58.485548+00:00
raw/oil_india/tenders/raw_html_sample/CDC0169P26.html,source_1a10c81e21d92f0548f4c260,172970ce3be2d7f6e4fa90a5d35115a8dbe835ae42e94452dc605485498dbf86,immutable source artifact,1,source,2026-10-03T19:01:58.485548+00:00
raw/oil_india/tenders/raw_html_sample/CDC0205L26.html,source_1a10c81e21d92f0548f4c260,68348aca2034ea536749be882b2cc869f0f6dde9337aa7ff046ed69a3ae5d241,immutable source artifact,1,source,2026-10-03T19:01:58.485548+00:00
raw/oil_india/tenders/raw_html_sample/CDC0206L26.html,source_1a10c81e21d92f0548f4c260,3483f91784cad1d74774fd46f0daf09e0c0268db632ec0a018fe7b990cdbc2cb,immutable source artifact,1,source,2026-10-03T19:01:58.485548+00:00
raw/oil_india/tenders/raw_html_sample/CDC0246P26.html,source_1a10c81e21d92f0548f4c260,000665d36a768a5d180b35e8f2b41c0a3f1253b4a1ffa47fb5e9ec42daba6370,immutable source artifact,1,source,2026-10-03T19:01:58.485548+00:00
raw/oil_india/tenders/raw_html_sample/CDC0269L26.html,source_1a10c81e21d92f0548f4c260,6fab8d64fa86c5ef89401df76f29e90bf0658313207e20fbd0c76791c5fe9a1d,immutable source artifact,1,source,2026-10-03T19:01:58.485548+00:00
raw/oil_india/tenders/raw_html_sample/CDC0288L26.html,source_1a10c81e21d92f0548f4c260,f68c29a1c5f5c83387829673dc362625115ba4a5ee522076c55669850260af83,immutable source artifact,1,source,2026-10-03T19:01:58.485548+00:00
raw/oil_india/tenders/raw_html_sample/CDC0289P26.html,source_1a10c81e21d92f0548f4c260,31f8208e3f130828296a3849d85432403d5fe9097f4bbcb6ca7aa1d495a20efe,immutable source artifact,1,source,2026-10-03T19:01:58.485548+00:00
raw/oil_india/tenders/raw_html_sample/CDC0303P26.html,source_1a10c81e21d92f0548f4c260,fcb2026b6d292d79a6e1029ab169f428ed1f4d6d58c774ff0cb7bfb9ffaad8aa,immutable source artifact,1,source,2026-10-03T19:01:58.485548+00:00
raw/oil_india/tenders/raw_html_sample/CDC0316P26.html,source_1a10c81e21d92f0548f4c260,25db719a1f979a0f99a76181170baa9768ee283919b234201acf33b5272ca754,immutable source artifact,1,source,2026-10-03T19:01:58.485548+00:00
raw/oil_india/tenders/raw_html_sample/CDC0334P26.html,source_1a10c81e21d92f0548f4c260,907cd03fd3cfb3dab7526ec59c5823d1ff279d630fe59135a4322d2d8df79754,immutable source artifact,1,source,2026-10-03T19:01:58.485548+00:00
raw/oil_india/tenders/raw_html_sample/CDC0337L26.html,source_1a10c81e21d92f0548f4c260,f11b58082f096b18bdf21435e2de20ff91ae8760502bee1269855511cfc8b594,immutable source artifact,1,source,2026-10-03T19:01:58.485548+00:00
raw/oil_india/tenders/raw_html_sample/CDC0354L26.html,source_1a10c81e21d92f0548f4c260,36b20def321f843c67eaf8fb17914a4a503f2d80d36810a19770f51a8b6d04a4,immutable source artifact,1,source,2026-10-03T19:01:58.485548+00:00
raw/oil_india/tenders/raw_html_sample/CDC0355L26.html,source_1a10c81e21d92f0548f4c260,f561e6934cc1eedb48a0d2cb7a9a4b6e5d94006d4e5fdd84919bc99613b5ccc1,immutable source artifact,1,source,2026-10-03T19:01:58.485548+00:00
raw/oil_india/tenders/raw_html_sample/CDC0356P26.html,source_1a10c81e21d92f0548f4c260,50f7f55eb9ea0d7fdb0807d8941f7d09e381b58204ac0867023a54c4cda84452,immutable source artifact,1,source,2026-10-03T19:01:58.485548+00:00
raw/oil_india/tenders/raw_html_sample/CDC0366P26.html,source_1a10c81e21d92f0548f4c260,546e8b823dca762fad0b313dd2c43959f1b51919e0e9580885a15cb0c891dfe2,immutable source artifact,1,source,2026-10-03T19:01:58.485548+00:00
raw/oil_india/tenders/raw_html_sample/CDC0386P26.html,source_1a10c81e21d92f0548f4c260,7473a802958cd3d27a29c00017ff2c3aa96927fa4830d44ce3638c0710758d84,immutable source artifact,1,source,2026-10-03T19:01:58.485548+00:00
raw/oil_india/tenders/raw_html_sample/CDC0387P26.html,source_1a10c81e21d92f0548f4c260,04779a372e7d32f34b0ec4fb7929a0a26a06f37d0513b47f38ec92827085721c,immutable source artifact,1,source,2026-10-03T19:01:58.485548+00:00
raw/oil_india/tenders/raw_html_sample/CDC0388P26.html,source_1a10c81e21d92f0548f4c260,848f9072bdaa6cd384933db55e63f0724cc417c38ec145f764c14eec9260daf0,immutable source artifact,1,source,2026-10-03T19:01:58.485548+00:00
raw/oil_india/tenders/raw_html_sample/CDC0400L26.html,source_1a10c81e21d92f0548f4c260,c6efc64bd885535d2fe4fa07d44a1b231371168d3d04d774bd128900f190fedc,immutable source artifact,1,source,2026-10-03T19:01:58.485548+00:00
raw/oil_india/tenders/raw_html_sample/CDC0412P26.html,source_1a10c81e21d92f0548f4c260,539f855b3fd188316cacc932bcfa3362cc4fcfcffffa432996ce9df4c48d5a6c,immutable source artifact,1,source,2026-10-03T19:01:58.485548+00:00
raw/oil_india/tenders/raw_html_sample/CDC0415L26.html,source_1a10c81e21d92f0548f4c260,a8d6447d0135a12d77b85aced5a9043c3f7e200db03d3142a041bf6d6de1072a,immutable source artifact,1,source,2026-10-03T19:01:58.485548+00:00
raw/oil_india/tenders/raw_html_sample/CDC0421L26.html,source_1a10c81e21d92f0548f4c260,e3d30a2a63182522108e09f042cd46514f70b0173c8cf228500d20b615889832,immutable source artifact,1,source,2026-10-03T19:01:58.485548+00:00
raw/oil_india/tenders/raw_html_sample/CDC0422L26.html,source_1a10c81e21d92f0548f4c260,2f5b81d47b88daf802eb44d77d1bd2cb22fb782db1ea51cbc336c9dc1f348116,immutable source artifact,1,source,2026-10-03T19:01:58.485548+00:00
raw/oil_india/tenders/raw_html_sample/CDC0423P26.html,source_1a10c81e21d92f0548f4c260,f6319c95bed26694f66a6fa2d40000849aebf32d5915271b7a5e6a7df256ebaf,immutable source artifact,1,source,2026-10-03T19:01:58.485548+00:00
raw/oil_india/tenders/raw_html_sample/CDC0430L26.html,source_1a10c81e21d92f0548f4c260,46b48af36ce6aab7336d6a1128b35c56d0dbb40e85dfa8edb872117dcadb955e,immutable source artifact,1,source,2026-10-03T19:01:58.485548+00:00
raw/oil_india/tenders/raw_html_sample/CDC0431L26.html,source_1a10c81e21d92f0548f4c260,114f1367522dc9faeb8e063cc6cd77f947fff026ca5e4aa0481d6a2104424318,immutable source artifact,1,source,2026-10-03T19:01:58.485548+00:00
raw/oil_india/tenders/raw_html_sample/CDC0438L26.html,source_1a10c81e21d92f0548f4c260,8e588f460bf461c1b0e8ad5fb394fc10f2109574326d86c4df9a9b64de51a55c,immutable source artifact,1,source,2026-10-03T19:01:58.485548+00:00
raw/oil_india/tenders/raw_html_sample/CDC0449L26.html,source_1a10c81e21d92f0548f4c260,953e7288b4d4ca57997801e503d70f60acf92ff308c844c1f1a750dd59578b7a,immutable source artifact,1,source,2026-10-03T19:01:58.485548+00:00
raw/oil_india/tenders/tender_details.csv,source_1a10c81e21d92f0548f4c260,a4d9f24319a5bc3feaec501477c7ab5980e91de2a0ba4b9522cbd9cc3ee1e063,immutable source artifact,1,source,2026-10-03T19:01:58.485548+00:00
raw/sap/manuals/ecc_vs_s4hana_mm_overview.pdf,source_5f4650f2bc928b410dbfdb51,b835104cb87af3cf002d202e23a46054dee830e22d27245c5ce7bf1681cffdec,immutable source artifact,1,source,2026-10-03T19:01:58.485548+00:00
raw/sap/manuals/material_code_list_inventory_management.pdf,source_5f4650f2bc928b410dbfdb51,5a50b567f7ec9aae5918228529bcd9946cd632b22ac6c28884c9099d6b956abc,immutable source artifact,1,source,2026-10-03T19:01:58.485548+00:00
raw/sap/manuals/sap_material_list_code_for_product.pdf,source_5f4650f2bc928b410dbfdb51,ba74e4a44ade9515fbad14239a6f2b0f6a942b60b47598354f189f3c1acf1e91,immutable source artifact,1,source,2026-10-03T19:01:58.485548+00:00
raw/sap/manuals/sap_material_master_table_overview.pdf,source_5f4650f2bc928b410dbfdb51,1ee90021ab5a94b90ac087b4898c7f5516f8964766291abaecf2392f3e3a2cea,immutable source artifact,1,source,2026-10-03T19:01:58.485548+00:00
raw/sap/manuals/sap_mm_apps_and_transactions_list_in_sap_s4hana.pdf,source_5f4650f2bc928b410dbfdb51,ca0d30b7caccf6f003d9e8bec5de673d22139ea5dd9f8831cb2f89bcace9b314,immutable source artifact,1,source,2026-10-03T19:01:58.485548+00:00
raw/sap/manuals/sap_mm_material_management_process_t_codes.pdf,source_5f4650f2bc928b410dbfdb51,47b32bba9a8d521ebacda61605117521d9a19d03a5cb32ccb0326f4794d2bc33,immutable source artifact,1,source,2026-10-03T19:01:58.485548+00:00
raw/sap/manuals/sap_s4hana_mm_material_master.pdf,source_5f4650f2bc928b410dbfdb51,b1cc8b8a1c96b38ec7adf51dd8a76ef6661e4e32cb387812eb995eb029f077ae,immutable source artifact,1,source,2026-10-03T19:01:58.485548+00:00
raw/sap/manuals/sap_s4hana_transaction_code_list.pdf,source_5f4650f2bc928b410dbfdb51,cb2f17c05e69f3579fd26bf6074a926904d16ecb77a246d21f535c89f53273bb,immutable source artifact,1,source,2026-10-03T19:01:58.485548+00:00
raw/sap/manuals/sap_tcode_manual.pdf,source_5f4650f2bc928b410dbfdb51,58ff617c60370ab25790a448429bb6ff96c72ca724d0642f543aabf7538c3e57,immutable source artifact,1,source,2026-10-03T19:01:58.485548+00:00
reference/abbreviations/material_abbreviations.csv,source_ad2d31bf18ce6def9007ea22,25e15e82468e61d7801d146cbd92fea704ffcf22841420e153bcb88599e6f1ea,reference artifact; no derivation asserted,1,reference,2026-10-03T19:01:58.485548+00:00
reference/abbreviations/material_grades.csv,source_ad2d31bf18ce6def9007ea22,02b5377e09e731f4b73e61df0dc175910cf6c567428879aa0bb2599bdb6b7b49,reference artifact; no derivation asserted,1,reference,2026-10-03T19:01:58.485548+00:00
reference/abbreviations/pressure_classes.csv,source_ad2d31bf18ce6def9007ea22,5fa3c82743dfd65b4c0da50ce128779f272c83b9f4ef651406742363e06b8318,reference artifact; no derivation asserted,1,reference,2026-10-03T19:01:58.485548+00:00
reference/cppp_product_categories.csv,source_b538f8bc35085405433e18ff,4ace784000863b553f1b594f94e08c4499617817bb0cb44ae9acc503e9d7d077,reference artifact; no derivation asserted,1,reference,2026-10-03T19:01:58.485548+00:00
reference/cppp_product_categories.json,source_80d649c40df79b102c314f9e,4ed19281efa63ab2cfa96ba933e4b8a86539aee0176b9103202d8855f3d2a4a4,reference artifact; no derivation asserted,1,reference,2026-10-03T19:01:58.485548+00:00
reference/ntpc_locations.csv,source_8fb3e92ea73f0bd45c823a84,8dd345827c3d15b30008610ea73670be41db217b52f6adf1808086538d7c8ba7,reference artifact; no derivation asserted,1,reference,2026-10-03T19:01:58.485548+00:00
reference/units/unit_normalisation.csv,source_fc24fc71a64fce54a1cadd2f,3af60108447dd97cf9219c4e007adb515b984040f7f2cd5ebaed316512e5394e,reference artifact; no derivation asserted,1,reference,2026-10-03T19:01:58.485548+00:00
reference/unspsc/oklahoma_unspsc.csv,source_ea32786c5508f03639c9230a,e1d5ea56b11ce560fa199e4758be1dd3225a786b9cbee1734a96af8f4887b3aa,reference artifact; no derivation asserted,1,reference,2026-10-03T19:01:58.485548+00:00
reference/unspsc/onet_unspsc_26.1.txt,source_ea32786c5508f03639c9230a,d2dcdea7f54118d40628974496b741376daa796f192d62880831e3eddc5b1f5f,reference artifact; no derivation asserted,1,reference,2026-10-03T19:01:58.485548+00:00
reference/unspsc/unspsc_industrial_subset.csv,source_ea32786c5508f03639c9230a,36baeb71aec5a08fd7e9b9a6f7e68d4f0872e5fa114f72a277808f37b31c12cb,reference artifact; no derivation asserted,1,reference,2026-10-03T19:01:58.485548+00:00
reference/unspsc/unspsc_master.csv,source_ea32786c5508f03639c9230a,1263cf6e80a1f3717bdb457c92d54e271d279e41dd7218c590e878eb07442121,reference artifact; no derivation asserted,1,reference,2026-10-03T19:01:58.485548+00:00
